model,seed,window,date,condition_number
CRLX,0,571,2018-01-31,9747.02853036603
CRLX,0,571,2018-02-28,9753.652183176417
CRLX,0,571,2018-03-31,9793.09486870517
CRLX,0,571,2018-04-30,9786.236928913531
CRLX,0,571,2018-05-31,9777.577770522405
CRLX,0,571,2018-06-30,9784.675981531102
CRLX,0,571,2018-07-31,9796.295625498127
CRLX,0,571,2018-08-31,9790.295761121479
CRLX,0,571,2018-09-30,9797.47441714651
CRLX,0,571,2018-10-31,9798.491485891296
CRLX,0,571,2018-11-30,9803.83759386742
CRLX,0,571,2018-12-31,9802.945682869222
CRLX,0,571,2019-01-31,9796.899005736303
CRLX,0,571,2019-02-28,9813.786726624134
CRLX,0,571,2019-03-31,9811.26444506868
CRLX,0,571,2019-04-30,9808.030904888361
CRLX,0,571,2019-05-31,9808.947975828409
CRLX,0,571,2019-06-30,9805.701855951826
CRLX,0,571,2019-07-31,9812.660137615198
CRLX,0,571,2019-08-31,9809.343511445304
CRLX,0,571,2019-09-30,9817.992298524172
CRLX,0,571,2019-10-31,9837.70475397079
CRLX,0,571,2019-11-30,9832.46412704078
CRLX,0,571,2019-12-31,9834.02167650355
CRLX,0,571,2020-01-31,9845.457345013623
CRLX,0,571,2020-02-29,9851.094419852487
CRLX,0,571,2020-03-31,9850.065256527472
CRLX,0,571,2020-04-30,9846.569054727159
CRLX,0,571,2020-05-31,9816.93101706664
CRLX,0,571,2020-06-30,9412.159886512236
CRLX,0,571,2020-07-31,9405.358183448492
CRLX,0,571,2020-08-31,9232.458825513677
CRLX,0,571,2020-09-30,9208.6588120157
CRLX,0,571,2020-10-31,9202.851017670118
CRLX,0,571,2020-11-30,9202.757966645084
CRLX,0,571,2020-12-31,9202.325560496536
CRLX,0,571,2021-01-31,9202.25845810004
CRLX,0,571,2021-02-28,9201.15851787043
CRLX,0,571,2021-03-31,9194.492973082313
CRLX,0,571,2021-04-30,9172.749194501299
CRLX,0,571,2021-05-31,9201.496330876322
CRLX,0,571,2021-06-30,9188.14182382703
CRLX,0,571,2021-07-31,9184.555132744177
CRLX,0,571,2021-08-31,9208.299107687913
CRLX,0,571,2021-09-30,9268.42379597364
CRLX,0,571,2021-10-31,9271.344001136082
CRLX,0,571,2021-11-30,9285.672722129368
CRLX,0,571,2021-12-31,9279.691703869701
CRLX,0,571,2022-01-31,9272.186862436687
CRLX,0,571,2022-02-28,9269.181843008882
CRLX,0,571,2022-03-31,9266.965003767044
CRLX,0,571,2022-04-30,9282.266571697153
CRLX,0,571,2022-05-31,9254.70223065542
CRLX,0,571,2022-06-30,9361.55145666565
CRLX,0,571,2022-07-31,9370.444118500234
CRLX,0,571,2022-08-31,9352.511299797416
CRLX,0,571,2022-09-30,9332.060267479212
CRLX,0,571,2022-10-31,9331.538729859478
CRLX,0,571,2022-11-30,9314.019907751297
CRLX,0,571,2022-12-31,9320.83385239023
CRLX,0,571,2023-01-31,9307.509113455279
CRLX,0,571,2023-02-28,9280.152852942574
CRLX,0,571,2023-03-31,9272.760104182385
CRLX,0,571,2023-04-30,9271.898988134843
CRLX,0,571,2023-05-31,9256.763821170358
CRLX,0,571,2023-06-30,9254.58465187014
CRLX,0,571,2023-07-31,9250.567316654166
CRLX,0,571,2023-08-31,9243.584692277396
CRLX,0,571,2023-09-30,9238.010076291048
CRLX,0,571,2023-10-31,9244.245381517912
CRLX,0,571,2023-11-30,9245.589116092326
CRLX,0,571,2023-12-31,9245.59426215561
CRLX,0,571,2024-01-31,9243.394340476489
CRLX,0,571,2024-02-29,9238.23873855349
CRLX,0,571,2024-03-31,9232.921893818473
CRLX,0,571,2024-04-30,9227.416204405881
CRLX,0,571,2024-05-31,9224.078638707018
CRLX,0,571,2024-06-30,9215.345132285212
CRLX,0,571,2024-07-31,9209.289684270108
CRLX,0,571,2024-08-31,9202.883787904122
CRLX,0,571,2024-09-30,9209.238857475622
CRLX,0,571,2024-10-31,9206.077964531043
CRLX,0,571,2024-11-30,9215.245795733594
CRLX,0,571,2024-12-31,9208.883843419275
CRLX,0,571,2025-01-31,9200.63129591211
CRLX,0,571,2025-02-28,9187.21990186519
CRLX,0,571,2025-03-31,9181.352806333118
CRLX,0,571,2025-04-30,9178.00037114623
CRLX,0,571,2025-05-31,9172.787469426983
CRLX,0,571,2025-06-30,9162.964282801788
CRLX,0,571,2025-07-31,9152.929385070127
CRLX,0,571,2025-08-31,9149.626853402888
CRLX,0,571,2025-09-30,9142.844027804373
CRLX,0,571,2025-10-31,9139.267004691214
CRLX,0,571,2025-11-30,9131.507831498277
CRLX,0,571,2025-12-31,9117.473650232012
CRLX,0,571,2026-01-31,9113.695656925882
CRLX,0,571,2026-02-28,9110.62197699265
CRLX,0,571,2026-03-31,9105.105122157918
CRLX,0,571,2026-04-30,9101.02662998162
CRLX,0,571,2026-05-31,9081.346130457121
CRLX,0,571,2026-06-30,9078.514258676321
CRLX,0,571,2026-07-31,9073.5831147091
CRLX,0,571,2026-08-31,9044.5353496041
CRLX,0,120,2018-01-31,18045.08655908587
CRLX,0,120,2018-02-28,18416.77025034748
CRLX,0,120,2018-03-31,18510.47641472327
CRLX,0,120,2018-04-30,18790.444773757823
CRLX,0,120,2018-05-31,18824.352979120944
CRLX,0,120,2018-06-30,18736.343520124334
CRLX,0,120,2018-07-31,19680.363665308225
CRLX,0,120,2018-08-31,20221.534348565816
CRLX,0,120,2018-09-30,20300.544393072167
CRLX,0,120,2018-10-31,21610.389182308674
CRLX,0,120,2018-11-30,21712.90930095882
CRLX,0,120,2018-12-31,23145.488972701347
CRLX,0,120,2019-01-31,23308.209876689303
CRLX,0,120,2019-02-28,23347.767999246502
CRLX,0,120,2019-03-31,25173.826759820986
CRLX,0,120,2019-04-30,26804.63197642989
CRLX,0,120,2019-05-31,26883.723773907015
CRLX,0,120,2019-06-30,27231.467865541814
CRLX,0,120,2019-07-31,26992.403909404882
CRLX,0,120,2019-08-31,27853.14715459658
CRLX,0,120,2019-09-30,28570.273766110076
CRLX,0,120,2019-10-31,28121.7515083446
CRLX,0,120,2019-11-30,28159.44575694932
CRLX,0,120,2019-12-31,28047.306552132235
CRLX,0,120,2020-01-31,28085.033176932517
CRLX,0,120,2020-02-29,28337.275720789654
CRLX,0,120,2020-03-31,28339.086646447195
CRLX,0,120,2020-04-30,28297.254010204608
CRLX,0,120,2020-05-31,27094.85510509403
CRLX,0,120,2020-06-30,24084.756351685315
CRLX,0,120,2020-07-31,21267.834499006487
CRLX,0,120,2020-08-31,21298.624361435475
CRLX,0,120,2020-09-30,21228.69095956327
CRLX,0,120,2020-10-31,21228.979714533034
CRLX,0,120,2020-11-30,21163.47789224548
CRLX,0,120,2020-12-31,21071.124465369172
CRLX,0,120,2021-01-31,21064.337151480566
CRLX,0,120,2021-02-28,21016.87776224478
CRLX,0,120,2021-03-31,21195.069402917816
CRLX,0,120,2021-04-30,21098.818451707662
CRLX,0,120,2021-05-31,21094.616041940666
CRLX,0,120,2021-06-30,21012.49536995801
CRLX,0,120,2021-07-31,20903.199340182142
CRLX,0,120,2021-08-31,20882.045643073736
CRLX,0,120,2021-09-30,20956.383041819226
CRLX,0,120,2021-10-31,21095.15617985095
CRLX,0,120,2021-11-30,21177.655986718837
CRLX,0,120,2021-12-31,20896.263634943174
CRLX,0,120,2022-01-31,21105.848494789312
CRLX,0,120,2022-02-28,21109.114233125798
CRLX,0,120,2022-03-31,21138.352898857094
CRLX,0,120,2022-04-30,21294.95808717324
CRLX,0,120,2022-05-31,19935.4862387611
CRLX,0,120,2022-06-30,19263.50419500732
CRLX,0,120,2022-07-31,19073.48432236609
CRLX,0,120,2022-08-31,19016.041976272358
CRLX,0,120,2022-09-30,18204.83955060916
CRLX,0,120,2022-10-31,17952.4957732819
CRLX,0,120,2022-11-30,17823.010281776642
CRLX,0,120,2022-12-31,17625.39966442451
CRLX,0,120,2023-01-31,17025.179610895135
CRLX,0,120,2023-02-28,15840.489072958917
CRLX,0,120,2023-03-31,15808.610679970885
CRLX,0,120,2023-04-30,15827.018152282972
CRLX,0,120,2023-05-31,15960.934141472451
CRLX,0,120,2023-06-30,15886.05753484912
CRLX,0,120,2023-07-31,15891.759041999463
CRLX,0,120,2023-08-31,15905.997388170083
CRLX,0,120,2023-09-30,15865.935945980984
CRLX,0,120,2023-10-31,15800.527947478047
CRLX,0,120,2023-11-30,15774.781674465095
CRLX,0,120,2023-12-31,15685.920363718498
CRLX,0,120,2024-01-31,15677.689090202524
CRLX,0,120,2024-02-29,15416.820671958996
CRLX,0,120,2024-03-31,15414.309087766267
CRLX,0,120,2024-04-30,15361.092258906565
CRLX,0,120,2024-05-31,15419.546475300924
CRLX,0,120,2024-06-30,15349.856386383706
CRLX,0,120,2024-07-31,15286.997467316674
CRLX,0,120,2024-08-31,15258.103197430688
CRLX,0,120,2024-09-30,15189.384482757527
CRLX,0,120,2024-10-31,15137.074712766425
CRLX,0,120,2024-11-30,15105.345468558251
CRLX,0,120,2024-12-31,15094.462871480202
CRLX,0,120,2025-01-31,15085.200326251448
CRLX,0,120,2025-02-28,15089.38337225361
CRLX,0,120,2025-03-31,15311.9484029557
CRLX,0,120,2025-04-30,15642.114381244137
CRLX,0,120,2025-05-31,15578.002764919847
CRLX,0,120,2025-06-30,15503.900804656238
CRLX,0,120,2025-07-31,15474.02913803176
CRLX,0,120,2025-08-31,15454.241193040905
CRLX,0,120,2025-09-30,15407.373320810277
CRLX,0,120,2025-10-31,15442.208723964713
CRLX,0,120,2025-11-30,15395.20873742334
CRLX,0,120,2025-12-31,15256.085911055208
CRLX,0,120,2026-01-31,15215.312753847265
CRLX,0,120,2026-02-28,15226.05824570346
CRLX,0,120,2026-03-31,15282.21065264822
CRLX,0,120,2026-04-30,15285.260263114473
CRLX,0,120,2026-05-31,14891.937282986552
CRLX,0,120,2026-06-30,14884.220015489065
CRLX,0,120,2026-07-31,14835.599407986765
CRLX,0,120,2026-08-31,14124.70368519283
CRLX,1,571,2018-01-31,8.84047855374258e+19
CRLX,1,571,2018-02-28,8.86597997615362e+20
CRLX,1,571,2018-03-31,1.473525447152442e+22
CRLX,1,571,2018-04-30,5.920720267240391e+20
CRLX,1,571,2018-05-31,8.036886263329449e+21
CRLX,1,571,2018-06-30,8.341479387848582e+20
CRLX,1,571,2018-07-31,1.2155988907062259e+21
CRLX,1,571,2018-08-31,2.3522031813050483e+21
CRLX,1,571,2018-09-30,3.55517749607947e+21
CRLX,1,571,2018-10-31,4.525714657775754e+21
CRLX,1,571,2018-11-30,7.913250880494082e+20
CRLX,1,571,2018-12-31,3.8248414285065676e+20
CRLX,1,571,2019-01-31,5.236170777482493e+21
CRLX,1,571,2019-02-28,4.389939905540218e+21
CRLX,1,571,2019-03-31,2.980676760637694e+21
CRLX,1,571,2019-04-30,7.352076103263536e+20
CRLX,1,571,2019-05-31,2.9635302699293517e+21
CRLX,1,571,2019-06-30,4.868610614105723e+21
CRLX,1,571,2019-07-31,3.503022064459582e+21
CRLX,1,571,2019-08-31,1.428608823832325e+21
CRLX,1,571,2019-09-30,4.486217868940467e+20
CRLX,1,571,2019-10-31,8.316424147100398e+20
CRLX,1,571,2019-11-30,2.5429855876086148e+23
CRLX,1,571,2019-12-31,7.001682063386253e+21
CRLX,1,571,2020-01-31,1.2989240223997344e+21
CRLX,1,571,2020-02-29,1.4518259086144936e+21
CRLX,1,571,2020-03-31,1.2407335857511463e+20
CRLX,1,571,2020-04-30,5.564850005143868e+21
CRLX,1,571,2020-05-31,1.3109563875652212e+21
CRLX,1,571,2020-06-30,2.054178082687895e+21
CRLX,1,571,2020-07-31,5.521194403656701e+20
CRLX,1,571,2020-08-31,4.002930546513486e+20
CRLX,1,571,2020-09-30,1.159522707059228e+21
CRLX,1,571,2020-10-31,8.315667700673785e+20
CRLX,1,571,2020-11-30,1.1216890284740136e+21
CRLX,1,571,2020-12-31,5.120932635740825e+21
CRLX,1,571,2021-01-31,2.715672318074728e+20
CRLX,1,571,2021-02-28,7.305174438725042e+20
CRLX,1,571,2021-03-31,2.5432272104403616e+20
CRLX,1,571,2021-04-30,1.0764926516479246e+21
CRLX,1,571,2021-05-31,1.7733236121634806e+20
CRLX,1,571,2021-06-30,9.43407451922212e+20
CRLX,1,571,2021-07-31,5.847455527497422e+20
CRLX,1,571,2021-08-31,7.747626656305278e+21
CRLX,1,571,2021-09-30,2.5355533400408043e+21
CRLX,1,571,2021-10-31,1.0989940292052387e+22
CRLX,1,571,2021-11-30,9.97899677307106e+20
CRLX,1,571,2021-12-31,3.8693053921217437e+21
CRLX,1,571,2022-01-31,4.273608982828095e+20
CRLX,1,571,2022-02-28,1.0415980023312435e+21
CRLX,1,571,2022-03-31,9.040438194556925e+20
CRLX,1,571,2022-04-30,5.906135988905602e+20
CRLX,1,571,2022-05-31,2.0389557369312014e+22
CRLX,1,571,2022-06-30,3.339456266876047e+20
CRLX,1,571,2022-07-31,1.866180859740216e+21
CRLX,1,571,2022-08-31,5.528262345486598e+20
CRLX,1,571,2022-09-30,3.0072706724884497e+21
CRLX,1,571,2022-10-31,2.6486646085545037e+20
CRLX,1,571,2022-11-30,3.6415411365157567e+21
CRLX,1,571,2022-12-31,2.1594435546019122e+21
CRLX,1,571,2023-01-31,6.364578757191567e+20
CRLX,1,571,2023-02-28,3.293606389150359e+20
CRLX,1,571,2023-03-31,1.360239478688236e+21
CRLX,1,571,2023-04-30,4.1480669016928164e+20
CRLX,1,571,2023-05-31,6.995532635784536e+20
CRLX,1,571,2023-06-30,5.5472883655739e+21
CRLX,1,571,2023-07-31,6.877373329710833e+20
CRLX,1,571,2023-08-31,1.4419067783421983e+22
CRLX,1,571,2023-09-30,1.379081223071159e+21
CRLX,1,571,2023-10-31,1.0721983405166277e+21
CRLX,1,571,2023-11-30,9.081564081328905e+21
CRLX,1,571,2023-12-31,6.499202665717195e+20
CRLX,1,571,2024-01-31,3.580976506088466e+21
CRLX,1,571,2024-02-29,5.231205395498801e+20
CRLX,1,571,2024-03-31,8.116911376376223e+21
CRLX,1,571,2024-04-30,4.4661230555331145e+21
CRLX,1,571,2024-05-31,3.259844897288618e+20
CRLX,1,571,2024-06-30,5.505813937655656e+21
CRLX,1,571,2024-07-31,3.628492093233434e+20
CRLX,1,571,2024-08-31,1.50286733358962e+21
CRLX,1,571,2024-09-30,1.7316669865198582e+21
CRLX,1,571,2024-10-31,5.798054405589461e+20
CRLX,1,571,2024-11-30,4.631887779971668e+20
CRLX,1,571,2024-12-31,2.2660887616333126e+21
CRLX,1,571,2025-01-31,3.20605859302207e+21
CRLX,1,571,2025-02-28,5.4648637850931305e+20
CRLX,1,571,2025-03-31,2.567724367534809e+20
CRLX,1,571,2025-04-30,7.6652225845101e+22
CRLX,1,571,2025-05-31,2.7200449580351174e+22
CRLX,1,571,2025-06-30,9.349818508287967e+20
CRLX,1,571,2025-07-31,9.013561392326444e+20
CRLX,1,571,2025-08-31,6.229716973759878e+21
CRLX,1,571,2025-09-30,4.403799547018681e+21
CRLX,1,571,2025-10-31,3.2749291823537046e+21
CRLX,1,571,2025-11-30,5.615455977940401e+21
CRLX,1,571,2025-12-31,2.198704400606304e+21
CRLX,1,571,2026-01-31,2.992028618236921e+21
CRLX,1,571,2026-02-28,2.7272159803838615e+21
CRLX,1,571,2026-03-31,1.596848673212138e+21
CRLX,1,571,2026-04-30,3.550029068396916e+20
CRLX,1,571,2026-05-31,3.646896131516936e+20
CRLX,1,571,2026-06-30,3.2963377963204385e+20
CRLX,1,571,2026-07-31,8.108832060434942e+19
CRLX,1,571,2026-08-31,4.683237224386583e+20
CRLX,1,120,2018-01-31,2.40178852037803e+20
CRLX,1,120,2018-02-28,2.5749538903974373e+20
CRLX,1,120,2018-03-31,1.4711280722121476e+20
CRLX,1,120,2018-04-30,2.576130470120018e+22
CRLX,1,120,2018-05-31,5.537299916858177e+20
CRLX,1,120,2018-06-30,2.7502858364940865e+20
CRLX,1,120,2018-07-31,5.0720487818292986e+20
CRLX,1,120,2018-08-31,5.495796911358804e+20
CRLX,1,120,2018-09-30,5.120286500338379e+20
CRLX,1,120,2018-10-31,2.5169478051705186e+20
CRLX,1,120,2018-11-30,8.883878912885774e+20
CRLX,1,120,2018-12-31,1.213415253440787e+22
CRLX,1,120,2019-01-31,1.3250436734921954e+21
CRLX,1,120,2019-02-28,1.6606810744444063e+20
CRLX,1,120,2019-03-31,1.899756600694364e+20
CRLX,1,120,2019-04-30,1.5002390272536838e+20
CRLX,1,120,2019-05-31,2.1766434843001533e+20
CRLX,1,120,2019-06-30,7.284219698806066e+20
CRLX,1,120,2019-07-31,3.271005013516241e+20
CRLX,1,120,2019-08-31,4.108235302897081e+20
CRLX,1,120,2019-09-30,2.442618306268932e+20
CRLX,1,120,2019-10-31,9.833726383335444e+20
CRLX,1,120,2019-11-30,2.4221861450840015e+20
CRLX,1,120,2019-12-31,4.728621246444146e+20
CRLX,1,120,2020-01-31,4.469613928097175e+21
CRLX,1,120,2020-02-29,2.8408778593788723e+20
CRLX,1,120,2020-03-31,1.7372606390811692e+20
CRLX,1,120,2020-04-30,2.7063240262410237e+20
CRLX,1,120,2020-05-31,6.974815187925126e+20
CRLX,1,120,2020-06-30,1.3034389067368513e+21
CRLX,1,120,2020-07-31,2.121955997942588e+20
CRLX,1,120,2020-08-31,4.6878414265431884e+20
CRLX,1,120,2020-09-30,2.8842204693041834e+20
CRLX,1,120,2020-10-31,1.3761168412766936e+22
CRLX,1,120,2020-11-30,1.7525423033917665e+21
CRLX,1,120,2020-12-31,1.7011046962562725e+20
CRLX,1,120,2021-01-31,2.5859430605663964e+20
CRLX,1,120,2021-02-28,8.268826153704645e+20
CRLX,1,120,2021-03-31,1.2040366333770223e+20
CRLX,1,120,2021-04-30,7.634136944068e+20
CRLX,1,120,2021-05-31,1.4337722897282331e+20
CRLX,1,120,2021-06-30,1.2605673109730242e+20
CRLX,1,120,2021-07-31,4.168942990709263e+19
CRLX,1,120,2021-08-31,1.933140289803677e+20
CRLX,1,120,2021-09-30,8.868810780260611e+19
CRLX,1,120,2021-10-31,2.997020663528787e+20
CRLX,1,120,2021-11-30,2.322457887438573e+20
CRLX,1,120,2021-12-31,5.760706577830542e+21
CRLX,1,120,2022-01-31,2.799947479210646e+20
CRLX,1,120,2022-02-28,9.839576784884295e+19
CRLX,1,120,2022-03-31,4.007007320981252e+20
CRLX,1,120,2022-04-30,4.0833395802010373e+20
CRLX,1,120,2022-05-31,2.405089566661138e+20
CRLX,1,120,2022-06-30,5.081327770293422e+20
CRLX,1,120,2022-07-31,7.469533936200936e+20
CRLX,1,120,2022-08-31,1.6738740229439428e+21
CRLX,1,120,2022-09-30,4.2900147043826906e+20
CRLX,1,120,2022-10-31,2.8044897393053815e+21
CRLX,1,120,2022-11-30,3.682950865391673e+20
CRLX,1,120,2022-12-31,2.787784222273523e+20
CRLX,1,120,2023-01-31,2.0478869069541658e+21
CRLX,1,120,2023-02-28,3.2174147530323735e+20
CRLX,1,120,2023-03-31,4.2869896519165805e+20
CRLX,1,120,2023-04-30,2.2102092072512838e+20
CRLX,1,120,2023-05-31,9.196304848870964e+20
CRLX,1,120,2023-06-30,4.03006749487838e+20
CRLX,1,120,2023-07-31,1.366729580866104e+20
CRLX,1,120,2023-08-31,2.838620069478082e+19
CRLX,1,120,2023-09-30,6.345590646974077e+19
CRLX,1,120,2023-10-31,3.0816289612510265e+20
CRLX,1,120,2023-11-30,2.713933628723624e+20
CRLX,1,120,2023-12-31,4.24973015188748e+20
CRLX,1,120,2024-01-31,1.8022629898883915e+21
CRLX,1,120,2024-02-29,1.0431489126867209e+21
CRLX,1,120,2024-03-31,2.6624660828506135e+20
CRLX,1,120,2024-04-30,9.006678298447908e+19
CRLX,1,120,2024-05-31,1.0602602262179301e+20
CRLX,1,120,2024-06-30,3.267813605190804e+20
CRLX,1,120,2024-07-31,4.1522826079896725e+20
CRLX,1,120,2024-08-31,3.396323634456399e+19
CRLX,1,120,2024-09-30,9.302855260100254e+19
CRLX,1,120,2024-10-31,1.9591668963517586e+20
CRLX,1,120,2024-11-30,3.259096291989002e+21
CRLX,1,120,2024-12-31,1.2532218877325725e+21
CRLX,1,120,2025-01-31,8.83582219772802e+20
CRLX,1,120,2025-02-28,7.608464344954e+20
CRLX,1,120,2025-03-31,4.318560575793092e+20
CRLX,1,120,2025-04-30,1.1359785158208764e+21
CRLX,1,120,2025-05-31,3.3033295745655046e+20
CRLX,1,120,2025-06-30,3.74614032336495e+20
CRLX,1,120,2025-07-31,6.607236169915374e+21
CRLX,1,120,2025-08-31,3.1655662437097307e+21
CRLX,1,120,2025-09-30,5.7697699794484245e+20
CRLX,1,120,2025-10-31,5.66786877393016e+20
CRLX,1,120,2025-11-30,1.0956640187747946e+21
CRLX,1,120,2025-12-31,2.1438237309506764e+21
CRLX,1,120,2026-01-31,1.20665019520432e+21
CRLX,1,120,2026-02-28,5.969690874673149e+21
CRLX,1,120,2026-03-31,1.3505438165566723e+22
CRLX,1,120,2026-04-30,6.232023871101322e+20
CRLX,1,120,2026-05-31,1.3513889186591933e+22
CRLX,1,120,2026-06-30,5.467087161190905e+19
CRLX,1,120,2026-07-31,5.1007648857717925e+20
CRLX,1,120,2026-08-31,8.507067994064434e+19
CRLX,2,571,2018-01-31,3298.565880267516
CRLX,2,571,2018-02-28,3305.4330803143785
CRLX,2,571,2018-03-31,3308.500220218642
CRLX,2,571,2018-04-30,3318.0631922191005
CRLX,2,571,2018-05-31,3311.7083989470293
CRLX,2,571,2018-06-30,3310.5190484266027
CRLX,2,571,2018-07-31,3317.8227050827654
CRLX,2,571,2018-08-31,3317.803252383223
CRLX,2,571,2018-09-30,3321.4005707667307
CRLX,2,571,2018-10-31,3323.5141778787643
CRLX,2,571,2018-11-30,3321.661343016664
CRLX,2,571,2018-12-31,3318.227923246085
CRLX,2,571,2019-01-31,3312.7637369918702
CRLX,2,571,2019-02-28,3309.4537007000763
CRLX,2,571,2019-03-31,3307.77421376895
CRLX,2,571,2019-04-30,3307.965176828694
CRLX,2,571,2019-05-31,3309.0332600116944
CRLX,2,571,2019-06-30,3307.83948427428
CRLX,2,571,2019-07-31,3307.370238515882
CRLX,2,571,2019-08-31,3300.740280897825
CRLX,2,571,2019-09-30,3300.573770763939
CRLX,2,571,2019-10-31,3305.3800285518023
CRLX,2,571,2019-11-30,3299.31609217784
CRLX,2,571,2019-12-31,3301.8045367082477
CRLX,2,571,2020-01-31,3301.581769321932
CRLX,2,571,2020-02-29,3300.9866971151205
CRLX,2,571,2020-03-31,3301.174344043821
CRLX,2,571,2020-04-30,3301.821057466995
CRLX,2,571,2020-05-31,3269.196944321166
CRLX,2,571,2020-06-30,3214.025650276939
CRLX,2,571,2020-07-31,3211.6293373704534
CRLX,2,571,2020-08-31,3133.7129183261577
CRLX,2,571,2020-09-30,3117.6897244281713
CRLX,2,571,2020-10-31,3015.8172520985254
CRLX,2,571,2020-11-30,3005.5184221435293
CRLX,2,571,2020-12-31,3005.5641127032436
CRLX,2,571,2021-01-31,3002.9293327140635
CRLX,2,571,2021-02-28,3002.2385922812077
CRLX,2,571,2021-03-31,3003.0574167642553
CRLX,2,571,2021-04-30,3001.062730010929
CRLX,2,571,2021-05-31,3004.875465661296
CRLX,2,571,2021-06-30,2994.5903786515523
CRLX,2,571,2021-07-31,2993.795620570275
CRLX,2,571,2021-08-31,2993.830619514286
CRLX,2,571,2021-09-30,2995.676299878526
CRLX,2,571,2021-10-31,3003.2731480954108
CRLX,2,571,2021-11-30,3013.8491566782477
CRLX,2,571,2021-12-31,3013.374987013629
CRLX,2,571,2022-01-31,3015.8828149142023
CRLX,2,571,2022-02-28,3014.401734372018
CRLX,2,571,2022-03-31,3013.6384928427037
CRLX,2,571,2022-04-30,3025.746795003138
CRLX,2,571,2022-05-31,3026.398195070056
CRLX,2,571,2022-06-30,3022.2372438950792
CRLX,2,571,2022-07-31,3022.1692490969945
CRLX,2,571,2022-08-31,3030.84453625377
CRLX,2,571,2022-09-30,3029.3749655368633
CRLX,2,571,2022-10-31,3042.943125116577
CRLX,2,571,2022-11-30,3070.7293814892187
CRLX,2,571,2022-12-31,3067.9217779666233
CRLX,2,571,2023-01-31,3067.6068845644854
CRLX,2,571,2023-02-28,3076.78721935276
CRLX,2,571,2023-03-31,3074.4570075912834
CRLX,2,571,2023-04-30,3077.8777125529323
CRLX,2,571,2023-05-31,3080.2289341497344
CRLX,2,571,2023-06-30,3081.1828010069003
CRLX,2,571,2023-07-31,3080.935789570194
CRLX,2,571,2023-08-31,3085.784037795351
CRLX,2,571,2023-09-30,3088.6938144512064
CRLX,2,571,2023-10-31,3086.5347091681715
CRLX,2,571,2023-11-30,3090.517070641719
CRLX,2,571,2023-12-31,3087.4265408295723
CRLX,2,571,2024-01-31,3087.307139478987
CRLX,2,571,2024-02-29,3088.501593555924
CRLX,2,571,2024-03-31,3086.1236413045276
CRLX,2,571,2024-04-30,3085.408410419027
CRLX,2,571,2024-05-31,3081.1254992668546
CRLX,2,571,2024-06-30,3081.5214048727435
CRLX,2,571,2024-07-31,3080.3551624225443
CRLX,2,571,2024-08-31,3080.212905424084
CRLX,2,571,2024-09-30,3079.497919611579
CRLX,2,571,2024-10-31,3085.6030958311126
CRLX,2,571,2024-11-30,3083.6635319941383
CRLX,2,571,2024-12-31,3084.357974756548
CRLX,2,571,2025-01-31,3087.165161494709
CRLX,2,571,2025-02-28,3091.139340488434
CRLX,2,571,2025-03-31,3089.0986516074067
CRLX,2,571,2025-04-30,3083.9095987580567
CRLX,2,571,2025-05-31,3080.901178796372
CRLX,2,571,2025-06-30,3077.658049239484
CRLX,2,571,2025-07-31,3075.2450359584495
CRLX,2,571,2025-08-31,3072.2424907466825
CRLX,2,571,2025-09-30,3072.1451519170205
CRLX,2,571,2025-10-31,3071.1926720777624
CRLX,2,571,2025-11-30,3070.287859973224
CRLX,2,571,2025-12-31,3069.2539586339917
CRLX,2,571,2026-01-31,3068.994745112095
CRLX,2,571,2026-02-28,3066.6451029555874
CRLX,2,571,2026-03-31,3066.9112369267605
CRLX,2,571,2026-04-30,3071.539025425921
CRLX,2,571,2026-05-31,3068.4569751330614
CRLX,2,571,2026-06-30,3066.16729534873
CRLX,2,571,2026-07-31,3063.557846457641
CRLX,2,571,2026-08-31,3062.9332594269126
CRLX,2,120,2018-01-31,4330.755900916896
CRLX,2,120,2018-02-28,4342.444372817087
CRLX,2,120,2018-03-31,4568.019508844573
CRLX,2,120,2018-04-30,4518.599078671155
CRLX,2,120,2018-05-31,4602.321997044891
CRLX,2,120,2018-06-30,4972.541066802015
CRLX,2,120,2018-07-31,5978.848850976209
CRLX,2,120,2018-08-31,6071.824394886296
CRLX,2,120,2018-09-30,6597.195838964825
CRLX,2,120,2018-10-31,6724.158537880941
CRLX,2,120,2018-11-30,7850.980582379262
CRLX,2,120,2018-12-31,7885.528320568581
CRLX,2,120,2019-01-31,7895.427313032654
CRLX,2,120,2019-02-28,8575.491416233484
CRLX,2,120,2019-03-31,10218.63057585963
CRLX,2,120,2019-04-30,10778.620127855293
CRLX,2,120,2019-05-31,10984.569410183623
CRLX,2,120,2019-06-30,11047.021090729519
CRLX,2,120,2019-07-31,11229.587889138797
CRLX,2,120,2019-08-31,11122.922900477268
CRLX,2,120,2019-09-30,10860.522793201355
CRLX,2,120,2019-10-31,10747.684440330757
CRLX,2,120,2019-11-30,10608.996020484401
CRLX,2,120,2019-12-31,10532.355567629702
CRLX,2,120,2020-01-31,10164.510248919401
CRLX,2,120,2020-02-29,9677.472162629545
CRLX,2,120,2020-03-31,9599.998599446693
CRLX,2,120,2020-04-30,9638.6444526393
CRLX,2,120,2020-05-31,7408.332882395825
CRLX,2,120,2020-06-30,7032.219583055349
CRLX,2,120,2020-07-31,6541.577205026657
CRLX,2,120,2020-08-31,6579.19610967427
CRLX,2,120,2020-09-30,5948.437689195765
CRLX,2,120,2020-10-31,5778.141634418296
CRLX,2,120,2020-11-30,5794.084145030708
CRLX,2,120,2020-12-31,5795.210903270346
CRLX,2,120,2021-01-31,5790.627389113214
CRLX,2,120,2021-02-28,5762.582965702903
CRLX,2,120,2021-03-31,5758.760890742104
CRLX,2,120,2021-04-30,5752.1815349816825
CRLX,2,120,2021-05-31,5657.828605049356
CRLX,2,120,2021-06-30,5646.032920072012
CRLX,2,120,2021-07-31,5658.54320446574
CRLX,2,120,2021-08-31,5664.079871269847
CRLX,2,120,2021-09-30,5688.904787620438
CRLX,2,120,2021-10-31,5893.562150755211
CRLX,2,120,2021-11-30,6010.041207897827
CRLX,2,120,2021-12-31,5987.839009264974
CRLX,2,120,2022-01-31,5965.750924875817
CRLX,2,120,2022-02-28,6008.572825089254
CRLX,2,120,2022-03-31,5990.9794674259965
CRLX,2,120,2022-04-30,5950.378006645213
CRLX,2,120,2022-05-31,5982.651290034077
CRLX,2,120,2022-06-30,5962.0921752858585
CRLX,2,120,2022-07-31,5949.4488647233575
CRLX,2,120,2022-08-31,5888.34348689205
CRLX,2,120,2022-09-30,5752.060313682713
CRLX,2,120,2022-10-31,4802.814150623134
CRLX,2,120,2022-11-30,4676.002430083329
CRLX,2,120,2022-12-31,4671.962650758308
CRLX,2,120,2023-01-31,4398.40581447992
CRLX,2,120,2023-02-28,3949.8078538667055
CRLX,2,120,2023-03-31,3920.50283973863
CRLX,2,120,2023-04-30,3907.655597113368
CRLX,2,120,2023-05-31,3902.492832262027
CRLX,2,120,2023-06-30,3893.9844821448146
CRLX,2,120,2023-07-31,3875.5573967183054
CRLX,2,120,2023-08-31,3770.962341499557
CRLX,2,120,2023-09-30,3754.4567128945278
CRLX,2,120,2023-10-31,3799.113977320822
CRLX,2,120,2023-11-30,3797.9419643200235
CRLX,2,120,2023-12-31,3816.9037732700394
CRLX,2,120,2024-01-31,3807.522250771144
CRLX,2,120,2024-02-29,3808.5574961238217
CRLX,2,120,2024-03-31,3826.2427569691768
CRLX,2,120,2024-04-30,3867.1627707223474
CRLX,2,120,2024-05-31,3841.9005604673807
CRLX,2,120,2024-06-30,3854.9013213003386
CRLX,2,120,2024-07-31,3880.7862121230537
CRLX,2,120,2024-08-31,3876.7327623480796
CRLX,2,120,2024-09-30,3863.3604661538848
CRLX,2,120,2024-10-31,3862.1340466098927
CRLX,2,120,2024-11-30,3857.993333152204
CRLX,2,120,2024-12-31,3863.106526021143
CRLX,2,120,2025-01-31,3839.9449904472003
CRLX,2,120,2025-02-28,3809.909199002059
CRLX,2,120,2025-03-31,3816.5607683218464
CRLX,2,120,2025-04-30,3810.6503312885375
CRLX,2,120,2025-05-31,3805.7496716474666
CRLX,2,120,2025-06-30,3765.071039419056
CRLX,2,120,2025-07-31,3762.9209296638064
CRLX,2,120,2025-08-31,3760.2398361550104
CRLX,2,120,2025-09-30,3758.8937934290775
CRLX,2,120,2025-10-31,3772.346585168877
CRLX,2,120,2025-11-30,3785.3998589498647
CRLX,2,120,2025-12-31,3799.5163812938517
CRLX,2,120,2026-01-31,3808.1007393439586
CRLX,2,120,2026-02-28,3852.4475952880375
CRLX,2,120,2026-03-31,3878.794587735285
CRLX,2,120,2026-04-30,3909.9952763098863
CRLX,2,120,2026-05-31,3906.3332820465
CRLX,2,120,2026-06-30,3900.6268813392007
CRLX,2,120,2026-07-31,3912.6097703343694
CRLX,2,120,2026-08-31,3904.0547961134193
CRLX,3,571,2018-01-31,9700.617757392496
CRLX,3,571,2018-02-28,9700.834691875318
CRLX,3,571,2018-03-31,9692.120693221492
CRLX,3,571,2018-04-30,9708.628274416942
CRLX,3,571,2018-05-31,9700.09712049641
CRLX,3,571,2018-06-30,9699.083911120722
CRLX,3,571,2018-07-31,9716.460841849539
CRLX,3,571,2018-08-31,9724.647143734237
CRLX,3,571,2018-09-30,9730.957243258272
CRLX,3,571,2018-10-31,9721.423032013536
CRLX,3,571,2018-11-30,9735.620905056343
CRLX,3,571,2018-12-31,9730.225753114579
CRLX,3,571,2019-01-31,9725.727408422446
CRLX,3,571,2019-02-28,9706.316353392458
CRLX,3,571,2019-03-31,9712.942711972837
CRLX,3,571,2019-04-30,9699.068038959433
CRLX,3,571,2019-05-31,9681.894230646081
CRLX,3,571,2019-06-30,9679.456895341686
CRLX,3,571,2019-07-31,9665.600178361432
CRLX,3,571,2019-08-31,9658.584044621373
CRLX,3,571,2019-09-30,9643.160983107426
CRLX,3,571,2019-10-31,9653.601349114644
CRLX,3,571,2019-11-30,9637.01885928974
CRLX,3,571,2019-12-31,9628.436878117602
CRLX,3,571,2020-01-31,9617.36656724615
CRLX,3,571,2020-02-29,9617.184998622137
CRLX,3,571,2020-03-31,9613.949488092301
CRLX,3,571,2020-04-30,9601.95791516169
CRLX,3,571,2020-05-31,9596.922347143258
CRLX,3,571,2020-06-30,9561.419881066797
CRLX,3,571,2020-07-31,9556.028215777025
CRLX,3,571,2020-08-31,9482.195081180193
CRLX,3,571,2020-09-30,9495.794061463721
CRLX,3,571,2020-10-31,9494.247876067715
CRLX,3,571,2020-11-30,9497.195149118234
CRLX,3,571,2020-12-31,9498.049973179868
CRLX,3,571,2021-01-31,9503.198889822248
CRLX,3,571,2021-02-28,9502.900046792554
CRLX,3,571,2021-03-31,9496.645699377414
CRLX,3,571,2021-04-30,9499.888990295774
CRLX,3,571,2021-05-31,9595.094805431432
CRLX,3,571,2021-06-30,9610.466034354244
CRLX,3,571,2021-07-31,9577.81139122642
CRLX,3,571,2021-08-31,9570.35334147237
CRLX,3,571,2021-09-30,9537.52023751304
CRLX,3,571,2021-10-31,9540.12876695817
CRLX,3,571,2021-11-30,9573.502409379082
CRLX,3,571,2021-12-31,9582.419269494601
CRLX,3,571,2022-01-31,9569.539635753381
CRLX,3,571,2022-02-28,9521.702520869198
CRLX,3,571,2022-03-31,9526.022489968414
CRLX,3,571,2022-04-30,9526.863061593222
CRLX,3,571,2022-05-31,9487.110902091425
CRLX,3,571,2022-06-30,9514.092543925373
CRLX,3,571,2022-07-31,9469.424941333178
CRLX,3,571,2022-08-31,9557.292801647716
CRLX,3,571,2022-09-30,9512.9817443787
CRLX,3,571,2022-10-31,9543.403934938044
CRLX,3,571,2022-11-30,9506.107344761193
CRLX,3,571,2022-12-31,9518.207327112767
CRLX,3,571,2023-01-31,9494.512980458961
CRLX,3,571,2023-02-28,9473.419735010106
CRLX,3,571,2023-03-31,9460.978527501436
CRLX,3,571,2023-04-30,9453.728734000253
CRLX,3,571,2023-05-31,9444.883489783391
CRLX,3,571,2023-06-30,9437.216335935023
CRLX,3,571,2023-07-31,9441.10417139352
CRLX,3,571,2023-08-31,9414.77037864565
CRLX,3,571,2023-09-30,9407.354782002933
CRLX,3,571,2023-10-31,9398.646945266555
CRLX,3,571,2023-11-30,9435.587464493485
CRLX,3,571,2023-12-31,9441.295415683691
CRLX,3,571,2024-01-31,9450.734693281083
CRLX,3,571,2024-02-29,9441.39087331829
CRLX,3,571,2024-03-31,9433.06068946969
CRLX,3,571,2024-04-30,9404.8022357436
CRLX,3,571,2024-05-31,9386.07992439342
CRLX,3,571,2024-06-30,9379.079413889
CRLX,3,571,2024-07-31,9373.562566441527
CRLX,3,571,2024-08-31,9348.89188965191
CRLX,3,571,2024-09-30,9336.201174345455
CRLX,3,571,2024-10-31,9325.175790136123
CRLX,3,571,2024-11-30,9320.504599615782
CRLX,3,571,2024-12-31,9307.760596902706
CRLX,3,571,2025-01-31,9297.009244675506
CRLX,3,571,2025-02-28,9299.892977446061
CRLX,3,571,2025-03-31,9259.41929980623
CRLX,3,571,2025-04-30,9248.564572087225
CRLX,3,571,2025-05-31,9235.173247642184
CRLX,3,571,2025-06-30,9225.43013177465
CRLX,3,571,2025-07-31,9225.123456179694
CRLX,3,571,2025-08-31,9220.793110909577
CRLX,3,571,2025-09-30,9222.39859116571
CRLX,3,571,2025-10-31,9210.828658335904
CRLX,3,571,2025-11-30,9201.012608011992
CRLX,3,571,2025-12-31,9192.239734399309
CRLX,3,571,2026-01-31,9176.39465341588
CRLX,3,571,2026-02-28,9162.900887657162
CRLX,3,571,2026-03-31,9146.910461070718
CRLX,3,571,2026-04-30,9138.142914998722
CRLX,3,571,2026-05-31,9106.823652524874
CRLX,3,571,2026-06-30,9088.486084883754
CRLX,3,571,2026-07-31,9085.801384073382
CRLX,3,571,2026-08-31,9074.801588985736
CRLX,3,120,2018-01-31,8723.643316841473
CRLX,3,120,2018-02-28,8943.466829015577
CRLX,3,120,2018-03-31,8888.426549309563
CRLX,3,120,2018-04-30,8919.637699745592
CRLX,3,120,2018-05-31,8998.410838360152
CRLX,3,120,2018-06-30,9363.127894774276
CRLX,3,120,2018-07-31,9994.966397298294
CRLX,3,120,2018-08-31,10265.114249240925
CRLX,3,120,2018-09-30,10612.604195222622
CRLX,3,120,2018-10-31,10603.816081698022
CRLX,3,120,2018-11-30,10811.280319115118
CRLX,3,120,2018-12-31,10824.035971579224
CRLX,3,120,2019-01-31,10901.56767851448
CRLX,3,120,2019-02-28,10897.013085675922
CRLX,3,120,2019-03-31,10959.097820714764
CRLX,3,120,2019-04-30,11106.389115815171
CRLX,3,120,2019-05-31,11021.839443891988
CRLX,3,120,2019-06-30,11001.903288561582
CRLX,3,120,2019-07-31,10884.816158188196
CRLX,3,120,2019-08-31,10870.360148451551
CRLX,3,120,2019-09-30,10874.437841482226
CRLX,3,120,2019-10-31,10951.145492215745
CRLX,3,120,2019-11-30,11001.74306310333
CRLX,3,120,2019-12-31,11039.733992873023
CRLX,3,120,2020-01-31,11086.766715547159
CRLX,3,120,2020-02-29,11240.154146632593
CRLX,3,120,2020-03-31,11453.990205113718
CRLX,3,120,2020-04-30,11501.023527903815
CRLX,3,120,2020-05-31,11930.448556234072
CRLX,3,120,2020-06-30,11760.492623272989
CRLX,3,120,2020-07-31,12089.831546922664
CRLX,3,120,2020-08-31,12046.891952280617
CRLX,3,120,2020-09-30,12259.46780354949
CRLX,3,120,2020-10-31,12302.38107571265
CRLX,3,120,2020-11-30,12252.78437978195
CRLX,3,120,2020-12-31,12176.476327392127
CRLX,3,120,2021-01-31,12045.38450488725
CRLX,3,120,2021-02-28,12052.56586049252
CRLX,3,120,2021-03-31,12004.159821094321
CRLX,3,120,2021-04-30,11928.675753162239
CRLX,3,120,2021-05-31,11850.730017946855
CRLX,3,120,2021-06-30,12108.597180087407
CRLX,3,120,2021-07-31,12072.838456582678
CRLX,3,120,2021-08-31,11986.452614163234
CRLX,3,120,2021-09-30,11358.289819494672
CRLX,3,120,2021-10-31,11344.216973443265
CRLX,3,120,2021-11-30,11523.950801328678
CRLX,3,120,2021-12-31,10894.420381928352
CRLX,3,120,2022-01-31,10576.40600899987
CRLX,3,120,2022-02-28,10145.587989291304
CRLX,3,120,2022-03-31,10020.144444648386
CRLX,3,120,2022-04-30,9880.259911254892
CRLX,3,120,2022-05-31,9436.607474663364
CRLX,3,120,2022-06-30,9106.98134305819
CRLX,3,120,2022-07-31,8869.191731619681
CRLX,3,120,2022-08-31,8824.716130537505
CRLX,3,120,2022-09-30,8525.080425842405
CRLX,3,120,2022-10-31,8541.377442211424
CRLX,3,120,2022-11-30,8433.001395832907
CRLX,3,120,2022-12-31,8415.553820041825
CRLX,3,120,2023-01-31,8470.513931490663
CRLX,3,120,2023-02-28,8370.481963348519
CRLX,3,120,2023-03-31,8313.009625766865
CRLX,3,120,2023-04-30,8234.741758583667
CRLX,3,120,2023-05-31,8246.63776123868
CRLX,3,120,2023-06-30,8408.621447641146
CRLX,3,120,2023-07-31,8399.255596179308
CRLX,3,120,2023-08-31,8347.056007227866
CRLX,3,120,2023-09-30,8353.733782815969
CRLX,3,120,2023-10-31,8345.966569604676
CRLX,3,120,2023-11-30,8231.1813685122
CRLX,3,120,2023-12-31,8220.816571714646
CRLX,3,120,2024-01-31,8168.537926158172
CRLX,3,120,2024-02-29,8174.685624306321
CRLX,3,120,2024-03-31,8174.125002590504
CRLX,3,120,2024-04-30,8115.424362064247
CRLX,3,120,2024-05-31,8123.931288518645
CRLX,3,120,2024-06-30,8121.4026095850795
CRLX,3,120,2024-07-31,8175.997803021121
CRLX,3,120,2024-08-31,8128.223415649861
CRLX,3,120,2024-09-30,8126.298560775857
CRLX,3,120,2024-10-31,8145.677427045833
CRLX,3,120,2024-11-30,8173.281096579345
CRLX,3,120,2024-12-31,8120.838708921878
CRLX,3,120,2025-01-31,8150.375519454221
CRLX,3,120,2025-02-28,8194.292580604884
CRLX,3,120,2025-03-31,8893.069850576949
CRLX,3,120,2025-04-30,8850.216371597617
CRLX,3,120,2025-05-31,8808.110159712298
CRLX,3,120,2025-06-30,8745.137918533357
CRLX,3,120,2025-07-31,8770.960551634813
CRLX,3,120,2025-08-31,8848.392593938068
CRLX,3,120,2025-09-30,8830.377763639492
CRLX,3,120,2025-10-31,8876.859394938367
CRLX,3,120,2025-11-30,8979.566782929522
CRLX,3,120,2025-12-31,9021.532251453635
CRLX,3,120,2026-01-31,9027.581415581377
CRLX,3,120,2026-02-28,9053.547661174505
CRLX,3,120,2026-03-31,9121.455522037713
CRLX,3,120,2026-04-30,9182.073114184828
CRLX,3,120,2026-05-31,9128.820853242263
CRLX,3,120,2026-06-30,9063.479180106522
CRLX,3,120,2026-07-31,9159.533861452124
CRLX,3,120,2026-08-31,9050.552940456042
CRLX,4,571,2018-01-31,1.1330086248557345e+19
CRLX,4,571,2018-02-28,3.687935317709559e+19
CRLX,4,571,2018-03-31,1.9253161235300045e+19
CRLX,4,571,2018-04-30,4.648296626720219e+19
CRLX,4,571,2018-05-31,2.0122083936280658e+19
CRLX,4,571,2018-06-30,1.218506408138809e+20
CRLX,4,571,2018-07-31,5.661869643324353e+19
CRLX,4,571,2018-08-31,1.102577331789951e+21
CRLX,4,571,2018-09-30,4.003882667448795e+20
CRLX,4,571,2018-10-31,5.415799904683129e+19
CRLX,4,571,2018-11-30,9.484399245448818e+19
CRLX,4,571,2018-12-31,2.5911384651611693e+19
CRLX,4,571,2019-01-31,1.110247114951953e+19
CRLX,4,571,2019-02-28,2.1305710403422306e+19
CRLX,4,571,2019-03-31,1.992319401772092e+20
CRLX,4,571,2019-04-30,1.6610949614663952e+19
CRLX,4,571,2019-05-31,1.4608739130509658e+19
CRLX,4,571,2019-06-30,1.3170169432804313e+19
CRLX,4,571,2019-07-31,1.2635592902944387e+19
CRLX,4,571,2019-08-31,1.2390763148635943e+19
CRLX,4,571,2019-09-30,2.4830378198981284e+19
CRLX,4,571,2019-10-31,1.4132467387386272e+19
CRLX,4,571,2019-11-30,4.668903639484027e+19
CRLX,4,571,2019-12-31,3.5351136912646443e+19
CRLX,4,571,2020-01-31,1.1655644349682772e+19
CRLX,4,571,2020-02-29,9.69367164513665e+19
CRLX,4,571,2020-03-31,2.876105286981541e+19
CRLX,4,571,2020-04-30,1.9409467824587887e+19
CRLX,4,571,2020-05-31,8.554306558537016e+18
CRLX,4,571,2020-06-30,3.0096062848924393e+19
CRLX,4,571,2020-07-31,5.850379872564336e+19
CRLX,4,571,2020-08-31,2.144555135671586e+19
CRLX,4,571,2020-09-30,5.617531553642028e+19
CRLX,4,571,2020-10-31,6.741336549342107e+18
CRLX,4,571,2020-11-30,8.846499232801999e+18
CRLX,4,571,2020-12-31,5.684094690065918e+19
CRLX,4,571,2021-01-31,1.6891399075827704e+19
CRLX,4,571,2021-02-28,2.6391817402163474e+19
CRLX,4,571,2021-03-31,1.0338976537984578e+19
CRLX,4,571,2021-04-30,2.0101463791361006e+20
CRLX,4,571,2021-05-31,7.716201250927667e+20
CRLX,4,571,2021-06-30,3.95110773105659e+19
CRLX,4,571,2021-07-31,6.206778793106989e+18
CRLX,4,571,2021-08-31,1.0712195580338962e+19
CRLX,4,571,2021-09-30,5.866452879627595e+18
CRLX,4,571,2021-10-31,6.794436642250005e+19
CRLX,4,571,2021-11-30,1.1449423731623009e+20
CRLX,4,571,2021-12-31,6.964601247707858e+19
CRLX,4,571,2022-01-31,4.5901479488259736e+19
CRLX,4,571,2022-02-28,9.348538358037948e+19
CRLX,4,571,2022-03-31,2.6522231386619412e+19
CRLX,4,571,2022-04-30,8.965168401159269e+18
CRLX,4,571,2022-05-31,4.927158041925721e+19
CRLX,4,571,2022-06-30,6.431124005132854e+18
CRLX,4,571,2022-07-31,2.068812178049419e+19
CRLX,4,571,2022-08-31,1.1222188379374264e+19
CRLX,4,571,2022-09-30,7.66764702034826e+19
CRLX,4,571,2022-10-31,1.1650238420863455e+19
CRLX,4,571,2022-11-30,2.1810545068447166e+19
CRLX,4,571,2022-12-31,6.429822048458476e+21
CRLX,4,571,2023-01-31,1.4103030566509953e+20
CRLX,4,571,2023-02-28,3.50412121177518e+20
CRLX,4,571,2023-03-31,9.506275781532665e+19
CRLX,4,571,2023-04-30,1.805058822543759e+20
CRLX,4,571,2023-05-31,4.694862308610211e+19
CRLX,4,571,2023-06-30,7.78931050799455e+19
CRLX,4,571,2023-07-31,8.227326719020121e+20
CRLX,4,571,2023-08-31,7.900071177057753e+20
CRLX,4,571,2023-09-30,2.737303293496627e+20
CRLX,4,571,2023-10-31,1.1815587278100556e+19
CRLX,4,571,2023-11-30,8.665510329801258e+19
CRLX,4,571,2023-12-31,3.674459810767529e+20
CRLX,4,571,2024-01-31,9.567200253723945e+19
CRLX,4,571,2024-02-29,5.0428818112952795e+19
CRLX,4,571,2024-03-31,2.795258210388688e+19
CRLX,4,571,2024-04-30,1.040635399499448e+19
CRLX,4,571,2024-05-31,6.1733347674677035e+19
CRLX,4,571,2024-06-30,3.8385018108919094e+20
CRLX,4,571,2024-07-31,4.50971648087912e+19
CRLX,4,571,2024-08-31,2.4261352004105544e+19
CRLX,4,571,2024-09-30,5.735661648247609e+20
CRLX,4,571,2024-10-31,1.121922546595e+19
CRLX,4,571,2024-11-30,7.519355483834759e+18
CRLX,4,571,2024-12-31,5.4554271649666466e+19
CRLX,4,571,2025-01-31,1.3945952176129546e+19
CRLX,4,571,2025-02-28,6.544663316944427e+19
CRLX,4,571,2025-03-31,3.0838408482656387e+19
CRLX,4,571,2025-04-30,2.244942625925575e+19
CRLX,4,571,2025-05-31,3.4942902670475043e+19
CRLX,4,571,2025-06-30,3.330697866547321e+19
CRLX,4,571,2025-07-31,1.5148260080762075e+19
CRLX,4,571,2025-08-31,3.013147555284079e+19
CRLX,4,571,2025-09-30,2.175039173935865e+19
CRLX,4,571,2025-10-31,5.6850605384735556e+20
CRLX,4,571,2025-11-30,7.17738134370808e+19
CRLX,4,571,2025-12-31,2.2438255194885226e+19
CRLX,4,571,2026-01-31,3.430400391293107e+20
CRLX,4,571,2026-02-28,1.1726810149465481e+19
CRLX,4,571,2026-03-31,4.5807269269717254e+19
CRLX,4,571,2026-04-30,3.2724900059534127e+19
CRLX,4,571,2026-05-31,1.2179557249188964e+20
CRLX,4,571,2026-06-30,9.941577904252541e+19
CRLX,4,571,2026-07-31,1.3471437143670151e+19
CRLX,4,571,2026-08-31,6.748043784243905e+18
CRLX,4,120,2018-01-31,3.638160125046236e+19
CRLX,4,120,2018-02-28,8.377900260121472e+19
CRLX,4,120,2018-03-31,5.750952068545709e+19
CRLX,4,120,2018-04-30,3.9328761848218105e+20
CRLX,4,120,2018-05-31,8.723395012632148e+19
CRLX,4,120,2018-06-30,1.2306633434991554e+20
CRLX,4,120,2018-07-31,2.3138249549915845e+19
CRLX,4,120,2018-08-31,2.4013110360707944e+19
CRLX,4,120,2018-09-30,7.669418108551084e+19
CRLX,4,120,2018-10-31,4.8826523246271594e+19
CRLX,4,120,2018-11-30,7.830057204292716e+19
CRLX,4,120,2018-12-31,4.690132178196219e+19
CRLX,4,120,2019-01-31,4.2502577563994436e+20
CRLX,4,120,2019-02-28,3.085743673098921e+19
CRLX,4,120,2019-03-31,5.269324492267951e+20
CRLX,4,120,2019-04-30,6.7452334761108595e+19
CRLX,4,120,2019-05-31,7.058636531162175e+19
CRLX,4,120,2019-06-30,1.8754429793341453e+20
CRLX,4,120,2019-07-31,2.0703494070497214e+20
CRLX,4,120,2019-08-31,1.1914351714827873e+20
CRLX,4,120,2019-09-30,1.116553643360575e+21
CRLX,4,120,2019-10-31,1.5099552056239132e+20
CRLX,4,120,2019-11-30,6.27771699964707e+19
CRLX,4,120,2019-12-31,1.0102001292424502e+21
CRLX,4,120,2020-01-31,2.5011556748927857e+20
CRLX,4,120,2020-02-29,5.345193155496584e+20
CRLX,4,120,2020-03-31,1.1093523717648617e+20
CRLX,4,120,2020-04-30,1.2457192610199876e+20
CRLX,4,120,2020-05-31,3.47728444448874e+21
CRLX,4,120,2020-06-30,3.805144384152871e+19
CRLX,4,120,2020-07-31,2.7048703452602307e+19
CRLX,4,120,2020-08-31,8.420939418010909e+19
CRLX,4,120,2020-09-30,5.761777828043252e+19
CRLX,4,120,2020-10-31,4.194777945554846e+19
CRLX,4,120,2020-11-30,8.47859295564688e+19
CRLX,4,120,2020-12-31,2.2779202625984205e+19
CRLX,4,120,2021-01-31,1.794596050733393e+20
CRLX,4,120,2021-02-28,6.253177242104038e+19
CRLX,4,120,2021-03-31,1.0116152429339222e+20
CRLX,4,120,2021-04-30,2.6325070158980792e+19
CRLX,4,120,2021-05-31,2.8336136613461766e+19
CRLX,4,120,2021-06-30,1.929341902324913e+19
CRLX,4,120,2021-07-31,1.6218082554970284e+19
CRLX,4,120,2021-08-31,8.776567084729659e+21
CRLX,4,120,2021-09-30,6.73649970235099e+19
CRLX,4,120,2021-10-31,2.2505095764862476e+19
CRLX,4,120,2021-11-30,4.750631194122105e+19
CRLX,4,120,2021-12-31,1.0895618731261582e+21
CRLX,4,120,2022-01-31,4.8013130936027854e+20
CRLX,4,120,2022-02-28,5.527016520845163e+19
CRLX,4,120,2022-03-31,2.85425239372371e+20
CRLX,4,120,2022-04-30,1.7000161227351294e+20
CRLX,4,120,2022-05-31,2.987648733803163e+20
CRLX,4,120,2022-06-30,1.8858855832067912e+21
CRLX,4,120,2022-07-31,6.560124484137199e+20
CRLX,4,120,2022-08-31,5.2939954120646435e+19
CRLX,4,120,2022-09-30,1.0632874366974394e+20
CRLX,4,120,2022-10-31,2.639688362665032e+20
CRLX,4,120,2022-11-30,1.9415044169128886e+19
CRLX,4,120,2022-12-31,4.469375881296445e+19
CRLX,4,120,2023-01-31,1.671656718504461e+20
CRLX,4,120,2023-02-28,1.3478728615263166e+20
CRLX,4,120,2023-03-31,3.9328287420305605e+20
CRLX,4,120,2023-04-30,1.8409893389784682e+20
CRLX,4,120,2023-05-31,6.150982509862096e+19
CRLX,4,120,2023-06-30,2.3350397343959335e+19
CRLX,4,120,2023-07-31,7.64760420423022e+19
CRLX,4,120,2023-08-31,1.2317538574068811e+20
CRLX,4,120,2023-09-30,4.436319608457364e+19
CRLX,4,120,2023-10-31,7.295692570964764e+20
CRLX,4,120,2023-11-30,4.435752760173822e+19
CRLX,4,120,2023-12-31,7.522788324508143e+19
CRLX,4,120,2024-01-31,1.2119069292356184e+20
CRLX,4,120,2024-02-29,9.572463392452849e+19
CRLX,4,120,2024-03-31,3.972797823373718e+19
CRLX,4,120,2024-04-30,5.549389192300901e+19
CRLX,4,120,2024-05-31,2.0371400636412713e+20
CRLX,4,120,2024-06-30,4.05550619098838e+19
CRLX,4,120,2024-07-31,2.4712031782410908e+19
CRLX,4,120,2024-08-31,9.21725741898071e+19
CRLX,4,120,2024-09-30,9.198700105576799e+19
CRLX,4,120,2024-10-31,1.6138166941477264e+20
CRLX,4,120,2024-11-30,8.90207446298015e+19
CRLX,4,120,2024-12-31,1.4273098088505259e+20
CRLX,4,120,2025-01-31,3.508818533264737e+19
CRLX,4,120,2025-02-28,3.5115925043138645e+20
CRLX,4,120,2025-03-31,2.2914470210180793e+21
CRLX,4,120,2025-04-30,1.6109647991843874e+20
CRLX,4,120,2025-05-31,3.5343357676300538e+19
CRLX,4,120,2025-06-30,1.2989432787951629e+20
CRLX,4,120,2025-07-31,3.634593923196754e+20
CRLX,4,120,2025-08-31,1.5644986527668493e+20
CRLX,4,120,2025-09-30,1.2454924303647208e+20
CRLX,4,120,2025-10-31,8.86295482704707e+19
CRLX,4,120,2025-11-30,1.2331955293352559e+21
CRLX,4,120,2025-12-31,2.2166093722383466e+20
CRLX,4,120,2026-01-31,9.086023894405208e+20
CRLX,4,120,2026-02-28,1.82745547343826e+20
CRLX,4,120,2026-03-31,3.511715969717392e+19
CRLX,4,120,2026-04-30,3.4666545680135393e+19
CRLX,4,120,2026-05-31,5.7324723918194614e+19
CRLX,4,120,2026-06-30,1.1283293028269926e+20
CRLX,4,120,2026-07-31,5.483872717177632e+19
CRLX,4,120,2026-08-31,3.1039407103672824e+19
QR1,0,571,2018-01-31,795.7729874694401
QR1,0,571,2018-02-28,796.1959079194136
QR1,0,571,2018-03-31,798.4105235308014
QR1,0,571,2018-04-30,798.7147722861309
QR1,0,571,2018-05-31,798.9216384038475
QR1,0,571,2018-06-30,798.2839118107933
QR1,0,571,2018-07-31,797.6031546485789
QR1,0,571,2018-08-31,798.195289588875
QR1,0,571,2018-09-30,797.8696596902356
QR1,0,571,2018-10-31,798.3500123140439
QR1,0,571,2018-11-30,799.9155295831458
QR1,0,571,2018-12-31,801.4873294198825
QR1,0,571,2019-01-31,802.0829201283822
QR1,0,571,2019-02-28,802.5970334943755
QR1,0,571,2019-03-31,793.0340179389865
QR1,0,571,2019-04-30,793.1091188479224
QR1,0,571,2019-05-31,794.2186488739871
QR1,0,571,2019-06-30,793.8092381931107
QR1,0,571,2019-07-31,794.2559570695583
QR1,0,571,2019-08-31,791.1506120352485
QR1,0,571,2019-09-30,791.3042569158137
QR1,0,571,2019-10-31,791.0459483034539
QR1,0,571,2019-11-30,789.7695042408576
QR1,0,571,2019-12-31,789.7796366863461
QR1,0,571,2020-01-31,789.7547455145683
QR1,0,571,2020-02-29,790.4237296648774
QR1,0,571,2020-03-31,790.5464612383076
QR1,0,571,2020-04-30,789.8247006607473
QR1,0,571,2020-05-31,788.9200671567826
QR1,0,571,2020-06-30,782.3467326554626
QR1,0,571,2020-07-31,780.9749764554463
QR1,0,571,2020-08-31,780.8238126556614
QR1,0,571,2020-09-30,780.0841077044329
QR1,0,571,2020-10-31,780.0654754115967
QR1,0,571,2020-11-30,778.4962744695036
QR1,0,571,2020-12-31,777.9791182650894
QR1,0,571,2021-01-31,777.4121277198157
QR1,0,571,2021-02-28,777.3545908172616
QR1,0,571,2021-03-31,777.8081910810602
QR1,0,571,2021-04-30,776.9651894629739
QR1,0,571,2021-05-31,777.4889950781363
QR1,0,571,2021-06-30,777.7556714422027
QR1,0,571,2021-07-31,777.5821224242125
QR1,0,571,2021-08-31,779.5118068395212
QR1,0,571,2021-09-30,780.6323333335667
QR1,0,571,2021-10-31,788.3937717197264
QR1,0,571,2021-11-30,788.0230547470387
QR1,0,571,2021-12-31,788.3936225616962
QR1,0,571,2022-01-31,788.9611941165153
QR1,0,571,2022-02-28,789.160919234061
QR1,0,571,2022-03-31,781.9307645677125
QR1,0,571,2022-04-30,782.6535200006373
QR1,0,571,2022-05-31,772.0125899344191
QR1,0,571,2022-06-30,771.2394222099192
QR1,0,571,2022-07-31,771.581454660467
QR1,0,571,2022-08-31,769.2593000924305
QR1,0,571,2022-09-30,769.8023106502893
QR1,0,571,2022-10-31,769.029513211714
QR1,0,571,2022-11-30,777.2008250391672
QR1,0,571,2022-12-31,777.1015859683163
QR1,0,571,2023-01-31,774.5792424100113
QR1,0,571,2023-02-28,772.5798332580281
QR1,0,571,2023-03-31,756.925925678512
QR1,0,571,2023-04-30,753.5918590125958
QR1,0,571,2023-05-31,753.5060317486297
QR1,0,571,2023-06-30,753.6270587606391
QR1,0,571,2023-07-31,753.6974073497831
QR1,0,571,2023-08-31,753.943387702424
QR1,0,571,2023-09-30,754.1348240707804
QR1,0,571,2023-10-31,754.4568276786571
QR1,0,571,2023-11-30,754.1131715438185
QR1,0,571,2023-12-31,754.1138864200376
QR1,0,571,2024-01-31,753.4672897084024
QR1,0,571,2024-02-29,754.1854044899694
QR1,0,571,2024-03-31,754.2616575722659
QR1,0,571,2024-04-30,754.2199760586866
QR1,0,571,2024-05-31,755.2999840953715
QR1,0,571,2024-06-30,752.1991078940829
QR1,0,571,2024-07-31,751.9381254944974
QR1,0,571,2024-08-31,750.0442003061214
QR1,0,571,2024-09-30,750.1179152544203
QR1,0,571,2024-10-31,750.222093956874
QR1,0,571,2024-11-30,750.5435505604992
QR1,0,571,2024-12-31,750.4728855602309
QR1,0,571,2025-01-31,750.788220799934
QR1,0,571,2025-02-28,750.6035530737109
QR1,0,571,2025-03-31,749.6372740308201
QR1,0,571,2025-04-30,749.8351794720323
QR1,0,571,2025-05-31,748.4189299834087
QR1,0,571,2025-06-30,748.2179571852824
QR1,0,571,2025-07-31,747.2275071553635
QR1,0,571,2025-08-31,745.5741914080113
QR1,0,571,2025-09-30,745.0173432629842
QR1,0,571,2025-10-31,744.3445740758584
QR1,0,571,2025-11-30,744.5968222107913
QR1,0,571,2025-12-31,744.5853319898633
QR1,0,571,2026-01-31,744.8250001774982
QR1,0,571,2026-02-28,744.6962700265152
QR1,0,571,2026-03-31,744.8804867271256
QR1,0,571,2026-04-30,744.1815290147962
QR1,0,571,2026-05-31,744.1768822216005
QR1,0,571,2026-06-30,743.9522361585493
QR1,0,571,2026-07-31,744.1295419215468
QR1,0,571,2026-08-31,756.7804167676035
QR1,0,120,2018-01-31,913.9555922513181
QR1,0,120,2018-02-28,912.747089746208
QR1,0,120,2018-03-31,974.1302972092145
QR1,0,120,2018-04-30,972.2770746343891
QR1,0,120,2018-05-31,974.4698373315048
QR1,0,120,2018-06-30,968.704176899611
QR1,0,120,2018-07-31,964.8057443386152
QR1,0,120,2018-08-31,981.0470485670372
QR1,0,120,2018-09-30,1113.877933472605
QR1,0,120,2018-10-31,1114.6034701484605
QR1,0,120,2018-11-30,1117.2807103632113
QR1,0,120,2018-12-31,1122.0016108264535
QR1,0,120,2019-01-31,1131.6338661794284
QR1,0,120,2019-02-28,1136.0551090803276
QR1,0,120,2019-03-31,1052.31996918131
QR1,0,120,2019-04-30,1067.1828185163615
QR1,0,120,2019-05-31,1071.6490667422877
QR1,0,120,2019-06-30,1109.8809850408627
QR1,0,120,2019-07-31,1098.3251274493011
QR1,0,120,2019-08-31,1079.731864261553
QR1,0,120,2019-09-30,1088.653531035964
QR1,0,120,2019-10-31,1088.506990927603
QR1,0,120,2019-11-30,1078.6557798765955
QR1,0,120,2019-12-31,1083.5268920681187
QR1,0,120,2020-01-31,1084.0429460432422
QR1,0,120,2020-02-29,1085.6667554459634
QR1,0,120,2020-03-31,1087.3518294366777
QR1,0,120,2020-04-30,1074.1285677612054
QR1,0,120,2020-05-31,1065.9307750762082
QR1,0,120,2020-06-30,1062.2414232012277
QR1,0,120,2020-07-31,1064.0239170892405
QR1,0,120,2020-08-31,1065.845229570733
QR1,0,120,2020-09-30,1087.2169939364467
QR1,0,120,2020-10-31,1098.5795529495097
QR1,0,120,2020-11-30,1099.5637562986376
QR1,0,120,2020-12-31,1102.2842887981635
QR1,0,120,2021-01-31,1096.0768316530691
QR1,0,120,2021-02-28,1101.3312342680317
QR1,0,120,2021-03-31,1101.0894274148427
QR1,0,120,2021-04-30,1103.641282323562
QR1,0,120,2021-05-31,1102.5769815656656
QR1,0,120,2021-06-30,1101.9522799105234
QR1,0,120,2021-07-31,1102.0372659263282
QR1,0,120,2021-08-31,1103.2547195148604
QR1,0,120,2021-09-30,1103.3345623600014
QR1,0,120,2021-10-31,1109.6138112368485
QR1,0,120,2021-11-30,1131.4489527917578
QR1,0,120,2021-12-31,1159.7476637477828
QR1,0,120,2022-01-31,1160.46356479069
QR1,0,120,2022-02-28,1175.0342887291008
QR1,0,120,2022-03-31,1133.3105170511212
QR1,0,120,2022-04-30,1129.0752412523486
QR1,0,120,2022-05-31,1012.5382849075434
QR1,0,120,2022-06-30,988.8212270840135
QR1,0,120,2022-07-31,989.092763193979
QR1,0,120,2022-08-31,954.9402493943459
QR1,0,120,2022-09-30,939.2704505326811
QR1,0,120,2022-10-31,928.4399311595719
QR1,0,120,2022-11-30,929.7795969362054
QR1,0,120,2022-12-31,927.5993313287747
QR1,0,120,2023-01-31,910.4085439813455
QR1,0,120,2023-02-28,906.7394152517634
QR1,0,120,2023-03-31,869.6881964358516
QR1,0,120,2023-04-30,854.3938772448996
QR1,0,120,2023-05-31,853.5842169250338
QR1,0,120,2023-06-30,852.3798901444862
QR1,0,120,2023-07-31,853.6136782933162
QR1,0,120,2023-08-31,853.7780299421592
QR1,0,120,2023-09-30,853.49153822883
QR1,0,120,2023-10-31,854.7880599305217
QR1,0,120,2023-11-30,858.8242198835445
QR1,0,120,2023-12-31,856.8220849374776
QR1,0,120,2024-01-31,854.2887004024686
QR1,0,120,2024-02-29,851.2298985602843
QR1,0,120,2024-03-31,853.5514728233491
QR1,0,120,2024-04-30,858.676318359509
QR1,0,120,2024-05-31,859.6630439117321
QR1,0,120,2024-06-30,855.6055078373969
QR1,0,120,2024-07-31,857.8023371412032
QR1,0,120,2024-08-31,834.6796284928698
QR1,0,120,2024-09-30,834.2926219331132
QR1,0,120,2024-10-31,836.4918413643433
QR1,0,120,2024-11-30,836.8866393974347
QR1,0,120,2024-12-31,840.0213974140321
QR1,0,120,2025-01-31,840.7154330212402
QR1,0,120,2025-02-28,841.0890426102857
QR1,0,120,2025-03-31,836.3764641734396
QR1,0,120,2025-04-30,847.0178174207182
QR1,0,120,2025-05-31,845.3017059886561
QR1,0,120,2025-06-30,845.1301964046214
QR1,0,120,2025-07-31,825.328845806251
QR1,0,120,2025-08-31,792.6593102781655
QR1,0,120,2025-09-30,795.0086092505779
QR1,0,120,2025-10-31,792.72780711812
QR1,0,120,2025-11-30,794.0213429383585
QR1,0,120,2025-12-31,780.826831650477
QR1,0,120,2026-01-31,782.7785091147449
QR1,0,120,2026-02-28,784.416310736886
QR1,0,120,2026-03-31,785.125771608749
QR1,0,120,2026-04-30,784.7057051155244
QR1,0,120,2026-05-31,785.9633986987008
QR1,0,120,2026-06-30,785.5512031726548
QR1,0,120,2026-07-31,770.3236552687223
QR1,0,120,2026-08-31,769.5506445909404
QR1,1,571,2018-01-31,907.1835299038564
QR1,1,571,2018-02-28,907.0301077390981
QR1,1,571,2018-03-31,909.5920406863463
QR1,1,571,2018-04-30,910.4589879363738
QR1,1,571,2018-05-31,911.3332952437071
QR1,1,571,2018-06-30,911.5958370009423
QR1,1,571,2018-07-31,911.2674877590889
QR1,1,571,2018-08-31,913.0561926654905
QR1,1,571,2018-09-30,913.2411522338292
QR1,1,571,2018-10-31,913.3774639210343
QR1,1,571,2018-11-30,913.6021778318944
QR1,1,571,2018-12-31,913.9168098234549
QR1,1,571,2019-01-31,913.7947312724883
QR1,1,571,2019-02-28,913.1489864277183
QR1,1,571,2019-03-31,908.3128274028675
QR1,1,571,2019-04-30,907.0549560648544
QR1,1,571,2019-05-31,908.4828970995986
QR1,1,571,2019-06-30,909.1902210918169
QR1,1,571,2019-07-31,910.1429058070005
QR1,1,571,2019-08-31,908.7248254008566
QR1,1,571,2019-09-30,909.4410955029641
QR1,1,571,2019-10-31,908.7806175946342
QR1,1,571,2019-11-30,908.6312437028798
QR1,1,571,2019-12-31,908.4361560548766
QR1,1,571,2020-01-31,908.6160012660816
QR1,1,571,2020-02-29,908.6743020747124
QR1,1,571,2020-03-31,909.5338293673096
QR1,1,571,2020-04-30,907.4501466925283
QR1,1,571,2020-05-31,907.2009466823051
QR1,1,571,2020-06-30,897.9366964731838
QR1,1,571,2020-07-31,897.5139248012024
QR1,1,571,2020-08-31,896.838312899027
QR1,1,571,2020-09-30,896.497119804356
QR1,1,571,2020-10-31,897.3295532314236
QR1,1,571,2020-11-30,900.5167465142599
QR1,1,571,2020-12-31,900.4278028646544
QR1,1,571,2021-01-31,899.7057219850545
QR1,1,571,2021-02-28,899.5257713606187
QR1,1,571,2021-03-31,900.1452350173696
QR1,1,571,2021-04-30,900.4904925871516
QR1,1,571,2021-05-31,900.294711816849
QR1,1,571,2021-06-30,899.9827668740306
QR1,1,571,2021-07-31,900.0001110031633
QR1,1,571,2021-08-31,913.6078849737913
QR1,1,571,2021-09-30,914.0473634905808
QR1,1,571,2021-10-31,915.9199689981552
QR1,1,571,2021-11-30,916.5915032223178
QR1,1,571,2021-12-31,916.2091153270013
QR1,1,571,2022-01-31,915.7508196907812
QR1,1,571,2022-02-28,916.0813191822193
QR1,1,571,2022-03-31,913.2655762803929
QR1,1,571,2022-04-30,914.0501056177243
QR1,1,571,2022-05-31,909.6573544113938
QR1,1,571,2022-06-30,912.5145262206279
QR1,1,571,2022-07-31,913.2069862679269
QR1,1,571,2022-08-31,905.8705978936854
QR1,1,571,2022-09-30,905.483766061886
QR1,1,571,2022-10-31,906.6671556915177
QR1,1,571,2022-11-30,903.4979356710448
QR1,1,571,2022-12-31,903.084934008097
QR1,1,571,2023-01-31,904.2063690808391
QR1,1,571,2023-02-28,901.77746451899
QR1,1,571,2023-03-31,899.102716812841
QR1,1,571,2023-04-30,897.4104561439048
QR1,1,571,2023-05-31,897.386105148383
QR1,1,571,2023-06-30,896.8760177459935
QR1,1,571,2023-07-31,896.4649838674236
QR1,1,571,2023-08-31,896.5018500050965
QR1,1,571,2023-09-30,896.8424110169061
QR1,1,571,2023-10-31,897.4368715375406
QR1,1,571,2023-11-30,897.0943895158723
QR1,1,571,2023-12-31,897.1762910888386
QR1,1,571,2024-01-31,897.3011979018764
QR1,1,571,2024-02-29,896.7158522000366
QR1,1,571,2024-03-31,896.8640376406993
QR1,1,571,2024-04-30,896.8283307921776
QR1,1,571,2024-05-31,896.8662348564172
QR1,1,571,2024-06-30,893.8350750053859
QR1,1,571,2024-07-31,893.422438328641
QR1,1,571,2024-08-31,893.3817634748287
QR1,1,571,2024-09-30,894.0502258563523
QR1,1,571,2024-10-31,894.3807803640411
QR1,1,571,2024-11-30,895.0417983135726
QR1,1,571,2024-12-31,896.2059169357665
QR1,1,571,2025-01-31,896.4371018054985
QR1,1,571,2025-02-28,896.905343286664
QR1,1,571,2025-03-31,897.5227014731294
QR1,1,571,2025-04-30,897.5033448236602
QR1,1,571,2025-05-31,894.2268236936828
QR1,1,571,2025-06-30,894.8844143318498
QR1,1,571,2025-07-31,895.1523649145028
QR1,1,571,2025-08-31,895.2936297121882
QR1,1,571,2025-09-30,895.2096613743852
QR1,1,571,2025-10-31,896.2382908054012
QR1,1,571,2025-11-30,895.8080514294764
QR1,1,571,2025-12-31,895.7128234463348
QR1,1,571,2026-01-31,895.9874952259737
QR1,1,571,2026-02-28,896.4398728243615
QR1,1,571,2026-03-31,896.8341662793944
QR1,1,571,2026-04-30,893.9627410775672
QR1,1,571,2026-05-31,894.1195296514865
QR1,1,571,2026-06-30,893.9687495121758
QR1,1,571,2026-07-31,897.8127942311415
QR1,1,571,2026-08-31,901.7956860262951
QR1,1,120,2018-01-31,1056.642688630786
QR1,1,120,2018-02-28,1053.37753817468
QR1,1,120,2018-03-31,1147.5042782287671
QR1,1,120,2018-04-30,1156.6936982419352
QR1,1,120,2018-05-31,1162.9990350929593
QR1,1,120,2018-06-30,1165.8544270602392
QR1,1,120,2018-07-31,1163.218352919028
QR1,1,120,2018-08-31,1270.4336002611396
QR1,1,120,2018-09-30,1271.345072632199
QR1,1,120,2018-10-31,1270.990976829833
QR1,1,120,2018-11-30,1274.8555618878872
QR1,1,120,2018-12-31,1301.3556898493478
QR1,1,120,2019-01-31,1378.288486592128
QR1,1,120,2019-02-28,1367.6610091073783
QR1,1,120,2019-03-31,1359.5815105786144
QR1,1,120,2019-04-30,1345.8554888397518
QR1,1,120,2019-05-31,1355.56578018267
QR1,1,120,2019-06-30,1538.229496609729
QR1,1,120,2019-07-31,1622.1007455559404
QR1,1,120,2019-08-31,1663.1439635334095
QR1,1,120,2019-09-30,1726.8686787308975
QR1,1,120,2019-10-31,1705.7017679746407
QR1,1,120,2019-11-30,1707.0890423420701
QR1,1,120,2019-12-31,1707.8872625152344
QR1,1,120,2020-01-31,1710.3153229582297
QR1,1,120,2020-02-29,1723.9740918408804
QR1,1,120,2020-03-31,1735.5201908281422
QR1,1,120,2020-04-30,1712.9364993247502
QR1,1,120,2020-05-31,1714.0260212714634
QR1,1,120,2020-06-30,1674.043993443271
QR1,1,120,2020-07-31,1665.7850383245102
QR1,1,120,2020-08-31,1652.834592943354
QR1,1,120,2020-09-30,1677.6313436813339
QR1,1,120,2020-10-31,1677.460898698341
QR1,1,120,2020-11-30,1682.3426964430087
QR1,1,120,2020-12-31,1676.700438356491
QR1,1,120,2021-01-31,1657.790519497395
QR1,1,120,2021-02-28,1655.8133498101329
QR1,1,120,2021-03-31,1659.9052037253769
QR1,1,120,2021-04-30,1633.3723339852766
QR1,1,120,2021-05-31,1615.4066752647389
QR1,1,120,2021-06-30,1599.7435267659355
QR1,1,120,2021-07-31,1584.7909220674412
QR1,1,120,2021-08-31,1579.1934028309972
QR1,1,120,2021-09-30,1589.1200395400888
QR1,1,120,2021-10-31,1595.7734389346256
QR1,1,120,2021-11-30,1629.375664922404
QR1,1,120,2021-12-31,1634.258917115013
QR1,1,120,2022-01-31,1667.630775781968
QR1,1,120,2022-02-28,1669.2252520284735
QR1,1,120,2022-03-31,1677.7526375036439
QR1,1,120,2022-04-30,1669.5385588760494
QR1,1,120,2022-05-31,1569.1667800756823
QR1,1,120,2022-06-30,1562.1728322838019
QR1,1,120,2022-07-31,1562.9390765917058
QR1,1,120,2022-08-31,1509.2445474245994
QR1,1,120,2022-09-30,1496.8632637817757
QR1,1,120,2022-10-31,1498.329014442943
QR1,1,120,2022-11-30,1445.9851350628394
QR1,1,120,2022-12-31,1442.6480055435418
QR1,1,120,2023-01-31,1441.8210780524364
QR1,1,120,2023-02-28,1419.5969211514494
QR1,1,120,2023-03-31,1407.7169420381904
QR1,1,120,2023-04-30,1393.9298274557195
QR1,1,120,2023-05-31,1393.2471303232733
QR1,1,120,2023-06-30,1376.2174645952034
QR1,1,120,2023-07-31,1364.5401220056913
QR1,1,120,2023-08-31,1370.7062236328313
QR1,1,120,2023-09-30,1370.5083542951984
QR1,1,120,2023-10-31,1372.2503606614675
QR1,1,120,2023-11-30,1375.5760252038049
QR1,1,120,2023-12-31,1370.5955621349585
QR1,1,120,2024-01-31,1369.6537273041818
QR1,1,120,2024-02-29,1370.429111187706
QR1,1,120,2024-03-31,1370.6289876103797
QR1,1,120,2024-04-30,1371.074837589009
QR1,1,120,2024-05-31,1392.3110293658842
QR1,1,120,2024-06-30,1387.8656750083903
QR1,1,120,2024-07-31,1387.9106672840994
QR1,1,120,2024-08-31,1379.3270568037192
QR1,1,120,2024-09-30,1378.4627550809566
QR1,1,120,2024-10-31,1378.5413294776906
QR1,1,120,2024-11-30,1363.5021753440149
QR1,1,120,2024-12-31,1361.9197288697171
QR1,1,120,2025-01-31,1370.7214909805136
QR1,1,120,2025-02-28,1363.9794375392073
QR1,1,120,2025-03-31,1357.9335960331903
QR1,1,120,2025-04-30,1352.0676061157494
QR1,1,120,2025-05-31,1338.9578375656474
QR1,1,120,2025-06-30,1336.688820990792
QR1,1,120,2025-07-31,1334.426081722577
QR1,1,120,2025-08-31,1331.5056246665488
QR1,1,120,2025-09-30,1347.940948161096
QR1,1,120,2025-10-31,1357.6079004011604
QR1,1,120,2025-11-30,1380.2911414285436
QR1,1,120,2025-12-31,1396.4171179118853
QR1,1,120,2026-01-31,1398.1033727435204
QR1,1,120,2026-02-28,1389.0643263712898
QR1,1,120,2026-03-31,1393.038782830697
QR1,1,120,2026-04-30,1423.3387994819916
QR1,1,120,2026-05-31,1431.6947800401636
QR1,1,120,2026-06-30,1432.0493489067076
QR1,1,120,2026-07-31,1416.8443484720785
QR1,1,120,2026-08-31,1421.066266476008
QR1,2,571,2018-01-31,437.04389750628235
QR1,2,571,2018-02-28,436.66785285974936
QR1,2,571,2018-03-31,436.78545912281635
QR1,2,571,2018-04-30,436.4636698936319
QR1,2,571,2018-05-31,436.51458667796453
QR1,2,571,2018-06-30,436.04177196083157
QR1,2,571,2018-07-31,435.8409530715992
QR1,2,571,2018-08-31,436.1208105187922
QR1,2,571,2018-09-30,436.06465763185923
QR1,2,571,2018-10-31,436.1724719694693
QR1,2,571,2018-11-30,436.14314290387694
QR1,2,571,2018-12-31,435.74317298854896
QR1,2,571,2019-01-31,435.90074750555794
QR1,2,571,2019-02-28,435.79230922838263
QR1,2,571,2019-03-31,434.294923279924
QR1,2,571,2019-04-30,434.2116128491448
QR1,2,571,2019-05-31,435.5858318482459
QR1,2,571,2019-06-30,435.68791786054913
QR1,2,571,2019-07-31,436.4520638640734
QR1,2,571,2019-08-31,435.67815303261347
QR1,2,571,2019-09-30,435.7035435381748
QR1,2,571,2019-10-31,435.78251184435305
QR1,2,571,2019-11-30,435.6118675709788
QR1,2,571,2019-12-31,436.3516415986539
QR1,2,571,2020-01-31,436.63342107737725
QR1,2,571,2020-02-29,436.5267375492239
QR1,2,571,2020-03-31,436.0823383835416
QR1,2,571,2020-04-30,436.0437231499411
QR1,2,571,2020-05-31,434.88148141915497
QR1,2,571,2020-06-30,433.13968334420656
QR1,2,571,2020-07-31,432.9348301416102
QR1,2,571,2020-08-31,432.6435466794366
QR1,2,571,2020-09-30,432.5250810123375
QR1,2,571,2020-10-31,432.34923153328697
QR1,2,571,2020-11-30,431.17677104163516
QR1,2,571,2020-12-31,431.1469627766253
QR1,2,571,2021-01-31,429.8019895735434
QR1,2,571,2021-02-28,429.67952032556866
QR1,2,571,2021-03-31,429.7088713486741
QR1,2,571,2021-04-30,429.58191886674405
QR1,2,571,2021-05-31,429.15948113462167
QR1,2,571,2021-06-30,429.1313029200563
QR1,2,571,2021-07-31,429.16994027179663
QR1,2,571,2021-08-31,429.33934112988925
QR1,2,571,2021-09-30,429.9357537179087
QR1,2,571,2021-10-31,431.42421418447435
QR1,2,571,2021-11-30,431.2767032466149
QR1,2,571,2021-12-31,431.42589154621805
QR1,2,571,2022-01-31,431.535631025126
QR1,2,571,2022-02-28,431.6341312597427
QR1,2,571,2022-03-31,429.286348394679
QR1,2,571,2022-04-30,429.2791752307248
QR1,2,571,2022-05-31,426.1869017814223
QR1,2,571,2022-06-30,424.80353365518164
QR1,2,571,2022-07-31,425.8653650225133
QR1,2,571,2022-08-31,426.0806278999295
QR1,2,571,2022-09-30,426.1485672636629
QR1,2,571,2022-10-31,426.31373807037744
QR1,2,571,2022-11-30,426.7003330604524
QR1,2,571,2022-12-31,426.52518593924856
QR1,2,571,2023-01-31,426.51973256129224
QR1,2,571,2023-02-28,426.4275749104327
QR1,2,571,2023-03-31,424.45448705293205
QR1,2,571,2023-04-30,425.79042052606474
QR1,2,571,2023-05-31,425.034952350481
QR1,2,571,2023-06-30,424.99538817937326
QR1,2,571,2023-07-31,425.10208408767176
QR1,2,571,2023-08-31,425.2619601800642
QR1,2,571,2023-09-30,424.87626801027534
QR1,2,571,2023-10-31,425.07580932557937
QR1,2,571,2023-11-30,425.6536924524868
QR1,2,571,2023-12-31,425.80097056730875
QR1,2,571,2024-01-31,424.92040567276575
QR1,2,571,2024-02-29,425.46386095923305
QR1,2,571,2024-03-31,425.5370284329718
QR1,2,571,2024-04-30,425.49479240667176
QR1,2,571,2024-05-31,425.5562474379281
QR1,2,571,2024-06-30,424.48299707850475
QR1,2,571,2024-07-31,424.4385226363754
QR1,2,571,2024-08-31,424.4303685694339
QR1,2,571,2024-09-30,424.3107317868703
QR1,2,571,2024-10-31,424.32803975156617
QR1,2,571,2024-11-30,424.02919903725876
QR1,2,571,2024-12-31,424.4473848515089
QR1,2,571,2025-01-31,424.37380737182673
QR1,2,571,2025-02-28,424.17890110850726
QR1,2,571,2025-03-31,424.5268612804693
QR1,2,571,2025-04-30,424.6270966339425
QR1,2,571,2025-05-31,424.3471323999073
QR1,2,571,2025-06-30,424.85187211941445
QR1,2,571,2025-07-31,424.41633031666805
QR1,2,571,2025-08-31,425.1341068292615
QR1,2,571,2025-09-30,423.37042419865537
QR1,2,571,2025-10-31,422.5674753422778
QR1,2,571,2025-11-30,422.92385616894904
QR1,2,571,2025-12-31,423.03658858312366
QR1,2,571,2026-01-31,422.97196889974697
QR1,2,571,2026-02-28,423.0722120251292
QR1,2,571,2026-03-31,423.12894778564157
QR1,2,571,2026-04-30,422.5549316984589
QR1,2,571,2026-05-31,422.51902300813344
QR1,2,571,2026-06-30,421.82486853176493
QR1,2,571,2026-07-31,421.89542242480337
QR1,2,571,2026-08-31,426.8560398413529
QR1,2,120,2018-01-31,485.0424888781439
QR1,2,120,2018-02-28,485.1444007015803
QR1,2,120,2018-03-31,496.23613850211206
QR1,2,120,2018-04-30,493.2493821730449
QR1,2,120,2018-05-31,492.96529131987234
QR1,2,120,2018-06-30,492.39137521304224
QR1,2,120,2018-07-31,499.57863708399776
QR1,2,120,2018-08-31,501.1556652575557
QR1,2,120,2018-09-30,505.35050006828004
QR1,2,120,2018-10-31,505.4181462952802
QR1,2,120,2018-11-30,536.6837443657924
QR1,2,120,2018-12-31,539.9331554846617
QR1,2,120,2019-01-31,541.7823677026304
QR1,2,120,2019-02-28,550.3047793344651
QR1,2,120,2019-03-31,551.2570537619775
QR1,2,120,2019-04-30,555.5141580394376
QR1,2,120,2019-05-31,576.9983496268701
QR1,2,120,2019-06-30,600.9477999856397
QR1,2,120,2019-07-31,657.6879431902117
QR1,2,120,2019-08-31,738.1050969197745
QR1,2,120,2019-09-30,771.9432973419129
QR1,2,120,2019-10-31,779.3205958371682
QR1,2,120,2019-11-30,777.8377066435047
QR1,2,120,2019-12-31,772.0521595333977
QR1,2,120,2020-01-31,774.5079078307714
QR1,2,120,2020-02-29,778.0628301501043
QR1,2,120,2020-03-31,780.8950134433038
QR1,2,120,2020-04-30,779.5783853555725
QR1,2,120,2020-05-31,763.7199108605959
QR1,2,120,2020-06-30,740.7284179238511
QR1,2,120,2020-07-31,744.0025228659504
QR1,2,120,2020-08-31,742.9328061760174
QR1,2,120,2020-09-30,747.5190904417883
QR1,2,120,2020-10-31,748.3097393410446
QR1,2,120,2020-11-30,744.0191964156478
QR1,2,120,2020-12-31,744.9885795296816
QR1,2,120,2021-01-31,733.3397697305762
QR1,2,120,2021-02-28,728.9230450908208
QR1,2,120,2021-03-31,732.1533269552441
QR1,2,120,2021-04-30,736.8532028333925
QR1,2,120,2021-05-31,713.3577098869611
QR1,2,120,2021-06-30,707.3228551791132
QR1,2,120,2021-07-31,702.8977222232875
QR1,2,120,2021-08-31,705.8618699301315
QR1,2,120,2021-09-30,702.5437928679705
QR1,2,120,2021-10-31,699.7225463648857
QR1,2,120,2021-11-30,701.4895374616027
QR1,2,120,2021-12-31,705.2582640058947
QR1,2,120,2022-01-31,710.1866538486734
QR1,2,120,2022-02-28,709.9805047484678
QR1,2,120,2022-03-31,687.1056929326589
QR1,2,120,2022-04-30,686.2045418910484
QR1,2,120,2022-05-31,636.2405349222107
QR1,2,120,2022-06-30,611.0907733772448
QR1,2,120,2022-07-31,610.9392876755834
QR1,2,120,2022-08-31,607.6358308480308
QR1,2,120,2022-09-30,611.1505034658602
QR1,2,120,2022-10-31,609.9969080252774
QR1,2,120,2022-11-30,610.4445409305199
QR1,2,120,2022-12-31,609.0040069691762
QR1,2,120,2023-01-31,599.5090574492293
QR1,2,120,2023-02-28,593.6380536556255
QR1,2,120,2023-03-31,586.8402167574076
QR1,2,120,2023-04-30,582.8649381883698
QR1,2,120,2023-05-31,576.9499502946198
QR1,2,120,2023-06-30,570.9592393012405
QR1,2,120,2023-07-31,567.0987212930378
QR1,2,120,2023-08-31,567.8966300876722
QR1,2,120,2023-09-30,561.1178739941869
QR1,2,120,2023-10-31,561.1124895148869
QR1,2,120,2023-11-30,564.7803417320184
QR1,2,120,2023-12-31,562.4022658404922
QR1,2,120,2024-01-31,559.1962986550897
QR1,2,120,2024-02-29,554.7436769466068
QR1,2,120,2024-03-31,555.0672220726279
QR1,2,120,2024-04-30,555.1165455167588
QR1,2,120,2024-05-31,558.9863293338958
QR1,2,120,2024-06-30,555.4748080983726
QR1,2,120,2024-07-31,554.7438064481224
QR1,2,120,2024-08-31,552.6239320238409
QR1,2,120,2024-09-30,553.8984387776148
QR1,2,120,2024-10-31,555.2047903856512
QR1,2,120,2024-11-30,544.9111113377716
QR1,2,120,2024-12-31,544.6921072887674
QR1,2,120,2025-01-31,544.4939108081326
QR1,2,120,2025-02-28,545.7199547043032
QR1,2,120,2025-03-31,550.5541975751969
QR1,2,120,2025-04-30,542.0816954020047
QR1,2,120,2025-05-31,540.8696098384338
QR1,2,120,2025-06-30,540.6403005379998
QR1,2,120,2025-07-31,529.7805129881083
QR1,2,120,2025-08-31,530.276627700191
QR1,2,120,2025-09-30,534.401762033507
QR1,2,120,2025-10-31,530.2933708854623
QR1,2,120,2025-11-30,531.5566279716518
QR1,2,120,2025-12-31,524.5155313570991
QR1,2,120,2026-01-31,524.7460806531136
QR1,2,120,2026-02-28,524.6032257451503
QR1,2,120,2026-03-31,525.8542981671728
QR1,2,120,2026-04-30,528.4691910399557
QR1,2,120,2026-05-31,531.0946188336737
QR1,2,120,2026-06-30,530.8115950768864
QR1,2,120,2026-07-31,525.7444630602728
QR1,2,120,2026-08-31,523.2576406410964
QR1,3,571,2018-01-31,569.198495701433
QR1,3,571,2018-02-28,569.7239947484414
QR1,3,571,2018-03-31,571.3938933655688
QR1,3,571,2018-04-30,571.7170904884413
QR1,3,571,2018-05-31,571.8354156317389
QR1,3,571,2018-06-30,571.9868835119047
QR1,3,571,2018-07-31,571.5886620938246
QR1,3,571,2018-08-31,571.3414733228673
QR1,3,571,2018-09-30,571.9786122968844
QR1,3,571,2018-10-31,572.6188341414837
QR1,3,571,2018-11-30,573.0424980182277
QR1,3,571,2018-12-31,573.2867578136729
QR1,3,571,2019-01-31,573.9336329359813
QR1,3,571,2019-02-28,572.6226235886484
QR1,3,571,2019-03-31,569.7079701204644
QR1,3,571,2019-04-30,567.4688658173694
QR1,3,571,2019-05-31,568.7363569446761
QR1,3,571,2019-06-30,570.3713406210227
QR1,3,571,2019-07-31,571.9550241471576
QR1,3,571,2019-08-31,570.2811436274984
QR1,3,571,2019-09-30,570.8371298238784
QR1,3,571,2019-10-31,571.5478560321508
QR1,3,571,2019-11-30,571.8010567371463
QR1,3,571,2019-12-31,571.6644862325417
QR1,3,571,2020-01-31,571.6560826832449
QR1,3,571,2020-02-29,571.5760639596485
QR1,3,571,2020-03-31,571.6404305779463
QR1,3,571,2020-04-30,570.0634911327952
QR1,3,571,2020-05-31,569.2059170708569
QR1,3,571,2020-06-30,541.6171815527905
QR1,3,571,2020-07-31,539.8366387272688
QR1,3,571,2020-08-31,539.4522865207464
QR1,3,571,2020-09-30,539.1586689937928
QR1,3,571,2020-10-31,538.8954629016257
QR1,3,571,2020-11-30,540.2517788310673
QR1,3,571,2020-12-31,540.2853001245363
QR1,3,571,2021-01-31,540.117136445754
QR1,3,571,2021-02-28,539.734074261687
QR1,3,571,2021-03-31,540.3352320039826
QR1,3,571,2021-04-30,540.1393799935075
QR1,3,571,2021-05-31,539.9768791097787
QR1,3,571,2021-06-30,540.1708927770644
QR1,3,571,2021-07-31,540.2070095604994
QR1,3,571,2021-08-31,545.4534922578787
QR1,3,571,2021-09-30,545.8527844247741
QR1,3,571,2021-10-31,546.0327481165602
QR1,3,571,2021-11-30,546.3073106407122
QR1,3,571,2021-12-31,546.6101472229155
QR1,3,571,2022-01-31,546.38790624472
QR1,3,571,2022-02-28,546.5059326991276
QR1,3,571,2022-03-31,545.8815047547313
QR1,3,571,2022-04-30,544.7430986441889
QR1,3,571,2022-05-31,542.7107710278913
QR1,3,571,2022-06-30,545.121135118511
QR1,3,571,2022-07-31,545.4588862465489
QR1,3,571,2022-08-31,542.4699301128752
QR1,3,571,2022-09-30,542.6153477101655
QR1,3,571,2022-10-31,543.0971306651815
QR1,3,571,2022-11-30,542.9165300547625
QR1,3,571,2022-12-31,542.9766973432403
QR1,3,571,2023-01-31,543.287494028328
QR1,3,571,2023-02-28,541.7300990917669
QR1,3,571,2023-03-31,541.1898215647135
QR1,3,571,2023-04-30,542.0041822923952
QR1,3,571,2023-05-31,542.2247618256475
QR1,3,571,2023-06-30,541.7643317248244
QR1,3,571,2023-07-31,541.9452820918161
QR1,3,571,2023-08-31,542.5436115339309
QR1,3,571,2023-09-30,542.6162180069016
QR1,3,571,2023-10-31,544.6038895247145
QR1,3,571,2023-11-30,545.2657543255
QR1,3,571,2023-12-31,546.2500104416349
QR1,3,571,2024-01-31,546.5585896065329
QR1,3,571,2024-02-29,546.2143431502103
QR1,3,571,2024-03-31,546.4020200285887
QR1,3,571,2024-04-30,546.765997970233
QR1,3,571,2024-05-31,546.8207242725816
QR1,3,571,2024-06-30,545.5754931472659
QR1,3,571,2024-07-31,544.7910958281961
QR1,3,571,2024-08-31,544.6484683420624
QR1,3,571,2024-09-30,545.1209957496196
QR1,3,571,2024-10-31,545.3662962915137
QR1,3,571,2024-11-30,546.7530946946256
QR1,3,571,2024-12-31,546.8759474555753
QR1,3,571,2025-01-31,546.7778020960675
QR1,3,571,2025-02-28,546.9232378357515
QR1,3,571,2025-03-31,547.2267838828868
QR1,3,571,2025-04-30,547.1783538505191
QR1,3,571,2025-05-31,544.1911125277239
QR1,3,571,2025-06-30,543.9107110234816
QR1,3,571,2025-07-31,543.4199465349534
QR1,3,571,2025-08-31,543.3023930378157
QR1,3,571,2025-09-30,543.3398299652355
QR1,3,571,2025-10-31,543.1799436387704
QR1,3,571,2025-11-30,543.2662223314238
QR1,3,571,2025-12-31,543.2820303894404
QR1,3,571,2026-01-31,544.0163529959974
QR1,3,571,2026-02-28,544.5079999719992
QR1,3,571,2026-03-31,544.953828478481
QR1,3,571,2026-04-30,544.8142935990198
QR1,3,571,2026-05-31,544.7508699286591
QR1,3,571,2026-06-30,544.9699405233654
QR1,3,571,2026-07-31,546.2455682920462
QR1,3,571,2026-08-31,546.8017489123923
QR1,3,120,2018-01-31,776.143262792368
QR1,3,120,2018-02-28,774.0636438883331
QR1,3,120,2018-03-31,832.7821834804168
QR1,3,120,2018-04-30,840.9744804228882
QR1,3,120,2018-05-31,834.1240731335203
QR1,3,120,2018-06-30,835.1546885779826
QR1,3,120,2018-07-31,830.0953068420464
QR1,3,120,2018-08-31,885.9974295399267
QR1,3,120,2018-09-30,884.5327353399302
QR1,3,120,2018-10-31,890.4542326240704
QR1,3,120,2018-11-30,912.6324488346975
QR1,3,120,2018-12-31,986.1329712882701
QR1,3,120,2019-01-31,1085.372322550701
QR1,3,120,2019-02-28,1036.114600339312
QR1,3,120,2019-03-31,1012.6913825598791
QR1,3,120,2019-04-30,1005.3460422360242
QR1,3,120,2019-05-31,1027.2864808873653
QR1,3,120,2019-06-30,1030.97685858028
QR1,3,120,2019-07-31,1062.804772677052
QR1,3,120,2019-08-31,1109.789955502595
QR1,3,120,2019-09-30,1105.8265197331816
QR1,3,120,2019-10-31,1119.4804673708502
QR1,3,120,2019-11-30,1124.9223088973542
QR1,3,120,2019-12-31,1136.6938172424084
QR1,3,120,2020-01-31,1131.547235152777
QR1,3,120,2020-02-29,1135.203231052751
QR1,3,120,2020-03-31,1139.3540898421477
QR1,3,120,2020-04-30,1098.9399171892164
QR1,3,120,2020-05-31,1094.3559255513512
QR1,3,120,2020-06-30,769.1068427028392
QR1,3,120,2020-07-31,763.6491063667678
QR1,3,120,2020-08-31,764.3063957346378
QR1,3,120,2020-09-30,763.1607740258953
QR1,3,120,2020-10-31,757.3878812053218
QR1,3,120,2020-11-30,753.7831386746183
QR1,3,120,2020-12-31,754.4744219931622
QR1,3,120,2021-01-31,752.4507481777094
QR1,3,120,2021-02-28,751.7803943343985
QR1,3,120,2021-03-31,751.5836789794215
QR1,3,120,2021-04-30,739.1310836133217
QR1,3,120,2021-05-31,737.6734520360781
QR1,3,120,2021-06-30,736.663497908606
QR1,3,120,2021-07-31,735.911295174571
QR1,3,120,2021-08-31,734.6223226729616
QR1,3,120,2021-09-30,733.4253940237147
QR1,3,120,2021-10-31,736.0970911076747
QR1,3,120,2021-11-30,746.1337493165028
QR1,3,120,2021-12-31,828.0493418704561
QR1,3,120,2022-01-31,825.8436472447349
QR1,3,120,2022-02-28,826.6994374205717
QR1,3,120,2022-03-31,848.0837630944388
QR1,3,120,2022-04-30,810.8787313363007
QR1,3,120,2022-05-31,763.9594849047172
QR1,3,120,2022-06-30,757.6456208497934
QR1,3,120,2022-07-31,766.7795999208292
QR1,3,120,2022-08-31,720.6007474269703
QR1,3,120,2022-09-30,710.871887109157
QR1,3,120,2022-10-31,710.431084337074
QR1,3,120,2022-11-30,671.842808468713
QR1,3,120,2022-12-31,669.8348221649633
QR1,3,120,2023-01-31,662.4636176977801
QR1,3,120,2023-02-28,660.5216366878091
QR1,3,120,2023-03-31,653.2622009074212
QR1,3,120,2023-04-30,653.3123056142314
QR1,3,120,2023-05-31,652.8248464311363
QR1,3,120,2023-06-30,648.74865971573
QR1,3,120,2023-07-31,643.0018712988565
QR1,3,120,2023-08-31,642.362844951953
QR1,3,120,2023-09-30,643.4482473965447
QR1,3,120,2023-10-31,645.1977965712066
QR1,3,120,2023-11-30,645.7778914307289
QR1,3,120,2023-12-31,645.777170140138
QR1,3,120,2024-01-31,645.0587391302527
QR1,3,120,2024-02-29,644.5642245798444
QR1,3,120,2024-03-31,644.2834514615167
QR1,3,120,2024-04-30,645.2972057639873
QR1,3,120,2024-05-31,645.1728265975087
QR1,3,120,2024-06-30,641.8737331152878
QR1,3,120,2024-07-31,634.9488309350842
QR1,3,120,2024-08-31,633.649088571623
QR1,3,120,2024-09-30,629.0735157630794
QR1,3,120,2024-10-31,627.6602282173071
QR1,3,120,2024-11-30,627.1953855600913
QR1,3,120,2024-12-31,629.1534941522317
QR1,3,120,2025-01-31,627.7634853751938
QR1,3,120,2025-02-28,628.4082856008459
QR1,3,120,2025-03-31,627.3011744181249
QR1,3,120,2025-04-30,629.5183328627196
QR1,3,120,2025-05-31,617.6448330919329
QR1,3,120,2025-06-30,616.5352906705255
QR1,3,120,2025-07-31,607.5200839807194
QR1,3,120,2025-08-31,598.767155280095
QR1,3,120,2025-09-30,599.2107735409955
QR1,3,120,2025-10-31,604.9588613399269
QR1,3,120,2025-11-30,608.2441460319537
QR1,3,120,2025-12-31,597.9194396924353
QR1,3,120,2026-01-31,598.4610878489062
QR1,3,120,2026-02-28,600.873022077451
QR1,3,120,2026-03-31,604.1313427336702
QR1,3,120,2026-04-30,608.9894272899048
QR1,3,120,2026-05-31,600.9021503671946
QR1,3,120,2026-06-30,585.9070296440725
QR1,3,120,2026-07-31,586.5660668779803
QR1,3,120,2026-08-31,586.83344316135
QR1,4,571,2018-01-31,843.4857588004646
QR1,4,571,2018-02-28,845.1117638553728
QR1,4,571,2018-03-31,845.6819467418907
QR1,4,571,2018-04-30,846.2495065257506
QR1,4,571,2018-05-31,848.680287670113
QR1,4,571,2018-06-30,849.0560343394021
QR1,4,571,2018-07-31,849.1003431732985
QR1,4,571,2018-08-31,849.2885346772501
QR1,4,571,2018-09-30,849.4971413707353
QR1,4,571,2018-10-31,849.5059723190026
QR1,4,571,2018-11-30,849.5174138748337
QR1,4,571,2018-12-31,849.5450450009514
QR1,4,571,2019-01-31,849.5487793206248
QR1,4,571,2019-02-28,849.4852755229397
QR1,4,571,2019-03-31,848.9391982612506
QR1,4,571,2019-04-30,849.1748011820005
QR1,4,571,2019-05-31,848.9401914920055
QR1,4,571,2019-06-30,849.3022814854335
QR1,4,571,2019-07-31,850.0513244502079
QR1,4,571,2019-08-31,850.4630792434779
QR1,4,571,2019-09-30,850.6609852704876
QR1,4,571,2019-10-31,850.4645407261328
QR1,4,571,2019-11-30,850.5795731957668
QR1,4,571,2019-12-31,850.4322539469049
QR1,4,571,2020-01-31,849.9469023571896
QR1,4,571,2020-02-29,850.1386931928454
QR1,4,571,2020-03-31,850.1109636325841
QR1,4,571,2020-04-30,848.3862856085797
QR1,4,571,2020-05-31,847.5268601881127
QR1,4,571,2020-06-30,845.3443876654187
QR1,4,571,2020-07-31,844.3385743489058
QR1,4,571,2020-08-31,841.8901787120167
QR1,4,571,2020-09-30,841.5364615017447
QR1,4,571,2020-10-31,840.9800055755835
QR1,4,571,2020-11-30,841.1523578723906
QR1,4,571,2020-12-31,841.4187146235704
QR1,4,571,2021-01-31,841.1287968918516
QR1,4,571,2021-02-28,841.6116591896337
QR1,4,571,2021-03-31,842.3636376129522
QR1,4,571,2021-04-30,842.6121901386714
QR1,4,571,2021-05-31,842.5504534802731
QR1,4,571,2021-06-30,842.4433730318616
QR1,4,571,2021-07-31,843.3031512566021
QR1,4,571,2021-08-31,844.2659127071621
QR1,4,571,2021-09-30,844.9327638784256
QR1,4,571,2021-10-31,845.7806483599202
QR1,4,571,2021-11-30,845.9755422102227
QR1,4,571,2021-12-31,847.8986828223575
QR1,4,571,2022-01-31,848.7393681652084
QR1,4,571,2022-02-28,849.5201319912834
QR1,4,571,2022-03-31,850.962880240636
QR1,4,571,2022-04-30,852.3109018681974
QR1,4,571,2022-05-31,847.2534323409105
QR1,4,571,2022-06-30,847.2320156440047
QR1,4,571,2022-07-31,847.2514247322828
QR1,4,571,2022-08-31,847.0139427644762
QR1,4,571,2022-09-30,847.3138813005019
QR1,4,571,2022-10-31,850.0080818855447
QR1,4,571,2022-11-30,849.1816452087303
QR1,4,571,2022-12-31,848.2292372188733
QR1,4,571,2023-01-31,847.8183108947119
QR1,4,571,2023-02-28,844.7966606891471
QR1,4,571,2023-03-31,844.4224503184041
QR1,4,571,2023-04-30,843.7255510992171
QR1,4,571,2023-05-31,841.1116529506903
QR1,4,571,2023-06-30,841.6465550356934
QR1,4,571,2023-07-31,841.9105194874911
QR1,4,571,2023-08-31,843.6638443332247
QR1,4,571,2023-09-30,844.6364463038124
QR1,4,571,2023-10-31,844.7710156264548
QR1,4,571,2023-11-30,845.5003283562784
QR1,4,571,2023-12-31,845.6544539418516
QR1,4,571,2024-01-31,845.3796586447008
QR1,4,571,2024-02-29,846.8597513710054
QR1,4,571,2024-03-31,846.8025111880722
QR1,4,571,2024-04-30,846.8235290668482
QR1,4,571,2024-05-31,847.5893689502778
QR1,4,571,2024-06-30,847.3505056581049
QR1,4,571,2024-07-31,847.6383016355965
QR1,4,571,2024-08-31,846.621257456182
QR1,4,571,2024-09-30,846.7824962513329
QR1,4,571,2024-10-31,848.3873204803093
QR1,4,571,2024-11-30,849.1302903319856
QR1,4,571,2024-12-31,849.4830752077801
QR1,4,571,2025-01-31,849.8614013074501
QR1,4,571,2025-02-28,850.7505186621706
QR1,4,571,2025-03-31,850.2969748741053
QR1,4,571,2025-04-30,850.8779256698108
QR1,4,571,2025-05-31,847.1495958685397
QR1,4,571,2025-06-30,847.0625643970053
QR1,4,571,2025-07-31,844.9320698424011
QR1,4,571,2025-08-31,844.9886859985274
QR1,4,571,2025-09-30,844.0458854848492
QR1,4,571,2025-10-31,844.7375200547935
QR1,4,571,2025-11-30,845.0108452014465
QR1,4,571,2025-12-31,845.3487874772671
QR1,4,571,2026-01-31,847.0473221182286
QR1,4,571,2026-02-28,848.0598017412818
QR1,4,571,2026-03-31,848.3242877290104
QR1,4,571,2026-04-30,848.8627245649444
QR1,4,571,2026-05-31,849.1494351308794
QR1,4,571,2026-06-30,846.3811874594887
QR1,4,571,2026-07-31,845.5789643733692
QR1,4,571,2026-08-31,846.9544611000456
QR1,4,120,2018-01-31,1175.11188577675
QR1,4,120,2018-02-28,1202.7865493344852
QR1,4,120,2018-03-31,1211.6157269620953
QR1,4,120,2018-04-30,1218.3287629956899
QR1,4,120,2018-05-31,1217.810984851876
QR1,4,120,2018-06-30,1198.2172532672955
QR1,4,120,2018-07-31,1181.9239944004971
QR1,4,120,2018-08-31,1214.4082522291346
QR1,4,120,2018-09-30,1217.6204151808947
QR1,4,120,2018-10-31,1222.2419972220382
QR1,4,120,2018-11-30,1279.6525128792514
QR1,4,120,2018-12-31,1287.202398435599
QR1,4,120,2019-01-31,1536.8074734611605
QR1,4,120,2019-02-28,1539.6541510765169
QR1,4,120,2019-03-31,1545.7030398990898
QR1,4,120,2019-04-30,1632.069416736695
QR1,4,120,2019-05-31,1897.2109517583679
QR1,4,120,2019-06-30,1925.6897581449339
QR1,4,120,2019-07-31,2124.469100747316
QR1,4,120,2019-08-31,2766.419554166065
QR1,4,120,2019-09-30,3202.544555856505
QR1,4,120,2019-10-31,3335.622137225951
QR1,4,120,2019-11-30,3362.050703060416
QR1,4,120,2019-12-31,3378.8055520083776
QR1,4,120,2020-01-31,3363.1536352333237
QR1,4,120,2020-02-29,3391.7589667791444
QR1,4,120,2020-03-31,3404.361564235126
QR1,4,120,2020-04-30,3380.2687491102283
QR1,4,120,2020-05-31,3298.9100386202513
QR1,4,120,2020-06-30,3120.843503063533
QR1,4,120,2020-07-31,3174.5806464612338
QR1,4,120,2020-08-31,3123.751096677081
QR1,4,120,2020-09-30,3110.3408717987754
QR1,4,120,2020-10-31,3152.8106504081507
QR1,4,120,2020-11-30,3164.07890260152
QR1,4,120,2020-12-31,3161.9956013135634
QR1,4,120,2021-01-31,3159.6296823688986
QR1,4,120,2021-02-28,3163.546867473445
QR1,4,120,2021-03-31,3162.828546127112
QR1,4,120,2021-04-30,3175.7331810992687
QR1,4,120,2021-05-31,3173.89799586013
QR1,4,120,2021-06-30,3163.844761335715
QR1,4,120,2021-07-31,3167.7870041496217
QR1,4,120,2021-08-31,3174.9713208934872
QR1,4,120,2021-09-30,3176.3172217535107
QR1,4,120,2021-10-31,3188.5841142652416
QR1,4,120,2021-11-30,3207.990664170619
QR1,4,120,2021-12-31,3261.505469833958
QR1,4,120,2022-01-31,3262.913892391316
QR1,4,120,2022-02-28,3370.021882715328
QR1,4,120,2022-03-31,3383.3217959801996
QR1,4,120,2022-04-30,3354.6777622059235
QR1,4,120,2022-05-31,2914.3419633148173
QR1,4,120,2022-06-30,2922.0356587232122
QR1,4,120,2022-07-31,2964.9999729561487
QR1,4,120,2022-08-31,2823.115866141468
QR1,4,120,2022-09-30,2819.6450855993485
QR1,4,120,2022-10-31,2814.414549819756
QR1,4,120,2022-11-30,2596.926989971058
QR1,4,120,2022-12-31,2479.582593553842
QR1,4,120,2023-01-31,2463.172489537718
QR1,4,120,2023-02-28,2354.375338779628
QR1,4,120,2023-03-31,2349.5067887408363
QR1,4,120,2023-04-30,2323.803145536511
QR1,4,120,2023-05-31,2313.936347774696
QR1,4,120,2023-06-30,2311.0795475338095
QR1,4,120,2023-07-31,2314.5969890239157
QR1,4,120,2023-08-31,2304.394687949695
QR1,4,120,2023-09-30,2306.4157495673503
QR1,4,120,2023-10-31,2314.835637933679
QR1,4,120,2023-11-30,2306.331437555876
QR1,4,120,2023-12-31,2301.091502265169
QR1,4,120,2024-01-31,2297.7560136712664
QR1,4,120,2024-02-29,2295.5536011235827
QR1,4,120,2024-03-31,2289.8370957183297
QR1,4,120,2024-04-30,2285.2513520744856
QR1,4,120,2024-05-31,2286.5913737547658
QR1,4,120,2024-06-30,2310.5773504528615
QR1,4,120,2024-07-31,2309.929908792761
QR1,4,120,2024-08-31,2288.280336566114
QR1,4,120,2024-09-30,2289.03836872958
QR1,4,120,2024-10-31,2292.36976809552
QR1,4,120,2024-11-30,2288.7360165400255
QR1,4,120,2024-12-31,2289.4577587684184
QR1,4,120,2025-01-31,2266.953030599621
QR1,4,120,2025-02-28,2268.4437681901118
QR1,4,120,2025-03-31,2281.128470563241
QR1,4,120,2025-04-30,2309.9344421655146
QR1,4,120,2025-05-31,2308.7285364086833
QR1,4,120,2025-06-30,2286.57432170821
QR1,4,120,2025-07-31,2272.797987962026
QR1,4,120,2025-08-31,2221.1785994052443
QR1,4,120,2025-09-30,2199.875496385315
QR1,4,120,2025-10-31,2205.207502409262
QR1,4,120,2025-11-30,2210.5805415112695
QR1,4,120,2025-12-31,2206.016861803607
QR1,4,120,2026-01-31,2219.7910819502854
QR1,4,120,2026-02-28,2221.085346819461
QR1,4,120,2026-03-31,2233.14475600508
QR1,4,120,2026-04-30,2281.073056189369
QR1,4,120,2026-05-31,2281.24214247599
QR1,4,120,2026-06-30,2273.00288971529
QR1,4,120,2026-07-31,2263.097978516002
QR1,4,120,2026-08-31,2263.1831160948473
QR2,0,571,2018-01-31,4746.652033287216
QR2,0,571,2018-02-28,4753.138991167595
QR2,0,571,2018-03-31,4766.052194180946
QR2,0,571,2018-04-30,4763.510309444211
QR2,0,571,2018-05-31,4760.433260385687
QR2,0,571,2018-06-30,4752.493575259751
QR2,0,571,2018-07-31,4745.388783933066
QR2,0,571,2018-08-31,4744.782482181027
QR2,0,571,2018-09-30,4744.361044154929
QR2,0,571,2018-10-31,4748.763398054544
QR2,0,571,2018-11-30,4751.449079641123
QR2,0,571,2018-12-31,4751.771143568054
QR2,0,571,2019-01-31,4750.216539447798
QR2,0,571,2019-02-28,4742.368462471449
QR2,0,571,2019-03-31,4749.0010064304315
QR2,0,571,2019-04-30,4729.22352364692
QR2,0,571,2019-05-31,4725.635265282984
QR2,0,571,2019-06-30,4736.871128672059
QR2,0,571,2019-07-31,4754.956876840587
QR2,0,571,2019-08-31,4763.120057087169
QR2,0,571,2019-09-30,4746.60373499014
QR2,0,571,2019-10-31,4749.226004050854
QR2,0,571,2019-11-30,4748.783809249751
QR2,0,571,2019-12-31,4751.376787187059
QR2,0,571,2020-01-31,4751.486625132715
QR2,0,571,2020-02-29,4752.398245623893
QR2,0,571,2020-03-31,4752.558009888511
QR2,0,571,2020-04-30,4755.304152386737
QR2,0,571,2020-05-31,4756.17378632489
QR2,0,571,2020-06-30,4751.460996740072
QR2,0,571,2020-07-31,4741.863356920961
QR2,0,571,2020-08-31,4727.346615028846
QR2,0,571,2020-09-30,4724.351805067306
QR2,0,571,2020-10-31,4722.55125874473
QR2,0,571,2020-11-30,4724.235636030838
QR2,0,571,2020-12-31,4726.425814581587
QR2,0,571,2021-01-31,4735.741162597199
QR2,0,571,2021-02-28,4735.137034917144
QR2,0,571,2021-03-31,4728.784023990593
QR2,0,571,2021-04-30,4730.459163014598
QR2,0,571,2021-05-31,4729.06284448778
QR2,0,571,2021-06-30,4724.849269170374
QR2,0,571,2021-07-31,4727.191255979391
QR2,0,571,2021-08-31,4739.798157090798
QR2,0,571,2021-09-30,4759.580823190174
QR2,0,571,2021-10-31,4765.196111812535
QR2,0,571,2021-11-30,4766.075567387768
QR2,0,571,2021-12-31,4768.677123064115
QR2,0,571,2022-01-31,4769.0832229546695
QR2,0,571,2022-02-28,4777.17482053698
QR2,0,571,2022-03-31,4735.171361930583
QR2,0,571,2022-04-30,4729.05759706862
QR2,0,571,2022-05-31,4740.260757319086
QR2,0,571,2022-06-30,4656.710860570857
QR2,0,571,2022-07-31,4661.051815745489
QR2,0,571,2022-08-31,4587.397249453233
QR2,0,571,2022-09-30,4600.878293913517
QR2,0,571,2022-10-31,4624.631759089872
QR2,0,571,2022-11-30,4601.234472370563
QR2,0,571,2022-12-31,4615.580056128434
QR2,0,571,2023-01-31,4609.40092750592
QR2,0,571,2023-02-28,4611.370839063108
QR2,0,571,2023-03-31,4610.227030544032
QR2,0,571,2023-04-30,4620.5456567760275
QR2,0,571,2023-05-31,4608.114392728895
QR2,0,571,2023-06-30,4606.49144835608
QR2,0,571,2023-07-31,4610.571692883956
QR2,0,571,2023-08-31,4612.838739592451
QR2,0,571,2023-09-30,4602.875063452712
QR2,0,571,2023-10-31,4604.533200480704
QR2,0,571,2023-11-30,4605.785692310487
QR2,0,571,2023-12-31,4607.115819535384
QR2,0,571,2024-01-31,4604.660750962746
QR2,0,571,2024-02-29,4605.7966813481025
QR2,0,571,2024-03-31,4600.493609793995
QR2,0,571,2024-04-30,4601.919726202324
QR2,0,571,2024-05-31,4599.56006758695
QR2,0,571,2024-06-30,4602.521478465353
QR2,0,571,2024-07-31,4602.08547865729
QR2,0,571,2024-08-31,4600.66677792488
QR2,0,571,2024-09-30,4599.156268272265
QR2,0,571,2024-10-31,4600.1405021845885
QR2,0,571,2024-11-30,4591.2879250116375
QR2,0,571,2024-12-31,4593.364545459187
QR2,0,571,2025-01-31,4598.239414174559
QR2,0,571,2025-02-28,4598.45461133913
QR2,0,571,2025-03-31,4601.027975648772
QR2,0,571,2025-04-30,4601.547372830897
QR2,0,571,2025-05-31,4600.338053546603
QR2,0,571,2025-06-30,4602.554778582662
QR2,0,571,2025-07-31,4583.03699913703
QR2,0,571,2025-08-31,4575.200954369123
QR2,0,571,2025-09-30,4572.8281331109465
QR2,0,571,2025-10-31,4581.949851936104
QR2,0,571,2025-11-30,4581.418406679801
QR2,0,571,2025-12-31,4570.933434064354
QR2,0,571,2026-01-31,4572.966059444625
QR2,0,571,2026-02-28,4576.601428489903
QR2,0,571,2026-03-31,4577.818358074598
QR2,0,571,2026-04-30,4577.295967415363
QR2,0,571,2026-05-31,4577.821584687792
QR2,0,571,2026-06-30,4579.404824211644
QR2,0,571,2026-07-31,4582.24974268438
QR2,0,571,2026-08-31,4580.705298141612
QR2,0,120,2018-01-31,6293.712790490509
QR2,0,120,2018-02-28,6348.517081881448
QR2,0,120,2018-03-31,6335.536189700746
QR2,0,120,2018-04-30,6346.055098768776
QR2,0,120,2018-05-31,6165.089304611506
QR2,0,120,2018-06-30,6036.35293553621
QR2,0,120,2018-07-31,5970.846725306614
QR2,0,120,2018-08-31,5977.464650081173
QR2,0,120,2018-09-30,5987.545021885928
QR2,0,120,2018-10-31,5981.722564968121
QR2,0,120,2018-11-30,5983.259728256392
QR2,0,120,2018-12-31,6129.833044112014
QR2,0,120,2019-01-31,6256.536222751129
QR2,0,120,2019-02-28,6031.998006766799
QR2,0,120,2019-03-31,6354.047151553921
QR2,0,120,2019-04-30,6269.227739673588
QR2,0,120,2019-05-31,6292.529646931107
QR2,0,120,2019-06-30,6444.745266665832
QR2,0,120,2019-07-31,6499.8069774374635
QR2,0,120,2019-08-31,6777.371996362515
QR2,0,120,2019-09-30,7036.303770592074
QR2,0,120,2019-10-31,6880.14368019623
QR2,0,120,2019-11-30,6878.57474325755
QR2,0,120,2019-12-31,6957.859396922153
QR2,0,120,2020-01-31,6948.54721074201
QR2,0,120,2020-02-29,6960.327983317599
QR2,0,120,2020-03-31,7017.000391575685
QR2,0,120,2020-04-30,7025.917170689494
QR2,0,120,2020-05-31,6741.352164798136
QR2,0,120,2020-06-30,6737.4752928438875
QR2,0,120,2020-07-31,6725.841065671374
QR2,0,120,2020-08-31,6720.958070380455
QR2,0,120,2020-09-30,6713.849111759353
QR2,0,120,2020-10-31,6771.182806792816
QR2,0,120,2020-11-30,6781.5244883411615
QR2,0,120,2020-12-31,6799.9336994773075
QR2,0,120,2021-01-31,6947.401928230515
QR2,0,120,2021-02-28,6955.8058437778855
QR2,0,120,2021-03-31,6906.481310712957
QR2,0,120,2021-04-30,6908.168095257377
QR2,0,120,2021-05-31,6870.519755211002
QR2,0,120,2021-06-30,6788.2111524552265
QR2,0,120,2021-07-31,6788.774886979827
QR2,0,120,2021-08-31,6763.929838254077
QR2,0,120,2021-09-30,6786.316430849903
QR2,0,120,2021-10-31,6802.885473188106
QR2,0,120,2021-11-30,6823.025995958304
QR2,0,120,2021-12-31,6842.576062697541
QR2,0,120,2022-01-31,6786.928096477158
QR2,0,120,2022-02-28,6791.6137888051835
QR2,0,120,2022-03-31,6480.328659649014
QR2,0,120,2022-04-30,6473.488727824557
QR2,0,120,2022-05-31,6504.044510284053
QR2,0,120,2022-06-30,5981.573655437027
QR2,0,120,2022-07-31,5983.5809154184535
QR2,0,120,2022-08-31,5711.490633083422
QR2,0,120,2022-09-30,5639.469092357107
QR2,0,120,2022-10-31,5641.131466546274
QR2,0,120,2022-11-30,5546.201401918173
QR2,0,120,2022-12-31,5551.33029723128
QR2,0,120,2023-01-31,5548.897577084978
QR2,0,120,2023-02-28,5533.1089224655725
QR2,0,120,2023-03-31,5525.08586167037
QR2,0,120,2023-04-30,5376.772626153053
QR2,0,120,2023-05-31,5303.352196512053
QR2,0,120,2023-06-30,5302.219703565442
QR2,0,120,2023-07-31,5293.29956260889
QR2,0,120,2023-08-31,5292.0033854215035
QR2,0,120,2023-09-30,5239.994677329972
QR2,0,120,2023-10-31,5223.047469755219
QR2,0,120,2023-11-30,5070.74999760126
QR2,0,120,2023-12-31,5070.5737530617025
QR2,0,120,2024-01-31,5024.103227716938
QR2,0,120,2024-02-29,5027.560387975907
QR2,0,120,2024-03-31,4970.88524794944
QR2,0,120,2024-04-30,4981.610650544366
QR2,0,120,2024-05-31,4965.2624726427875
QR2,0,120,2024-06-30,4997.618557069407
QR2,0,120,2024-07-31,4989.481697351224
QR2,0,120,2024-08-31,4965.833102046305
QR2,0,120,2024-09-30,4959.641736278194
QR2,0,120,2024-10-31,4962.062940408077
QR2,0,120,2024-11-30,4892.69463839145
QR2,0,120,2024-12-31,4916.433365445601
QR2,0,120,2025-01-31,4913.350188882033
QR2,0,120,2025-02-28,4913.950207730809
QR2,0,120,2025-03-31,4939.0125400385205
QR2,0,120,2025-04-30,4944.087317399987
QR2,0,120,2025-05-31,4937.554075547687
QR2,0,120,2025-06-30,4947.475955181969
QR2,0,120,2025-07-31,4917.375730895074
QR2,0,120,2025-08-31,4868.698925043207
QR2,0,120,2025-09-30,4867.804148517598
QR2,0,120,2025-10-31,4874.899179587601
QR2,0,120,2025-11-30,4892.526174748396
QR2,0,120,2025-12-31,4868.545324207992
QR2,0,120,2026-01-31,4874.4565945127015
QR2,0,120,2026-02-28,4885.753026873668
QR2,0,120,2026-03-31,4896.079812319763
QR2,0,120,2026-04-30,4921.932552002867
QR2,0,120,2026-05-31,4942.908788188798
QR2,0,120,2026-06-30,4939.6691938223985
QR2,0,120,2026-07-31,4952.430502392527
QR2,0,120,2026-08-31,4873.937890458202
QR2,1,571,2018-01-31,5911.053264854501
QR2,1,571,2018-02-28,5913.160466057008
QR2,1,571,2018-03-31,5918.850531653642
QR2,1,571,2018-04-30,5932.6095056004915
QR2,1,571,2018-05-31,5932.74135667974
QR2,1,571,2018-06-30,5937.419349124694
QR2,1,571,2018-07-31,5939.478724086598
QR2,1,571,2018-08-31,5938.404230787071
QR2,1,571,2018-09-30,5939.764667490379
QR2,1,571,2018-10-31,5942.645027510999
QR2,1,571,2018-11-30,5946.202600994438
QR2,1,571,2018-12-31,5946.366875946303
QR2,1,571,2019-01-31,5953.23661456192
QR2,1,571,2019-02-28,5948.098686958516
QR2,1,571,2019-03-31,5925.724674021481
QR2,1,571,2019-04-30,5851.137185476843
QR2,1,571,2019-05-31,5867.772316308822
QR2,1,571,2019-06-30,5885.422437465907
QR2,1,571,2019-07-31,5892.779773343491
QR2,1,571,2019-08-31,5892.084613480592
QR2,1,571,2019-09-30,5861.201046595534
QR2,1,571,2019-10-31,5870.149367797688
QR2,1,571,2019-11-30,5873.368556412219
QR2,1,571,2019-12-31,5877.544288944036
QR2,1,571,2020-01-31,5874.864629005678
QR2,1,571,2020-02-29,5874.447237324413
QR2,1,571,2020-03-31,5871.225247945509
QR2,1,571,2020-04-30,5865.829751761658
QR2,1,571,2020-05-31,5864.684837023157
QR2,1,571,2020-06-30,5809.254929018599
QR2,1,571,2020-07-31,5804.628298699401
QR2,1,571,2020-08-31,5780.60553205627
QR2,1,571,2020-09-30,5775.99861790779
QR2,1,571,2020-10-31,5769.467202651895
QR2,1,571,2020-11-30,5768.17920591701
QR2,1,571,2020-12-31,5776.6659818471735
QR2,1,571,2021-01-31,5773.905376377342
QR2,1,571,2021-02-28,5738.514039474347
QR2,1,571,2021-03-31,5745.796939531718
QR2,1,571,2021-04-30,5744.720121448865
QR2,1,571,2021-05-31,5743.7691888664085
QR2,1,571,2021-06-30,5744.797596000274
QR2,1,571,2021-07-31,5745.649256474725
QR2,1,571,2021-08-31,5748.241836205783
QR2,1,571,2021-09-30,5747.336964496893
QR2,1,571,2021-10-31,5749.41620768389
QR2,1,571,2021-11-30,5750.592419311967
QR2,1,571,2021-12-31,5752.799416088941
QR2,1,571,2022-01-31,5752.583618768215
QR2,1,571,2022-02-28,5764.342059398297
QR2,1,571,2022-03-31,5775.4578529232895
QR2,1,571,2022-04-30,5775.694488749701
QR2,1,571,2022-05-31,5764.7069724047815
QR2,1,571,2022-06-30,5770.10080308669
QR2,1,571,2022-07-31,5777.715143682129
QR2,1,571,2022-08-31,5762.252884692452
QR2,1,571,2022-09-30,5739.197995342905
QR2,1,571,2022-10-31,5741.551816865725
QR2,1,571,2022-11-30,5741.6676073424405
QR2,1,571,2022-12-31,5742.156846981418
QR2,1,571,2023-01-31,5731.967222291797
QR2,1,571,2023-02-28,5731.622894767147
QR2,1,571,2023-03-31,5726.914697258957
QR2,1,571,2023-04-30,5718.2246700925525
QR2,1,571,2023-05-31,5714.964479567646
QR2,1,571,2023-06-30,5715.968226047487
QR2,1,571,2023-07-31,5710.877583812442
QR2,1,571,2023-08-31,5721.33875024147
QR2,1,571,2023-09-30,5708.554723176476
QR2,1,571,2023-10-31,5713.650167074488
QR2,1,571,2023-11-30,5719.264994692976
QR2,1,571,2023-12-31,5720.196010442155
QR2,1,571,2024-01-31,5705.890527722366
QR2,1,571,2024-02-29,5675.255190308193
QR2,1,571,2024-03-31,5676.713923088555
QR2,1,571,2024-04-30,5682.78967899364
QR2,1,571,2024-05-31,5683.5603956403065
QR2,1,571,2024-06-30,5680.165634230224
QR2,1,571,2024-07-31,5679.571377331342
QR2,1,571,2024-08-31,5679.916511259517
QR2,1,571,2024-09-30,5666.9504085458375
QR2,1,571,2024-10-31,5672.92629336224
QR2,1,571,2024-11-30,5669.249143944165
QR2,1,571,2024-12-31,5669.3956891114485
QR2,1,571,2025-01-31,5661.093059094309
QR2,1,571,2025-02-28,5647.299734298253
QR2,1,571,2025-03-31,5632.412691987833
QR2,1,571,2025-04-30,5633.535287358267
QR2,1,571,2025-05-31,5617.742817406479
QR2,1,571,2025-06-30,5617.488180378358
QR2,1,571,2025-07-31,5602.242076509965
QR2,1,571,2025-08-31,5593.124070231538
QR2,1,571,2025-09-30,5598.00744227587
QR2,1,571,2025-10-31,5573.587585739843
QR2,1,571,2025-11-30,5574.09141102622
QR2,1,571,2025-12-31,5548.482425454946
QR2,1,571,2026-01-31,5543.395170333825
QR2,1,571,2026-02-28,5538.04102040517
QR2,1,571,2026-03-31,5540.656819354711
QR2,1,571,2026-04-30,5540.387604995129
QR2,1,571,2026-05-31,5528.858975714096
QR2,1,571,2026-06-30,5527.78560090136
QR2,1,571,2026-07-31,5532.272952408737
QR2,1,571,2026-08-31,5538.543820270298
QR2,1,120,2018-01-31,7104.945265894839
QR2,1,120,2018-02-28,7120.521892947017
QR2,1,120,2018-03-31,7086.305658524973
QR2,1,120,2018-04-30,7084.586379467441
QR2,1,120,2018-05-31,6992.061206163434
QR2,1,120,2018-06-30,6997.941653675704
QR2,1,120,2018-07-31,7024.917428315857
QR2,1,120,2018-08-31,7039.746967736409
QR2,1,120,2018-09-30,7274.895683154593
QR2,1,120,2018-10-31,7405.784818587902
QR2,1,120,2018-11-30,7446.717455523093
QR2,1,120,2018-12-31,7517.505376483501
QR2,1,120,2019-01-31,8362.679061980372
QR2,1,120,2019-02-28,8426.829781754373
QR2,1,120,2019-03-31,9627.047011305081
QR2,1,120,2019-04-30,9156.831535953073
QR2,1,120,2019-05-31,9208.831053189706
QR2,1,120,2019-06-30,9243.261706073248
QR2,1,120,2019-07-31,9256.504442804282
QR2,1,120,2019-08-31,9227.591224932261
QR2,1,120,2019-09-30,9109.566638548245
QR2,1,120,2019-10-31,8987.568156034893
QR2,1,120,2019-11-30,8952.752778282273
QR2,1,120,2019-12-31,9070.96759156781
QR2,1,120,2020-01-31,9074.383357623588
QR2,1,120,2020-02-29,9143.624277429391
QR2,1,120,2020-03-31,9192.389142547785
QR2,1,120,2020-04-30,9190.806016690738
QR2,1,120,2020-05-31,9185.327380498535
QR2,1,120,2020-06-30,8680.704526464202
QR2,1,120,2020-07-31,8694.961049824713
QR2,1,120,2020-08-31,8433.437325902249
QR2,1,120,2020-09-30,8187.644364982989
QR2,1,120,2020-10-31,8437.913347920134
QR2,1,120,2020-11-30,8195.495602832218
QR2,1,120,2020-12-31,8259.938801414506
QR2,1,120,2021-01-31,8261.085710030482
QR2,1,120,2021-02-28,7966.648926478131
QR2,1,120,2021-03-31,7875.786790936246
QR2,1,120,2021-04-30,7917.59670552418
QR2,1,120,2021-05-31,7688.601278126947
QR2,1,120,2021-06-30,7687.926337966086
QR2,1,120,2021-07-31,7698.004708946233
QR2,1,120,2021-08-31,7725.268576654445
QR2,1,120,2021-09-30,7803.224176756499
QR2,1,120,2021-10-31,7915.140576225221
QR2,1,120,2021-11-30,8035.071801295018
QR2,1,120,2021-12-31,8077.2740066495235
QR2,1,120,2022-01-31,8162.512015977603
QR2,1,120,2022-02-28,8170.194220028194
QR2,1,120,2022-03-31,8394.150357526527
QR2,1,120,2022-04-30,8098.356937941266
QR2,1,120,2022-05-31,8032.03794258388
QR2,1,120,2022-06-30,8029.24022268644
QR2,1,120,2022-07-31,8058.342047368342
QR2,1,120,2022-08-31,8026.469704864963
QR2,1,120,2022-09-30,7959.637695278912
QR2,1,120,2022-10-31,7710.255591431945
QR2,1,120,2022-11-30,7543.083868733403
QR2,1,120,2022-12-31,7527.594375183813
QR2,1,120,2023-01-31,7296.816964516184
QR2,1,120,2023-02-28,7279.768879952817
QR2,1,120,2023-03-31,7318.527363677266
QR2,1,120,2023-04-30,7288.951342234379
QR2,1,120,2023-05-31,7296.818593825357
QR2,1,120,2023-06-30,7292.662867202119
QR2,1,120,2023-07-31,7291.832755421016
QR2,1,120,2023-08-31,7251.095658883613
QR2,1,120,2023-09-30,7159.029207271477
QR2,1,120,2023-10-31,7165.02823582755
QR2,1,120,2023-11-30,7138.412821828931
QR2,1,120,2023-12-31,7127.634010320045
QR2,1,120,2024-01-31,6985.701012966171
QR2,1,120,2024-02-29,6786.954038961207
QR2,1,120,2024-03-31,6786.745845388416
QR2,1,120,2024-04-30,6782.618840621911
QR2,1,120,2024-05-31,6781.2106137794135
QR2,1,120,2024-06-30,6792.754825050687
QR2,1,120,2024-07-31,6792.957844899593
QR2,1,120,2024-08-31,6793.098245780323
QR2,1,120,2024-09-30,6778.011648748357
QR2,1,120,2024-10-31,6823.712284511988
QR2,1,120,2024-11-30,6799.729352308727
QR2,1,120,2024-12-31,6879.407810475165
QR2,1,120,2025-01-31,6721.923928593531
QR2,1,120,2025-02-28,6548.411887398334
QR2,1,120,2025-03-31,6619.444237266611
QR2,1,120,2025-04-30,6657.395307117264
QR2,1,120,2025-05-31,6556.265413529639
QR2,1,120,2025-06-30,6562.155717319695
QR2,1,120,2025-07-31,6395.9471214984005
QR2,1,120,2025-08-31,6339.569196098457
QR2,1,120,2025-09-30,6353.766110957012
QR2,1,120,2025-10-31,6164.503774907685
QR2,1,120,2025-11-30,6164.801575447229
QR2,1,120,2025-12-31,5858.380240930903
QR2,1,120,2026-01-31,5843.321626448419
QR2,1,120,2026-02-28,5850.462880644744
QR2,1,120,2026-03-31,5857.367964061032
QR2,1,120,2026-04-30,5845.112556195522
QR2,1,120,2026-05-31,5830.326258584906
QR2,1,120,2026-06-30,5834.372110158444
QR2,1,120,2026-07-31,5803.449738598367
QR2,1,120,2026-08-31,5779.528289225308
QR2,2,571,2018-01-31,5293.441459823182
QR2,2,571,2018-02-28,5303.686324184
QR2,2,571,2018-03-31,5303.259672681368
QR2,2,571,2018-04-30,5300.189615294063
QR2,2,571,2018-05-31,5301.110197207362
QR2,2,571,2018-06-30,5303.592251805407
QR2,2,571,2018-07-31,5303.373389364697
QR2,2,571,2018-08-31,5304.793530071902
QR2,2,571,2018-09-30,5309.419652819302
QR2,2,571,2018-10-31,5314.625764560989
QR2,2,571,2018-11-30,5311.108186350476
QR2,2,571,2018-12-31,5310.868038155855
QR2,2,571,2019-01-31,5312.749947626926
QR2,2,571,2019-02-28,5312.7441110573
QR2,2,571,2019-03-31,5324.628871906997
QR2,2,571,2019-04-30,5317.556703144516
QR2,2,571,2019-05-31,5317.674148935146
QR2,2,571,2019-06-30,5318.615560556253
QR2,2,571,2019-07-31,5359.110510062017
QR2,2,571,2019-08-31,5352.396369989934
QR2,2,571,2019-09-30,5338.892785401676
QR2,2,571,2019-10-31,5333.15919835329
QR2,2,571,2019-11-30,5327.0519134185515
QR2,2,571,2019-12-31,5325.527739987186
QR2,2,571,2020-01-31,5325.976951941806
QR2,2,571,2020-02-29,5321.069878981723
QR2,2,571,2020-03-31,5315.720783482176
QR2,2,571,2020-04-30,5302.368680965924
QR2,2,571,2020-05-31,5185.709233204864
QR2,2,571,2020-06-30,5138.550715007214
QR2,2,571,2020-07-31,5135.9500552200125
QR2,2,571,2020-08-31,5132.879500863184
QR2,2,571,2020-09-30,5133.664060328179
QR2,2,571,2020-10-31,5125.569215747889
QR2,2,571,2020-11-30,5125.043893883403
QR2,2,571,2020-12-31,5121.90651688333
QR2,2,571,2021-01-31,5120.70325015814
QR2,2,571,2021-02-28,5116.911947939959
QR2,2,571,2021-03-31,5091.939066869403
QR2,2,571,2021-04-30,5087.760246921558
QR2,2,571,2021-05-31,5087.189478556883
QR2,2,571,2021-06-30,5088.2494021045095
QR2,2,571,2021-07-31,5088.311977792898
QR2,2,571,2021-08-31,5101.210995656677
QR2,2,571,2021-09-30,5119.886830857034
QR2,2,571,2021-10-31,5121.574620434183
QR2,2,571,2021-11-30,5120.370200199584
QR2,2,571,2021-12-31,5106.264207209633
QR2,2,571,2022-01-31,5108.18065308137
QR2,2,571,2022-02-28,5109.39040151622
QR2,2,571,2022-03-31,5109.520779965371
QR2,2,571,2022-04-30,5109.206812803042
QR2,2,571,2022-05-31,5110.356194305772
QR2,2,571,2022-06-30,5112.244447760846
QR2,2,571,2022-07-31,5114.631343193785
QR2,2,571,2022-08-31,5120.459053569789
QR2,2,571,2022-09-30,5119.487007061295
QR2,2,571,2022-10-31,5127.304301690246
QR2,2,571,2022-11-30,5128.353477306422
QR2,2,571,2022-12-31,5120.2534951683
QR2,2,571,2023-01-31,5122.621238223847
QR2,2,571,2023-02-28,5116.56152404927
QR2,2,571,2023-03-31,5117.7194236207515
QR2,2,571,2023-04-30,5124.6548990010715
QR2,2,571,2023-05-31,5124.605941744896
QR2,2,571,2023-06-30,5125.931377641432
QR2,2,571,2023-07-31,5128.775817887862
QR2,2,571,2023-08-31,5134.555252667398
QR2,2,571,2023-09-30,5129.184193810574
QR2,2,571,2023-10-31,5129.000745655351
QR2,2,571,2023-11-30,5106.958560268214
QR2,2,571,2023-12-31,5105.011774896136
QR2,2,571,2024-01-31,5101.347459867818
QR2,2,571,2024-02-29,5098.285500879277
QR2,2,571,2024-03-31,5088.836177047826
QR2,2,571,2024-04-30,5083.684964494877
QR2,2,571,2024-05-31,5083.072887930567
QR2,2,571,2024-06-30,5079.471723019809
QR2,2,571,2024-07-31,5076.190473944253
QR2,2,571,2024-08-31,5074.617447810578
QR2,2,571,2024-09-30,5075.873265648153
QR2,2,571,2024-10-31,5071.994808413166
QR2,2,571,2024-11-30,5065.860003226997
QR2,2,571,2024-12-31,5064.127240435397
QR2,2,571,2025-01-31,5068.475614373146
QR2,2,571,2025-02-28,5067.6406108543415
QR2,2,571,2025-03-31,5057.172573316205
QR2,2,571,2025-04-30,5057.752938187049
QR2,2,571,2025-05-31,5057.990234489909
QR2,2,571,2025-06-30,4997.132191393312
QR2,2,571,2025-07-31,4995.432432710707
QR2,2,571,2025-08-31,4974.197395762981
QR2,2,571,2025-09-30,4959.950624058501
QR2,2,571,2025-10-31,4966.915935702622
QR2,2,571,2025-11-30,4970.114943112916
QR2,2,571,2025-12-31,4960.02075344488
QR2,2,571,2026-01-31,4960.52074787743
QR2,2,571,2026-02-28,4955.124183780095
QR2,2,571,2026-03-31,4956.116821437192
QR2,2,571,2026-04-30,4957.633296289713
QR2,2,571,2026-05-31,4958.738741952455
QR2,2,571,2026-06-30,4950.579265004054
QR2,2,571,2026-07-31,4953.404100862786
QR2,2,571,2026-08-31,4943.582137303443
QR2,2,120,2018-01-31,5243.248085879922
QR2,2,120,2018-02-28,5246.817164305619
QR2,2,120,2018-03-31,5289.495921541766
QR2,2,120,2018-04-30,5268.681809473335
QR2,2,120,2018-05-31,5256.334499728649
QR2,2,120,2018-06-30,5231.162855291358
QR2,2,120,2018-07-31,5207.617124599759
QR2,2,120,2018-08-31,5556.6905587178435
QR2,2,120,2018-09-30,5586.86457920525
QR2,2,120,2018-10-31,5586.399110213434
QR2,2,120,2018-11-30,5728.890878687143
QR2,2,120,2018-12-31,5701.593535432223
QR2,2,120,2019-01-31,6354.1516872133725
QR2,2,120,2019-02-28,6306.584871134176
QR2,2,120,2019-03-31,6350.967537454643
QR2,2,120,2019-04-30,6313.790984619981
QR2,2,120,2019-05-31,6276.790344185525
QR2,2,120,2019-06-30,6345.029765574454
QR2,2,120,2019-07-31,6332.5708595655115
QR2,2,120,2019-08-31,6609.049497143011
QR2,2,120,2019-09-30,6622.864156850041
QR2,2,120,2019-10-31,6752.8108413613645
QR2,2,120,2019-11-30,6729.086669056883
QR2,2,120,2019-12-31,6737.33239519957
QR2,2,120,2020-01-31,6763.890524324202
QR2,2,120,2020-02-29,6753.726358994271
QR2,2,120,2020-03-31,6703.253894571296
QR2,2,120,2020-04-30,6579.569944036888
QR2,2,120,2020-05-31,6036.858907960305
QR2,2,120,2020-06-30,5774.469761776024
QR2,2,120,2020-07-31,5754.962037561584
QR2,2,120,2020-08-31,5711.432755822218
QR2,2,120,2020-09-30,5713.657233629612
QR2,2,120,2020-10-31,5714.822579251554
QR2,2,120,2020-11-30,5727.47233539868
QR2,2,120,2020-12-31,5637.862763463726
QR2,2,120,2021-01-31,5602.290930706699
QR2,2,120,2021-02-28,5611.502869287541
QR2,2,120,2021-03-31,5564.031508044794
QR2,2,120,2021-04-30,5566.075337676476
QR2,2,120,2021-05-31,5558.330991987152
QR2,2,120,2021-06-30,5566.8453110473265
QR2,2,120,2021-07-31,5600.846213688705
QR2,2,120,2021-08-31,5580.094828766946
QR2,2,120,2021-09-30,5595.1452211441265
QR2,2,120,2021-10-31,5594.415866539609
QR2,2,120,2021-11-30,6388.191345201622
QR2,2,120,2021-12-31,6500.245457941719
QR2,2,120,2022-01-31,6512.533448529127
QR2,2,120,2022-02-28,6599.16672810128
QR2,2,120,2022-03-31,6594.6560612948615
QR2,2,120,2022-04-30,6588.03801383572
QR2,2,120,2022-05-31,6588.422242077666
QR2,2,120,2022-06-30,6537.21021029389
QR2,2,120,2022-07-31,6652.07980956484
QR2,2,120,2022-08-31,6739.807382585323
QR2,2,120,2022-09-30,6726.541491961875
QR2,2,120,2022-10-31,6681.079744098596
QR2,2,120,2022-11-30,6423.5193198301795
QR2,2,120,2022-12-31,6288.319443679898
QR2,2,120,2023-01-31,6281.731565391036
QR2,2,120,2023-02-28,6247.331115234897
QR2,2,120,2023-03-31,6204.586479814086
QR2,2,120,2023-04-30,6201.4677733791705
QR2,2,120,2023-05-31,6198.999891703307
QR2,2,120,2023-06-30,6217.659664197433
QR2,2,120,2023-07-31,6248.910976809118
QR2,2,120,2023-08-31,6244.834289193308
QR2,2,120,2023-09-30,6238.870052991752
QR2,2,120,2023-10-31,6251.541833469253
QR2,2,120,2023-11-30,6009.429487275632
QR2,2,120,2023-12-31,5998.7076170230575
QR2,2,120,2024-01-31,6025.793891325636
QR2,2,120,2024-02-29,5995.260164394245
QR2,2,120,2024-03-31,5984.37518442599
QR2,2,120,2024-04-30,5992.76252224541
QR2,2,120,2024-05-31,6011.277513670727
QR2,2,120,2024-06-30,6035.2776817600525
QR2,2,120,2024-07-31,6034.322347684845
QR2,2,120,2024-08-31,6003.6729091613015
QR2,2,120,2024-09-30,5986.927378687139
QR2,2,120,2024-10-31,6137.915454390184
QR2,2,120,2024-11-30,6154.938443818318
QR2,2,120,2024-12-31,6212.3041459316555
QR2,2,120,2025-01-31,6267.915556466554
QR2,2,120,2025-02-28,6464.622773214976
QR2,2,120,2025-03-31,6704.389450832431
QR2,2,120,2025-04-30,6727.00876846484
QR2,2,120,2025-05-31,6699.809777508421
QR2,2,120,2025-06-30,6131.300758651909
QR2,2,120,2025-07-31,6115.800181903648
QR2,2,120,2025-08-31,5975.478309745233
QR2,2,120,2025-09-30,5934.798262281369
QR2,2,120,2025-10-31,5945.8652802714405
QR2,2,120,2025-11-30,5934.0496307336925
QR2,2,120,2025-12-31,5787.028893836505
QR2,2,120,2026-01-31,5776.622216344973
QR2,2,120,2026-02-28,5733.213225595737
QR2,2,120,2026-03-31,5746.0412369049955
QR2,2,120,2026-04-30,5840.432856028598
QR2,2,120,2026-05-31,5868.920936815757
QR2,2,120,2026-06-30,5799.208669967905
QR2,2,120,2026-07-31,5794.831950010321
QR2,2,120,2026-08-31,5774.496679391073
QR2,3,571,2018-01-31,4160.015495119462
QR2,3,571,2018-02-28,4188.24241039616
QR2,3,571,2018-03-31,4191.9717083432215
QR2,3,571,2018-04-30,4196.406864107948
QR2,3,571,2018-05-31,4195.083632190291
QR2,3,571,2018-06-30,4185.12399853199
QR2,3,571,2018-07-31,4182.35828090442
QR2,3,571,2018-08-31,4196.981549707121
QR2,3,571,2018-09-30,4208.48516355077
QR2,3,571,2018-10-31,4209.924411319192
QR2,3,571,2018-11-30,4210.379364122549
QR2,3,571,2018-12-31,4211.1139852100605
QR2,3,571,2019-01-31,4212.6482522217875
QR2,3,571,2019-02-28,4211.87886859112
QR2,3,571,2019-03-31,4203.711014471371
QR2,3,571,2019-04-30,4197.8433536403545
QR2,3,571,2019-05-31,4205.519189190608
QR2,3,571,2019-06-30,4204.620319446803
QR2,3,571,2019-07-31,4202.880805381544
QR2,3,571,2019-08-31,4187.604321882122
QR2,3,571,2019-09-30,4189.568491940155
QR2,3,571,2019-10-31,4185.507109746439
QR2,3,571,2019-11-30,4185.558436686268
QR2,3,571,2019-12-31,4182.430214164851
QR2,3,571,2020-01-31,4179.582680598215
QR2,3,571,2020-02-29,4180.012851146395
QR2,3,571,2020-03-31,4180.778425385894
QR2,3,571,2020-04-30,4178.869445152097
QR2,3,571,2020-05-31,4168.613337123693
QR2,3,571,2020-06-30,4161.068488401149
QR2,3,571,2020-07-31,4155.09364403972
QR2,3,571,2020-08-31,4155.4560569416235
QR2,3,571,2020-09-30,4152.697743803879
QR2,3,571,2020-10-31,4151.318290984688
QR2,3,571,2020-11-30,4155.150816048754
QR2,3,571,2020-12-31,4152.739091138755
QR2,3,571,2021-01-31,4151.299241687428
QR2,3,571,2021-02-28,4146.575507364799
QR2,3,571,2021-03-31,4141.397163186786
QR2,3,571,2021-04-30,4142.918095037711
QR2,3,571,2021-05-31,4142.912109874178
QR2,3,571,2021-06-30,4142.751426753878
QR2,3,571,2021-07-31,4146.784149182541
QR2,3,571,2021-08-31,4166.519527900011
QR2,3,571,2021-09-30,4173.0452440746
QR2,3,571,2021-10-31,4194.579574569284
QR2,3,571,2021-11-30,4194.267953297999
QR2,3,571,2021-12-31,4194.162573138918
QR2,3,571,2022-01-31,4200.566677976272
QR2,3,571,2022-02-28,4208.7079196249115
QR2,3,571,2022-03-31,4203.06375732043
QR2,3,571,2022-04-30,4203.424357018486
QR2,3,571,2022-05-31,4203.002619815657
QR2,3,571,2022-06-30,4203.473173748091
QR2,3,571,2022-07-31,4208.214255150176
QR2,3,571,2022-08-31,4219.151663277319
QR2,3,571,2022-09-30,4188.736004333017
QR2,3,571,2022-10-31,4272.517747580262
QR2,3,571,2022-11-30,4270.8361816681345
QR2,3,571,2022-12-31,4287.097883841856
QR2,3,571,2023-01-31,4274.4980432996545
QR2,3,571,2023-02-28,4274.485444906669
QR2,3,571,2023-03-31,4263.384897637596
QR2,3,571,2023-04-30,4263.90537977001
QR2,3,571,2023-05-31,4265.64377991656
QR2,3,571,2023-06-30,4266.072698572828
QR2,3,571,2023-07-31,4267.395396434206
QR2,3,571,2023-08-31,4267.068515537979
QR2,3,571,2023-09-30,4268.400849028148
QR2,3,571,2023-10-31,4271.267712180573
QR2,3,571,2023-11-30,4272.1907046339775
QR2,3,571,2023-12-31,4269.769668512513
QR2,3,571,2024-01-31,4279.822427732164
QR2,3,571,2024-02-29,4278.305625013098
QR2,3,571,2024-03-31,4279.17421812134
QR2,3,571,2024-04-30,4277.6537873865045
QR2,3,571,2024-05-31,4278.349048822846
QR2,3,571,2024-06-30,4276.407707158045
QR2,3,571,2024-07-31,4276.042059732
QR2,3,571,2024-08-31,4278.596916268029
QR2,3,571,2024-09-30,4278.905468124938
QR2,3,571,2024-10-31,4284.619505445537
QR2,3,571,2024-11-30,4289.493367713279
QR2,3,571,2024-12-31,4288.602399346806
QR2,3,571,2025-01-31,4286.073305223451
QR2,3,571,2025-02-28,4281.157901939939
QR2,3,571,2025-03-31,4278.43885249397
QR2,3,571,2025-04-30,4275.561869592993
QR2,3,571,2025-05-31,4275.5553085376405
QR2,3,571,2025-06-30,4270.614995226712
QR2,3,571,2025-07-31,4262.545306711268
QR2,3,571,2025-08-31,4268.948723638319
QR2,3,571,2025-09-30,4265.786990049791
QR2,3,571,2025-10-31,4261.519377732147
QR2,3,571,2025-11-30,4261.925253201291
QR2,3,571,2025-12-31,4254.169248075923
QR2,3,571,2026-01-31,4254.0974094685425
QR2,3,571,2026-02-28,4255.370942207863
QR2,3,571,2026-03-31,4255.336197073208
QR2,3,571,2026-04-30,4253.996193695728
QR2,3,571,2026-05-31,4247.584027518574
QR2,3,571,2026-06-30,4246.84215923945
QR2,3,571,2026-07-31,4382.9725947053685
QR2,3,571,2026-08-31,4383.298504722585
QR2,3,120,2018-01-31,4174.9254828372095
QR2,3,120,2018-02-28,4196.648873555903
QR2,3,120,2018-03-31,4295.823855979184
QR2,3,120,2018-04-30,4351.257809876316
QR2,3,120,2018-05-31,4354.946402349634
QR2,3,120,2018-06-30,4490.902268132812
QR2,3,120,2018-07-31,4517.7966703037355
QR2,3,120,2018-08-31,4889.956694789703
QR2,3,120,2018-09-30,4907.418347828335
QR2,3,120,2018-10-31,4971.246121331098
QR2,3,120,2018-11-30,5398.518588295963
QR2,3,120,2018-12-31,5440.661744394299
QR2,3,120,2019-01-31,5538.608742985587
QR2,3,120,2019-02-28,8001.172169027894
QR2,3,120,2019-03-31,8388.687853669291
QR2,3,120,2019-04-30,8251.004470923253
QR2,3,120,2019-05-31,8270.52739425305
QR2,3,120,2019-06-30,8263.16732448247
QR2,3,120,2019-07-31,8273.574271103878
QR2,3,120,2019-08-31,8086.111854459552
QR2,3,120,2019-09-30,8109.559949879951
QR2,3,120,2019-10-31,8040.712705078314
QR2,3,120,2019-11-30,8041.445941802129
QR2,3,120,2019-12-31,8043.939187030844
QR2,3,120,2020-01-31,8087.777945512183
QR2,3,120,2020-02-29,8317.408831279226
QR2,3,120,2020-03-31,8366.885853213966
QR2,3,120,2020-04-30,8375.48881468642
QR2,3,120,2020-05-31,7936.771240575128
QR2,3,120,2020-06-30,7765.192310466843
QR2,3,120,2020-07-31,7638.763047275873
QR2,3,120,2020-08-31,7650.29650866016
QR2,3,120,2020-09-30,7836.471224403311
QR2,3,120,2020-10-31,8161.119047585427
QR2,3,120,2020-11-30,8117.309996591711
QR2,3,120,2020-12-31,8124.633135308859
QR2,3,120,2021-01-31,8135.83354280577
QR2,3,120,2021-02-28,8042.893424451341
QR2,3,120,2021-03-31,7824.863766406349
QR2,3,120,2021-04-30,7806.098644303567
QR2,3,120,2021-05-31,7797.037965229774
QR2,3,120,2021-06-30,7722.522092433267
QR2,3,120,2021-07-31,7714.133574931359
QR2,3,120,2021-08-31,7774.819814470612
QR2,3,120,2021-09-30,7879.115252203013
QR2,3,120,2021-10-31,7890.4143307935965
QR2,3,120,2021-11-30,7991.704551316845
QR2,3,120,2021-12-31,8401.57048900986
QR2,3,120,2022-01-31,8186.939995284461
QR2,3,120,2022-02-28,8195.28376531304
QR2,3,120,2022-03-31,8349.851391423634
QR2,3,120,2022-04-30,8325.93241474942
QR2,3,120,2022-05-31,8198.714456825273
QR2,3,120,2022-06-30,8173.666659247524
QR2,3,120,2022-07-31,8173.300401917769
QR2,3,120,2022-08-31,8196.011392065375
QR2,3,120,2022-09-30,8068.144871201598
QR2,3,120,2022-10-31,7806.981274568717
QR2,3,120,2022-11-30,7830.4719927199685
QR2,3,120,2022-12-31,7800.180050542986
QR2,3,120,2023-01-31,7841.341275391155
QR2,3,120,2023-02-28,7715.679534219406
QR2,3,120,2023-03-31,7199.440107582813
QR2,3,120,2023-04-30,7190.2594418771
QR2,3,120,2023-05-31,7157.18125437998
QR2,3,120,2023-06-30,7155.190181803607
QR2,3,120,2023-07-31,7154.795439575767
QR2,3,120,2023-08-31,7140.722823968721
QR2,3,120,2023-09-30,7170.624577132569
QR2,3,120,2023-10-31,7214.007413630366
QR2,3,120,2023-11-30,7221.2787673894345
QR2,3,120,2023-12-31,6965.34998119284
QR2,3,120,2024-01-31,6954.8880975009615
QR2,3,120,2024-02-29,6945.727405593115
QR2,3,120,2024-03-31,6924.09962226237
QR2,3,120,2024-04-30,6925.838455707814
QR2,3,120,2024-05-31,6935.807573238521
QR2,3,120,2024-06-30,6990.499601592378
QR2,3,120,2024-07-31,6987.039638560276
QR2,3,120,2024-08-31,6941.298403226188
QR2,3,120,2024-09-30,6922.070804176846
QR2,3,120,2024-10-31,7024.363259780735
QR2,3,120,2024-11-30,7007.649319303521
QR2,3,120,2024-12-31,6961.414215745898
QR2,3,120,2025-01-31,6899.764172385156
QR2,3,120,2025-02-28,6832.263646960748
QR2,3,120,2025-03-31,6787.266122802992
QR2,3,120,2025-04-30,6805.764569261304
QR2,3,120,2025-05-31,6842.097979308864
QR2,3,120,2025-06-30,6742.639789099753
QR2,3,120,2025-07-31,6676.718798021052
QR2,3,120,2025-08-31,6674.470569014668
QR2,3,120,2025-09-30,6719.866328639975
QR2,3,120,2025-10-31,6715.771313437317
QR2,3,120,2025-11-30,6678.910022660275
QR2,3,120,2025-12-31,6590.625819370497
QR2,3,120,2026-01-31,6587.060676839397
QR2,3,120,2026-02-28,6588.929118646532
QR2,3,120,2026-03-31,6583.7416702535575
QR2,3,120,2026-04-30,6646.089989992646
QR2,3,120,2026-05-31,6608.99396309886
QR2,3,120,2026-06-30,6586.908832015648
QR2,3,120,2026-07-31,6579.6630942168495
QR2,3,120,2026-08-31,6474.8737932519725
QR2,4,571,2018-01-31,6765.685794113263
QR2,4,571,2018-02-28,6772.027296290257
QR2,4,571,2018-03-31,6779.900104040437
QR2,4,571,2018-04-30,6767.450096372036
QR2,4,571,2018-05-31,6791.1587273978075
QR2,4,571,2018-06-30,6783.924336625978
QR2,4,571,2018-07-31,6776.290598116566
QR2,4,571,2018-08-31,6777.382988762825
QR2,4,571,2018-09-30,6784.334188049387
QR2,4,571,2018-10-31,6784.538465179225
QR2,4,571,2018-11-30,6793.120652378561
QR2,4,571,2018-12-31,6793.762739051254
QR2,4,571,2019-01-31,6783.241427392907
QR2,4,571,2019-02-28,6758.227886464356
QR2,4,571,2019-03-31,6735.709013697551
QR2,4,571,2019-04-30,6653.894087398238
QR2,4,571,2019-05-31,6664.470461883817
QR2,4,571,2019-06-30,6682.735798580146
QR2,4,571,2019-07-31,6666.235440886745
QR2,4,571,2019-08-31,6663.3620835024285
QR2,4,571,2019-09-30,6611.393519662124
QR2,4,571,2019-10-31,6624.749836153522
QR2,4,571,2019-11-30,6608.781590951541
QR2,4,571,2019-12-31,6602.59576197633
QR2,4,571,2020-01-31,6601.835439648238
QR2,4,571,2020-02-29,6600.5888972935645
QR2,4,571,2020-03-31,6606.219438783125
QR2,4,571,2020-04-30,6606.4266906598095
QR2,4,571,2020-05-31,6612.66262282886
QR2,4,571,2020-06-30,6590.469616598728
QR2,4,571,2020-07-31,6586.555862397926
QR2,4,571,2020-08-31,6578.569105780665
QR2,4,571,2020-09-30,6577.579651002196
QR2,4,571,2020-10-31,6572.959294673391
QR2,4,571,2020-11-30,6571.854470896214
QR2,4,571,2020-12-31,6578.242148882014
QR2,4,571,2021-01-31,6581.366853050046
QR2,4,571,2021-02-28,6577.104110500166
QR2,4,571,2021-03-31,6584.992052936843
QR2,4,571,2021-04-30,6590.28517049655
QR2,4,571,2021-05-31,6588.984566941556
QR2,4,571,2021-06-30,6592.424002691341
QR2,4,571,2021-07-31,6611.215156985163
QR2,4,571,2021-08-31,6623.5485645258195
QR2,4,571,2021-09-30,6618.965711284366
QR2,4,571,2021-10-31,6627.499949205983
QR2,4,571,2021-11-30,6634.85228707318
QR2,4,571,2021-12-31,6639.221748193492
QR2,4,571,2022-01-31,6641.127953165764
QR2,4,571,2022-02-28,6641.588120914696
QR2,4,571,2022-03-31,6638.135195855972
QR2,4,571,2022-04-30,6634.763234603412
QR2,4,571,2022-05-31,6637.284085193973
QR2,4,571,2022-06-30,6638.650356306294
QR2,4,571,2022-07-31,6642.703040574957
QR2,4,571,2022-08-31,6635.508574872973
QR2,4,571,2022-09-30,6636.874260656851
QR2,4,571,2022-10-31,6633.944211240852
QR2,4,571,2022-11-30,6626.450860245233
QR2,4,571,2022-12-31,6645.31474550907
QR2,4,571,2023-01-31,6646.23293308418
QR2,4,571,2023-02-28,6646.542575475093
QR2,4,571,2023-03-31,6645.213940154278
QR2,4,571,2023-04-30,6659.261020993269
QR2,4,571,2023-05-31,6650.920773286935
QR2,4,571,2023-06-30,6651.108889382349
QR2,4,571,2023-07-31,6653.209902222693
QR2,4,571,2023-08-31,6671.776586387361
QR2,4,571,2023-09-30,6655.364201395584
QR2,4,571,2023-10-31,6667.717970492306
QR2,4,571,2023-11-30,6717.181722549208
QR2,4,571,2023-12-31,6717.302106980701
QR2,4,571,2024-01-31,6702.7854762236275
QR2,4,571,2024-02-29,6667.576918350756
QR2,4,571,2024-03-31,6669.449972268932
QR2,4,571,2024-04-30,6671.7192170246735
QR2,4,571,2024-05-31,6673.866584197727
QR2,4,571,2024-06-30,6674.6110519374815
QR2,4,571,2024-07-31,6673.174723590768
QR2,4,571,2024-08-31,6676.296588504847
QR2,4,571,2024-09-30,6669.389847938755
QR2,4,571,2024-10-31,6682.60923345337
QR2,4,571,2024-11-30,6683.447223212313
QR2,4,571,2024-12-31,6673.5035419631695
QR2,4,571,2025-01-31,6669.041447171475
QR2,4,571,2025-02-28,6670.162651431317
QR2,4,571,2025-03-31,6679.163152174887
QR2,4,571,2025-04-30,6679.489762821054
QR2,4,571,2025-05-31,6676.347865918806
QR2,4,571,2025-06-30,6678.868779402353
QR2,4,571,2025-07-31,6661.664238808792
QR2,4,571,2025-08-31,6618.158927395409
QR2,4,571,2025-09-30,6621.100981415178
QR2,4,571,2025-10-31,6622.595139434427
QR2,4,571,2025-11-30,6623.166782362634
QR2,4,571,2025-12-31,6614.503032135803
QR2,4,571,2026-01-31,6595.1670144887585
QR2,4,571,2026-02-28,6590.555582816117
QR2,4,571,2026-03-31,6593.050141142866
QR2,4,571,2026-04-30,6596.155572308314
QR2,4,571,2026-05-31,6598.195109373485
QR2,4,571,2026-06-30,6594.547244028302
QR2,4,571,2026-07-31,6589.23314656266
QR2,4,571,2026-08-31,6592.130982477228
QR2,4,120,2018-01-31,8108.903522634908
QR2,4,120,2018-02-28,8155.480049553395
QR2,4,120,2018-03-31,8191.5404087035495
QR2,4,120,2018-04-30,8236.747737817801
QR2,4,120,2018-05-31,8210.785555896338
QR2,4,120,2018-06-30,8141.1914044524265
QR2,4,120,2018-07-31,8083.077869179512
QR2,4,120,2018-08-31,8155.375653624929
QR2,4,120,2018-09-30,8189.439915211183
QR2,4,120,2018-10-31,8219.950841579957
QR2,4,120,2018-11-30,8279.065520184211
QR2,4,120,2018-12-31,8419.19041849688
QR2,4,120,2019-01-31,8451.029368599224
QR2,4,120,2019-02-28,8448.585593318543
QR2,4,120,2019-03-31,8485.836101440842
QR2,4,120,2019-04-30,8052.586806311329
QR2,4,120,2019-05-31,8134.02813487264
QR2,4,120,2019-06-30,8209.003980447123
QR2,4,120,2019-07-31,8074.652581554244
QR2,4,120,2019-08-31,8207.671637987805
QR2,4,120,2019-09-30,8040.434122943162
QR2,4,120,2019-10-31,8107.216021393678
QR2,4,120,2019-11-30,8053.169377516342
QR2,4,120,2019-12-31,8061.512649200325
QR2,4,120,2020-01-31,8079.972666849802
QR2,4,120,2020-02-29,8070.980437508334
QR2,4,120,2020-03-31,8119.081637529869
QR2,4,120,2020-04-30,8088.718766757088
QR2,4,120,2020-05-31,7956.831431225471
QR2,4,120,2020-06-30,7950.174490260914
QR2,4,120,2020-07-31,7831.860167158534
QR2,4,120,2020-08-31,7891.790833078447
QR2,4,120,2020-09-30,7765.301804588131
QR2,4,120,2020-10-31,7823.92895693994
QR2,4,120,2020-11-30,7864.581192759692
QR2,4,120,2020-12-31,7915.031614330911
QR2,4,120,2021-01-31,7882.57660573553
QR2,4,120,2021-02-28,7867.096499741065
QR2,4,120,2021-03-31,7863.873268295727
QR2,4,120,2021-04-30,7895.370959441448
QR2,4,120,2021-05-31,7780.03445441782
QR2,4,120,2021-06-30,7789.261150781053
QR2,4,120,2021-07-31,7805.767447059926
QR2,4,120,2021-08-31,7809.171591681189
QR2,4,120,2021-09-30,7746.7761359412525
QR2,4,120,2021-10-31,7781.732612046892
QR2,4,120,2021-11-30,7836.755171544412
QR2,4,120,2021-12-31,7846.260449755349
QR2,4,120,2022-01-31,7642.3565865404
QR2,4,120,2022-02-28,7649.914853977039
QR2,4,120,2022-03-31,7615.226121238394
QR2,4,120,2022-04-30,7653.733478837714
QR2,4,120,2022-05-31,7899.631193849996
QR2,4,120,2022-06-30,7908.767281260599
QR2,4,120,2022-07-31,7892.663329739351
QR2,4,120,2022-08-31,7936.598751667214
QR2,4,120,2022-09-30,7887.608242773947
QR2,4,120,2022-10-31,7923.508708691094
QR2,4,120,2022-11-30,7920.364851285505
QR2,4,120,2022-12-31,7894.384081418521
QR2,4,120,2023-01-31,7882.628249645402
QR2,4,120,2023-02-28,7862.502094668965
QR2,4,120,2023-03-31,7718.45723277629
QR2,4,120,2023-04-30,7637.568436978565
QR2,4,120,2023-05-31,7609.75869266683
QR2,4,120,2023-06-30,7609.80707908558
QR2,4,120,2023-07-31,7568.238926267614
QR2,4,120,2023-08-31,7564.841586483815
QR2,4,120,2023-09-30,7517.22306043539
QR2,4,120,2023-10-31,7564.02599996965
QR2,4,120,2023-11-30,7565.960832891624
QR2,4,120,2023-12-31,7550.87530104731
QR2,4,120,2024-01-31,7404.500881005591
QR2,4,120,2024-02-29,7094.878482876529
QR2,4,120,2024-03-31,7101.064296908443
QR2,4,120,2024-04-30,7129.818706711351
QR2,4,120,2024-05-31,7132.017138326035
QR2,4,120,2024-06-30,7147.050481365794
QR2,4,120,2024-07-31,7139.445016871389
QR2,4,120,2024-08-31,7129.76494110426
QR2,4,120,2024-09-30,7113.1357659984815
QR2,4,120,2024-10-31,7114.535793518075
QR2,4,120,2024-11-30,7146.831542114657
QR2,4,120,2024-12-31,7108.65253391902
QR2,4,120,2025-01-31,7079.9627218330015
QR2,4,120,2025-02-28,7078.392283606343
QR2,4,120,2025-03-31,7114.379658865757
QR2,4,120,2025-04-30,7171.6288400484755
QR2,4,120,2025-05-31,7162.862917008365
QR2,4,120,2025-06-30,7156.420397658055
QR2,4,120,2025-07-31,6894.9342203140695
QR2,4,120,2025-08-31,6728.929702231235
QR2,4,120,2025-09-30,6725.737281511269
QR2,4,120,2025-10-31,6765.704202124661
QR2,4,120,2025-11-30,6774.871020888461
QR2,4,120,2025-12-31,6813.151094134405
QR2,4,120,2026-01-31,6727.86763661997
QR2,4,120,2026-02-28,6705.189499062758
QR2,4,120,2026-03-31,6720.738637600221
QR2,4,120,2026-04-30,6774.6100576577555
QR2,4,120,2026-05-31,6846.587350693499
QR2,4,120,2026-06-30,6828.259931553406
QR2,4,120,2026-07-31,6808.552199591845
QR2,4,120,2026-08-31,6806.436790864257
