model,seed,window,target_month,validation_end,alpha,actual_log_rv,predicted_log_rv,mse_log_rv,mae_log_rv,mse_rv,mae_rv,qlike_variance,directional_accuracy
CRLX_matched_ridge,0,571,2020-01-31,2019-12-31,100.0,-3.394259264647835,-3.636887560113724,0.0588684897606827,0.24262829546588893,5.229065771086847e-05,0.007231227953181152,0.13933521996286757,1.0
CRLX_matched_ridge,0,571,2020-02-29,2020-01-31,100.0,-2.6562454515374347,-3.515614851490919,0.7385157655764114,0.8593693999534842,0.0016387778535789832,0.04048182127299837,2.858750896130985,0.0
CRLX_matched_ridge,0,571,2020-03-31,2020-02-29,100.0,-1.2968909272855167,-3.045367057046845,3.057168776345154,1.7484761297613285,0.050986357198188524,0.22580158812149334,28.517726039794866,0.0
CRLX_matched_ridge,0,571,2020-04-30,2020-03-31,1.0,-2.134850068143052,-1.8664920528068527,0.07201602439518366,0.2683580153361991,0.0013251746634503517,0.036402948554345865,0.12138115618649381,1.0
CRLX_matched_ridge,0,571,2020-05-31,2020-04-30,1.0,-2.753043170704817,-2.5699572778603987,0.03352044415863775,0.18308589284441812,0.00016397319133111142,0.012805201729418847,0.059555463274336196,1.0
CRLX_matched_ridge,0,571,2020-06-30,2020-05-31,0.0001,-2.4519566880578116,-2.6994632513003554,0.061259498848135294,0.24750656324254372,0.00035657928554330725,0.018883307060557672,0.14550664668896085,1.0
CRLX_matched_ridge,0,571,2020-07-31,2020-06-30,1.0,-3.21882688058945,-2.7294809952387378,0.2394593955096726,0.48934588535071244,0.0006376225841125743,0.02525118975637731,0.35449418383421893,1.0
CRLX_matched_ridge,0,571,2020-08-31,2020-07-31,1.0,-3.605943742197781,-2.9663371297640317,0.40909661866897623,0.6396066124337492,0.0005919378689184691,0.0243297733018306,0.5574693642318148,0.0
CRLX_matched_ridge,0,571,2020-09-30,2020-08-31,1.0,-2.651836989084487,-3.329690702381074,0.4594856566299715,0.677853713296587,0.0012052957231604969,0.03471736918547396,1.5237970241320298,1.0
CRLX_matched_ridge,0,571,2020-10-31,2020-09-30,1.0,-2.7990735485463434,-3.007756597913433,0.0435486150931472,0.2086830493670897,0.00013142426709592076,0.011464042354070433,0.10059203503996872,1.0
CRLX_matched_ridge,0,571,2020-11-30,2020-10-31,1.0,-3.0039337534233583,-2.8886695559073097,0.013285835229018678,0.11526419751604866,3.6706632006192224e-05,0.006058599838757485,0.02464228082491199,1.0
CRLX_matched_ridge,0,571,2020-12-31,2020-11-30,1.0,-3.651571910629322,-3.1779274049571837,0.22433911775340407,0.4736445056721381,0.00024716963675015476,0.015721629583162006,0.3350799077799367,1.0
CRLX_matched_ridge,0,571,2021-01-31,2020-12-31,1.0,-3.0833870228491476,-3.3684777127531915,0.08127670146996376,0.28509068990404396,0.0001290911083059675,0.011361826803202357,0.19840642865262914,1.0
CRLX_matched_ridge,0,571,2021-02-28,2021-01-31,1.0,-3.2488776237223895,-3.269810279984983,0.00043817609820788776,0.02093265626259333,6.465979986491101e-07,0.0008041131752739225,0.0008887108607383981,1.0
CRLX_matched_ridge,0,571,2021-03-31,2021-02-28,1.0,-3.005349457539076,-3.340141571805982,0.11208575977530529,0.33479211426690636,0.0001985141359047704,0.01408950445916287,0.2838407448731496,0.0
CRLX_matched_ridge,0,571,2021-04-30,2021-03-31,1.0,-3.428567723170164,-3.196703091499881,0.05376120741959602,0.23186463167028304,7.163005259717731e-05,0.008463453940158079,0.09266307019771647,1.0
CRLX_matched_ridge,0,571,2021-05-31,2021-04-30,1.0,-3.25079126490233,-3.4532024207120147,0.04097027599621251,0.20241115580968483,5.0401525687812055e-05,0.0070994031923685,0.09421380347154457,0.0
CRLX_matched_ridge,0,571,2021-06-30,2021-05-31,1.0,-3.704361054701714,-3.3283215927600738,0.14140567693735817,0.37603946194164006,0.00012627669406391784,0.011237290334592136,0.22346448257543272,1.0
CRLX_matched_ridge,0,571,2021-07-31,2021-06-30,1.0,-3.396235869388752,-3.5471648896523327,0.022779569157724347,0.15092902026358068,2.2023641759783342e-05,0.0046929353031746925,0.050511190931689987,1.0
CRLX_matched_ridge,0,571,2021-08-31,2021-07-31,1.0,-3.708289465775626,-3.389276694365348,0.10176914832286611,0.31901277141027773,8.489113721419978e-05,0.009213638652248078,0.16636011167250736,0.0
CRLX_matched_ridge,0,571,2021-09-30,2021-08-31,1.0,-3.2831700937799164,-3.5009349905358333,0.04742155025911516,0.21776489675591693,5.387557397653635e-05,0.0073399982272842786,0.11025199370347094,1.0
CRLX_matched_ridge,0,571,2021-10-31,2021-09-30,1.0,-3.386818668681176,-3.317679345214853,0.004780246049380829,0.0691393234663229,5.859988393764111e-06,0.002420741290134927,0.009134643514659202,1.0
CRLX_matched_ridge,0,571,2021-11-30,2021-10-31,1.0,-3.306447862510668,-3.4366513243067907,0.016952941463694336,0.13020346179612252,2.0015560463124374e-05,0.00447387532941234,0.03705102191510762,0.0
CRLX_matched_ridge,0,571,2021-12-31,2021-11-30,0.01,-2.996205908102638,-3.271685044312619,0.0758887544869972,0.2754791362099809,0.00014481439761800398,0.012033885391593356,0.18395647007655058,1.0
CRLX_matched_ridge,0,571,2022-01-31,2021-12-31,0.01,-2.9415796259494096,-3.2234319873623667,0.0794407536340602,0.2818523614129571,0.00016806836951126922,0.012964118539695216,0.19346556265746018,0.0
CRLX_matched_ridge,0,571,2022-02-28,2022-01-31,0.01,-2.79991710955502,-2.9393770941671162,0.01944908730800614,0.1394599846120963,6.266992790572253e-05,0.007916434039750633,0.04278159361107431,1.0
CRLX_matched_ridge,0,571,2022-03-31,2022-02-28,0.01,-2.676617851726222,-2.9510165694801387,0.07529465630499374,0.2743987177539169,0.0002725441575541277,0.016508911458788786,0.18237248660387007,0.0
CRLX_matched_ridge,0,571,2022-04-30,2022-03-31,100.0,-2.647933077507468,-2.9167165498454244,0.07224455500204892,0.2687834723379563,0.000278433533424464,0.0166863277393339,0.1742698529327935,0.0
CRLX_matched_ridge,0,571,2022-05-31,2022-04-30,100.0,-2.4244300010941817,-2.7964816743340943,0.13842244756061872,0.3720516732399126,0.0007564797417646507,0.02750417680579898,0.36045018689648156,0.0
CRLX_matched_ridge,0,571,2022-06-30,2022-05-31,1.0,-2.4599323402147326,-2.712311394556442,0.06369518707041544,0.25237905434170926,0.00036318983733384113,0.019057540170070247,0.15182664984070193,1.0
CRLX_matched_ridge,0,571,2022-07-31,2022-06-30,1.0,-2.8821336588859534,-2.6633906532861094,0.047848502498853404,0.21874300559984405,0.0001875895956934958,0.013696335119056331,0.08314356953906066,1.0
CRLX_matched_ridge,0,571,2022-08-31,2022-07-31,100.0,-2.844638284908549,-3.0072523601437,0.026443337464583362,0.16261407523515103,7.61779457444316e-05,0.00872799780845708,0.05911829877720437,0.0
CRLX_matched_ridge,0,571,2022-09-30,2022-08-31,100.0,-2.646329916608998,-2.9883792271197995,0.1169977308209146,0.34204931051080134,0.00042197285942342224,0.020541977982254343,0.2978858899344843,0.0
CRLX_matched_ridge,0,571,2022-10-31,2022-09-30,0.01,-2.5235204874353756,-2.6608884945571285,0.018869969380601957,0.1373680071217529,0.0001058994738222686,0.010290747000206962,0.04144716114743724,0.0
CRLX_matched_ridge,0,571,2022-11-30,2022-10-31,0.01,-2.5436055847483017,-2.9457851851251347,0.16174843095926908,0.402179600376833,0.0006771329644153793,0.02602177865587553,0.43090448375779267,1.0
CRLX_matched_ridge,0,571,2022-12-31,2022-11-30,1.0,-2.953340209712298,-2.9053698373651793,0.0023011566231212165,0.04797037234711876,6.57088723942143e-06,0.0025633741902854196,0.0044585936709169854,1.0
CRLX_matched_ridge,0,571,2023-01-31,2022-12-31,1.0,-3.0446334829778476,-2.8252753150010914,0.0481180058581188,0.21935816797675622,0.00013638900823880406,0.011678570470687072,0.08358001428162226,0.0
CRLX_matched_ridge,0,571,2023-02-28,2023-01-31,1.0,-3.1747292629057444,-3.2397114808735337,0.004222688652013272,0.06498221796778925,6.918081283722311e-06,0.0026302245690667386,0.008823446743241786,1.0
CRLX_matched_ridge,0,571,2023-03-31,2023-02-28,1.0,-2.9240573364232487,-3.0690460720251442,0.021021733451436365,0.1449887356018955,5.2560253839753496e-05,0.0072498450907418355,0.0464199090583024,1.0
CRLX_matched_ridge,0,571,2023-04-30,2023-03-31,1e-08,-3.442485805524746,-3.0185850627604456,0.17969183971612562,0.42390074276430045,0.00028511133512674537,0.016885240156028145,0.27615712909565393,1.0
CRLX_matched_ridge,0,571,2023-05-31,2023-04-30,1e-08,-3.29928079041607,-3.1989334260288134,0.010069593539468845,0.10034736438725655,1.5178811382237363e-05,0.0038959994073712798,0.018856883573415112,1.0
CRLX_matched_ridge,0,571,2023-06-30,2023-05-31,1e-08,-3.4043718007388586,-3.2416902008037347,0.026465302957451697,0.16268159993512388,3.445771037379076e-05,0.005870069026322498,0.04762817932124702,0.0
CRLX_matched_ridge,0,571,2023-07-31,2023-06-30,1.0,-3.7661453260783695,-3.3781853532235324,0.15051294053752592,0.3879599728548371,0.00012030145459329753,0.01096820197631761,0.2362000991289429,0.0
CRLX_matched_ridge,0,571,2023-08-31,2023-07-31,1e-08,-3.308105488673255,-3.467914730123748,0.025538993652981977,0.15980924145049302,2.9197097508579802e-05,0.005403433862700625,0.05698398385672576,1.0
CRLX_matched_ridge,0,571,2023-09-30,2023-08-31,0.0001,-3.437757865373422,-3.320874928936557,0.013661620830104297,0.11688293643686531,1.5876679362544134e-05,0.003984555102209547,0.025312989728253493,1.0
CRLX_matched_ridge,0,571,2023-10-31,2023-09-30,0.0001,-3.193098626287721,-3.2050849049740293,0.00014367087674585407,0.011986278686308527,2.391542702179177e-07,0.0004890340174445104,0.0002896516861705112,1.0
CRLX_matched_ridge,0,571,2023-11-30,2023-10-31,0.0001,-3.3142693090819773,-3.125898367085081,0.035483611788798115,0.1883709419968964,5.680444880725288e-05,0.007536872614503504,0.06283502665855895,0.0
CRLX_matched_ridge,0,571,2023-12-31,2023-11-30,0.01,-3.568281666444767,-3.4735082041867056,0.008982009148380227,0.0947734622580616,7.861185690590998e-06,0.0028037806067149756,0.01688081826007143,1.0
CRLX_matched_ridge,0,571,2024-01-31,2023-12-31,1.0,-3.4647197491071067,-3.4495755358507436,0.0002293471951542026,0.01514421325636306,2.2785651203900365e-07,0.00047734318057243014,0.0004540982019324638,1.0
CRLX_matched_ridge,0,571,2024-02-29,2024-01-31,1.0,-3.3449345770399286,-3.4063626843047845,0.003773412362142645,0.061428107264855925,4.413871461177498e-06,0.002100921574256759,0.007865613359009843,1.0
CRLX_matched_ridge,0,571,2024-03-31,2024-02-29,1.0,-3.579023213504305,-3.4117899774202316,0.027966955251151494,0.1672332360840736,2.5797969012098488e-05,0.0050791701105690965,0.05018631312825894,1.0
CRLX_matched_ridge,0,571,2024-04-30,2024-03-31,1.0,-3.2298318565473947,-3.435567773769682,0.042327267635295825,0.20573591722228723,5.4125919842398154e-05,0.007357031999549693,0.09756536989427744,1.0
CRLX_matched_ridge,0,571,2024-05-31,2024-04-30,1.0,-3.551159106071428,-3.1815588199875102,0.13660437147331372,0.3696002860839176,0.0001645965072412774,0.012829517030709978,0.2166960583308244,0.0
CRLX_matched_ridge,0,571,2024-06-30,2024-05-31,1.0,-3.974327104300053,-3.4161965393314544,0.31150972755216727,0.5581305649685988,0.00019726624005976355,0.014045150054725779,0.44376312571833343,0.0
CRLX_matched_ridge,0,571,2024-07-31,2024-06-30,1.0,-3.172237966118978,-3.5715259734585683,0.1594309128052206,0.39928800733959013,0.00019035111142011265,0.013796779023384866,0.423798031532304,1.0
CRLX_matched_ridge,0,571,2024-08-31,2024-07-31,1e-08,-2.8728553989963164,-3.452434410809867,0.3359118309347716,0.5795790118135504,0.000618457760272395,0.0248688109943438,1.02809053443266,0.0
CRLX_matched_ridge,0,571,2024-09-30,2024-08-31,1e-08,-3.2605071347369625,-3.1737029616808154,0.007534964459961529,0.08680417305614707,1.2106314454814613e-05,0.0034794129468654067,0.014234413773668658,1.0
CRLX_matched_ridge,0,571,2024-10-31,2024-09-30,1e-08,-3.4205515268412334,-3.261269294873787,0.025370829420531368,0.15928223196744629,3.1869464073668575e-05,0.00564530460415278,0.045756662708924645,1.0
CRLX_matched_ridge,0,571,2024-11-30,2024-10-31,1e-08,-3.3432396881530604,-3.1786826293995714,0.02707902558559924,0.16455705875348903,3.9918844374356804e-05,0.0063181361471842945,0.04867501507277533,1.0
CRLX_matched_ridge,0,571,2024-12-31,2024-11-30,1e-08,-3.197746191257484,-3.349615771474349,0.023064369395246736,0.1518695802168648,3.313545821092066e-05,0.005756340696216708,0.0511764339635733,0.0
CRLX_matched_ridge,0,571,2025-01-31,2024-12-31,1e-08,-3.243894689291075,-3.1712949324947672,0.005270724686883026,0.0725997567963077,8.629380601473535e-06,0.0029375807395667503,0.010049240213218374,0.0
CRLX_matched_ridge,0,571,2025-02-28,2025-01-31,1e-08,-3.3361230676767963,-3.3072842632698904,0.0008316766396197747,0.028838804406905894,1.0834015619284488e-06,0.0010408657751739409,0.0016318297214180724,1.0
CRLX_matched_ridge,0,571,2025-03-31,2025-02-28,1e-08,-2.8189264390259248,-3.2324174355824953,0.1709748042333458,0.4134909965565705,0.0004083625004194989,0.020207981106966103,0.459425929092929,1.0
CRLX_matched_ridge,0,571,2025-04-30,2025-03-31,1e-08,-1.983632317040605,-2.983274558771486,0.9992846114527416,0.9996422417308812,0.007558885980826512,0.08694185402225163,4.384486514642144,0.0
CRLX_matched_ridge,0,571,2025-05-31,2025-04-30,1e-08,-3.029808966262144,-2.7335079678178404,0.08779428167909126,0.2963009984443037,0.0002777567024344195,0.01666603439437287,0.14548879863181474,1.0
CRLX_matched_ridge,0,571,2025-06-30,2025-05-31,1e-08,-3.530189938328582,-2.941534728826049,0.34651495567447077,0.5886552095025328,0.0005515596044707697,0.023485306139600773,0.4854167210622855,0.0
CRLX_matched_ridge,0,571,2025-07-31,2025-06-30,1e-08,-3.9507722447624736,-3.1571013436737876,0.6299134992349268,0.793670901088686,0.0005433122295025027,0.023309058957892374,0.7918102096382679,0.0
CRLX_matched_ridge,0,571,2025-08-31,2025-07-31,1e-08,-3.3885720022366694,-3.5086616861063735,0.014421532171925466,0.12008968386970409,1.459159415431162e-05,0.003819894521359408,0.03129782411935034,1.0
CRLX_matched_ridge,0,571,2025-09-30,2025-08-31,1e-08,-3.844352655797379,-3.4565898905319785,0.15035996212626995,0.3877627652654003,0.00010275620425415748,0.010136873495025844,0.235987261235177,1.0
CRLX_matched_ridge,0,571,2025-10-31,2025-09-30,1e-08,-3.200601249147139,-3.5989181752359958,0.15865637360887566,0.3983169260888566,0.0001791423020908031,0.013384405182554925,0.4214281711769452,1.0
CRLX_matched_ridge,0,571,2025-11-30,2025-10-31,1e-08,-3.1877347547552812,-3.3390059749208945,0.022882982050393432,0.15127122016561323,3.35593191337889e-05,0.005793040577605935,0.05075266916389193,0.0
CRLX_matched_ridge,0,571,2025-12-31,2025-11-30,1e-08,-3.669080341092571,-3.275649877755871,0.15478752948133048,0.39343046333670006,0.00015110286383930647,0.012292390485145941,0.2421326124322717,1.0
CRLX_matched_ridge,0,571,2026-01-31,2025-12-31,1e-08,-3.5432987087435324,-3.3556130380239884,0.035225910993445096,0.187685670719544,3.5643260515671465e-05,0.005970197694856634,0.0624054486210327,1.0
CRLX_matched_ridge,0,571,2026-02-28,2026-01-31,1e-08,-3.319307735691405,-3.458011763555565,0.019238807345741682,0.13870402786416003,2.1954413979662626e-05,0.004685553753790754,0.042296718542738365,1.0
CRLX_matched_ridge,0,571,2026-03-31,2026-02-28,1e-08,-2.9305511753093016,-3.2853462919280716,0.12587957477652656,0.35479511661876995,0.00025408338193757835,0.015939993159897477,0.32356773413547635,1.0
CRLX_matched_ridge,0,571,2026-04-30,2026-03-31,1e-08,-3.237312027686596,-3.0797055121805252,0.02483981372996528,0.15760651550607063,4.493670991761957e-05,0.006703484908435281,0.04484645417720401,1.0
CRLX_matched_ridge,0,571,2026-05-31,2026-04-30,1e-08,-3.5119546359486353,-3.3711405274774746,0.019828613144527815,0.14081410847116071,2.0357272720364956e-05,0.004511903447588939,0.03618237978748409,1.0
CRLX_matched_ridge,0,571,2026-06-30,2026-05-31,0.0001,-3.0168147582707263,-3.3982801530488747,0.14551584741324855,0.38146539477814834,0.0002410626877947674,0.015526193602901112,0.38162146092525506,1.0
CRLX_matched_ridge,0,571,2026-07-31,2026-06-30,100.0,-3.371829178429884,-3.2845675429713195,0.007614593022903435,0.08726163545856469,9.796837284539782e-06,0.003129989981539842,0.014380580669075993,1.0
CRLX_matched_ridge,0,571,2026-08-31,2026-07-31,0.01,-3.507788998946598,-3.3722114474196383,0.018381272478045416,0.13557755152695972,1.892755348845647e-05,0.004350580821965783,0.03365332448406508,1.0
CRLX_raw_input_ridge,0,571,2020-01-31,2019-12-31,100.0,-3.394259264647835,-3.555509461610259,0.026001626020420547,0.16125019696242404,2.4985907374226762e-05,0.004998590538764579,0.05807504077758646,1.0
CRLX_raw_input_ridge,0,571,2020-02-29,2020-01-31,100.0,-2.6562454515374347,-3.4558760464124534,0.6394090882601762,0.7996305948750186,0.0014939535139321866,0.038651694839064776,2.3501132349717535,0.0
CRLX_raw_input_ridge,0,571,2020-03-31,2020-02-29,1e-08,-1.2968909272855167,-2.9395524234781893,2.6983367910739497,1.6426614961926727,0.04861629751197748,0.22049103725997,22.43228951440058,0.0
CRLX_raw_input_ridge,0,571,2020-04-30,2020-03-31,1e-08,-2.134850068143052,-1.7807088226360932,0.1254160217692199,0.3541412455069586,0.002525699182517423,0.05025633475013297,0.20077181735244842,1.0
CRLX_raw_input_ridge,0,571,2020-05-31,2020-04-30,1e-08,-2.753043170704817,-2.4841743010748933,0.07229046905607281,0.2688688696299235,0.0003865459249217881,0.019660771218896478,0.12180581245310274,1.0
CRLX_raw_input_ridge,0,571,2020-06-30,2020-05-31,1e-08,-2.4519566880578116,-2.954938404140871,0.25299060671385915,0.5029817160830592,0.0011589281264734028,0.03404303344993514,0.7285771162888393,0.0
CRLX_raw_input_ridge,0,571,2020-07-31,2020-06-30,1e-08,-3.21882688058945,-2.7184999919507686,0.2503269954948637,0.5003268886386816,0.0006745283394705493,0.0259716834161852,0.36829278583261305,1.0
CRLX_raw_input_ridge,0,571,2020-08-31,2020-07-31,1e-08,-3.605943742197781,-3.044767540382927,0.31491872948334554,0.5611762018148538,0.0004180216808749989,0.020445578516515468,0.4478655585561142,0.0
CRLX_raw_input_ridge,0,571,2020-09-30,2020-08-31,1e-08,-2.651836989084487,-3.2948589604033334,0.4134772555987752,0.6430219713188463,0.0011187869806993482,0.03344827320952979,1.3323994909288839,1.0
CRLX_raw_input_ridge,0,571,2020-10-31,2020-09-30,1e-08,-2.7990735485463434,-2.803199039957411,1.7019679382792124e-05,0.00412549141106755,6.279367765224046e-08,0.00025058666694826454,3.413317158583798e-05,1.0
CRLX_raw_input_ridge,0,571,2020-11-30,2020-10-31,1e-08,-3.0039337534233583,-2.8060527388485417,0.0391568959291588,0.19788101457481666,0.00011775513548692539,0.010851503835272114,0.06892890012049302,1.0
CRLX_raw_input_ridge,0,571,2020-12-31,2020-11-30,1e-08,-3.651571910629322,-3.206295081838838,0.19827145425771003,0.445276828790484,0.00021188014615081328,0.014556103398602707,0.300982110591553,1.0
CRLX_raw_input_ridge,0,571,2021-01-31,2020-12-31,1e-08,-3.0833870228491476,-3.3636370926414774,0.07854010161860572,0.2802500697923298,0.00012532134976494348,0.01119470186136922,0.19104816032138516,1.0
CRLX_raw_input_ridge,0,571,2021-02-28,2021-01-31,1e-08,-3.2488776237223895,-3.297169248666062,0.0023320810397003486,0.04829162494367267,3.3490065912871814e-06,0.0018300291230707727,0.0048180189714544935,1.0
CRLX_raw_input_ridge,0,571,2021-03-31,2021-02-28,1e-08,-3.005349457539076,-3.19200485125404,0.0348402360028883,0.1866553937149642,7.109922286471757e-05,0.008432035511352971,0.07922491209768945,1.0
CRLX_raw_input_ridge,0,571,2021-04-30,2021-03-31,1e-08,-3.428567723170164,-3.2369525716604324,0.036716366288097366,0.19161515150973152,4.6923393634588003e-05,0.006850065228491478,0.06488619681615226,1.0
CRLX_raw_input_ridge,0,571,2021-05-31,2021-04-30,1e-08,-3.25079126490233,-3.374108866628158,0.015207230895409925,0.12331760172582795,2.020425625030862e-05,0.004494914487541295,0.03307698957554511,1.0
CRLX_raw_input_ridge,0,571,2021-06-30,2021-05-31,1e-08,-3.704361054701714,-3.266100423255884,0.1920723810752976,0.43826063144582994,0.0001833041100373653,0.01353898482299782,0.2927496079637274,1.0
CRLX_raw_input_ridge,0,571,2021-07-31,2021-06-30,1e-08,-3.396235869388752,-3.3368709197038666,0.003524197251088972,0.05936494968488537,4.197943844204336e-06,0.0020488884411320046,0.0067775299658656835,1.0
CRLX_raw_input_ridge,0,571,2021-08-31,2021-07-31,1e-08,-3.708289465775626,-3.2769682326767255,0.18603800612195584,0.43132123309890025,0.00017484987881756362,0.013223081290590466,0.28468783310799284,0.0
CRLX_raw_input_ridge,0,571,2021-09-30,2021-08-31,1e-08,-3.2831700937799164,-3.3257278484465274,0.001811162482263445,0.042557754666610936,2.4423902225068425e-06,0.0015628148394825417,0.0037273216109506846,1.0
CRLX_raw_input_ridge,0,571,2021-10-31,2021-09-30,1e-08,-3.386818668681176,-3.1709316703372163,0.04660719605396488,0.21588699834395975,6.63963653685264e-05,0.008148396490630927,0.0811301134236756,0.0
CRLX_raw_input_ridge,0,571,2021-11-30,2021-10-31,1e-08,-3.306447862510668,-3.419036658808545,0.012676237051804765,0.11258879629787666,1.5226786424804112e-05,0.0039021515122819248,0.027367546587754032,0.0
CRLX_raw_input_ridge,0,571,2021-12-31,2021-11-30,1e-08,-2.996205908102638,-3.168831519782805,0.029799601807951805,0.172625611680167,6.278370505344266e-05,0.007923616917383289,0.06709346572101793,1.0
CRLX_raw_input_ridge,0,571,2022-01-31,2021-12-31,1e-08,-2.9415796259494096,-3.0613786750617233,0.014351812168214564,0.11979904911231376,3.5511942098198376e-05,0.0059591897182585465,0.03114023746185235,0.0
CRLX_raw_input_ridge,0,571,2022-02-28,2022-01-31,1e-08,-2.79991710955502,-2.7248312021561647,0.005637893489909463,0.07508590739885523,2.2488122269820007e-05,0.004742164302280132,0.010731921559372942,1.0
CRLX_raw_input_ridge,0,571,2022-03-31,2022-02-28,1e-08,-2.676617851726222,-2.840008155185993,0.02669639126467613,0.16339030345977124,0.0001075420435898285,0.010370248000401365,0.05971664898593959,0.0
CRLX_raw_input_ridge,0,571,2022-04-30,2022-03-31,100.0,-2.647933077507468,-2.962658280226277,0.09905195322639541,0.314725202718809,0.00036542312930502754,0.019116043767082862,0.24712853278021285,0.0
CRLX_raw_input_ridge,0,571,2022-05-31,2022-04-30,100.0,-2.4244300010941817,-2.6512709901187494,0.05145683430164406,0.22684098902456773,0.0003228164215618139,0.017967092740947654,0.12041534231627427,0.0
CRLX_raw_input_ridge,0,571,2022-06-30,2022-05-31,100.0,-2.4599323402147326,-2.6665716310251004,0.04269979650661176,0.2066392908103678,0.0002544240882202636,0.015950676732360405,0.09848753591154014,1.0
CRLX_raw_input_ridge,0,571,2022-07-31,2022-06-30,1e-08,-2.8821336588859534,-2.446176690589252,0.1900584782064512,0.4359569682967015,0.0009369125343403,0.030609027007409105,0.29006440599263195,0.0
CRLX_raw_input_ridge,0,571,2022-08-31,2022-07-31,100.0,-2.844638284908549,-3.0263251209988473,0.03301010640850294,0.18168683609029834,9.334998677733336e-05,0.009661779689960508,0.07479949196873581,0.0
CRLX_raw_input_ridge,0,571,2022-09-30,2022-08-31,1.0,-2.646329916608998,-2.610874388408506,0.0012570944799758853,0.035455528200492026,6.549959199813196e-06,0.0025592888074254527,0.002455799786098084,1.0
CRLX_raw_input_ridge,0,571,2022-10-31,2022-09-30,1.0,-2.5235204874353756,-2.68571256891849,0.026306271295825284,0.1621920814831146,0.00014410198738324528,0.012004248722150224,0.058794408083432115,0.0
CRLX_raw_input_ridge,0,571,2022-11-30,2022-10-31,1.0,-2.5436055847483017,-3.0527579007128276,0.2592360808520404,0.5091523159645259,0.0009830770287724854,0.03135405920726191,0.750192529385854,1.0
CRLX_raw_input_ridge,0,571,2022-12-31,2022-11-30,1.0,-2.953340209712298,-2.782978960276559,0.02902295530930606,0.17036124943573894,9.387284776106566e-05,0.009688800119780863,0.051978754108105985,1.0
CRLX_raw_input_ridge,0,571,2023-01-31,2022-12-31,1.0,-3.0446334829778476,-2.694106908020826,0.12286887975110038,0.35052657495702144,0.00039955893104122973,0.019988970234637644,0.19711575022632355,0.0
CRLX_raw_input_ridge,0,571,2023-02-28,2023-01-31,1.0,-3.1747292629057444,-3.240967181882242,0.00438746191033707,0.06623791897649767,7.17910949787429e-06,0.002679386030021484,0.009175593167394358,1.0
CRLX_raw_input_ridge,0,571,2023-03-31,2023-02-28,1.0,-2.9240573364232487,-3.0643878766270647,0.01969266051389481,0.14033054020381597,4.946161208782814e-05,0.007032895000483666,0.04334371631114475,1.0
CRLX_raw_input_ridge,0,571,2023-04-30,2023-03-31,1.0,-3.442485805524746,-2.923806103526832,0.269028633264645,0.5186797019979141,0.0004727894690042893,0.021743722519483394,0.3917486503358899,0.0
CRLX_raw_input_ridge,0,571,2023-05-31,2023-04-30,100.0,-3.29928079041607,-3.137971195815374,0.026020785310240872,0.16130959460069594,4.17444653139339e-05,0.006460995690598617,0.04686879313183362,1.0
CRLX_raw_input_ridge,0,571,2023-06-30,2023-05-31,1.0,-3.4043718007388586,-3.212504691917875,0.03681298744732315,0.19186710882098357,4.939238672300839e-05,0.0070279717360706845,0.06504670159814302,0.0
CRLX_raw_input_ridge,0,571,2023-07-31,2023-06-30,100.0,-3.7661453260783695,-3.347224462408138,0.17549469001821252,0.4189208636702313,0.00014498024702887336,0.012040774353374178,0.27048500599707126,0.0
CRLX_raw_input_ridge,0,571,2023-08-31,2023-07-31,1.0,-3.308105488673255,-3.4496001062672645,0.02002072680807498,0.1414946175940095,2.3300757645206447e-05,0.004827085833627412,0.044101640668485154,1.0
CRLX_raw_input_ridge,0,571,2023-09-30,2023-08-31,0.01,-3.437757865373422,-3.286790699835868,0.022791085070443355,0.1509671655375544,2.742555009421636e-05,0.005236940909941257,0.041320949094691584,0.0
CRLX_raw_input_ridge,0,571,2023-10-31,2023-09-30,100.0,-3.193098626287721,-3.211128322303363,0.000325069938416468,0.018029696015642305,5.378586395041147e-07,0.0007333884642562322,0.0006580253844983286,1.0
CRLX_raw_input_ridge,0,571,2023-11-30,2023-10-31,0.01,-3.3142693090819773,-3.0833686071847755,0.05331513413662045,0.2309007018972018,8.919085854560086e-05,0.009444091197441967,0.09194887620747505,0.0
CRLX_raw_input_ridge,0,571,2023-12-31,2023-11-30,1e-08,-3.568281666444767,-3.4398081198135966,0.01650545218399157,0.1284735466311706,1.495030228930591e-05,0.0038665620762255853,0.030356224499385076,1.0
CRLX_raw_input_ridge,0,571,2024-01-31,2023-12-31,0.01,-3.4647197491071067,-3.4659781385339397,1.5835439495650466e-06,0.0012583894268329843,1.5476271153791984e-09,3.93398921627805e-05,3.1697465249971163e-06,1.0
CRLX_raw_input_ridge,0,571,2024-02-29,2024-01-31,0.01,-3.3449345770399286,-3.2914191208457226,0.0028639040516739754,0.053515456194205946,3.7577710700167875e-06,0.0019384971163292422,0.005528810233416143,1.0
CRLX_raw_input_ridge,0,571,2024-03-31,2024-02-29,1e-08,-3.579023213504305,-3.4753839081254485,0.010741105619411911,0.10363930537885668,9.284266536617307e-06,0.003047009441504458,0.020071776276535253,1.0
CRLX_raw_input_ridge,0,571,2024-04-30,2024-03-31,100.0,-3.2298318565473947,-3.36422806672186,0.018062341309259003,0.13439621017446512,2.475504989869884e-05,0.00497544469356246,0.03959109871256111,1.0
CRLX_raw_input_ridge,0,571,2024-05-31,2024-04-30,100.0,-3.551159106071428,-3.1192548242897624,0.18654130862133622,0.4319042817816654,0.00024021036792684844,0.015498721493299002,0.2853620713166036,0.0
CRLX_raw_input_ridge,0,571,2024-06-30,2024-05-31,100.0,-3.974327104300053,-3.3955775737089193,0.3349510191594578,0.5787495305911339,0.00021695066901737672,0.014729245364830362,0.4717702330214859,0.0
CRLX_raw_input_ridge,0,571,2024-07-31,2024-06-30,100.0,-3.172237966118978,-3.50305272543541,0.10943840498158862,0.3308147593164317,0.00013934293195795404,0.01180436071788532,0.27631816608165294,1.0
CRLX_raw_input_ridge,0,571,2024-08-31,2024-07-31,100.0,-2.8728553989963164,-3.499159893140374,0.39225731938504366,0.6263044941440574,0.0006924527172660154,0.02631449633312436,1.2468521224767017,0.0
CRLX_raw_input_ridge,0,571,2024-09-30,2024-08-31,100.0,-3.2605071347369625,-3.2053240376634347,0.0030451742026263995,0.055183097073527865,4.738572706480084e-06,0.0021768262922153628,0.0058723402840261535,1.0
CRLX_raw_input_ridge,0,571,2024-10-31,2024-09-30,100.0,-3.4205515268412334,-3.220857032682536,0.03987789099729809,0.19969449415869756,5.222131962170819e-05,0.00722643201183739,0.07011873288479481,0.0
CRLX_raw_input_ridge,0,571,2024-11-30,2024-10-31,100.0,-3.3432396881530604,-3.1693895569984534,0.03022386810247406,0.173850131154607,4.498261141966628e-05,0.0067069077390155205,0.05401081469229968,1.0
CRLX_raw_input_ridge,0,571,2024-12-31,2024-11-30,100.0,-3.197746191257484,-3.3237723971621027,0.015882604574713338,0.12602620590461866,2.3401134970940774e-05,0.004837471960739491,0.03461106006884401,1.0
CRLX_raw_input_ridge,0,571,2025-01-31,2024-12-31,100.0,-3.243894689291075,-3.161929571671016,0.006718280506470085,0.08196511762005887,1.110419636935198e-05,0.0033322959606481503,0.012731471469196343,0.0
CRLX_raw_input_ridge,0,571,2025-02-28,2025-01-31,100.0,-3.3361230676767963,-3.2941236883965352,0.001763947859927225,0.041999379280261095,2.3284665449255254e-06,0.0015259313696642865,0.0034311560746138198,1.0
CRLX_raw_input_ridge,0,571,2025-03-31,2025-02-28,100.0,-2.8189264390259248,-3.2237744509187074,0.16390191273353866,0.40484801189278263,0.00039463545124382237,0.019865433578047632,0.437528756175275,1.0
CRLX_raw_input_ridge,0,571,2025-04-30,2025-03-31,100.0,-1.983632317040605,-3.006447583917752,1.0461510701569696,1.022815266877147,0.007761881541727597,0.08810154108599688,4.688403036280668,0.0
CRLX_raw_input_ridge,0,571,2025-05-31,2025-04-30,1e-08,-3.029808966262144,-2.7550844770291385,0.07547354498433582,0.27472448923300563,0.00023344104097904113,0.015278777470041284,0.12671678822025367,1.0
CRLX_raw_input_ridge,0,571,2025-06-30,2025-05-31,1e-08,-3.530189938328582,-2.9024061946425035,0.3941124288365079,0.6277837436860785,0.0006549316472845687,0.025591632368502183,0.5404816045471407,0.0
CRLX_raw_input_ridge,0,571,2025-07-31,2025-06-30,100.0,-3.9507722447624736,-3.136244784936877,0.6634549828099391,0.8145274598255967,0.0005859208265241245,0.02420580150550947,0.825169750495813,0.0
CRLX_raw_input_ridge,0,571,2025-08-31,2025-07-31,1e-08,-3.3885720022366694,-3.5307695330540345,0.020220137770555494,0.14219753081736508,2.0020915427370305e-05,0.0044744737598258755,0.044562785683688266,1.0
CRLX_raw_input_ridge,0,571,2025-09-30,2025-08-31,1e-08,-3.844352655797379,-3.4746626672524594,0.13667068763034265,0.3696899885449194,9.162375103179069e-05,0.00957202961924955,0.21678980589628138,1.0
CRLX_raw_input_ridge,0,571,2025-10-31,2025-09-30,1e-08,-3.200601249147139,-3.536471142010262,0.11280858493188554,0.33586989286312274,0.00013506649671174556,0.01162181124918769,0.2859004484176635,1.0
CRLX_raw_input_ridge,0,571,2025-11-30,2025-10-31,1e-08,-3.1877347547552812,-3.3306108536453456,0.02041357963404345,0.14287609889006436,3.0183966133307158e-05,0.005493993641542294,0.04501045067201381,0.0
CRLX_raw_input_ridge,0,571,2025-12-31,2025-11-30,1e-08,-3.669080341092571,-3.2401852451901565,0.18395100328914152,0.4288950959024147,0.00018650628689999648,0.013656730461570826,0.2818884151250479,1.0
CRLX_raw_input_ridge,0,571,2026-01-31,2025-12-31,1e-08,-3.5432987087435324,-3.3558035919596527,0.03515441881780067,0.18749511678387965,3.55639320267528e-05,0.005963550287098517,0.062286224755680575,1.0
CRLX_raw_input_ridge,0,571,2026-02-28,2026-01-31,1e-08,-3.319307735691405,-3.505229668589291,0.03456696513248605,0.18592193289788606,3.767497522211994e-05,0.006137994397367917,0.07856263975199096,1.0
CRLX_raw_input_ridge,0,571,2026-03-31,2026-02-28,1e-08,-2.9305511753093016,-3.2837842560494828,0.12477360932919931,0.3532330807401811,0.00025222153997799077,0.015881484186875947,0.32034998581731644,1.0
CRLX_raw_input_ridge,0,571,2026-04-30,2026-03-31,0.01,-3.237312027686596,-3.0728283101413902,0.027054893337490987,0.16448371754520563,4.9290772648678433e-05,0.007020738753769323,0.048633887328848435,1.0
CRLX_raw_input_ridge,0,571,2026-05-31,2026-04-30,0.01,-3.5119546359486353,-3.358372727642128,0.02358740255906842,0.1535819083065073,2.453512896007981e-05,0.004953294758045377,0.04269391560084279,1.0
CRLX_raw_input_ridge,0,571,2026-06-30,2026-05-31,0.01,-3.0168147582707263,-3.258962498934375,0.05863552830850969,0.24214774066364875,0.00011085274826803606,0.010528663175732998,0.13873566887766198,1.0
CRLX_raw_input_ridge,0,571,2026-07-31,2026-06-30,1.0,-3.371829178429884,-3.2164093622183563,0.02415531927122511,0.1554198162115279,3.331587106791812e-05,0.0057719902172403345,0.0436710212636382,1.0
CRLX_raw_input_ridge,0,571,2026-08-31,2026-07-31,0.01,-3.507788998946598,-3.2772205131437504,0.053161826645417944,0.2305684858028476,6.0371343842944496e-05,0.007769899860548043,0.09170327340952711,0.0
CRLX_matched_ridge,0,120,2020-01-31,2019-12-31,100.0,-3.394259264647835,-3.5621295448704307,0.028180430982012748,0.16787028022259554,2.6905805676480288e-05,0.005187080650662788,0.06323546756201631,1.0
CRLX_matched_ridge,0,120,2020-02-29,2020-01-31,100.0,-2.6562454515374347,-3.51198503094186,0.7322902277592624,0.8557395794044251,0.0016300366503773376,0.04037371236804138,2.8256665823090925,0.0
CRLX_matched_ridge,0,120,2020-03-31,2020-02-29,100.0,-1.2968909272855167,-3.2584035820586763,3.8475318948352486,1.9615126547731596,0.055192434678758555,0.23493070186495113,45.63012729299309,0.0
CRLX_matched_ridge,0,120,2020-04-30,2020-03-31,0.0001,-2.134850068143052,-2.545003765033716,0.16822605507307872,0.41015369689066405,0.0015832093881235302,0.03978956380916396,0.45089048856346214,1.0
CRLX_matched_ridge,0,120,2020-05-31,2020-04-30,1e-08,-2.753043170704817,-2.6529864381649984,0.010011349726544775,0.1000567325398185,4.4982759841016466e-05,0.0067069188038186706,0.018751326077622893,1.0
CRLX_matched_ridge,0,120,2020-06-30,2020-05-31,1e-06,-2.4519566880578116,-4.131288933967662,2.820156792152622,1.6793322459098503,0.004908787472809476,0.07006273954684812,24.392103850016866,0.0
CRLX_matched_ridge,0,120,2020-07-31,2020-06-30,1.0,-3.21882688058945,-3.8731936596048384,0.4281958814789739,0.6543667790153882,0.00036902781394709615,0.019210096666781667,1.3927494711109363,1.0
CRLX_matched_ridge,0,120,2020-08-31,2020-07-31,100.0,-3.605943742197781,-3.0889949537170063,0.26723604991174066,0.5169487884807746,0.0003380416860159689,0.01838590998607273,0.3895157835718459,0.0
CRLX_matched_ridge,0,120,2020-09-30,2020-08-31,100.0,-2.651836989084487,-3.22144852094906,0.32445729723310535,0.5696115318645729,0.0009378491144313167,0.030624322268930568,0.985116945164731,1.0
CRLX_matched_ridge,0,120,2020-10-31,2020-09-30,100.0,-2.7990735485463434,-3.0341362219826205,0.055254460443009835,0.23506267343627707,0.00016256810109544523,0.012750219648909787,0.13006941318298104,1.0
CRLX_matched_ridge,0,120,2020-11-30,2020-10-31,100.0,-3.0039337534233583,-3.2246090661058924,0.04869759362753417,0.22067531268253404,9.643783109572714e-05,0.009820276528475516,0.11345513575353972,1.0
CRLX_matched_ridge,0,120,2020-12-31,2020-11-30,100.0,-3.651571910629322,-3.5699971963778268,0.006654434005213077,0.0815747142514951,4.8647925702335155e-06,0.0022056274776655997,0.01261367326287835,1.0
CRLX_matched_ridge,0,120,2021-01-31,2020-12-31,100.0,-3.0833870228491476,-3.725677262493258,0.4125367519420887,0.6422902396441104,0.0004711973161615139,0.021707079862605054,1.3285713678969855,0.0
CRLX_matched_ridge,0,120,2021-02-28,2021-01-31,100.0,-3.2488776237223895,-3.7651894749387647,0.2665779277064803,0.5163118512163751,0.0002450642639714204,0.015654528545166104,0.7758009449571106,1.0
CRLX_matched_ridge,0,120,2021-03-31,2021-02-28,100.0,-3.005349457539076,-3.6707023285739244,0.44269444299431593,0.6653528710348486,0.0005790213413964761,0.024062862286030648,1.4530070287222663,0.0
CRLX_matched_ridge,0,120,2021-04-30,2021-03-31,100.0,-3.428567723170164,-3.434453269524245,3.463965588603884e-05,0.005885546354081228,3.622452307772971e-08,0.00019032741021127175,6.955194466338847e-05,1.0
CRLX_matched_ridge,0,120,2021-05-31,2021-04-30,100.0,-3.25079126490233,-3.336294787795229,0.0073108524270965565,0.08550352289289931,1.0080857262713543e-05,0.0031750365765945976,0.015492063025033392,1.0
CRLX_matched_ridge,0,120,2021-06-30,2021-05-31,100.0,-3.704361054701714,-3.1987909960370993,0.2556010842181418,0.5055700586646146,0.00026229664517290796,0.01619557486392218,0.37494408115878397,0.0
CRLX_matched_ridge,0,120,2021-07-31,2021-06-30,100.0,-3.396235869388752,-3.40726181391074,0.0001215714526019527,0.011025944521987796,1.3493185912800388e-07,0.00036733072173179837,0.0002449400553544423,1.0
CRLX_matched_ridge,0,120,2021-08-31,2021-07-31,100.0,-3.708289465775626,-3.3374772166032938,0.13750172413624365,0.370812249172332,0.00012115496500632906,0.011007041610093471,0.21796397230954356,0.0
CRLX_matched_ridge,0,120,2021-09-30,2021-08-31,100.0,-3.2831700937799164,-3.4404087458976,0.024723993719785863,0.1572386521176834,2.9785167227978586e-05,0.005457578879684524,0.05506596513559808,1.0
CRLX_matched_ridge,0,120,2021-10-31,2021-09-30,100.0,-3.386818668681176,-3.281611684580175,0.011068509503628287,0.10520698410100104,1.407431227328087e-05,0.003751574639172313,0.020662727514508955,0.0
CRLX_matched_ridge,0,120,2021-11-30,2021-10-31,100.0,-3.306447862510668,-3.356606977217446,0.0025159367881676825,0.0501591147067777,3.214125488339004e-06,0.0017927982285631042,0.005204442521473604,1.0
CRLX_matched_ridge,0,120,2021-12-31,2021-11-30,100.0,-2.996205908102638,-3.2556312364735285,0.06730150100034425,0.2594253283708903,0.00013041295467503444,0.01141984915290191,0.1612448763630686,1.0
CRLX_matched_ridge,0,120,2022-01-31,2021-12-31,100.0,-2.9415796259494096,-3.2214220082694354,0.07831175894254748,0.2798423823200258,0.00016599756854115939,0.012884004367476727,0.19043594875620729,0.0
CRLX_matched_ridge,0,120,2022-02-28,2022-01-31,100.0,-2.79991710955502,-2.9676217794226964,0.028124856295426368,0.16770466986767651,8.816528839868163e-05,0.009389637287919146,0.06310339516918212,0.0
CRLX_matched_ridge,0,120,2022-03-31,2022-02-28,100.0,-2.676617851726222,-2.9874016692299743,0.09658658122220574,0.3107838175037525,0.0003377202844562544,0.018377167476416337,0.24027681284649427,0.0
CRLX_matched_ridge,0,120,2022-04-30,2022-03-31,100.0,-2.647933077507468,-2.9514687426856385,0.09213390003515438,0.30353566517817043,0.0003435279070497045,0.018534505848543804,0.2279779379444511,0.0
CRLX_matched_ridge,0,120,2022-05-31,2022-04-30,100.0,-2.4244300010941817,-2.872649967967459,0.20090113870388185,0.44821996687327736,0.0010227006175809066,0.031979690704897486,0.5544223954906395,0.0
CRLX_matched_ridge,0,120,2022-06-30,2022-05-31,100.0,-2.4599323402147326,-2.885488138656852,0.18109773758770958,0.4255557984421192,0.0008769416358775439,0.02961320036533613,0.4911374452178685,1.0
CRLX_matched_ridge,0,120,2022-07-31,2022-06-30,100.0,-2.8821336588859534,-2.817427415638299,0.004186897915224649,0.06470624324765462,1.4020256907818864e-05,0.0037443633514682925,0.00802396191665658,1.0
CRLX_matched_ridge,0,120,2022-08-31,2022-07-31,100.0,-2.844638284908549,-3.3160717194692797,0.22224948322172677,0.4714334345607307,0.0004778669911574379,0.021860169056012305,0.6244642111130503,0.0
CRLX_matched_ridge,0,120,2022-09-30,2022-08-31,100.0,-2.646329916608998,-3.3633019598912393,0.5140489108483117,0.7169720432822411,0.0013169809126664224,0.03629023164250157,1.7612688010142241,0.0
CRLX_matched_ridge,0,120,2022-10-31,2022-09-30,100.0,-2.5235204874353756,-3.1214543273506954,0.35752487691587925,0.5979338399153198,0.001302044347353853,0.03608385161473,1.1105577650495433,0.0
CRLX_matched_ridge,0,120,2022-11-30,2022-10-31,100.0,-2.5436055847483017,-3.098163507650303,0.30753448985338216,0.5545579229020015,0.0011189387201891569,0.03345054140352824,0.9225608935980425,1.0
CRLX_matched_ridge,0,120,2022-12-31,2022-11-30,100.0,-2.953340209712298,-2.963580178883717,0.00010485696863161163,0.010239969171419006,2.8243285656630453e-07,0.0005314441236539402,0.0002111529402137255,1.0
CRLX_matched_ridge,0,120,2023-01-31,2022-12-31,100.0,-3.0446334829778476,-2.8457668612030904,0.039547933256104346,0.19886662177475722,0.00010974537905807147,0.010475942872031685,0.06957446528947475,0.0
CRLX_matched_ridge,0,120,2023-02-28,2023-01-31,100.0,-3.1747292629057444,-3.3220796651925673,0.021712141054088523,0.14735040228682283,3.280650990396023e-05,0.005727696736381932,0.04802375696002875,1.0
CRLX_matched_ridge,0,120,2023-03-31,2023-02-28,100.0,-2.9240573364232487,-3.1996697760398973,0.07596221687144078,0.2756124396166486,0.0001674341968078255,0.012939636656715887,0.1841524650177705,0.0
CRLX_matched_ridge,0,120,2023-04-30,2023-03-31,100.0,-3.442485805524746,-3.278874210678974,0.026768753967977094,0.16361159484577215,3.2325642654120186e-05,0.005685564409460171,0.04814601221853393,1.0
CRLX_matched_ridge,0,120,2023-05-31,2023-04-30,100.0,-3.29928079041607,-3.0674846522117045,0.053729449686457265,0.2317961382043654,9.27053839273626e-05,0.009628363512423209,0.09261224487978281,1.0
CRLX_matched_ridge,0,120,2023-06-30,2023-05-31,100.0,-3.4043718007388586,-3.1999251672364504,0.041798425950468024,0.20444663350240821,5.6814920883367115e-05,0.007537567305395496,0.07327840735883806,0.0
CRLX_matched_ridge,0,120,2023-07-31,2023-06-30,100.0,-3.7661453260783695,-3.395240264591978,0.1375705646362239,0.3709050614863916,0.0001079812683262313,0.01039140357825791,0.21806118480593795,0.0
CRLX_matched_ridge,0,120,2023-08-31,2023-07-31,100.0,-3.308105488673255,-3.547308844433278,0.057218245406856154,0.23920335576002305,6.058090138038978e-05,0.007783373393355209,0.13509486811363103,1.0
CRLX_matched_ridge,0,120,2023-09-30,2023-08-31,100.0,-3.437757865373422,-3.35203823831893,0.0073478544623611945,0.08571962705449199,8.272856212584131e-06,0.002876257327254314,0.013890696038167838,1.0
CRLX_matched_ridge,0,120,2023-10-31,2023-09-30,100.0,-3.193098626287721,-3.0984627907159643,0.00895594137436453,0.09463583557175648,1.659758640474428e-05,0.00407401354989699,0.016833322676100715,1.0
CRLX_matched_ridge,0,120,2023-11-30,2023-10-31,100.0,-3.3142693090819773,-3.056685270798713,0.0663495367783141,0.25758403828326415,0.00011412148655705237,0.010682765866434234,0.11256825377546681,0.0
CRLX_matched_ridge,0,120,2023-12-31,2023-11-30,100.0,-3.568281666444767,-3.2838287294519084,0.08091347336386329,0.2844529369928588,8.612187855415827e-05,0.009280187420206462,0.13505040740153107,0.0
CRLX_matched_ridge,0,120,2024-01-31,2023-12-31,100.0,-3.4647197491071067,-3.3984718102136564,0.00438878940763032,0.06624793889345026,4.590472070718134e-06,0.0021425386976010805,0.0084024225590945,1.0
CRLX_matched_ridge,0,120,2024-02-29,2024-01-31,100.0,-3.3449345770399286,-3.4733925664236613,0.0165014550365112,0.12845798938373276,1.8069973331783376e-05,0.0042508791245792175,0.03602050931065692,0.0
CRLX_matched_ridge,0,120,2024-03-31,2024-02-29,100.0,-3.579023213504305,-3.3353271522864687,0.05938777025308751,0.2436960612178365,5.9289947028392814e-05,0.007699996560284479,0.10161825630475763,0.0
CRLX_matched_ridge,0,120,2024-04-30,2024-03-31,1.0,-3.2298318565473947,-3.3482370062177482,0.014019779468458822,0.11840514967035354,1.9517739040008952e-05,0.004417888527340742,0.03039040682276123,1.0
CRLX_matched_ridge,0,120,2024-05-31,2024-04-30,1.0,-3.551159106071428,-3.0803577253434336,0.2216539400953858,0.47080138072799427,0.00029761269132744125,0.017251454759742473,0.3316050150394576,0.0
CRLX_matched_ridge,0,120,2024-06-30,2024-05-31,1.0,-3.974327104300053,-3.407930066140732,0.3208056048356517,0.5663970381593213,0.00020499716471159582,0.014317722050368062,0.45492601293352997,0.0
CRLX_matched_ridge,0,120,2024-07-31,2024-06-30,1.0,-3.172237966118978,-3.4001737255174085,0.051954710412539136,0.22793575939843036,7.296965421651513e-05,0.008542227708069783,0.12167612772880398,1.0
CRLX_matched_ridge,0,120,2024-08-31,2024-07-31,1.0,-2.8728553989963164,-3.553979801273849,0.46393045137792616,0.6811244022775327,0.0007799011853943696,0.027926710966284046,1.54271613363598,0.0
CRLX_matched_ridge,0,120,2024-09-30,2024-08-31,1.0,-3.2605071347369625,-3.1062478983351083,0.023795912015283152,0.15425923640185424,4.095593150722774e-05,0.0063996821411088645,0.04305285596807262,1.0
CRLX_matched_ridge,0,120,2024-10-31,2024-09-30,100.0,-3.4205515268412334,-3.2679849640251932,0.02327655608950074,0.1525665628160402,2.903798506204506e-05,0.005388690477476421,0.0421583765400913,1.0
CRLX_matched_ridge,0,120,2024-11-30,2024-10-31,100.0,-3.3432396881530604,-3.192109752370288,0.02284025748970486,0.15112993578277223,3.3209417304788456e-05,0.005762761256966009,0.04140582847746843,1.0
CRLX_matched_ridge,0,120,2024-12-31,2024-11-30,100.0,-3.197746191257484,-3.3616222220180942,0.02685535345785246,0.1638760307606102,3.813336025201474e-05,0.006175221473924214,0.060092767971027694,0.0
CRLX_matched_ridge,0,120,2025-01-31,2024-12-31,100.0,-3.243894689291075,-3.2352246581267754,7.516944038992525e-05,0.008670031164299541,1.1539799346241805e-07,0.00033970280166995687,0.00014947367286243657,1.0
CRLX_matched_ridge,0,120,2025-02-28,2025-01-31,100.0,-3.3361230676767963,-3.2491891047614825,0.007557513908161164,0.08693396291531386,1.0439692705608455e-05,0.003231051331317479,0.014275812333061855,1.0
CRLX_matched_ridge,0,120,2025-03-31,2025-02-28,100.0,-2.8189264390259248,-3.205540603871106,0.14947051245893703,0.3866141648451813,0.00036607116933913065,0.019132986419770716,0.39352162840045746,1.0
CRLX_matched_ridge,0,120,2025-04-30,2025-03-31,100.0,-1.983632317040605,-2.9685372361477587,0.970037699681469,0.9849049191071537,0.007428755043574223,0.08619022591671414,4.199503191129666,0.0
CRLX_matched_ridge,0,120,2025-05-31,2025-04-30,100.0,-3.029808966262144,-2.8196917592894675,0.044149240665998644,0.21011720697267666,0.0001276775611347592,0.011299449594328,0.07712723087401269,1.0
CRLX_matched_ridge,0,120,2025-06-30,2025-05-31,100.0,-3.530189938328582,-2.910827784200608,0.3836094779660444,0.6193621541279741,0.0006315824463080981,0.02513130411077185,0.5284779268232519,0.0
CRLX_matched_ridge,0,120,2025-07-31,2025-06-30,100.0,-3.9507722447624736,-3.285269753661099,0.44289356566213534,0.6655024911013747,0.0003308996945934427,0.01819064854790622,0.5952165820767972,0.0
CRLX_matched_ridge,0,120,2025-08-31,2025-07-31,0.01,-3.3885720022366694,-3.676006509013311,0.0826185956859313,0.28743450677664173,7.111453180085151e-05,0.00843294324662816,0.20202874859253073,1.0
CRLX_matched_ridge,0,120,2025-09-30,2025-08-31,0.01,-3.844352655797379,-3.4380472595283256,0.1650840750373524,0.40630539626905327,0.00011507089119739895,0.010727110104655352,0.25630894145182015,1.0
CRLX_matched_ridge,0,120,2025-10-31,2025-09-30,0.01,-3.200601249147139,-3.6287375035939204,0.18330065237171903,0.4281362544467813,0.00020129993895851925,0.014188020966946702,0.49809592106593414,1.0
CRLX_matched_ridge,0,120,2025-11-30,2025-10-31,0.01,-3.1877347547552812,-3.475671435543708,0.08290753214345634,0.2879366807884267,0.00010658888082044045,0.010324189112004896,0.2028099208162334,0.0
CRLX_matched_ridge,0,120,2025-12-31,2025-11-30,1.0,-3.669080341092571,-3.2564827601808357,0.17023676377421612,0.4125975809117355,0.00016961797454021087,0.013023746563113506,0.2633446358934164,1.0
CRLX_matched_ridge,0,120,2026-01-31,2025-12-31,0.0001,-3.5432987087435324,-3.3121865165556645,0.053412845377881955,0.23111219218786783,5.652994014071518e-05,0.007518639513948995,0.09210537300730637,1.0
CRLX_matched_ridge,0,120,2026-02-28,2026-01-31,1e-08,-3.319307735691405,-3.388479162770201,0.00478468632411722,0.0691714270787962,5.846174742782226e-06,0.0024178864205711206,0.01002635178619754,1.0
CRLX_matched_ridge,0,120,2026-03-31,2026-02-28,1e-08,-2.9305511753093016,-3.366703242414127,0.19022862563981227,0.43615206710482557,0.000355866205922419,0.01886441639495956,0.5201128232328105,0.0
CRLX_matched_ridge,0,120,2026-04-30,2026-03-31,1.0,-3.237312027686596,-3.191433345704105,0.002104853460450545,0.04587868198249101,3.3988296667112796e-06,0.0018435915129744115,0.004083849938088288,1.0
CRLX_matched_ridge,0,120,2026-05-31,2026-04-30,1.0,-3.5119546359486353,-3.4194476556935927,0.008557541395906854,0.09250698025504267,8.363516676543293e-06,0.0028919745290274072,0.01610664180346333,1.0
CRLX_matched_ridge,0,120,2026-06-30,2026-05-31,1e-08,-3.0168147582707263,-3.5446288738328344,0.2785877405866104,0.5278141155621081,0.00040310887596519817,0.02007757146582221,0.8181517538229448,0.0
CRLX_matched_ridge,0,120,2026-07-31,2026-06-30,100.0,-3.371829178429884,-3.3794613540882064,5.8250105279485806e-05,0.007632175658322193,6.811622929860252e-08,0.00026099086056527443,0.00011709524624631089,1.0
CRLX_matched_ridge,0,120,2026-08-31,2026-07-31,100.0,-3.507788998946598,-3.3552610614070986,0.023264771730053445,0.15252793753949945,2.437562962679846e-05,0.0049371681789056425,0.04213806379448776,0.0
CRLX_raw_input_ridge,0,120,2020-01-31,2019-12-31,100.0,-3.394259264647835,-3.532672973786206,0.019158354877441577,0.13841370913837103,1.882448134322869e-05,0.004338718859666836,0.0421113083968328,1.0
CRLX_raw_input_ridge,0,120,2020-02-29,2020-01-31,100.0,-2.6562454515374347,-3.5885989693700253,0.8692830822148068,0.9323535178325906,0.0018125723606907712,0.04257431573954855,3.5893377683868772,0.0
CRLX_raw_input_ridge,0,120,2020-03-31,2020-02-29,100.0,-1.2968909272855167,-3.2586951458738564,3.848675792071006,1.9618042185883398,0.05519770144144851,0.234941910781045,45.65903170211023,0.0
CRLX_raw_input_ridge,0,120,2020-04-30,2020-03-31,0.01,-2.134850068143052,-3.593394186912522,2.12735094639701,1.45854411876947,0.00823692471596606,0.09075750501179536,14.57028992103119,1.0
CRLX_raw_input_ridge,0,120,2020-05-31,2020-04-30,1e-08,-2.753043170704817,-2.3627924729254195,0.15229560711730653,0.39025069777939736,0.0009255778856897735,0.03042331155035187,0.23867762173726004,1.0
CRLX_raw_input_ridge,0,120,2020-06-30,2020-05-31,1e-08,-2.4519566880578116,-3.090306070908871,0.40748993458632865,0.6383493828510596,0.001651355385724449,0.04063687224337583,1.3080871862553418,0.0
CRLX_raw_input_ridge,0,120,2020-07-31,2020-06-30,1e-08,-3.21882688058945,-3.003978144644911,0.04615997933696625,0.21484873594453902,9.191907906847356e-05,0.009587443823484629,0.08040339367131677,1.0
CRLX_raw_input_ridge,0,120,2020-08-31,2020-07-31,1e-08,-3.605943742197781,-3.633074185021955,0.0007360609278357676,0.027130442824173873,5.285363526295114e-07,0.0007270050568115131,0.0014991132134487897,1.0
CRLX_raw_input_ridge,0,120,2020-09-30,2020-08-31,1e-08,-2.651836989084487,-4.378562819595374,2.9815820937535134,1.7267258305108872,0.003361468651656753,0.05797817392482065,27.155857187380523,0.0
CRLX_raw_input_ridge,0,120,2020-10-31,2020-09-30,100.0,-2.7990735485463434,-3.0292511708771683,0.052981737821871884,0.23017762233082495,0.00015661507471008613,0.012514594468463057,0.12428157412559071,1.0
CRLX_raw_input_ridge,0,120,2020-11-30,2020-10-31,100.0,-3.0039337534233583,-3.170705286435281,0.027812744223146862,0.16677153301192282,5.802812296885383e-05,0.007617619245463364,0.06236209530817677,1.0
CRLX_raw_input_ridge,0,120,2020-12-31,2020-11-30,100.0,-3.651571910629322,-3.7330446948277407,0.006637814565042129,0.08147278419841886,4.122560997928558e-06,0.0020304090715736467,0.014027055041258923,1.0
CRLX_raw_input_ridge,0,120,2021-01-31,2020-12-31,100.0,-3.0833870228491476,-3.7728602603069747,0.47537334517057733,0.6894732374578272,0.0005206443450807855,0.022817632328547707,1.5917696991339434,0.0
CRLX_raw_input_ridge,0,120,2021-02-28,2021-01-31,100.0,-3.2488776237223895,-3.649474234106534,0.1604776442512659,0.4005966103841443,0.00016417178747982973,0.01281295389361211,0.42700485434673463,1.0
CRLX_raw_input_ridge,0,120,2021-03-31,2021-02-28,100.0,-3.005349457539076,-3.61400179776211,0.3704576712589764,0.6086523402230344,0.0005097497600095282,0.02257763849496949,1.1607657923292676,0.0
CRLX_raw_input_ridge,0,120,2021-04-30,2021-03-31,100.0,-3.428567723170164,-3.5821924009879798,0.023600541634627725,0.15362467781781586,2.133248743378742e-05,0.004618710581297276,0.05243061403170535,1.0
CRLX_raw_input_ridge,0,120,2021-05-31,2021-04-30,100.0,-3.25079126490233,-3.642448823631757,0.15339564330989464,0.3916575587294271,0.00015763817064859325,0.01255540404163057,0.4054009852842173,0.0
CRLX_raw_input_ridge,0,120,2021-06-30,2021-05-31,100.0,-3.704361054701714,-3.284544485971643,0.17624595138029042,0.419816568730071,0.00016490933867812895,0.012841703106602681,0.2715020683634378,1.0
CRLX_raw_input_ridge,0,120,2021-07-31,2021-06-30,100.0,-3.396235869388752,-3.506254378569427,0.012104072362338297,0.11001850918067513,1.2180247190333722e-05,0.003490021087376654,0.026085840798510396,1.0
CRLX_raw_input_ridge,0,120,2021-08-31,2021-07-31,100.0,-3.708289465775626,-3.190016963290808,0.2686063868318755,0.5182725024848178,0.0002772805712971238,0.016651743791480933,0.39122298312230497,0.0
CRLX_raw_input_ridge,0,120,2021-09-30,2021-08-31,100.0,-3.2831700937799164,-3.302402401079428,0.00036988164406285304,0.019232307299511753,5.105030851893515e-07,0.000714494986119113,0.00074934010585153,1.0
CRLX_raw_input_ridge,0,120,2021-10-31,2021-09-30,100.0,-3.386818668681176,-3.290462738111866,0.009284465355877694,0.09635593056931002,1.1700015065358352e-05,0.0034205284774955977,0.017431434804169615,1.0
CRLX_raw_input_ridge,0,120,2021-11-30,2021-10-31,100.0,-3.306447862510668,-3.566153541904967,0.06744703990965437,0.2597056793942989,7.02537720543756e-05,0.008381752325998162,0.16162647146979592,0.0
CRLX_raw_input_ridge,0,120,2021-12-31,2021-11-30,100.0,-2.996205908102638,-3.3724126007920505,0.14153147562430593,0.3762066926894123,0.0002455349538444656,0.015669554998290973,0.3697019382416733,0.0
CRLX_raw_input_ridge,0,120,2022-01-31,2021-12-31,100.0,-2.9415796259494096,-3.2869582403983593,0.11928638731867623,0.3453786144489497,0.0002376206038176106,0.015414947415337187,0.3044685750993096,0.0
CRLX_raw_input_ridge,0,120,2022-02-28,2022-01-31,100.0,-2.79991710955502,-2.97477259707345,0.03057444151530785,0.17485548751843005,9.518070179204907e-05,0.009756059747257038,0.06894648687597055,0.0
CRLX_raw_input_ridge,0,120,2022-03-31,2022-02-28,100.0,-2.676617851726222,-3.3555061804917194,0.46088936293401045,0.6788883287654977,0.0011494631323966313,0.03390373331060506,1.5297636950281208,0.0
CRLX_raw_input_ridge,0,120,2022-04-30,2022-03-31,100.0,-2.647933077507468,-3.2604035031046488,0.3751200222311916,0.6124704255971807,0.0010513471210565064,0.0324244833583591,1.179023885193223,0.0
CRLX_raw_input_ridge,0,120,2022-05-31,2022-04-30,100.0,-2.4244300010941817,-2.8764645629492005,0.20433524511145879,0.4520345618550188,0.0010365174363294839,0.03219499085773257,0.5655628072000216,0.0
CRLX_raw_input_ridge,0,120,2022-06-30,2022-05-31,100.0,-2.4599323402147326,-2.9432315453457543,0.23357812168027733,0.48329920513102165,0.0010722720400283628,0.0327455651963493,0.6623880885807167,1.0
CRLX_raw_input_ridge,0,120,2022-07-31,2022-06-30,100.0,-2.8821336588859534,-2.9221592782145827,0.0016020502026403392,0.04002561932862925,4.830162108397068e-06,0.002197762978211497,0.003291336614528434,1.0
CRLX_raw_input_ridge,0,120,2022-08-31,2022-07-31,100.0,-2.844638284908549,-3.1785399010151956,0.1114902892386304,0.3339016161066466,0.00027254311691918525,0.016508879941388672,0.28214579474633017,0.0
CRLX_raw_input_ridge,0,120,2022-09-30,2022-08-31,100.0,-2.646329916608998,-2.982247141270827,0.11284038182450566,0.33591722466182894,0.00040934037785243923,0.020232161966839808,0.2859911108589307,0.0
CRLX_raw_input_ridge,0,120,2022-10-31,2022-09-30,100.0,-2.5235204874353756,-3.098023952635159,0.33005423152655894,0.5745034651997836,0.0012276991430266255,0.035038537969307816,1.0060512306886764,0.0
CRLX_raw_input_ridge,0,120,2022-11-30,2022-10-31,100.0,-2.5436055847483017,-3.0451435394717326,0.2515403200281622,0.5015379547234309,0.0009605704995769888,0.03099307179962949,0.7235799800919642,1.0
CRLX_raw_input_ridge,0,120,2022-12-31,2022-11-30,100.0,-2.953340209712298,-2.8936272461957726,0.0035656380119258985,0.05971296351652544,1.0302926221661682e-05,0.003209817163276077,0.006855666971380903,1.0
CRLX_raw_input_ridge,0,120,2023-01-31,2022-12-31,100.0,-3.0446334829778476,-2.7984142895927304,0.06062389119121775,0.24621919338511722,0.00017669869731435153,0.013292806224208323,0.10357278063614622,0.0
CRLX_raw_input_ridge,0,120,2023-02-28,2023-01-31,100.0,-3.1747292629057444,-3.323853135678938,0.022237929430875634,0.1491238727731936,3.3542894808284236e-05,0.005791622813019183,0.04924783701274238,1.0
CRLX_raw_input_ridge,0,120,2023-03-31,2023-02-28,100.0,-2.9240573364232487,-3.0849470635988165,0.025885504310628648,0.16088972717556782,6.372587442958987e-05,0.007982848766548811,0.057801027579434505,1.0
CRLX_raw_input_ridge,0,120,2023-04-30,2023-03-31,100.0,-3.442485805524746,-3.139312150926746,0.09191426484230737,0.30317365459799994,0.0001283123114073582,0.011327502434665737,0.15168650014512008,1.0
CRLX_raw_input_ridge,0,120,2023-05-31,2023-04-30,100.0,-3.29928079041607,-2.953803733567634,0.11935439680865748,0.345477056848436,0.0002319923211135246,0.015231294137844117,0.19205185039342787,1.0
CRLX_raw_input_ridge,0,120,2023-06-30,2023-05-31,100.0,-3.4043718007388586,-3.1920896996009738,0.04506369046351516,0.21228210113788482,6.175188551542096e-05,0.007858236794308311,0.07861896088103293,0.0
CRLX_raw_input_ridge,0,120,2023-07-31,2023-06-30,100.0,-3.7661453260783695,-3.21098624941321,0.3082016004037122,0.5551590766651593,0.0002950059845103907,0.01717573825226708,0.4397722808019696,0.0
CRLX_raw_input_ridge,0,120,2023-08-31,2023-07-31,100.0,-3.308105488673255,-3.4166899556264125,0.01179058646350135,0.10858446695315749,1.417165358092598e-05,0.003764525678080305,0.025385060002029725,1.0
CRLX_raw_input_ridge,0,120,2023-09-30,2023-08-31,100.0,-3.437757865373422,-3.27029305114487,0.028044464004603573,0.16746481422855242,3.4323563677961413e-05,0.005858631553354539,0.05031805602576683,0.0
CRLX_raw_input_ridge,0,120,2023-10-31,2023-09-30,100.0,-3.193098626287721,-3.118851329558335,0.005512661071621446,0.07424729672938568,1.0007273215207083e-05,0.0031634274474384716,0.010499261080446382,1.0
CRLX_raw_input_ridge,0,120,2023-11-30,2023-10-31,100.0,-3.3142693090819773,-3.0493277658043896,0.07019402135430987,0.2649415432775877,0.00012166452104684775,0.01103016414414798,0.11855687609108145,0.0
CRLX_raw_input_ridge,0,120,2023-12-31,2023-11-30,100.0,-3.568281666444767,-3.3666550779316617,0.04065328119543314,0.20162658851310544,3.969736100384623e-05,0.006300584179569878,0.0713960964970134,1.0
CRLX_raw_input_ridge,0,120,2024-01-31,2023-12-31,100.0,-3.4647197491071067,-3.440231464291846,0.0005996760931933205,0.024488284815260553,6.013900364220383e-07,0.0007754934148153925,0.0011800095460729187,1.0
CRLX_raw_input_ridge,0,120,2024-02-29,2024-01-31,100.0,-3.3449345770399286,-3.4240102066861464,0.006252955203945806,0.07907562964621784,7.187804226092367e-06,0.002681008061549306,0.013192098583619832,1.0
CRLX_raw_input_ridge,0,120,2024-03-31,2024-02-29,100.0,-3.579023213504305,-3.3783944063322395,0.040251918267285906,0.20062880717206566,3.843038884448134e-05,0.006199224858357805,0.07073518613959962,1.0
CRLX_raw_input_ridge,0,120,2024-04-30,2024-03-31,100.0,-3.2298318565473947,-3.30065033396498,0.005015256743745069,0.07081847741758551,7.316818660872829e-06,0.002704961859411853,0.010521332269130546,1.0
CRLX_raw_input_ridge,0,120,2024-05-31,2024-04-30,100.0,-3.551159106071428,-3.139297793373698,0.16962974089709731,0.41186131269772996,0.00021379814662916114,0.014621838004476768,0.2625177657938117,0.0
CRLX_raw_input_ridge,0,120,2024-06-30,2024-05-31,100.0,-3.974327104300053,-3.39278909672497,0.3381864542543977,0.5815380075750833,0.0002197168486213842,0.014822848869950209,0.4755993893541367,0.0
CRLX_raw_input_ridge,0,120,2024-07-31,2024-06-30,100.0,-3.172237966118978,-3.407252395703597,0.055231782112983865,0.23501442958461904,7.704610428347322e-05,0.008777591029631833,0.1300115092176095,1.0
CRLX_raw_input_ridge,0,120,2024-08-31,2024-07-31,100.0,-2.8728553989963164,-3.557490071329513,0.4687246345607835,0.6846346723331966,0.0007855108037940886,0.028026965654420897,1.5632070160307112,0.0
CRLX_raw_input_ridge,0,120,2024-09-30,2024-08-31,100.0,-3.2605071347369625,-3.2986498303450764,0.001454865228253231,0.0381426956081139,2.0619101715612964e-06,0.0014359352950468543,0.0029851533262902075,1.0
CRLX_raw_input_ridge,0,120,2024-10-31,2024-09-30,100.0,-3.4205515268412334,-3.431170351362749,0.0001127594342187394,0.010618824521515524,1.192592203231996e-07,0.00034533928291348437,0.00022712387788947908,1.0
CRLX_raw_input_ridge,0,120,2024-11-30,2024-10-31,100.0,-3.3432396881530604,-3.277342356874515,0.004342458269634381,0.06589733127854558,5.789093415628783e-06,0.0024060534939250172,0.008315621731561473,1.0
CRLX_raw_input_ridge,0,120,2024-12-31,2024-11-30,100.0,-3.197746191257484,-3.4084601711116864,0.0444003813059972,0.21071397985420237,6.024958218772834e-05,0.007762060434429015,0.1027084481205014,0.0
CRLX_raw_input_ridge,0,120,2025-01-31,2024-12-31,100.0,-3.243894689291075,-3.2677699420420874,0.0005700276939247267,0.023875252751012432,8.471036796196614e-07,0.0009203823551218598,0.0011584201679172776,1.0
CRLX_raw_input_ridge,0,120,2025-02-28,2025-01-31,100.0,-3.3361230676767963,-3.2923909413765164,0.0019124988707436325,0.043732126300279894,2.5289680611179162e-06,0.0015902729517658018,0.003715877278831256,1.0
CRLX_raw_input_ridge,0,120,2025-03-31,2025-02-28,100.0,-2.8189264390259248,-3.2554882107124703,0.1905861804980955,0.43656177168654553,0.0004455467349748014,0.02110797799351708,0.5212545858383948,1.0
CRLX_raw_input_ridge,0,120,2025-04-30,2025-03-31,100.0,-1.983632317040605,-3.08171657004583,1.2057890266980436,1.0980842530052253,0.00840672670698473,0.09168820375045379,5.794331869081266,0.0
CRLX_raw_input_ridge,0,120,2025-05-31,2025-04-30,100.0,-3.029808966262144,-2.9964130172847954,0.0011152894080976822,0.033395948977348766,2.6932271684140426e-06,0.0016411054714472323,0.0021817355770314684,1.0
CRLX_raw_input_ridge,0,120,2025-06-30,2025-05-31,100.0,-3.530189938328582,-3.102844498664009,0.18262412480210724,0.42734543966457306,0.00024404350361125014,0.015621891806412248,0.2801055545579373,1.0
CRLX_raw_input_ridge,0,120,2025-07-31,2025-06-30,100.0,-3.9507722447624736,-3.316997439107812,0.4016705042826039,0.6337748056546615,0.0002897385360526027,0.017021707788955922,0.5490702235201267,0.0
CRLX_raw_input_ridge,0,120,2025-08-31,2025-07-31,100.0,-3.3885720022366694,-3.4526882082618773,0.004110887875066899,0.06411620602520784,4.39504013873107e-06,0.002096435102437247,0.008584769958446176,1.0
CRLX_raw_input_ridge,0,120,2025-09-30,2025-08-31,100.0,-3.844352655797379,-3.4502597002041924,0.15530925764817324,0.39409295559318647,0.0001068565190767655,0.01033714269403134,0.2428547684698089,1.0
CRLX_raw_input_ridge,0,120,2025-10-31,2025-09-30,100.0,-3.200601249147139,-3.504593377680045,0.09241121420996666,0.3039921285329057,0.00011403483844572679,0.010678709587104932,0.22874104165526976,1.0
CRLX_raw_input_ridge,0,120,2025-11-30,2025-10-31,100.0,-3.1877347547552812,-3.386672414511879,0.03957619246943184,0.19893765975659772,5.54162446746932e-05,0.007444208801121392,0.09078309216738317,0.0
CRLX_raw_input_ridge,0,120,2025-12-31,2025-11-30,100.0,-3.669080341092571,-3.2853382206741646,0.14725801498321486,0.3837421204184066,0.00014227751007734086,0.011928013668559442,0.23166360496188276,1.0
CRLX_raw_input_ridge,0,120,2026-01-31,2025-12-31,100.0,-3.5432987087435324,-3.3498484680247804,0.03742299563414307,0.19345024071875194,3.809225898360474e-05,0.0061718926581401864,0.06605916189666344,1.0
CRLX_raw_input_ridge,0,120,2026-02-28,2026-01-31,100.0,-3.319307735691405,-3.4455421129008883,0.01593511798946614,0.12623437720948338,1.840750630637244e-05,0.0042903969870365655,0.034730521818192694,1.0
CRLX_raw_input_ridge,0,120,2026-03-31,2026-02-28,100.0,-2.9305511753093016,-3.3230006937085568,0.15401662449180728,0.3924495183992551,0.00030008994418172246,0.017323104345980327,0.4072865626848494,0.0
CRLX_raw_input_ridge,0,120,2026-04-30,2026-03-31,100.0,-3.237312027686596,-3.2602332609985822,0.0005253829365425135,0.022921233311986366,7.918572784998046e-07,0.0008898636291588755,0.0010670081578719876,1.0
CRLX_raw_input_ridge,0,120,2026-05-31,2026-04-30,100.0,-3.5119546359486353,-3.3931331784944616,0.014118538751534015,0.11882145745417372,1.4172913030679937e-05,0.003764692953041448,0.026127111690058852,1.0
CRLX_raw_input_ridge,0,120,2026-06-30,2026-05-31,1.0,-3.0168147582707263,-3.357099541026588,0.11579373337520385,0.3402847827558615,0.0001993957634962661,0.014120756477479034,0.2944327396279319,1.0
CRLX_raw_input_ridge,0,120,2026-07-31,2026-06-30,1.0,-3.371829178429884,-3.6354397392442013,0.06949052777283878,0.2636105608143171,6.327335706718394e-05,0.007954455170983362,0.16699661438888935,1.0
CRLX_raw_input_ridge,0,120,2026-08-31,2026-07-31,1.0,-3.507788998946598,-3.2496898212915735,0.06661518550619992,0.25809917765502455,7.784792218646444e-05,0.008823146954826517,0.11298336076863846,0.0
CRLX_matched_ridge,1,571,2020-01-31,2019-12-31,100.0,-3.394259264647835,-3.5887953043618466,0.037844270747611444,0.19453603971401146,3.521010116481212e-05,0.005933810004104624,0.08653882926217998,1.0
CRLX_matched_ridge,1,571,2020-02-29,2020-01-31,100.0,-2.6562454515374347,-3.4758671829456187,0.6717797825965492,0.819621731408184,0.001542631157206713,0.039276343480608183,2.5120274468992125,0.0
CRLX_matched_ridge,1,571,2020-03-31,2020-02-29,100.0,-1.2968909272855167,-2.9903253580530484,2.8677201713089544,1.6934344307675318,0.049777784195167325,0.22310935479080057,25.18634047583468,0.0
CRLX_matched_ridge,1,571,2020-04-30,2020-03-31,100.0,-2.134850068143052,-2.1193171982801275,0.00024127004617854,0.015532869862924237,3.4272893408567608e-06,0.0018512939639227372,0.0004775818383346009,1.0
CRLX_matched_ridge,1,571,2020-05-31,2020-04-30,100.0,-2.753043170704817,-2.43895860546061,0.0986491141246424,0.3140845652442068,0.0005530988662818947,0.02351805404964226,0.16173693077692336,1.0
CRLX_matched_ridge,1,571,2020-06-30,2020-05-31,100.0,-2.4519566880578116,-2.599473745884732,0.021761282349910937,0.14751705782692026,0.00013952869907875776,0.011812226677420212,0.04813806544797966,1.0
CRLX_matched_ridge,1,571,2020-07-31,2020-06-30,100.0,-3.21882688058945,-2.793499970477957,0.18090298046499037,0.4253269101114934,0.0004496375811433687,0.021204659420593595,0.2777893909815484,1.0
CRLX_matched_ridge,1,571,2020-08-31,2020-07-31,100.0,-3.605943742197781,-3.0938016418365537,0.2622895309624093,0.5121421003612272,0.00033005811748646776,0.018167501685329983,0.3833375843190874,0.0
CRLX_matched_ridge,1,571,2020-09-30,2020-08-31,100.0,-2.651836989084487,-3.3847638328368026,0.5371817582927312,0.7329268437523155,0.0013421893600752215,0.03663590261035234,1.8653854997535433,1.0
CRLX_matched_ridge,1,571,2020-10-31,2020-09-30,100.0,-2.7990735485463434,-3.0596516569584242,0.06790095058361816,0.26057810841208084,0.00019494848066426148,0.013962395233779248,0.16281734627413624,1.0
CRLX_matched_ridge,1,571,2020-11-30,2020-10-31,100.0,-3.0039337534233583,-2.9417492001250984,0.0038669186689041252,0.06218455329825989,1.0123429993366637e-05,0.003181733803033597,0.0074229463210584296,1.0
CRLX_matched_ridge,1,571,2020-12-31,2020-11-30,100.0,-3.651571910629322,-3.337860646949547,0.0984147569595613,0.313711263679775,9.144228402134665e-05,0.009562545896430859,0.16138883978390833,1.0
CRLX_matched_ridge,1,571,2021-01-31,2020-12-31,100.0,-3.0833870228491476,-3.415252309948921,0.110134568781815,0.33186528709977337,0.00016733342668966917,0.012935742216419945,0.27829312675474327,1.0
CRLX_matched_ridge,1,571,2021-02-28,2021-01-31,100.0,-3.2488776237223895,-3.2900808989080095,0.0016977098860219246,0.04120327518561995,2.4552250992785336e-06,0.001566915792019001,0.0034906416367246895,1.0
CRLX_matched_ridge,1,571,2021-03-31,2021-02-28,100.0,-3.005349457539076,-3.3487035651238735,0.11789204319535282,0.3433541075847977,0.00020711750247838666,0.014391577484014276,0.30045522548097225,0.0
CRLX_matched_ridge,1,571,2021-04-30,2021-03-31,100.0,-3.428567723170164,-3.3429972281203493,0.007322309623070349,0.08557049504981462,8.395755524268787e-06,0.0028975430150851578,0.013843742450133423,1.0
CRLX_matched_ridge,1,571,2021-05-31,2021-04-30,100.0,-3.25079126490233,-3.3791013436308566,0.016463476303320727,0.12831007872852673,2.1766646227962877e-05,0.004665473848170502,0.03593390902190424,1.0
CRLX_matched_ridge,1,571,2021-06-30,2021-05-31,100.0,-3.704361054701714,-3.313099281689718,0.15308577502049053,0.39126177301199583,0.00013893889620207153,0.011787234459451103,0.23977420706492814,1.0
CRLX_matched_ridge,1,571,2021-07-31,2021-06-30,100.0,-3.396235869388752,-3.3825320451764704,0.00018779479804111423,0.013703824212281557,2.1365293104126263e-07,0.00046222606053884785,0.00037218163651464575,1.0
CRLX_matched_ridge,1,571,2021-08-31,2021-07-31,100.0,-3.708289465775626,-3.3651877107771275,0.11771881428304953,0.34310175499849827,0.0001007233096506259,0.010036100320872939,0.18968742686602563,0.0
CRLX_matched_ridge,1,571,2021-09-30,2021-08-31,100.0,-3.2831700937799164,-3.396899822229558,0.012934451133229238,0.11372972844964169,1.625917719453496e-05,0.004032267004370489,0.027947083749230495,1.0
CRLX_matched_ridge,1,571,2021-10-31,2021-09-30,100.0,-3.386818668681176,-3.25372802859823,0.01771311847768825,0.1330906400829459,2.317305031419323e-05,0.004813839456628485,0.03248148004752299,0.0
CRLX_matched_ridge,1,571,2021-11-30,2021-10-31,100.0,-3.306447862510668,-3.4857192231829988,0.03213822075730885,0.17927136067233063,3.6172952139533895e-05,0.00601439540931039,0.07269945406768291,0.0
CRLX_matched_ridge,1,571,2021-12-31,2021-11-30,0.01,-2.996205908102638,-3.298793033954655,0.09155896873138422,0.30258712585201675,0.00017026629788550348,0.01304861287208351,0.22639708380302448,1.0
CRLX_matched_ridge,1,571,2022-01-31,2021-12-31,100.0,-2.9415796259494096,-3.2621626132924026,0.10277345177375766,0.32058298734299306,0.00020957826288312597,0.01447681812012315,0.25752744294787155,0.0
CRLX_matched_ridge,1,571,2022-02-28,2022-01-31,100.0,-2.79991710955502,-3.0475505815842494,0.06132233646925118,0.24763347202922947,0.0001779565340686085,0.013340035010021845,0.14566927471185398,0.0
CRLX_matched_ridge,1,571,2022-03-31,2022-02-28,100.0,-2.676617851726222,-3.0615697605092507,0.1481879720756974,0.3849519087830289,0.00048317697765385044,0.021981286988114468,0.3896547146335658,0.0
CRLX_matched_ridge,1,571,2022-04-30,2022-03-31,100.0,-2.647933077507468,-3.119959587464912,0.22280902610260486,0.4720265099574439,0.0007096065764140753,0.026638441703937477,0.626325108889717,0.0
CRLX_matched_ridge,1,571,2022-05-31,2022-04-30,100.0,-2.4244300010941817,-2.7392163967686316,0.09909047490171131,0.3147863956744499,0.0005715734139802071,0.023907601594058053,0.2472358277469422,0.0
CRLX_matched_ridge,1,571,2022-06-30,2022-05-31,100.0,-2.4599323402147326,-2.8713452200994456,0.16926055773503326,0.411412879884713,0.0008304786427348865,0.02881802635044403,0.4540990382826138,1.0
CRLX_matched_ridge,1,571,2022-07-31,2022-06-30,1.0,-2.8821336588859534,-2.5781177671532665,0.09242566242602084,0.30401589173268695,0.0003960754565092544,0.019901644567956046,0.15245313783233866,1.0
CRLX_matched_ridge,1,571,2022-08-31,2022-07-31,1e-08,-2.844638284908549,-3.1068950369895516,0.06877860401207647,0.26225675208100263,0.0001799794961832843,0.013415643711104,0.16512314303799058,0.0
CRLX_matched_ridge,1,571,2022-09-30,2022-08-31,1e-08,-2.646329916608998,-2.762522274440552,0.013500664018455892,0.11619235783155402,6.050747357099525e-05,0.007778654997555506,0.029220279016657913,1.0
CRLX_matched_ridge,1,571,2022-10-31,2022-09-30,1e-08,-2.5235204874353756,-2.636707897788742,0.012811389862501339,0.11318741035336632,7.36209037601497e-05,0.008580262452871107,0.02767079875703471,1.0
CRLX_matched_ridge,1,571,2022-11-30,2022-10-31,1e-08,-2.5436055847483017,-3.0098436081434095,0.21737789445937708,0.4662380233951078,0.0008575037024915925,0.029283164147536934,0.6083164698522019,1.0
CRLX_matched_ridge,1,571,2022-12-31,2022-11-30,1e-08,-2.953340209712298,-2.7705707091973393,0.033404690318487515,0.18276950051495877,0.00010943421895303911,0.010461081156029672,0.059361580019730686,1.0
CRLX_matched_ridge,1,571,2023-01-31,2022-12-31,1e-08,-3.0446334829778476,-2.6745333706949093,0.13697409311184358,0.3701001122829384,0.00045476542601816664,0.021325229799891175,0.21721861972338297,0.0
CRLX_matched_ridge,1,571,2023-02-28,2023-01-31,1e-08,-3.1747292629057444,-3.1482437976492896,0.0007014798698508737,0.026485465256454788,1.2589494445643418e-06,0.0011220291638653346,0.0013785123164485047,1.0
CRLX_matched_ridge,1,571,2023-03-31,2023-02-28,1e-08,-2.9240573364232487,-3.0726135566990473,0.022068950582631603,0.14855622027579862,5.498689018870304e-05,0.007415314571122593,0.048854191618926235,1.0
CRLX_matched_ridge,1,571,2023-04-30,2023-03-31,0.01,-3.442485805524746,-3.0518719414565325,0.15257919080230078,0.3906138640682135,0.00023363967587221307,0.015285276440817584,0.23907128682376555,1.0
CRLX_matched_ridge,1,571,2023-05-31,2023-04-30,0.01,-3.29928079041607,-3.1999813335473295,0.009860382134426839,0.09929945686874042,1.4847621883693057e-05,0.003853261201072808,0.01847758320345902,1.0
CRLX_matched_ridge,1,571,2023-06-30,2023-05-31,0.01,-3.4043718007388586,-3.162317954030291,0.05859006470641472,0.24205384670856755,8.280684987128025e-05,0.00909982691435833,0.10035452602851785,0.0
CRLX_matched_ridge,1,571,2023-07-31,2023-06-30,0.01,-3.7661453260783695,-3.415590696252592,0.12288854849228793,0.35055462982577756,9.43987033165843e-05,0.009715899511449484,0.19714402680240561,1.0
CRLX_matched_ridge,1,571,2023-08-31,2023-07-31,0.01,-3.308105488673255,-3.475072909713421,0.027878119688804045,0.16696742104016593,3.165011108457111e-05,0.005625843144327,0.062517308612697,1.0
CRLX_matched_ridge,1,571,2023-09-30,2023-08-31,0.01,-3.437757865373422,-3.278606848326101,0.02532904622719678,0.15915101704732137,3.073655562532773e-05,0.005544055882233487,0.04568509484407346,0.0
CRLX_matched_ridge,1,571,2023-10-31,2023-09-30,0.01,-3.193098626287721,-3.23555746029223,0.0018027525850224785,0.04245883400450934,2.911196398726151e-06,0.0017062228455644798,0.0037097661355273287,1.0
CRLX_matched_ridge,1,571,2023-11-30,2023-10-31,0.01,-3.3142693090819773,-3.1747526339426977,0.01946490264191927,0.13951667513927957,2.963535657807232e-05,0.00544383656790616,0.035548023097815906,0.0
CRLX_matched_ridge,1,571,2023-12-31,2023-11-30,0.01,-3.568281666444767,-3.4700474833407062,0.009649954730122175,0.09823418310406096,8.475532232535135e-06,0.0029112767358214393,0.01809568827998781,1.0
CRLX_matched_ridge,1,571,2024-01-31,2023-12-31,0.01,-3.4647197491071067,-3.45775266985152,4.854019335362351e-05,0.0069670792555864836,4.783124508006701e-08,0.0002187035552524627,9.66310419412749e-05,1.0
CRLX_matched_ridge,1,571,2024-02-29,2024-01-31,0.01,-3.3449345770399286,-3.3225177328099154,0.000502514905232677,0.022416844230013222,6.390419788667765e-07,0.0007994010125505074,0.0009901769284935483,1.0
CRLX_matched_ridge,1,571,2024-03-31,2024-02-29,0.01,-3.579023213504305,-3.443225326535767,0.018441066105119915,0.13579788696853834,1.647136287373473e-05,0.004058492684942863,0.03375805862678524,1.0
CRLX_matched_ridge,1,571,2024-04-30,2024-03-31,0.01,-3.2298318565473947,-3.4191622121124743,0.03584598353839947,0.1893303555650796,4.6571045619666314e-05,0.006824298177810398,0.08166676768966602,1.0
CRLX_matched_ridge,1,571,2024-05-31,2024-04-30,0.01,-3.551159106071428,-3.1447759648125584,0.16514725749942621,0.40638314125886943,0.00020693425510328058,0.014385209595389307,0.2563954461787117,0.0
CRLX_matched_ridge,1,571,2024-06-30,2024-05-31,1.0,-3.974327104300053,-3.480044480952941,0.24431531174290325,0.49428262334711226,0.00014433856185074644,0.012014098461838343,0.3606754412335119,0.0
CRLX_matched_ridge,1,571,2024-07-31,2024-06-30,1.0,-3.172237966118978,-3.585763689993491,0.1710035243059397,0.4135257238745127,0.00020147550902219425,0.014194206882464207,0.459515281601647,1.0
CRLX_matched_ridge,1,571,2024-08-31,2024-07-31,1.0,-2.8728553989963164,-3.3882896424660958,0.2656724593412638,0.5154342434697794,0.000518512945104468,0.02277087932216207,0.7726310935390377,0.0
CRLX_matched_ridge,1,571,2024-09-30,2024-08-31,1.0,-3.2605071347369625,-3.177224320903064,0.006936027080091807,0.08328281383389857,1.1104283512954887e-05,0.003332309036232217,0.013132884545415918,1.0
CRLX_matched_ridge,1,571,2024-10-31,2024-09-30,1.0,-3.4205515268412334,-3.205371092378066,0.04630261937575747,0.21518043446316737,6.161394699145857e-05,0.00784945520348123,0.08063525748269579,0.0
CRLX_matched_ridge,1,571,2024-11-30,2024-10-31,1.0,-3.3432396881530604,-3.203429989222864,0.019546751914952178,0.13980969893019646,2.8093082243372875e-05,0.0053002907697005525,0.03569084697279848,1.0
CRLX_matched_ridge,1,571,2024-12-31,2024-11-30,1.0,-3.197746191257484,-3.4239327950617127,0.051160379740491084,0.22618660380422861,6.839524063010005e-05,0.008270141512096395,0.1196653282453346,0.0
CRLX_matched_ridge,1,571,2025-01-31,2024-12-31,1.0,-3.243894689291075,-3.201653742877622,0.0017842975539042074,0.042240946413452996,2.8331250110699978e-06,0.001683188940989691,0.0034701883332224903,1.0
CRLX_matched_ridge,1,571,2025-02-28,2025-01-31,1.0,-3.3361230676767963,-3.287773191208082,0.0023377105545399493,0.04834987646871447,3.1056588424077496e-06,0.0017622879567220986,0.004528291007071153,1.0
CRLX_matched_ridge,1,571,2025-03-31,2025-02-28,1.0,-2.8189264390259248,-3.192277331974834,0.13939088926574794,0.37335089294890933,0.00034565324542376396,0.018591752080526568,0.36332741334898633,1.0
CRLX_matched_ridge,1,571,2025-04-30,2025-03-31,1.0,-1.983632317040605,-2.9848381333625964,1.0024130866369854,1.0012058163219915,0.00757264589881035,0.08702095091878938,4.404485659738348,0.0
CRLX_matched_ridge,1,571,2025-05-31,2025-04-30,0.01,-3.029808966262144,-2.7390896787682957,0.08451770412093092,0.29071928749384846,0.00026582969268356993,0.016304284488549932,0.1405320648438642,1.0
CRLX_matched_ridge,1,571,2025-06-30,2025-05-31,0.01,-3.530189938328582,-2.9999793696912316,0.28112324709474246,0.5302105686373504,0.00041978868118890713,0.020488745232173373,0.4067310728677921,0.0
CRLX_matched_ridge,1,571,2025-07-31,2025-06-30,0.01,-3.9507722447624736,-3.219945169355605,0.5341082141477566,0.7308270754068684,0.000429211114797647,0.020717410909610472,0.6935065892697361,0.0
CRLX_matched_ridge,1,571,2025-08-31,2025-07-31,0.01,-3.3885720022366694,-3.5373442670639985,0.02213318678185294,0.14877226482732908,2.1774972249776905e-05,0.004666366064699265,0.04900380569546198,1.0
CRLX_matched_ridge,1,571,2025-09-30,2025-08-31,0.01,-3.844352655797379,-3.4543936401610873,0.15206803387602547,0.38995901563629154,0.00010416678442822644,0.0102062130307096,0.23836161907522135,1.0
CRLX_matched_ridge,1,571,2025-10-31,2025-09-30,0.01,-3.200601249147139,-3.615394764217996,0.1720536601448373,0.41479351507085704,0.0001913076710205794,0.013831401628923202,0.4627848341363754,1.0
CRLX_matched_ridge,1,571,2025-11-30,2025-10-31,1.0,-3.1877347547552812,-3.4076967941304117,0.04838329876606645,0.21996203937513048,6.638749660496754e-05,0.008147852269461416,0.1126652607633839,0.0
CRLX_matched_ridge,1,571,2025-12-31,2025-11-30,0.01,-3.669080341092571,-3.2512417275090106,0.17458910700143204,0.41783861358356056,0.0001749318460006869,0.01322618032542604,0.2692579764870747,1.0
CRLX_matched_ridge,1,571,2026-01-31,2025-12-31,0.01,-3.5432987087435324,-3.343375450888385,0.03996930903141581,0.19992325785514753,4.0956997375960804e-05,0.006399765415697735,0.07026945323798695,1.0
CRLX_matched_ridge,1,571,2026-02-28,2026-01-31,0.01,-3.319307735691405,-3.4549675024413045,0.01840357231463715,0.13565976674989955,2.106384850516638e-05,0.004589536850834339,0.04037460014603783,1.0
CRLX_matched_ridge,1,571,2026-03-31,2026-02-28,0.01,-2.9305511753093016,-3.389231167559229,0.21038733529039325,0.45867999224992717,0.0003854551576960054,0.019633011936430064,0.5853145767003678,0.0
CRLX_matched_ridge,1,571,2026-04-30,2026-03-31,0.01,-3.237312027686596,-3.095521652125365,0.020104510601794894,0.14179037556123086,3.578543232846119e-05,0.005982092637903662,0.03666305856549967,1.0
CRLX_matched_ridge,1,571,2026-05-31,2026-04-30,0.01,-3.5119546359486353,-3.4595977871072163,0.002741239620603198,0.052356848841419,2.5724056758365468e-06,0.001603872088365075,0.005296022168997508,1.0
CRLX_matched_ridge,1,571,2026-06-30,2026-05-31,0.01,-3.0168147582707263,-3.429093558628873,0.16997380922475247,0.41227880035814657,0.00027359141263279263,0.016540598920014735,0.4563138854655715,1.0
CRLX_matched_ridge,1,571,2026-07-31,2026-06-30,0.01,-3.371829178429884,-3.182176592462407,0.03596810336415139,0.18965258596747736,5.1386653550404244e-05,0.007168448475814292,0.06364191236464412,1.0
CRLX_matched_ridge,1,571,2026-08-31,2026-07-31,0.01,-3.507788998946598,-3.2524942722349826,0.06517539748675842,0.25529472671161546,7.594295016282754e-05,0.008714525240242726,0.11073117236313335,0.0
CRLX_matched_ridge,1,120,2020-01-31,2019-12-31,100.0,-3.394259264647835,-3.532674536842055,0.019158787576599952,0.13841527219421979,1.8824877755937397e-05,0.004338764542578612,0.04211230544136174,1.0
CRLX_matched_ridge,1,120,2020-02-29,2020-01-31,100.0,-2.6562454515374347,-3.5493272318441322,0.7975950663157803,0.8930817803066975,0.0017195426245001043,0.041467368188734914,3.1803547552918223,0.0
CRLX_matched_ridge,1,120,2020-03-31,2020-02-29,100.0,-1.2968909272855167,-3.1340998225018044,3.3753365246618525,1.8372088952162877,0.0528271168666286,0.22984150379474244,34.75127836594206,0.0
CRLX_matched_ridge,1,120,2020-04-30,2020-03-31,1.0,-2.134850068143052,-2.123617611969742,0.0001261680716853282,0.011232456173309924,1.7845347807663812e-06,0.0013358648063207523,0.00025045713834190644,1.0
CRLX_matched_ridge,1,120,2020-05-31,2020-04-30,1.0,-2.753043170704817,-2.326974357642277,0.18153463346452153,0.42606881306253985,0.0011462938415776453,0.03385696149357832,0.27863988057818867,1.0
CRLX_matched_ridge,1,120,2020-06-30,2020-05-31,1.0,-2.4519566880578116,-3.3210376816985034,0.7553017735074922,0.8690809936406918,0.002500956678975926,0.05000956587469967,2.9487192634652972,0.0
CRLX_matched_ridge,1,120,2020-07-31,2020-06-30,100.0,-3.21882688058945,-3.239930479108434,0.0004453618704504553,0.0211035985189838,6.97792776140549e-07,0.0008353399165253322,0.0009033887473011426,1.0
CRLX_matched_ridge,1,120,2020-08-31,2020-07-31,100.0,-3.605943742197781,-3.219050529405381,0.1496863581048252,0.38689321279239985,0.00016464003863398517,0.012831213451345323,0.23504964429635944,1.0
CRLX_matched_ridge,1,120,2020-09-30,2020-08-31,100.0,-2.651836989084487,-3.499168609221664,0.7179708744842929,0.8473316201371768,0.0016240131890966427,0.040299046999856494,2.750148822747037,1.0
CRLX_matched_ridge,1,120,2020-10-31,2020-09-30,100.0,-2.7990735485463434,-3.171109264491644,0.13841057393893247,0.3720357159453007,0.0003575652444137981,0.018909395664954448,0.3604149365959637,1.0
CRLX_matched_ridge,1,120,2020-11-30,2020-10-31,100.0,-3.0039337534233583,-3.274476095798729,0.07319315901795223,0.27054234237537056,0.0001381780546037864,0.01175491618871808,0.17678451375100535,1.0
CRLX_matched_ridge,1,120,2020-12-31,2020-11-30,100.0,-3.651571910629322,-3.906986655143451,0.06523669171521781,0.25541474451412904,3.4214591968580045e-05,0.005849324060827887,0.15584361975463779,1.0
CRLX_matched_ridge,1,120,2021-01-31,2020-12-31,100.0,-3.0833870228491476,-3.9565160880421995,0.7623543644848927,0.8731290651930519,0.0007115135106670672,0.026674210591263375,2.9868518093123866,0.0
CRLX_matched_ridge,1,120,2021-02-28,2021-01-31,100.0,-3.2488776237223895,-3.671330518328529,0.17846644816110616,0.42245289460613966,0.0001788947963577797,0.013375155937699557,0.4828527150651085,1.0
CRLX_matched_ridge,1,120,2021-03-31,2021-02-28,100.0,-3.005349457539076,-3.637612533784741,0.399756597583632,0.6322630762456654,0.0005385346911411219,0.023206350233096154,1.2768880956567372,0.0
CRLX_matched_ridge,1,120,2021-04-30,2021-03-31,100.0,-3.428567723170164,-3.7092789459917013,0.0787987906179628,0.2807112228215374,6.301473061652543e-05,0.007938181820576134,0.19174206307660158,1.0
CRLX_matched_ridge,1,120,2021-05-31,2021-04-30,100.0,-3.25079126490233,-3.759232995099099,0.25851299300548425,0.5084417301967692,0.00023845330492239152,0.015441933328517888,0.7476819860419428,0.0
CRLX_matched_ridge,1,120,2021-06-30,2021-05-31,100.0,-3.704361054701714,-3.433637594985459,0.07329119164073856,0.27072345971625467,5.8574587125082715e-05,0.0076534036300905176,0.1233525917556032,1.0
CRLX_matched_ridge,1,120,2021-07-31,2021-06-30,100.0,-3.396235869388752,-3.6097311818666267,0.045580248450025354,0.21349531247787468,4.1473705114317365e-05,0.006440008161044314,0.1056476681490982,1.0
CRLX_matched_ridge,1,120,2021-08-31,2021-07-31,100.0,-3.708289465775626,-3.247473752802124,0.21235112132327677,0.46081571297350177,0.0002060044797720097,0.014352856153811676,0.3195008427785325,0.0
CRLX_matched_ridge,1,120,2021-09-30,2021-08-31,100.0,-3.2831700937799164,-3.2359951007208916,0.0022254799701190418,0.04717499305902484,3.2829688393854283e-06,0.0018118964759018183,0.004314217772425549,1.0
CRLX_matched_ridge,1,120,2021-10-31,2021-09-30,100.0,-3.386818668681176,-3.2755839071689583,0.012373172168679968,0.11123476151221778,1.58301173740112e-05,0.003978708003109954,0.02300892742274538,0.0
CRLX_matched_ridge,1,120,2021-11-30,2021-10-31,100.0,-3.306447862510668,-3.6045642247729974,0.08887336544852435,0.2981163622623293,8.924240549400468e-05,0.009446819861413928,0.21903456626129014,0.0
CRLX_matched_ridge,1,120,2021-12-31,2021-11-30,100.0,-2.996205908102638,-3.382604324980223,0.14930373656550372,0.3863984168775847,0.00025655788501183593,0.0160174244187958,0.3930183822193696,0.0
CRLX_matched_ridge,1,120,2022-01-31,2021-12-31,100.0,-2.9415796259494096,-3.3172574788069014,0.14113384912761526,0.3756778528574918,0.00027324648175951427,0.016530168836388644,0.36851628625566013,0.0
CRLX_matched_ridge,1,120,2022-02-28,2022-01-31,100.0,-2.79991710955502,-3.108820934725932,0.09542157320522135,0.30890382517091197,0.00026119503950222173,0.016161529615176334,0.23704943535761347,0.0
CRLX_matched_ridge,1,120,2022-03-31,2022-02-28,100.0,-2.676617851726222,-3.5276259131338223,0.7242147205807224,0.8510080614076005,0.0015540047204110194,0.03942086656088396,2.7829785517351056,0.0
CRLX_matched_ridge,1,120,2022-04-30,2022-03-31,100.0,-2.647933077507468,-3.499964276821424,0.7259571646043779,0.8520311993139558,0.0016482733180852294,0.04059893247469974,2.792167579202034,0.0
CRLX_matched_ridge,1,120,2022-05-31,2022-04-30,100.0,-2.4244300010941817,-2.8941354867282953,0.22062324323477853,0.46970548563411363,0.0011010261003465813,0.03318171334254127,0.6190629884646417,0.0
CRLX_matched_ridge,1,120,2022-06-30,2022-05-31,100.0,-2.4599323402147326,-3.085172475160203,0.3909252263466303,0.6252401349454706,0.001577565945777076,0.03971858438787913,1.2415393968066795,1.0
CRLX_matched_ridge,1,120,2022-07-31,2022-06-30,1.0,-2.8821336588859534,-2.858562747215946,0.000555587876955289,0.023570911670007355,1.7849255105574689e-06,0.00133601104432466,0.0010939186637301118,1.0
CRLX_matched_ridge,1,120,2022-08-31,2022-07-31,1.0,-2.844638284908549,-3.4367241324724396,0.3505656508854507,0.5920858475638906,0.000675241083821151,0.02598540135963174,1.0838071221897914,0.0
CRLX_matched_ridge,1,120,2022-09-30,2022-08-31,1.0,-2.646329916608998,-2.9024959107966835,0.0656210165781652,0.25616599418768526,0.0002567982871159091,0.016024927054932546,0.15684717786871827,0.0
CRLX_matched_ridge,1,120,2022-10-31,2022-09-30,1.0,-2.5235204874353756,-2.7029321668424138,0.03218855070765384,0.17941167940703817,0.00017339896682880713,0.013168104147097529,0.07282053314621689,0.0
CRLX_matched_ridge,1,120,2022-11-30,2022-10-31,1.0,-2.5436055847483017,-3.24790721173282,0.49604078177303934,0.7043016269845181,0.001578243532649804,0.03972711331886328,1.6816351341875868,1.0
CRLX_matched_ridge,1,120,2022-12-31,2022-11-30,1.0,-2.953340209712298,-2.833042815131569,0.014471463142911572,0.12029739458072886,4.44674168403938e-05,0.006668389373783883,0.026754911618865118,1.0
CRLX_matched_ridge,1,120,2023-01-31,2022-12-31,1.0,-3.0446334829778476,-2.57775162474085,0.21797866955083212,0.4668818582369978,0.0008026344578399886,0.02833080404506707,0.3268352295808059,0.0
CRLX_matched_ridge,1,120,2023-02-28,2023-01-31,1.0,-3.1747292629057444,-3.4023889471892304,0.05182893184805649,0.22765968428348593,7.245044463392672e-05,0.008511782694237836,0.12135747509212802,1.0
CRLX_matched_ridge,1,120,2023-03-31,2023-02-28,1.0,-2.9240573364232487,-3.1399585073619773,0.04661331561271412,0.21590117093872863,0.0001087997039605574,0.010430709657571598,0.10822834362420897,1.0
CRLX_matched_ridge,1,120,2023-04-30,2023-03-31,1.0,-3.442485805524746,-3.047641232103455,0.15590223716024115,0.39484457342129087,0.00023980650840660923,0.015485687211312556,0.2436750431422411,1.0
CRLX_matched_ridge,1,120,2023-05-31,2023-04-30,0.01,-3.29928079041607,-2.9129052349973845,0.14928606982509762,0.3863755554186854,0.00030303815336680075,0.017407991077858488,0.23449212945567544,1.0
CRLX_matched_ridge,1,120,2023-06-30,2023-05-31,0.01,-3.4043718007388586,-3.118653908606812,0.08163471388437973,0.28571789213204646,0.00012075726148776034,0.010988960892084398,0.13614983306761175,0.0
CRLX_matched_ridge,1,120,2023-07-31,2023-06-30,0.01,-3.7661453260783695,-3.3569006832000152,0.16748117772463172,0.40924464287835427,0.00013693653634813162,0.011701988563835277,0.25958680947878043,0.0
CRLX_matched_ridge,1,120,2023-08-31,2023-07-31,0.01,-3.308105488673255,-3.484903548696433,0.03125755402795917,0.17679806002317777,3.5149536628698846e-05,0.005928704464611037,0.07058375256155303,1.0
CRLX_matched_ridge,1,120,2023-09-30,2023-08-31,0.01,-3.437757865373422,-3.307564281782172,0.01695036920833186,0.13019358359125022,1.9968081603950162e-05,0.0044685659449033716,0.0311402848982813,0.0
CRLX_matched_ridge,1,120,2023-10-31,2023-09-30,0.01,-3.193098626287721,-3.0760161262346806,0.013708311818670162,0.11708250005304022,2.599190403507627e-05,0.005098225577107811,0.02539625198992762,1.0
CRLX_matched_ridge,1,120,2023-11-30,2023-10-31,0.01,-3.3142693090819773,-3.0840775924252126,0.052988226417388214,0.23019171665676463,8.857873881860352e-05,0.009411627851684506,0.09142507004056089,0.0
CRLX_matched_ridge,1,120,2023-12-31,2023-11-30,0.01,-3.568281666444767,-3.5437357288667144,0.000602503051585664,0.02454593757805279,4.912144637923056e-07,0.0007008669372943095,0.0011855270832570805,1.0
CRLX_matched_ridge,1,120,2024-01-31,2023-12-31,0.01,-3.4647197491071067,-3.6230098977878957,0.025055771169386305,0.15829014868078906,2.0972611332518426e-05,0.004579586371335126,0.05584614267237814,0.0
CRLX_matched_ridge,1,120,2024-02-29,2024-01-31,0.01,-3.3449345770399286,-3.3448373306265524,9.456864914527363e-09,9.724641337616191e-05,1.176023935828491e-11,3.4293205388655212e-06,1.8912503693739547e-08,1.0
CRLX_matched_ridge,1,120,2024-03-31,2024-02-29,0.01,-3.579023213504305,-3.3426121854177557,0.05589017420093927,0.23641102808654946,5.5376970777050977e-05,0.007441570450990233,0.09606301936626149,0.0
CRLX_matched_ridge,1,120,2024-04-30,2024-03-31,1.0,-3.2298318565473947,-3.185000350103932,0.0020098639699902255,0.044831506443462565,3.2908885402842863e-06,0.0018140806322444122,0.0039022330888129203,1.0
CRLX_matched_ridge,1,120,2024-05-31,2024-04-30,1.0,-3.551159106071428,-3.027847085310081,0.2738554710733241,0.5233120207613466,0.00038920998701751726,0.01972840558731286,0.39774516232742396,0.0
CRLX_matched_ridge,1,120,2024-06-30,2024-05-31,100.0,-3.974327104300053,-3.385039100314131,0.3472603516417121,0.5892880039859221,0.00022753838382447736,0.015084375486723915,0.4862926207378335,0.0
CRLX_matched_ridge,1,120,2024-07-31,2024-06-30,100.0,-3.172237966118978,-3.3627811511553105,0.03630670536379,0.19054318503633239,5.286615016501292e-05,0.0072709112334708725,0.08278766478388755,1.0
CRLX_matched_ridge,1,120,2024-08-31,2024-07-31,100.0,-2.8728553989963164,-3.423457625225553,0.3031628115285916,0.5506022262292367,0.0005730152301186204,0.023937736528724274,0.9065821265967187,0.0
CRLX_matched_ridge,1,120,2024-09-30,2024-08-31,100.0,-3.2605071347369625,-3.2758069712937656,0.000234084998664889,0.015299836556803115,3.3938833120615967e-07,0.000582570451710486,0.00047298203552373005,1.0
CRLX_matched_ridge,1,120,2024-10-31,2024-09-30,100.0,-3.4205515268412334,-3.209303905855083,0.04462555737230819,0.21124762098615024,5.914097442828588e-05,0.007690316926387747,0.07790461474767235,0.0
CRLX_matched_ridge,1,120,2024-11-30,2024-10-31,100.0,-3.3432396881530604,-3.0929263511927405,0.06265676666021064,0.2503133369603199,0.00010093528774736598,0.010046655550349379,0.10677735576030994,1.0
CRLX_matched_ridge,1,120,2024-12-31,2024-11-30,100.0,-3.197746191257484,-3.4456144008338887,0.06143864931861246,0.24786820957640465,8.044317708151879e-05,0.008969012046012581,0.14597035916873968,0.0
CRLX_matched_ridge,1,120,2025-01-31,2024-12-31,100.0,-3.243894689291075,-3.1795756137118376,0.004136943483367643,0.06431907557923733,6.71663265212075e-06,0.002591646706655973,0.007930229966208124,0.0
CRLX_matched_ridge,1,120,2025-02-28,2025-01-31,100.0,-3.3361230676767963,-3.1860279308818793,0.02252855008948486,0.15009513679491704,3.31905336745518e-05,0.005761122605408758,0.04086754953874372,0.0
CRLX_matched_ridge,1,120,2025-03-31,2025-02-28,100.0,-2.8189264390259248,-3.0578683543662315,0.05709323890649431,0.23894191534030673,0.00016083865113554002,0.012682217910741797,0.1347743004234334,1.0
CRLX_matched_ridge,1,120,2025-04-30,2025-03-31,100.0,-1.983632317040605,-2.9703077501470645,0.9735284102958195,0.9866754331064596,0.007444430224056874,0.0862811116297007,4.221393901974636,0.0
CRLX_matched_ridge,1,120,2025-05-31,2025-04-30,100.0,-3.029808966262144,-2.9503638714667257,0.006311523087053014,0.07944509479541839,1.5966382178960282e-05,0.003995795562708418,0.011980221582203743,1.0
CRLX_matched_ridge,1,120,2025-06-30,2025-05-31,100.0,-3.530189938328582,-3.0956791015532406,0.1887996672752074,0.4345108367753414,0.00025424067463810545,0.015944926297669283,0.28838329473933877,1.0
CRLX_matched_ridge,1,120,2025-07-31,2025-06-30,100.0,-3.9507722447624736,-3.2314005269332973,0.5174956684125,0.7193717178291763,0.00041056072229404513,0.020262298050666542,0.6759690964409614,0.0
CRLX_matched_ridge,1,120,2025-08-31,2025-07-31,100.0,-3.3885720022366694,-3.3925852315473657,1.6106009500231525e-05,0.0040132293106962535,1.827971272418355e-08,0.00013520248786240419,3.229837502668163e-05,1.0
CRLX_matched_ridge,1,120,2025-09-30,2025-08-31,100.0,-3.844352655797379,-3.4169068705898074,0.18270989929171733,0.4274457852075715,0.0001302685523809791,0.01141352497614033,0.2802208772773851,1.0
CRLX_matched_ridge,1,120,2025-10-31,2025-09-30,100.0,-3.200601249147139,-3.48812029183117,0.08266719990594142,0.2875190426840306,0.00010362108577451529,0.01017944427631073,0.20216012550506357,1.0
CRLX_matched_ridge,1,120,2025-11-30,2025-10-31,100.0,-3.1877347547552812,-3.3920072415439906,0.041727248858843435,0.20427248678870935,5.8127781139949125e-05,0.0076241577331498805,0.09608194611414211,0.0
CRLX_matched_ridge,1,120,2025-12-31,2025-11-30,100.0,-3.669080341092571,-3.193000690218669,0.22665183397621666,0.47607965087390225,0.00024175901469856441,0.01554860169592637,0.33806613559207765,1.0
CRLX_matched_ridge,1,120,2026-01-31,2025-12-31,100.0,-3.5432987087435324,-3.201603059637125,0.11675591661824908,0.3416956491064074,0.00013874799389880586,0.011779133834828683,0.18829311126372794,1.0
CRLX_matched_ridge,1,120,2026-02-28,2026-01-31,100.0,-3.319307735691405,-3.3698757338564302,0.0025571224384180052,0.05056799816502533,3.182501354994304e-06,0.001783956657263372,0.005291105227431467,1.0
CRLX_matched_ridge,1,120,2026-03-31,2026-02-28,100.0,-2.9305511753093016,-3.3141060911121984,0.14711437343656725,0.3835549158028968,0.00028903647288769455,0.01700107269814745,0.38642334567269554,1.0
CRLX_matched_ridge,1,120,2026-04-30,2026-03-31,100.0,-3.237312027686596,-3.0898750830196198,0.02173765265273297,0.1474369446669761,3.891676806915546e-05,0.00623833055145008,0.03949937609497739,1.0
CRLX_matched_ridge,1,120,2026-05-31,2026-04-30,100.0,-3.5119546359486353,-3.468720263378382,0.0018692109715434718,0.04323437257025331,1.7380304490536711e-06,0.0013183438280864636,0.003632959315889972,1.0
CRLX_matched_ridge,1,120,2026-06-30,2026-05-31,100.0,-3.0168147582707263,-3.4264656533365265,0.16781385582821126,0.4096508950658002,0.00027077689463876967,0.01645529989513317,0.4496133153102122,1.0
CRLX_matched_ridge,1,120,2026-07-31,2026-06-30,1e-08,-3.371829178429884,-3.4727196800528057,0.01017889331772474,0.10089050162292157,1.0852233197485426e-05,0.0032942727873516223,0.0217990154696322,1.0
CRLX_matched_ridge,1,120,2026-08-31,2026-07-31,100.0,-3.507788998946598,-3.1987815019062373,0.09548563322714851,0.3090074970403607,0.0001176967487826049,0.010848813243051283,0.1570283150872419,0.0
CRLX_matched_ridge,2,571,2020-01-31,2019-12-31,100.0,-3.394259264647835,-3.5967008763093817,0.04098260613212445,0.20244161166154662,3.783962846657226e-05,0.006151392400633556,0.09424420339247946,1.0
CRLX_matched_ridge,2,571,2020-02-29,2020-01-31,100.0,-2.6562454515374347,-3.500194918437815,0.7122507026814363,0.8439494669003804,0.001601587705583866,0.040019841398784506,2.7202070373225,0.0
CRLX_matched_ridge,2,571,2020-03-31,2020-02-29,1e-08,-1.2968909272855167,-2.8845357670221756,2.5206161371424414,1.587644839736659,0.04730612278950099,0.21749970756187464,19.758462301476342,0.0
CRLX_matched_ridge,2,571,2020-04-30,2020-03-31,1e-08,-2.134850068143052,-1.997124616124295,0.018968300133770866,0.13772545201875674,0.00030494462672722955,0.01746266379242381,0.03468061032972741,1.0
CRLX_matched_ridge,2,571,2020-05-31,2020-04-30,1e-08,-2.753043170704817,-2.438887746155203,0.098693630773948,0.31415542454961365,0.000553389719904409,0.023524236861254585,0.16180303825818393,1.0
CRLX_matched_ridge,2,571,2020-06-30,2020-05-31,0.01,-2.4519566880578116,-2.5878035564009867,0.018454371638647937,0.13584686834317505,0.00011968148832228134,0.010939903487795555,0.04049132893250301,1.0
CRLX_matched_ridge,2,571,2020-07-31,2020-06-30,0.01,-3.21882688058945,-2.536168106816947,0.46602300140857794,0.6826587737725034,0.0015340718545860717,0.039167229345283945,0.6206171409008591,1.0
CRLX_matched_ridge,2,571,2020-08-31,2020-07-31,0.01,-3.605943742197781,-3.0803732357594136,0.2762243572378819,0.5255705064383673,0.0003526999398108933,0.01878030723419863,0.40067970621727966,0.0
CRLX_matched_ridge,2,571,2020-09-30,2020-08-31,0.01,-2.651836989084487,-3.5115014040595454,0.7390229063744093,0.8596644149750583,0.0016540070849289591,0.04066948591916253,2.8614527236257707,1.0
CRLX_matched_ridge,2,571,2020-10-31,2020-09-30,100.0,-2.7990735485463434,-3.01543381007756,0.046811762769856435,0.21636026153121657,0.00014022971404250393,0.01184186277755759,0.10872483900426089,1.0
CRLX_matched_ridge,2,571,2020-11-30,2020-10-31,1.0,-3.0039337534233583,-2.899455136177798,0.010915781461544288,0.10447861724556029,2.9829133129260547e-05,0.005461605361911509,0.020387170606673027,1.0
CRLX_matched_ridge,2,571,2020-12-31,2020-11-30,1.0,-3.651571910629322,-3.2380625318840854,0.17099000631027136,0.4135093787452364,0.00017661193480360762,0.01328954230978658,0.26436995216864834,1.0
CRLX_matched_ridge,2,571,2021-01-31,2020-12-31,1.0,-3.0833870228491476,-3.405257530309889,0.10360062357303527,0.32187050746074153,0.00015890078578298242,0.012605585499411855,0.259847915023132,1.0
CRLX_matched_ridge,2,571,2021-02-28,2021-01-31,1.0,-3.2488776237223895,-3.2461929456139273,7.207496546056067e-06,0.0026846781084621796,1.0889586673982264e-08,0.000104353182385504,1.4389227942700374e-05,1.0
CRLX_matched_ridge,2,571,2021-03-31,2021-02-28,1.0,-3.005349457539076,-3.323548095576455,0.10125037324884302,0.31819863803737913,0.000182159839668337,0.013496660315364575,0.2532633992255985,0.0
CRLX_matched_ridge,2,571,2021-04-30,2021-03-31,1.0,-3.428567723170164,-3.2111933630065,0.0472516124565622,0.21737436016366374,6.201752815485221e-05,0.007875120834301669,0.08217605229537217,1.0
CRLX_matched_ridge,2,571,2021-05-31,2021-04-30,1.0,-3.25079126490233,-3.4025730126673848,0.023037698954614758,0.15178174776505493,2.9768250327943772e-05,0.005456028805637281,0.05111410865376631,1.0
CRLX_matched_ridge,2,571,2021-06-30,2021-05-31,1.0,-3.704361054701714,-3.2930428244053207,0.1691826865741567,0.41131823029639314,0.00015686871574573132,0.012524724178429293,0.2619084637571173,1.0
CRLX_matched_ridge,2,571,2021-07-31,2021-06-30,1.0,-3.396235869388752,-3.5037013771840835,0.011548835365708452,0.10746550779533148,1.1650684579770957e-05,0.0034133099155762223,0.02484535318486697,1.0
CRLX_matched_ridge,2,571,2021-08-31,2021-07-31,1.0,-3.708289465775626,-3.3605484118307394,0.1209238405987004,0.3477410539448864,0.00010397444875048789,0.010196786197154861,0.1943160061360738,0.0
CRLX_matched_ridge,2,571,2021-09-30,2021-08-31,1.0,-3.2831700937799164,-3.5291599492081103,0.06051100897358371,0.24598985542819385,6.690613016752234e-05,0.008179616749427954,0.14357122408440892,1.0
CRLX_matched_ridge,2,571,2021-10-31,2021-09-30,1.0,-3.386818668681176,-3.274533417805257,0.012607977564268095,0.11228525087591912,1.6147794882375822e-05,0.004018431893459913,0.02342975548948903,0.0
CRLX_matched_ridge,2,571,2021-11-30,2021-10-31,1.0,-3.306447862510668,-3.4687322915833585,0.02633623591944907,0.16228442907269036,3.01358385279851e-05,0.005489611874074988,0.05886520291141917,0.0
CRLX_matched_ridge,2,571,2021-12-31,2021-11-30,1.0,-2.996205908102638,-3.2604291251199538,0.06981390841097943,0.26422321701731555,0.0001346620008201326,0.011604395754201621,0.1678485203541218,1.0
CRLX_matched_ridge,2,571,2022-01-31,2021-12-31,1.0,-2.9415796259494096,-3.2283258137963813,0.08222337624477079,0.2867461878469717,0.00017314627242884562,0.013158505706532396,0.20096092467568571,0.0
CRLX_matched_ridge,2,571,2022-02-28,2022-01-31,1.0,-2.79991710955502,-2.9716591929155864,0.029495343197027776,0.1717420833605665,9.209942601680855e-05,0.009596844586467396,0.06636703301781055,0.0
CRLX_matched_ridge,2,571,2022-03-31,2022-02-28,1.0,-2.676617851726222,-2.998659256956834,0.10371066668290738,0.3220414052306122,0.0003587831760778966,0.018941572692833523,0.26015686889443457,0.0
CRLX_matched_ridge,2,571,2022-04-30,2022-03-31,100.0,-2.647933077507468,-3.0243939207587114,0.14172276650143717,0.3764608432512433,0.0004932900782882214,0.02221013458509924,0.3702725849135058,0.0
CRLX_matched_ridge,2,571,2022-05-31,2022-04-30,100.0,-2.4244300010941817,-2.769269346353484,0.11891417403886435,0.3448393452593024,0.0006667116549501107,0.025820760154381797,0.30339634592479925,0.0
CRLX_matched_ridge,2,571,2022-06-30,2022-05-31,100.0,-2.4599323402147326,-2.8279627122229085,0.13544635472047634,0.3680303720081759,0.0006920860972146804,0.026307529287538205,0.35163458471748243,1.0
CRLX_matched_ridge,2,571,2022-07-31,2022-06-30,100.0,-2.8821336588859534,-2.6835226979961875,0.03944631378555613,0.19861096088976593,0.0001514606170651903,0.012306933698740329,0.06940675840353833,1.0
CRLX_matched_ridge,2,571,2022-08-31,2022-07-31,1.0,-2.844638284908549,-3.033515174417189,0.03567447939045905,0.18887688950864012,0.00010018408861445205,0.010009200198539944,0.08124988231371932,0.0
CRLX_matched_ridge,2,571,2022-09-30,2022-08-31,1.0,-2.646329916608998,-2.792005264941819,0.021221307111888743,0.14567534833282103,9.240618895671817e-05,0.009612813789766146,0.04688311913761245,1.0
CRLX_matched_ridge,2,571,2022-10-31,2022-09-30,1e-08,-2.5235204874353756,-2.637877485519145,0.013077523010731219,0.11435699808376931,7.50640640830156e-05,0.008663951989884039,0.028268489619679593,1.0
CRLX_matched_ridge,2,571,2022-11-30,2022-10-31,1e-08,-2.5436055847483017,-2.936929624507192,0.15470380025225303,0.3933240397588902,0.0006530200256985414,0.02555425650842813,0.40937510129617594,1.0
CRLX_matched_ridge,2,571,2022-12-31,2022-11-30,1e-08,-2.953340209712298,-2.828689052366564,0.015537911027630896,0.12465115734573384,4.7956942908534596e-05,0.006925095155197118,0.028646645217983574,1.0
CRLX_matched_ridge,2,571,2023-01-31,2022-12-31,1e-08,-3.0446334829778476,-2.7867390725504153,0.06650952692971292,0.25789441042743233,0.0001962260507626187,0.014008070915105288,0.11281828038829328,0.0
CRLX_matched_ridge,2,571,2023-02-28,2023-01-31,1e-08,-3.1747292629057444,-3.109613735646471,0.0042400318902532045,0.06511552725927361,7.911650298264327e-06,0.002812765596039657,0.008123620959358549,1.0
CRLX_matched_ridge,2,571,2023-03-31,2023-02-28,1e-08,-2.9240573364232487,-3.0165543448287466,0.00855569656396675,0.0924970084054979,2.2521127024263873e-05,0.004745642951620346,0.018217224254895636,1.0
CRLX_matched_ridge,2,571,2023-04-30,2023-03-31,1e-08,-3.442485805524746,-3.0819377474256084,0.1299949021990591,0.3605480580991376,0.00019279899304104365,0.013885207706082169,0.20731512742842495,1.0
CRLX_matched_ridge,2,571,2023-05-31,2023-04-30,1e-08,-3.29928079041607,-3.1825003173927446,0.013637678879551604,0.11678047302332528,2.0904134933240147e-05,0.004572103994141007,0.025270288761962523,1.0
CRLX_matched_ridge,2,571,2023-06-30,2023-05-31,1e-08,-3.4043718007388586,-3.234871505088775,0.028730350225465794,0.16950029565008373,3.7669835664944254e-05,0.006137575715618036,0.05148261909849233,0.0
CRLX_matched_ridge,2,571,2023-07-31,2023-06-30,1e-08,-3.7661453260783695,-3.367272168269837,0.15909979602015048,0.3988731578085325,0.0001286518887841088,0.011342481597256784,0.24808906735308656,0.0
CRLX_matched_ridge,2,571,2023-08-31,2023-07-31,1e-08,-3.308105488673255,-3.4882163332416463,0.03243991633113918,0.18011084456839122,3.636205198917525e-05,0.006030095520733917,0.07342551420805571,1.0
CRLX_matched_ridge,2,571,2023-09-30,2023-08-31,1e-08,-3.437757865373422,-3.2711356407087524,0.0277629657522037,0.1666222246646698,3.3949624166448754e-05,0.005826630601509654,0.04983945090551323,0.0
CRLX_matched_ridge,2,571,2023-10-31,2023-09-30,1e-08,-3.193098626287721,-3.1881842826592934,2.4150773298264525e-05,0.004914343628427353,4.088612579228343e-08,0.00020220317948114325,4.814368774148231e-05,1.0
CRLX_matched_ridge,2,571,2023-11-30,2023-10-31,1e-08,-3.3142693090819773,-3.1731353890675127,0.01991878337864928,0.14113392001446456,3.0376624415505235e-05,0.0055114992892592515,0.03633952692926573,0.0
CRLX_matched_ridge,2,571,2023-12-31,2023-11-30,1e-08,-3.568281666444767,-3.452518331479168,0.013401149722357498,0.1157633349655991,1.1982082659743899e-05,0.003461514503760442,0.024848207321360727,1.0
CRLX_matched_ridge,2,571,2024-01-31,2023-12-31,1e-08,-3.4647197491071067,-3.5161770369020307,0.002647852467209632,0.05145728779492398,2.461640663933567e-06,0.0015689616515178334,0.00548214530577891,1.0
CRLX_matched_ridge,2,571,2024-02-29,2024-01-31,1e-08,-3.3449345770399286,-3.336208385503001,7.61464187391441e-05,0.008726191536927441,9.551437036307192e-08,0.0003090539926340896,0.0001514107318966347,1.0
CRLX_matched_ridge,2,571,2024-03-31,2024-02-29,0.01,-3.579023213504305,-3.4119206422041937,0.027923269335108854,0.16710257130011152,2.5754212056146468e-05,0.005074860791799758,0.05011204675863545,1.0
CRLX_matched_ridge,2,571,2024-04-30,2024-03-31,1e-08,-3.2298318565473947,-3.3819445181718693,0.023138261826481897,0.15211266162447457,3.1168074711071514e-05,0.005582837514299652,0.05134914087411391,1.0
CRLX_matched_ridge,2,571,2024-05-31,2024-04-30,0.01,-3.551159106071428,-3.210280455224778,0.11619825460303226,0.3408786508466499,0.00013581414498095554,0.011653932597237533,0.18748479694664705,0.0
CRLX_matched_ridge,2,571,2024-06-30,2024-05-31,1e-08,-3.974327104300053,-3.4731187697477055,0.2512097946247381,0.5012083345523477,0.0001495286973197828,0.01222819272500163,0.36940814079278084,0.0
CRLX_matched_ridge,2,571,2024-07-31,2024-06-30,1.0,-3.172237966118978,-3.604242756960885,0.18662813931035954,0.4320047908419067,0.00021613881469914533,0.014701660270158106,0.5086454192357313,1.0
CRLX_matched_ridge,2,571,2024-08-31,2024-07-31,1e-08,-2.8728553989963164,-3.4355396620097114,0.3166135798429275,0.562684263013395,0.0005919116927022031,0.02432923534972283,0.9559836721582524,0.0
CRLX_matched_ridge,2,571,2024-09-30,2024-08-31,1e-08,-3.2605071347369625,-3.1372053232924926,0.01520333670548762,0.12330181144446994,2.5351161031841868e-05,0.005034993647646625,0.02805400408424588,1.0
CRLX_matched_ridge,2,571,2024-10-31,2024-09-30,1e-08,-3.4205515268412334,-3.2223765796044113,0.039273309712317246,0.19817494723682216,5.1348926154652844e-05,0.007165816502999002,0.06912115027939914,0.0
CRLX_matched_ridge,2,571,2024-11-30,2024-10-31,1e-08,-3.3432396881530604,-3.197322896329797,0.021291710135993635,0.14591679182326356,3.0792910669954776e-05,0.005549136029144967,0.03872640445775716,1.0
CRLX_matched_ridge,2,571,2024-12-31,2024-11-30,1e-08,-3.197746191257484,-3.4303447026463094,0.05410206750029752,0.23259851138882537,7.188324899647913e-05,0.00847839896421955,0.12713086006841723,0.0
CRLX_matched_ridge,2,571,2025-01-31,2024-12-31,1e-08,-3.243894689291075,-3.152858802054636,0.00828753276492559,0.09103588723643874,1.3824531745609396e-05,0.0037181355200704286,0.015613285738943022,0.0
CRLX_matched_ridge,2,571,2025-02-28,2025-01-31,1.0,-3.3361230676767963,-3.2669322257662494,0.0047873726042902956,0.06919084191054692,6.495311840889986e-06,0.0025485901673062278,0.00914795473353941,1.0
CRLX_matched_ridge,2,571,2025-03-31,2025-02-28,1.0,-2.8189264390259248,-3.19172018337767,0.13897517582779442,0.3727937443517453,0.0003448025258062446,0.018568859033506732,0.36209182040778254,1.0
CRLX_matched_ridge,2,571,2025-04-30,2025-03-31,1.0,-1.983632317040605,-3.0139748503318975,1.0616057359091182,1.0303425332912926,0.007827382406884143,0.08847249519983114,4.790661597001844,0.0
CRLX_matched_ridge,2,571,2025-05-31,2025-04-30,1.0,-3.029808966262144,-2.7244573430519003,0.0932396137971307,0.3053516232102438,0.00029780103070044115,0.017256912548322227,0.15367214026833964,1.0
CRLX_matched_ridge,2,571,2025-06-30,2025-05-31,1.0,-3.530189938328582,-2.988011644507166,0.2939573022911016,0.5421782938214159,0.0004447111344805485,0.021088175228799397,0.4224758536793013,0.0
CRLX_matched_ridge,2,571,2025-07-31,2025-06-30,1.0,-3.9507722447624736,-3.2368948744060164,0.5096208999070503,0.7138773703564572,0.00040183629226579623,0.0200458547402149,0.667601577189305,0.0
CRLX_matched_ridge,2,571,2025-08-31,2025-07-31,1.0,-3.3885720022366694,-3.560684363440132,0.02962266487903115,0.17211236120346252,2.8488674813108637e-05,0.005337478319685115,0.06667093734677337,1.0
CRLX_matched_ridge,2,571,2025-09-30,2025-08-31,1.0,-3.844352655797379,-3.4583010752099446,0.14903582287405626,0.3860515805874343,0.00010166595729775464,0.010082953798255481,0.23414346167967826,1.0
CRLX_matched_ridge,2,571,2025-10-31,2025-09-30,1.0,-3.200601249147139,-3.61823236740843,0.1744157509401761,0.4176311182612906,0.00019342252862957586,0.013907642813560314,0.47015629744129717,1.0
CRLX_matched_ridge,2,571,2025-11-30,2025-10-31,1.0,-3.1877347547552812,-3.383548553058688,0.03834304360600725,0.19581379830340673,5.385198817515949e-05,0.0073383913887962865,0.08775908357935958,0.0
CRLX_matched_ridge,2,571,2025-12-31,2025-11-30,1.0,-3.669080341092571,-3.2436123704612694,0.1810229940331183,0.4254679706313018,0.00018286518505792866,0.01352276543677101,0.2779510250866344,1.0
CRLX_matched_ridge,2,571,2026-01-31,2025-12-31,100.0,-3.5432987087435324,-3.35565285874599,0.03521096502130019,0.1876458499975424,3.562667440979459e-05,0.005968808458125842,0.06238052574430886,1.0
CRLX_matched_ridge,2,571,2026-02-28,2026-01-31,100.0,-3.319307735691405,-3.4517202313278257,0.01753306900066515,0.13241249563642077,2.0131322643432717e-05,0.004486794250178262,0.03837789266913055,1.0
CRLX_matched_ridge,2,571,2026-03-31,2026-02-28,100.0,-2.9305511753093016,-3.3883996244857233,0.20962520241325436,0.45784844917642165,0.0003843540054699342,0.01960494849444737,0.5828189585544505,0.0
CRLX_matched_ridge,2,571,2026-04-30,2026-03-31,1.0,-3.237312027686596,-3.0570189452740255,0.032505595565825884,0.18029308241257036,6.019231088792645e-05,0.007758370375789393,0.05785365740810644,1.0
CRLX_matched_ridge,2,571,2026-05-31,2026-04-30,1.0,-3.5119546359486353,-3.395500621129028,0.013561537567605335,0.11645401481960738,1.3580944742380564e-05,0.0036852333362191007,0.025134461163820038,1.0
CRLX_matched_ridge,2,571,2026-06-30,2026-05-31,1.0,-3.0168147582707263,-3.409345570483115,0.15408043853611758,0.3925308122123887,0.0002526217560140272,0.015894079275441758,0.4074804262880336,1.0
CRLX_matched_ridge,2,571,2026-07-31,2026-06-30,100.0,-3.371829178429884,-3.2362678698926124,0.018376868372337395,0.13556130853727177,2.4835699696322246e-05,0.0049835428859720116,0.03364560940853609,1.0
CRLX_matched_ridge,2,571,2026-08-31,2026-07-31,1.0,-3.507788998946598,-3.281765224574655,0.05108674658133904,0.2260237743719431,5.774181308440737e-05,0.007598803398194177,0.08837146134688584,0.0
CRLX_matched_ridge,2,120,2020-01-31,2019-12-31,100.0,-3.394259264647835,-3.623040015324786,0.05234063188030913,0.2287807506769508,4.71148758724394e-05,0.006864027671304902,0.12265442721728925,1.0
CRLX_matched_ridge,2,120,2020-02-29,2020-01-31,100.0,-2.6562454515374347,-3.559704997395148,0.8162391510014251,0.903459545857713,0.0017442420441964035,0.041764123888768497,3.2847315828102657,0.0
CRLX_matched_ridge,2,120,2020-03-31,2020-02-29,0.01,-1.2968909272855167,-2.7367681566733397,2.0732464357095535,1.439877229387823,0.043514405169923324,0.20860106703927314,13.930145119360759,0.0
CRLX_matched_ridge,2,120,2020-04-30,2020-03-31,0.0001,-2.134850068143052,-4.72075612707745,6.68691014563363,2.585906058934398,0.011958271125365773,0.10935388024832851,170.06209279316855,1.0
CRLX_matched_ridge,2,120,2020-05-31,2020-04-30,100.0,-2.753043170704817,-2.6325865909238257,0.014509787612534276,0.12045657978099111,6.65636045286013e-05,0.008158652126950952,0.02682303174458034,1.0
CRLX_matched_ridge,2,120,2020-06-30,2020-05-31,100.0,-2.4519566880578116,-2.8827799808640995,0.18560870962445242,0.43082329280628784,0.0009087798674728868,0.030145975974794494,0.5054084598035498,0.0
CRLX_matched_ridge,2,120,2020-07-31,2020-06-30,1.0,-3.21882688058945,-2.9019515442706036,0.10040997876718212,0.31687533631884657,0.0002224269992288129,0.014913986698023199,0.16434863760000662,1.0
CRLX_matched_ridge,2,120,2020-08-31,2020-07-31,100.0,-3.605943742197781,-3.178118877222226,0.1830341150913518,0.42782486497555494,0.00021031257188851215,0.01450215749081881,0.280656691553435,0.0
CRLX_matched_ridge,2,120,2020-09-30,2020-08-31,1.0,-2.651836989084487,-3.758214002062277,1.224070094845657,1.1063770129777901,0.002227479825990827,0.04719618444313933,5.928101888192132,0.0
CRLX_matched_ridge,2,120,2020-10-31,2020-09-30,100.0,-2.7990735485463434,-3.173415701105437,0.14013204718257583,0.37434215255909375,0.0003612301412601591,0.019006055384012725,0.36553221692414417,1.0
CRLX_matched_ridge,2,120,2020-11-30,2020-10-31,100.0,-3.0039337534233583,-3.328817746481516,0.10554960894541308,0.32488399305815774,0.00018923183915361212,0.013756156409172299,0.26532846238370267,1.0
CRLX_matched_ridge,2,120,2020-12-31,2020-11-30,100.0,-3.651571910629322,-3.6594041010010585,6.134320601912441e-05,0.007832190371736658,4.098756807219078e-08,0.00020245386652813224,0.00012332953080082185,1.0
CRLX_matched_ridge,2,120,2021-01-31,2020-12-31,100.0,-3.0833870228491476,-3.8521037557097344,0.5909254153798549,0.7687167328605868,0.0006036278395710741,0.024568838791670114,2.1152003243620383,0.0
CRLX_matched_ridge,2,120,2021-02-28,2021-01-31,100.0,-3.2488776237223895,-3.740805949628042,0.24199347782833774,0.4919283259056524,0.00022749041183145382,0.015082785280957023,0.6908953108533633,1.0
CRLX_matched_ridge,2,120,2021-03-31,2021-02-28,100.0,-3.005349457539076,-3.6653725470848393,0.43563047873353494,0.6600230895457635,0.0005724923018965758,0.023926811360826496,1.4235480699592404,0.0
CRLX_matched_ridge,2,120,2021-04-30,2021-03-31,100.0,-3.428567723170164,-3.539856760110928,0.012385249743202728,0.11128903694076397,1.1668221332973131e-05,0.0034158778275829964,0.026715279142908638,1.0
CRLX_matched_ridge,2,120,2021-05-31,2021-04-30,100.0,-3.25079126490233,-3.5181044789456974,0.07145635440219526,0.2673132140433676,8.259073646318967e-05,0.009087944567568052,0.17218407858828377,0.0
CRLX_matched_ridge,2,120,2021-06-30,2021-05-31,100.0,-3.704361054701714,-3.397234043335896,0.0943270011104993,0.307127011365818,7.831836134273792e-05,0.008849766174466867,0.15529837432509996,1.0
CRLX_matched_ridge,2,120,2021-07-31,2021-06-30,100.0,-3.396235869388752,-3.523401427809214,0.01617107924838795,0.12716555842046207,1.6001617412318867e-05,0.004000202171430697,0.035267624601261316,1.0
CRLX_matched_ridge,2,120,2021-08-31,2021-07-31,100.0,-3.708289465775626,-3.2958408175810288,0.17011388739755048,0.41244864819459703,0.0001566868534079083,0.012517461939543027,0.2631772994815884,0.0
CRLX_matched_ridge,2,120,2021-09-30,2021-08-31,100.0,-3.2831700937799164,-3.369255081051461,0.00741062503354199,0.08608498727154457,9.57219368003267e-06,0.0030938961973590307,0.01570975082563167,1.0
CRLX_matched_ridge,2,120,2021-10-31,2021-09-30,100.0,-3.386818668681176,-3.3820962426533376,2.2301307588406092e-05,0.0047224260278384556,2.5622927063102565e-08,0.00016007163103780309,4.446252441647931e-05,1.0
CRLX_matched_ridge,2,120,2021-11-30,2021-10-31,100.0,-3.306447862510668,-3.5112857445685526,0.04195855792595978,0.20483788205788445,4.6071724560859404e-05,0.006787615528361886,0.09665353579664837,0.0
CRLX_matched_ridge,2,120,2021-12-31,2021-11-30,100.0,-2.996205908102638,-3.3995568638409064,0.16269199349497437,0.4033509557382682,0.00027517042754475994,0.016588261739698948,0.4338044879214644,0.0
CRLX_matched_ridge,2,120,2022-01-31,2021-12-31,100.0,-2.9415796259494096,-3.3457022004599617,0.16331505522903675,0.4041225745105521,0.00030789097889971043,0.017546822473020876,0.43572155331925067,0.0
CRLX_matched_ridge,2,120,2022-02-28,2022-01-31,100.0,-2.79991710955502,-3.220751829005745,0.17710186109517034,0.4208347194507249,0.0004363951595108219,0.020890073228948286,0.4785678007054972,0.0
CRLX_matched_ridge,2,120,2022-03-31,2022-02-28,100.0,-2.676617851726222,-3.4146122118600237,0.5446356755892997,0.7379943601338019,0.0012892608888798356,0.03590627924026431,1.8993709215174177,0.0
CRLX_matched_ridge,2,120,2022-04-30,2022-03-31,100.0,-2.647933077507468,-3.2586215539661643,0.3729404152794435,0.6106884764586962,0.0010469135718333676,0.0323560438223428,1.1704779912626861,0.0
CRLX_matched_ridge,2,120,2022-05-31,2022-04-30,100.0,-2.4244300010941817,-2.978768451750051,0.30729111787554936,0.5543384506558691,0.001419265449105071,0.03767313962367712,0.9216693923005068,0.0
CRLX_matched_ridge,2,120,2022-06-30,2022-05-31,100.0,-2.4599323402147326,-2.9340269860584054,0.22476573321763751,0.4740946458436728,0.001040597291609974,0.03225829027722911,0.6328426379343461,1.0
CRLX_matched_ridge,2,120,2022-07-31,2022-06-30,100.0,-2.8821336588859534,-2.906625892597997,0.0005998695122053578,0.024492233712043454,1.8367589703052075e-06,0.001355270810688848,0.0012195708153058052,1.0
CRLX_matched_ridge,2,120,2022-08-31,2022-07-31,100.0,-2.844638284908549,-3.1301560467830574,0.08152039234582847,0.2855177618745084,0.00020863846177440472,0.014444322821593428,0.19906355860313574,0.0
CRLX_matched_ridge,2,120,2022-09-30,2022-08-31,100.0,-2.646329916608998,-2.990496457856427,0.118450608114218,0.3441665412474286,0.000426360881744207,0.020648507978645987,0.30206185977008826,0.0
CRLX_matched_ridge,2,120,2022-10-31,2022-09-30,100.0,-2.5235204874353756,-2.858913516936279,0.11248848423779381,0.33539302950090333,0.000521932045008235,0.02284583211459445,0.28498801138054275,0.0
CRLX_matched_ridge,2,120,2022-11-30,2022-10-31,100.0,-2.5436055847483017,-2.9102007679877673,0.13439202837437736,0.3665951832394656,0.0005816662675221222,0.024117758343638038,0.34852108058655773,1.0
CRLX_matched_ridge,2,120,2022-12-31,2022-11-30,100.0,-2.953340209712298,-2.804069319829317,0.022281798566457067,0.1492708898829811,7.052535980887019e-05,0.008397937830733816,0.04044106459006025,1.0
CRLX_matched_ridge,2,120,2023-01-31,2022-12-31,100.0,-3.0446334829778476,-2.9043103590835213,0.019690579099462455,0.14032312389432633,5.144906825546692e-05,0.0071728005866235345,0.03594172346009755,0.0
CRLX_matched_ridge,2,120,2023-02-28,2023-01-31,100.0,-3.1747292629057444,-3.1863361970241533,0.00013472091962908345,0.011606934118408851,2.3273638599458603e-07,0.00048242759663454787,0.0002715389245884145,1.0
CRLX_matched_ridge,2,120,2023-03-31,2023-02-28,100.0,-2.9240573364232487,-3.1869193793810457,0.06909645362794672,0.262862042957797,0.0001541670409788289,0.012416402094762753,0.16595924316761623,0.0
CRLX_matched_ridge,2,120,2023-04-30,2023-03-31,1.0,-3.442485805524746,-3.0023041330560503,0.19375990477733815,0.4401816724686958,0.0003128443541977325,0.01768740665551998,0.2949955747243064,1.0
CRLX_matched_ridge,2,120,2023-05-31,2023-04-30,1.0,-3.29928079041607,-2.8363639804651193,0.21429197293516455,0.46291680995095064,0.0004721401339914534,0.02172878583794901,0.32203462023517826,1.0
CRLX_matched_ridge,2,120,2023-06-30,2023-05-31,1.0,-3.4043718007388586,-3.102898516124985,0.09088614133587755,0.30147328461387346,0.00013668248499341831,0.011691128473907825,0.1501434739701794,0.0
CRLX_matched_ridge,2,120,2023-07-31,2023-06-30,1.0,-3.7661453260783695,-3.3499801528384587,0.17319345141780493,0.41616517323991076,0.00014265812024222445,0.011943957478249178,0.26736466994881847,0.0
CRLX_matched_ridge,2,120,2023-08-31,2023-07-31,1.0,-3.308105488673255,-3.4689139824373365,0.025859371666672626,0.16080849376408146,2.9534626860452037e-05,0.005434576971619046,0.057739376550823396,1.0
CRLX_matched_ridge,2,120,2023-09-30,2023-08-31,1.0,-3.437757865373422,-3.24884861458012,0.0356867050352868,0.18890925079330234,4.465204105793343e-05,0.006682218273742144,0.06317338178815868,0.0
CRLX_matched_ridge,2,120,2023-10-31,2023-09-30,1.0,-3.193098626287721,-3.0060849640401406,0.034974109867252,0.1870136622475802,7.124277557214727e-05,0.008440543559045666,0.061985437959171164,1.0
CRLX_matched_ridge,2,120,2023-11-30,2023-10-31,1.0,-3.3142693090819773,-3.10178494235118,0.04514960610498791,0.21248436673079718,7.410208249883557e-05,0.008608256646896371,0.07875896002910165,0.0
CRLX_matched_ridge,2,120,2023-12-31,2023-11-30,1.0,-3.568281666444767,-3.5646380519167167,1.3275926829020736e-05,0.0036436145280505094,1.0599311532741497e-08,0.0001029529578630041,2.6487474507331382e-05,1.0
CRLX_matched_ridge,2,120,2024-01-31,2023-12-31,1.0,-3.4647197491071067,-3.7452712853605927,0.0787091644941911,0.28055153625348606,5.856156780118735e-05,0.007652553025049049,0.19150161196662152,0.0
CRLX_matched_ridge,2,120,2024-02-29,2024-01-31,1.0,-3.3449345770399286,-3.4137447644908114,0.004734841897025636,0.06881018745088285,5.498189343933619e-06,0.002344821814964544,0.00991945775127473,1.0
CRLX_matched_ridge,2,120,2024-03-31,2024-02-29,1.0,-3.579023213504305,-3.372982040286876,0.04245296506081467,0.2060411732174292,4.075926925440112e-05,0.006384298650157362,0.07435208468965498,1.0
CRLX_matched_ridge,2,120,2024-04-30,2024-03-31,100.0,-3.2298318565473947,-3.2732400230590724,0.0018842689199055347,0.04340816651167767,2.8246383087239015e-06,0.001680666031287567,0.003880003398713791,1.0
CRLX_matched_ridge,2,120,2024-05-31,2024-04-30,100.0,-3.551159106071428,-3.172218599443503,0.14359590756342847,0.378940506627925,0.00017474587395396038,0.013219148004087116,0.22653946990290963,0.0
CRLX_matched_ridge,2,120,2024-06-30,2024-05-31,100.0,-3.974327104300053,-3.3713640754729006,0.36356441413241364,0.6029630288271526,0.0002418279094965796,0.015550817004150605,0.5053406535631585,0.0
CRLX_matched_ridge,2,120,2024-07-31,2024-06-30,100.0,-3.172237966118978,-3.382446494619918,0.04418762545453053,0.21020852850094007,6.313002877426653e-05,0.007945440753933448,0.1021793757208852,1.0
CRLX_matched_ridge,2,120,2024-08-31,2024-07-31,100.0,-2.8728553989963164,-3.5116263486953967,0.408028326179465,0.6387709496990803,0.0007122988936531685,0.026688928297201604,1.3102677809129988,0.0
CRLX_matched_ridge,2,120,2024-09-30,2024-08-31,100.0,-3.2605071347369625,-3.272713260139601,0.0001489894973449353,0.012206125402638435,2.1668032608958604e-07,0.0004654893404682711,0.0003004186451361114,1.0
CRLX_matched_ridge,2,120,2024-10-31,2024-09-30,100.0,-3.4205515268412334,-3.2868424087811405,0.01787812825240786,0.1337091180600929,2.1876851001517368e-05,0.0046772696096673075,0.03277114240780718,1.0
CRLX_matched_ridge,2,120,2024-11-30,2024-10-31,100.0,-3.3432396881530604,-3.2105513092619837,0.017606205892741915,0.13268837889107665,2.5120461107545454e-05,0.005012031634731115,0.032293711390075086,1.0
CRLX_matched_ridge,2,120,2024-12-31,2024-11-30,100.0,-3.197746191257484,-3.469717441616284,0.07396836102172913,0.2719712503588001,9.464086212399016e-05,0.00972835351557447,0.17884307351107687,0.0
CRLX_matched_ridge,2,120,2025-01-31,2024-12-31,100.0,-3.243894689291075,-3.2625504672837082,0.0003480380525104207,0.018655777992633293,5.199075179100083e-07,0.0007210461274495608,0.0007048146925753701,1.0
CRLX_matched_ridge,2,120,2025-02-28,2025-01-31,100.0,-3.3361230676767963,-3.2341878905104107,0.010390780343942434,0.10193517716638567,1.4573853277315447e-05,0.0038175716466512383,0.019438453536717998,0.0
CRLX_matched_ridge,2,120,2025-03-31,2025-02-28,100.0,-2.8189264390259248,-3.0427768331958385,0.050108998970025735,0.2238503941699137,0.00014322640449959567,0.011967723446821274,0.11700965765407345,1.0
CRLX_matched_ridge,2,120,2025-04-30,2025-03-31,100.0,-1.983632317040605,-2.957824494988206,0.9490503995742904,0.974192177947601,0.007333672405356422,0.08563686358897331,4.068956535613901,0.0
CRLX_matched_ridge,2,120,2025-05-31,2025-04-30,100.0,-3.029808966262144,-2.770458614126474,0.06726260515289599,0.2593503521356699,0.0002047304457928965,0.014308404725646269,0.11399421229321871,1.0
CRLX_matched_ridge,2,120,2025-06-30,2025-05-31,100.0,-3.530189938328582,-2.993049659995503,0.2885196786077373,0.5371402783330788,0.000434095578220578,0.020834960480417955,0.415823944710883,0.0
CRLX_matched_ridge,2,120,2025-07-31,2025-06-30,100.0,-3.9507722447624736,-3.231893180358941,0.5167871092376983,0.7188790644035326,0.00040977265146284047,0.02024284198087908,0.6752176448492194,0.0
CRLX_matched_ridge,2,120,2025-08-31,2025-07-31,1.0,-3.3885720022366694,-3.599470024815674,0.04447797592773437,0.2108980225790047,4.119893970732702e-05,0.006418640020076451,0.10290147836875785,1.0
CRLX_matched_ridge,2,120,2025-09-30,2025-08-31,1.0,-3.844352655797379,-3.4195053047312447,0.18049527170791102,0.42484735106613414,0.00012833199456607715,0.011328371222999234,0.27724014286936927,1.0
CRLX_matched_ridge,2,120,2025-10-31,2025-09-30,1.0,-3.200601249147139,-3.694836811427784,0.24426879102286525,0.4942355622806449,0.00025237116903383504,0.01588619429044713,0.6986519292276714,1.0
CRLX_matched_ridge,2,120,2025-11-30,2025-10-31,100.0,-3.1877347547552812,-3.4069358588024836,0.048049124015512444,0.2192011040472024,6.59773209893118e-05,0.008122642488089193,0.11182608831964347,0.0
CRLX_matched_ridge,2,120,2025-12-31,2025-11-30,100.0,-3.669080341092571,-3.2576707171727266,0.16925787865386796,0.4114096239198446,0.00016842872507485292,0.012978009287824267,0.2620109650217707,1.0
CRLX_matched_ridge,2,120,2026-01-31,2025-12-31,100.0,-3.5432987087435324,-3.331816738921849,0.04472462355965942,0.21148196982168344,4.6380991426181176e-05,0.0068103591260800025,0.07806619555022659,1.0
CRLX_matched_ridge,2,120,2026-02-28,2026-01-31,100.0,-3.319307735691405,-3.4239777691421085,0.010955815902571407,0.10467003345070358,1.2926159463141953e-05,0.0035952968532712223,0.023524116652088894,1.0
CRLX_matched_ridge,2,120,2026-03-31,2026-02-28,100.0,-2.9305511753093016,-3.3623939863867998,0.18648821347931574,0.4318428110774981,0.00035026666356273754,0.018715412460395778,0.5082008590597669,0.0
CRLX_matched_ridge,2,120,2026-04-30,2026-03-31,100.0,-3.237312027686596,-3.18782574693142,0.0024488919829800944,0.049486280755175915,3.968774055808731e-06,0.001992178218887239,0.004740122086775031,1.0
CRLX_matched_ridge,2,120,2026-05-31,2026-04-30,100.0,-3.5119546359486353,-3.374270712794242,0.0189568626951849,0.13768392315439337,1.9400045914375797e-05,0.004404548321266983,0.034660615114865484,1.0
CRLX_matched_ridge,2,120,2026-06-30,2026-05-31,100.0,-3.0168147582707263,-3.39436506361398,0.14254423306478403,0.3775503053432536,0.00023700765109689498,0.015395052812410062,0.37272498389352227,1.0
CRLX_matched_ridge,2,120,2026-07-31,2026-06-30,100.0,-3.371829178429884,-3.3337009897674674,0.0014537587706768445,0.03812818866241674,1.7797959338967166e-06,0.0013340899272150722,0.00283499968146822,1.0
CRLX_matched_ridge,2,120,2026-08-31,2026-07-31,100.0,-3.507788998946598,-3.291814165110358,0.04664512885059155,0.21597483383624017,5.217514342803225e-05,0.0072232363541581725,0.08119172139895275,0.0
CRLX_matched_ridge,3,571,2020-01-31,2019-12-31,1.0,-3.394259264647835,-3.3535918007512935,0.0016538426197765172,0.040667463896541634,1.9408838705433874e-06,0.0013931560826208195,0.0032198026583350192,1.0
CRLX_matched_ridge,3,571,2020-02-29,2020-01-31,1.0,-2.6562454515374347,-3.2336134384484767,0.33335379230970913,0.577367986911042,0.0009484257197122966,0.030796521227442177,1.0184495290545392,1.0
CRLX_matched_ridge,3,571,2020-03-31,2020-02-29,1.0,-1.2968909272855167,-2.901094643422599,2.573469562868024,1.6042037161370821,0.04770616523100647,0.2184174105491741,20.531247825892784,0.0
CRLX_matched_ridge,3,571,2020-04-30,2020-03-31,1.0,-2.134850068143052,-2.246257906511542,0.012411706449939592,0.11140783836849,0.00015544960601826755,0.012467943135027026,0.026774547222726763,1.0
CRLX_matched_ridge,3,571,2020-05-31,2020-04-30,1.0,-2.753043170704817,-2.429755946677173,0.10451462921949985,0.32328722402764365,0.0005916913881175,0.024324707359339393,0.17041158619112357,1.0
CRLX_matched_ridge,3,571,2020-06-30,2020-05-31,1.0,-2.4519566880578116,-3.1242545068326764,0.45198435712944085,0.6722978187748647,0.001777061008033016,0.04215520143509002,1.492039198282777,0.0
CRLX_matched_ridge,3,571,2020-07-31,2020-06-30,1.0,-3.21882688058945,-3.527873042650403,0.09550953028460457,0.3090461620609526,0.00011309568090917734,0.01063464531186524,0.23729286592079213,1.0
CRLX_matched_ridge,3,571,2020-08-31,2020-07-31,1.0,-3.605943742197781,-3.398014671728347,0.0432344983462828,0.20792907046943387,3.941069365842905e-05,0.006277793693522354,0.07563199968508971,1.0
CRLX_matched_ridge,3,571,2020-09-30,2020-08-31,1.0,-2.651836989084487,-3.462803423683887,0.657666558046863,0.8109664345994001,0.0015350545510222613,0.03917977221759031,2.440933855211802,1.0
CRLX_matched_ridge,3,571,2020-10-31,2020-09-30,100.0,-2.7990735485463434,-3.1263702958761255,0.10712316081265522,0.3272967473297821,0.0002886484804915333,0.016989658045161865,0.26976660104245387,1.0
CRLX_matched_ridge,3,571,2020-11-30,2020-10-31,100.0,-3.0039337534233583,-3.1143506971688293,0.012191901466090498,0.11041694374547095,2.687667026835812e-05,0.0051842714308143745,0.026282364256437957,1.0
CRLX_matched_ridge,3,571,2020-12-31,2020-11-30,100.0,-3.651571910629322,-3.4871824988512468,0.027023878704741534,0.1643894117780751,2.149828628093563e-05,0.004636624448986097,0.04858102598992414,1.0
CRLX_matched_ridge,3,571,2021-01-31,2020-12-31,1.0,-3.0833870228491476,-3.485389987543818,0.16160638362330437,0.40200296469467034,0.00022988772210929103,0.01516204874379749,0.43046823993542827,1.0
CRLX_matched_ridge,3,571,2021-02-28,2021-01-31,1.0,-3.2488776237223895,-3.442674251596434,0.037557132975350925,0.1937966278740446,4.676782681775101e-05,0.006838700667360066,0.0858370973140149,1.0
CRLX_matched_ridge,3,571,2021-03-31,2021-02-28,100.0,-3.005349457539076,-3.3560701384371354,0.12300499600959858,0.35072068089805963,0.00021460531249287764,0.014649413383916697,0.31521598470873347,0.0
CRLX_matched_ridge,3,571,2021-04-30,2021-03-31,1.0,-3.428567723170164,-3.457566650695443,0.0008409377976163773,0.028998927525278884,8.59377833150661e-07,0.0009270263389735273,0.0017148676270785715,1.0
CRLX_matched_ridge,3,571,2021-05-31,2021-04-30,1.0,-3.25079126490233,-3.461551361222916,0.044419818201062784,0.21076009632058623,5.4206382555949534e-05,0.007362498390896227,0.10275679724161368,0.0
CRLX_matched_ridge,3,571,2021-06-30,2021-05-31,1.0,-3.704361054701714,-3.3914964061530117,0.09788428831150289,0.3128646485487021,8.176377100987501e-05,0.009042332166530657,0.16060050332151238,1.0
CRLX_matched_ridge,3,571,2021-07-31,2021-06-30,100.0,-3.396235869388752,-3.3821727910283217,0.00019777017297160308,0.014063078360430303,2.2508288526590237e-07,0.00047442900972211044,0.0003918579320558446,1.0
CRLX_matched_ridge,3,571,2021-08-31,2021-07-31,100.0,-3.708289465775626,-3.295580980927071,0.1703282934659899,0.41270848484855494,0.0001569279019828765,0.01252708673167375,0.26346926954127836,0.0
CRLX_matched_ridge,3,571,2021-09-30,2021-08-31,100.0,-3.2831700937799164,-3.319302147872458,0.0013055253329463368,0.03613205409254139,1.7718024179443995e-06,0.0013310906873479356,0.0026750986348296757,1.0
CRLX_matched_ridge,3,571,2021-10-31,2021-09-30,100.0,-3.386818668681176,-3.2041024799054396,0.03338520564073057,0.18271618877573648,4.595801738590214e-05,0.006779234277254485,0.0593289382621055,0.0
CRLX_matched_ridge,3,571,2021-11-30,2021-10-31,100.0,-3.306447862510668,-3.446154865962195,0.01951804681340488,0.13970700345152665,2.2830978162920596e-05,0.004778177284584635,0.04294068762701225,0.0
CRLX_matched_ridge,3,571,2021-12-31,2021-11-30,100.0,-2.996205908102638,-3.289699293068524,0.08613836701873354,0.2934933849658856,0.00016157639285496305,0.0127112703084689,0.21157399481686123,1.0
CRLX_matched_ridge,3,571,2022-01-31,2021-12-31,100.0,-2.9415796259494096,-3.421698374341031,0.23051401255713724,0.4801187483916216,0.00040503021379027706,0.02012536245115295,0.6520793198129584,0.0
CRLX_matched_ridge,3,571,2022-02-28,2022-01-31,100.0,-2.79991710955502,-3.211288632373798,0.16922652978624037,0.411371522818778,0.0004206790301405681,0.020510461480438905,0.4539934263452008,0.0
CRLX_matched_ridge,3,571,2022-03-31,2022-02-28,100.0,-2.676617851726222,-3.2797803258479092,0.36380497018859526,0.6031624741216874,0.0009708779106984689,0.031158913824112497,1.1348580930170367,0.0
CRLX_matched_ridge,3,571,2022-04-30,2022-03-31,100.0,-2.647933077507468,-3.328660395170327,0.46338968101247063,0.6807273176628588,0.0012219435282969935,0.03495630884828937,1.5404103309838049,0.0
CRLX_matched_ridge,3,571,2022-05-31,2022-04-30,100.0,-2.4244300010941817,-3.036823327454983,0.3750255861712471,0.6123933263608015,0.0016436115164325388,0.040541478962077084,1.1786532379685495,0.0
CRLX_matched_ridge,3,571,2022-06-30,2022-05-31,1.0,-2.4599323402147326,-3.038806633832812,0.33509544781183054,0.5788742936180795,0.001409906641394781,0.03754872356545268,1.0250109109841756,1.0
CRLX_matched_ridge,3,571,2022-07-31,2022-06-30,1e-08,-2.8821336588859534,-2.6473831718227867,0.055107791176394,0.2347504870631667,0.00021966853781724477,0.014821219174455412,0.09481521254611863,1.0
CRLX_matched_ridge,3,571,2022-08-31,2022-07-31,1e-08,-2.844638284908549,-3.2308429867914814,0.1491540717564847,0.38620470188293243,0.0003471190868375643,0.018631132194194863,0.3925668729683178,0.0
CRLX_matched_ridge,3,571,2022-09-30,2022-08-31,1e-08,-2.646329916608998,-2.9788538080789353,0.11057213839831051,0.3325238914699371,0.00040239957706480616,0.020059899727187226,0.27953565409049863,0.0
CRLX_matched_ridge,3,571,2022-10-31,2022-09-30,1e-08,-2.5235204874353756,-2.8605194519253825,0.11356830206733692,0.3369989644900069,0.0005261439583566575,0.02293782810897007,0.2880679322212739,0.0
CRLX_matched_ridge,3,571,2022-11-30,2022-10-31,1e-08,-2.5436055847483017,-3.187221001705753,0.41424080494531385,0.6436154169574513,0.0013909995004394609,0.03729610570072244,1.3355098482790426,1.0
CRLX_matched_ridge,3,571,2022-12-31,2022-11-30,1e-08,-2.953340209712298,-3.310658691399699,0.12767649735538944,0.3573184816874009,0.00024564428385202787,0.01567304322242582,0.3288077389404491,1.0
CRLX_matched_ridge,3,571,2023-01-31,2022-12-31,1e-08,-3.0446334829778476,-3.0979481313186907,0.0028424517277077636,0.053314648340843096,6.110920974899544e-06,0.0024720277051237804,0.005892465837231825,1.0
CRLX_matched_ridge,3,571,2023-02-28,2023-01-31,1e-08,-3.1747292629057444,-3.372625587799402,0.039162955406416,0.19789632489365738,5.6339406509567385e-05,0.007505958067400016,0.0897686043846655,1.0
CRLX_matched_ridge,3,571,2023-03-31,2023-02-28,1e-08,-2.9240573364232487,-2.9571744869309873,0.0010967456577522083,0.03311715050773856,3.0616750009199415e-06,0.0017497642701003874,0.0022427320786009286,1.0
CRLX_matched_ridge,3,571,2023-04-30,2023-03-31,1e-08,-3.442485805524746,-3.0812244373487183,0.13050977613641546,0.3612613681760277,0.00019370902921875326,0.013917939115355882,0.20804859229384698,1.0
CRLX_matched_ridge,3,571,2023-05-31,2023-04-30,1e-08,-3.29928079041607,-3.0214634428300764,0.07718247861971674,0.2778173475859935,0.00013971592548384578,0.011820149131201593,0.12934271108046053,1.0
CRLX_matched_ridge,3,571,2023-06-30,2023-05-31,1e-08,-3.4043718007388586,-3.145208926737244,0.06716539526077672,0.25916287400161453,9.663361883717338e-05,0.009830240019306415,0.11384250690935,0.0
CRLX_matched_ridge,3,571,2023-07-31,2023-06-30,1e-08,-3.7661453260783695,-3.1963089841321395,0.32471345660266077,0.56983634194623,0.00031583840260682487,0.01777184297158921,0.4595964047600103,0.0
CRLX_matched_ridge,3,571,2023-08-31,2023-07-31,1e-08,-3.308105488673255,-3.314579511569492,4.1912972460998e-05,0.006474022896236775,5.573839101659671e-08,0.00023608979439314337,8.418891315064778e-05,1.0
CRLX_matched_ridge,3,571,2023-09-30,2023-08-31,1e-08,-3.437757865373422,-3.161429699721925,0.07635725513232135,0.2763281656514973,0.00010462157855330265,0.010228469022942908,0.12807560554740255,0.0
CRLX_matched_ridge,3,571,2023-10-31,2023-09-30,1e-08,-3.193098626287721,-2.8289498136649582,0.13260435773456783,0.36414881262276255,0.0003250941906520169,0.018030368566726997,0.2110277037361954,1.0
CRLX_matched_ridge,3,571,2023-11-30,2023-10-31,1e-08,-3.3142693090819773,-2.891180691411823,0.1790039784020418,0.42308861767015404,0.0003667234857764043,0.019150025738270023,0.2752292009896321,0.0
CRLX_matched_ridge,3,571,2023-12-31,2023-11-30,1e-08,-3.568281666444767,-3.394576428383723,0.03017350972984404,0.1737052380610442,2.862771743329926e-05,0.005350487588369798,0.05392573720652022,1.0
CRLX_matched_ridge,3,571,2024-01-31,2023-12-31,1e-08,-3.4647197491071067,-3.5199315279126107,0.0030483405188678992,0.055211778805503986,2.8234382341524362e-06,0.0016803089698482349,0.006327421065474889,1.0
CRLX_matched_ridge,3,571,2024-02-29,2024-01-31,1e-08,-3.3449345770399286,-3.3904223641625677,0.002069138777314534,0.04548778712263912,2.4588732932128173e-06,0.0015680794919942093,0.004266678567836038,1.0
CRLX_matched_ridge,3,571,2024-03-31,2024-02-29,1e-08,-3.579023213504305,-3.3598089477696895,0.04805489430156669,0.21921426573461567,4.677131457343193e-05,0.00683895566394694,0.08347783116576385,1.0
CRLX_matched_ridge,3,571,2024-04-30,2024-03-31,1e-08,-3.2298318565473947,-3.359738608960433,0.016875764322502398,0.12990675241303817,2.3230578703325098e-05,0.004819811065106712,0.03687473319011986,1.0
CRLX_matched_ridge,3,571,2024-05-31,2024-04-30,1e-08,-3.551159106071428,-3.1201395455260883,0.1857778615726976,0.4310195605453395,0.00023900055784060306,0.015459642875584257,0.28433920384103095,0.0
CRLX_matched_ridge,3,571,2024-06-30,2024-05-31,1e-08,-3.974327104300053,-3.345350548090513,0.39561150826121316,0.6289765562095404,0.00027079712743987384,0.016455914664334943,0.5421883414481665,0.0
CRLX_matched_ridge,3,571,2024-07-31,2024-06-30,1e-08,-3.172237966118978,-3.323321762659061,0.02282631357696522,0.15108379654008308,3.453631420281542e-05,0.005876760519437169,0.05062033252746634,1.0
CRLX_matched_ridge,3,571,2024-08-31,2024-07-31,1e-08,-2.8728553989963164,-3.4496275791789106,0.33266614783258297,0.5767721801825942,0.0006140383952598438,0.024779798127907413,1.0158621839410826,0.0
CRLX_matched_ridge,3,571,2024-09-30,2024-08-31,1e-08,-3.2605071347369625,-3.3479124847647403,0.007639695213478362,0.08740535002777783,1.0312223808342512e-05,0.0032112651413956014,0.016210035056669264,1.0
CRLX_matched_ridge,3,571,2024-10-31,2024-09-30,100.0,-3.4205515268412334,-3.3079586452005634,0.012677156996149935,0.11259288164067005,1.5181887983416382e-05,0.003896394228439466,0.02355366082446156,1.0
CRLX_matched_ridge,3,571,2024-11-30,2024-10-31,100.0,-3.3432396881530604,-3.19573749564581,0.02175689679444595,0.14750219250725038,3.1516828541025123e-05,0.005613985085572024,0.03953270770576084,1.0
CRLX_matched_ridge,3,571,2024-12-31,2024-11-30,100.0,-3.197746191257484,-3.371940226210077,0.030343561813065117,0.17419403495259278,4.2656566143459884e-05,0.006531199441408897,0.0683938836045615,0.0
CRLX_matched_ridge,3,571,2025-01-31,2024-12-31,100.0,-3.243894689291075,-3.219764158010083,0.000582282539902937,0.024130531280992074,9.078695933907552e-07,0.0009528219106374261,0.0011460545680731862,1.0
CRLX_matched_ridge,3,571,2025-02-28,2025-01-31,100.0,-3.3361230676767963,-3.350505648664117,0.00020685863585684217,0.014382580987320814,2.5805672942293325e-07,0.0005079928438698061,0.0004177128450614763,1.0
CRLX_matched_ridge,3,571,2025-03-31,2025-02-28,100.0,-2.8189264390259248,-3.2579521848453274,0.19274360549228278,0.4390257458194027,0.00044956198360116375,0.021202876776540577,0.5281551302844838,1.0
CRLX_matched_ridge,3,571,2025-04-30,2025-03-31,100.0,-1.983632317040605,-3.1202606824345227,1.2919240410180495,1.1366283653939178,0.00872785260683935,0.09342297686778853,6.437718672985746,0.0
CRLX_matched_ridge,3,571,2025-05-31,2025-04-30,100.0,-3.029808966262144,-3.1839672235752303,0.02376476829780769,0.1541582573130862,4.7663373640856727e-05,0.006903866571773873,0.052815224241554104,1.0
CRLX_matched_ridge,3,571,2025-06-30,2025-05-31,100.0,-3.530189938328582,-3.264151690338527,0.07077634939361808,0.26603824799005515,7.974492485353233e-05,0.00893000139157505,0.11946049791108276,1.0
CRLX_matched_ridge,3,571,2025-07-31,2025-06-30,100.0,-3.9507722447624736,-3.3557086588036045,0.3541006713342284,0.5950635859588691,0.00024475982690315776,0.01564480191319653,0.49430975004280897,0.0
CRLX_matched_ridge,3,571,2025-08-31,2025-07-31,100.0,-3.3885720022366694,-3.334275799307824,0.0029480776524903845,0.05429620292884563,3.547724667466697e-06,0.0018835404607989437,0.005688399919700854,1.0
CRLX_matched_ridge,3,571,2025-09-30,2025-08-31,100.0,-3.844352655797379,-3.376729531952096,0.2186713859548209,0.46762312384528304,0.00016278538833506789,0.012758737724989408,0.3277354517611676,0.0
CRLX_matched_ridge,3,571,2025-10-31,2025-09-30,100.0,-3.200601249147139,-3.3695181993118006,0.028532936052930724,0.16891695016466146,4.0087801301508576e-05,0.006331492817772802,0.06407372734096584,1.0
CRLX_matched_ridge,3,571,2025-11-30,2025-10-31,1.0,-3.1877347547552812,-3.311054160496869,0.015207675832458368,0.12331940574158784,2.2920547955007775e-05,0.0047875409089644105,0.033077998794283636,0.0
CRLX_matched_ridge,3,571,2025-12-31,2025-11-30,1.0,-3.669080341092571,-3.3607588855175905,0.0950621199678748,0.3083214555749807,8.480565288012979e-05,0.009208998473239628,0.15639631074217797,1.0
CRLX_matched_ridge,3,571,2026-01-31,2025-12-31,1.0,-3.5432987087435324,-3.3098350400402197,0.05450528460441015,0.2334636687033127,5.782719912816143e-05,0.007604419710152868,0.09385298020706395,1.0
CRLX_matched_ridge,3,571,2026-02-28,2026-01-31,1.0,-3.319307735691405,-3.3402498946933736,0.00043857402366373943,0.02094215900196872,5.621466758821521e-07,0.0007497644135874629,0.0008895236097482273,1.0
CRLX_matched_ridge,3,571,2026-03-31,2026-02-28,1.0,-2.9305511753093016,-3.281515477125835,0.12317594114956673,0.3509643018165334,0.00024952435400904164,0.0157963398928056,0.31571158212254735,1.0
CRLX_matched_ridge,3,571,2026-04-30,2026-03-31,1.0,-3.237312027686596,-3.100351157471556,0.01875827997006097,0.13696087021503978,3.322459094570108e-05,0.005764077631824634,0.03431332128057882,1.0
CRLX_matched_ridge,3,571,2026-05-31,2026-04-30,1.0,-3.5119546359486353,-3.420170289604422,0.008424366233834519,0.0917843463442134,8.22732213796282e-06,0.002868330897571412,0.015863393902018352,1.0
CRLX_matched_ridge,3,571,2026-06-30,2026-05-31,1.0,-3.0168147582707263,-3.4258189127093788,0.16728439834807707,0.40900415443865246,0.0002700853285380136,0.016434272984772208,0.44797389464377657,1.0
CRLX_matched_ridge,3,571,2026-07-31,2026-06-30,1.0,-3.371829178429884,-3.616329931968031,0.05978061848072167,0.24450075353814693,5.543753603833699e-05,0.007445638726015183,0.14168567011339062,1.0
CRLX_matched_ridge,3,571,2026-08-31,2026-07-31,1.0,-3.507788998946598,-3.5499309264629737,0.0017759420547954624,0.04214192751637569,1.5288477755065148e-06,0.0012364658408166862,0.0036538115326254367,1.0
CRLX_matched_ridge,3,120,2020-01-31,2019-12-31,100.0,-3.394259264647835,-3.52702054445861,0.017625557416994866,0.1327612798107749,1.7414340358895747e-05,0.00417304928785843,0.03858971454824939,1.0
CRLX_matched_ridge,3,120,2020-02-29,2020-01-31,100.0,-2.6562454515374347,-3.5185788009040557,0.7436188054298548,0.862333349366621,0.001645909288926592,0.040569807602780075,2.885983982303115,0.0
CRLX_matched_ridge,3,120,2020-03-31,2020-02-29,1.0,-1.2968909272855167,-3.0782969429199074,3.173407392538395,1.7814060156343907,0.051684766071163735,0.22734283817873774,30.699404280967624,0.0
CRLX_matched_ridge,3,120,2020-04-30,2020-03-31,0.01,-2.134850068143052,-3.845188046916557,2.9252560016350397,1.7103379787735054,0.00938572278299911,0.09687994004436166,26.169409675735483,1.0
CRLX_matched_ridge,3,120,2020-05-31,2020-04-30,100.0,-2.753043170704817,-2.8661364228305244,0.012790083676368852,0.11309325212570753,4.6446985716309624e-05,0.006815202544041492,0.027622980021257237,1.0
CRLX_matched_ridge,3,120,2020-06-30,2020-05-31,100.0,-2.4519566880578116,-3.36052003950269,0.8254873635887499,0.9085633514448785,0.002642751827026491,0.05140770202048027,3.337023616487973,0.0
CRLX_matched_ridge,3,120,2020-07-31,2020-06-30,1.0,-3.21882688058945,-3.6317174807027612,0.1704786476619301,0.412890600113311,0.00018309541285882287,0.013531275359655603,0.4578828673410458,1.0
CRLX_matched_ridge,3,120,2020-08-31,2020-07-31,1.0,-3.605943742197781,-3.7034750480930407,0.009512355629634744,0.09753130589525982,6.37077208278707e-06,0.0025240388433594024,0.020324469878316292,1.0
CRLX_matched_ridge,3,120,2020-09-30,2020-08-31,1.0,-2.651836989084487,-4.080155573835911,2.04009397954631,1.4283185847514237,0.002874751718782125,0.05361671118953609,13.546268234151405,0.0
CRLX_matched_ridge,3,120,2020-10-31,2020-09-30,100.0,-2.7990735485463434,-3.1848249249452745,0.1488041243936698,0.3857513763989311,0.0003795068505813431,0.01948093556740392,0.39151153565300345,1.0
CRLX_matched_ridge,3,120,2020-11-30,2020-10-31,100.0,-3.0039337534233583,-3.3902442979943928,0.14923583684676917,0.3863105445710344,0.00025252896876126204,0.01589116008229928,0.3928135299201996,1.0
CRLX_matched_ridge,3,120,2020-12-31,2020-11-30,100.0,-3.651571910629322,-3.8909597133656213,0.05730652009891342,0.23938780273629945,3.052088873893022e-05,0.005524571362461546,0.13532129493460499,1.0
CRLX_matched_ridge,3,120,2021-01-31,2020-12-31,100.0,-3.0833870228491476,-3.8189085436475416,0.5409919075575824,0.7355215207983941,0.0005689230427901261,0.023852107722172607,1.8827308992993133,0.0
CRLX_matched_ridge,3,120,2021-02-28,2021-01-31,100.0,-3.2488776237223895,-3.697276108880158,0.20106120149178133,0.44839848515776826,0.00019675081098022737,0.014026789047398815,0.5549405626293025,1.0
CRLX_matched_ridge,3,120,2021-03-31,2021-02-28,100.0,-3.005349457539076,-3.668952194995367,0.4403685931594833,0.6636027374562912,0.0005768771666036526,0.024018267352239473,1.4432864420943141,0.0
CRLX_matched_ridge,3,120,2021-04-30,2021-03-31,100.0,-3.428567723170164,-3.7472873902792587,0.10158222620213223,0.31871966710909483,7.835319742914588e-05,0.008851734148128596,0.2541915037109106,1.0
CRLX_matched_ridge,3,120,2021-05-31,2021-04-30,100.0,-3.25079126490233,-3.7074714230239625,0.2085567668219994,0.45668015812163265,0.00020175487750477374,0.014204044406603836,0.5793243683717066,0.0
CRLX_matched_ridge,3,120,2021-06-30,2021-05-31,100.0,-3.704361054701714,-3.612377445367555,0.008460984386139193,0.09198360933415906,5.624810933967144e-06,0.002371668386171883,0.01593029490552364,1.0
CRLX_matched_ridge,3,120,2021-07-31,2021-06-30,100.0,-3.396235869388752,-3.606452591005594,0.04419107004733276,0.2102167216168418,4.0337065516159125e-05,0.006351146787483275,0.10218793931158776,1.0
CRLX_matched_ridge,3,120,2021-08-31,2021-07-31,100.0,-3.708289465775626,-3.5174658812567836,0.036413640408619705,0.19082358451884218,2.657515940885725e-05,0.005155110028782824,0.06438307011626743,1.0
CRLX_matched_ridge,3,120,2021-09-30,2021-08-31,100.0,-3.2831700937799164,-3.421208169860842,0.01905451044812336,0.13803807608092544,2.3389062104011965e-05,0.0048362239509778665,0.04187207265058557,1.0
CRLX_matched_ridge,3,120,2021-10-31,2021-09-30,100.0,-3.386818668681176,-3.324044777254778,0.003940561444813204,0.062773891426398,4.799651994911106e-06,0.0021908108076488728,0.007561401146018665,1.0
CRLX_matched_ridge,3,120,2021-11-30,2021-10-31,100.0,-3.306447862510668,-3.476326660469943,0.028858805996088126,0.16987879795927485,3.277939964991395e-05,0.005725329654256945,0.06484947088870935,0.0
CRLX_matched_ridge,3,120,2021-12-31,2021-11-30,100.0,-2.996205908102638,-3.367017561589366,0.13750128236156095,0.3708116534867276,0.000239753279334837,0.015483968462084809,0.3577173172789674,0.0
CRLX_matched_ridge,3,120,2022-01-31,2021-12-31,100.0,-2.9415796259494096,-3.4206152161306456,0.22947509666028507,0.479035590181236,0.00040360692158840643,0.02008997067166616,0.6485926566996274,0.0
CRLX_matched_ridge,3,120,2022-02-28,2022-01-31,100.0,-2.79991710955502,-3.134764621021646,0.11212285593539242,0.3348475114666263,0.00029946681291226216,0.01730510944525524,0.28394639101046737,0.0
CRLX_matched_ridge,3,120,2022-03-31,2022-02-28,100.0,-2.676617851726222,-3.276988149382608,0.3604444943080176,0.600370297656386,0.0009643309893708,0.031053679159977164,1.1218361011906421,0.0
CRLX_matched_ridge,3,120,2022-04-30,2022-03-31,100.0,-2.647933077507468,-3.3618145123269283,0.5096267029798912,0.7138814348194602,0.0013050232926172794,0.03612510612603483,1.7415984763360615,0.0
CRLX_matched_ridge,3,120,2022-05-31,2022-04-30,100.0,-2.4244300010941817,-3.11188552699069,0.47259510008564504,0.6874555258965085,0.0019370233623098763,0.04401162758078683,1.5798138897899676,0.0
CRLX_matched_ridge,3,120,2022-06-30,2022-05-31,100.0,-2.4599323402147326,-3.1311002501946916,0.45046636338686635,0.671167909979959,0.0017448171497625392,0.04177100848390591,1.4856387100261528,1.0
CRLX_matched_ridge,3,120,2022-07-31,2022-06-30,100.0,-2.8821336588859534,-3.121543137977117,0.057316898678702204,0.2394094790911634,0.00014223037570477052,0.011926037720247681,0.13534791921610823,1.0
CRLX_matched_ridge,3,120,2022-08-31,2022-07-31,100.0,-2.844638284908549,-3.7217529721467333,0.7693301745689379,0.8771146872381843,0.0011535380120636578,0.03396377499724755,3.024763211884652,0.0
CRLX_matched_ridge,3,120,2022-09-30,2022-08-31,100.0,-2.646329916608998,-3.4020418840908864,0.5711005777953464,0.7557119674818882,0.0014141954543038765,0.03760579016991767,2.0217572209579227,0.0
CRLX_matched_ridge,3,120,2022-10-31,2022-09-30,100.0,-2.5235204874353756,-3.008076616777677,0.23479464248319304,0.4845561293423013,0.0009480407851727746,0.03079027094997338,0.6664914275394935,0.0
CRLX_matched_ridge,3,120,2022-11-30,2022-10-31,100.0,-2.5436055847483017,-3.1122255042808114,0.32332861288915776,0.5686199195325097,0.0011614972639540796,0.03408074623528774,0.9809100419001999,1.0
CRLX_matched_ridge,3,120,2022-12-31,2022-11-30,100.0,-2.953340209712298,-3.1180667022615918,0.02713481734759252,0.16472649254929372,6.276683111172202e-05,0.007922552058000125,0.060754471140022026,1.0
CRLX_matched_ridge,3,120,2023-01-31,2022-12-31,100.0,-3.0446334829778476,-2.9942034084698648,0.0025431924148807037,0.05043007450798287,6.065096564352948e-06,0.002462741676334111,0.004919606666087775,1.0
CRLX_matched_ridge,3,120,2023-02-28,2023-01-31,1.0,-3.1747292629057444,-3.49304999630167,0.10132808930972001,0.3183207333959257,0.00012990151282767735,0.011397434484465237,0.2534807024478444,1.0
CRLX_matched_ridge,3,120,2023-03-31,2023-02-28,0.01,-2.9240573364232487,-2.8192257079840672,0.010989670321210603,0.10483162843918148,3.524570671336477e-05,0.005936809472550451,0.02052050748152423,1.0
CRLX_matched_ridge,3,120,2023-04-30,2023-03-31,0.01,-3.442485805524746,-3.3794941666923277,0.0039679465627938315,0.06299163883241832,4.324751492448636e-06,0.002079603686390423,0.007612867230472123,1.0
CRLX_matched_ridge,3,120,2023-05-31,2023-04-30,0.01,-3.29928079041607,-2.639584950877551,0.4351986007044312,0.6596958395385188,0.0011889524959490267,0.03448119046594863,0.5866895344736495,1.0
CRLX_matched_ridge,3,120,2023-06-30,2023-05-31,0.01,-3.4043718007388586,-3.247936804008153,0.024471908202135836,0.1564349967307055,3.165865085194418e-05,0.005626602069805912,0.04421497948022074,0.0
CRLX_matched_ridge,3,120,2023-07-31,2023-06-30,0.01,-3.7661453260783695,-2.9510884332298772,0.6643177385798386,0.8150568928484923,0.0008492372632289697,0.02914167571072346,0.8260210671090621,0.0
CRLX_matched_ridge,3,120,2023-08-31,2023-07-31,0.01,-3.308105488673255,-3.4026657204708366,0.008941637437612353,0.09456023179758155,1.089656804892092e-05,0.0033009950089209344,0.01906602260956075,1.0
CRLX_matched_ridge,3,120,2023-09-30,2023-08-31,0.01,-3.437757865373422,-3.1500092363393666,0.08279927351097856,0.2877486290340556,0.00011481276250931918,0.010715071745411656,0.13792238689633207,0.0
CRLX_matched_ridge,3,120,2023-10-31,2023-09-30,0.01,-3.193098626287721,-2.485032022105781,0.5013583159577436,0.7080666041819397,0.0017874626115704096,0.04227839414606957,0.6587836923945826,1.0
CRLX_matched_ridge,3,120,2023-11-30,2023-10-31,0.01,-3.3142693090819773,-2.8541256961511996,0.21173214452098932,0.46014361293077766,0.00045137369915426874,0.021245557162716838,0.3186918184082246,0.0
CRLX_matched_ridge,3,120,2023-12-31,2023-11-30,0.01,-3.568281666444767,-3.564574408832951,1.3743759000369364e-05,0.003707257611816228,1.0973520891890373e-08,0.00010475457456307277,2.7419708201280486e-05,1.0
CRLX_matched_ridge,3,120,2024-01-31,2023-12-31,0.01,-3.4647197491071067,-3.5984718715655184,0.017889630262129967,0.13375212245841173,1.5337111331545046e-05,0.003916262418626342,0.03919493173680988,0.0
CRLX_matched_ridge,3,120,2024-02-29,2024-01-31,0.01,-3.3449345770399286,-3.5257787477345657,0.03270461407423104,0.1808441706946371,3.403137072030381e-05,0.005833641291706562,0.07406306654663908,0.0
CRLX_matched_ridge,3,120,2024-03-31,2024-02-29,0.01,-3.579023213504305,-2.9973720994616784,0.33831801846702886,0.5816511140426268,0.0004846662012169651,0.02201513573015086,0.47575491345512744,0.0
CRLX_matched_ridge,3,120,2024-04-30,2024-03-31,100.0,-3.2298318565473947,-3.3826798959788906,0.023362523158052137,0.15284803943149594,3.144761634943656e-05,0.005607817431892426,0.05187357086899835,1.0
CRLX_matched_ridge,3,120,2024-05-31,2024-04-30,100.0,-3.551159106071428,-3.11358009639756,0.19147538970716296,0.43757900967386787,0.0002480688336965969,0.01575020106844979,0.29195417196607076,0.0
CRLX_matched_ridge,3,120,2024-06-30,2024-05-31,100.0,-3.974327104300053,-3.3255169159554847,0.4209546604997144,0.6488101883445685,0.00029453378169971384,0.017161986531276437,0.5708014649634574,0.0
CRLX_matched_ridge,3,120,2024-07-31,2024-06-30,100.0,-3.172237966118978,-3.2653517231525147,0.008670171748900474,0.09311375703353653,1.3884549178402752e-05,0.0037261976837525343,0.018468800491897003,1.0
CRLX_matched_ridge,3,120,2024-08-31,2024-07-31,100.0,-2.8728553989963164,-3.4835777935046175,0.372981843153953,0.6107223945083011,0.0006676990895885252,0.025839874024238686,1.170640253176363,0.0
CRLX_matched_ridge,3,120,2024-09-30,2024-08-31,100.0,-3.2605071347369625,-3.395646185907193,0.01826256315119015,0.1351390511702304,2.3522957098330744e-05,0.0048500471233103234,0.04005070323407467,1.0
CRLX_matched_ridge,3,120,2024-10-31,2024-09-30,100.0,-3.4205515268412334,-3.5222186424931747,0.01033620240498521,0.10166711565194131,9.989144117257774e-06,0.0031605607282977136,0.022147762946422206,1.0
CRLX_matched_ridge,3,120,2024-11-30,2024-10-31,100.0,-3.3432396881530604,-3.335686215370723,5.705495107351224e-05,0.007553472782337423,7.172569039390534e-08,0.0002678165237506927,0.00011353744842479765,1.0
CRLX_matched_ridge,3,120,2024-12-31,2024-11-30,100.0,-3.197746191257484,-3.3968405213269985,0.03963855226582878,0.1990943300695145,5.4395034677917584e-05,0.007375298955155485,0.09093628178754054,0.0
CRLX_matched_ridge,3,120,2025-01-31,2024-12-31,100.0,-3.243894689291075,-3.262113397517439,0.0003319213294373776,0.018218708226363844,4.960480680989287e-07,0.000704306799696644,0.000671979549045014,1.0
CRLX_matched_ridge,3,120,2025-02-28,2025-01-31,100.0,-3.3361230676767963,-3.374377552741267,0.0014634056275478042,0.0382544850644706,1.7827247432634336e-06,0.001335187156642631,0.0030029035254941633,1.0
CRLX_matched_ridge,3,120,2025-03-31,2025-02-28,100.0,-2.8189264390259248,-3.3788292176985353,0.3134911215653103,0.5599027786726105,0.0006544708271424779,0.02558262744798661,0.9444527654941481,0.0
CRLX_matched_ridge,3,120,2025-04-30,2025-03-31,100.0,-1.983632317040605,-3.153654622245548,1.3689521946770888,1.170022305204943,0.00900085414444927,0.09487283143476466,7.04165507387009,0.0
CRLX_matched_ridge,3,120,2025-05-31,2025-04-30,100.0,-3.029808966262144,-3.1811529765760698,0.02290500945790163,0.15134401031392564,4.6065180594865295e-05,0.006787133459337992,0.050804116312037295,1.0
CRLX_matched_ridge,3,120,2025-06-30,2025-05-31,100.0,-3.530189938328582,-3.3212876566041416,0.04364016330967745,0.20890228172444036,4.633469098443892e-05,0.006806959011514534,0.07629547249105689,1.0
CRLX_matched_ridge,3,120,2025-07-31,2025-06-30,100.0,-3.9507722447624736,-3.3509330525762615,0.35980705648260747,0.5998391921862121,0.0002500128816271724,0.015811795648413004,0.5009694806290371,0.0
CRLX_matched_ridge,3,120,2025-08-31,2025-07-31,100.0,-3.3885720022366694,-3.3140260944235136,0.005557092371687529,0.07454590781315584,6.825702516886923e-06,0.002612604546594628,0.010581828648824454,1.0
CRLX_matched_ridge,3,120,2025-09-30,2025-08-31,100.0,-3.844352655797379,-3.3993445319311695,0.19803223030692355,0.44500812386620936,0.00014387767009604356,0.011994901837699364,0.30066532831418125,1.0
CRLX_matched_ridge,3,120,2025-10-31,2025-09-30,100.0,-3.200601249147139,-3.4356019065404713,0.055225308975298246,0.2350006573933321,7.278962711923698e-05,0.00853168372123797,0.129994982083107,1.0
CRLX_matched_ridge,3,120,2025-11-30,2025-10-31,100.0,-3.1877347547552812,-3.3626495188192314,0.030595174687547338,0.17491476406395012,4.384945369051147e-05,0.0066218920023292036,0.06899612998205984,0.0
CRLX_matched_ridge,3,120,2025-12-31,2025-11-30,100.0,-3.669080341092571,-3.272014125688736,0.15766157941512499,0.39706621540383535,0.00015450599400513754,0.012430044006564802,0.2461056136939208,1.0
CRLX_matched_ridge,3,120,2026-01-31,2025-12-31,100.0,-3.5432987087435324,-3.3152403488426128,0.05201061552069738,0.2280583599009196,5.487162712075239e-05,0.007407538533193897,0.08985658259213641,1.0
CRLX_matched_ridge,3,120,2026-02-28,2026-01-31,100.0,-3.319307735691405,-3.380404950543575,0.003732869662692224,0.06109721485217001,4.5975839624877265e-06,0.0021441977433267964,0.007779351187345018,1.0
CRLX_matched_ridge,3,120,2026-03-31,2026-02-28,100.0,-2.9305511753093016,-3.2662462633022247,0.11269119210257633,0.335695087992923,0.00023159524961694495,0.015218253829429478,0.285565767688285,1.0
CRLX_matched_ridge,3,120,2026-04-30,2026-03-31,1.0,-3.237312027686596,-3.234243867348232,9.41360786190847e-06,0.003068160338363768,1.4561141737724724e-08,0.00012066955596887197,1.8788764784352652e-05,1.0
CRLX_matched_ridge,3,120,2026-05-31,2026-04-30,1.0,-3.5119546359486353,-3.565324730139568,0.00284836695394901,0.05337009419093253,2.4047816336410367e-06,0.0015507358361890773,0.005904950407360429,1.0
CRLX_matched_ridge,3,120,2026-06-30,2026-05-31,1.0,-3.0168147582707263,-3.577170903954485,0.3139990100055575,0.5603561456837585,0.00044109395569923485,0.021002236921319473,0.9463257587924914,0.0
CRLX_matched_ridge,3,120,2026-07-31,2026-06-30,1.0,-3.371829178429884,-3.8691911378137442,0.2473689186421525,0.4973619593838601,0.00018094398919618588,0.013451542260877965,0.7092538019513188,1.0
CRLX_matched_ridge,3,120,2026-08-31,2026-07-31,1.0,-3.507788998946598,-3.6897738963067575,0.03311850286718777,0.18198489736015944,2.485461930733308e-05,0.004985440733509233,0.07506095245507632,1.0
CRLX_matched_ridge,4,571,2020-01-31,2019-12-31,100.0,-3.394259264647835,-3.601969466920891,0.043143528128313714,0.2077102022730557,3.9632637992722064e-05,0.006295445813659432,0.09958711833350642,1.0
CRLX_matched_ridge,4,571,2020-02-29,2020-01-31,100.0,-2.6562454515374347,-3.4761508870268614,0.6722449231451063,0.8199054354894266,0.001543320545016094,0.0392851186203643,2.514383741285978,0.0
CRLX_matched_ridge,4,571,2020-03-31,2020-02-29,100.0,-1.2968909272855167,-2.9255166048946397,2.652421597767775,1.628625677609123,0.04828718694847329,0.21974345712324017,21.720783175623573,0.0
CRLX_matched_ridge,4,571,2020-04-30,2020-03-31,100.0,-2.134850068143052,-1.959012880105453,0.030918716696969894,0.17583718803759885,0.0005168899275753569,0.022735213383105884,0.05518354017386562,1.0
CRLX_matched_ridge,4,571,2020-05-31,2020-04-30,100.0,-2.753043170704817,-2.5987842361412024,0.0237958188927015,0.1542589345636145,0.00011300367637064348,0.010630318733257413,0.04305269571285747,1.0
CRLX_matched_ridge,4,571,2020-06-30,2020-05-31,100.0,-2.4519566880578116,-2.654221726620041,0.040911145824580206,0.20226503856222955,0.00024873485875902984,0.015771330278674334,0.09406803190786572,1.0
CRLX_matched_ridge,4,571,2020-07-31,2020-06-30,100.0,-3.21882688058945,-2.695658986395153,0.27370464551569534,0.5231678941942972,0.0007560261174482317,0.027495929106837465,0.3975581355455511,1.0
CRLX_matched_ridge,4,571,2020-08-31,2020-07-31,100.0,-3.605943742197781,-3.0271681909863717,0.33498113868007057,0.5787755512114092,0.0004533004519573467,0.02129085371602902,0.4718059196259463,0.0
CRLX_matched_ridge,4,571,2020-09-30,2020-08-31,100.0,-2.651836989084487,-3.3601627178082367,0.501725337972031,0.7083257287237497,0.001281062920873363,0.03579193932819739,1.7066388273197868,1.0
CRLX_matched_ridge,4,571,2020-10-31,2020-09-30,100.0,-2.7990735485463434,-3.0403419344002267,0.05821043401253833,0.24126838585388333,0.00017024744402532375,0.013047890405169862,0.1376424465956635,1.0
CRLX_matched_ridge,4,571,2020-11-30,2020-10-31,100.0,-3.0039337534233583,-2.9358730622402143,0.004632257684327304,0.06806069118314406,1.2199303256029927e-05,0.0034927500992813568,0.008858073580710168,1.0
CRLX_matched_ridge,4,571,2020-12-31,2020-11-30,100.0,-3.651571910629322,-3.234521776588948,0.17393081430309396,0.41705013404037405,0.0001803307161447314,0.01342872727196183,0.26836529590081215,1.0
CRLX_matched_ridge,4,571,2021-01-31,2020-12-31,100.0,-3.0833870228491476,-3.4300851611846324,0.12019959912529095,0.3466981383354848,0.00018008760033725815,0.013419672139708114,0.3071019776051038,1.0
CRLX_matched_ridge,4,571,2021-02-28,2021-01-31,100.0,-3.2488776237223895,-3.273874009209421,0.0006248192874162752,0.024996385487031425,9.182945335848773e-07,0.000958276856438095,0.001270725763407539,1.0
CRLX_matched_ridge,4,571,2021-03-31,2021-02-28,100.0,-3.005349457539076,-3.3523973442925326,0.12044223570004016,0.34704788675345677,0.0002108623480576738,0.014521100098052964,0.3078023125001932,0.0
CRLX_matched_ridge,4,571,2021-04-30,2021-03-31,100.0,-3.428567723170164,-3.2550496383575336,0.03010852575704317,0.1735180848126303,3.776771780551528e-05,0.006145544549144143,0.05381593346148533,1.0
CRLX_matched_ridge,4,571,2021-05-31,2021-04-30,100.0,-3.25079126490233,-3.4335157813364434,0.03338824890608064,0.18272451643411358,4.186431619691147e-05,0.006470263997466523,0.07571195866532199,0.0
CRLX_matched_ridge,4,571,2021-06-30,2021-05-31,100.0,-3.704361054701714,-3.3671725759315034,0.11369607021536864,0.3371884787702104,9.743799212714161e-05,0.009871068438985803,0.1838507030597576,1.0
CRLX_matched_ridge,4,571,2021-07-31,2021-06-30,100.0,-3.396235869388752,-3.488395452465707,0.008493388752918137,0.09215958307695482,8.698231738185448e-06,0.002949276477067799,0.018080360938995177,1.0
CRLX_matched_ridge,4,571,2021-08-31,2021-07-31,100.0,-3.708289465775626,-3.343933377050086,0.13275535939137337,0.3643560887255397,0.00011617424788767175,0.010778415833863145,0.21124218059672706,0.0
CRLX_matched_ridge,4,571,2021-09-30,2021-08-31,100.0,-3.2831700937799164,-3.415302869872272,0.01745907051787259,0.13213277609235563,2.1554752810893664e-05,0.004642709641027927,0.038208473019262834,1.0
CRLX_matched_ridge,4,571,2021-10-31,2021-09-30,100.0,-3.386818668681176,-3.278949307044885,0.011635799179820955,0.10786936163629113,1.4835802408290252e-05,0.003851727198061962,0.021684572533268748,0.0
CRLX_matched_ridge,4,571,2021-11-30,2021-10-31,100.0,-3.306447862510668,-3.4291949993550253,0.015066859603487333,0.12274713684435712,1.79190686720605e-05,0.004233092093500979,0.03275869020672878,0.0
CRLX_matched_ridge,4,571,2021-12-31,2021-11-30,100.0,-2.996205908102638,-3.2639927859373774,0.07170981194047754,0.2677868778347392,0.00013784866059304957,0.011740896924556044,0.1728544257900222,1.0
CRLX_matched_ridge,4,571,2022-01-31,2021-12-31,100.0,-2.9415796259494096,-3.230837022090159,0.08366984122212656,0.28925739614074963,0.0001757714998541624,0.013257884441122664,0.20487296929009313,0.0
CRLX_matched_ridge,4,571,2022-02-28,2022-01-31,100.0,-2.79991710955502,-3.0058988323994553,0.042428470145961794,0.2059817228444354,0.00012816178308775814,0.01132085611107915,0.09781580069085627,0.0
CRLX_matched_ridge,4,571,2022-03-31,2022-02-28,100.0,-2.676617851726222,-3.034930944050935,0.12838827213129836,0.3583130923247131,0.0004292129277124762,0.020717454662976247,0.33088742697995177,0.0
CRLX_matched_ridge,4,571,2022-04-30,2022-03-31,100.0,-2.647933077507468,-3.0603000859173397,0.17004654962490712,0.4123670084098716,0.0005723466594758322,0.023923767668906838,0.45653988731764406,0.0
CRLX_matched_ridge,4,571,2022-05-31,2022-04-30,100.0,-2.4244300010941817,-2.7400956232903972,0.09964478503652388,0.3156656221962155,0.0005742921361595793,0.02396439308974002,0.24878055792691867,0.0
CRLX_matched_ridge,4,571,2022-06-30,2022-05-31,100.0,-2.4599323402147326,-2.8088697953314194,0.12175734758330983,0.34893745511668683,0.0006334109513785655,0.025167656851176383,0.31160293580685594,1.0
CRLX_matched_ridge,4,571,2022-07-31,2022-06-30,100.0,-2.8821336588859534,-2.70651750052942,0.03084103507590703,0.17561615835653344,0.00011564436426290109,0.010753806966042355,0.05505254237284152,1.0
CRLX_matched_ridge,4,571,2022-08-31,2022-07-31,1.0,-2.844638284908549,-3.1503674226826144,0.09347030568407347,0.3057291377740654,0.0002346691160040122,0.015318913669187258,0.23165893719281017,0.0
CRLX_matched_ridge,4,571,2022-09-30,2022-08-31,1.0,-2.646329916608998,-2.7908885066189777,0.020897185945673347,0.1445585900099795,9.109405014813204e-05,0.009544320308336893,0.046131003750480626,1.0
CRLX_matched_ridge,4,571,2022-10-31,2022-09-30,0.01,-2.5235204874353756,-2.6202664450166147,0.009359780308310906,0.09674595758123905,5.4662071968888354e-05,0.007393380280283732,0.019987660564156434,1.0
CRLX_matched_ridge,4,571,2022-11-30,2022-10-31,0.01,-2.5436055847483017,-2.975147736748304,0.18622862895279302,0.43154215200000223,0.0007585980839975467,0.027542659348682122,0.5073763475436213,1.0
CRLX_matched_ridge,4,571,2022-12-31,2022-11-30,0.01,-2.953340209712298,-2.878501311331906,0.005600860710790646,0.07483889838039204,1.6433152016388145e-05,0.004053782433282298,0.010663140765831802,1.0
CRLX_matched_ridge,4,571,2023-01-31,2022-12-31,0.01,-3.0446334829778476,-2.823669195083318,0.04882521652473651,0.2209642878945295,0.0001386241932813681,0.011773877580532596,0.08472412076964148,0.0
CRLX_matched_ridge,4,571,2023-02-28,2023-01-31,0.01,-3.1747292629057444,-3.2592858615355507,0.007149818371842151,0.08455659862980625,1.1489377249979478e-05,0.003389598390662156,0.015140988405853817,1.0
CRLX_matched_ridge,4,571,2023-03-31,2023-02-28,0.01,-2.9240573364232487,-3.040066965063958,0.013458233937355278,0.1160096286407093,3.461695111193753e-05,0.005883617179247604,0.029124757518271538,1.0
CRLX_matched_ridge,4,571,2023-04-30,2023-03-31,0.01,-3.442485805524746,-3.002948719554502,0.19319284994321356,0.4395370859702439,0.0003117131053664927,0.01765539875977013,0.2942412791023451,1.0
CRLX_matched_ridge,4,571,2023-05-31,2023-04-30,1.0,-3.29928079041607,-3.1723032370713637,0.016123299053407703,0.12697755334470617,2.4972620664933508e-05,0.0049972613164545945,0.029681732890557894,1.0
CRLX_matched_ridge,4,571,2023-06-30,2023-05-31,1.0,-3.4043718007388586,-3.261847714054436,0.020313115285228816,0.14252408668442262,2.5906528120773576e-05,0.005089845589089474,0.03702620150075342,0.0
CRLX_matched_ridge,4,571,2023-07-31,2023-06-30,1.0,-3.7661453260783695,-3.431293930331723,0.11212545723347732,0.3348513957466466,8.47130356678119e-05,0.00920396847386017,0.18156347602469824,1.0
CRLX_matched_ridge,4,571,2023-08-31,2023-07-31,1.0,-3.308105488673255,-3.4711083760421904,0.02656994129060981,0.1630028873689353,3.0281459760840815e-05,0.0055028592350559735,0.05941759456861134,1.0
CRLX_matched_ridge,4,571,2023-09-30,2023-08-31,1.0,-3.437757865373422,-3.37324590769386,0.004161792683649638,0.0645119576795623,4.586165284832342e-06,0.0021415333956845833,0.007976860178020698,1.0
CRLX_matched_ridge,4,571,2023-10-31,2023-09-30,1.0,-3.193098626287721,-3.208291347300907,0.0002308187717845144,0.015192721013186361,3.829932653700338e-07,0.0006188644967761794,0.0004663489656568688,1.0
CRLX_matched_ridge,4,571,2023-11-30,2023-10-31,1.0,-3.3142693090819773,-3.1129655023702054,0.04052322259665039,0.20130380671177184,6.574420105862457e-05,0.008108279784185088,0.07118200089957166,0.0
CRLX_matched_ridge,4,571,2023-12-31,2023-11-30,1.0,-3.568281666444767,-3.4774460496390294,0.00825110928047884,0.09083561680573782,7.192672198929544e-06,0.002681915770289877,0.01554667918518099,1.0
CRLX_matched_ridge,4,571,2024-01-31,2023-12-31,1.0,-3.4647197491071067,-3.491483504925525,0.0007162986255079242,0.02676375581841839,6.82463380644436e-07,0.0008261134187534033,0.0014585041236373497,1.0
CRLX_matched_ridge,4,571,2024-02-29,2024-01-31,1.0,-3.3449345770399286,-3.393224592713352,0.0023319256137394983,0.048290015673423614,2.763463550289135e-06,0.0016623668518979604,0.004817692613068816,1.0
CRLX_matched_ridge,4,571,2024-03-31,2024-02-29,1.0,-3.579023213504305,-3.49408833227245,0.0072139340498693335,0.08493488123185511,6.118147157946604e-06,0.0024734888635178053,0.013644463042616045,1.0
CRLX_matched_ridge,4,571,2024-04-30,2024-03-31,1.0,-3.2298318565473947,-3.4199554889062975,0.036146995581343246,0.19012363235890284,4.69260571951375e-05,0.0068502596443592925,0.08239894080838495,1.0
CRLX_matched_ridge,4,571,2024-05-31,2024-04-30,1.0,-3.551159106071428,-3.1669189035219247,0.14764053325528315,0.3842402025495031,0.0001806833470298381,0.013441850580550214,0.2321976005664559,0.0
CRLX_matched_ridge,4,571,2024-06-30,2024-05-31,1.0,-3.974327104300053,-3.4251099955175377,0.3016394325794255,0.5492171087825155,0.0001891658770741467,0.013753758652606446,0.4318269132179239,0.0
CRLX_matched_ridge,4,571,2024-07-31,2024-06-30,1.0,-3.172237966118978,-3.5641166393713384,0.15356889455003014,0.39187867325236025,0.00018462579273111486,0.013587707412625386,0.4059268841234971,1.0
CRLX_matched_ridge,4,571,2024-08-31,2024-07-31,1.0,-2.8728553989963164,-3.534748534507818,0.4381025228372471,0.6618931355115016,0.0007491808985113603,0.02737116911115344,1.4338355805830867,0.0
CRLX_matched_ridge,4,571,2024-09-30,2024-08-31,100.0,-3.2605071347369625,-3.178065477508462,0.006796626846581605,0.08244165722850072,1.0871834535038925e-05,0.0032972465080789645,0.012875961254663476,1.0
CRLX_matched_ridge,4,571,2024-10-31,2024-09-30,100.0,-3.4205515268412334,-3.225574554075126,0.03801601990903533,0.19497697276610726,4.954116024469153e-05,0.007038548163129349,0.06704200224242929,0.0
CRLX_matched_ridge,4,571,2024-11-30,2024-10-31,100.0,-3.3432396881530604,-3.1576939119015703,0.034427235084768006,0.18554577625149005,5.1859480425601746e-05,0.007201352680267906,0.061072321703591004,1.0
CRLX_matched_ridge,4,571,2024-12-31,2024-11-30,100.0,-3.197746191257484,-3.314989108009596,0.013745901528542681,0.11724291675211207,2.0427990614693315e-05,0.004519733467218318,0.029772728691104977,1.0
CRLX_matched_ridge,4,571,2025-01-31,2024-12-31,100.0,-3.243894689291075,-3.1589630054528666,0.007213390919593385,0.08493168383820837,1.1958446067376997e-05,0.0034580986202502953,0.013643464032308789,0.0
CRLX_matched_ridge,4,571,2025-02-28,2025-01-31,100.0,-3.3361230676767963,-3.27825034984361,0.003349251469399608,0.05787271783318637,4.492448323903489e-06,0.0021195396490520033,0.00644737105085702,1.0
CRLX_matched_ridge,4,571,2025-03-31,2025-02-28,100.0,-2.8189264390259248,-3.2213691852832707,0.16196016401515448,0.4024427462573459,0.00039083620904004307,0.019769577867016865,0.431554902477,1.0
CRLX_matched_ridge,4,571,2025-04-30,2025-03-31,100.0,-1.983632317040605,-3.007441114656573,1.0481844540758545,1.0238087976159682,0.0077705395210926195,0.08815066375866162,4.70179925367563,0.0
CRLX_matched_ridge,4,571,2025-05-31,2025-04-30,1e-08,-3.029808966262144,-2.681578939840029,0.12126415130194705,0.3482300264221152,0.0004052214717250175,0.020130113554697536,0.19480635745535702,1.0
CRLX_matched_ridge,4,571,2025-06-30,2025-05-31,100.0,-3.530189938328582,-2.8791866966565713,0.4238052206674663,0.6510032416720106,0.0007225927698139505,0.02688108572610025,0.5739919941110064,0.0
CRLX_matched_ridge,4,571,2025-07-31,2025-06-30,100.0,-3.9507722447624736,-3.117612110925191,0.6941558086157584,0.8331601338372825,0.0006261454573339908,0.02502289865970749,0.8552613081636963,0.0
CRLX_matched_ridge,4,571,2025-08-31,2025-07-31,100.0,-3.3885720022366694,-3.440847117773563,0.002732687704395583,0.05227511553689368,2.956036969941569e-06,0.001719312935431351,0.005660928490507852,1.0
CRLX_matched_ridge,4,571,2025-09-30,2025-08-31,100.0,-3.844352655797379,-3.45339766475349,0.1528458050221273,0.390954991043889,0.00010481066453027522,0.01023770797250416,0.2394412817301974,1.0
CRLX_matched_ridge,4,571,2025-10-31,2025-09-30,100.0,-3.200601249147139,-3.5429600832059105,0.11720957125808132,0.3423588340587713,0.0001394791918971918,0.011810130900933816,0.2984941644399919,1.0
CRLX_matched_ridge,4,571,2025-11-30,2025-10-31,100.0,-3.1877347547552812,-3.3104472191584966,0.015058348919910399,0.12271246440321537,2.2708983450934753e-05,0.004765394364681139,0.03273939786100699,0.0
CRLX_matched_ridge,4,571,2025-12-31,2025-11-30,100.0,-3.669080341092571,-3.2274644215742745,0.19502462037199073,0.4416159195182967,0.00020044944002055868,0.014158016811000002,0.2966764029396838,1.0
CRLX_matched_ridge,4,571,2026-01-31,2025-12-31,100.0,-3.5432987087435324,-3.3220155543158034,0.04896623443348613,0.22128315442772895,5.129795249851457e-05,0.0071622588963618575,0.08495205254787741,1.0
CRLX_matched_ridge,4,571,2026-02-28,2026-01-31,100.0,-3.319307735691405,-3.43722413648942,0.013904277577158092,0.11791640079801491,1.6192991003819185e-05,0.004024051565750517,0.030129823944201106,1.0
CRLX_matched_ridge,4,571,2026-03-31,2026-02-28,100.0,-2.9305511753093016,-3.266392846104733,0.11278962784266697,0.3358416707954315,0.00023176547058672685,0.015223845459893727,0.28584639836104353,1.0
CRLX_matched_ridge,4,571,2026-04-30,2026-03-31,100.0,-3.237312027686596,-3.0897326747000626,0.021779665427923776,0.14757935298653324,3.899767290967722e-05,0.0062448116792804265,0.039572141204888944,1.0
CRLX_matched_ridge,4,571,2026-05-31,2026-04-30,100.0,-3.5119546359486353,-3.327090409085788,0.03417478237359828,0.18486422686284731,3.670985826101309e-05,0.006058866087067207,0.06065037616584351,1.0
CRLX_matched_ridge,4,571,2026-06-30,2026-05-31,100.0,-3.0168147582707263,-3.3402416942038773,0.10460498288710654,0.32342693593315097,0.00018302074558992112,0.013528516015806062,0.2626698904487357,1.0
CRLX_matched_ridge,4,571,2026-07-31,2026-06-30,100.0,-3.371829178429884,-3.208080340307851,0.026813681986315806,0.1637488381220331,3.7299951030391953e-05,0.006107368584782807,0.048222642306577745,1.0
CRLX_matched_ridge,4,571,2026-08-31,2026-07-31,100.0,-3.507788998946598,-3.318741916404107,0.03573879941782741,0.18904708254249103,3.887839226328443e-05,0.006235253985467187,0.06326014400042057,0.0
CRLX_matched_ridge,4,120,2020-01-31,2019-12-31,100.0,-3.394259264647835,-3.520779773481601,0.016007439155555053,0.12652050883376598,1.5912477941180277e-05,0.003989044740433514,0.034895086218581395,1.0
CRLX_matched_ridge,4,120,2020-02-29,2020-01-31,100.0,-2.6562454515374347,-3.504513035778764,0.7195578944746209,0.8482675842413294,0.0016120169397934028,0.04014993075701878,2.758478737408108,0.0
CRLX_matched_ridge,4,120,2020-03-31,2020-02-29,1.0,-1.2968909272855167,-2.883711370466961,2.5179991188985555,1.5868204431814443,0.04728607715127956,0.21745362069020502,19.72068180351803,0.0
CRLX_matched_ridge,4,120,2020-04-30,2020-03-31,1e-08,-2.134850068143052,-2.9302226758266245,0.6326175850533665,0.7953726076835728,0.004209047329605269,0.06487717109743048,2.3166594239943277,1.0
CRLX_matched_ridge,4,120,2020-05-31,2020-04-30,1e-08,-2.753043170704817,-2.7831893668536223,0.0009087931422422512,0.030146196148805426,3.5821411084392146e-06,0.0018926545137555387,0.0018546724696362482,1.0
CRLX_matched_ridge,4,120,2020-06-30,2020-05-31,1e-08,-2.4519566880578116,-3.3606052977169716,0.8256422958355244,0.90864860965916,0.0026430561488502012,0.05141066182077606,3.337902573266378,0.0
CRLX_matched_ridge,4,120,2020-07-31,2020-06-30,1e-08,-3.21882688058945,-2.9886005821870443,0.05300414847607366,0.23022629840240594,0.00010724469179614572,0.010355901302935719,0.09145058999838973,1.0
CRLX_matched_ridge,4,120,2020-08-31,2020-07-31,1e-08,-3.605943742197781,-2.728183593984672,0.7704628777910987,0.8777601482131088,0.0014574117904410783,0.03817606305580865,0.9283375990973629,0.0
CRLX_matched_ridge,4,120,2020-09-30,2020-08-31,100.0,-2.651836989084487,-3.3168685725329716,0.4422670069839987,0.6650315834484846,0.0011734274637469984,0.03425532752356921,1.4512190649933578,1.0
CRLX_matched_ridge,4,120,2020-10-31,2020-09-30,100.0,-2.7990735485463434,-3.032481934799374,0.05447947477324398,0.23340838625303073,0.00016054298300429099,0.012670555749622468,0.12809237293112996,1.0
CRLX_matched_ridge,4,120,2020-11-30,2020-10-31,100.0,-3.0039337534233583,-3.2295342619003264,0.050895589425066556,0.2256005084769681,0.00010031377599094339,0.010015676511895909,0.11899586961249631,1.0
CRLX_matched_ridge,4,120,2020-12-31,2020-11-30,100.0,-3.651571910629322,-3.7397292013692494,0.007771707910604108,0.08815729073992751,4.795086347099418e-06,0.002189768560167813,0.0164986551088617,1.0
CRLX_matched_ridge,4,120,2021-01-31,2020-12-31,100.0,-3.0833870228491476,-3.8942969713155935,0.6575749445218539,0.8109099484664459,0.0006475077440794222,0.025446173466347,2.440474896258653,0.0
CRLX_matched_ridge,4,120,2021-02-28,2021-01-31,100.0,-3.2488776237223895,-3.7106311189329615,0.21321629033917971,0.46175349521057196,0.00020608530700979454,0.014355671597309355,0.5945989057894154,1.0
CRLX_matched_ridge,4,120,2021-03-31,2021-02-28,100.0,-3.005349457539076,-3.696093279895229,0.477127028123189,0.6907438223561533,0.0006101464347104127,0.024701142376627294,1.599331624753562,0.0
CRLX_matched_ridge,4,120,2021-04-30,2021-03-31,100.0,-3.428567723170164,-3.6451506296148146,0.04690815536401233,0.21658290644465072,3.989041067043132e-05,0.006315885580853355,0.10896609195970841,1.0
CRLX_matched_ridge,4,120,2021-05-31,2021-04-30,100.0,-3.25079126490233,-3.650758116721951,0.15997348255449875,0.3999668518196211,0.00016312672642596553,0.012772107360414942,0.42545968447969784,0.0
CRLX_matched_ridge,4,120,2021-06-30,2021-05-31,100.0,-3.704361054701714,-3.3920322390839526,0.09754928906519351,0.31232881561776127,8.143802273670897e-05,0.009024301786659673,0.16010234792274874,1.0
CRLX_matched_ridge,4,120,2021-07-31,2021-06-30,100.0,-3.396235869388752,-3.5099400824944236,0.012928648077979978,0.11370421310567158,1.296303996609093e-05,0.00360042219275614,0.027934051812350535,1.0
CRLX_matched_ridge,4,120,2021-08-31,2021-07-31,100.0,-3.708289465775626,-3.2809347676567415,0.1826320380042827,0.42735469811888427,0.00017092086873925344,0.013073670821129521,0.2801161941748236,0.0
CRLX_matched_ridge,4,120,2021-09-30,2021-08-31,100.0,-3.2831700937799164,-3.291180610263262,6.416837432994992e-05,0.008010516483345498,8.956103963732055e-08,0.00029926750514768646,0.00012902486495970644,1.0
CRLX_matched_ridge,4,120,2021-10-31,2021-09-30,100.0,-3.386818668681176,-3.2982013740562266,0.007853024906645103,0.0886172946249495,9.818696832994857e-06,0.0031334799876486935,0.014817862692255768,1.0
CRLX_matched_ridge,4,120,2021-11-30,2021-10-31,100.0,-3.306447862510668,-3.4439571155370388,0.01890879466787042,0.13750925302637063,2.2165852428756036e-05,0.004708062492018987,0.04153653282642511,0.0
CRLX_matched_ridge,4,120,2021-12-31,2021-11-30,100.0,-2.996205908102638,-3.325921690453623,0.10871249713132188,0.32971578235098464,0.00019703583556599576,0.014036945378749457,0.27426127796738975,0.0
CRLX_matched_ridge,4,120,2022-01-31,2021-12-31,100.0,-2.9415796259494096,-3.2631882948972004,0.10343213594236972,0.32160866894779083,0.00021071678737338153,0.014516087192262987,0.25937498723196006,0.0
CRLX_matched_ridge,4,120,2022-02-28,2022-01-31,100.0,-2.79991710955502,-3.1220443423010282,0.103765954076601,0.3221272327460083,0.00028049936087403294,0.01674811514392091,0.26031211424068235,0.0
CRLX_matched_ridge,4,120,2022-03-31,2022-02-28,100.0,-2.676617851726222,-3.2929273476850502,0.3798373948090252,0.6163094959588284,0.001001753112302534,0.03165048360298044,1.1975824604355507,0.0
CRLX_matched_ridge,4,120,2022-04-30,2022-03-31,100.0,-2.647933077507468,-3.200684276436877,0.30553388791789876,0.5527511989294087,0.0009037884038501962,0.030063073759184974,0.9152393039515618,0.0
CRLX_matched_ridge,4,120,2022-05-31,2022-04-30,100.0,-2.4244300010941817,-2.888008809615047,0.2149053117096252,0.4635788085208654,0.0010785693879886214,0.03284158016887466,0.6001577435169141,0.0
CRLX_matched_ridge,4,120,2022-06-30,2022-05-31,100.0,-2.4599323402147326,-2.9751950296744964,0.265495639149309,0.5152626894597638,0.0011835837800210905,0.03440325246282814,0.7720124633683307,1.0
CRLX_matched_ridge,4,120,2022-07-31,2022-06-30,100.0,-2.8821336588859534,-2.8958133365378087,0.00018713358065866915,0.013679677651855293,5.791992666402617e-07,0.0007610514218108141,0.0003777038717146866,1.0
CRLX_matched_ridge,4,120,2022-08-31,2022-07-31,100.0,-2.844638284908549,-3.1779586594952844,0.11110247211464165,0.33332037458673547,0.0002717442222774364,0.01648466627740569,0.28104281215160565,0.0
CRLX_matched_ridge,4,120,2022-09-30,2022-08-31,100.0,-2.646329916608998,-3.056536604593771,0.16826952686743674,0.4102066879847728,0.0005693290875587623,0.023860617920723727,0.4510252256524432,0.0
CRLX_matched_ridge,4,120,2022-10-31,2022-09-30,100.0,-2.5235204874353756,-2.9528364647232372,0.18431220835463172,0.42931597728786164,0.0007831821184561731,0.027985391161392995,0.5012980383328061,0.0
CRLX_matched_ridge,4,120,2022-11-30,2022-10-31,100.0,-2.5436055847483017,-3.0134682773442756,0.22077094989353868,0.4698626925959739,0.0008679820244727049,0.029461534659156928,0.6195531208509908,1.0
CRLX_matched_ridge,4,120,2022-12-31,2022-11-30,100.0,-2.953340209712298,-2.969449511507368,0.0002595096043246447,0.016109301795069975,6.949089962348781e-07,0.0008336120178085715,0.0005246384210487523,1.0
CRLX_matched_ridge,4,120,2023-01-31,2022-12-31,100.0,-3.0446334829778476,-2.9902263776591242,0.002960133109162659,0.05440710531872339,7.087809430010566e-06,0.0026622940164472003,0.005711246585819854,1.0
CRLX_matched_ridge,4,120,2023-02-28,2023-01-31,100.0,-3.1747292629057444,-3.299093868152795,0.01546655503825473,0.12436460524705062,2.3900534306633563e-05,0.0048888172707346675,0.03366551651991939,1.0
CRLX_matched_ridge,4,120,2023-03-31,2023-02-28,100.0,-2.9240573364232487,-3.153729561887493,0.05274933114969875,0.22967222546424448,0.00012149988548217835,0.011022698647889198,0.12369143613516864,1.0
CRLX_matched_ridge,4,120,2023-04-30,2023-03-31,100.0,-3.442485805524746,-3.1469743336192644,0.08732703002774428,0.29551147190548166,0.00012093184725191031,0.010996901711478116,0.14478347280936116,1.0
CRLX_matched_ridge,4,120,2023-05-31,2023-04-30,100.0,-3.29928079041607,-2.9530672891254204,0.11986378847593059,0.34621350129064954,0.00023316395885048186,0.015269707228708802,0.19278722126583508,1.0
CRLX_matched_ridge,4,120,2023-06-30,2023-05-31,100.0,-3.4043718007388586,-3.087238210231811,0.1005737142278916,0.31713359050704737,0.00015376267329785258,0.012400107793799721,0.16459115844752165,0.0
CRLX_matched_ridge,4,120,2023-07-31,2023-06-30,100.0,-3.7661453260783695,-3.342701535973208,0.1793046433786241,0.42344379010516153,0.00014884633795592331,0.012200259749526782,0.27563487921888186,0.0
CRLX_matched_ridge,4,120,2023-08-31,2023-07-31,100.0,-3.308105488673255,-3.543791359524257,0.05554782971879525,0.23568587085100212,5.901134550327302e-05,0.00768188424172566,0.13081873629647756,1.0
CRLX_matched_ridge,4,120,2023-09-30,2023-08-31,100.0,-3.437757865373422,-3.462120314300088,0.0005935289177043905,0.024362448926665614,5.982522553462772e-07,0.0007734676821602032,0.0012065747510526179,1.0
CRLX_matched_ridge,4,120,2023-10-31,2023-09-30,100.0,-3.193098626287721,-3.255341661475077,0.0038741954293344608,0.06224303518735619,6.134789955677474e-06,0.0024768508141746193,0.008080173752259806,1.0
CRLX_matched_ridge,4,120,2023-11-30,2023-10-31,100.0,-3.3142693090819773,-3.1286274841169077,0.03446288717636151,0.18564182496506954,5.501536884344561e-05,0.007417234581934537,0.06113188833001787,0.0
CRLX_matched_ridge,4,120,2023-12-31,2023-11-30,100.0,-3.568281666444767,-3.39661044304869,0.02947100894230581,0.1716712233960771,2.7902757426749116e-05,0.005282306070907773,0.052737686628042235,1.0
CRLX_matched_ridge,4,120,2024-01-31,2023-12-31,100.0,-3.4647197491071067,-3.5174707114543717,0.002782664028562576,0.05275096234726506,2.5836560105594032e-06,0.0016073755039067265,0.005766318678173149,1.0
CRLX_matched_ridge,4,120,2024-02-29,2024-01-31,100.0,-3.3449345770399286,-3.516967634154377,0.029595372740143136,0.1720330571144486,3.1060495284335365e-05,0.005573194351925596,0.06660578368051862,0.0
CRLX_matched_ridge,4,120,2024-03-31,2024-02-29,100.0,-3.579023213504305,-3.3607648190490123,0.047636726750202245,0.21825839445529294,4.631840661119495e-05,0.0068057627501401305,0.08280043630735107,1.0
CRLX_matched_ridge,4,120,2024-04-30,2024-03-31,100.0,-3.2298318565473947,-3.264839147909094,0.0012255104484829166,0.035007291361699444,1.8525143958497975e-06,0.001361071047318911,0.0025092387350059697,1.0
CRLX_matched_ridge,4,120,2024-05-31,2024-04-30,100.0,-3.551159106071428,-3.109216161846981,0.1953135659497724,0.4419429442244467,0.00025422915103178606,0.01594456493704943,0.29706012759045664,0.0
CRLX_matched_ridge,4,120,2024-06-30,2024-05-31,100.0,-3.974327104300053,-3.2872197304771986,0.47211654316174,0.6871073738228546,0.00034468250581701394,0.018565626997680794,0.6272529643118626,0.0
CRLX_matched_ridge,4,120,2024-07-31,2024-06-30,100.0,-3.172237966118978,-3.2665091182479147,0.0088870501237171,0.09427115212893655,1.4215656137472866e-05,0.003770365517754594,0.018945859538926413,1.0
CRLX_matched_ridge,4,120,2024-08-31,2024-07-31,100.0,-2.8728553989963164,-3.4371715590451446,0.3184527284922547,0.5643161600488282,0.0005944698630502986,0.024381752665678047,0.9627932068153098,0.0
CRLX_matched_ridge,4,120,2024-09-30,2024-08-31,100.0,-3.2605071347369625,-3.2180461825545414,0.001802932460237849,0.042460952182421074,2.7697766568909226e-06,0.0016642645994224964,0.003505923367593297,1.0
CRLX_matched_ridge,4,120,2024-10-31,2024-09-30,100.0,-3.4205515268412334,-3.3201374437463214,0.010082988083791905,0.10041408309491207,1.1926420419288347e-05,0.003453464987413127,0.018881154829071545,1.0
CRLX_matched_ridge,4,120,2024-11-30,2024-10-31,100.0,-3.3432396881530604,-3.141754205875807,0.04059639956849748,0.2014854822772536,6.216689706775397e-05,0.00788459872585498,0.07130246889931496,1.0
CRLX_matched_ridge,4,120,2024-12-31,2024-11-30,100.0,-3.197746191257484,-3.318966550748117,0.01469437555503828,0.12122035949063292,2.1752565913813716e-05,0.004663964613267742,0.03191498283867872,1.0
CRLX_matched_ridge,4,120,2025-01-31,2024-12-31,100.0,-3.243894689291075,-3.156238699484055,0.007683572549048345,0.08765598980701972,1.2773168521967356e-05,0.003573956983788047,0.014507147754369454,0.0
CRLX_matched_ridge,4,120,2025-02-28,2025-01-31,100.0,-3.3361230676767963,-3.1442934911901457,0.03679858641504776,0.19182957648665067,5.659178090445206e-05,0.007522750886773538,0.06502278134488854,0.0
CRLX_matched_ridge,4,120,2025-03-31,2025-02-28,100.0,-2.8189264390259248,-3.1232123762826305,0.09258993161219185,0.3042859372567057,0.0002450609003452654,0.015654421111790287,0.22923303320712374,1.0
CRLX_matched_ridge,4,120,2025-04-30,2025-03-31,100.0,-1.983632317040605,-2.981359105965229,0.9954587453378412,0.997726788924624,0.007542017181559541,0.08684478787791206,4.36008500288743,0.0
CRLX_matched_ridge,4,120,2025-05-31,2025-04-30,100.0,-3.029808966262144,-2.754314361510727,0.07589727724713952,0.27549460475141707,0.00023494079346790333,0.015327778490958933,0.12736857783809657,1.0
CRLX_matched_ridge,4,120,2025-06-30,2025-05-31,100.0,-3.530189938328582,-2.842197732217376,0.4733332756697639,0.6879922061112058,0.000840887061706773,0.028998052722670413,0.6285752321078562,0.0
CRLX_matched_ridge,4,120,2025-07-31,2025-06-30,100.0,-3.9507722447624736,-3.1127194346388025,0.7023325125561819,0.838052810123671,0.000637057224155389,0.025239992554582678,0.8632068224537884,0.0
CRLX_matched_ridge,4,120,2025-08-31,2025-07-31,100.0,-3.3885720022366694,-3.368508500821629,0.0004025440890313338,0.02006350141504054,4.6802089856679353e-07,0.0006841205292686323,0.0007944267528236723,1.0
CRLX_matched_ridge,4,120,2025-09-30,2025-08-31,100.0,-3.844352655797379,-3.404126404090653,0.1937991526917534,0.4402262517067257,0.0001400812307202137,0.011835591692864945,0.2950477668705884,1.0
CRLX_matched_ridge,4,120,2025-10-31,2025-09-30,100.0,-3.200601249147139,-3.5044496714092004,0.09232386371114386,0.3038484222620612,0.00011394259356411209,0.010674389610844832,0.22850063216543814,1.0
CRLX_matched_ridge,4,120,2025-11-30,2025-10-31,100.0,-3.1877347547552812,-3.387848588173191,0.04004554632521094,0.20011383341790978,5.6009729484761224e-05,0.007483964823859157,0.09193670847916363,0.0
CRLX_matched_ridge,4,120,2025-12-31,2025-11-30,100.0,-3.669080341092571,-3.204579456145064,0.2157610721170175,0.4645008849475074,0.00022728733292040618,0.015076051635637435,0.3239495323029238,1.0
CRLX_matched_ridge,4,120,2026-01-31,2025-12-31,100.0,-3.5432987087435324,-3.234080545399118,0.09561587254209296,0.30921816334441443,0.0001098017549393469,0.010478633257221426,0.15722259164342323,1.0
CRLX_matched_ridge,4,120,2026-02-28,2026-01-31,100.0,-3.319307735691405,-3.375057949523514,0.0031080863423258885,0.0557502138321091,3.848393571406962e-06,0.0019617322884142377,0.006453794450228756,1.0
CRLX_matched_ridge,4,120,2026-03-31,2026-02-28,100.0,-2.9305511753093016,-3.2818000348073166,0.12337576129865627,0.351248859498015,0.00024986218372536023,0.015807029566789588,0.3162910635972809,1.0
CRLX_matched_ridge,4,120,2026-04-30,2026-03-31,100.0,-3.237312027686596,-3.128200149258382,0.011905402014133282,0.10911187842821368,2.0495951284894827e-05,0.0045272454412031635,0.02216929007061194,1.0
CRLX_matched_ridge,4,120,2026-05-31,2026-04-30,100.0,-3.5119546359486353,-3.255230704966274,0.06590717673903629,0.25672393098236146,7.62720480545823e-05,0.008733386974970381,0.11187658008353035,1.0
CRLX_matched_ridge,4,120,2026-06-30,2026-05-31,100.0,-3.0168147582707263,-3.3205506497804835,0.09225549179122701,0.3037358915097572,0.0001644544676536007,0.012823980179866183,0.22831248280385885,1.0
CRLX_matched_ridge,4,120,2026-07-31,2026-06-30,100.0,-3.371829178429884,-3.219142686462364,0.0233131648293476,0.15268649196752015,3.2064324175609035e-05,0.005662536902803286,0.04222147441670521,1.0
CRLX_matched_ridge,4,120,2026-08-31,2026-07-31,100.0,-3.507788998946598,-3.1931261404211044,0.0990127145354348,0.3146628585254936,0.00012277245385145126,0.011080273184874607,0.16227675672873165,0.0
QR1_matched_ridge,0,571,2020-01-31,2019-12-31,100.0,-3.394259264647835,-3.6336247125819354,0.05729581766469249,0.2393654479341003,5.105335725369749e-05,0.00714516320693219,0.13529384051835003,1.0
QR1_matched_ridge,0,571,2020-02-29,2020-01-31,100.0,-2.6562454515374347,-3.477422718562396,0.6743321038785846,0.8211772670249613,0.0015464105243788448,0.03932442656134791,2.5249673012494576,0.0
QR1_matched_ridge,0,571,2020-03-31,2020-02-29,100.0,-1.2968909272855167,-3.0680188281390155,3.136894041181721,1.7711279008534988,0.05146873480605429,0.22686721844738672,30.00250168516899,0.0
QR1_matched_ridge,0,571,2020-04-30,2020-03-31,1.0,-2.134850068143052,-2.4500837001234443,0.09937224273154957,0.31523363198039256,0.0010224617825120893,0.0319759563189608,0.24802086006619128,1.0
QR1_matched_ridge,0,571,2020-05-31,2020-04-30,1e-08,-2.753043170704817,-2.15618241394775,0.3562427629566184,0.5968607567570667,0.002707392766434236,0.05203261252747392,0.4968127181053763,1.0
QR1_matched_ridge,0,571,2020-06-30,2020-05-31,1e-08,-2.4519566880578116,-2.7583382231521294,0.09386964504675066,0.30638153509431776,0.0005165560456891738,0.02272786936096681,0.2327606016393574,0.0
QR1_matched_ridge,0,571,2020-07-31,2020-06-30,1e-08,-3.21882688058945,-2.5429266099887786,0.4568411757980611,0.6759002706006716,0.001492583498579982,0.03863396819613515,0.6105744490466017,1.0
QR1_matched_ridge,0,571,2020-08-31,2020-07-31,1e-08,-3.605943742197781,-2.97005384109225,0.40435596632800175,0.6358899011055308,0.000582679213058717,0.024138749202448684,0.5521120437788893,0.0
QR1_matched_ridge,0,571,2020-09-30,2020-08-31,1e-08,-2.651836989084487,-3.3215486574545876,0.44851371875106355,0.6697116683701005,0.0011850572130095768,0.03442465995488665,1.4774185014203223,1.0
QR1_matched_ridge,0,571,2020-10-31,2020-09-30,1e-08,-2.7990735485463434,-2.844647220571033,0.00207695958181399,0.04557367202468976,7.353031459418561e-06,0.002711647370035153,0.004283054469356812,1.0
QR1_matched_ridge,0,571,2020-11-30,2020-10-31,1e-08,-3.0039337534233583,-2.918253738344211,0.007341064983962899,0.08568001507914724,1.9681191441026768e-05,0.004436348886305806,0.013878217062837428,1.0
QR1_matched_ridge,0,571,2020-12-31,2020-11-30,1e-08,-3.651571910629322,-3.2178904032966322,0.18807964980235373,0.4336815073326896,0.00019850361654037986,0.014089131149236274,0.2874207909154619,1.0
QR1_matched_ridge,0,571,2021-01-31,2020-12-31,1e-08,-3.0833870228491476,-3.34160785450824,0.06667799790271332,0.2582208316590924,0.00010865620871216058,0.010423828889240296,0.15961140179076472,1.0
QR1_matched_ridge,0,571,2021-02-28,2021-01-31,1e-08,-3.2488776237223895,-3.131232684115168,0.013840331815186834,0.11764493960722167,2.3485544967367473e-05,0.004846188705298987,0.025631591998935443,1.0
QR1_matched_ridge,0,571,2021-03-31,2021-02-28,1e-08,-3.005349457539076,-3.2858747899986156,0.07869446215153535,0.2805253324595398,0.00014673927821490847,0.012113598896071658,0.19146217217724248,0.0
QR1_matched_ridge,0,571,2021-04-30,2021-03-31,1e-08,-3.428567723170164,-3.204711278554014,0.05011170779618331,0.22385644461614973,6.621487792440021e-05,0.008137252480069683,0.0868010360143408,1.0
QR1_matched_ridge,0,571,2021-05-31,2021-04-30,1e-08,-3.25079126490233,-3.3408773219030117,0.008115497665930097,0.09008605700068184,1.1139957993091139e-05,0.0033376575607888745,0.017251324725055195,1.0
QR1_matched_ridge,0,571,2021-06-30,2021-05-31,1e-08,-3.704361054701714,-3.257035644193574,0.20010002288627568,0.4473254105081397,0.00019283274758546482,0.013886423138643904,0.30340112175599876,1.0
QR1_matched_ridge,0,571,2021-07-31,2021-06-30,1e-08,-3.396235869388752,-3.4724283137017906,0.005805288570395491,0.07619244431303862,6.0396385721864365e-06,0.0024575676129430166,0.012223506079947877,1.0
QR1_matched_ridge,0,571,2021-08-31,2021-07-31,1e-08,-3.708289465775626,-3.38252497989156,0.10612250026330972,0.3257644858840658,8.9154485492587e-05,0.009442165296826094,0.17277716517140562,0.0
QR1_matched_ridge,0,571,2021-09-30,2021-08-31,1e-08,-3.2831700937799164,-3.473759798179993,0.03632443542330858,0.1905897044000766,4.2365831415053095e-05,0.0065089040102810775,0.08283082936979874,1.0
QR1_matched_ridge,0,571,2021-10-31,2021-09-30,1e-08,-3.386818668681176,-3.2739342957539863,0.012742881651164857,0.11288437292718978,1.6330539151256648e-05,0.0040411061791614244,0.023671344470120537,0.0
QR1_matched_ridge,0,571,2021-11-30,2021-10-31,1e-08,-3.306447862510668,-3.3870880682406206,0.006502842780169056,0.08064020572995245,8.060702040462834e-06,0.002839137552226527,0.013733998668401415,0.0
QR1_matched_ridge,0,571,2021-12-31,2021-11-30,1e-08,-2.996205908102638,-3.25516455699488,0.06705958183609545,0.25895864889224196,0.00013000221621701266,0.011401851438122348,0.16061083469292337,1.0
QR1_matched_ridge,0,571,2022-01-31,2021-12-31,1e-08,-2.9415796259494096,-3.1392083175084053,0.03905709972732068,0.19762869155899576,8.959017913498805e-05,0.009465208879627963,0.08950891240580672,0.0
QR1_matched_ridge,0,571,2022-02-28,2022-01-31,1e-08,-2.79991710955502,-2.84211836951653,0.0017809463423389496,0.04220125996151003,6.31553888274183e-06,0.0025130735927827164,0.003664254306300796,1.0
QR1_matched_ridge,0,571,2022-03-31,2022-02-28,1e-08,-2.676617851726222,-2.8087015622636464,0.017446106589334178,0.13208371053742463,7.245792159427461e-05,0.008512221895267687,0.038178797178486656,0.0
QR1_matched_ridge,0,571,2022-04-30,2022-03-31,1e-08,-2.647933077507468,-3.0771614467032578,0.1842369929224771,0.42922836919578966,0.0006104603034064039,0.024707494883261717,0.5010597928123945,0.0
QR1_matched_ridge,0,571,2022-05-31,2022-04-30,1e-08,-2.4244300010941817,-2.6758604637867465,0.0632172775697972,0.25143046269256475,0.00038734190990590207,0.019681003782985818,0.15058396759493098,0.0
QR1_matched_ridge,0,571,2022-06-30,2022-05-31,100.0,-2.4599323402147326,-2.623783236929613,0.026847116354270333,0.16385089671488018,0.0001667398607834415,0.012912778972143893,0.0600732735050965,1.0
QR1_matched_ridge,0,571,2022-07-31,2022-06-30,100.0,-2.8821336588859534,-2.6946661866354327,0.03514405315199976,0.18746747225052074,0.00013339820350367405,0.01154981400299044,0.06226893669338479,1.0
QR1_matched_ridge,0,571,2022-08-31,2022-07-31,100.0,-2.844638284908549,-2.9958542668010617,0.022866273179716737,0.15121598189251273,6.660841527862743e-05,0.008161397875280155,0.050713646598630036,0.0
QR1_matched_ridge,0,571,2022-09-30,2022-08-31,100.0,-2.646329916608998,-2.9926451459438335,0.11993423806923954,0.3463152293348353,0.0004308277432905503,0.020756390420556034,0.3063363645053092,0.0
QR1_matched_ridge,0,571,2022-10-31,2022-09-30,1.0,-2.5235204874353756,-2.5996866997204524,0.005801291893855385,0.0761662122850768,3.4574352242288165e-05,0.0058799959389686796,0.012214871658673493,1.0
QR1_matched_ridge,0,571,2022-11-30,2022-10-31,1.0,-2.5436055847483017,-2.879017862989544,0.11250139639498055,0.3354122782412423,0.0005014298954799547,0.022392630383229986,0.2850248077236517,1.0
QR1_matched_ridge,0,571,2022-12-31,2022-11-30,1.0,-2.953340209712298,-3.0427364463941253,0.007991687132873281,0.08939623668182728,1.9900531611085698e-05,0.004461001189316777,0.016980090395105923,1.0
QR1_matched_ridge,0,571,2023-01-31,2022-12-31,1.0,-3.0446334829778476,-2.666638126764455,0.14288048931888941,0.3779953562133924,0.00047837013487554074,0.02187167425862823,0.22553591238475534,0.0
QR1_matched_ridge,0,571,2023-02-28,2023-01-31,100.0,-3.1747292629057444,-2.9622170889261303,0.04516142408954176,0.21251217397961408,9.798498345823125e-05,0.009898736457661213,0.07877821532278584,0.0
QR1_matched_ridge,0,571,2023-03-31,2023-02-28,100.0,-2.9240573364232487,-3.186607982741453,0.06893284188210683,0.26255064631820435,0.0001538477984067519,0.012403539753100802,0.1655287954486896,0.0
QR1_matched_ridge,0,571,2023-04-30,2023-03-31,100.0,-3.442485805524746,-2.9429461330918736,0.24953988433434152,0.49953967243287245,0.00042953104370416933,0.020725130728276947,0.36729763208973365,1.0
QR1_matched_ridge,0,571,2023-05-31,2023-04-30,100.0,-3.29928079041607,-3.24747924214754,0.0026834004030168324,0.051801548268529896,3.850887554940512e-06,0.0019623678439427486,0.005186164395166337,1.0
QR1_matched_ridge,0,571,2023-06-30,2023-05-31,100.0,-3.4043718007388586,-3.262033671608102,0.02026014300444388,0.14233812913075639,2.5834050902697205e-05,0.005082720816914618,0.036934010396032196,0.0
QR1_matched_ridge,0,571,2023-07-31,2023-06-30,100.0,-3.7661453260783695,-3.3873618791279037,0.14347689968367636,0.37878344695046584,0.00011356373979734555,0.010656628913373382,0.22637258836398355,0.0
QR1_matched_ridge,0,571,2023-08-31,2023-07-31,100.0,-3.308105488673255,-3.4525595003033125,0.02086696147601677,0.14445401163005744,2.4215574941308288e-05,0.0049209323243983236,0.0460609135308343,1.0
QR1_matched_ridge,0,571,2023-09-30,2023-08-31,100.0,-3.437757865373422,-3.3038335532401675,0.01793572138036544,0.13392431213325473,2.120957249589194e-05,0.0046053851625995346,0.03287220261001553,0.0
QR1_matched_ridge,0,571,2023-10-31,2023-09-30,100.0,-3.193098626287721,-3.2272547778738674,0.0011666426911758248,0.0341561515861466,1.8995731884791396e-06,0.0013782500457025712,0.002387335991381051,1.0
QR1_matched_ridge,0,571,2023-11-30,2023-10-31,100.0,-3.3142693090819773,-3.126840497021262,0.035129559590490925,0.18742881206071527,5.618304434241949e-05,0.007495534960389384,0.06224476329361556,0.0
QR1_matched_ridge,0,571,2023-12-31,2023-11-30,100.0,-3.568281666444767,-3.4480775551438025,0.014449028373654697,0.12020411130096464,1.2977630828696525e-05,0.0036024478939599563,0.026715029931442508,1.0
QR1_matched_ridge,0,571,2024-01-31,2023-12-31,100.0,-3.4647197491071067,-3.42404073750418,0.0016547819849910311,0.04067901160292653,1.6867472294667052e-06,0.001298748331843666,0.0032216070052574902,1.0
QR1_matched_ridge,0,571,2024-02-29,2024-01-31,100.0,-3.3449345770399286,-3.3586694906319523,0.00018864785138035802,0.013734913592023723,2.3137713281119186e-07,0.00048101676978166974,0.00038077430829796394,1.0
QR1_matched_ridge,0,571,2024-03-31,2024-02-29,100.0,-3.579023213504305,-3.3597465075812076,0.04808227376048461,0.21927670592309756,4.6800991569336614e-05,0.00684112502219749,0.08352216257261885,1.0
QR1_matched_ridge,0,571,2024-04-30,2024-03-31,100.0,-3.2298318565473947,-3.444796303928446,0.04620971363784085,0.21496444738105147,5.856671161974682e-05,0.007652889102799466,0.10721932561031777,1.0
QR1_matched_ridge,0,571,2024-05-31,2024-04-30,1.0,-3.551159106071428,-3.089395780932352,0.21322536844349604,0.46176332513907603,0.00028352133620533935,0.016838091821977316,0.3206427294077444,0.0
QR1_matched_ridge,0,571,2024-06-30,2024-05-31,100.0,-3.974327104300053,-3.3472182385512745,0.3932655295007197,0.6271088657487787,0.0002686368208954527,0.016390144016922265,0.5395166728268619,0.0
QR1_matched_ridge,0,571,2024-07-31,2024-06-30,100.0,-3.172237966118978,-3.6139307453831373,0.19509251125409724,0.4416927792641592,0.0002239206593414974,0.01496397872697958,0.5356902224308024,1.0
QR1_matched_ridge,0,571,2024-08-31,2024-07-31,100.0,-2.8728553989963164,-3.3584268928956593,0.23577967568763966,0.48557149389934295,0.00047294571904961955,0.021747315214748222,0.6698183336759755,0.0
QR1_matched_ridge,0,571,2024-09-30,2024-08-31,100.0,-3.2605071347369625,-3.204119527069727,0.0031795622984340877,0.056387607667235606,4.953711625796922e-06,0.002225693515692788,0.006126664589201955,1.0
QR1_matched_ridge,0,571,2024-10-31,2024-09-30,100.0,-3.4205515268412334,-3.264827310035762,0.02425003169967751,0.15572421680547155,3.0350554710190876e-05,0.005509133753158556,0.04383380961182737,1.0
QR1_matched_ridge,0,571,2024-11-30,2024-10-31,100.0,-3.3432396881530604,-3.205111389390882,0.019079426918933665,0.13812829876217858,2.7374297640429775e-05,0.005232045263606745,0.034874843744968825,1.0
QR1_matched_ridge,0,571,2024-12-31,2024-11-30,100.0,-3.197746191257484,-3.196320085170319,2.033778571849643e-06,0.001426106087165202,3.3993512355406945e-09,5.83039555737061e-05,4.063692720962086e-06,1.0
QR1_matched_ridge,0,571,2025-01-31,2024-12-31,100.0,-3.243894689291075,-3.1810250936142257,0.003952586060570501,0.06286959567684924,6.4079213179565825e-06,0.0025313872319257247,0.007584000898698179,0.0
QR1_matched_ridge,0,571,2025-02-28,2025-01-31,100.0,-3.3361230676767963,-3.282753848873168,0.002848273515709579,0.05336921880362855,3.8031464591513577e-06,0.0019501657517122378,0.005499161861476323,1.0
QR1_matched_ridge,0,571,2025-03-31,2025-02-28,100.0,-2.8189264390259248,-3.3062028922414672,0.23743834185831875,0.48727645321554247,0.0005296844484600622,0.023014874504547318,0.6754292496763201,1.0
QR1_matched_ridge,0,571,2025-04-30,2025-03-31,100.0,-1.983632317040605,-2.8981153970460367,0.8362793036162209,0.9144830800054318,0.0067966208788628225,0.08244162103490459,3.398478987518093,0.0
QR1_matched_ridge,0,571,2025-05-31,2025-04-30,1.0,-3.029808966262144,-2.7260500219471644,0.09226949625135096,0.30375894431497974,0.00029420979871265166,0.017152544963143272,0.15221909021908514,1.0
QR1_matched_ridge,0,571,2025-06-30,2025-05-31,100.0,-3.530189938328582,-3.0201762918081974,0.2601139196370198,0.5100136465203846,0.0003799874036119534,0.019493265596404144,0.38061239161574834,0.0
QR1_matched_ridge,0,571,2025-07-31,2025-06-30,1.0,-3.9507722447624736,-3.1232847131263637,0.684735615013222,0.8274875316361099,0.000613677973522575,0.024772524569017487,0.8460718842476734,0.0
QR1_matched_ridge,0,571,2025-08-31,2025-07-31,1e-08,-3.3885720022366694,-3.3344903966317423,0.0029248200648068867,0.05408160560492714,3.5189743582860427e-06,0.001875892949580557,0.0056443167090833996,1.0
QR1_matched_ridge,0,571,2025-09-30,2025-08-31,1e-08,-3.844352655797379,-3.3886629949044,0.20765306704475822,0.455689660892979,0.00015260958753746364,0.012353525308083667,0.3133487181189407,1.0
QR1_matched_ridge,0,571,2025-10-31,2025-09-30,1e-08,-3.200601249147139,-3.5722828688414734,0.1381472264186037,0.3716816196943342,0.000159922637102111,0.012646052233883546,0.359633275245246,1.0
QR1_matched_ridge,0,571,2025-11-30,2025-10-31,1e-08,-3.1877347547552812,-3.1616406493568396,0.0006809023365449786,0.02609410539844159,1.1901748409084247e-06,0.0010909513467191947,0.0013384205103677896,1.0
QR1_matched_ridge,0,571,2025-12-31,2025-11-30,1e-08,-3.669080341092571,-3.2193287551672025,0.2022764890423843,0.4497515859253687,0.0002097276434678527,0.01448197650418798,0.30627487702970635,1.0
QR1_matched_ridge,0,571,2026-01-31,2025-12-31,1e-08,-3.5432987087435324,-3.4546401462591625,0.007860340701794918,0.08865856248436987,7.187197808870938e-06,0.0026808949641623295,0.014831270726324786,1.0
QR1_matched_ridge,0,571,2026-02-28,2026-01-31,1e-08,-3.319307735691405,-3.4201916160787302,0.010177557322004161,0.10088388038732532,1.2052703826105659e-05,0.0034717004228627876,0.021796054824960026,1.0
QR1_matched_ridge,0,571,2026-03-31,2026-02-28,1e-08,-2.9305511753093016,-3.1278156617770687,0.03891327762139186,0.19726448646776706,9.128310156288871e-05,0.00955421904515951,0.08915619749909887,1.0
QR1_matched_ridge,0,571,2026-04-30,2026-03-31,1e-08,-3.237312027686596,-3.0380720863873707,0.0396965542089187,0.19923994129922518,7.49590905694481e-05,0.00865789180860145,0.06981966866659595,1.0
QR1_matched_ridge,0,571,2026-05-31,2026-04-30,1e-08,-3.5119546359486353,-3.341531133422061,0.029044170213425216,0.17042350252657412,3.073822683016361e-05,0.005544206600602435,0.05201471000189117,1.0
QR1_matched_ridge,0,571,2026-06-30,2026-05-31,1e-08,-3.0168147582707263,-3.332058778939099,0.09937879256716137,0.31524402066837265,0.0001752292640194938,0.013237419084530556,0.24803911314969462,1.0
QR1_matched_ridge,0,571,2026-07-31,2026-06-30,1e-08,-3.371829178429884,-3.084865812035415,0.0823479736524463,0.28696336639446907,0.00013017396737604884,0.0114093806745173,0.13723585848763992,1.0
QR1_matched_ridge,0,571,2026-08-31,2026-07-31,1e-08,-3.507788998946598,-3.1958202548819745,0.09732449727325855,0.3119687440646235,0.0001203375319120224,0.010969846485344378,0.15976794051376841,0.0
QR1_raw_input_ridge,0,571,2020-01-31,2019-12-31,1e-08,-3.394259264647835,-3.533717638439832,0.01944863802070829,0.13945837379199677,1.9090214541689266e-05,0.004369235006461573,0.04278055721124635,1.0
QR1_raw_input_ridge,0,571,2020-02-29,2020-01-31,1e-08,-2.6562454515374347,-3.5053375834175817,0.7209574484207729,0.849092131880147,0.0016140071310877223,0.0401747076042592,2.765832901377891,0.0
QR1_raw_input_ridge,0,571,2020-03-31,2020-02-29,1e-08,-1.2968909272855167,-2.8388189048698553,2.377541888057329,1.5419279775843386,0.04617587255319711,0.21488571975167897,17.758607829528145,0.0
QR1_raw_input_ridge,0,571,2020-04-30,2020-03-31,1e-08,-2.134850068143052,-1.8751675794708187,0.06743499492300446,0.2596824886722331,0.0012296909484409417,0.035066949517187,0.1142631792285067,1.0
QR1_raw_input_ridge,0,571,2020-05-31,2020-04-30,1e-08,-2.753043170704817,-2.333532690520568,0.17598904298441886,0.41951048018424864,0.001103503569193501,0.03321902420592003,0.2711543524781721,1.0
QR1_raw_input_ridge,0,571,2020-06-30,2020-05-31,1e-08,-2.4519566880578116,-3.0363888629610334,0.34156096706211,0.5844321749032217,0.0014529027808615103,0.03811696185245501,1.0494713090763295,0.0
QR1_raw_input_ridge,0,571,2020-07-31,2020-06-30,1e-08,-3.21882688058945,-2.7949506029988713,0.1796710987040455,0.4238762775905789,0.0004458827311789009,0.021115935479606412,0.27612915885146816,1.0
QR1_raw_input_ridge,0,571,2020-08-31,2020-07-31,1e-08,-3.605943742197781,-3.0525488612184493,0.30624589429412863,0.5533948809793316,0.0004030685744446977,0.020076567795435,0.4374083857222554,0.0
QR1_raw_input_ridge,0,571,2020-09-30,2020-08-31,1e-08,-2.651836989084487,-3.305541188766308,0.42732918068165027,0.6537041996818211,0.0011452938699526276,0.03384219067898276,1.3891728260119418,1.0
QR1_raw_input_ridge,0,571,2020-10-31,2020-09-30,1e-08,-2.7990735485463434,-2.9331803251694293,0.017984627536234258,0.1341067766230859,5.835337904054945e-05,0.007638938345120312,0.03941280480728593,1.0
QR1_raw_input_ridge,0,571,2020-11-30,2020-10-31,1e-08,-3.0039337534233583,-2.7363859006383726,0.0715818535298564,0.2675478527849857,0.00023142106064381808,0.015212529725322416,0.12070894658368697,0.0
QR1_raw_input_ridge,0,571,2020-12-31,2020-11-30,1e-08,-3.651571910629322,-3.1772594176913715,0.22497234095701316,0.4743124929379503,0.0002480459692053255,0.01574947520412428,0.33589814946628027,1.0
QR1_raw_input_ridge,0,571,2021-01-31,2020-12-31,1e-08,-3.0833870228491476,-3.537267804483318,0.2060077639368456,0.45388078163417056,0.00027926251313487304,0.016711149366063157,0.5710061906350703,1.0
QR1_raw_input_ridge,0,571,2021-02-28,2021-01-31,1e-08,-3.2488776237223895,-3.2322974448610533,0.0002749023310739006,0.016580178861336226,4.2116260477163777e-07,0.0006489704190266593,0.0005437774709592044,1.0
QR1_raw_input_ridge,0,571,2021-03-31,2021-02-28,1e-08,-3.005349457539076,-3.1575410580845773,0.023162283276601497,0.15219160054550152,4.8877629439057875e-05,0.006991253781622998,0.051405295098214954,1.0
QR1_raw_input_ridge,0,571,2021-04-30,2021-03-31,1e-08,-3.428567723170164,-3.079177015832597,0.12207386637384528,0.34939070733756683,0.00018397490402683226,0.013563734884862365,0.19597221888231997,1.0
QR1_raw_input_ridge,0,571,2021-05-31,2021-04-30,1e-08,-3.25079126490233,-3.4386316153347547,0.035283997250576175,0.18784035043242486,4.4022523173376094e-05,0.0066349471115733916,0.08030146483193351,0.0
QR1_raw_input_ridge,0,571,2021-06-30,2021-05-31,1e-08,-3.704361054701714,-3.299581535769807,0.16384645894674588,0.4047795189319068,0.0001508638431374863,0.012282664333827832,0.254613312907087,1.0
QR1_raw_input_ridge,0,571,2021-07-31,2021-06-30,1e-08,-3.396235869388752,-3.5288625324249505,0.017589831748117346,0.13262666303619852,1.731275434384744e-05,0.004160859808242455,0.038507884582492435,1.0
QR1_raw_input_ridge,0,571,2021-08-31,2021-07-31,1e-08,-3.708289465775626,-3.3507327017884942,0.12784683947294928,0.35755676398713154,0.00011107533535185293,0.010539228404008186,0.20425010593349857,0.0
QR1_raw_input_ridge,0,571,2021-09-30,2021-08-31,1e-08,-3.2831700937799164,-3.487779038762545,0.041864820366904296,0.2046089449826285,4.81701497793585e-05,0.006940471870079044,0.09642185857449315,1.0
QR1_raw_input_ridge,0,571,2021-10-31,2021-09-30,1e-08,-3.386818668681176,-3.159580818612345,0.051637040503904524,0.22723785006883102,7.443276855522345e-05,0.00862744275873352,0.08925639628519866,0.0
QR1_raw_input_ridge,0,571,2021-11-30,2021-10-31,1.0,-3.306447862510668,-3.4912452356976793,0.03415006913681948,0.18479737318701117,3.823196022613787e-05,0.006183199837150492,0.0775532874522899,0.0
QR1_raw_input_ridge,0,571,2021-12-31,2021-11-30,1.0,-2.996205908102638,-3.2347029990950245,0.05688086241183057,0.23849709099238625,0.00011245387596833979,0.010604427187186481,0.1342298879160252,1.0
QR1_raw_input_ridge,0,571,2022-01-31,2021-12-31,1.0,-2.9415796259494096,-3.2570397352127958,0.09951508053646756,0.3154601092633862,0.00020392069548584406,0.014280080373928014,0.2484189680049077,0.0
QR1_raw_input_ridge,0,571,2022-02-28,2022-01-31,1.0,-2.79991710955502,-2.8816874316576944,0.006686385576775126,0.08177032210267443,2.2800474818906858e-05,0.004774984274205189,0.014132575601536662,1.0
QR1_raw_input_ridge,0,571,2022-03-31,2022-02-28,1.0,-2.676617851726222,-2.888413892485767,0.04485756288141892,0.21179604075954517,0.00017242329467912404,0.013131005090210118,0.10384631481641382,0.0
QR1_raw_input_ridge,0,571,2022-04-30,2022-03-31,100.0,-2.647933077507468,-2.9894998011867147,0.11666782672497478,0.34156672367924656,0.0004196269462765414,0.020484797931064426,0.29693902721893717,0.0
QR1_raw_input_ridge,0,571,2022-05-31,2022-04-30,100.0,-2.4244300010941817,-2.696893899867089,0.07423657613453309,0.27246389877290733,0.0004458002159110727,0.021113981526729456,0.17955606836815574,0.0
QR1_raw_input_ridge,0,571,2022-06-30,2022-05-31,100.0,-2.4599323402147326,-2.728232336965521,0.07198488825647308,0.2682999967507884,0.0004042534204991037,0.02010605432448405,0.17358234152658736,1.0
QR1_raw_input_ridge,0,571,2022-07-31,2022-06-30,100.0,-2.8821336588859534,-2.592253769594604,0.08403035021556501,0.28987988929134945,0.00035479619582474135,0.018836034503704364,0.13979266088339526,1.0
QR1_raw_input_ridge,0,571,2022-08-31,2022-07-31,100.0,-2.844638284908549,-3.070538896673016,0.05103108639556038,0.22590061176446685,0.00013827768384195584,0.011759153194084847,0.1193383884195417,0.0
QR1_raw_input_ridge,0,571,2022-09-30,2022-08-31,100.0,-2.646329916608998,-2.859974894996839,0.04564417679034101,0.2136449783878409,0.00018607107787552206,0.013640787289431723,0.1058071724074322,0.0
QR1_raw_input_ridge,0,571,2022-10-31,2022-09-30,100.0,-2.5235204874353756,-2.670299530388293,0.021544087450174318,0.14677904295291722,0.00011980095942541223,0.01094536246203899,0.0476329955406769,0.0
QR1_raw_input_ridge,0,571,2022-11-30,2022-10-31,100.0,-2.5436055847483017,-2.9012129018320754,0.12788299323185465,0.3576073170837737,0.000558189273675831,0.023626029579170323,0.32941084748685445,1.0
QR1_raw_input_ridge,0,571,2022-12-31,2022-11-30,100.0,-2.953340209712298,-2.816673756039922,0.018677719559383712,0.13666645367237606,5.835989320721735e-05,0.007639364712279245,0.034172363764896574,1.0
QR1_raw_input_ridge,0,571,2023-01-31,2022-12-31,100.0,-3.0446334829778476,-2.6678637956212725,0.14195539731077136,0.3767696873565751,0.0004746542095845347,0.021786560297223027,0.22423700044333006,0.0
QR1_raw_input_ridge,0,571,2023-02-28,2023-01-31,100.0,-3.1747292629057444,-3.184561603117098,9.667491403180088e-05,0.009832340211353596,1.6730632563994686e-07,0.0004090309592683014,0.00019462347086794327,1.0
QR1_raw_input_ridge,0,571,2023-03-31,2023-02-28,100.0,-2.9240573364232487,-3.0205969390759018,0.009319894880332134,0.09653960265265304,2.4435303485960476e-05,0.004943207813349594,0.01989965877037328,1.0
QR1_raw_input_ridge,0,571,2023-04-30,2023-03-31,100.0,-3.442485805524746,-3.021481581851562,0.17724455635066028,0.4210042236731839,0.0002803578910477285,0.016743891156112085,0.27285277306768785,1.0
QR1_raw_input_ridge,0,571,2023-05-31,2023-04-30,100.0,-3.29928079041607,-3.13678599806188,0.02640455754223131,0.16249479235418995,4.24117317322102e-05,0.0065124290193606105,0.04752446372273317,1.0
QR1_raw_input_ridge,0,571,2023-06-30,2023-05-31,100.0,-3.4043718007388586,-3.2400444242573725,0.02700348666128807,0.1643273764814861,3.5217912522432364e-05,0.005934468175197535,0.04854626722334404,0.0
QR1_raw_input_ridge,0,571,2023-07-31,2023-06-30,100.0,-3.7661453260783695,-3.336096467403532,0.1849420208475305,0.43004885867483766,0.00015461590553616063,0.012434464424982711,0.28321845141051094,0.0
QR1_raw_input_ridge,0,571,2023-08-31,2023-07-31,100.0,-3.308105488673255,-3.413489163468039,0.011105718913252757,0.10538367479478383,1.3390509514294985e-05,0.0036593045123759493,0.023857736023546988,1.0
QR1_raw_input_ridge,0,571,2023-09-30,2023-08-31,100.0,-3.437757865373422,-3.3054087222609807,0.01751629568259752,0.1323491431124415,2.0680263661651965e-05,0.004547555789833915,0.03213574772755029,0.0
QR1_raw_input_ridge,0,571,2023-10-31,2023-09-30,100.0,-3.193098626287721,-3.2068845483042834,0.00019005164584674517,0.01378592201656259,3.1579200898761075e-07,0.0005619537427472218,0.0003836208877344635,1.0
QR1_raw_input_ridge,0,571,2023-11-30,2023-10-31,0.01,-3.3142693090819773,-3.0615827332447614,0.06385050560833705,0.2526865758372159,0.00010926387027478743,0.01045293596434932,0.10865356999696069,0.0
QR1_raw_input_ridge,0,571,2023-12-31,2023-11-30,1.0,-3.568281666444767,-3.5049095476802625,0.0040160254367024835,0.06337211876450466,3.4048178341452815e-06,0.0018452148476926153,0.007703197555361099,1.0
QR1_raw_input_ridge,0,571,2024-01-31,2023-12-31,100.0,-3.4647197491071067,-3.351022240228536,0.01292712352519263,0.11369750887857055,1.4188306462068327e-05,0.0037667368453435032,0.024001064354427698,1.0
QR1_raw_input_ridge,0,571,2024-02-29,2024-01-31,0.01,-3.3449345770399286,-3.3906986088263587,0.0020943466053493817,0.04576403178643007,2.4881469603420108e-06,0.0015773861164413774,0.004319466085152213,1.0
QR1_raw_input_ridge,0,571,2024-03-31,2024-02-29,0.01,-3.579023213504305,-3.412115700748454,0.02785811781434465,0.16690751275585125,2.568897067582126e-05,0.00506842881727871,0.05000127167171836,1.0
QR1_raw_input_ridge,0,571,2024-04-30,2024-03-31,100.0,-3.2298318565473947,-3.4185518662925887,0.03561524207822611,0.18872000974519398,4.629862704089757e-05,0.0068043094462919285,0.08110593735042537,1.0
QR1_raw_input_ridge,0,571,2024-05-31,2024-04-30,0.01,-3.551159106071428,-3.15380065068741,0.1578937420651724,0.3973584553840177,0.00019594977036385921,0.01399820596947549,0.2464260015720493,0.0
QR1_raw_input_ridge,0,571,2024-06-30,2024-05-31,100.0,-3.974327104300053,-3.399409131901739,0.3305306749865885,0.574917972398314,0.0002131907408056137,0.014601052729362143,0.4665246643465082,0.0
QR1_raw_input_ridge,0,571,2024-07-31,2024-06-30,1.0,-3.172237966118978,-3.5420098464769483,0.136731243503469,0.36977188035797015,0.0001678223626323973,0.01295462707423094,0.3554357237656638,1.0
QR1_raw_input_ridge,0,571,2024-08-31,2024-07-31,1.0,-2.8728553989963164,-3.446283835503075,0.3288201717945856,0.5734284365067586,0.000608778226196882,0.024673431585348682,1.0014250192658767,0.0
QR1_raw_input_ridge,0,571,2024-09-30,2024-08-31,100.0,-3.2605071347369625,-3.215479939758957,0.002027448287587319,0.04502719497800545,3.1227535379789705e-06,0.0017671314433224741,0.0039358679020770615,1.0
QR1_raw_input_ridge,0,571,2024-10-31,2024-09-30,100.0,-3.4205515268412334,-3.215835307490293,0.04190873046534235,0.20471621935094042,5.5166384400920146e-05,0.007427407650110511,0.07345945794533254,0.0
QR1_raw_input_ridge,0,571,2024-11-30,2024-10-31,100.0,-3.3432396881530604,-3.2271502318436474,0.013476761866215117,0.11608945630941303,1.890554292193845e-05,0.004348050473711,0.024983180548237893,1.0
QR1_raw_input_ridge,0,571,2024-12-31,2024-11-30,100.0,-3.197746191257484,-3.316288946730328,0.014052384875094482,0.11854275547284399,2.085686518134126e-05,0.004566931703161463,0.030463991552154457,1.0
QR1_raw_input_ridge,0,571,2025-01-31,2024-12-31,100.0,-3.243894689291075,-3.180082778234868,0.004071959992645243,0.06381191105620676,6.607739305891884e-06,0.002570552334789526,0.007808244904355943,0.0
QR1_raw_input_ridge,0,571,2025-02-28,2025-01-31,100.0,-3.3361230676767963,-3.2949874070398595,0.0016921425760372361,0.041135660636936855,2.2317395231020637e-06,0.0014939007741821622,0.003293353195563384,1.0
QR1_raw_input_ridge,0,571,2025-03-31,2025-02-28,100.0,-2.8189264390259248,-3.296458986852174,0.2280373342334291,0.4775325478262493,0.0005132927498135286,0.022655964994092143,0.6437746549302272,1.0
QR1_raw_input_ridge,0,571,2025-04-30,2025-03-31,100.0,-1.983632317040605,-2.997201202987417,1.027321886559462,1.0135688859468122,0.007681125132211251,0.08764202834377609,4.565186493800009,0.0
QR1_raw_input_ridge,0,571,2025-05-31,2025-04-30,100.0,-3.029808966262144,-2.7963467582366577,0.054504602576135514,0.23346220802548645,0.000161487007821452,0.012707753846429824,0.09385189032685698,1.0
QR1_raw_input_ridge,0,571,2025-06-30,2025-05-31,100.0,-3.530189938328582,-2.928142941310065,0.3624605866190144,0.6020469970185172,0.0005854919751159325,0.024196941441346105,0.5040576393266577,0.0
QR1_raw_input_ridge,0,571,2025-07-31,2025-06-30,100.0,-3.9507722447624736,-3.143744222773326,0.6512942282757163,0.8070280219891477,0.0005703118237022222,0.023881202308556875,0.8131345471040882,0.0
QR1_raw_input_ridge,0,571,2025-08-31,2025-07-31,100.0,-3.3885720022366694,-3.3506494136183926,0.0014381227275110568,0.0379225886182768,1.7023204771656153e-06,0.001304730039956778,0.0028048871507486,1.0
QR1_raw_input_ridge,0,571,2025-09-30,2025-08-31,100.0,-3.844352655797379,-3.3387504339491914,0.2556336067378238,0.5056022218481875,0.00019827500630114527,0.014081015812119,0.37498500609125607,0.0
QR1_raw_input_ridge,0,571,2025-10-31,2025-09-30,100.0,-3.200601249147139,-3.4671274820860463,0.07103623284460456,0.2665262329389071,9.084300548077294e-05,0.009531159713317836,0.17107369864263522,1.0
QR1_raw_input_ridge,0,571,2025-11-30,2025-10-31,100.0,-3.1877347547552812,-3.277840596636479,0.00811906274111945,0.09010584188119797,1.264258897759357e-05,0.0035556418517046356,0.01725913766080256,0.0
QR1_raw_input_ridge,0,571,2025-12-31,2025-11-30,100.0,-3.669080341092571,-3.253785831064973,0.17246953005906288,0.4152945100275982,0.00017233866971035894,0.013127782360717249,0.2663815402296632,1.0
QR1_raw_input_ridge,0,571,2026-01-31,2025-12-31,100.0,-3.5432987087435324,-3.4093377664201077,0.01794553406817992,0.1339609423234247,1.718359804750896e-05,0.0041453103680555645,0.03288941912495952,1.0
QR1_raw_input_ridge,0,571,2026-02-28,2026-01-31,100.0,-3.319307735691405,-3.4140654449266084,0.008979023459503358,0.09475770923520344,1.0697621473724609e-05,0.003270721858202652,0.019148341121768636,1.0
QR1_raw_input_ridge,0,571,2026-03-31,2026-02-28,100.0,-2.9305511753093016,-3.2702328012058137,0.11538360697169799,0.3396816258965121,0.00023623797475151752,0.01537003496259906,0.2932580173983823,1.0
QR1_raw_input_ridge,0,571,2026-04-30,2026-03-31,100.0,-3.237312027686596,-3.094399668870883,0.020423942302271122,0.14291235881571307,3.639579125046188e-05,0.006032892444794775,0.0372190282105927,1.0
QR1_raw_input_ridge,0,571,2026-05-31,2026-04-30,100.0,-3.5119546359486353,-3.3794205005342692,0.01756529705003353,0.1325341354143661,1.788154007702505e-05,0.0042286570063112296,0.0322218448064715,1.0
QR1_raw_input_ridge,0,571,2026-06-30,2026-05-31,100.0,-3.0168147582707263,-3.321316757152482,0.09272146732298472,0.30450199888175566,0.0001651649406946579,0.012851651282798561,0.2295952397986335,1.0
QR1_raw_input_ridge,0,571,2026-07-31,2026-06-30,100.0,-3.371829178429884,-3.181777010999541,0.03611982634497114,0.19005216743034303,5.162469227101562e-05,0.007185032517046504,0.06389439721023038,1.0
QR1_raw_input_ridge,0,571,2026-08-31,2026-07-31,100.0,-3.507788998946598,-3.370359223039003,0.018886943306011802,0.1374297759075951,1.9485129292464146e-05,0.004414196335966961,0.0345383630579916,0.0
QR1_matched_ridge,0,120,2020-01-31,2019-12-31,1e-08,-3.394259264647835,-3.4609375226701147,0.004445990092885688,0.06667825802227956,4.687650813526606e-06,0.002165098338073032,0.009300785338360096,1.0
QR1_matched_ridge,0,120,2020-02-29,2020-01-31,1e-08,-2.6562454515374347,-3.372991761146958,0.5137252723388709,0.7167463096095235,0.0012905649477394348,0.03592443385412545,1.7598266942093788,1.0
QR1_matched_ridge,0,120,2020-03-31,2020-02-29,1e-08,-1.2968909272855167,-2.8416853496820744,2.3863898074675145,1.5447944223965577,0.04624785798585689,0.21505315153667684,17.878454998271078,0.0
QR1_matched_ridge,0,120,2020-04-30,2020-03-31,1e-08,-2.134850068143052,-2.985955248375908,0.7243800278192026,0.8511051802328562,0.0045929181342925784,0.06777107151500984,2.7838498100396114,1.0
QR1_matched_ridge,0,120,2020-05-31,2020-04-30,1e-08,-2.753043170704817,2.185288502892388,24.387119718453366,4.9383316735972045,77.95972215097069,8.829480287704973,8.876714706555052,0.0
QR1_matched_ridge,0,120,2020-06-30,2020-05-31,100.0,-2.4519566880578116,-3.0496718283357067,0.35726338891742376,0.5977151402778951,0.0015015960697685427,0.03875043315588282,1.1095492524759076,0.0
QR1_matched_ridge,0,120,2020-07-31,2020-06-30,100.0,-3.21882688058945,-2.9903602848599222,0.05219698536423958,0.228466595729528,0.00010541877102066195,0.010267364365827383,0.09015583478958389,1.0
QR1_matched_ridge,0,120,2020-08-31,2020-07-31,100.0,-3.605943742197781,-3.313301946964318,0.08563922031746396,0.2926417952334628,8.526674036556719e-05,0.00923399915343115,0.14223148476772002,1.0
QR1_matched_ridge,0,120,2020-09-30,2020-08-31,100.0,-2.651836989084487,-3.482137529230757,0.6893989869671873,0.8303005401462697,0.0015824418018188053,0.039779917066514923,2.6018719825336616,1.0
QR1_matched_ridge,0,120,2020-10-31,2020-09-30,100.0,-2.7990735485463434,-3.1675345419649386,0.13576350367101803,0.3684609934185952,0.0003519054283012966,0.01875914252574719,0.3525721289956658,1.0
QR1_matched_ridge,0,120,2020-11-30,2020-10-31,100.0,-3.0039337534233583,-3.1766355777360293,0.029825920120924682,0.172701824312671,6.187081868878452e-05,0.007865800575197958,0.06715633387718739,1.0
QR1_matched_ridge,0,120,2020-12-31,2020-11-30,100.0,-3.651571910629322,-3.3982793270826566,0.06415713287974441,0.2532925835466653,5.5956963648832386e-05,0.007480438733712909,0.10913484317182026,1.0
QR1_matched_ridge,0,120,2021-01-31,2020-12-31,100.0,-3.0833870228491476,-3.4275095375374027,0.1184203051153684,0.34412251468825517,0.0001778530345787016,0.013336155164765502,0.3019746601229163,1.0
QR1_matched_ridge,0,120,2021-02-28,2021-01-31,100.0,-3.2488776237223895,-3.298957625056288,0.0025080065336032928,0.05008000133389867,3.5952633904180947e-06,0.0018961179790345575,0.005187759850528453,1.0
QR1_matched_ridge,0,120,2021-03-31,2021-02-28,100.0,-3.005349457539076,-3.431509926795952,0.18161274555724105,0.42616046925687634,0.0002952682010512602,0.01718336989799324,0.4927623963303287,0.0
QR1_matched_ridge,0,120,2021-04-30,2021-03-31,100.0,-3.428567723170164,-3.3760093959040294,0.0027623777650140993,0.05255832726613452,3.0633226820280625e-06,0.0017502350362245817,0.005336156308157855,1.0
QR1_matched_ridge,0,120,2021-05-31,2021-04-30,100.0,-3.25079126490233,-3.4704364877885334,0.04824402393673005,0.21964522288620358,5.8370942753813335e-05,0.0076400878760530845,0.11231543354396845,0.0
QR1_matched_ridge,0,120,2021-06-30,2021-05-31,100.0,-3.704361054701714,-3.3706745654866643,0.11134667308466535,0.3336864892150495,9.507237739859726e-05,0.00975050652010434,0.18042759294764282,1.0
QR1_matched_ridge,0,120,2021-07-31,2021-06-30,100.0,-3.396235869388752,-3.505597702699952,0.011960010585186665,0.10936183331119986,1.2043040108305637e-05,0.003470308359253632,0.02576366915726694,1.0
QR1_matched_ridge,0,120,2021-08-31,2021-07-31,100.0,-3.708289465775626,-3.4379681350935556,0.07307362182172515,0.2703213306820702,5.791931340270667e-05,0.0076104739276017935,0.12301652426701876,1.0
QR1_matched_ridge,0,120,2021-09-30,2021-08-31,100.0,-3.2831700937799164,-3.488600984293261,0.04220185077710579,0.20543089051334462,4.8519407046223565e-05,0.006965587343951949,0.09725511075639226,1.0
QR1_matched_ridge,0,120,2021-10-31,2021-09-30,100.0,-3.386818668681176,-3.3794002666338967,5.5032688935079094e-05,0.007418402047279393,6.340028030680511e-08,0.00025179412285993713,0.00010952305147519936,1.0
QR1_matched_ridge,0,120,2021-11-30,2021-10-31,100.0,-3.306447862510668,-3.451083440878831,0.02091945052989295,0.14463557836816276,2.435278782925231e-05,0.004934854387846951,0.046182639994383434,0.0
QR1_matched_ridge,0,120,2021-12-31,2021-11-30,100.0,-2.996205908102638,-3.3605252176337226,0.13272855929720606,0.3643193095310844,0.00023284634988528368,0.015259303715611787,0.34361893548956735,0.0
QR1_matched_ridge,0,120,2022-01-31,2021-12-31,100.0,-2.9415796259494096,-3.346873832356529,0.16426339374717674,0.40529420640711944,0.0003093406035293574,0.017588081291868007,0.4386426609493468,0.0
QR1_matched_ridge,0,120,2022-02-28,2022-01-31,100.0,-2.79991710955502,-3.1568252643372063,0.12738343095002513,0.3569081547821864,0.00033322522897752627,0.01825445778371755,0.32795211998341633,0.0
QR1_matched_ridge,0,120,2022-03-31,2022-02-28,100.0,-2.676617851726222,-3.044872291731924,0.13561133258391347,0.3682544400057024,0.00044914522742896284,0.021193046676421086,0.35212222980887264,0.0
QR1_matched_ridge,0,120,2022-04-30,2022-03-31,100.0,-2.647933077507468,-3.2144480232300348,0.32093918372704267,0.5665149457225667,0.0009375776580616982,0.030619889909366073,0.972020335626445,0.0
QR1_matched_ridge,0,120,2022-05-31,2022-04-30,100.0,-2.4244300010941817,-3.0208286202766614,0.35569131296276846,0.5963986191824797,0.0015814754048689716,0.03976776841701042,1.1034915906326184,0.0
QR1_matched_ridge,0,120,2022-06-30,2022-05-31,100.0,-2.4599323402147326,-2.882907710545199,0.17890816390619518,0.4229753703304664,0.0008684193327981278,0.029468955407311738,0.484241429547537,1.0
QR1_matched_ridge,0,120,2022-07-31,2022-06-30,1.0,-2.8821336588859534,-2.9109661753440523,0.0008313140053065452,0.028832516458098922,2.53445095890756e-06,0.0015919959041742412,0.0016950525972505293,1.0
QR1_matched_ridge,0,120,2022-08-31,2022-07-31,1.0,-2.844638284908549,-2.8663240425666743,0.0004702720852069403,0.021685757658125304,1.5564199710473597e-06,0.0012475656179325237,0.0009542905044850267,1.0
QR1_matched_ridge,0,120,2022-09-30,2022-08-31,1.0,-2.646329916608998,-2.729976413843358,0.006996736499577761,0.0836464972343598,3.237789063023845e-05,0.005690157346703029,0.014807569032013163,1.0
QR1_matched_ridge,0,120,2022-10-31,2022-09-30,1.0,-2.5235204874353756,-2.64493286785568,0.014740966119324727,0.12141238042030444,8.402888555066083e-05,0.009166727090442958,0.03202044090074069,1.0
QR1_matched_ridge,0,120,2022-11-30,2022-10-31,1.0,-2.5436055847483017,-2.7735588256015276,0.052878492978901716,0.22995324085322588,0.00026060143360157387,0.016143154388209693,0.12401937031877841,1.0
QR1_matched_ridge,0,120,2022-12-31,2022-11-30,1.0,-2.953340209712298,-2.698754622640782,0.06481382114454841,0.2545855870715159,0.00022873807096928622,0.015124089095521959,0.11016466553091753,1.0
QR1_matched_ridge,0,120,2023-01-31,2022-12-31,1.0,-3.0446334829778476,-2.6479866860221417,0.157328681535221,0.3966467969557059,0.0005373049535894712,0.023179839377991195,0.24564606763892194,0.0
QR1_matched_ridge,0,120,2023-02-28,2023-01-31,1.0,-3.1747292629057444,-2.794351986318518,0.14468687254391518,0.3803772765872262,0.000374386494800595,0.01934906961072276,0.22806823409685284,0.0
QR1_matched_ridge,0,120,2023-03-31,2023-02-28,1.0,-2.9240573364232487,-2.943988368898858,0.0003972460555437988,0.019931032475609456,1.123606132761134e-06,0.0010600028928079083,0.0008051548570773004,1.0
QR1_matched_ridge,0,120,2023-04-30,2023-03-31,1.0,-3.442485805524746,-2.88993950116902,0.3053074184571705,0.5525463043557259,0.0005567003013145807,0.02359449726768046,0.43627281936065987,0.0
QR1_matched_ridge,0,120,2023-05-31,2023-04-30,1.0,-3.29928079041607,-3.174202077515676,0.01564468442081921,0.12507871290039407,2.4184384843456593e-05,0.004917762178415767,0.02883561518522143,1.0
QR1_matched_ridge,0,120,2023-06-30,2023-05-31,1.0,-3.4043718007388586,-3.057285223186333,0.12046909231712552,0.3470865775525258,0.00019009434693191988,0.01378747065026504,0.1936604308984663,0.0
QR1_matched_ridge,0,120,2023-07-31,2023-06-30,1.0,-3.7661453260783695,-3.259644945646895,0.25654263537722816,0.5065003804314743,0.00023289621188344662,0.015260937451003678,0.3761284445529033,0.0
QR1_matched_ridge,0,120,2023-08-31,2023-07-31,1.0,-3.308105488673255,-3.288916224708764,0.00036822785149891494,0.019189263964491055,5.024349402489005e-07,0.0007088264528422317,0.0007271240461485737,1.0
QR1_matched_ridge,0,120,2023-09-30,2023-08-31,1.0,-3.437757865373422,-2.992626047972127,0.19814233486297986,0.44513181740129504,0.0003246805200203571,0.018018893418308382,0.300811138676339,0.0
QR1_matched_ridge,0,120,2023-10-31,2023-09-30,1.0,-3.193098626287721,-2.9894678642417105,0.04146548725143886,0.20363076204601027,8.592755016274817e-05,0.009269711439022693,0.07273165516239766,1.0
QR1_matched_ridge,0,120,2023-11-30,2023-10-31,1.0,-3.3142693090819773,-2.9262252029385305,0.15057822831266657,0.38804410614344675,0.0002971615656809667,0.017238374798134733,0.23629092245592243,0.0
QR1_matched_ridge,0,120,2023-12-31,2023-11-30,100.0,-3.568281666444767,-3.384528485093381,0.03376523165675542,0.18375318135138619,3.2368629527323546e-05,0.005689343505829433,0.059965283587103346,1.0
QR1_matched_ridge,0,120,2024-01-31,2023-12-31,100.0,-3.4647197491071067,-3.41833097597245,0.002151918272938639,0.04638877313465661,2.2061381455844973e-06,0.0014853074246042458,0.004173767506150991,1.0
QR1_matched_ridge,0,120,2024-02-29,2024-01-31,100.0,-3.3449345770399286,-3.3562733403237512,0.00012856755280656488,0.011338763283822662,1.580659805929575e-07,0.00039757512572211745,0.000259089904922849,1.0
QR1_matched_ridge,0,120,2024-03-31,2024-02-29,100.0,-3.579023213504305,-3.4217932524773316,0.024721260644543643,0.15722996102697362,2.2570914808280342e-05,0.004750885686719934,0.044643045652372426,1.0
QR1_matched_ridge,0,120,2024-04-30,2024-03-31,100.0,-3.2298318565473947,-3.4302618485239713,0.04017218168373057,0.20042999197657663,5.163413030754918e-05,0.007185689271569512,0.09224821080336454,1.0
QR1_matched_ridge,0,120,2024-05-31,2024-04-30,100.0,-3.551159106071428,-3.1876322554288277,0.13215177113812732,0.36352685064260015,0.00015820877254759945,0.0125781068745499,0.21038463291720677,0.0
QR1_matched_ridge,0,120,2024-06-30,2024-05-31,100.0,-3.974327104300053,-3.3467990103828593,0.3937915086553465,0.6275280939171939,0.0002691206268990444,0.016404896430610112,0.5401160187142875,0.0
QR1_matched_ridge,0,120,2024-07-31,2024-06-30,100.0,-3.172237966118978,-3.5178257656525354,0.11943092718644614,0.3455877995335572,0.00014996057510448143,0.01224583909352403,0.30488512252746514,1.0
QR1_matched_ridge,0,120,2024-08-31,2024-07-31,100.0,-2.8728553989963164,-3.370518938132996,0.24766899818604532,0.4976635391366795,0.0004913077750401404,0.022165463564747308,0.7102820642652969,0.0
QR1_matched_ridge,0,120,2024-09-30,2024-08-31,100.0,-3.2605071347369625,-3.268637587635022,6.610426432756364e-05,0.00813045289805947,9.652956392558613e-08,0.00031069207251809006,0.0001329280614808699,1.0
QR1_matched_ridge,0,120,2024-10-31,2024-09-30,100.0,-3.4205515268412334,-3.307750324479406,0.012724111254273945,0.11280120236182745,1.5241353754675078e-05,0.003904017642720775,0.02363773839920169,1.0
QR1_matched_ridge,0,120,2024-11-30,2024-10-31,100.0,-3.3432396881530604,-3.2455385879069976,0.009545504989291216,0.09770110024606282,1.3142388376377842e-05,0.0036252432161687914,0.017905980587835463,1.0
QR1_matched_ridge,0,120,2024-12-31,2024-11-30,100.0,-3.197746191257484,-3.2970982118949923,0.009870824004755866,0.09935202063750825,1.4929165451939466e-05,0.0038638278237959137,0.02111685455953405,1.0
QR1_matched_ridge,0,120,2025-01-31,2024-12-31,100.0,-3.243894689291075,-3.210010755175624,0.0011481209911402307,0.0338839341154511,1.8077305082207825e-06,0.0013445186901716102,0.0022452385179798917,1.0
QR1_matched_ridge,0,120,2025-02-28,2025-01-31,100.0,-3.3361230676767963,-3.339936831888955,1.4544797465941022e-05,0.0038137642121585102,1.8337166539484513e-08,0.00013541479438925613,2.916369675212433e-05,1.0
QR1_matched_ridge,0,120,2025-03-31,2025-02-28,100.0,-2.8189264390259248,-3.3192760489089457,0.2503497321100912,0.5003496098830209,0.0005518248997121521,0.02349095357179338,0.7194839497272858,1.0
QR1_matched_ridge,0,120,2025-04-30,2025-03-31,100.0,-1.983632317040605,-2.9646288606475206,0.9623542185687152,0.9809965436069157,0.007394112742692282,0.0859890268737371,4.151497665987295,0.0
QR1_matched_ridge,0,120,2025-05-31,2025-04-30,100.0,-3.029808966262144,-2.8331899261643505,0.03865904692897778,0.19661904009779363,0.00011025079855291207,0.010500038026260289,0.06810613593500031,1.0
QR1_matched_ridge,0,120,2025-06-30,2025-05-31,100.0,-3.530189938328582,-3.2172448872417325,0.0979346049997508,0.31294505108684945,0.00011590547408008092,0.010765940464264184,0.16067530530773444,1.0
QR1_matched_ridge,0,120,2025-07-31,2025-06-30,100.0,-3.9507722447624736,-3.1691857581145317,0.6108774361106734,0.7815864866479418,0.0005197476525768002,0.022797974747262095,0.7726433450360407,0.0
QR1_matched_ridge,0,120,2025-08-31,2025-07-31,100.0,-3.3885720022366694,-3.359095942938934,0.0008688380717236162,0.029476059297735446,1.0197538011471711e-06,0.0010098285998857287,0.0017040269573926278,1.0
QR1_matched_ridge,0,120,2025-09-30,2025-08-31,100.0,-3.844352655797379,-3.375181977674598,0.22012112521018987,0.4691706781227807,0.00016413815890819577,0.012811641538389831,0.3296176416486555,0.0
QR1_matched_ridge,0,120,2025-10-31,2025-09-30,100.0,-3.200601249147139,-3.5359077096048654,0.11243042242468876,0.3353064604577263,0.00013468535070334373,0.011605401789828034,0.2848225597992392,1.0
QR1_matched_ridge,0,120,2025-11-30,2025-10-31,100.0,-3.1877347547552812,-3.305708690673852,0.013917849556119037,0.11797393591857075,2.1086724606840527e-05,0.004592028376092697,0.030160436709377292,0.0
QR1_matched_ridge,0,120,2025-12-31,2025-11-30,100.0,-3.669080341092571,-3.244268439436018,0.18046515178905687,0.424811901656553,0.00018217365918381592,0.013497172266212502,0.277199557591678,1.0
QR1_matched_ridge,0,120,2026-01-31,2025-12-31,100.0,-3.5432987087435324,-3.408872118826332,0.018070508076767154,0.13442658991720036,1.7311505214038475e-05,0.00416070970076482,0.03310863535833611,1.0
QR1_matched_ridge,0,120,2026-02-28,2026-01-31,100.0,-3.319307735691405,-3.385182195815597,0.004339444496653771,0.06587446012419207,5.319468000946819e-06,0.002306397190630187,0.00907292579080099,1.0
QR1_matched_ridge,0,120,2026-03-31,2026-02-28,100.0,-2.9305511753093016,-3.186468781851479,0.06549382133827679,0.25591760654217754,0.00014520491795917188,0.012050100329838415,0.15651495212432998,1.0
QR1_matched_ridge,0,120,2026-04-30,2026-03-31,100.0,-3.237312027686596,-3.0795249053597287,0.024896775972193756,0.1577871223268672,4.504810699330282e-05,0.0067117886582715655,0.04494416186682493,1.0
QR1_matched_ridge,0,120,2026-05-31,2026-04-30,100.0,-3.5119546359486353,-3.4134872043483693,0.009695835085953074,0.09846743160026605,9.533555950999895e-06,0.003087645697129108,0.018178987984909745,1.0
QR1_matched_ridge,0,120,2026-06-30,2026-05-31,100.0,-3.0168147582707263,-3.398410731006877,0.14561548640844904,0.38159597273615065,0.0002411982514397147,0.015530558632570649,0.38192044065483,1.0
QR1_matched_ridge,0,120,2026-07-31,2026-06-30,100.0,-3.371829178429884,-3.159723272346026,0.04498891539565455,0.21210590608385838,6.578334131814554e-05,0.008110693023296194,0.07849709381467174,1.0
QR1_matched_ridge,0,120,2026-08-31,2026-07-31,100.0,-3.507788998946598,-3.3331166678995734,0.030510423233401363,0.17467233104702462,3.2702772879910895e-05,0.005718633829850526,0.05449471198329969,0.0
QR1_raw_input_ridge,0,120,2020-01-31,2019-12-31,1e-08,-3.394259264647835,-3.2646304405599276,0.01680363203441368,0.12962882408790755,2.1582023784186325e-05,0.004645645680009004,0.030881838041182053,1.0
QR1_raw_input_ridge,0,120,2020-02-29,2020-01-31,1e-08,-2.6562454515374347,-3.3265019746897337,0.4492438068282083,0.670256523152299,0.0011759968089017675,0.03429280987177585,1.4804903079228842,1.0
QR1_raw_input_ridge,0,120,2020-03-31,2020-02-29,1e-08,-1.2968909272855167,-2.433128238834774,1.2910352281566844,1.1362373115492574,0.03445425356575384,0.18561857009942145,6.430908721431927,1.0
QR1_raw_input_ridge,0,120,2020-04-30,2020-03-31,1e-08,-2.134850068143052,-2.7257814470362964,0.34919989456067146,0.5909313788932447,0.0027843899013207667,0.05276731849659187,1.0785792056193118,1.0
QR1_raw_input_ridge,0,120,2020-05-31,2020-04-30,1e-08,-2.753043170704817,-2.775359313234113,0.0004980102173878502,0.022316142529295924,1.9783429698264273e-06,0.0014065358046727525,0.0010110054871911162,1.0
QR1_raw_input_ridge,0,120,2020-06-30,2020-05-31,1e-08,-2.4519566880578116,-2.9765779204644263,0.27522743749183515,0.5246212324066146,0.001236081674955447,0.03515795322477472,0.8062447017146859,0.0
QR1_raw_input_ridge,0,120,2020-07-31,2020-06-30,1e-08,-3.21882688058945,-2.627070912496319,0.3501751257738387,0.591755968093131,0.0010425109432210561,0.03228793804536078,0.48971342419091324,1.0
QR1_raw_input_ridge,0,120,2020-08-31,2020-07-31,1e-08,-3.605943742197781,-2.7327055746095756,0.7625448973328065,0.8732381675882053,0.001434990884119517,0.037881273528215985,0.9208636798341002,0.0
QR1_raw_input_ridge,0,120,2020-09-30,2020-08-31,1e-08,-2.651836989084487,-3.513991294215952,0.743310045856719,0.8621543051314648,0.0016600508672121699,0.04074372181345452,2.8843333211301063,1.0
QR1_raw_input_ridge,0,120,2020-10-31,2020-09-30,1e-08,-2.7990735485463434,-2.8514118025062603,0.0027392928275727538,0.05233825395991687,9.63303167631719e-06,0.0031037125634177515,0.005674854460135131,1.0
QR1_raw_input_ridge,0,120,2020-11-30,2020-10-31,1.0,-3.0039337534233583,-2.186129409105342,0.6688039455854209,0.8178043443180165,0.003938713288745311,0.06275916896155741,0.8304424307500192,0.0
QR1_raw_input_ridge,0,120,2020-12-31,2020-11-30,1.0,-3.651571910629322,-2.8831431820594613,0.5904827108914924,0.7684287285698606,0.0009004976438271427,0.03000829291757768,0.7519133200444946,0.0
QR1_raw_input_ridge,0,120,2021-01-31,2020-12-31,1.0,-3.0833870228491476,-3.365765204495861,0.07973743747010419,0.28237818164671324,0.00012697403715703694,0.011268275695821298,0.19426280558037157,1.0
QR1_raw_input_ridge,0,120,2021-02-28,2021-01-31,1.0,-3.2488776237223895,-2.9674854606177172,0.0791815494567265,0.2813921631046723,0.00015913129542592926,0.012614725340883537,0.13240516977839834,0.0
QR1_raw_input_ridge,0,120,2021-03-31,2021-02-28,1.0,-3.005349457539076,-2.79940536603947,0.042412968823598005,0.2059440914996058,0.00012825081067134573,0.011324787444863843,0.0742865223061197,1.0
QR1_raw_input_ridge,0,120,2021-04-30,2021-03-31,100.0,-3.428567723170164,-3.0168610547727566,0.1695023808028927,0.4117066683974073,0.0002729527691891778,0.016521282310679695,0.26234421251772244,1.0
QR1_raw_input_ridge,0,120,2021-05-31,2021-04-30,100.0,-3.25079126490233,-3.2190684355424066,0.001006337902598806,0.03172282935992321,1.5593940898662721e-06,0.001248757017944753,0.001970777291214511,1.0
QR1_raw_input_ridge,0,120,2021-06-30,2021-05-31,100.0,-3.704361054701714,-3.0552251500868604,0.42137742266014416,0.6491359046148535,0.0005060777409977236,0.022496171696484796,0.5712749964052308,0.0
QR1_raw_input_ridge,0,120,2021-07-31,2021-06-30,100.0,-3.396235869388752,-3.265343591430267,0.017132788429161272,0.1308922779584849,2.1946275110610453e-05,0.004684685166647856,0.031461384081583194,1.0
QR1_raw_input_ridge,0,120,2021-08-31,2021-07-31,100.0,-3.708289465775626,-3.1984571900705525,0.25992894935061384,0.5098322757050733,0.0002658762472723417,0.016305712105650023,0.3803804729377921,0.0
QR1_raw_input_ridge,0,120,2021-09-30,2021-08-31,100.0,-3.2831700937799164,-3.298295121577312,0.00022876646587199486,0.015125027797395774,3.1703456664600484e-07,0.0005630582266924131,0.00046218149883189147,1.0
QR1_raw_input_ridge,0,120,2021-10-31,2021-09-30,100.0,-3.386818668681176,-3.086476275004925,0.0902055534391803,0.30034239367625126,0.00014033926539416927,0.01184648747073027,0.1491207328279987,0.0
QR1_raw_input_ridge,0,120,2021-11-30,2021-10-31,100.0,-3.306447862510668,-3.2708486271630317,0.0012673055573364069,0.035599235347636426,1.763776828745019e-06,0.0013280725991996895,0.0024755132777298794,1.0
QR1_raw_input_ridge,0,120,2021-12-31,2021-11-30,100.0,-2.996205908102638,-3.15105367510548,0.0239778309457664,0.15484776700284186,5.139922744600008e-05,0.00716932545264895,0.05331452673147263,1.0
QR1_raw_input_ridge,0,120,2022-01-31,2021-12-31,100.0,-2.9415796259494096,-3.179718660477189,0.05671019976582302,0.23813903452777962,0.0001251026619450057,0.011184930126961264,0.13379259549045708,0.0
QR1_raw_input_ridge,0,120,2022-02-28,2022-01-31,100.0,-2.79991710955502,-2.8753869721760736,0.005695700164040719,0.07546986262105371,1.9543394447016054e-05,0.00442079115623166,0.011986835610285046,1.0
QR1_raw_input_ridge,0,120,2022-03-31,2022-02-28,100.0,-2.676617851726222,-2.9891871974697075,0.09769959589851071,0.3125693457434857,0.00034103416651183024,0.018467110399622087,0.24336639372410873,0.0
QR1_raw_input_ridge,0,120,2022-04-30,2022-03-31,100.0,-2.647933077507468,-3.0355810508271572,0.15027095121886241,0.38764797331968914,0.0005175924164969952,0.02275065749592735,0.39593865505396186,0.0
QR1_raw_input_ridge,0,120,2022-05-31,2022-04-30,100.0,-2.4244300010941817,-2.749990342787961,0.10598953608377036,0.32556034169377934,0.000605164293911897,0.02460008727447724,0.26656806375488273,0.0
QR1_raw_input_ridge,0,120,2022-06-30,2022-05-31,100.0,-2.4599323402147326,-2.8691768453153106,0.167481064955017,0.40924450510057797,0.0008234095612768211,0.028695113892034323,0.44858271581145304,1.0
QR1_raw_input_ridge,0,120,2022-07-31,2022-06-30,100.0,-2.8821336588859534,-2.7320898978826236,0.022513130216024364,0.15004376100332983,8.22288462987687e-05,0.009068012257312442,0.040840907628422074,1.0
QR1_raw_input_ridge,0,120,2022-08-31,2022-07-31,100.0,-2.844638284908549,-3.205155855659391,0.1299729188200883,0.3605175707508419,0.00030985567355477553,0.017602717788874976,0.3355257992818732,0.0
QR1_raw_input_ridge,0,120,2022-09-30,2022-08-31,100.0,-2.646329916608998,-3.0085627746592265,0.13121264345123684,0.3622328580502283,0.0004643340753155986,0.02154841236183303,0.3391625259282862,0.0
QR1_raw_input_ridge,0,120,2022-10-31,2022-09-30,100.0,-2.5235204874353756,-2.864265457280629,0.11610713447484264,0.3407449698452534,0.0005360079120465826,0.023151844679130486,0.2953309433315249,0.0
QR1_raw_input_ridge,0,120,2022-11-30,2022-10-31,100.0,-2.5436055847483017,-3.030116413921665,0.23669278690295348,0.4865108291733633,0.0009164265864741263,0.03027253848744975,0.6729058228094376,1.0
QR1_raw_input_ridge,0,120,2022-12-31,2022-11-30,100.0,-2.953340209712298,-2.935489428454851,0.0003186503915012168,0.01785078125744688,8.827541582207826e-07,0.0009395499764359438,0.0006297837833210834,1.0
QR1_raw_input_ridge,0,120,2023-01-31,2022-12-31,100.0,-3.0446334829778476,-2.7671728824511854,0.07698438484461603,0.2774606005266622,0.0002318203632365637,0.015225648204150906,0.1290387003215912,0.0
QR1_raw_input_ridge,0,120,2023-02-28,2023-01-31,100.0,-3.1747292629057444,-3.2242065261887243,0.0024479995819733065,0.049477263282979855,4.072653202532155e-06,0.0020180815648858583,0.005061568448368262,1.0
QR1_raw_input_ridge,0,120,2023-03-31,2023-02-28,100.0,-2.9240573364232487,-2.977759306233521,0.0028839015615033984,0.05370196981027231,7.887845590699809e-06,0.0028085308598446643,0.005979963908645761,1.0
QR1_raw_input_ridge,0,120,2023-04-30,2023-03-31,100.0,-3.442485805524746,-3.1494642772063832,0.0858616160580291,0.2930215283183628,0.00011859236434634889,0.01089001213710751,0.14256812843347438,1.0
QR1_raw_input_ridge,0,120,2023-05-31,2023-04-30,100.0,-3.29928079041607,-3.055706046852535,0.0593286557020418,0.24357474356353492,0.00010362747281893325,0.010179757994124086,0.10152467202548793,1.0
QR1_raw_input_ridge,0,120,2023-06-30,2023-05-31,100.0,-3.4043718007388586,-3.1372331435408514,0.07136306216955442,0.2671386571980072,0.00010353131453958209,0.01017503388395253,0.12037001228240413,0.0
QR1_raw_input_ridge,0,120,2023-07-31,2023-06-30,100.0,-3.7661453260783695,-3.185137221343111,0.337570417768057,0.5810081047352584,0.00033238669007244634,0.01823147525770875,0.4748709732947748,0.0
QR1_raw_input_ridge,0,120,2023-08-31,2023-07-31,100.0,-3.308105488673255,-3.242424122616838,0.004314041847037026,0.06568136605641683,6.168529053291266e-06,0.002483652361602015,0.008262369149962631,1.0
QR1_raw_input_ridge,0,120,2023-09-30,2023-08-31,100.0,-3.437757865373422,-3.1396845877286124,0.08884767884591989,0.29807327764480984,0.00012454097208279297,0.011159792654112932,0.14707708658052998,0.0
QR1_raw_input_ridge,0,120,2023-10-31,2023-09-30,100.0,-3.193098626287721,-2.9870315253282165,0.04246365009785454,0.2060671009595043,8.821799187009677e-05,0.00939244333866842,0.07436959874629334,1.0
QR1_raw_input_ridge,0,120,2023-11-30,2023-10-31,100.0,-3.3142693090819773,-3.0254507364012095,0.0834161679253559,0.2888185726807677,0.00014823871383184414,0.012175332185687754,0.1388600345904617,0.0
QR1_raw_input_ridge,0,120,2023-12-31,2023-11-30,100.0,-3.568281666444767,-3.2587889968145323,0.09578571255484973,0.3094926696302349,0.0001046659585992156,0.010230638230297052,0.15747588496639708,0.0
QR1_raw_input_ridge,0,120,2024-01-31,2023-12-31,100.0,-3.4647197491071067,-3.191283179740582,0.07476755746693435,0.27343656936652483,9.677252967320032e-05,0.009837302967439822,0.1256298145652044,1.0
QR1_raw_input_ridge,0,120,2024-02-29,2024-01-31,100.0,-3.3449345770399286,-3.294201055205094,0.0025738902377656385,0.050733521834834594,3.367776042868653e-06,0.0018351501417782287,0.004977998926733687,1.0
QR1_raw_input_ridge,0,120,2024-03-31,2024-02-29,100.0,-3.579023213504305,-3.2408428288669695,0.1143659725534563,0.3381803846373357,0.0001260670943067671,0.0112279603805307,0.1848248166560011,0.0
QR1_raw_input_ridge,0,120,2024-04-30,2024-03-31,100.0,-3.2298318565473947,-3.323800478926105,0.008830101991752631,0.09396862237871018,1.259154171836353e-05,0.0035484562443918524,0.01882053783851448,1.0
QR1_raw_input_ridge,0,120,2024-05-31,2024-04-30,100.0,-3.551159106071428,-3.0721803860235113,0.22942061425874039,0.47897872004791653,0.0003107705364623688,0.017628685046320636,0.3416332069958372,0.0
QR1_raw_input_ridge,0,120,2024-06-30,2024-05-31,100.0,-3.974327104300053,-3.28611769026699,0.4736321975637319,0.688209414033063,0.0003462137220342329,0.018606819234738455,0.6288999423280913,0.0
QR1_raw_input_ridge,0,120,2024-07-31,2024-06-30,100.0,-3.172237966118978,-3.32004530547853,0.021847009568549715,0.14780733935955181,3.316039726695145e-05,0.005758506513580709,0.04833752494558907,1.0
QR1_raw_input_ridge,0,120,2024-08-31,2024-07-31,100.0,-2.8728553989963164,-3.3028016457551646,0.18485377510202036,0.4299462467588482,0.00039035015231287805,0.019757280994936476,0.5030141587505954,0.0
QR1_raw_input_ridge,0,120,2024-09-30,2024-08-31,100.0,-3.2605071347369625,-3.1409671349140966,0.014289811557650777,0.1195399998228659,2.3736607816634014e-05,0.004872022969633252,0.026431891626424064,1.0
QR1_raw_input_ridge,0,120,2024-10-31,2024-09-30,100.0,-3.4205515268412334,-3.1969886417493907,0.04998036359058848,0.22356288509184274,6.708822923952015e-05,0.008190740457340848,0.0865892479616529,0.0
QR1_raw_input_ridge,0,120,2024-11-30,2024-10-31,100.0,-3.3432396881530604,-3.157079881762541,0.0346554735153556,0.1861598063905192,5.2236344666584525e-05,0.007227471526514963,0.06145356408450714,1.0
QR1_raw_input_ridge,0,120,2024-12-31,2024-11-30,100.0,-3.197746191257484,-3.2426943675375863,0.0020203385509071493,0.04494817628010228,3.2244041572218398e-06,0.0017956625955957983,0.0041645286588499475,1.0
QR1_raw_input_ridge,0,120,2025-01-31,2024-12-31,100.0,-3.243894689291075,-3.1337923198679896,0.012122531752577565,0.11010236942308538,2.0617582436091885e-05,0.004540658810799583,0.022559246854765735,0.0
QR1_raw_input_ridge,0,120,2025-02-28,2025-01-31,100.0,-3.3361230676767963,-3.2236079172307344,0.01265965907989996,0.11251515044606197,1.7948376081168474e-05,0.004236552381497068,0.023522324264269895,0.0
QR1_raw_input_ridge,0,120,2025-03-31,2025-02-28,100.0,-2.8189264390259248,-3.2387717078523988,0.1762700497559742,0.419845268826474,0.0004185272405029912,0.02045793832484083,0.47595972167112843,1.0
QR1_raw_input_ridge,0,120,2025-04-30,2025-03-31,100.0,-1.983632317040605,-3.0063111852606887,1.0458720675039115,1.0226788682200838,0.0077606926207586194,0.08809479338053197,4.6865662977604625,0.0
QR1_raw_input_ridge,0,120,2025-05-31,2025-04-30,100.0,-3.029808966262144,-2.8966603890475353,0.017728543614274648,0.13314857721460882,4.736762878466678e-05,0.006882414458942936,0.03250856498399937,1.0
QR1_raw_input_ridge,0,120,2025-06-30,2025-05-31,100.0,-3.530189938328582,-2.9509060252639503,0.33556985193547173,0.5792839130646317,0.000528676028355284,0.022992956059525796,0.4725032953817021,0.0
QR1_raw_input_ridge,0,120,2025-07-31,2025-06-30,100.0,-3.9507722447624736,-3.21945243213485,0.5348286683417023,0.7313198126276235,0.00043002748997451477,0.020737104184878726,0.6942636916048651,0.0
QR1_raw_input_ridge,0,120,2025-08-31,2025-07-31,100.0,-3.3885720022366694,-3.2869019202258514,0.010336805576086471,0.10167008201081806,1.3050853914136189e-05,0.0036125965612196706,0.019340784178929232,1.0
QR1_raw_input_ridge,0,120,2025-09-30,2025-08-31,100.0,-3.844352655797379,-3.2525336283734454,0.3502497612210105,0.5918190274239334,0.00029845472850290256,0.017275842338447714,0.48980092756577487,0.0
QR1_raw_input_ridge,0,120,2025-10-31,2025-09-30,100.0,-3.200601249147139,-3.3124682721767353,0.012514230841504199,0.11186702302959617,1.8589463943302485e-05,0.004311550062715552,0.027004290342464654,1.0
QR1_raw_input_ridge,0,120,2025-11-30,2025-10-31,100.0,-3.1877347547552812,-3.2519482887428035,0.0041233779471666785,0.06421353398752228,6.5869377292482945e-06,0.002566503015632028,0.008611423772442311,0.0
QR1_raw_input_ridge,0,120,2025-12-31,2025-11-30,100.0,-3.669080341092571,-3.2298249313856764,0.19294531495677203,0.4392554097068948,0.00019781056207248188,0.01406451428498268,0.29391187790681794,1.0
QR1_raw_input_ridge,0,120,2026-01-31,2025-12-31,100.0,-3.5432987087435324,-3.242836672670676,0.09027743512104638,0.30046203607285626,0.0001027218558447906,0.010135179122481783,0.14922880093911112,1.0
QR1_raw_input_ridge,0,120,2026-02-28,2026-01-31,100.0,-3.319307735691405,-3.286515557891774,0.0010753269248425944,0.03279217779963073,1.4544769139203242e-06,0.001206016962534244,0.002104398317295683,1.0
QR1_raw_input_ridge,0,120,2026-03-31,2026-02-28,100.0,-2.9305511753093016,-3.1983832193259634,0.07173400380214302,0.2678320440166617,0.00015723791411788066,0.012539454299046696,0.17291842675281,1.0
QR1_raw_input_ridge,0,120,2026-04-30,2026-03-31,100.0,-3.237312027686596,-3.1254360214626584,0.012516240768618491,0.11187600622393745,2.160829359263565e-05,0.004648472178322212,0.023265391600892166,1.0
QR1_raw_input_ridge,0,120,2026-05-31,2026-04-30,100.0,-3.5119546359486353,-3.299072711042089,0.04531871395191643,0.21288192490654634,5.011012707931895e-05,0.0070788506891527915,0.07903444369260632,1.0
QR1_raw_input_ridge,0,120,2026-06-30,2026-05-31,100.0,-3.0168147582707263,-3.325743595545469,0.09543702649992448,0.30892883727474274,0.0001692895083943674,0.013011130173600116,0.23709220122684505,1.0
QR1_raw_input_ridge,0,120,2026-07-31,2026-06-30,100.0,-3.371829178429884,-3.253852328022817,0.013918537231971482,0.11797685040706707,1.847567647026569e-05,0.004298334150605987,0.025770941795658336,1.0
QR1_raw_input_ridge,0,120,2026-08-31,2026-07-31,100.0,-3.507788998946598,-3.279436255003942,0.05214497566614023,0.22835274394265603,5.908052748166859e-05,0.007686385853030577,0.09007233469190223,0.0
QR1_matched_ridge,1,571,2020-01-31,2019-12-31,100.0,-3.394259264647835,-3.6194175204958956,0.05069624017654066,0.22515825584806048,4.579400314050833e-05,0.006767126653204322,0.11849214150869902,1.0
QR1_matched_ridge,1,571,2020-02-29,2020-01-31,100.0,-2.6562454515374347,-3.478386752708342,0.6759163190909921,0.8221413011709071,0.0015487521329745093,0.039354188252008315,2.533011793141373,0.0
QR1_matched_ridge,1,571,2020-03-31,2020-02-29,100.0,-1.2968909272855167,-3.030479323866624,3.005328728760654,1.7335883965811072,0.05066458429715783,0.2250879479162708,27.57896493303854,0.0
QR1_matched_ridge,1,571,2020-04-30,2020-03-31,100.0,-2.134850068143052,-2.496641954812749,0.13089336926001918,0.3617918866696974,0.0012888971124907203,0.03590121324538657,0.33822526903267014,1.0
QR1_matched_ridge,1,571,2020-05-31,2020-04-30,100.0,-2.753043170704817,-2.4036806891764906,0.12205414349963012,0.3493624815283263,0.0007102784085522467,0.02665104892030043,0.19594383528166537,1.0
QR1_matched_ridge,1,571,2020-06-30,2020-05-31,100.0,-2.4519566880578116,-2.7241939006007696,0.07411309989315967,0.27223721254295796,0.00042131015615969004,0.020525841180319263,0.17922778453981536,1.0
QR1_matched_ridge,1,571,2020-07-31,2020-06-30,100.0,-3.21882688058945,-2.5452915444600754,0.45364984901490985,0.6735353361293748,0.00147826555294571,0.0384482191127978,0.6070714459439442,1.0
QR1_matched_ridge,1,571,2020-08-31,2020-07-31,100.0,-3.605943742197781,-2.9585885005804053,0.4190688088494907,0.6473552416173756,0.0006115883420622939,0.024730312211177073,0.5686876570700481,0.0
QR1_matched_ridge,1,571,2020-09-30,2020-08-31,100.0,-2.651836989084487,-3.2802722156378623,0.39493083397319206,0.6284352265533752,0.0010826423842684551,0.032903531486277504,1.2575353085013377,1.0
QR1_matched_ridge,1,571,2020-10-31,2020-09-30,100.0,-2.7990735485463434,-2.8955585817233804,0.00930936162717394,0.09648503317703705,3.1340756938268075e-05,0.005598281605838355,0.019876421704334735,1.0
QR1_matched_ridge,1,571,2020-11-30,2020-10-31,100.0,-3.0039337534233583,-2.976764627517084,0.0007381614025109971,0.027169125906274516,1.8654935112991344e-06,0.001365830703747406,0.0014499418808306755,1.0
QR1_matched_ridge,1,571,2020-12-31,2020-11-30,100.0,-3.651571910629322,-3.206329106625711,0.1982411545169977,0.4452428040036107,0.00021184002565134957,0.014554725200131728,0.30094199144940337,1.0
QR1_matched_ridge,1,571,2021-01-31,2020-12-31,100.0,-3.0833870228491476,-3.2791618554983133,0.038327785098808846,0.19577483264916573,6.632550114281251e-05,0.008144046975724815,0.08772172884035845,1.0
QR1_matched_ridge,1,571,2021-02-28,2021-01-31,100.0,-3.2488776237223895,-3.1142638092505037,0.01812087904667129,0.1346138144718858,3.128655658616316e-05,0.005593438708537277,0.033196963265312074,1.0
QR1_matched_ridge,1,571,2021-03-31,2021-02-28,1e-08,-3.005349457539076,-3.30626967863196,0.09055297946259024,0.3009202210928841,0.0001656060253274257,0.012868800461870007,0.2236349503719115,0.0
QR1_matched_ridge,1,571,2021-04-30,2021-03-31,1e-08,-3.428567723170164,-3.212988885544548,0.04647423523201163,0.2155788376256158,6.0883859236001075e-05,0.007802810982972808,0.0809141274367638,1.0
QR1_matched_ridge,1,571,2021-05-31,2021-04-30,100.0,-3.25079126490233,-3.322485213631431,0.005140022284371004,0.07169394872910129,7.184777359703055e-06,0.0026804435005616245,0.010789519874203735,1.0
QR1_matched_ridge,1,571,2021-06-30,2021-05-31,1e-08,-3.704361054701714,-3.269361320701159,0.18922476858055354,0.4349997340005549,0.000179956004871882,0.013414768163180532,0.2889512401305674,1.0
QR1_matched_ridge,1,571,2021-07-31,2021-06-30,1e-08,-3.396235869388752,-3.4890232796271734,0.00860950349875311,0.09278741023842141,8.81169827620732e-06,0.002968450484041686,0.01833545306931103,1.0
QR1_matched_ridge,1,571,2021-08-31,2021-07-31,1e-08,-3.708289465775626,-3.3927307067201973,0.099577330416602,0.3155587590554285,8.276132598318146e-05,0.009097325210367137,0.16311447057335204,0.0
QR1_matched_ridge,1,571,2021-09-30,2021-08-31,1e-08,-3.2831700937799164,-3.4774777424613377,0.03775546233610263,0.19430764868142125,4.387667706771094e-05,0.006623947242219774,0.0863217326486505,1.0
QR1_matched_ridge,1,571,2021-10-31,2021-09-30,1e-08,-3.386818668681176,-3.272560486761869,0.013054932135505485,0.11425818191930714,1.675388078353613e-05,0.0040931504716460315,0.024229640012927628,0.0
QR1_matched_ridge,1,571,2021-11-30,2021-10-31,1e-08,-3.306447862510668,-3.38475996553733,0.006132785480458493,0.0783121030266618,7.6194755235060775e-06,0.0027603397478401237,0.01293181318192857,1.0
QR1_matched_ridge,1,571,2021-12-31,2021-11-30,1e-08,-2.996205908102638,-3.2128787383026416,0.0469471153468795,0.21667283020000339,9.478423761539498e-05,0.009735719676294864,0.10906361797499087,1.0
QR1_matched_ridge,1,571,2022-01-31,2021-12-31,1e-08,-2.9415796259494096,-3.120890006590917,0.03215221260580223,0.17931038064150728,7.507184209237863e-05,0.008664400850167231,0.07273311253887921,0.0
QR1_matched_ridge,1,571,2022-02-28,2022-01-31,1e-08,-2.79991710955502,-2.8375889257249782,0.0014191657335431312,0.037671816169958294,5.055297450074269e-06,0.0022483988636525926,0.0029109780449294714,1.0
QR1_matched_ridge,1,571,2022-03-31,2022-02-28,1e-08,-2.676617851726222,-2.763918270824452,0.00762136317472665,0.08730041909823028,3.3076050733904396e-05,0.005751178203977372,0.016169973315705827,1.0
QR1_matched_ridge,1,571,2022-04-30,2022-03-31,100.0,-2.647933077507468,-2.9971654131703027,0.1219632242725188,0.3492323356628346,0.00043551517439431624,0.020869000320914183,0.3121986360991249,0.0
QR1_matched_ridge,1,571,2022-05-31,2022-04-30,100.0,-2.4244300010941817,-2.6958944056575262,0.0736929229449312,0.27146440456334453,0.0004429579974552608,0.021046567355634524,0.17811127669537696,0.0
QR1_matched_ridge,1,571,2022-06-30,2022-05-31,100.0,-2.4599323402147326,-2.646496497845861,0.034806184912612496,0.18656415763112832,0.0002114569039426618,0.014541557823791157,0.07914236110805817,1.0
QR1_matched_ridge,1,571,2022-07-31,2022-06-30,100.0,-2.8821336588859534,-2.7072741461466543,0.03057584919542511,0.17485951273929912,0.00011456075204583958,0.010703305659740807,0.054605142415056485,1.0
QR1_matched_ridge,1,571,2022-08-31,2022-07-31,100.0,-2.844638284908549,-3.031604199920593,0.03495625337629093,0.18696591501204418,9.834899668836867e-05,0.009917106265860454,0.07950623621755348,0.0
QR1_matched_ridge,1,571,2022-09-30,2022-08-31,100.0,-2.646329916608998,-2.955416925203078,0.09553477888163689,0.30908700859408,0.00035547456450637377,0.018854033109824905,0.23736275115115935,0.0
QR1_matched_ridge,1,571,2022-10-31,2022-09-30,1e-08,-2.5235204874353756,-2.5424966052624245,0.0003600930477860426,0.01897611782704889,2.2713522956873823e-06,0.0015071006256011515,0.0007293840913721594,1.0
QR1_matched_ridge,1,571,2022-11-30,2022-10-31,1e-08,-2.5436055847483017,-2.8560112335281995,0.09759728938958889,0.31240564877989785,0.00044457318364617604,0.021084904164974903,0.24308215056208693,1.0
QR1_matched_ridge,1,571,2022-12-31,2022-11-30,1e-08,-2.953340209712298,-2.9570147053948688,1.3501918521230877e-05,0.003674495682570722,3.660677296830368e-08,0.0001913289653144648,2.7070109077598214e-05,1.0
QR1_matched_ridge,1,571,2023-01-31,2022-12-31,1e-08,-3.0446334829778476,-2.647638609964268,0.1576049291990681,0.3969948730135795,0.000538448134513902,0.023204485224066103,0.24602742320887416,0.0
QR1_matched_ridge,1,571,2023-02-28,2023-01-31,1e-08,-3.1747292629057444,-2.9187622759221905,0.06551909842543886,0.2559669869835539,0.00014871955722894063,0.012195062821852974,0.11126933224237157,0.0
QR1_matched_ridge,1,571,2023-03-31,2023-02-28,1e-08,-2.9240573364232487,-3.1034117426582997,0.03216800303592768,0.17935440623505094,7.778420675437085e-05,0.008819535518062777,0.07277109930833836,1.0
QR1_matched_ridge,1,571,2023-04-30,2023-03-31,1e-08,-3.442485805524746,-2.9230287281264395,0.2698356552591902,0.5194570773983065,0.00047460828064293056,0.021785506205799547,0.39275284227395746,0.0
QR1_matched_ridge,1,571,2023-05-31,2023-04-30,1e-08,-3.29928079041607,-3.2529344924791577,0.0021479793324570367,0.04634629793691225,3.0656099239931055e-06,0.0017508883242494666,0.004166243868773567,1.0
QR1_matched_ridge,1,571,2023-06-30,2023-05-31,1e-08,-3.4043718007388586,-3.2819265868953402,0.014992830393184942,0.12244521384351836,1.8732842201120573e-05,0.004328145353511198,0.02768073337430979,0.0
QR1_matched_ridge,1,571,2023-07-31,2023-06-30,1.0,-3.7661453260783695,-3.397637149488478,0.1357982762136066,0.36850817658989143,0.00010631932536668078,0.010311126289920067,0.21555593390083982,0.0
QR1_matched_ridge,1,571,2023-08-31,2023-07-31,0.01,-3.308105488673255,-3.4463572597584804,0.019113552208201552,0.13825177108522535,2.23155265957677e-05,0.004723931264928365,0.04200808093194647,1.0
QR1_matched_ridge,1,571,2023-09-30,2023-08-31,1.0,-3.437757865373422,-3.2779065912753245,0.025552429830785175,0.15985127409809774,3.102992779095574e-05,0.005570451309450226,0.04606761173793339,0.0
QR1_matched_ridge,1,571,2023-10-31,2023-09-30,1.0,-3.193098626287721,-3.2051705361263387,0.00014573100715172072,0.012071909838617945,2.4256282922466005e-07,0.0004925066793706051,0.00029382191006983513,1.0
QR1_matched_ridge,1,571,2023-11-30,2023-10-31,1.0,-3.3142693090819773,-3.102720007595152,0.044753106959563596,0.21154930148682505,7.338025320974064e-05,0.008566227478285914,0.07811264656866845,0.0
QR1_matched_ridge,1,571,2023-12-31,2023-11-30,1.0,-3.568281666444767,-3.4121385882344892,0.024380660872980978,0.15614307821027795,2.2717977338042605e-05,0.0047663379378766885,0.04405825340131486,1.0
QR1_matched_ridge,1,571,2024-01-31,2023-12-31,1.0,-3.4647197491071067,-3.3772741431287026,0.007646734004930306,0.08744560597840412,8.171701941889971e-06,0.002858618887135879,0.014439560580247868,1.0
QR1_matched_ridge,1,571,2024-02-29,2024-01-31,1.0,-3.3449345770399286,-3.3537119499423476,7.704227506811896e-05,0.008777372902418978,9.49613028540783e-08,0.0003081579186944225,0.00015499015944797287,1.0
QR1_matched_ridge,1,571,2024-03-31,2024-02-29,1.0,-3.579023213504305,-3.36868360319221,0.04424275166624413,0.21033961031209536,4.266699001824168e-05,0.0065319973988238605,0.07727991221506708,1.0
QR1_matched_ridge,1,571,2024-04-30,2024-03-31,1.0,-3.2298318565473947,-3.460673105281069,0.053287682116922135,0.2308412487336744,6.651278513039657e-05,0.008155537084116322,0.12505893134946755,1.0
QR1_matched_ridge,1,571,2024-05-31,2024-04-30,1.0,-3.551159106071428,-3.086259960119026,0.21613121590727247,0.46489914595240167,0.0002883573539259679,0.01698108812549914,0.3244315949807528,0.0
QR1_matched_ridge,1,571,2024-06-30,2024-05-31,1.0,-3.974327104300053,-3.3642756024197036,0.37216283494647023,0.6100515018803496,0.0002494858022587839,0.015795119570892267,0.5153027624333574,0.0
QR1_matched_ridge,1,571,2024-07-31,2024-06-30,1.0,-3.172237966118978,-3.6253312613003796,0.20529353413834064,0.4530932951814015,0.00023315547419162878,0.015269429399674003,0.5686802442165755,1.0
QR1_matched_ridge,1,571,2024-08-31,2024-07-31,100.0,-2.8728553989963164,-3.3679155514503476,0.24508455454780864,0.49506015245403123,0.00048734376730340246,0.022075863908427286,0.7014379556332342,0.0
QR1_matched_ridge,1,571,2024-09-30,2024-08-31,100.0,-3.2605071347369625,-3.215335296817216,0.002040494941047832,0.04517183791974633,3.1433065346269135e-06,0.0017729372618981512,0.003960819010816435,1.0
QR1_matched_ridge,1,571,2024-10-31,2024-09-30,100.0,-3.4205515268412334,-3.274695134541666,0.021274087174645264,0.14585639229956726,2.6357975679865827e-05,0.005134001916620778,0.038695834801325435,1.0
QR1_matched_ridge,1,571,2024-11-30,2024-10-31,100.0,-3.3432396881530604,-3.1965344860683973,0.021522416318701835,0.1467052020846631,3.1151715917334496e-05,0.0055813722252985865,0.03912643708784669,1.0
QR1_matched_ridge,1,571,2024-12-31,2024-11-30,100.0,-3.197746191257484,-3.174778543089297,0.0005275128623776275,0.022967648168187083,9.009481894362084e-07,0.0009491829062073381,0.0010390552401742525,1.0
QR1_matched_ridge,1,571,2025-01-31,2024-12-31,100.0,-3.243894689291075,-3.160128802921621,0.007016723719260267,0.08376588636945392,1.1618665293926483e-05,0.003408616331288472,0.013281517815020655,0.0
QR1_matched_ridge,1,571,2025-02-28,2025-01-31,100.0,-3.3361230676767963,-3.315926866153574,0.0004078865559666122,0.020196201523222435,5.267512481557076e-07,0.0007257763072432907,0.000804899457429474,1.0
QR1_matched_ridge,1,571,2025-03-31,2025-02-28,100.0,-2.8189264390259248,-3.311956623094987,0.24307876240317344,0.4930301840690623,0.000539408636075991,0.023225172466011766,0.6945924886571555,1.0
QR1_matched_ridge,1,571,2025-04-30,2025-03-31,100.0,-1.983632317040605,-2.878799107212284,0.8013235822262665,0.8951667901716789,0.006620494406167831,0.08136642063018276,3.201117182927767,0.0
QR1_matched_ridge,1,571,2025-05-31,2025-04-30,100.0,-3.029808966262144,-2.819526598506843,0.04421867418877573,0.21028236775530118,0.00012790022140438055,0.011309298006701413,0.07724060240938241,1.0
QR1_matched_ridge,1,571,2025-06-30,2025-05-31,100.0,-3.530189938328582,-2.993073895281075,0.2884936436990114,0.537116043047507,0.0004340449505505444,0.020833745475803057,0.41579202934404524,0.0
QR1_matched_ridge,1,571,2025-07-31,2025-06-30,100.0,-3.9507722447624736,-3.045244086932714,0.8199812446225576,0.9055281578297594,0.0008034309520680156,0.02834485759477397,0.9745376733055031,0.0
QR1_matched_ridge,1,571,2025-08-31,2025-07-31,1e-08,-3.3885720022366694,-3.296423515749874,0.008491343561807158,0.09214848648679563,1.0617616578303995e-05,0.0032584684405873865,0.01598575103256744,1.0
QR1_matched_ridge,1,571,2025-09-30,2025-08-31,1e-08,-3.844352655797379,-3.385294995987021,0.21073393503056234,0.45905765981035795,0.00015543605390377482,0.01246739964482469,0.3173861499414137,0.0
QR1_matched_ridge,1,571,2025-10-31,2025-09-30,1e-08,-3.200601249147139,-3.569847972920371,0.13634314301726547,0.369246723773232,0.00015819523305473398,0.012577568646393228,0.35428680753478203,1.0
QR1_matched_ridge,1,571,2025-11-30,2025-10-31,1e-08,-3.1877347547552812,-3.1699260295552847,0.00031715069324899194,0.017808725199996545,5.497688723287408e-07,0.0007414640060911526,0.000626837235294532,1.0
QR1_matched_ridge,1,571,2025-12-31,2025-11-30,1e-08,-3.669080341092571,-3.2171711233853006,0.20422194104879726,0.45190921770727055,0.0002122364087492879,0.01456833582634914,0.30883859538301084,1.0
QR1_matched_ridge,1,571,2026-01-31,2025-12-31,1e-08,-3.5432987087435324,-3.4431669155339995,0.010026376011356662,0.10013179320953292,9.275201543390696e-06,0.003045521555233306,0.018778561628971874,1.0
QR1_matched_ridge,1,571,2026-02-28,2026-01-31,1e-08,-3.319307735691405,-3.4295013335889606,0.012142629017608186,0.11019359789755567,1.4248908589272861e-05,0.003774772653984987,0.026172103881071107,1.0
QR1_matched_ridge,1,571,2026-03-31,2026-02-28,1e-08,-2.9305511753093016,-3.1252896732236626,0.037923082569941556,0.19473849791436093,8.917793599678129e-05,0.009443407012131866,0.08673153290437302,1.0
QR1_matched_ridge,1,571,2026-04-30,2026-03-31,1e-08,-3.237312027686596,-3.0163301033352963,0.0488330108900035,0.2209819243512996,9.431002066117847e-05,0.009711334648810042,0.08473672081137107,1.0
QR1_matched_ridge,1,571,2026-05-31,2026-04-30,1e-08,-3.5119546359486353,-3.2637800038538725,0.061590648015370904,0.24817463209476287,7.064452437044513e-05,0.008405029706696172,0.1050982539063145,1.0
QR1_matched_ridge,1,571,2026-06-30,2026-05-31,1e-08,-3.0168147582707263,-3.2607263675972256,0.059492873164242795,0.24391160932649925,0.00011228339226320946,0.010596385811360846,0.14094367026267995,1.0
QR1_matched_ridge,1,571,2026-07-31,2026-06-30,1e-08,-3.371829178429884,-3.0502501314302095,0.10341308346921896,0.32157904699967466,0.00016952794802392614,0.013020289859443458,0.1687879057269599,1.0
QR1_matched_ridge,1,571,2026-08-31,2026-07-31,1e-08,-3.507788998946598,-3.208977168580568,0.08928850996669702,0.2988118303660299,0.0001088855253115146,0.010434822725447452,0.14774101026224884,0.0
QR1_matched_ridge,1,120,2020-01-31,2019-12-31,100.0,-3.394259264647835,-3.547272753095587,0.02341312764695036,0.1530134884477521,2.2679713585702264e-05,0.004762322289146574,0.05199196429331082,1.0
QR1_matched_ridge,1,120,2020-02-29,2020-01-31,100.0,-2.6562454515374347,-3.4717362053895804,0.6650251696183408,0.8154907538521456,0.0015325884056162932,0.039148287390590834,2.4779051624226067,0.0
QR1_matched_ridge,1,120,2020-03-31,2020-02-29,1e-08,-1.2968909272855167,-2.65793365870327,1.8524373167450987,1.3610427314177533,0.04132581768856527,0.20328752467518824,11.489927813739822,0.0
QR1_matched_ridge,1,120,2020-04-30,2020-03-31,1e-08,-2.134850068143052,-2.81994802812078,0.46935921476564496,0.6850979599777283,0.0034402072212624825,0.05865327971445827,1.5659258647813998,1.0
QR1_matched_ridge,1,120,2020-05-31,2020-04-30,1e-08,-2.753043170704817,-0.22964492760882393,6.367538693259943,2.523398243095993,0.5344811188431711,0.7310821560147471,4.053226384949479,0.0
QR1_matched_ridge,1,120,2020-06-30,2020-05-31,100.0,-2.4519566880578116,-3.0977250225766886,0.41701674186728416,0.6457683345188769,0.0016787946759331857,0.04097309697756792,1.3468365686773032,0.0
QR1_matched_ridge,1,120,2020-07-31,2020-06-30,100.0,-3.21882688058945,-2.9600732599872956,0.06695343617472375,0.25875362060215457,0.00013955082572316327,0.011813163239503773,0.11351163416513571,1.0
QR1_matched_ridge,1,120,2020-08-31,2020-07-31,100.0,-3.605943742197781,-3.275153789799033,0.10942199260796602,0.3307899523987481,0.00011340662886508336,0.010649254850227004,0.17761530810275805,1.0
QR1_matched_ridge,1,120,2020-09-30,2020-08-31,100.0,-2.651836989084487,-3.4751685172889344,0.6778748053354706,0.8233315282044473,0.0015653836882049718,0.03956493002906705,2.5429703309495526,1.0
QR1_matched_ridge,1,120,2020-10-31,2020-09-30,100.0,-2.7990735485463434,-3.168231607084606,0.13627767218373946,0.3691580585382628,0.0003530071241404531,0.018788483816967592,0.35409305720154816,1.0
QR1_matched_ridge,1,120,2020-11-30,2020-10-31,100.0,-3.0039337534233583,-3.168054177388653,0.026935513562548002,0.16412042396529447,5.634294840117912e-05,0.007506194002367586,0.06028250706614091,1.0
QR1_matched_ridge,1,120,2020-12-31,2020-11-30,100.0,-3.651571910629322,-3.402527255662756,0.062023240167415866,0.24904465496656591,5.385693631782487e-05,0.007338728521877946,0.10577996959981956,1.0
QR1_matched_ridge,1,120,2021-01-31,2020-12-31,100.0,-3.0833870228491476,-3.374649085476487,0.08483358912593221,0.29126206262733945,0.00013395115357777248,0.011573726866388911,0.20802818460583572,1.0
QR1_matched_ridge,1,120,2021-02-28,2021-01-31,100.0,-3.2488776237223895,-3.2573817146102533,7.23195618290472e-05,0.008504090887863747,1.0805027462119003e-07,0.00032871001600375677,0.00014546263846747579,1.0
QR1_matched_ridge,1,120,2021-03-31,2021-02-28,100.0,-3.005349457539076,-3.435259001431711,0.18482221592997367,0.42990954389263525,0.0002994415940567626,0.01730438077646128,0.5029141199555467,0.0
QR1_matched_ridge,1,120,2021-04-30,2021-03-31,100.0,-3.428567723170164,-3.305154950116392,0.015230712552821768,0.12341277305377174,1.8149002901291002e-05,0.004260164656593804,0.02810252456083459,1.0
QR1_matched_ridge,1,120,2021-05-31,2021-04-30,100.0,-3.25079126490233,-3.43078598535532,0.03239809939095015,0.17999472045299036,4.073048796643779e-05,0.0063820441839929146,0.07332483907421444,0.0
QR1_matched_ridge,1,120,2021-06-30,2021-05-31,100.0,-3.704361054701714,-3.3340764432886725,0.13711069344930704,0.37028461141304136,0.00012169515964046296,0.01103155291155615,0.21741163149704013,1.0
QR1_matched_ridge,1,120,2021-07-31,2021-06-30,100.0,-3.396235869388752,-3.4943270179413464,0.009621873424367138,0.09809114855259438,9.796577975571563e-06,0.0031299485579752845,0.02056639777753627,1.0
QR1_matched_ridge,1,120,2021-08-31,2021-07-31,100.0,-3.708289465775626,-3.3841322402747913,0.10507790684439886,0.3241572255008345,8.812748464581211e-05,0.00938762401493648,0.17124090350133653,0.0
QR1_matched_ridge,1,120,2021-09-30,2021-08-31,100.0,-3.2831700937799164,-3.433482539358269,0.022593831295745163,0.15031244557835244,2.740326120109726e-05,0.005234812432274652,0.05007769485833785,1.0
QR1_matched_ridge,1,120,2021-10-31,2021-09-30,100.0,-3.386818668681176,-3.326023469874351,0.003696056197961368,0.060795198806824935,4.492851123656783e-06,0.002119634667497393,0.007101399262920652,1.0
QR1_matched_ridge,1,120,2021-11-30,2021-10-31,100.0,-3.306447862510668,-3.4141365163531066,0.011596846166396528,0.10768865384243842,1.3997383083383222e-05,0.0037413076702382045,0.024952486968241955,0.0
QR1_matched_ridge,1,120,2021-12-31,2021-11-30,100.0,-2.996205908102638,-3.25164196400155,0.06524757865319195,0.2554360558989117,0.0001269166648111145,0.011265729661726953,0.1558720367228733,1.0
QR1_matched_ridge,1,120,2022-01-31,2021-12-31,100.0,-2.9415796259494096,-3.3092977390535228,0.13521661070484936,0.3677181131041132,0.0002637525390468108,0.016240459939509434,0.3509557066542026,0.0
QR1_matched_ridge,1,120,2022-02-28,2022-01-31,100.0,-2.79991710955502,-3.0106425917763735,0.044405228857422,0.21072548222135357,0.0001335200794765234,0.011555088899550855,0.10272050614260486,0.0
QR1_matched_ridge,1,120,2022-03-31,2022-02-28,100.0,-2.676617851726222,-2.9612952380183764,0.08104121426613259,0.28467738629215456,0.0002904841204859151,0.017043594705516647,0.19777171247149627,0.0
QR1_matched_ridge,1,120,2022-04-30,2022-03-31,100.0,-2.647933077507468,-3.201350498209163,0.3062708415361167,0.5534174207016949,0.0009054203053072388,0.030090202812663773,0.9179345108999439,0.0
QR1_matched_ridge,1,120,2022-05-31,2022-04-30,100.0,-2.4244300010941817,-2.9355277788688987,0.261220938446254,0.511097777774717,0.0012549930031866478,0.03542588041512374,0.7570946005059613,0.0
QR1_matched_ridge,1,120,2022-06-30,2022-05-31,100.0,-2.4599323402147326,-2.9028211865317814,0.1961505301920465,0.44288884631704883,0.0009346792006521972,0.0305725236225634,0.539091768872771,1.0
QR1_matched_ridge,1,120,2022-07-31,2022-06-30,1.0,-2.8821336588859534,-2.9662025965214305,0.007067586275157733,0.08406893763547707,2.0399838256867876e-05,0.004516618010953315,0.014961844326658286,1.0
QR1_matched_ridge,1,120,2022-08-31,2022-07-31,1.0,-2.844638284908549,-3.0658239004104137,0.04892307650493876,0.22118561550186477,0.00013316880755885626,0.011539879009714801,0.11402218368798067,0.0
QR1_matched_ridge,1,120,2022-09-30,2022-08-31,1.0,-2.646329916608998,-2.8466617256339717,0.04013283370721845,0.2003318090249735,0.00016572034793303542,0.012873241547218611,0.09215140995224202,0.0
QR1_matched_ridge,1,120,2022-10-31,2022-09-30,1.0,-2.5235204874353756,-2.5536643998920296,0.0009086554581944228,0.030143912456654043,5.6681161951651185e-06,0.002380780585262976,0.001854388631186872,1.0
QR1_matched_ridge,1,120,2022-11-30,2022-10-31,1.0,-2.5436055847483017,-2.9268254839933374,0.14685749117737534,0.38321989924503574,0.0006257870020851901,0.025015735089842756,0.38565092354419095,1.0
QR1_matched_ridge,1,120,2022-12-31,2022-11-30,1.0,-2.953340209712298,-2.809819018910157,0.020598332209264558,0.14352119080214099,6.481404964044247e-05,0.008050717337010564,0.037522303224274606,1.0
QR1_matched_ridge,1,120,2023-01-31,2022-12-31,1.0,-3.0446334829778476,-2.7174943447196767,0.10702001578029871,0.327139138258171,0.0003395270860794655,0.018426260773132065,0.1740953679556449,0.0
QR1_matched_ridge,1,120,2023-02-28,2023-01-31,1.0,-3.1747292629057444,-3.1786131051825297,1.5084230830944726e-05,0.0038838422767852876,2.626045118612542e-08,0.00016205076731112822,3.0246726618415008e-05,1.0
QR1_matched_ridge,1,120,2023-03-31,2023-02-28,1.0,-2.9240573364232487,-3.0159367910777757,0.008441834187613276,0.09187945465452696,2.2234923734580676e-05,0.004715392214289356,0.01796715389253925,1.0
QR1_matched_ridge,1,120,2023-04-30,2023-03-31,1.0,-3.442485805524746,-2.913813176906661,0.27949474824995557,0.528672628618085,0.0004965464427862007,0.022283322076974983,0.40472204055398353,0.0
QR1_matched_ridge,1,120,2023-05-31,2023-04-30,1.0,-3.29928079041607,-3.0777942061113395,0.04905630702697647,0.22148658430473045,8.374156083835899e-05,0.009151041516590283,0.0850976045576336,1.0
QR1_matched_ridge,1,120,2023-06-30,2023-05-31,1.0,-3.4043718007388586,-3.0194436717154107,0.14816966451349212,0.38492812902344786,0.0002433814747488566,0.015600688278049037,0.23293588554443478,0.0
QR1_matched_ridge,1,120,2023-07-31,2023-06-30,1.0,-3.7661453260783695,-3.2084435245144913,0.31103129946759533,0.5577018015638782,0.0002985425296890121,0.017278383306577386,0.44318656109950827,0.0
QR1_matched_ridge,1,120,2023-08-31,2023-07-31,1.0,-3.308105488673255,-3.1911111255372764,0.013687681005593243,0.11699436313597866,2.061822526825551e-05,0.004540729596469659,0.025359463815726957,1.0
QR1_matched_ridge,1,120,2023-09-30,2023-08-31,1.0,-3.437757865373422,-2.9650977574272153,0.22340757764372,0.47266010794620694,0.00037708861844761677,0.019418769745985887,0.33387534534363594,0.0
QR1_matched_ridge,1,120,2023-10-31,2023-09-30,1.0,-3.193098626287721,-2.9033227790568334,0.08397004163837855,0.28977584723088734,0.00019033517085780986,0.013796201319849238,0.13970112283774655,1.0
QR1_matched_ridge,1,120,2023-11-30,2023-10-31,1.0,-3.3142693090819773,-2.8582282553624587,0.20797344267760878,0.45604105371951853,0.00044140785480572403,0.021009708584502643,0.3137691046919343,0.0
QR1_matched_ridge,1,120,2023-12-31,2023-11-30,1.0,-3.568281666444767,-3.1847083470352398,0.14712849136284337,0.38357331940952744,0.00017387163055672397,0.01318603922930324,0.23148273728948177,0.0
QR1_matched_ridge,1,120,2024-01-31,2023-12-31,1.0,-3.4647197491071067,-3.3614544306066945,0.010663726004991575,0.1032653185004122,1.1580440987450486e-05,0.003403004699886629,0.01993197789849016,1.0
QR1_matched_ridge,1,120,2024-02-29,2024-01-31,100.0,-3.3449345770399286,-3.3442539252302446,4.632868860261295e-07,0.0006806518096840186,5.764642362340107e-10,2.400966964025142e-05,9.261534656933301e-07,1.0
QR1_matched_ridge,1,120,2024-03-31,2024-02-29,100.0,-3.579023213504305,-3.382115376064222,0.03877269644533015,0.196907837440083,3.687607634211802e-05,0.006072567524706335,0.06829404296938352,1.0
QR1_matched_ridge,1,120,2024-04-30,2024-03-31,100.0,-3.2298318565473947,-3.3999949488314485,0.02895547797567141,0.1701630922840538,3.8324916890460753e-05,0.0061907121472784335,0.06507975296731866,1.0
QR1_matched_ridge,1,120,2024-05-31,2024-04-30,100.0,-3.551159106071428,-3.099322526694351,0.2041562944631773,0.45183657937707666,0.0002685786164327919,0.01638836832734705,0.3087521629730977,0.0
QR1_matched_ridge,1,120,2024-06-30,2024-05-31,100.0,-3.974327104300053,-3.3367618303832964,0.4064894785045491,0.6375652739167568,0.0002808960022755677,0.01675995233512219,0.5545250393284336,0.0
QR1_matched_ridge,1,120,2024-07-31,2024-06-30,100.0,-3.172237966118978,-3.488974160617741,0.10032181690555822,0.316736194498763,0.00012944803330348174,0.011377523162071863,0.2506693173283553,1.0
QR1_matched_ridge,1,120,2024-08-31,2024-07-31,100.0,-2.8728553989963164,-3.3680967043085435,0.24526395048735852,0.4952413053122271,0.00048761941084118346,0.022082106123311324,0.7020509935362533,0.0
QR1_matched_ridge,1,120,2024-09-30,2024-08-31,100.0,-3.2605071347369625,-3.2465946481772963,0.0001935572822728943,0.01391248655966626,2.889469556765593e-07,0.0005375378644119494,0.0003835489183584284,1.0
QR1_matched_ridge,1,120,2024-10-31,2024-09-30,100.0,-3.4205515268412334,-3.2770378026601295,0.02059618902832999,0.14351372418110397,2.545693151669837e-05,0.00504548625175992,0.037518577164221384,1.0
QR1_matched_ridge,1,120,2024-11-30,2024-10-31,100.0,-3.3432396881530604,-3.209001217508977,0.018019967000862485,0.13423847064408356,2.575158639357837e-05,0.005074602092142631,0.033019993272684484,1.0
QR1_matched_ridge,1,120,2024-12-31,2024-11-30,100.0,-3.197746191257484,-3.251492490649672,0.0028886646983546844,0.05374629939218778,4.570175773307286e-06,0.0021377969438904354,0.005990020806701635,1.0
QR1_matched_ridge,1,120,2025-01-31,2024-12-31,100.0,-3.243894689291075,-3.1817116726440697,0.003866727559321727,0.06218301664700521,6.2643804411436324e-06,0.0025028744357525473,0.007422586914300894,0.0
QR1_matched_ridge,1,120,2025-02-28,2025-01-31,100.0,-3.3361230676767963,-3.3371299872606794,1.0138870484073224e-06,0.0010069195838831035,1.2818365001702515e-09,3.580274431060071e-05,2.0291359860351126e-06,1.0
QR1_matched_ridge,1,120,2025-03-31,2025-02-28,100.0,-2.8189264390259248,-3.3125953023971073,0.2437089466621953,0.49366886337118254,0.000540490035473168,0.023248441570848745,0.6967414729129098,1.0
QR1_matched_ridge,1,120,2025-04-30,2025-03-31,100.0,-1.983632317040605,-2.9404049533543786,0.9154138775988085,0.9567726363137736,0.0071782088526184265,0.08472431087131028,3.863527556615174,0.0
QR1_matched_ridge,1,120,2025-05-31,2025-04-30,100.0,-3.029808966262144,-2.9078066905943327,0.014884555268124648,0.12200227566781141,3.9318846714157086e-05,0.006270474201697754,0.02748861969142033,1.0
QR1_matched_ridge,1,120,2025-06-30,2025-05-31,100.0,-3.530189938328582,-3.155138170537678,0.140663828523082,0.37505176779090377,0.00017777314918492659,0.013333159759971625,0.22242118410866463,1.0
QR1_matched_ridge,1,120,2025-07-31,2025-06-30,100.0,-3.9507722447624736,-3.139046501510183,0.6588986822584832,0.8117257432522904,0.0005800510736622594,0.024084249493439885,0.8206683183038093,0.0
QR1_matched_ridge,1,120,2025-08-31,2025-07-31,100.0,-3.3885720022366694,-3.3062139365060457,0.006782850990889744,0.08235806573062376,8.397483348361035e-06,0.002897841153058779,0.012850560061401478,1.0
QR1_matched_ridge,1,120,2025-09-30,2025-08-31,100.0,-3.844352655797379,-3.365639995893902,0.22916581075186204,0.478712659903477,0.00017265048726954808,0.013139653240080124,0.3413053026957936,0.0
QR1_matched_ridge,1,120,2025-10-31,2025-09-30,100.0,-3.200601249147139,-3.499910162932574,0.08958582587141684,0.2993089137854348,0.00011104115529564823,0.010537606715741873,0.22098423013797786,1.0
QR1_matched_ridge,1,120,2025-11-30,2025-10-31,100.0,-3.1877347547552812,-3.2073761282586988,0.0003857835531007529,0.019641373503417547,6.441637818551595e-07,0.0008025981446870903,0.0007817702019657091,0.0
QR1_matched_ridge,1,120,2025-12-31,2025-11-30,100.0,-3.669080341092571,-3.2100520864884636,0.2107069385248934,0.45902825460410757,0.00022065916808701363,0.014854600906352673,0.3173508215016291,1.0
QR1_matched_ridge,1,120,2026-01-31,2025-12-31,100.0,-3.5432987087435324,-3.379827820201241,0.026722731400806297,0.16347088854229153,2.637376365752027e-05,0.005135539276212409,0.04806750493119627,1.0
QR1_matched_ridge,1,120,2026-02-28,2026-01-31,100.0,-3.319307735691405,-3.3688360611410157,0.002453055021842568,0.04952832544961083,3.0561320934811246e-06,0.0017481796513748593,0.005072196780017482,1.0
QR1_matched_ridge,1,120,2026-03-31,2026-02-28,100.0,-2.9305511753093016,-3.1149143144860028,0.03398976708708766,0.1843631391767011,8.073570989557321e-05,0.00898530521994513,0.07716549927255595,1.0
QR1_matched_ridge,1,120,2026-04-30,2026-03-31,100.0,-3.237312027686596,-3.0554529605250114,0.033072720308881705,0.1818590671615845,6.134136272286491e-05,0.007832072696474728,0.058805222649551514,1.0
QR1_matched_ridge,1,120,2026-05-31,2026-04-30,100.0,-3.5119546359486353,-3.3601877853707194,0.023033176934339466,0.15176685057791595,2.3914083968335027e-05,0.004890202855540354,0.04173871150632147,1.0
QR1_matched_ridge,1,120,2026-06-30,2026-05-31,100.0,-3.0168147582707263,-3.305410605841584,0.08328756323514183,0.2885958475708579,0.0001506207324243039,0.012272763846188188,0.20383803148205903,1.0
QR1_matched_ridge,1,120,2026-07-31,2026-06-30,100.0,-3.371829178429884,-3.1211571715592163,0.06283645502856813,0.2506720068706678,9.563491376732401e-05,0.009779310495496296,0.10706003547771936,1.0
QR1_matched_ridge,1,120,2026-08-31,2026-07-31,100.0,-3.507788998946598,-3.3152349743101928,0.03707705240367736,0.19255402463640525,4.0480417985090196e-05,0.006362422336271791,0.06548516725283965,0.0
QR1_matched_ridge,2,571,2020-01-31,2019-12-31,100.0,-3.394259264647835,-3.6470583274165653,0.0639073661367484,0.2527990627687302,5.621564495632921e-05,0.007497709313939106,0.1523787767342134,1.0
QR1_matched_ridge,2,571,2020-02-29,2020-01-31,100.0,-2.6562454515374347,-3.509436377178644,0.7279347555965032,0.8531909256412091,0.0016238941155169787,0.040297569598140515,2.8026111676722447,0.0
QR1_matched_ridge,2,571,2020-03-31,2020-02-29,100.0,-1.2968909272855167,-3.045207130875657,3.056609547735841,1.7483162035901403,0.05098292068646937,0.22579397841056206,28.5074877585623,0.0
QR1_matched_ridge,2,571,2020-04-30,2020-03-31,1e-08,-2.134850068143052,-2.385500201159307,0.06282548918106641,0.25065013301625516,0.0006874565301351436,0.026219392253352167,0.1495661752769899,1.0
QR1_matched_ridge,2,571,2020-05-31,2020-04-30,1e-08,-2.753043170704817,-2.360777019305736,0.15387273353344677,0.39226615139908105,0.0009371724121117733,0.030613271829580277,0.24086538038577288,1.0
QR1_matched_ridge,2,571,2020-06-30,2020-05-31,1e-08,-2.4519566880578116,-2.6810127873020577,0.05246669660098991,0.22905609924424608,0.00031085753989312825,0.017631152540124206,0.12297419012452404,1.0
QR1_matched_ridge,2,571,2020-07-31,2020-06-30,1e-08,-3.21882688058945,-2.561683751997129,0.4318370914561041,0.6571431285923213,0.001381811865461008,0.03717273013192612,0.5829522704437486,1.0
QR1_matched_ridge,2,571,2020-08-31,2020-07-31,1e-08,-3.605943742197781,-3.0111497591784193,0.3537798822360366,0.5947939830193616,0.00048722787071621437,0.022073238790812154,0.4939346054256364,0.0
QR1_matched_ridge,2,571,2020-09-30,2020-08-31,1e-08,-2.651836989084487,-3.354024875861226,0.4930678283359825,0.702187886776739,0.0012658025487893017,0.03557811896080654,1.668607710005586,1.0
QR1_matched_ridge,2,571,2020-10-31,2020-09-30,100.0,-2.7990735485463434,-2.9549204201620425,0.024288247392400198,0.1558468716156991,7.715200048848913e-05,0.008783621148961807,0.05404261973786023,1.0
QR1_matched_ridge,2,571,2020-11-30,2020-10-31,1e-08,-3.0039337534233583,-2.931406523047103,0.005260199146050426,0.07252723037625541,1.3915762907281173e-05,0.0037303837479917765,0.010029645381023994,1.0
QR1_matched_ridge,2,571,2020-12-31,2020-11-30,100.0,-3.651571910629322,-3.1464258026431473,0.2551725904135799,0.5051461079861745,0.0002908818161150471,0.01705525772643284,0.37440478048945547,1.0
QR1_matched_ridge,2,571,2021-01-31,2020-12-31,100.0,-3.0833870228491476,-3.2876281333827966,0.041714431232018234,0.20424111053364902,7.159765051555032e-05,0.008461539488506233,0.09605028247071334,1.0
QR1_matched_ridge,2,571,2021-02-28,2021-01-31,100.0,-3.2488776237223895,-3.161461679675318,0.007641547273640761,0.08741594404707165,1.2574272180819502e-05,0.0035460220220437863,0.014430043445866403,1.0
QR1_matched_ridge,2,571,2021-03-31,2021-02-28,100.0,-3.005349457539076,-3.312491360106293,0.09433614831260986,0.3071419025672171,0.00017150871566027013,0.013096133614936514,0.23404855412788372,0.0
QR1_matched_ridge,2,571,2021-04-30,2021-03-31,100.0,-3.428567723170164,-3.1941294830772473,0.054961288417864,0.23443824009291658,7.342505121953736e-05,0.00856884188321487,0.09458134551779473,1.0
QR1_matched_ridge,2,571,2021-05-31,2021-04-30,100.0,-3.25079126490233,-3.3322259489840347,0.0066316077714870724,0.08143468408170484,9.181016632751897e-06,0.0030300192462675707,0.014013573102987176,1.0
QR1_matched_ridge,2,571,2021-06-30,2021-05-31,100.0,-3.704361054701714,-3.259673110282068,0.19774736791216987,0.44468794441964565,0.00019002645267155905,0.013785008257943085,0.30028801642501435,1.0
QR1_matched_ridge,2,571,2021-07-31,2021-06-30,100.0,-3.396235869388752,-3.472978336608352,0.005889406274951412,0.07674246721960021,6.1238257460705745e-06,0.002474636487662496,0.012405287760571287,1.0
QR1_matched_ridge,2,571,2021-08-31,2021-07-31,100.0,-3.708289465775626,-3.3855251864802525,0.10417677998906176,0.3227642792953733,8.72435614874859e-05,0.009340426194103024,0.16991385907914014,0.0
QR1_matched_ridge,2,571,2021-09-30,2021-08-31,100.0,-3.2831700937799164,-3.47916694347232,0.03841476508934665,0.1959968496924036,4.4569971219244716e-05,0.00667607453667533,0.08793468752882738,1.0
QR1_matched_ridge,2,571,2021-10-31,2021-09-30,1e-08,-3.386818668681176,-3.2829996179515635,0.010778395294397877,0.10381905072961262,1.3686073817649924e-05,0.0036994693967716402,0.020139127906576765,0.0
QR1_matched_ridge,2,571,2021-11-30,2021-10-31,1e-08,-3.306447862510668,-3.408134047559262,0.010340080229736846,0.10168618504859372,1.255429196356e-05,0.00354320362998798,0.02215636344887939,0.0
QR1_matched_ridge,2,571,2021-12-31,2021-11-30,1e-08,-2.996205908102638,-3.2340502566935476,0.056569934156634034,0.23784434859090942,0.00011190929761304226,0.010578719091319244,0.13343331658128443,1.0
QR1_matched_ridge,2,571,2022-01-31,2021-12-31,1e-08,-2.9415796259494096,-3.148101549729925,0.04265130500200509,0.2065219237805156,9.699747892417723e-05,0.009848729812731043,0.09836744861911006,0.0
QR1_matched_ridge,2,571,2022-02-28,2022-01-31,1e-08,-2.79991710955502,-2.891722515476757,0.008428232556454907,0.09180540592173703,2.8457309335349418e-05,0.005334539280514243,0.017937291951831497,1.0
QR1_matched_ridge,2,571,2022-03-31,2022-02-28,1e-08,-2.676617851726222,-2.773941663243681,0.00947192428828594,0.09732381151745928,4.070362332370723e-05,0.00637993913166162,0.020235191301195332,1.0
QR1_matched_ridge,2,571,2022-04-30,2022-03-31,100.0,-2.647933077507468,-2.9519944549023496,0.09245332122327254,0.3040613773948815,0.00034454687383566576,0.018561973866905043,0.22885694382121158,0.0
QR1_matched_ridge,2,571,2022-05-31,2022-04-30,100.0,-2.4244300010941817,-2.731542770955587,0.09431825341194452,0.30711276986140534,0.0005480195334295639,0.023409817031099664,0.23399912883113005,0.0
QR1_matched_ridge,2,571,2022-06-30,2022-05-31,100.0,-2.4599323402147326,-2.646047839056295,0.034638978909043584,0.1861154988415623,0.00021053258822227225,0.014509741149388994,0.07873711517359422,1.0
QR1_matched_ridge,2,571,2022-07-31,2022-06-30,100.0,-2.8821336588859534,-2.6922849611036117,0.03604252804965091,0.1898486977823417,0.00013714501605174628,0.011710893050990871,0.06376577558617186,1.0
QR1_matched_ridge,2,571,2022-08-31,2022-07-31,100.0,-2.844638284908549,-2.9592337479301323,0.013132120145131066,0.1145954630215833,3.9647925181960463e-05,0.006296659843278853,0.02839119522533623,0.0
QR1_matched_ridge,2,571,2022-09-30,2022-08-31,100.0,-2.646329916608998,-2.9132273999247467,0.07123426660028023,0.2668974833157485,0.0002759182445936411,0.016610786995011437,0.17159698271542023,0.0
QR1_matched_ridge,2,571,2022-10-31,2022-09-30,1.0,-2.5235204874353756,-2.6029229706499653,0.006304754340643191,0.07940248321458965,3.745503682287102e-05,0.006120052027791187,0.013304357290889496,1.0
QR1_matched_ridge,2,571,2022-11-30,2022-10-31,100.0,-2.5436055847483017,-2.8737049971762896,0.10896562208530286,0.3300994124279879,0.0004881141893622843,0.022093306437975378,0.2749782325982716,1.0
QR1_matched_ridge,2,571,2022-12-31,2022-11-30,1.0,-2.953340209712298,-2.8928607330640554,0.003657767095645322,0.0604794766482426,1.0577319288209088e-05,0.0032522790913771665,0.007029282409023591,1.0
QR1_matched_ridge,2,571,2023-01-31,2022-12-31,100.0,-3.0446334829778476,-2.714433426395423,0.10903207736703639,0.3302000565824246,0.0003470289692974512,0.018628713570653536,0.17704468999933703,0.0
QR1_matched_ridge,2,571,2023-02-28,2023-01-31,1.0,-3.1747292629057444,-3.0080753235865307,0.027773535490612157,0.16665393931921368,5.747489391384894e-05,0.00758121981701157,0.04985742853025499,0.0
QR1_matched_ridge,2,571,2023-03-31,2023-02-28,1e-08,-2.9240573364232487,-3.121682778902616,0.039055815515165716,0.1976254424793673,9.27827321373385e-05,0.009632379360123774,0.08950576234856389,1.0
QR1_matched_ridge,2,571,2023-04-30,2023-03-31,1.0,-3.442485805524746,-2.938260448973642,0.2542432101890881,0.5042253565511041,0.00043985387947690247,0.02097269366287751,0.37323440970810295,1.0
QR1_matched_ridge,2,571,2023-05-31,2023-04-30,1.0,-3.29928079041607,-3.25047419481759,0.0023820837739135453,0.048806595598479774,3.408166408884587e-06,0.0018461219918750188,0.004612862563746184,1.0
QR1_matched_ridge,2,571,2023-06-30,2023-05-31,1.0,-3.4043718007388586,-3.2666200904533103,0.018975533686593642,0.13775171028554833,2.4082727467562867e-05,0.004907415558882584,0.03469325579789698,0.0
QR1_matched_ridge,2,571,2023-07-31,2023-06-30,1.0,-3.7661453260783695,-3.3999567558780703,0.13409406894533943,0.36618857020029916,0.00010472698311292131,0.010233620234937454,0.21314192566760737,0.0
QR1_matched_ridge,2,571,2023-08-31,2023-07-31,1.0,-3.308105488673255,-3.4741338573534093,0.027565419206593222,0.16602836868015425,3.132368697286441e-05,0.005596756826311503,0.06177519125313202,1.0
QR1_matched_ridge,2,571,2023-09-30,2023-08-31,1.0,-3.437757865373422,-3.2995526214514506,0.01910068944753168,0.13820524392197164,2.2686288113797664e-05,0.004763012504056405,0.034911999042625486,0.0
QR1_matched_ridge,2,571,2023-10-31,2023-09-30,1.0,-3.193098626287721,-3.2188083696892864,0.000660990905774347,0.02570974340156562,1.0853344276711725e-06,0.001041793850851104,0.0013449346475829863,1.0
QR1_matched_ridge,2,571,2023-11-30,2023-10-31,1.0,-3.3142693090819773,-3.087245660321636,0.05153973709645887,0.22702364876034142,8.58744674221929e-05,0.009266847760818826,0.08909999363824644,0.0
QR1_matched_ridge,2,571,2023-12-31,2023-11-30,1.0,-3.568281666444767,-3.4046168728359243,0.02678616466702514,0.1636647936088429,2.5152918473282783e-05,0.005015268534513659,0.04817570942025434,1.0
QR1_matched_ridge,2,571,2024-01-31,2023-12-31,1.0,-3.4647197491071067,-3.405161657216213,0.0035471663096841213,0.05955809189089356,3.685176875351153e-06,0.0019196814515307359,0.006820841667825275,1.0
QR1_matched_ridge,2,571,2024-02-29,2024-01-31,1.0,-3.3449345770399286,-3.3733405395282645,0.0008068987048887482,0.028405962488335934,9.753004167947384e-07,0.000987572993147716,0.0016447974249180208,1.0
QR1_matched_ridge,2,571,2024-03-31,2024-02-29,1.0,-3.579023213504305,-3.3889984006236897,0.036109429510312915,0.19002481288061546,3.4099949915043956e-05,0.00583951623981336,0.06387709867264252,1.0
QR1_matched_ridge,2,571,2024-04-30,2024-03-31,1.0,-3.2298318565473947,-3.4648563084769277,0.055236493004777384,0.23502445192953303,6.866858922191388e-05,0.008286651267062822,0.13002353716212,1.0
QR1_matched_ridge,2,571,2024-05-31,2024-04-30,100.0,-3.551159106071428,-3.1429750044400864,0.16661426082458528,0.40818410163134144,0.00020917428171764738,0.014462858697976946,0.25840232416928066,0.0
QR1_matched_ridge,2,571,2024-06-30,2024-05-31,100.0,-3.974327104300053,-3.3860009078361184,0.3461277134457204,0.5883261964639348,0.00022655694374225689,0.01505180865352257,0.4849615036857805,0.0
QR1_matched_ridge,2,571,2024-07-31,2024-06-30,100.0,-3.172237966118978,-3.5963803450938525,0.17989675764246596,0.4241423789748744,0.00020987016375672766,0.014486896277558132,0.48735247303134965,1.0
QR1_matched_ridge,2,571,2024-08-31,2024-07-31,100.0,-2.8728553989963164,-3.3769570804439217,0.254118505238303,0.5041016814476054,0.0005011349325909615,0.0223860432544691,0.7324692320800426,0.0
QR1_matched_ridge,2,571,2024-09-30,2024-08-31,100.0,-3.2605071347369625,-3.2141331483102538,0.002150546617104568,0.04637398642670876,3.3168523812486706e-06,0.0018212227709010972,0.0041711475883032395,1.0
QR1_matched_ridge,2,571,2024-10-31,2024-09-30,100.0,-3.4205515268412334,-3.2432001704001143,0.03145350363150488,0.1773513564411191,4.0250981977580944e-05,0.006344366160427765,0.05608463691058874,0.0
QR1_matched_ridge,2,571,2024-11-30,2024-10-31,100.0,-3.3432396881530604,-3.2009250823779243,0.020253447016932404,0.1423146057751361,2.9183486341729745e-05,0.005402174223563115,0.036922355770568877,1.0
QR1_matched_ridge,2,571,2024-12-31,2024-11-30,100.0,-3.197746191257484,-3.2522561041821576,0.002971330607055493,0.054509912924673554,4.697406071228467e-06,0.0021673500112414854,0.006164633752022836,1.0
QR1_matched_ridge,2,571,2025-01-31,2024-12-31,100.0,-3.243894689291075,-3.1922342035430544,0.0026688057877214304,0.05166048574802051,4.277975499385179e-06,0.002068326739029687,0.005158434398067596,0.0
QR1_matched_ridge,2,571,2025-02-28,2025-01-31,100.0,-3.3361230676767963,-3.294458489767676,0.0017359370523451704,0.04166457790912048,2.290718986693554e-06,0.001513512136288822,0.003377413955020128,1.0
QR1_matched_ridge,2,571,2025-03-31,2025-02-28,100.0,-2.8189264390259248,-3.2863900751177058,0.21852225106814904,0.467463636091781,0.0004964604142953935,0.02228139165975486,0.6121009390190324,1.0
QR1_matched_ridge,2,571,2025-04-30,2025-03-31,100.0,-1.983632317040605,-2.8877167397293615,0.8173686433484623,0.9040844226887566,0.006701940973422419,0.08186538324238407,3.291099651095747,0.0
QR1_matched_ridge,2,571,2025-05-31,2025-04-30,1e-08,-3.029808966262144,-2.7017599866734834,0.10761613300916156,0.32804897958866075,0.00035203016918480975,0.018762467033543583,0.17497000856753897,1.0
QR1_matched_ridge,2,571,2025-06-30,2025-05-31,100.0,-3.530189938328582,-3.0024437369923813,0.27851605302478966,0.5277462013362006,0.00041478210804946335,0.02036620013771502,0.4035134213013921,0.0
QR1_matched_ridge,2,571,2025-07-31,2025-06-30,100.0,-3.9507722447624736,-3.1341687262211084,0.6668413064941376,0.8166035185413651,0.0005903000327797291,0.024296090895033488,0.8285092642999058,0.0
QR1_matched_ridge,2,571,2025-08-31,2025-07-31,1e-08,-3.3885720022366694,-3.4088069149334714,0.00040945169184719875,0.020234912696802,4.5724959904043505e-07,0.0006762023358732466,0.0008300630205802448,1.0
QR1_matched_ridge,2,571,2025-09-30,2025-08-31,1e-08,-3.844352655797379,-3.427211202071174,0.17400699241681167,0.41714145372620504,0.00012270296545018034,0.011077137060187543,0.26846862862313703,1.0
QR1_matched_ridge,2,571,2025-10-31,2025-09-30,1e-08,-3.200601249147139,-3.6148926422774244,0.1716373584218325,0.4142913931302852,0.00019093402856360168,0.013817887992149946,0.46148813314779136,1.0
QR1_matched_ridge,2,571,2025-11-30,2025-10-31,1e-08,-3.1877347547552812,-3.2039966672601587,0.0002644497983162918,0.016261912504877518,4.430565123362444e-07,0.0006656249036328526,0.0005346804699924226,0.0
QR1_matched_ridge,2,571,2025-12-31,2025-11-30,1e-08,-3.669080341092571,-3.231020889852103,0.19189608282110002,0.4380594512404681,0.00019648260118275158,0.01401722515987924,0.292514755057816,1.0
QR1_matched_ridge,2,571,2026-01-31,2025-12-31,1.0,-3.5432987087435324,-3.4279486870724405,0.013305627499521366,0.11535002167109187,1.2500937338062066e-05,0.0035356664630677576,0.024677632526361848,1.0
QR1_matched_ridge,2,571,2026-02-28,2026-01-31,1.0,-3.319307735691405,-3.420008853043462,0.010140715035952734,0.10070111735205689,1.2011231741306846e-05,0.0034657223981887017,0.021714418151728754,1.0
QR1_matched_ridge,2,571,2026-03-31,2026-02-28,1.0,-2.9305511753093016,-3.1626797501476913,0.053883675256501874,0.23212857483838967,0.00012222213970848993,0.011055412236026747,0.1265748501046784,1.0
QR1_matched_ridge,2,571,2026-04-30,2026-03-31,1.0,-3.237312027686596,-3.0056454030215884,0.053669424983677425,0.23166662466500743,0.00010480607879589635,0.010237484007113093,0.0925161721098321,1.0
QR1_matched_ridge,2,571,2026-05-31,2026-04-30,1.0,-3.5119546359486353,-3.3229832449344934,0.03571018662181973,0.18897139101414195,3.852195542571409e-05,0.006206605789456431,0.06321249131526852,1.0
QR1_matched_ridge,2,571,2026-06-30,2026-05-31,1e-08,-3.0168147582707263,-3.310807645218085,0.0864318175756423,0.2939928869473585,0.0001555062950196905,0.01247021631807927,0.2123726579742794,1.0
QR1_matched_ridge,2,571,2026-07-31,2026-06-30,100.0,-3.371829178429884,-3.1104785272974205,0.06830416284736275,0.2613506511324637,0.00010512047407795453,0.010252827613783162,0.11561803769881845,1.0
QR1_matched_ridge,2,571,2026-08-31,2026-07-31,1.0,-3.507788998946598,-3.2238733248414304,0.08060811000259174,0.2839156741051676,9.677658320903407e-05,0.009837508994101813,0.13458454547382837,0.0
QR1_matched_ridge,2,120,2020-01-31,2019-12-31,100.0,-3.394259264647835,-3.5811360741613023,0.0349229419339327,0.1868768095134672,3.273396795380245e-05,0.005721360673284149,0.07942545164623566,1.0
QR1_matched_ridge,2,120,2020-02-29,2020-01-31,100.0,-2.6562454515374347,-3.5122179430565805,0.732688906237494,0.8559724915191458,0.0016305977911630196,0.04038066110359041,2.8277806955798583,0.0
QR1_matched_ridge,2,120,2020-03-31,2020-02-29,1e-08,-1.2968909272855167,-2.9715103749114595,2.8043502943670178,1.6746194476259428,0.049352644603857417,0.2221545511662037,24.131809436048847,0.0
QR1_matched_ridge,2,120,2020-04-30,2020-03-31,1e-08,-2.134850068143052,-2.0919253909178734,0.0018425279148857443,0.04292467722517834,2.6903916130510608e-05,0.005186898507828219,0.003581827570321411,1.0
QR1_matched_ridge,2,120,2020-05-31,2020-04-30,1e-08,-2.753043170704817,-1.6692231931641732,1.1746657437162014,1.0838199775406436,0.015540050909288575,0.12465974053112967,1.2820873545209683,0.0
QR1_matched_ridge,2,120,2020-06-30,2020-05-31,100.0,-2.4519566880578116,-3.0542255263294864,0.36272775355311276,0.6022688382716748,0.0015183235742830302,0.038965671741714274,1.1306790960825461,0.0
QR1_matched_ridge,2,120,2020-07-31,2020-06-30,100.0,-3.21882688058945,-3.159983977735494,0.0034624872162801416,0.058842902853956325,5.87802095154703e-06,0.002424463023340845,0.006661125419428607,1.0
QR1_matched_ridge,2,120,2020-08-31,2020-07-31,100.0,-3.605943742197781,-3.40932079419197,0.03866058368249578,0.19662294800581082,3.4831842824606736e-05,0.0059018507965388906,0.0681086771270763,1.0
QR1_matched_ridge,2,120,2020-09-30,2020-08-31,100.0,-2.651836989084487,-3.5403364788619465,0.7894313433348057,0.8884994897774594,0.0017237426910476613,0.041517980334400434,3.1350884945063244,1.0
QR1_matched_ridge,2,120,2020-10-31,2020-09-30,100.0,-2.7990735485463434,-3.2274859882217592,0.18353721846864185,0.42841243967541587,0.00044983671335940633,0.02120935438337071,0.49884439341539455,1.0
QR1_matched_ridge,2,120,2020-11-30,2020-10-31,100.0,-3.0039337534233583,-3.217714887113762,0.04570237312195423,0.21378113369040364,9.11096699268742e-05,0.009545138549380737,0.10595239725635675,1.0
QR1_matched_ridge,2,120,2020-12-31,2020-11-30,100.0,-3.651571910629322,-3.3091721168607906,0.11723761877273273,0.34239979376853125,0.0001122775949110658,0.01059611225455194,0.18899085320044734,1.0
QR1_matched_ridge,2,120,2021-01-31,2020-12-31,100.0,-3.0833870228491476,-3.408565076020592,0.10574076626437068,0.3251780531714443,0.000161676537393315,0.01271520890089168,0.2658669803812207,1.0
QR1_matched_ridge,2,120,2021-02-28,2021-01-31,100.0,-3.2488776237223895,-3.3473377287444164,0.009694392280948556,0.09846010502202684,1.324864562536478e-05,0.0036398689022222736,0.020726670794735197,1.0
QR1_matched_ridge,2,120,2021-03-31,2021-02-28,100.0,-3.005349457539076,-3.48834774711392,0.2332873477322252,0.48299828957484436,0.0003598660856869844,0.018970136680767073,0.6614081898389683,0.0
QR1_matched_ridge,2,120,2021-04-30,2021-03-31,100.0,-3.428567723170164,-3.395561932594033,0.001089382211555415,0.033005790576130956,1.1845076007239945e-06,0.0010883508628764874,0.00213160403258246,1.0
QR1_matched_ridge,2,120,2021-05-31,2021-04-30,100.0,-3.25079126490233,-3.527053606215208,0.07632088122767308,0.27626234131287797,8.746275229694074e-05,0.009352152281530746,0.1851097775702656,0.0
QR1_matched_ridge,2,120,2021-06-30,2021-05-31,100.0,-3.704361054701714,-3.409468333364388,0.08696171709773369,0.2948927213373258,7.128140149090249e-05,0.008442831366958746,0.14423167514883706,1.0
QR1_matched_ridge,2,120,2021-07-31,2021-06-30,100.0,-3.396235869388752,-3.5638263730862647,0.028086576929586025,0.16759050369751272,2.6717661066038256e-05,0.005168912948196967,0.063012438277187,1.0
QR1_matched_ridge,2,120,2021-08-31,2021-07-31,100.0,-3.708289465775626,-3.4447852125656717,0.0694344914597356,0.2635042532099541,5.464442535334956e-05,0.007392186777493488,0.11737692043738257,1.0
QR1_matched_ridge,2,120,2021-09-30,2021-08-31,100.0,-3.2831700937799164,-3.5086742781837263,0.050852137183627515,0.22550418440380993,5.734404152906484e-05,0.007572584864434656,0.11888605137499342,1.0
QR1_matched_ridge,2,120,2021-10-31,2021-09-30,100.0,-3.386818668681176,-3.3748149572013437,0.00014408908929105938,0.012003711479832369,1.6676163282255725e-07,0.0004083645832127919,0.00028588581502602545,1.0
QR1_matched_ridge,2,120,2021-11-30,2021-10-31,100.0,-3.306447862510668,-3.4698670243988823,0.026705822472246343,0.16341916188821415,3.0525029730363296e-05,0.005524946129182012,0.05973895870216439,0.0
QR1_matched_ridge,2,120,2021-12-31,2021-11-30,100.0,-2.996205908102638,-3.351149451814803,0.12598491922294933,0.35494354371216463,0.00022297281830991104,0.014932274385032945,0.32387452099595904,0.0
QR1_matched_ridge,2,120,2022-01-31,2021-12-31,100.0,-2.9415796259494096,-3.385942451158023,0.19745832042738068,0.44436282520861337,0.00035859319932581794,0.01893655721945829,0.5433027708628035,0.0
QR1_matched_ridge,2,120,2022-02-28,2022-01-31,100.0,-2.79991710955502,-3.157931969079276,0.12817463964017278,0.35801485952425605,0.0003349461393456433,0.018301533797625905,0.3302629852949215,0.0
QR1_matched_ridge,2,120,2022-03-31,2022-02-28,100.0,-2.676617851726222,-3.037001411548908,0.12987631019047158,0.3603835598226861,0.00043334314174168343,0.02081689558367634,0.33524269171788235,0.0
QR1_matched_ridge,2,120,2022-04-30,2022-03-31,100.0,-2.647933077507468,-3.148834760601786,0.2509024961267204,0.5009016830943178,0.0007781480804311758,0.027895305705999636,0.7213849425716665,0.0
QR1_matched_ridge,2,120,2022-05-31,2022-04-30,100.0,-2.4244300010941817,-3.007566339622707,0.3400479893124549,0.5831363385285253,0.0015301226179676322,0.03911678179461639,1.0437329080753632,0.0
QR1_matched_ridge,2,120,2022-06-30,2022-05-31,100.0,-2.4599323402147326,-2.87331532506115,0.1708854921605332,0.4133829848464172,0.0008369141887743656,0.028929469210035044,0.45914808819871444,1.0
QR1_matched_ridge,2,120,2022-07-31,2022-06-30,100.0,-2.8821336588859534,-3.0052238672814937,0.01515119940285754,0.1230902083955403,4.208704151084164e-05,0.006487452621086465,0.032949912523312475,1.0
QR1_matched_ridge,2,120,2022-08-31,2022-07-31,100.0,-2.844638284908549,-3.045662823891236,0.040410865273201944,0.20102453898268724,0.00011215920107476386,0.010590524117094671,0.09283561880976027,0.0
QR1_matched_ridge,2,120,2022-09-30,2022-08-31,100.0,-2.646329916608998,-2.9766031674044546,0.10908042019099846,0.33027325079545644,0.0003978159222932815,0.019945323318845486,0.2753034888789936,0.0
QR1_matched_ridge,2,120,2022-10-31,2022-09-30,100.0,-2.5235204874353756,-2.535843990500199,0.00015186872778871267,0.012323503064823438,9.643168965865882e-07,0.0009819963831840667,0.0003062483140681728,1.0
QR1_matched_ridge,2,120,2022-11-30,2022-10-31,100.0,-2.5436055847483017,-2.9689934880407964,0.1809548682675849,0.42538790329249476,0.0007413410366980231,0.027227578605120636,0.49068686304586717,1.0
QR1_matched_ridge,2,120,2022-12-31,2022-11-30,1.0,-2.953340209712298,-2.5928963007999477,0.1299198114720147,0.36044390891235034,0.0005124745991789858,0.02263790182810646,0.20720811823290997,1.0
QR1_matched_ridge,2,120,2023-01-31,2022-12-31,100.0,-3.0446334829778476,-2.726340548376442,0.10131039221717468,0.3182929346014056,0.00031843095146821576,0.0178446336882609,0.16568161518672747,0.0
QR1_matched_ridge,2,120,2023-02-28,2023-01-31,100.0,-3.1747292629057444,-3.08336986920051,0.00834653881818802,0.09135939370523438,1.5993758998347094e-05,0.003999219798704129,0.015721160968070108,1.0
QR1_matched_ridge,2,120,2023-03-31,2023-02-28,100.0,-2.9240573364232487,-3.0406126006344167,0.013585129615335185,0.11655526421116802,3.49246572713183e-05,0.005909708729820641,0.02941048764946763,1.0
QR1_matched_ridge,2,120,2023-04-30,2023-03-31,100.0,-3.442485805524746,-3.0710745845393763,0.13794629507384315,0.3714112209853697,0.0002069633389255729,0.014386220453113212,0.2185916297524837,1.0
QR1_matched_ridge,2,120,2023-05-31,2023-04-30,100.0,-3.29928079041607,-3.2848599380748276,0.000207960982247915,0.014420852341242352,2.87430863719998e-07,0.0005361257909483538,0.0004119519980031877,1.0
QR1_matched_ridge,2,120,2023-06-30,2023-05-31,100.0,-3.4043718007388586,-3.3366772120427544,0.004582557338734723,0.06769458869610423,5.415933973862307e-06,0.002327215927640215,0.008765124757706244,1.0
QR1_matched_ridge,2,120,2023-07-31,2023-06-30,100.0,-3.7661453260783695,-3.417894201024883,0.12127884610101912,0.34825112505348654,9.293539136674277e-05,0.009640300377412665,0.19482752631182088,1.0
QR1_matched_ridge,2,120,2023-08-31,2023-07-31,100.0,-3.308105488673255,-3.4733751228736303,0.027314051988725833,0.16526963420037522,3.1060956584151535e-05,0.0055732357373568485,0.06117916751152713,1.0
QR1_matched_ridge,2,120,2023-09-30,2023-08-31,100.0,-3.437757865373422,-3.3562019470904345,0.006651367806981366,0.0815559182829877,7.457142032337612e-06,0.0027307768184781436,0.012608014932468187,1.0
QR1_matched_ridge,2,120,2023-10-31,2023-09-30,100.0,-3.193098626287721,-3.1730190016820954,0.00040319132430283704,0.0200796246056254,6.930363490847293e-07,0.0008324880474125315,0.0007956955855238507,1.0
QR1_matched_ridge,2,120,2023-11-30,2023-10-31,100.0,-3.3142693090819773,-3.098518125606339,0.04654857317113852,0.21575118347563826,7.665706246314594e-05,0.008755401901862983,0.0810348920758065,0.0
QR1_matched_ridge,2,120,2023-12-31,2023-11-30,100.0,-3.568281666444767,-3.2124118613297803,0.12664331819257876,0.3558698051149869,0.0001453259081301549,0.012055119581744302,0.20252928190193098,0.0
QR1_matched_ridge,2,120,2024-01-31,2023-12-31,100.0,-3.4647197491071067,-3.384913652117093,0.006369013116779496,0.07980609699001384,6.753744768327887e-06,0.002598796792426812,0.012086513524213638,1.0
QR1_matched_ridge,2,120,2024-02-29,2024-01-31,100.0,-3.3449345770399286,-3.4266573133901534,0.006678605636568365,0.08172273635022487,7.657067953408554e-06,0.0027671407541736207,0.01411567150711368,1.0
QR1_matched_ridge,2,120,2024-03-31,2024-02-29,100.0,-3.579023213504305,-3.5165863992234767,0.003898355777538667,0.06243681428082848,3.2317551748027093e-06,0.0017977083119357015,0.007482060596085333,1.0
QR1_matched_ridge,2,120,2024-04-30,2024-03-31,100.0,-3.2298318565473947,-3.47754905080454,0.06136380833063222,0.24771719425714522,7.536218548325151e-05,0.008681139641962425,0.1457766189335069,1.0
QR1_matched_ridge,2,120,2024-05-31,2024-04-30,100.0,-3.551159106071428,-3.1418457540022864,0.16753742018207693,0.40931335206914143,0.00021058706128872194,0.014511618148529196,0.2596636171171389,0.0
QR1_matched_ridge,2,120,2024-06-30,2024-05-31,100.0,-3.974327104300053,-3.372433214801938,0.3622762542151693,0.6018938894981152,0.00024068790170259636,0.01551411943046064,0.5038432917306147,0.0
QR1_matched_ridge,2,120,2024-07-31,2024-06-30,100.0,-3.172237966118978,-3.50449105011337,0.11039211182378451,0.332253083994392,0.00014036635664316206,0.011847630845158962,0.27902433874558563,1.0
QR1_matched_ridge,2,120,2024-08-31,2024-07-31,100.0,-2.8728553989963164,-3.4352415848495035,0.31627822203849554,0.5623861858531871,0.0005914445707717976,0.024319633442381437,0.9547434125004495,0.0
QR1_matched_ridge,2,120,2024-09-30,2024-08-31,100.0,-3.2605071347369625,-3.3103188698768955,0.002481208957650834,0.04981173513993298,3.4759991463729883e-06,0.0018644031608997524,0.005131396432065588,1.0
QR1_matched_ridge,2,120,2024-10-31,2024-09-30,100.0,-3.4205515268412334,-3.317991029475336,0.010518655619940235,0.10256049736589734,1.246892572022061e-05,0.0035311366045822426,0.019669749072518672,1.0
QR1_matched_ridge,2,120,2024-11-30,2024-10-31,100.0,-3.3432396881530604,-3.249038645293925,0.008873836475748652,0.09420104285913533,1.2174256540571236e-05,0.0034891627277287077,0.016683685784529,1.0
QR1_matched_ridge,2,120,2024-12-31,2024-11-30,100.0,-3.197746191257484,-3.3612013032297785,0.026717573629875317,0.16345511197229445,3.7953255752434395e-05,0.006160621377136757,0.05976675725791625,0.0
QR1_matched_ridge,2,120,2025-01-31,2024-12-31,100.0,-3.243894689291075,-3.251547797107594,5.857005925126694e-05,0.007653107816519178,8.84591890654229e-08,0.0002974208954754573,0.00011774006979365162,1.0
QR1_matched_ridge,2,120,2025-02-28,2025-01-31,100.0,-3.3361230676767963,-3.367614601965957,0.0009917167318853936,0.03149153428916085,1.2162623233376503e-06,0.0011028428370976756,0.0020257383871264134,1.0
QR1_matched_ridge,2,120,2025-03-31,2025-02-28,100.0,-2.8189264390259248,-3.2933887744435504,0.22511450772994748,0.4744623354176256,0.0005081485047248469,0.022542149514295368,0.6340059939071037,1.0
QR1_matched_ridge,2,120,2025-04-30,2025-03-31,100.0,-1.983632317040605,-2.8567413504184787,0.7623193841660449,0.8731090333778737,0.006418085127693412,0.08011295230918289,2.986662188346356,0.0
QR1_matched_ridge,2,120,2025-05-31,2025-04-30,100.0,-3.029808966262144,-2.8250288285653307,0.041934904795125884,0.20478013769681347,0.00012060604040289411,0.010982078145910915,0.07350241304531507,1.0
QR1_matched_ridge,2,120,2025-06-30,2025-05-31,100.0,-3.530189938328582,-3.1884585459898336,0.11678034450977957,0.3417313923387484,0.00014246891134301904,0.011936034154735778,0.18832850537285623,1.0
QR1_matched_ridge,2,120,2025-07-31,2025-06-30,100.0,-3.9507722447624736,-3.2942574744825874,0.4310116435956517,0.6565147702798861,0.00031882748897982244,0.017855741064985862,0.5820334031102244,0.0
QR1_matched_ridge,2,120,2025-08-31,2025-07-31,100.0,-3.3885720022366694,-3.555992148315446,0.028029505313038872,0.16742014607877653,2.7079692472711167e-05,0.005203815184334583,0.06287684884952116,1.0
QR1_matched_ridge,2,120,2025-09-30,2025-08-31,100.0,-3.844352655797379,-3.4688340782722786,0.1410142020664747,0.3755185775251002,9.512259747856294e-05,0.009753081435042103,0.22291404440781337,1.0
QR1_matched_ridge,2,120,2025-10-31,2025-09-30,100.0,-3.200601249147139,-3.6118250879529894,0.1691050456022199,0.41122383880585023,0.000188655257840802,0.013735183211038796,0.45361641851798584,1.0
QR1_matched_ridge,2,120,2025-11-30,2025-10-31,100.0,-3.1877347547552812,-3.37411082859354,0.034736040899364065,0.18637607383825872,4.9233846246851735e-05,0.00701668342216262,0.07897233427638561,0.0
QR1_matched_ridge,2,120,2025-12-31,2025-11-30,100.0,-3.669080341092571,-3.3040446927050393,0.1332510245937058,0.3650356483875319,0.00012621123166569175,0.011234377226428342,0.21194592953319658,1.0
QR1_matched_ridge,2,120,2026-01-31,2025-12-31,100.0,-3.5432987087435324,-3.424074151848315,0.014214494966860954,0.11922455689521749,1.3407698214834852e-05,0.0036616523885856303,0.02629789166557958,1.0
QR1_matched_ridge,2,120,2026-02-28,2026-01-31,100.0,-3.319307735691405,-3.3923026708183306,0.005328260554184088,0.07299493512692568,6.485790514929227e-06,0.0025467215228464277,0.011194595752686498,1.0
QR1_matched_ridge,2,120,2026-03-31,2026-02-28,100.0,-2.9305511753093016,-3.209865202746262,0.07801632592305514,0.27931402743696054,0.0001691446306121572,0.013005561526214744,0.189644265651982,1.0
QR1_matched_ridge,2,120,2026-04-30,2026-03-31,100.0,-3.237312027686596,-3.074249536552088,0.026589376014991426,0.16306249113450777,4.837198110918152e-05,0.006954996844656475,0.047839962487887466,1.0
QR1_matched_ridge,2,120,2026-05-31,2026-04-30,100.0,-3.5119546359486353,-3.3809594534887175,0.01715973782770716,0.1309951824599178,1.7441227132481688e-05,0.004176269523448132,0.031508802963531035,1.0
QR1_matched_ridge,2,120,2026-06-30,2026-05-31,100.0,-3.0168147582707263,-3.4220524874603724,0.16421761715878092,0.40523772918964607,0.00026606659593055455,0.016311547931773814,0.4385015691073888,1.0
QR1_matched_ridge,2,120,2026-07-31,2026-06-30,100.0,-3.371829178429884,-3.234564009748133,0.01884172653322955,0.13726516868175098,2.550835116105171e-05,0.005050579289651011,0.03445928702193729,1.0
QR1_matched_ridge,2,120,2026-08-31,2026-07-31,100.0,-3.507788998946598,-3.383643487969339,0.015412107895804765,0.12414551097725912,1.5685871409719397e-05,0.003960539282688583,0.02842389639924245,1.0
QR1_matched_ridge,3,571,2020-01-31,2019-12-31,100.0,-3.394259264647835,-3.611126224304341,0.04703127819065652,0.21686695965650582,4.282407318553554e-05,0.006544010481771521,0.10927432948209437,1.0
QR1_matched_ridge,3,571,2020-02-29,2020-01-31,100.0,-2.6562454515374347,-3.4752210728561166,0.670721068314321,0.8189756213186818,0.001541060984641404,0.03925634960922123,2.506667389890257,0.0
QR1_matched_ridge,3,571,2020-03-31,2020-02-29,100.0,-1.2968909272855167,-3.064616064423461,3.1248521604693633,1.767725137137944,0.05139682349261442,0.22670867538013278,29.775010079996214,0.0
QR1_matched_ridge,3,571,2020-04-30,2020-03-31,1e-08,-2.134850068143052,-2.4558846000169794,0.10306317065551185,0.3210345318739276,0.0010546286058773725,0.03247504589492327,0.25833981763499425,1.0
QR1_matched_ridge,3,571,2020-05-31,2020-04-30,1e-08,-2.753043170704817,-2.2872784379254725,0.21693678630101407,0.4657647327793444,0.0014295073737866303,0.03780882666503459,0.3254801808668616,1.0
QR1_matched_ridge,3,571,2020-06-30,2020-05-31,1.0,-2.4519566880578116,-2.666552920631299,0.04605154303473428,0.21459623257348737,0.00027667487965095486,0.016633546815124994,0.10682417047052573,1.0
QR1_matched_ridge,3,571,2020-07-31,2020-06-30,1.0,-3.21882688058945,-2.5129047626799093,0.49832603655389185,0.705922117909541,0.00168350677168968,0.0410305589980161,0.6555376761203903,1.0
QR1_matched_ridge,3,571,2020-08-31,2020-07-31,100.0,-3.605943742197781,-2.9603990531976283,0.41672794549630376,0.6455446890001526,0.0006069543638953732,0.024636443815927923,0.5660604504335706,0.0
QR1_matched_ridge,3,571,2020-09-30,2020-08-31,1.0,-2.651836989084487,-3.342585785129022,0.4771338992369744,0.6907487960445349,0.0012373582191359006,0.0351761029554995,1.5993612762828509,1.0
QR1_matched_ridge,3,571,2020-10-31,2020-09-30,100.0,-2.7990735485463434,-2.8748739531608827,0.005745701339727871,0.0758004046145393,1.974180650826205e-05,0.004443175273187189,0.01209479792480625,1.0
QR1_matched_ridge,3,571,2020-11-30,2020-10-31,100.0,-3.0039337534233583,-2.939594895242147,0.004139488672062009,0.06433885818121121,1.0860624819261666e-05,0.0032955462095473134,0.007935006487943402,1.0
QR1_matched_ridge,3,571,2020-12-31,2020-11-30,100.0,-3.651571910629322,-3.1795687692600554,0.22278696546245574,0.47200314136926647,0.00024502538952365173,0.01565328686007037,0.33307228320813753,1.0
QR1_matched_ridge,3,571,2021-01-31,2020-12-31,100.0,-3.0833870228491476,-3.2566519939827754,0.03002075022193688,0.17326497113362782,5.309624352830333e-05,0.007286716923848718,0.06762189384140854,1.0
QR1_matched_ridge,3,571,2021-02-28,2021-01-31,100.0,-3.2488776237223895,-3.094176392334308,0.02393247099298868,0.15470123138808134,4.217937652767442e-05,0.006494565153085649,0.043287811823477296,1.0
QR1_matched_ridge,3,571,2021-03-31,2021-02-28,1e-08,-3.005349457539076,-3.28451953318355,0.07793593113534154,0.2791700756444744,0.00014551276719321538,0.01206286728739131,0.18942890781722665,0.0
QR1_matched_ridge,3,571,2021-04-30,2021-03-31,1e-08,-3.428567723170164,-3.224832839170946,0.041507902958174685,0.2037348839992177,5.3715218222713435e-05,0.007329066667913005,0.07280133339734512,1.0
QR1_matched_ridge,3,571,2021-05-31,2021-04-30,100.0,-3.25079126490233,-3.342878769815904,0.008480108561207574,0.09208750491357431,1.1617529506385474e-05,0.0034084497218508994,0.018051196259591257,1.0
QR1_matched_ridge,3,571,2021-06-30,2021-05-31,1e-08,-3.704361054701714,-3.25866378637065,0.1986460549977725,0.44569726833106404,0.00019109708206147872,0.013823786820603055,0.30147801403398966,1.0
QR1_matched_ridge,3,571,2021-07-31,2021-06-30,1e-08,-3.396235869388752,-3.47639437051754,0.006425385303213939,0.0801585011287882,6.658651972531363e-06,0.0025804363918785836,0.013565933299166472,1.0
QR1_matched_ridge,3,571,2021-08-31,2021-07-31,1e-08,-3.708289465775626,-3.393266061208699,0.09923974542493756,0.3150234045669267,8.243429038958284e-05,0.00907933314674502,0.16261368056331854,0.0
QR1_matched_ridge,3,571,2021-09-30,2021-08-31,1e-08,-3.2831700937799164,-3.5014653839512184,0.04765283371097294,0.218295290171302,5.411066993638338e-05,0.00735599550954073,0.1108318218533616,1.0
QR1_matched_ridge,3,571,2021-10-31,2021-09-30,1e-08,-3.386818668681176,-3.2639605589768825,0.015094115120112231,0.12285810970429356,1.9541466144519036e-05,0.004420573056122819,0.027860370173126203,0.0
QR1_matched_ridge,3,571,2021-11-30,2021-10-31,1e-08,-3.306447862510668,-3.3902633191553964,0.007025030772564317,0.08381545664472823,8.680759960787196e-06,0.002946312943457839,0.014869171738806836,0.0
QR1_matched_ridge,3,571,2021-12-31,2021-11-30,1e-08,-2.996205908102638,-3.229858101217445,0.054593347347359066,0.233652193114807,0.00010843497441720813,0.010413211532337568,0.12838264843403013,1.0
QR1_matched_ridge,3,571,2022-01-31,2021-12-31,1e-08,-2.9415796259494096,-3.146631612533721,0.04204631720217255,0.20505198658431123,9.575745409298684e-05,0.009785573774336732,0.09687048870883463,0.0
QR1_matched_ridge,3,571,2022-02-28,2022-01-31,1e-08,-2.79991710955502,-2.8779915184673737,0.0060956133270134195,0.07807440891235373,2.086188852309702e-05,0.004567481639054176,0.0128513403816565,1.0
QR1_matched_ridge,3,571,2022-03-31,2022-02-28,1e-08,-2.676617851726222,-2.7531203997387284,0.0058526398524058705,0.07650254801250655,2.567191364446638e-05,0.005066745863418293,0.012325821458097325,1.0
QR1_matched_ridge,3,571,2022-04-30,2022-03-31,100.0,-2.647933077507468,-2.9812054095167158,0.1110704472828822,0.33327233200924766,0.0004026343261426632,0.020065750076751758,0.28095176282031487,0.0
QR1_matched_ridge,3,571,2022-05-31,2022-04-30,100.0,-2.4244300010941817,-2.717356926759424,0.08580618377969036,0.29292692566524225,0.0005053265410907145,0.022479469324045764,0.21067044426692905,0.0
QR1_matched_ridge,3,571,2022-06-30,2022-05-31,100.0,-2.4599323402147326,-2.58408650783271,0.015414257336912877,0.1241541676179776,9.951552574683462e-05,0.0099757468766421,0.03354677712948101,1.0
QR1_matched_ridge,3,571,2022-07-31,2022-06-30,100.0,-2.8821336588859534,-2.7060442532630464,0.031007478772628664,0.17608940562290698,0.00011632512614649431,0.010785412655364389,0.05533319006986798,1.0
QR1_matched_ridge,3,571,2022-08-31,2022-07-31,100.0,-2.844638284908549,-2.91840825209238,0.005442008058303535,0.07376996718383122,1.7103965602640135e-05,0.004135694089586431,0.011439632654100057,0.0
QR1_matched_ridge,3,571,2022-09-30,2022-08-31,100.0,-2.646329916608998,-2.9257776176131474,0.07809101759650436,0.2794477010041492,0.0002988752130440597,0.017288007781235515,0.18984437659661302,0.0
QR1_matched_ridge,3,571,2022-10-31,2022-09-30,1e-08,-2.5235204874353756,-2.5443659549859987,0.00043453351740408103,0.02084546755062311,2.735797135075991e-06,0.0016540245267455955,0.000881271377119977,1.0
QR1_matched_ridge,3,571,2022-11-30,2022-10-31,1e-08,-2.5436055847483017,-2.821936402632932,0.07746804418432719,0.2783308178846302,0.0003645013728084809,0.01909191904467649,0.18817622656421096,1.0
QR1_matched_ridge,3,571,2022-12-31,2022-11-30,1e-08,-2.953340209712298,-2.904133537194041,0.002421296620318983,0.049206672518256944,6.922565880796025e-06,0.0026310769431538913,0.0046875674078868945,1.0
QR1_matched_ridge,3,571,2023-01-31,2022-12-31,1e-08,-3.0446334829778476,-2.6574623605717314,0.1499014780252119,0.3871711224061163,0.000506798720077962,0.022512190477116216,0.23534915579490534,0.0
QR1_matched_ridge,3,571,2023-02-28,2023-01-31,1e-08,-3.1747292629057444,-2.8740138657133985,0.0904297501085504,0.30071539719234597,0.00021510270237604906,0.014666380002442629,0.14945775535978223,0.0
QR1_matched_ridge,3,571,2023-03-31,2023-02-28,1.0,-2.9240573364232487,-3.1145693750722754,0.03629483687020823,0.19051203864902666,8.681919338107225e-05,0.009317681760023372,0.08275877162332806,1.0
QR1_matched_ridge,3,571,2023-04-30,2023-03-31,1.0,-3.442485805524746,-2.9581793755944115,0.23455271807186606,0.48430642993033457,0.00039713587146340216,0.019928268150127902,0.3482221041388387,1.0
QR1_matched_ridge,3,571,2023-05-31,2023-04-30,1.0,-3.29928079041607,-3.2646151431288244,0.0012017071018437131,0.03466564728724553,1.6950336911870467e-06,0.0013019345955872924,0.0023488198008455446,1.0
QR1_matched_ridge,3,571,2023-06-30,2023-05-31,1e-08,-3.4043718007388586,-3.2510589513248815,0.0235048297954328,0.15331284941397705,3.03103367879949e-05,0.00550548243008684,0.04255170615660103,0.0
QR1_matched_ridge,3,571,2023-07-31,2023-06-30,1.0,-3.7661453260783695,-3.4084301531076884,0.12796014497344432,0.3577151729706811,9.90426579385073e-05,0.009952017782264424,0.2044119811899482,1.0
QR1_matched_ridge,3,571,2023-08-31,2023-07-31,1e-08,-3.308105488673255,-3.472272693680387,0.026950871199853742,0.1641672050071321,3.068083282686146e-05,0.005539028148227942,0.06031886419845239,1.0
QR1_matched_ridge,3,571,2023-09-30,2023-08-31,1.0,-3.437757865373422,-3.255213856608435,0.03332231513599165,0.182544008764987,4.142095626205179e-05,0.006435911455423528,0.05922356962234787,0.0
QR1_matched_ridge,3,571,2023-10-31,2023-09-30,1.0,-3.193098626287721,-3.228172610836602,0.0012301843921351586,0.03507398454888122,2.0012072563535326e-06,0.001414640327558045,0.0025189219661611584,1.0
QR1_matched_ridge,3,571,2023-11-30,2023-10-31,1.0,-3.3142693090819773,-3.132552680718386,0.0330209330238315,0.18171662836359115,5.2500672088665566e-05,0.007245734751470383,0.05871838799994855,0.0
QR1_matched_ridge,3,571,2023-12-31,2023-11-30,1.0,-3.568281666444767,-3.4125238692390227,0.024260491390385816,0.15575779720574445,2.259706884675379e-05,0.004753637433245597,0.04385178447591487,1.0
QR1_matched_ridge,3,571,2024-01-31,2023-12-31,1.0,-3.4647197491071067,-3.3846624952458093,0.006409163895812212,0.08005725386129736,6.798050827324359e-06,0.0026073071984950985,0.012160725230657643,1.0
QR1_matched_ridge,3,571,2024-02-29,2024-01-31,1.0,-3.3449345770399286,-3.352853353209234,6.270701601955853e-05,0.007918776169305364,7.735814823937911e-08,0.0002781333281708237,0.00012607874557658827,1.0
QR1_matched_ridge,3,571,2024-03-31,2024-02-29,1.0,-3.579023213504305,-3.409086241553587,0.028878574435779115,0.169936971950718,2.6713037552559115e-05,0.005168465686503018,0.051733995309309444,1.0
QR1_matched_ridge,3,571,2024-04-30,2024-03-31,1.0,-3.2298318565473947,-3.4892051756332068,0.06727451865359048,0.25937331908581207,8.170399170592892e-05,0.009039026037462716,0.1611741428870318,1.0
QR1_matched_ridge,3,571,2024-05-31,2024-04-30,1.0,-3.551159106071428,-3.117123344047266,0.18838704271589474,0.4340357620241617,0.00024314203075606424,0.01559301224125936,0.287831790829125,0.0
QR1_matched_ridge,3,571,2024-06-30,2024-05-31,100.0,-3.974327104300053,-3.338352178689399,0.4044641060054774,0.6359749256106544,0.0002790054882789767,0.01670345737501601,0.5522344266218246,0.0
QR1_matched_ridge,3,571,2024-07-31,2024-06-30,1.0,-3.172237966118978,-3.6224282390686575,0.20267128185850683,0.4501902729496794,0.0002307962483018927,0.015191979736094065,0.5601587352521205,1.0
QR1_matched_ridge,3,571,2024-08-31,2024-07-31,100.0,-2.8728553989963164,-3.357838731042799,0.23520883236290868,0.4849833320464825,0.0004720558839504071,0.021726847077991024,0.6678898584556616,0.0
QR1_matched_ridge,3,571,2024-09-30,2024-08-31,100.0,-3.2605071347369625,-3.247908067210271,0.00015873650254213476,0.012599067526691599,2.36653942505529e-07,0.00048647090612443517,0.00031482314308079254,1.0
QR1_matched_ridge,3,571,2024-10-31,2024-09-30,100.0,-3.4205515268412334,-3.2986760844799794,0.014853623450751353,0.12187544236125403,1.795752335143449e-05,0.004237631809328707,0.027433722037813274,1.0
QR1_matched_ridge,3,571,2024-11-30,2024-10-31,100.0,-3.3432396881530604,-3.2094862227016314,0.017889989520266603,0.13375346545142897,2.555316771866277e-05,0.005055014116564144,0.03279195739112517,1.0
QR1_matched_ridge,3,571,2024-12-31,2024-11-30,100.0,-3.197746191257484,-3.2084810490097206,0.00011523717096075408,0.010734857752236593,1.9028634233710584e-07,0.0004362182278826801,0.0002321326393269589,1.0
QR1_matched_ridge,3,571,2025-01-31,2024-12-31,100.0,-3.243894689291075,-3.1652683511979505,0.006182101041934316,0.07862633809312447,1.0183467532291465e-05,0.0031911545766840355,0.011740798924081919,0.0
QR1_matched_ridge,3,571,2025-02-28,2025-01-31,100.0,-3.3361230676767963,-3.2693198332698685,0.004462672127226944,0.06680323440692781,6.040168880114534e-06,0.00245767550342077,0.00854077961406749,1.0
QR1_matched_ridge,3,571,2025-03-31,2025-02-28,100.0,-2.8189264390259248,-3.30092502812688,0.23232263989531132,0.48199858910095505,0.0005207935897689947,0.022820902474902142,0.6581596033652264,1.0
QR1_matched_ridge,3,571,2025-04-30,2025-03-31,100.0,-1.983632317040605,-2.8882833773323124,0.8183935408869106,0.9046510602917075,0.006707108430684758,0.08189693785902351,3.2968824438149884,0.0
QR1_matched_ridge,3,571,2025-05-31,2025-04-30,100.0,-3.029808966262144,-2.7636428715586328,0.07084438996971859,0.2661660947035114,0.00021717195086973185,0.014736755099740644,0.11956602030931857,1.0
QR1_matched_ridge,3,571,2025-06-30,2025-05-31,100.0,-3.530189938328582,-2.998233874642077,0.28297725369284105,0.531956063686505,0.00042336050028469254,0.020575725996540013,0.4090152061981779,0.0
QR1_matched_ridge,3,571,2025-07-31,2025-06-30,100.0,-3.9507722447624736,-3.058837182488949,0.7955481553128764,0.8919350622735247,0.0007674235526137634,0.027702410592108467,0.9518568824743064,0.0
QR1_matched_ridge,3,571,2025-08-31,2025-07-31,1e-08,-3.3885720022366694,-3.3034605022127383,0.007243967436323621,0.08511150002393109,8.993440216917598e-06,0.0029989065035305115,0.013699700325518843,1.0
QR1_matched_ridge,3,571,2025-09-30,2025-08-31,1e-08,-3.844352655797379,-3.3740111261356853,0.22122115452450172,0.4703415296616935,0.0001651667595040617,0.01285172204430448,0.33104416380386925,0.0
QR1_matched_ridge,3,571,2025-10-31,2025-09-30,1e-08,-3.200601249147139,-3.612725317006123,0.1698462473086362,0.4121240678589837,0.00018932330983951494,0.013759480725649312,0.4559176097798967,1.0
QR1_matched_ridge,3,571,2025-11-30,2025-10-31,1e-08,-3.1877347547552812,-3.237009941050885,0.0024280439844664376,0.04927518629560357,3.936527165820975e-06,0.001984068336983627,0.005019620083219101,0.0
QR1_matched_ridge,3,571,2025-12-31,2025-11-30,1e-08,-3.669080341092571,-3.2542301318851865,0.17210069607941084,0.4148502092073847,0.00017188845792492186,0.013110623857197714,0.2658803566422152,1.0
QR1_matched_ridge,3,571,2026-01-31,2025-12-31,1e-08,-3.5432987087435324,-3.45063508170354,0.008586547776206795,0.09266362703999231,7.883198712795556e-06,0.0028077034588423963,0.01615960016312612,1.0
QR1_matched_ridge,3,571,2026-02-28,2026-01-31,1e-08,-3.319307735691405,-3.426272525769927,0.011441466316542326,0.10696479007852222,1.3468754675177087e-05,0.0036699802009243984,0.024605854094640556,1.0
QR1_matched_ridge,3,571,2026-03-31,2026-02-28,1e-08,-2.9305511753093016,-3.152726009266219,0.04936165684378371,0.22217483395691717,0.00011304249620564845,0.010632144478215505,0.11512602099329372,1.0
QR1_matched_ridge,3,571,2026-04-30,2026-03-31,1e-08,-3.237312027686596,-2.9996543982570314,0.05648114882608019,0.23765762942956448,0.00011098558582489025,0.010534969664165637,0.09700429145149331,1.0
QR1_matched_ridge,3,571,2026-05-31,2026-04-30,1e-08,-3.5119546359486353,-3.2850672019386584,0.051477907711631625,0.2268874340099769,5.7752934798892914e-05,0.007599535169922757,0.08900059479471495,1.0
QR1_matched_ridge,3,571,2026-06-30,2026-05-31,1e-08,-3.0168147582707263,-3.283431659940268,0.07108457225586605,0.26661690166954166,0.0001312756612633701,0.01145755913200408,0.17120141111404075,1.0
QR1_matched_ridge,3,571,2026-07-31,2026-06-30,1e-08,-3.371829178429884,-3.0559832111598695,0.09975867504073119,0.3158459672700147,0.00016255285852105473,0.012749621897180118,0.16338338696328125,1.0
QR1_matched_ridge,3,571,2026-08-31,2026-07-31,1e-08,-3.507788998946598,-3.1702658616392645,0.11392186821778512,0.3375231373073335,0.00014470508257823732,0.012029342566334925,0.18417913475017744,0.0
QR1_matched_ridge,3,120,2020-01-31,2019-12-31,100.0,-3.394259264647835,-3.564251150964557,0.028897241413517266,0.1699918863167218,2.753336453067376e-05,0.005247224459719039,0.06494101951558523,1.0
QR1_matched_ridge,3,120,2020-02-29,2020-01-31,100.0,-2.6562454515374347,-3.497350197410473,0.7074571935301479,0.8411047458730381,0.0015947109966941442,0.039933832732335424,2.6952147375882243,0.0
QR1_matched_ridge,3,120,2020-03-31,2020-02-29,1e-08,-1.2968909272855167,-2.754108091507915,2.1234818637043684,1.4572171642223983,0.04398023624982618,0.20971465435163605,14.523945057007369,0.0
QR1_matched_ridge,3,120,2020-04-30,2020-03-31,1e-08,-2.134850068143052,-2.879093573330149,0.5538983950131765,0.744243505187097,0.00385351077183605,0.0620766523890911,1.9419003051413175,1.0
QR1_matched_ridge,3,120,2020-05-31,2020-04-30,1e-08,-2.753043170704817,0.741131553268982,12.209257001657374,3.494174723973799,4.1394950480775545,2.0345749059883627,5.9892720159698145,0.0
QR1_matched_ridge,3,120,2020-06-30,2020-05-31,100.0,-2.4519566880578116,-3.047160879131188,0.3542680290713125,0.5952041910733765,0.001492379564948289,0.03863132880122413,1.0980154846567958,0.0
QR1_matched_ridge,3,120,2020-07-31,2020-06-30,100.0,-3.21882688058945,-3.093681409513231,0.01566138893088882,0.1251454710762192,2.843868351251786e-05,0.0053327932186161,0.02886517220620516,1.0
QR1_matched_ridge,3,120,2020-08-31,2020-07-31,100.0,-3.605943742197781,-3.4126653709293375,0.03735652880018224,0.19327837126844338,3.3540911691300423e-05,0.005791451604848341,0.06594891638229283,1.0
QR1_matched_ridge,3,120,2020-09-30,2020-08-31,100.0,-2.651836989084487,-3.5317250172316443,0.7742029420766926,0.8798880281471573,0.0017029767389050929,0.04126713872932182,3.0513598250773715,1.0
QR1_matched_ridge,3,120,2020-10-31,2020-09-30,100.0,-2.7990735485463434,-3.1848210633483287,0.1488011451759079,0.3857475148019853,0.000379500623939091,0.019480775753010736,0.3915025535326644,1.0
QR1_matched_ridge,3,120,2020-11-30,2020-10-31,100.0,-3.0039337534233583,-3.1978837771444777,0.03761661170142276,0.19395002372111936,7.644084986658023e-05,0.008743045800324978,0.08598241116165911,1.0
QR1_matched_ridge,3,120,2020-12-31,2020-11-30,100.0,-3.651571910629322,-3.3663340766141188,0.08136062195368454,0.2852378340152031,7.337007454658498e-05,0.00856563334182505,0.1357321683261437,1.0
QR1_matched_ridge,3,120,2021-01-31,2020-12-31,100.0,-3.0833870228491476,-3.384751241803338,0.09082039246586915,0.3013642189541903,0.0001420335798718349,0.011917784184647534,0.22436868892961026,1.0
QR1_matched_ridge,3,120,2021-02-28,2021-01-31,100.0,-3.2488776237223895,-3.2982410899181387,0.00243675179485887,0.04936346619574916,3.4956017824437715e-06,0.0018696528507837415,0.00503792358244827,1.0
QR1_matched_ridge,3,120,2021-03-31,2021-02-28,100.0,-3.005349457539076,-3.516977982460576,0.26176374751334996,0.5116285249215,0.0003933250887436727,0.019832425185631553,0.7589848732179652,0.0
QR1_matched_ridge,3,120,2021-04-30,2021-03-31,100.0,-3.428567723170164,-3.4238109465498257,2.262692381579652e-05,0.004756776620338243,2.391531410669553e-08,0.0001546457697665718,4.511068000538285e-05,1.0
QR1_matched_ridge,3,120,2021-05-31,2021-04-30,100.0,-3.25079126490233,-3.522754159459588,0.0739638160159624,0.2719628945572583,8.511009998056355e-05,0.009225513534788378,0.17883099484601217,0.0
QR1_matched_ridge,3,120,2021-06-30,2021-05-31,100.0,-3.704361054701714,-3.401405672774273,0.09178196343880143,0.30295538192744065,7.587194679512644e-05,0.008710450435834328,0.15148807205784703,1.0
QR1_matched_ridge,3,120,2021-07-31,2021-06-30,100.0,-3.396235869388752,-3.548078665898486,0.023056234851896482,0.15184279650973398,2.2271279930681985e-05,0.004719245695095985,0.05115742399680895,1.0
QR1_matched_ridge,3,120,2021-08-31,2021-07-31,100.0,-3.708289465775626,-3.446967948023213,0.06828893564042451,0.26132151775241264,5.362058977147867e-05,0.007322608126308458,0.11559431928240066,1.0
QR1_matched_ridge,3,120,2021-09-30,2021-08-31,100.0,-3.2831700937799164,-3.493207768745342,0.044115824904881765,0.21003767496542558,5.049482945843872e-05,0.007105971394428683,0.10200088970641885,1.0
QR1_matched_ridge,3,120,2021-10-31,2021-09-30,100.0,-3.386818668681176,-3.347742009301295,0.0015269853082912441,0.03907665937988103,1.815965447075131e-06,0.001347577621910935,0.0029759417754479517,1.0
QR1_matched_ridge,3,120,2021-11-30,2021-10-31,100.0,-3.306447862510668,-3.4276434971379874,0.014688381852718677,0.1211956346273193,1.7495516227027665e-05,0.004182764184965208,0.03190141758227477,0.0
QR1_matched_ridge,3,120,2021-12-31,2021-11-30,100.0,-2.996205908102638,-3.3236482117489237,0.10721846221718621,0.32744230364628546,0.00019474607243460737,0.01395514501660973,0.2700357754931272,0.0
QR1_matched_ridge,3,120,2022-01-31,2021-12-31,100.0,-2.9415796259494096,-3.3563577343882858,0.17204087924013214,0.4147781084388762,0.0003211365040160014,0.017920281917871754,0.4627450130292281,0.0
QR1_matched_ridge,3,120,2022-02-28,2022-01-31,100.0,-2.79991710955502,-3.106754830207046,0.09414938681493065,0.30683772065202586,0.00025821839451970136,0.016069175290589786,0.233532801374971,0.0
QR1_matched_ridge,3,120,2022-03-31,2022-02-28,100.0,-2.676617851726222,-2.936988518474207,0.0677928841027904,0.26037066674798526,0.0002487012464957625,0.015770264629858387,0.16253372195549132,0.0
QR1_matched_ridge,3,120,2022-04-30,2022-03-31,100.0,-2.647933077507468,-3.216744809870476,0.32354678687380595,0.5688117323630077,0.0009432308243945049,0.03071206317384921,0.9817228480246682,0.0
QR1_matched_ridge,3,120,2022-05-31,2022-04-30,100.0,-2.4244300010941817,-2.9906254854185317,0.3205773264692852,0.56619548432435,0.0014647898707480006,0.03827257334891398,0.9706760046892096,0.0
QR1_matched_ridge,3,120,2022-06-30,2022-05-31,100.0,-2.4599323402147326,-2.811612137991091,0.12367868016402048,0.3516797977763586,0.0006417466946137282,0.025332719842403977,0.31716988379032074,1.0
QR1_matched_ridge,3,120,2022-07-31,2022-06-30,1.0,-2.8821336588859534,-2.9462759825221063,0.00411423768144498,0.06414232363615291,1.2111338044416982e-05,0.0034801347738869226,0.0085919181852471,1.0
QR1_matched_ridge,3,120,2022-08-31,2022-07-31,1.0,-2.844638284908549,-2.919520803899963,0.005607391650499473,0.07488251899141396,1.7604404315841623e-05,0.004195760278643386,0.011796249896430883,0.0
QR1_matched_ridge,3,120,2022-09-30,2022-08-31,1.0,-2.646329916608998,-2.7509592017905242,0.010947287317597103,0.10462928518152603,4.9623774492369e-05,0.007044414417988837,0.023505143121259425,1.0
QR1_matched_ridge,3,120,2022-10-31,2022-09-30,1.0,-2.5235204874353756,-2.406567827686578,0.01367792462231806,0.11695265974879776,9.894754416684283e-05,0.009947238016999635,0.025342065474644987,1.0
QR1_matched_ridge,3,120,2022-11-30,2022-10-31,1.0,-2.5436055847483017,-2.7721161866835398,0.052217095196804834,0.2285106019352381,0.0002576991903170757,0.016053011876812268,0.1223411686191046,1.0
QR1_matched_ridge,3,120,2022-12-31,2022-11-30,1.0,-2.953340209712298,-2.61695165040226,0.11315726283468308,0.3363885593100382,0.00043513784777950447,0.020859958000425227,0.183066592409319,1.0
QR1_matched_ridge,3,120,2023-01-31,2022-12-31,1.0,-3.0446334829778476,-2.66611440968106,0.14327668884945885,0.3785190732967876,0.0004799637282318728,0.021908074498501066,0.2260917863496742,0.0
QR1_matched_ridge,3,120,2023-02-28,2023-01-31,1.0,-3.1747292629057444,-3.017021893909601,0.024871614235685683,0.15770736899614324,5.099887072984126e-05,0.007141349363379533,0.044901003844777077,0.0
QR1_matched_ridge,3,120,2023-03-31,2023-02-28,1.0,-2.9240573364232487,-2.984544677824699,0.0036587184698156157,0.0604873414014504,9.940040448081433e-06,0.003152782968756561,0.00762165630678463,1.0
QR1_matched_ridge,3,120,2023-04-30,2023-03-31,1.0,-3.442485805524746,-2.9789262473273137,0.21488746399619865,0.46355955819743233,0.00035578728010184367,0.01886232435575859,0.3228111289527966,1.0
QR1_matched_ridge,3,120,2023-05-31,2023-04-30,1.0,-3.29928079041607,-3.2097791074131194,0.008010551260360634,0.08950168300295047,1.1942726867660193e-05,0.0034558250632316725,0.015106451070281801,1.0
QR1_matched_ridge,3,120,2023-06-30,2023-05-31,1.0,-3.4043718007388586,-3.1815396376681946,0.049654172898750994,0.222832163070664,6.879027689455723e-05,0.00829399040839554,0.08606302723101222,0.0
QR1_matched_ridge,3,120,2023-07-31,2023-06-30,1.0,-3.7661453260783695,-3.367907028633243,0.15859374155199296,0.3982382974451264,0.00012815590036970706,0.011320596290377422,0.24739151932521986,0.0
QR1_matched_ridge,3,120,2023-08-31,2023-07-31,1.0,-3.308105488673255,-3.3932990901893154,0.007257949739277283,0.08519360151606037,8.926754371478252e-06,0.0029877674560578257,0.015376690786251784,1.0
QR1_matched_ridge,3,120,2023-09-30,2023-08-31,1.0,-3.437757865373422,-3.094089042028193,0.1181082601394945,0.3436688233452294,0.00017370226626782967,0.013179615558423154,0.19025086765955135,0.0
QR1_matched_ridge,3,120,2023-10-31,2023-09-30,1.0,-3.193098626287721,-3.053836170211177,0.019394031672471248,0.13926245607654364,3.7614956992721263e-05,0.006133103373718828,0.035424323674108166,1.0
QR1_matched_ridge,3,120,2023-11-30,2023-10-31,1.0,-3.3142693090819773,-2.9843746214835845,0.10883050490564118,0.3298946875983928,0.00020193866594882669,0.014210512515346753,0.1767495828643964,0.0
QR1_matched_ridge,3,120,2023-12-31,2023-11-30,1.0,-3.568281666444767,-3.176703483664679,0.1533334732293563,0.3915781827800884,0.0001827550522470495,0.013518692697411593,0.24011776098599247,0.0
QR1_matched_ridge,3,120,2024-01-31,2023-12-31,1.0,-3.4647197491071067,-3.363197287236787,0.010306810264210554,0.10152246187031988,1.1173019928345611e-05,0.00334260675646203,0.019286495717912577,1.0
QR1_matched_ridge,3,120,2024-02-29,2024-01-31,1.0,-3.3449345770399286,-3.3460307551181594,1.2016063791938003e-06,0.001096178078230814,1.4924952114752497e-09,3.863282556939435e-05,2.404969954143601e-06,1.0
QR1_matched_ridge,3,120,2024-03-31,2024-02-29,1.0,-3.579023213504305,-3.544398963657805,0.0011988386774328807,0.034624249846500366,9.663649930299836e-07,0.0009830386528667037,0.0023432771927870133,1.0
QR1_matched_ridge,3,120,2024-04-30,2024-03-31,1.0,-3.2298318565473947,-3.469633360390537,0.057504761245432565,0.23980150384314225,7.116118959407764e-05,0.00843570919330898,0.13582995272269927,1.0
QR1_matched_ridge,3,120,2024-05-31,2024-04-30,100.0,-3.551159106071428,-3.1190323715174686,0.18673351471626792,0.4321267345539592,0.00024051520975786408,0.015508552793792981,0.28561946708341435,0.0
QR1_matched_ridge,3,120,2024-06-30,2024-05-31,100.0,-3.974327104300053,-3.309102042769419,0.44252438248843623,0.6652250615306343,0.0003153123340401041,0.01775703618400616,0.5948083638355516,0.0
QR1_matched_ridge,3,120,2024-07-31,2024-06-30,100.0,-3.172237966118978,-3.4767753250781857,0.09274300300184922,0.3045373589592075,0.00012106128032413436,0.011002785116693607,0.2296545502644547,1.0
QR1_matched_ridge,3,120,2024-08-31,2024-07-31,100.0,-2.8728553989963164,-3.4214839594296578,0.30099329732316055,0.5486285604333414,0.0005699360013232044,0.02387333243020765,0.8986801292047439,0.0
QR1_matched_ridge,3,120,2024-09-30,2024-08-31,100.0,-3.2605071347369625,-3.335077370154684,0.005560720010254382,0.07457023541772134,7.60162274879675e-06,0.0027571040511371256,0.011695570529881016,1.0
QR1_matched_ridge,3,120,2024-10-31,2024-09-30,100.0,-3.4205515268412334,-3.348164828243694,0.0052398341338509855,0.07238669859753921,6.024083801445903e-06,0.002454400904792431,0.00999172899437778,1.0
QR1_matched_ridge,3,120,2024-11-30,2024-10-31,100.0,-3.3432396881530604,-3.242000140018961,0.010249446106396654,0.10123954813409952,1.4162436803504189e-05,0.00376330131712891,0.019182650839940946,1.0
QR1_matched_ridge,3,120,2024-12-31,2024-11-30,100.0,-3.197746191257484,-3.3178750518092026,0.014430943137454244,0.12012886055171856,2.138545889250466e-05,0.004624441468167227,0.0313190991736495,1.0
QR1_matched_ridge,3,120,2025-01-31,2024-12-31,100.0,-3.243894689291075,-3.2219005882938143,0.00048374047867770075,0.021994100997260624,7.526112865350127e-07,0.0008675317207658823,0.0009534496822019844,1.0
QR1_matched_ridge,3,120,2025-02-28,2025-01-31,100.0,-3.3361230676767963,-3.363234816115404,0.0007350469033983439,0.02711174843860764,9.054145997340979e-07,0.0009515327633529483,0.0014970291535379224,1.0
QR1_matched_ridge,3,120,2025-03-31,2025-02-28,100.0,-2.8189264390259248,-3.335838976201922,0.26719857108972656,0.5169125371759971,0.0005800992064944264,0.024085248732251582,0.777975563050308,1.0
QR1_matched_ridge,3,120,2025-04-30,2025-03-31,100.0,-1.983632317040605,-2.874518773124877,0.7936786776343938,0.8908864560842722,0.006581320918260024,0.08112534078979283,3.1586059459491898,0.0
QR1_matched_ridge,3,120,2025-05-31,2025-04-30,100.0,-3.029808966262144,-2.852160352511625,0.0315590299674812,0.17764861375051932,8.825893590827763e-05,0.009394622712396578,0.056262293648522144,1.0
QR1_matched_ridge,3,120,2025-06-30,2025-05-31,100.0,-3.530189938328582,-3.230795695323863,0.0896369127443687,0.29939424300471895,0.00010458509267377913,0.01022668532193003,0.14826541800504695,1.0
QR1_matched_ridge,3,120,2025-07-31,2025-06-30,100.0,-3.9507722447624736,-3.192384260534566,0.5751523346212689,0.7583879842279075,0.00047672291107796503,0.021833985231239052,0.7361941273403749,0.0
QR1_matched_ridge,3,120,2025-08-31,2025-07-31,100.0,-3.3885720022366694,-3.4155917145084493,0.0007300648512497736,0.027019712271779905,8.097987565785872e-07,0.000899888191154094,0.0014867904304724094,1.0
QR1_matched_ridge,3,120,2025-09-30,2025-08-31,100.0,-3.844352655797379,-3.418935806648327,0.18097949553990705,0.42541684914905176,0.00012875475891191068,0.011347015418686567,0.27789244364219423,1.0
QR1_matched_ridge,3,120,2025-10-31,2025-09-30,100.0,-3.200601249147139,-3.565459408058108,0.1331214761239017,0.36485815891096873,0.0001550950047875494,0.012453714497592652,0.3447757099545057,1.0
QR1_matched_ridge,3,120,2025-11-30,2025-10-31,100.0,-3.1877347547552812,-3.3394255964745105,0.023010111461488278,0.1516908417192293,3.373196208051579e-05,0.005807922354897299,0.051049646365196266,0.0
QR1_matched_ridge,3,120,2025-12-31,2025-11-30,100.0,-3.669080341092571,-3.262296142178923,0.16547338448581855,0.40678419891364825,0.00016385135459292643,0.01280044353110182,0.2568418624192361,1.0
QR1_matched_ridge,3,120,2026-01-31,2025-12-31,100.0,-3.5432987087435324,-3.430658492786916,0.012687818250753189,0.11264021595661644,1.1887621208999815e-05,0.003447842979168253,0.023572752637180283,1.0
QR1_matched_ridge,3,120,2026-02-28,2026-01-31,100.0,-3.319307735691405,-3.382486034502838,0.00399149744070673,0.06317829881143311,4.906008024224696e-06,0.002214951020728155,0.008330125112319009,1.0
QR1_matched_ridge,3,120,2026-03-31,2026-02-28,100.0,-2.9305511753093016,-3.175938029486487,0.060214708202975205,0.2453868541771853,0.0001348547260644873,0.011612696761066625,0.14280593699572752,1.0
QR1_matched_ridge,3,120,2026-04-30,2026-03-31,100.0,-3.237312027686596,-3.054112152440548,0.033562194290167456,0.18319987524604775,6.233527205027633e-05,0.007895268966303576,0.0596253790194472,1.0
QR1_matched_ridge,3,120,2026-05-31,2026-04-30,100.0,-3.5119546359486353,-3.3509037757786118,0.025937379561504485,0.16105086017002357,2.7187111065949212e-05,0.005214126107599356,0.0467261978727071,1.0
QR1_matched_ridge,3,120,2026-06-30,2026-05-31,100.0,-3.0168147582707263,-3.365223538643269,0.12138867824068265,0.34840878037254264,0.0002074354291567775,0.014402618829809304,0.3105366878131086,1.0
QR1_matched_ridge,3,120,2026-07-31,2026-06-30,100.0,-3.371829178429884,-3.170326455692581,0.040603347270546396,0.20150272273730296,5.8723067435387623e-05,0.007663097770183258,0.07131390553150929,1.0
QR1_matched_ridge,3,120,2026-08-31,2026-07-31,100.0,-3.507788998946598,-3.40718944037941,0.010120271183913076,0.10059955856718794,1.0055910637917191e-05,0.003171105586056256,0.01894870452176378,1.0
QR1_matched_ridge,4,571,2020-01-31,2019-12-31,100.0,-3.394259264647835,-3.604856155522006,0.044351050445867346,0.21059689087417066,4.06285413482139e-05,0.006374052192146994,0.1025857487137588,1.0
QR1_matched_ridge,4,571,2020-02-29,2020-01-31,100.0,-2.6562454515374347,-3.4568458415847187,0.6409609845438633,0.800600390047284,0.0014963192806518564,0.0386822863937986,2.35778271929465,0.0
QR1_matched_ridge,4,571,2020-03-31,2020-02-29,100.0,-1.2968909272855167,-3.0319122751826706,3.010299077658857,1.735021347897154,0.05069571929267718,0.2251570991389727,27.668071881995935,0.0
QR1_matched_ridge,4,571,2020-04-30,2020-03-31,100.0,-2.134850068143052,-2.4497878053256485,0.0991857783016944,0.31493773718259677,0.0010208293928121337,0.03195042085500806,0.24750130880695287,1.0
QR1_matched_ridge,4,571,2020-05-31,2020-04-30,100.0,-2.753043170704817,-2.3749882041409918,0.1429255577435749,0.3780549665638251,0.0008574339355306971,0.029281972876339754,0.22559915691461918,1.0
QR1_matched_ridge,4,571,2020-06-30,2020-05-31,100.0,-2.4519566880578116,-2.7444993917840868,0.08558123350347918,0.2925427037262751,0.00047717911026350925,0.021844429730791995,0.210058890341691,1.0
QR1_matched_ridge,4,571,2020-07-31,2020-06-30,100.0,-3.21882688058945,-2.572528504326735,0.41770159115982197,0.646298376262715,0.0013206182471616396,0.03634031159967729,0.5671536528036638,1.0
QR1_matched_ridge,4,571,2020-08-31,2020-07-31,100.0,-3.605943742197781,-2.98259562141681,0.38856287968116804,0.623348120780971,0.0005522202434795006,0.023499366874013876,0.5341491463597338,0.0
QR1_matched_ridge,4,571,2020-09-30,2020-08-31,100.0,-2.651836989084487,-3.286639960698848,0.4029748127704233,0.6348029716143611,0.0010984128687046679,0.03314231236206472,1.289843717492678,1.0
QR1_matched_ridge,4,571,2020-10-31,2020-09-30,100.0,-2.7990735485463434,-2.9048365869054944,0.011185820282959249,0.10576303835915102,3.7316072739020787e-05,0.006108688299383165,0.02403610789734631,1.0
QR1_matched_ridge,4,571,2020-11-30,2020-10-31,100.0,-3.0039337534233583,-2.9871783634073443,0.0002807430945887418,0.016755390016014005,7.021215620659452e-07,0.0008379269431555147,0.0005552664367050805,1.0
QR1_matched_ridge,4,571,2020-12-31,2020-11-30,100.0,-3.651571910629322,-3.200069926209739,0.20385404193482107,0.45150198441958267,0.00021930792015505514,0.014809048590475188,0.30835413856299765,1.0
QR1_matched_ridge,4,571,2021-01-31,2020-12-31,100.0,-3.0833870228491476,-3.296243230621811,0.045307765187359274,0.21285620777266345,7.712115931660679e-05,0.00878186536657257,0.10496809636422899,1.0
QR1_matched_ridge,4,571,2021-02-28,2021-01-31,100.0,-3.2488776237223895,-3.122795721062929,0.015896646178229702,0.12608190265946062,2.7208097577657994e-05,0.005216138186211902,0.029281236992685145,1.0
QR1_matched_ridge,4,571,2021-03-31,2021-02-28,100.0,-3.005349457539076,-3.315060682348247,0.09592104277279707,0.30971122480917135,0.0001739655970385141,0.013189601852918613,0.23843227760442776,0.0
QR1_matched_ridge,4,571,2021-04-30,2021-03-31,100.0,-3.428567723170164,-3.238670389838449,0.03606099720649643,0.18989733333171488,4.600422398440413e-05,0.006782641372238704,0.06379650983808444,1.0
QR1_matched_ridge,4,571,2021-05-31,2021-04-30,100.0,-3.25079126490233,-3.3352355518591876,0.007130837599652143,0.0844442869568578,9.842909677759054e-06,0.0031373411796868783,0.01509963048809318,1.0
QR1_matched_ridge,4,571,2021-06-30,2021-05-31,100.0,-3.704361054701714,-3.2652491618333324,0.19281925445845294,0.4391118928683815,0.0001841850277913043,0.013571478467407458,0.2937440954367888,1.0
QR1_matched_ridge,4,571,2021-07-31,2021-06-30,100.0,-3.396235869388752,-3.4502549505783144,0.002918061132564539,0.054019081189562446,3.1031788603284067e-06,0.0017615841905309002,0.00605209853100698,1.0
QR1_matched_ridge,4,571,2021-08-31,2021-07-31,100.0,-3.708289465775626,-3.3753038320700517,0.11087943225430277,0.3329856337055741,9.386305198705501e-05,0.009688294586100023,0.17974554049402353,0.0
QR1_matched_ridge,4,571,2021-09-30,2021-08-31,100.0,-3.2831700937799164,-3.447898219960999,0.027135355555130698,0.16472812618108268,3.245275191641296e-05,0.005696731687240761,0.060755746058051896,1.0
QR1_matched_ridge,4,571,2021-10-31,2021-09-30,100.0,-3.386818668681176,-3.256409691710722,0.01700650127448039,0.13040897697045395,2.218773425376154e-05,0.004710385786086055,0.03123911292642187,0.0
QR1_matched_ridge,4,571,2021-11-30,2021-10-31,100.0,-3.306447862510668,-3.3866810011797535,0.006437356540692675,0.08023313866908532,7.982732837669118e-06,0.0028253730439835936,0.013591902767882358,1.0
QR1_matched_ridge,4,571,2021-12-31,2021-11-30,100.0,-2.996205908102638,-3.223755376193407,0.05177876042839171,0.2275494680907686,0.00010344986155630562,0.010171030506114197,0.12123039514274891,1.0
QR1_matched_ridge,4,571,2022-01-31,2021-12-31,100.0,-2.9415796259494096,-3.167318519715767,0.050958048158858876,0.22573889376635758,0.00011376154470610376,0.010665905714289048,0.11915374348043217,0.0
QR1_matched_ridge,4,571,2022-02-28,2022-01-31,100.0,-2.79991710955502,-2.8839023774967454,0.0070535252312434165,0.08398526794172545,2.3999933891019067e-05,0.004898972738342097,0.014931221095662417,1.0
QR1_matched_ridge,4,571,2022-03-31,2022-02-28,1.0,-2.676617851726222,-2.75694867927445,0.0064530418545831756,0.08033082754822818,2.819876260012046e-05,0.0053102507097236434,0.013625932274731606,1.0
QR1_matched_ridge,4,571,2022-04-30,2022-03-31,100.0,-2.647933077507468,-3.0058285688892337,0.12808918275139544,0.3578954913817656,0.0004536759252768503,0.021299669604875338,0.330013255571284,0.0
QR1_matched_ridge,4,571,2022-05-31,2022-04-30,100.0,-2.4244300010941817,-2.707449045759254,0.08009977964313027,0.28301904466507244,0.00047619139651503554,0.021821810110873835,0.19523710570636754,0.0
QR1_matched_ridge,4,571,2022-06-30,2022-05-31,100.0,-2.4599323402147326,-2.6505356493708425,0.036329621461259606,0.1906033091561099,0.00021985038977724228,0.014827352756889622,0.08284345540392368,1.0
QR1_matched_ridge,4,571,2022-07-31,2022-06-30,100.0,-2.8821336588859534,-2.6763279550904553,0.04235598771476031,0.20580570379549812,0.00016384680626819524,0.012800265867090231,0.0741931078423968,1.0
QR1_matched_ridge,4,571,2022-08-31,2022-07-31,100.0,-2.844638284908549,-2.9984963457793654,0.023672302894927857,0.15385806087081644,6.877901347508159e-05,0.008293311369717261,0.05259864859074548,0.0
QR1_matched_ridge,4,571,2022-09-30,2022-08-31,1e-08,-2.646329916608998,-2.927628958870203,0.07912915117707117,0.28129904226120495,0.00030231438907081076,0.0173871903731112,0.19262872457831204,0.0
QR1_matched_ridge,4,571,2022-10-31,2022-09-30,1e-08,-2.5235204874353756,-2.595494402974469,0.005180244518028531,0.07197391553909327,3.100115049044671e-05,0.005567867678963528,0.010876029959502737,1.0
QR1_matched_ridge,4,571,2022-11-30,2022-10-31,1e-08,-2.5436055847483017,-2.877148502887251,0.11125087824064585,0.3335429181389493,0.0004967323418067233,0.02228749294574702,0.2814648068329759,1.0
QR1_matched_ridge,4,571,2022-12-31,2022-11-30,1e-08,-2.953340209712298,-2.9376726828837008,0.0002454713969248158,0.01566752682859729,6.785398928981359e-07,0.0008237353293978206,0.00048585480794952063,1.0
QR1_matched_ridge,4,571,2023-01-31,2022-12-31,1e-08,-3.0446334829778476,-2.684700977392658,0.12955140857683273,0.35993250558518985,0.00042550764620132643,0.020627836682534754,0.20668297768269395,0.0
QR1_matched_ridge,4,571,2023-02-28,2023-01-31,1e-08,-3.1747292629057444,-2.976520510009846,0.039286709724547245,0.19820875289589823,8.398721745487608e-05,0.009164454018373167,0.06914327618381305,0.0
QR1_matched_ridge,4,571,2023-03-31,2023-02-28,1e-08,-2.9240573364232487,-3.199846982048971,0.07605992863436148,0.2757896456257223,0.00016762122813078785,0.012946861709726719,0.18441320058785649,0.0
QR1_matched_ridge,4,571,2023-04-30,2023-03-31,0.01,-3.442485805524746,-2.98204919952999,0.21200186813997038,0.4604366059947562,0.000349831313138336,0.018703778044511114,0.3190444133603091,1.0
QR1_matched_ridge,4,571,2023-05-31,2023-04-30,1.0,-3.29928079041607,-3.239902959148566,0.003525726846032144,0.05937783126750373,5.098528373222612e-06,0.0022579921109743967,0.006780414507971427,1.0
QR1_matched_ridge,4,571,2023-06-30,2023-05-31,1.0,-3.4043718007388586,-3.270307443975454,0.017973251754385418,0.13406435676340456,2.2724831380070908e-05,0.004767056888696726,0.032938046987391195,0.0
QR1_matched_ridge,4,571,2023-07-31,2023-06-30,1.0,-3.7661453260783695,-3.4049991566847333,0.13042655566769698,0.3611461693936362,0.00010131942636674524,0.01006575513147152,0.20793007159149557,1.0
QR1_matched_ridge,4,571,2023-08-31,2023-07-31,1.0,-3.308105488673255,-3.4507806800365675,0.02035621023055782,0.14267519136331241,2.3663912534631782e-05,0.004864556766513449,0.04487765267570759,1.0
QR1_matched_ridge,4,571,2023-09-30,2023-08-31,1.0,-3.437757865373422,-3.2501459622718216,0.035198226185404365,0.18761190310160059,4.39819563056874e-05,0.006631889346610617,0.06235928260179302,0.0
QR1_matched_ridge,4,571,2023-10-31,2023-09-30,1.0,-3.193098626287721,-3.2238277441631507,0.0009442786854020634,0.030729117875429868,1.5427609856002905e-06,0.0012420792992399038,0.0019278483291722548,1.0
QR1_matched_ridge,4,571,2023-11-30,2023-10-31,1.0,-3.3142693090819773,-3.0983075517410135,0.046639480633797324,0.2159617573409638,7.682352730983956e-05,0.008764903154618399,0.08118254825173343,0.0
QR1_matched_ridge,4,571,2023-12-31,2023-11-30,1.0,-3.568281666444767,-3.4483627643915167,0.01438054306965709,0.11991890205325051,1.291236268808901e-05,0.003593377615571318,0.026593263329500072,1.0
QR1_matched_ridge,4,571,2024-01-31,2023-12-31,1.0,-3.4647197491071067,-3.3956564635961444,0.004769737405568695,0.0690632855109623,5.003150333571686e-06,0.002236772302576122,0.009115013893415014,1.0
QR1_matched_ridge,4,571,2024-02-29,2024-01-31,1.0,-3.3449345770399286,-3.339056818331156,3.454804743855222e-05,0.005877758708772607,4.3211981103249214e-08,0.0002078749169651048,6.882613527274713e-05,1.0
QR1_matched_ridge,4,571,2024-03-31,2024-02-29,1.0,-3.579023213504305,-3.375866723642643,0.041272559372911674,0.20315648986166224,3.9507929429114095e-05,0.006285533344841478,0.07241463820759925,1.0
QR1_matched_ridge,4,571,2024-04-30,2024-03-31,1.0,-3.2298318565473947,-3.4524840109479458,0.04957398185920684,0.22265215440055108,6.236692009602013e-05,0.007897272953116166,0.11566083019321705,1.0
QR1_matched_ridge,4,571,2024-05-31,2024-04-30,1.0,-3.551159106071428,-3.1059370137747537,0.19822271146902817,0.4452220922966741,0.00025892584854510833,0.016091173000906688,0.3009175708923342,0.0
QR1_matched_ridge,4,571,2024-06-30,2024-05-31,100.0,-3.974327104300053,-3.369475804340196,0.3658450950631294,0.6048512999598574,0.0002438509206613605,0.015615726709358117,0.5079885764330516,0.0
QR1_matched_ridge,4,571,2024-07-31,2024-06-30,100.0,-3.172237966118978,-3.5571837000844915,0.14818321809824778,0.38494573396551335,0.0001793100570207362,0.013390670521700405,0.38964039467357625,1.0
QR1_matched_ridge,4,571,2024-08-31,2024-07-31,100.0,-2.8728553989963164,-3.3455923810302304,0.22348025418253314,0.472736982033914,0.00045360163414946003,0.021297925583245426,0.6285591246417284,0.0
QR1_matched_ridge,4,571,2024-09-30,2024-08-31,100.0,-3.2605071347369625,-3.2301594908359235,0.000920979490344273,0.030347643901039056,1.3977277596163837e-06,0.0011822553698826593,0.0018052515772674568,1.0
QR1_matched_ridge,4,571,2024-10-31,2024-09-30,100.0,-3.4205515268412334,-3.282254495703321,0.0191260688215607,0.13829703113791236,2.351397924540055e-05,0.0048491214921262335,0.034956344770313535,1.0
QR1_matched_ridge,4,571,2024-11-30,2024-10-31,100.0,-3.3432396881530604,-3.199788595121711,0.020578216091888892,0.1434510930313495,2.9685971616667044e-05,0.0054484834235470556,0.037487328997357544,1.0
QR1_matched_ridge,4,571,2024-12-31,2024-11-30,100.0,-3.197746191257484,-3.214506921684639,0.000280922084451755,0.01676073042715487,4.6109446143830847e-07,0.0006790393666337088,0.000568175080856069,1.0
QR1_matched_ridge,4,571,2025-01-31,2024-12-31,100.0,-3.243894689291075,-3.1595029798495435,0.007121960622463861,0.0843917094415314,1.1800408236429472e-05,0.0034351722280592384,0.013475246758935994,0.0
QR1_matched_ridge,4,571,2025-02-28,2025-01-31,100.0,-3.3361230676767963,-3.310530076191764,0.0006550012131529388,0.025592991485032357,8.504739701565705e-07,0.0009222114563138817,0.0012879342868485633,1.0
QR1_matched_ridge,4,571,2025-03-31,2025-02-28,100.0,-2.8189264390259248,-3.2997688300792456,0.23120940503387472,0.48084239105332083,0.0005188497216985758,0.02277827301835185,0.654415539523518,1.0
QR1_matched_ridge,4,571,2025-04-30,2025-03-31,100.0,-1.983632317040605,-2.878194092626566,0.8002407703395076,0.8945617755859612,0.006614960458015895,0.08133240718198309,3.195081766380813,0.0
QR1_matched_ridge,4,571,2025-05-31,2025-04-30,100.0,-3.029808966262144,-2.7886606119536186,0.05815252878571017,0.24114835430852555,0.00017367726253272975,0.013178666948243656,0.09966056602757029,1.0
QR1_matched_ridge,4,571,2025-06-30,2025-05-31,100.0,-3.530189938328582,-3.0328293487580926,0.24736755605790475,0.49736058957048934,0.00035644606538672805,0.018879779272722656,0.36454772466612984,1.0
QR1_matched_ridge,4,571,2025-07-31,2025-06-30,100.0,-3.9507722447624736,-3.08174321208263,0.7552114596404645,0.8690290326798435,0.0007096561157540471,0.026639371534517235,0.9139196462904396,0.0
QR1_matched_ridge,4,571,2025-08-31,2025-07-31,100.0,-3.3885720022366694,-3.2550513500457523,0.017827764561487863,0.13352065219091713,2.3251610582094218e-05,0.0048219923871875014,0.03268275084743422,1.0
QR1_matched_ridge,4,571,2025-09-30,2025-08-31,100.0,-3.844352655797379,-3.3831533314523217,0.21270481677633724,0.46119932434505717,0.00015725186374446835,0.012540010516122718,0.31996292812540483,0.0
QR1_matched_ridge,4,571,2025-10-31,2025-09-30,100.0,-3.200601249147139,-3.549273535873634,0.12157236353108289,0.34867228672649464,0.00014381258377830906,0.011992188448248679,0.31106785511612456,1.0
QR1_matched_ridge,4,571,2025-11-30,2025-10-31,100.0,-3.1877347547552812,-3.191281432473083,1.2578922833952686e-05,0.003546677717801927,2.1343831224870398e-08,0.00014609528132308175,2.5217435817704963e-05,1.0
QR1_matched_ridge,4,571,2025-12-31,2025-11-30,100.0,-3.669080341092571,-3.2265513088624376,0.19583194436653864,0.4425290322301336,0.00020147660549518293,0.014194245506372747,0.2977482744093165,1.0
QR1_matched_ridge,4,571,2026-01-31,2025-12-31,100.0,-3.5432987087435324,-3.422964015465073,0.014480438406420866,0.12033469327845925,1.3674021277969729e-05,0.003697840082801003,0.026770865704121738,1.0
QR1_matched_ridge,4,571,2026-02-28,2026-01-31,100.0,-3.319307735691405,-3.3765834669216943,0.0032805093879643477,0.057275731230289395,4.05575214515434e-06,0.002013889804620486,0.006818885595830285,1.0
QR1_matched_ridge,4,571,2026-03-31,2026-02-28,100.0,-2.9305511753093016,-3.108674000277333,0.03172774077459193,0.17812282496803133,7.582020278070046e-05,0.008707479703146052,0.07171263310796028,1.0
QR1_matched_ridge,4,571,2026-04-30,2026-03-31,100.0,-3.237312027686596,-3.004932064361882,0.05400044735479527,0.23237996332471367,0.00010553066052580787,0.010272811714706342,0.09304584844118247,1.0
QR1_matched_ridge,4,571,2026-05-31,2026-04-30,100.0,-3.5119546359486353,-3.3132972629237774,0.03946475185713757,0.19865737302485797,4.299994961744647e-05,0.006557434682667184,0.0694371905026327,1.0
QR1_matched_ridge,4,571,2026-06-30,2026-05-31,100.0,-3.0168147582707263,-3.2667765408237304,0.06248089273707528,0.24996178255300405,0.0001172406671645043,0.01082777295497575,0.1486716905746056,1.0
QR1_matched_ridge,4,571,2026-07-31,2026-06-30,100.0,-3.371829178429884,-3.0654930666369595,0.09384181338840722,0.30633611179292464,0.00015138974542900944,0.012304054024142183,0.15457307589996394,1.0
QR1_matched_ridge,4,571,2026-08-31,2026-07-31,100.0,-3.507788998946598,-3.2229172566315256,0.08115190956962501,0.2848717423150724,9.752706606064399e-05,0.009875579277219337,0.13541400790416852,0.0
QR1_matched_ridge,4,120,2020-01-31,2019-12-31,100.0,-3.394259264647835,-3.560796956546743,0.027734802823015568,0.16653769189890788,2.6514660371120326e-05,0.005149238814729836,0.062177090138072155,1.0
QR1_matched_ridge,4,120,2020-02-29,2020-01-31,100.0,-2.6562454515374347,-3.4768970460884674,0.6734690396391525,0.8206515945510326,0.001545133478215841,0.039308185893218744,2.5205888632793796,0.0
QR1_matched_ridge,4,120,2020-03-31,2020-02-29,100.0,-1.2968909272855167,-3.0516854642567806,3.0793038669841923,1.7547945369712639,0.05112178108760763,0.22610126290582197,28.92493676884687,0.0
QR1_matched_ridge,4,120,2020-04-30,2020-03-31,100.0,-2.134850068143052,-2.5946835850860404,0.21144686330415777,0.4598335169429886,0.0019003340825606376,0.04359282145675636,0.5887879864628291,1.0
QR1_matched_ridge,4,120,2020-05-31,2020-04-30,100.0,-2.753043170704817,-1.8073261282366224,0.8943807244147887,0.9457170424681944,0.0100718684656255,0.10035869900325282,1.042289399240272,0.0
QR1_matched_ridge,4,120,2020-06-30,2020-05-31,100.0,-2.4519566880578116,-3.077490487100727,0.39129253374506234,0.6255337990429153,0.0016040157260742087,0.04005016511918782,1.243003632630871,0.0
QR1_matched_ridge,4,120,2020-07-31,2020-06-30,100.0,-3.21882688058945,-3.19309560645005,0.0006620984688369561,0.025731274139400018,1.087136284354141e-06,0.0010426582778428131,0.0013017706886132088,1.0
QR1_matched_ridge,4,120,2020-08-31,2020-07-31,100.0,-3.605943742197781,-3.4858690433512054,0.014417933303095803,0.12007469884657551,1.2008522950693519e-05,0.0034653315787516667,0.026659747150093033,1.0
QR1_matched_ridge,4,120,2020-09-30,2020-08-31,100.0,-2.651836989084487,-3.5883022313090187,0.8769671498946507,0.9364652422245316,0.0018383788926761365,0.04287632088549735,3.6344076536693137,1.0
QR1_matched_ridge,4,120,2020-10-31,2020-09-30,100.0,-2.7990735485463434,-3.243822911704756,0.1978019960298135,0.4447493631584125,0.0004775083960448511,0.021851965496148193,0.5444105644565982,1.0
QR1_matched_ridge,4,120,2020-11-30,2020-10-31,100.0,-3.0039337534233583,-3.2357445688400643,0.05373625414415814,0.231810815416706,0.0001052818323312116,0.010260693559950594,0.12619968642346402,1.0
QR1_matched_ridge,4,120,2020-12-31,2020-11-30,100.0,-3.651571910629322,-3.3748462012874025,0.07657711821078841,0.2767257093419193,6.844379109843308e-05,0.008273076277808218,0.12841336615606525,1.0
QR1_matched_ridge,4,120,2021-01-31,2020-12-31,100.0,-3.0833870228491476,-3.454834014762894,0.1379728678017708,0.3714469919137464,0.0002019612495576028,0.01421130710236053,0.35911591950132205,1.0
QR1_matched_ridge,4,120,2021-02-28,2021-01-31,100.0,-3.2488776237223895,-3.3539189414175405,0.011033678423133646,0.10504131769515102,1.4981713730231486e-05,0.0038706218790049082,0.023697374246700598,1.0
QR1_matched_ridge,4,120,2021-03-31,2021-02-28,100.0,-3.005349457539076,-3.494079717806188,0.23885726730075924,0.4887302602671122,0.00036652164236123167,0.01914475495693877,0.6802379736938176,0.0
QR1_matched_ridge,4,120,2021-04-30,2021-03-31,100.0,-3.428567723170164,-3.4200191264638367,7.307850564742891e-05,0.008548596706327238,7.753339930879687e-08,0.0002784481986093587,0.0001453276012369463,1.0
QR1_matched_ridge,4,120,2021-05-31,2021-04-30,100.0,-3.25079126490233,-3.515954052249074,0.07031130379349478,0.26516278734674437,8.143444879900082e-05,0.009024103767078524,0.169159953342933,0.0
QR1_matched_ridge,4,120,2021-06-30,2021-05-31,100.0,-3.704361054701714,-3.4180891498949046,0.08195160348171883,0.2862719048068092,6.657030374434515e-05,0.008159062675598537,0.13663248746324635,1.0
QR1_matched_ridge,4,120,2021-07-31,2021-06-30,100.0,-3.396235869388752,-3.551076154541371,0.023975513906144344,0.15484028515261894,2.3091714444642027e-05,0.004805383901900245,0.053309094910261534,1.0
QR1_matched_ridge,4,120,2021-08-31,2021-07-31,100.0,-3.708289465775626,-3.447415041373196,0.06805546530729913,0.2608744244024299,5.3412344342427743e-05,0.007308374945391605,0.11523057885777471,1.0
QR1_matched_ridge,4,120,2021-09-30,2021-08-31,100.0,-3.2831700937799164,-3.4954232937838587,0.04505142091191354,0.21225320000394232,5.145559961270757e-05,0.007173255858583853,0.10432920014118707,1.0
QR1_matched_ridge,4,120,2021-10-31,2021-09-30,100.0,-3.386818668681176,-3.355744552993287,0.0009656006657843012,0.03107411568788887,1.1391331787786646e-06,0.0010673018217817604,0.0018918083587850104,1.0
QR1_matched_ridge,4,120,2021-11-30,2021-10-31,100.0,-3.306447862510668,-3.4752400581408986,0.028490805305674008,0.1687921956302305,3.239559455503969e-05,0.005691712796253839,0.0639734913771105,0.0
QR1_matched_ridge,4,120,2021-12-31,2021-11-30,100.0,-2.996205908102638,-3.348462663177777,0.12408482149606645,0.352256755075139,0.0002201660015210989,0.014837991829122259,0.3183488333579285,0.0
QR1_matched_ridge,4,120,2022-01-31,2021-12-31,100.0,-2.9415796259494096,-3.3779433233055998,0.19041327637036473,0.4363636973561902,0.0003483723394445378,0.01866473518281301,0.5207023926645593,0.0
QR1_matched_ridge,4,120,2022-02-28,2022-01-31,100.0,-2.79991710955502,-3.1507330257365287,0.12307180704627138,0.35081591618150876,0.00032379759433720425,0.017994376742115972,0.31540966459337927,0.0
QR1_matched_ridge,4,120,2022-03-31,2022-02-28,100.0,-2.676617851726222,-3.035013067605897,0.12844713076543904,0.35839521587967527,0.0004293765354802093,0.02072140283572059,0.33105950568278364,0.0
QR1_matched_ridge,4,120,2022-04-30,2022-03-31,100.0,-2.647933077507468,-3.194225434316527,0.2984353391079962,0.546292356809059,0.0008879878942633423,0.029799125729848892,0.889386949392275,0.0
QR1_matched_ridge,4,120,2022-05-31,2022-04-30,100.0,-2.4244300010941817,-3.0127201438916105,0.3460852921126191,0.5882901427974288,0.0015500587393644945,0.03937078535366668,1.0666838943333774,0.0
QR1_matched_ridge,4,120,2022-06-30,2022-05-31,1.0,-2.4599323402147326,-2.6804617660238197,0.04863322764768564,0.22052942580908708,0.00028592207087550634,0.016909230345450568,0.11329332417318294,1.0
QR1_matched_ridge,4,120,2022-07-31,2022-06-30,1.0,-2.8821336588859534,-2.8835178690956678,1.9160379046774555e-06,0.0013842102097143538,6.003624518499854e-09,7.748305955820184e-05,3.835614523817893e-06,1.0
QR1_matched_ridge,4,120,2022-08-31,2022-07-31,1.0,-2.844638284908549,-2.786849880025456,0.0033394997389322614,0.05778840488309278,1.1969555866019746e-05,0.0034597045923054973,0.006428953230452922,1.0
QR1_matched_ridge,4,120,2022-09-30,2022-08-31,1.0,-2.646329916608998,-2.754994899134232,0.011808078427209347,0.10866498252523371,5.331396384383427e-05,0.007301641174683557,0.0254241348604044,1.0
QR1_matched_ridge,4,120,2022-10-31,2022-09-30,1.0,-2.5235204874353756,-2.575734543062058,0.0027263076049863022,0.052214055626682576,1.663777318940925e-05,0.004078942655812809,0.005647477801584949,1.0
QR1_matched_ridge,4,120,2022-11-30,2022-10-31,1.0,-2.5436055847483017,-2.8631910192030476,0.10213484991562873,0.31958543445474596,0.0004620886141738309,0.021496246513608624,0.25573823083157,1.0
QR1_matched_ridge,4,120,2022-12-31,2022-11-30,1.0,-2.953340209712298,-2.662638974933464,0.08450720790193879,0.29070123477883403,0.0003097142940103478,0.01759870148648325,0.14051614608913504,1.0
QR1_matched_ridge,4,120,2023-01-31,2022-12-31,1.0,-3.0446334829778476,-2.666216085253652,0.14319972690035201,0.3784173977241956,0.00047965407193774074,0.02190100618550985,0.2259838274980247,0.0
QR1_matched_ridge,4,120,2023-02-28,2023-01-31,1.0,-3.1747292629057444,-3.0303889225673615,0.02083413384900022,0.14434034033838294,4.2138662232577676e-05,0.00649142990662132,0.03793209834047456,0.0
QR1_matched_ridge,4,120,2023-03-31,2023-02-28,1.0,-2.9240573364232487,-3.044341092161197,0.014468181894426425,0.12028375573794836,3.705911250631009e-05,0.006087619609199485,0.03140329208091713,1.0
QR1_matched_ridge,4,120,2023-04-30,2023-03-31,1.0,-3.442485805524746,-3.056961169274843,0.14862924515562018,0.3855246362499032,0.00022636159248553043,0.015045317958937605,0.23357676872467303,1.0
QR1_matched_ridge,4,120,2023-05-31,2023-04-30,1.0,-3.29928079041607,-3.093273206197142,0.04243912475571869,0.20600758421892795,7.129365381281375e-05,0.008443556940816693,0.07432939814155032,1.0
QR1_matched_ridge,4,120,2023-06-30,2023-05-31,1.0,-3.4043718007388586,-3.103319757952141,0.09063233246605565,0.3010520427867176,0.00013624050436878178,0.011672210774689676,0.14976218901270583,0.0
QR1_matched_ridge,4,120,2023-07-31,2023-06-30,1.0,-3.7661453260783695,-3.2999460364020354,0.21734177769471844,0.46619928967633406,0.0001888993185738504,0.013744064849012114,0.3260070554039908,0.0
QR1_matched_ridge,4,120,2023-08-31,2023-07-31,1.0,-3.308105488673255,-3.305104494234137,9.005967623616152e-06,0.0030009944391178323,1.2090662657021352e-08,0.00010995754934074037,1.7975953442348445e-05,1.0
QR1_matched_ridge,4,120,2023-09-30,2023-08-31,1.0,-3.437757865373422,-3.0171027867206797,0.17695069519634501,0.42065507865274254,0.0002824467311348153,0.01680615158609535,0.27245544239486263,0.0
QR1_matched_ridge,4,120,2023-10-31,2023-09-30,1.0,-3.193098626287721,-3.062993143978341,0.016927436526956368,0.1301054823093799,3.2525021914297137e-05,0.00570307127031542,0.031099902975514432,1.0
QR1_matched_ridge,4,120,2023-11-30,2023-10-31,1.0,-3.3142693090819773,-2.8972516622819873,0.1739037177426012,0.41701764679999,0.0003539682217009431,0.018814043204504,0.2683285384814269,0.0
QR1_matched_ridge,4,120,2023-12-31,2023-11-30,1.0,-3.568281666444767,-3.154768218524449,0.1709933716109497,0.4135134479203182,0.00020862938183155614,0.0144440085098132,0.2643745312161285,0.0
QR1_matched_ridge,4,120,2024-01-31,2023-12-31,1.0,-3.4647197491071067,-3.3246654798626065,0.01961519833361094,0.14005426924450015,2.2116171294021474e-05,0.004702783356058567,0.03581025277105043,1.0
QR1_matched_ridge,4,120,2024-02-29,2024-01-31,1.0,-3.3449345770399286,-3.355692406472011,0.00011573089408978,0.010757829432082477,1.4236661940173099e-07,0.00037731501348572255,0.0002331307734589165,1.0
QR1_matched_ridge,4,120,2024-03-31,2024-02-29,1.0,-3.579023213504305,-3.521670043391481,0.003289386121990558,0.05735317011282426,2.712951314873028e-06,0.0016471039174481457,0.006334280950880067,1.0
QR1_matched_ridge,4,120,2024-04-30,2024-03-31,1.0,-3.2298318565473947,-3.4341983685554807,0.04176567123035115,0.20436651200808598,5.3478465325697664e-05,0.007312897190970051,0.096176868033501,1.0
QR1_matched_ridge,4,120,2024-05-31,2024-04-30,100.0,-3.551159106071428,-3.150874450225646,0.16022780570557596,0.40028465584578177,0.0001994678050016303,0.014123307155253343,0.24964254037964728,0.0
QR1_matched_ridge,4,120,2024-06-30,2024-05-31,100.0,-3.974327104300053,-3.3572809105415677,0.3807460052318344,0.6170461937584855,0.00025721402746509787,0.016037893485900755,0.5251912349709782,0.0
QR1_matched_ridge,4,120,2024-07-31,2024-06-30,100.0,-3.172237966118978,-3.4913875429704877,0.10185645240449762,0.3191495768515096,0.00013112815235144696,0.011451120135228997,0.2549588447105363,1.0
QR1_matched_ridge,4,120,2024-08-31,2024-07-31,100.0,-2.8728553989963164,-3.391305884233775,0.26879090564295643,0.5184504852374587,0.0005231546159557651,0.02287257344410036,0.7835617886702875,0.0
QR1_matched_ridge,4,120,2024-09-30,2024-08-31,100.0,-3.2605071347369625,-3.302118936634083,0.0017315420571251867,0.041611801897120326,2.445588708906406e-06,0.001563837814131122,0.0035611867898300703,1.0
QR1_matched_ridge,4,120,2024-10-31,2024-09-30,100.0,-3.4205515268412334,-3.313830857869543,0.011389301185765172,0.10672066897169064,1.3558265141406802e-05,0.0036821549589074604,0.021240883886757184,1.0
QR1_matched_ridge,4,120,2024-11-30,2024-10-31,100.0,-3.3432396881530604,-3.2424606430056717,0.010156415940819404,0.10077904514738867,1.4027320080764476e-05,0.003745306406792971,0.019014180210373016,1.0
QR1_matched_ridge,4,120,2024-12-31,2024-11-30,100.0,-3.197746191257484,-3.347643331224501,0.022469152570291428,0.1498971399670168,3.234246934757993e-05,0.00568704399029759,0.049786863160586614,0.0
QR1_matched_ridge,4,120,2025-01-31,2024-12-31,100.0,-3.243894689291075,-3.2351818533822163,7.591350957469638e-05,0.00871283590885863,1.165452631864578e-07,0.000341387262777125,0.00015094895176965759,1.0
QR1_matched_ridge,4,120,2025-02-28,2025-01-31,100.0,-3.3361230676767963,-3.3795823185538683,0.0018887064867962764,0.04345925087707192,2.288964378297469e-06,0.0015129323773049042,0.0038892754210764213,1.0
QR1_matched_ridge,4,120,2025-03-31,2025-02-28,100.0,-2.8189264390259248,-3.310281960223639,0.24143024821147746,0.4913555211977143,0.0005365750000863163,0.02316408858743025,0.6889784537658459,1.0
QR1_matched_ridge,4,120,2025-04-30,2025-03-31,100.0,-1.983632317040605,-2.8885676626486543,0.8189079797307597,0.9049353456080493,0.006709700620383824,0.08191276225585256,3.2997866575714223,0.0
QR1_matched_ridge,4,120,2025-05-31,2025-04-30,100.0,-3.029808966262144,-2.8156663588779915,0.04585705629728332,0.21414260738415258,0.00013317033224581016,0.011539945071178205,0.07991074983446911,1.0
QR1_matched_ridge,4,120,2025-06-30,2025-05-31,100.0,-3.530189938328582,-3.2510902767022767,0.0778966211199181,0.2790996616263053,8.897405565950982e-05,0.00943260598453629,0.13043787659131795,1.0
QR1_matched_ridge,4,120,2025-07-31,2025-06-30,100.0,-3.9507722447624736,-3.243205495578273,0.5006507045510972,0.7075667491842004,0.0003919892434467544,0.019798718227369023,0.6580266838086963,0.0
QR1_matched_ridge,4,120,2025-08-31,2025-07-31,100.0,-3.3885720022366694,-3.4991637511023788,0.012230534917176121,0.11059174886570933,1.2490574500126315e-05,0.003534200687585004,0.02636883485335853,1.0
QR1_matched_ridge,4,120,2025-09-30,2025-08-31,100.0,-3.844352655797379,-3.4274819750244503,0.1737811644880849,0.41687068077292855,0.00012250824449294608,0.011068344252549524,0.268162277895313,1.0
QR1_matched_ridge,4,120,2025-10-31,2025-09-30,100.0,-3.200601249147139,-3.5756388533746373,0.1406532045847015,0.3750376042274981,0.00016231191541234692,0.012740169363566048,0.36708403044551097,1.0
QR1_matched_ridge,4,120,2025-11-30,2025-10-31,100.0,-3.1877347547552812,-3.312510849828282,0.015569073901666536,0.1247760950730008,2.343178498484078e-05,0.0048406389025459,0.03389835603330865,0.0
QR1_matched_ridge,4,120,2025-12-31,2025-11-30,100.0,-3.669080341092571,-3.2406142753767093,0.18358316947002926,0.4284660657158619,0.00018604781817965597,0.013639934683848599,0.2813944128012337,1.0
QR1_matched_ridge,4,120,2026-01-31,2025-12-31,100.0,-3.5432987087435324,-3.410971257536008,0.01751055434307973,0.13232745120752432,1.673911367537641e-05,0.00409134619353782,0.032125659000834056,1.0
QR1_matched_ridge,4,120,2026-02-28,2026-01-31,100.0,-3.319307735691405,-3.379559234058492,0.0036302430554791126,0.06025149836708721,4.474928723108631e-06,0.0021154027330767614,0.0075611247348283395,1.0
QR1_matched_ridge,4,120,2026-03-31,2026-02-28,100.0,-2.9305511753093016,-3.1771182299378022,0.06079531242817399,0.2465670546285006,0.00013600100471357476,0.011661946866350179,0.14430599328344307,1.0
QR1_matched_ridge,4,120,2026-04-30,2026-03-31,100.0,-3.237312027686596,-3.0418989002359007,0.03818629038006163,0.19541312745069517,7.182280834099432e-05,0.008474833823798218,0.06732393888724486,1.0
QR1_matched_ridge,4,120,2026-05-31,2026-04-30,100.0,-3.5119546359486353,-3.4121740345883613,0.009956168407817914,0.099780601360274,9.802608462383597e-06,0.0031309117621522962,0.018651291457573327,1.0
QR1_matched_ridge,4,120,2026-06-30,2026-05-31,100.0,-3.0168147582707263,-3.4355363913009485,0.175327805967496,0.41872163303022214,0.0002805216458197944,0.016748780427833974,0.47300894112274827,1.0
QR1_matched_ridge,4,120,2026-07-31,2026-06-30,100.0,-3.371829178429884,-3.216659545732031,0.024077614911586644,0.1551696326978531,3.3200176338362885e-05,0.0057619594183196815,0.04353743065363169,1.0
QR1_matched_ridge,4,120,2026-08-31,2026-07-31,100.0,-3.507788998946598,-3.3656402991390735,0.020206252856969725,0.14214869980752454,2.094713024285832e-05,0.004576803496203253,0.036840205097387224,0.0
QR2_matched_ridge,0,571,2020-01-31,2019-12-31,100.0,-3.394259264647835,-3.6059131246456637,0.04479735645198043,0.2116538599978286,4.099555884628025e-05,0.006402777432199268,0.10369639338012315,1.0
QR2_matched_ridge,0,571,2020-02-29,2020-01-31,100.0,-2.6562454515374347,-3.4654770826926304,0.6548558328620987,0.8092316311551957,0.0015173557005819657,0.03895325019278835,2.4268677434546992,0.0
QR2_matched_ridge,0,571,2020-03-31,2020-02-29,0.01,-1.2968909272855167,-2.9097111163129776,2.6011889621345747,1.612820189027461,0.047912378325052615,0.21888896346104939,20.9440467332966,0.0
QR2_matched_ridge,0,571,2020-04-30,2020-03-31,0.01,-2.134850068143052,-2.3108582450465986,0.030978878336910248,0.17600817690354686,0.00036428389725488597,0.019086222707882405,0.06991542371932918,1.0
QR2_matched_ridge,0,571,2020-05-31,2020-04-30,0.01,-2.753043170704817,-2.4712753990986425,0.07939307711590926,0.2817677716061744,0.00043029008678247357,0.02074343478748092,0.13272863860441542,1.0
QR2_matched_ridge,0,571,2020-06-30,2020-05-31,0.01,-2.4519566880578116,-2.9044195336618808,0.2047226266521317,0.45246284560406913,0.000982466540302406,0.031344322297704987,0.5668225523991501,0.0
QR2_matched_ridge,0,571,2020-07-31,2020-06-30,0.01,-3.21882688058945,-2.663460756468683,0.3084315318209235,0.5553661241207672,0.0008823637697675694,0.0297046085610898,0.44004997867812856,1.0
QR2_matched_ridge,0,571,2020-08-31,2020-07-31,0.01,-3.605943742197781,-3.0277752366944037,0.3342788207560087,0.5781685055033772,0.000452049241936952,0.021261449666872483,0.4709735939882884,0.0
QR2_matched_ridge,0,571,2020-09-30,2020-08-31,0.01,-2.651836989084487,-3.338040329569049,0.4708750244921714,0.6862033404845618,0.0012260555556090728,0.035015076118853045,1.5724265542739753,1.0
QR2_matched_ridge,0,571,2020-10-31,2020-09-30,0.01,-2.7990735485463434,-2.7117931995174565,0.007617859326604323,0.08728034902888693,3.0815527858795806e-05,0.005551173556897299,0.014386574940291968,1.0
QR2_matched_ridge,0,571,2020-11-30,2020-10-31,0.01,-3.0039337534233583,-2.8472450492010095,0.024551350030878712,0.15668870422234882,7.076672098217448e-05,0.008412295821128409,0.04435139319341164,1.0
QR2_matched_ridge,0,571,2020-12-31,2020-11-30,0.01,-3.651571910629322,-3.0876048659926045,0.3180588274362731,0.5639670446367173,0.00038654560807053237,0.019660763160938906,0.4516353933910159,1.0
QR2_matched_ridge,0,571,2021-01-31,2020-12-31,0.01,-3.0833870228491476,-3.3472268559569684,0.06961145753436278,0.2638398331078209,0.00011282840978118931,0.010622071821504,0.16731512231694168,1.0
QR2_matched_ridge,0,571,2021-02-28,2021-01-31,0.01,-3.2488776237223895,-3.0514309639645645,0.03898518344952233,0.19744665975782505,7.179939603011519e-05,0.008473452426851477,0.06864523111102183,0.0
QR2_matched_ridge,0,571,2021-03-31,2021-02-28,0.01,-3.005349457539076,-3.2627627462230295,0.06626160119108851,0.25741328868395374,0.00012631419211695086,0.011238958675827172,0.15852170280169553,0.0
QR2_matched_ridge,0,571,2021-04-30,2021-03-31,0.01,-3.428567723170164,-3.1054429515780244,0.1044096180164723,0.3231247715921395,0.00015304923173237433,0.012371306791619643,0.17025690620986106,1.0
QR2_matched_ridge,0,571,2021-05-31,2021-04-30,0.01,-3.25079126490233,-3.3733372377872657,0.015017515470315433,0.12254597288493585,1.9967287255847713e-05,0.004468477062249253,0.03264684471094853,1.0
QR2_matched_ridge,0,571,2021-06-30,2021-05-31,0.01,-3.704361054701714,-3.214020655371702,0.2404337072151156,0.49034039933001194,0.00024269709056356736,0.015578738413734514,0.35573647317437196,0.0
QR2_matched_ridge,0,571,2021-07-31,2021-06-30,0.01,-3.396235869388752,-3.4524695522769058,0.0031622270911654394,0.05623368288815378,3.355463538419181e-06,0.0018317924386838103,0.006568371678008236,1.0
QR2_matched_ridge,0,571,2021-08-31,2021-07-31,0.01,-3.708289465775626,-3.354731728042338,0.12500307391108023,0.3535577377332877,0.00010814560423870061,0.01039930787306062,0.20017988000317477,0.0
QR2_matched_ridge,0,571,2021-09-30,2021-08-31,1.0,-3.2831700937799164,-3.520522627573073,0.05633622529803164,0.2373525337931568,6.280864998608865e-05,0.007925190848559336,0.1328349443207486,1.0
QR2_matched_ridge,0,571,2021-10-31,2021-09-30,1.0,-3.386818668681176,-3.2396147626904286,0.02166898993893283,0.1472039059907475,2.876068856256534e-05,0.005362899268358985,0.039380432707317614,0.0
QR2_matched_ridge,0,571,2021-11-30,2021-10-31,1.0,-3.306447862510668,-3.4208534562098687,0.013088639869666558,0.11440559369920056,1.569416880660362e-05,0.003961586652668804,0.02829347200078902,0.0
QR2_matched_ridge,0,571,2021-12-31,2021-11-30,0.01,-2.996205908102638,-3.2229831717737674,0.05142792731816484,0.22677726367112916,0.0001028252949390952,0.010140280811648916,0.12034218599100299,1.0
QR2_matched_ridge,0,571,2022-01-31,2021-12-31,1.0,-2.9415796259494096,-3.197961779476811,0.065731808647348,0.25638215352740135,0.00014248995202949057,0.011936915515722249,0.15713663252897936,0.0
QR2_matched_ridge,0,571,2022-02-28,2022-01-31,1.0,-2.79991710955502,-2.8140660554575607,0.00020019267015302576,0.014148945902540788,7.300178969799806e-07,0.0008544108478829027,0.0004041888973186879,1.0
QR2_matched_ridge,0,571,2022-03-31,2022-02-28,0.01,-2.676617851726222,-2.8962909439942006,0.048256267466575936,0.21967309226797882,0.00018408395634397353,0.01356775428521513,0.11234618178396572,0.0
QR2_matched_ridge,0,571,2022-04-30,2022-03-31,100.0,-2.647933077507468,-3.033501374836259,0.148662911905023,0.38556829732879105,0.0005130511243735244,0.02265063187581142,0.3910858334859211,0.0
QR2_matched_ridge,0,571,2022-05-31,2022-04-30,100.0,-2.4244300010941817,-2.7542767285594887,0.10879886361957249,0.32984672746530697,0.0006186921440129435,0.02487352295138233,0.27450586931783383,0.0
QR2_matched_ridge,0,571,2022-06-30,2022-05-31,100.0,-2.4599323402147326,-2.6707578705025403,0.04444740422113532,0.2108255302878077,0.00026376912926755013,0.01624097069967033,0.10282542134162609,1.0
QR2_matched_ridge,0,571,2022-07-31,2022-06-30,100.0,-2.8821336588859534,-2.74749242552146,0.018128261721911943,0.1346412333644933,6.517733569884425e-05,0.008073248150456187,0.03320990781293737,1.0
QR2_matched_ridge,0,571,2022-08-31,2022-07-31,100.0,-2.844638284908549,-3.0046595277040886,0.025606798145829047,0.16002124279553964,7.395440686315613e-05,0.008599674811477241,0.057143788074830226,0.0
QR2_matched_ridge,0,571,2022-09-30,2022-08-31,100.0,-2.646329916608998,-2.9959221865282135,0.1222147551872695,0.3495922699192153,0.0004376664856249,0.020920480052448606,0.3129267018897721,0.0
QR2_matched_ridge,0,571,2022-10-31,2022-09-30,100.0,-2.5235204874353756,-2.7417003633477988,0.04760245825316037,0.21817987591242316,0.0002469989612562547,0.01571620059862608,0.11070550237323262,0.0
QR2_matched_ridge,0,571,2022-11-30,2022-10-31,100.0,-2.5436055847483017,-2.9174124052337174,0.1397315390414158,0.3738068204854157,0.0006006972467129329,0.024509125784346796,0.3643404765954015,1.0
QR2_matched_ridge,0,571,2022-12-31,2022-11-30,100.0,-2.953340209712298,-2.989560242394805,0.0013118907675218798,0.036220032682507064,3.443311248005249e-06,0.00185561613702976,0.0026883013678623835,1.0
QR2_matched_ridge,0,571,2023-01-31,2022-12-31,100.0,-3.0446334829778476,-2.833384066934439,0.044626315778681154,0.21124941604340863,0.00012543390062889068,0.01119972770333684,0.07790585187170923,0.0
QR2_matched_ridge,0,571,2023-02-28,2023-01-31,100.0,-3.1747292629057444,-2.9911968567474796,0.03368414411024229,0.18353240615826483,7.092781071348812e-05,0.00842186503771511,0.059829556218001234,0.0
QR2_matched_ridge,0,571,2023-03-31,2023-02-28,100.0,-2.9240573364232487,-3.2007665160614875,0.07656797009606713,0.2767091796382388,0.00016859288912417965,0.0129843324481538,0.18576967835865354,0.0
QR2_matched_ridge,0,571,2023-04-30,2023-03-31,100.0,-3.442485805524746,-2.994150148634349,0.2010048612393437,0.4483356568903969,0.0003273961332986692,0.018094091115573314,0.30459657127301054,1.0
QR2_matched_ridge,0,571,2023-05-31,2023-04-30,100.0,-3.29928079041607,-3.267925063351815,0.0009831816197280563,0.031355727064255046,1.3821910273777759e-06,0.0011756662057649594,0.0019258951719143824,1.0
QR2_matched_ridge,0,571,2023-06-30,2023-05-31,100.0,-3.4043718007388586,-3.263399057487149,0.019873314339912438,0.1409727432517096,2.530540729465241e-05,0.0050304480212653435,0.03626029025319688,0.0
QR2_matched_ridge,0,571,2023-07-31,2023-06-30,1.0,-3.7661453260783695,-3.3758203058818403,0.1523536213914209,0.39032502019652915,0.00012207968376999002,0.011048967543168458,0.2387581661038365,0.0
QR2_matched_ridge,0,571,2023-08-31,2023-07-31,1.0,-3.308105488673255,-3.4291511411315874,0.014652049979063374,0.12104565245833232,1.739703449331986e-05,0.00417097524487018,0.031819196881863354,1.0
QR2_matched_ridge,0,571,2023-09-30,2023-08-31,1.0,-3.437757865373422,-3.2545551735205747,0.03356322630212941,0.18320269185284754,4.174874563049006e-05,0.0064613269249040525,0.059627107156007664,0.0
QR2_matched_ridge,0,571,2023-10-31,2023-09-30,1.0,-3.193098626287721,-3.1985479766200706,2.9695419044681244e-05,0.005449350332349834,4.9754650851350445e-08,0.00022305750570503213,5.960718824057909e-05,1.0
QR2_matched_ridge,0,571,2023-11-30,2023-10-31,1.0,-3.3142693090819773,-3.1920383420393037,0.01494040930418715,0.12223096704267356,2.2348564322277195e-05,0.004727426818288909,0.027587732283135685,0.0
QR2_matched_ridge,0,571,2023-12-31,2023-11-30,1.0,-3.568281666444767,-3.474989613366092,0.008703407167634344,0.09329205307867516,7.60589654736963e-06,0.00275787899433054,0.016372874828969652,1.0
QR2_matched_ridge,0,571,2024-01-31,2023-12-31,1.0,-3.4647197491071067,-3.3786633859522412,0.007405697639442079,0.08605636315486542,7.902972089132297e-06,0.002811222525722981,0.013996991622575894,1.0
QR2_matched_ridge,0,571,2024-02-29,2024-01-31,1.0,-3.3449345770399286,-3.3898696585563908,0.0020191615508911025,0.044935081516462194,2.400799136439719e-06,0.0015494512371932584,0.004162065624035427,1.0
QR2_matched_ridge,0,571,2024-03-31,2024-02-29,1.0,-3.579023213504305,-3.3412474575860984,0.05653731010247464,0.23777575591820677,5.609768850894253e-05,0.007489839017558557,0.09709368589244904,0.0
QR2_matched_ridge,0,571,2024-04-30,2024-03-31,1.0,-3.2298318565473947,-3.4592350911586314,0.0526258440500981,0.22940323461123668,6.577759162156881e-05,0.008110338563929918,0.12337800253744169,1.0
QR2_matched_ridge,0,571,2024-05-31,2024-04-30,1.0,-3.551159106071428,-3.0260945030324633,0.27569283736446537,0.5250646030389645,0.0003925684270024113,0.019813339622648456,0.4000217440258439,0.0
QR2_matched_ridge,0,571,2024-06-30,2024-05-31,100.0,-3.974327104300053,-3.392945780359696,0.33800424382664246,0.5813813239403571,0.00021956074802940317,0.014817582394891657,0.4753839720274502,0.0
QR2_matched_ridge,0,571,2024-07-31,2024-06-30,0.01,-3.172237966118978,-3.554545509230891,0.146159057520267,0.38230754311191273,0.0001772980807487787,0.013315332543679812,0.38355227006726,1.0
QR2_matched_ridge,0,571,2024-08-31,2024-07-31,0.01,-2.8728553989963164,-3.3808163811493213,0.25802435938984536,0.5079609821530049,0.0005070418173679196,0.022517589066503536,0.7459866407449869,0.0
QR2_matched_ridge,0,571,2024-09-30,2024-08-31,0.01,-3.2605071347369625,-3.1761755276678,0.007111819950867644,0.08433160706916265,1.1397834882404199e-05,0.003376067961757316,0.013456584082547102,1.0
QR2_matched_ridge,0,571,2024-10-31,2024-09-30,0.01,-3.4205515268412334,-3.297635090882605,0.01510845022877158,0.12291643595862833,1.828501268593896e-05,0.004276097833999938,0.027885788925894578,1.0
QR2_matched_ridge,0,571,2024-11-30,2024-10-31,0.01,-3.3432396881530604,-3.2737276387082095,0.004831925018023396,0.0695120494448509,6.465210289323323e-06,0.002542677779295545,0.009231156071373425,1.0
QR2_matched_ridge,0,571,2024-12-31,2024-11-30,0.01,-3.197746191257484,-3.3153944410073324,0.013841110669202688,0.11764824974984833,2.0561309644712162e-05,0.004534458032081912,0.029987369656082175,1.0
QR2_matched_ridge,0,571,2025-01-31,2024-12-31,0.01,-3.243894689291075,-3.111098302535673,0.017634880335290266,0.13279638675540184,3.069532683476303e-05,0.005540336346717863,0.0323440788861335,0.0
QR2_matched_ridge,0,571,2025-02-28,2025-01-31,1e-08,-3.3361230676767963,-3.267458737763614,0.004714790202426323,0.06866432991318216,6.393429207352782e-06,0.0025285231277077103,0.009012351464126128,1.0
QR2_matched_ridge,0,571,2025-03-31,2025-02-28,1e-08,-2.8189264390259248,-3.3182198983685645,0.24929395854234018,0.4992934593426397,0.0005500302114884613,0.02345272290137035,0.7158564691668916,1.0
QR2_matched_ridge,0,571,2025-04-30,2025-03-31,0.01,-1.983632317040605,-2.781786467699858,0.6370500482145933,0.7981541506592529,0.005721539590161104,0.07564085926376765,2.3384727298566803,1.0
QR2_matched_ridge,0,571,2025-05-31,2025-04-30,0.01,-3.029808966262144,-2.7180808693335794,0.09717440641470465,0.31172809692856474,0.000312456147535304,0.017676429151140906,0.15954460044016933,1.0
QR2_matched_ridge,0,571,2025-06-30,2025-05-31,0.01,-3.530189938328582,-3.022605773611917,0.2576416842711143,0.5075841647166648,0.00037538553728898376,0.01937486870378697,0.3775097614041807,0.0
QR2_matched_ridge,0,571,2025-07-31,2025-06-30,1.0,-3.9507722447624736,-3.3079715615692384,0.41319271831368987,0.6428006831932351,0.0003010392105752363,0.017350481566090214,0.5620856316707942,0.0
QR2_matched_ridge,0,571,2025-08-31,2025-07-31,0.01,-3.3885720022366694,-3.340402134387352,0.0023203361686207047,0.04816986784931743,2.775099425083599e-06,0.0016658629670785047,0.004495166531835654,1.0
QR2_matched_ridge,0,571,2025-09-30,2025-08-31,0.01,-3.844352655797379,-3.3501148557123095,0.24427100303292898,0.49423780008506935,0.00018714443251274153,0.013680074287544697,0.36061915459021976,0.0
QR2_matched_ridge,0,571,2025-10-31,2025-09-30,0.01,-3.200601249147139,-3.4772912165695327,0.07655733807220517,0.2766899674223935,9.695805900313016e-05,0.009846728340069617,0.18574127676227925,1.0
QR2_matched_ridge,0,571,2025-11-30,2025-10-31,0.01,-3.1877347547552812,-3.1933339574404904,3.135107071005383e-05,0.0055992026852091925,5.3087293153558347e-08,0.0002304067992780559,6.293685281591986e-05,1.0
QR2_matched_ridge,0,571,2025-12-31,2025-11-30,0.01,-3.669080341092571,-3.3155184540416105,0.1250060079750363,0.3535618870509607,0.00011697083390649721,0.01081530553921142,0.2001840868938034,1.0
QR2_matched_ridge,0,571,2026-01-31,2025-12-31,0.01,-3.5432987087435324,-3.438456672344059,0.010991852596388487,0.10484203639947332,1.021717499236795e-05,0.003196431602954762,0.020524444837646677,1.0
QR2_matched_ridge,0,571,2026-02-28,2026-01-31,0.01,-3.319307735691405,-3.46656355562284,0.02168427650367924,0.1472558199314351,2.4539353571664317e-05,0.004953721184288062,0.04795894958950553,1.0
QR2_matched_ridge,0,571,2026-03-31,2026-02-28,0.01,-2.9305511753093016,-3.200988672256706,0.07313643975517735,0.2704374969474044,0.0001599135183682886,0.012645691691967213,0.17663402090925773,1.0
QR2_matched_ridge,0,571,2026-04-30,2026-03-31,0.01,-3.237312027686596,-2.9276037432996826,0.09591922141788511,0.3097082843869132,0.0002032288716728532,0.01425583640734044,0.1576749515251385,0.0
QR2_matched_ridge,0,571,2026-05-31,2026-04-30,0.01,-3.5119546359486353,-3.215953139879163,0.08761688567536573,0.2960014960694721,0.00010564847662220634,0.010278544479750348,0.1452210749119715,0.0
QR2_matched_ridge,0,571,2026-06-30,2026-05-31,0.01,-3.0168147582707263,-3.272392772691626,0.06532012145532971,0.2555780144208999,0.00012191063289217257,0.011041314817184254,0.1560614039341639,1.0
QR2_matched_ridge,0,571,2026-07-31,2026-06-30,0.01,-3.371829178429884,-3.0923253437790406,0.07812239358452612,0.2795038346508436,0.00012253337827677438,0.01106947958473091,0.13078384277332078,1.0
QR2_matched_ridge,0,571,2026-08-31,2026-07-31,0.01,-3.507788998946598,-3.191830021550398,0.09983007539725253,0.31595897739620016,0.00012395492805752925,0.011133504751762998,0.16348924775913887,0.0
QR2_raw_input_ridge,0,571,2020-01-31,2019-12-31,1e-08,-3.394259264647835,-3.551830045341841,0.024828550928518565,0.1575707806940061,2.3944264691324197e-05,0.004893287718019879,0.055311739109370484,1.0
QR2_raw_input_ridge,0,571,2020-02-29,2020-01-31,1e-08,-2.6562454515374347,-3.4552134232902745,0.6383498198868465,0.7989679717528397,0.0014923368357347658,0.03863077575890453,2.3448836856662574,0.0
QR2_raw_input_ridge,0,571,2020-03-31,2020-02-29,1e-08,-1.2968909272855167,-2.7904633726911703,2.2307586496750242,1.4935724454056536,0.04493877357113761,0.21198767315845893,15.84184277941402,0.0
QR2_raw_input_ridge,0,571,2020-04-30,2020-03-31,1e-08,-2.134850068143052,-2.1043855456915006,0.0009280871282010658,0.03046452245155118,1.3382760417989093e-05,0.0036582455382312834,0.0018190432516564312,1.0
QR2_raw_input_ridge,0,571,2020-05-31,2020-04-30,1e-08,-2.753043170704817,-2.8560299723389324,0.010606281310824667,0.10298680163411555,3.890070277723178e-05,0.006237042791037414,0.022747166086431014,1.0
QR2_raw_input_ridge,0,571,2020-06-30,2020-05-31,1e-08,-2.4519566880578116,-3.0120347923323574,0.31368748288776893,0.5600781042745457,0.0013640774796642335,0.0369334195501071,0.9451767885670543,0.0
QR2_raw_input_ridge,0,571,2020-07-31,2020-06-30,1e-08,-3.21882688058945,-2.8871264412616773,0.11002518145023757,0.33170043932777293,0.0002475646084404443,0.015734185979593744,0.17849745003518386,1.0
QR2_raw_input_ridge,0,571,2020-08-31,2020-07-31,1e-08,-3.605943742197781,-2.8943300779457717,0.5063940071501714,0.7116136642520092,0.0007937903107701155,0.02817428456536413,0.6641625123156147,0.0
QR2_raw_input_ridge,0,571,2020-09-30,2020-08-31,1e-08,-2.651836989084487,-3.1139667163829614,0.21356388485296227,0.46212972729847435,0.0006810617734588936,0.026097160256604426,0.5957419391489509,1.0
QR2_raw_input_ridge,0,571,2020-10-31,2020-09-30,1e-08,-2.7990735485463434,-2.8702970609374736,0.005072788717329481,0.07122351239113023,1.7508703379552288e-05,0.004184340256187621,0.010644969257619041,1.0
QR2_raw_input_ridge,0,571,2020-11-30,2020-10-31,1e-08,-3.0039337534233583,-2.6848913550758122,0.10178805194335429,0.3190423983475461,0.00034733789050924043,0.018637003259892412,0.1663880606042667,0.0
QR2_raw_input_ridge,0,571,2020-12-31,2020-11-30,1e-08,-3.651571910629322,-3.1059170707555186,0.2977392042777059,0.5456548398738033,0.0003546865975072613,0.018833125006415194,0.42708612574540683,1.0
QR2_raw_input_ridge,0,571,2021-01-31,2020-12-31,1e-08,-3.0833870228491476,-3.4361402326470314,0.12443482702270985,0.3527532097978838,0.00018537280544228622,0.013615168212045205,0.31936544050914506,1.0
QR2_raw_input_ridge,0,571,2021-02-28,2021-01-31,1e-08,-3.2488776237223895,-3.212279544147261,0.0013394194285874302,0.036598079575128395,2.0937275329070193e-06,0.0014469718493830552,0.002614657350766242,1.0
QR2_raw_input_ridge,0,571,2021-03-31,2021-02-28,1e-08,-3.005349457539076,-3.2568817916060544,0.06326851508118213,0.2515323340669786,0.0001212896446321494,0.011013157795661942,0.15071713657412944,0.0
QR2_raw_input_ridge,0,571,2021-04-30,2021-03-31,1e-08,-3.428567723170164,-3.088960047483066,0.11533337338559302,0.3396076756870978,0.00017202782482417684,0.013115937817181691,0.1862300160627719,1.0
QR2_raw_input_ridge,0,571,2021-05-31,2021-04-30,1e-08,-3.25079126490233,-3.3477806338649048,0.009406937691758493,0.09698936896257493,1.2825234809352665e-05,0.003581233699348964,0.020091731099469573,1.0
QR2_raw_input_ridge,0,571,2021-06-30,2021-05-31,1e-08,-3.704361054701714,-3.2138398703915234,0.2406110322570718,0.49052118431019043,0.0002429235725852174,0.015586005664865434,0.3559624587824547,0.0
QR2_raw_input_ridge,0,571,2021-07-31,2021-06-30,1e-08,-3.396235869388752,-3.444367892985955,0.0023166916955617203,0.048132023597203144,2.478081681193601e-06,0.0015741923901460078,0.004785707518482979,1.0
QR2_raw_input_ridge,0,571,2021-08-31,2021-07-31,1e-08,-3.708289465775626,-3.267395045194248,0.1943878900997889,0.44089442058137784,0.00018458299415536296,0.013586132420794483,0.29583043534562325,0.0
QR2_raw_input_ridge,0,571,2021-09-30,2021-08-31,1e-08,-3.2831700937799164,-3.427025541057347,0.020694389711389583,0.1438554472774305,2.5258090352939453e-05,0.005025742766292307,0.04566086880306014,1.0
QR2_raw_input_ridge,0,571,2021-10-31,2021-09-30,1e-08,-3.386818668681176,-3.182690733640289,0.04166821386405663,0.2041279350408871,5.864226038067265e-05,0.007657823475418629,0.07306462247013418,0.0
QR2_raw_input_ridge,0,571,2021-11-30,2021-10-31,1e-08,-3.306447862510668,-3.462696234322207,0.024413553693756952,0.15624837181153906,2.810039655572505e-05,0.005300980716407583,0.054336746618437626,0.0
QR2_raw_input_ridge,0,571,2021-12-31,2021-11-30,1e-08,-2.996205908102638,-3.135022701764828,0.019270102202650914,0.13881679366218957,4.195875195080944e-05,0.006477557560594073,0.042368855636333025,1.0
QR2_raw_input_ridge,0,571,2022-01-31,2021-12-31,1e-08,-2.9415796259494096,-3.15045428968933,0.04362862515246489,0.20887466373992059,9.899498935684158e-05,0.009949622573587481,0.10079064296702844,0.0
QR2_raw_input_ridge,0,571,2022-02-28,2022-01-31,1e-08,-2.79991710955502,-2.787082775220649,0.0001647201378064166,0.01283433433437109,6.170913204681105e-07,0.0007855516026768136,0.00032663950720278334,1.0
QR2_raw_input_ridge,0,571,2022-03-31,2022-02-28,1e-08,-2.676617851726222,-2.79093475966725,0.013068355441197521,0.11431690794102822,5.5228839488926874e-05,0.007431610827332583,0.028247888730990933,1.0
QR2_raw_input_ridge,0,571,2022-04-30,2022-03-31,100.0,-2.647933077507468,-2.9187028592190316,0.07331627468812776,0.2707697817115635,0.00028202843975716886,0.016793702383845227,0.17711123489203218,0.0
QR2_raw_input_ridge,0,571,2022-05-31,2022-04-30,100.0,-2.4244300010941817,-2.627708937455184,0.041322325968060354,0.20327893636100214,0.0002651939955476963,0.016284778031882913,0.09508217012594766,1.0
QR2_raw_input_ridge,0,571,2022-06-30,2022-05-31,100.0,-2.4599323402147326,-2.63680573207687,0.03128419674881724,0.17687339186213746,0.0001918543744056696,0.01385115065276779,0.07064767722618803,1.0
QR2_raw_input_ridge,0,571,2022-07-31,2022-06-30,100.0,-2.8821336588859534,-2.5985069531182896,0.08044410822461694,0.2836267057676638,0.0003374362116661301,0.018369436890284092,0.13433425092627832,1.0
QR2_raw_input_ridge,0,571,2022-08-31,2022-07-31,100.0,-2.844638284908549,-2.96530272883207,0.014559908027372582,0.12066444392352116,4.3697861705312105e-05,0.0066104358181070105,0.031610732994879764,0.0
QR2_raw_input_ridge,0,571,2022-09-30,2022-08-31,100.0,-2.646329916608998,-2.7357280396884236,0.007992024410124093,0.0893981230794254,3.677459950560864e-05,0.006064206420102192,0.016980829013404364,1.0
QR2_raw_input_ridge,0,571,2022-10-31,2022-09-30,100.0,-2.5235204874353756,-2.742365650243308,0.04789320528443045,0.21884516280793243,0.0002483483238337325,0.01575907116024712,0.1114347831527962,0.0
QR2_raw_input_ridge,0,571,2022-11-30,2022-10-31,100.0,-2.5436055847483017,-2.9533194992270237,0.16786549171747758,0.4097139144787221,0.0006978209027434623,0.026416299944228797,0.44977326590270406,1.0
QR2_raw_input_ridge,0,571,2022-12-31,2022-11-30,100.0,-2.953340209712298,-2.811320497159162,0.02016959875367536,0.14201971255313595,6.336752765484056e-05,0.007960372331420218,0.036776392492522236,1.0
QR2_raw_input_ridge,0,571,2023-01-31,2022-12-31,100.0,-3.0446334829778476,-2.677511464444115,0.13477857649228223,0.3671220185337325,0.00044606404907563334,0.02112022843332035,0.21411212144370373,0.0
QR2_raw_input_ridge,0,571,2023-02-28,2023-01-31,100.0,-3.1747292629057444,-3.17879791484638,1.655392861403651e-05,0.004068651940635437,2.8813756601375255e-08,0.00016974615342144062,3.319784311253682e-05,1.0
QR2_raw_input_ridge,0,571,2023-03-31,2023-02-28,100.0,-2.9240573364232487,-3.0563572485444483,0.017503266747277143,0.13229991212119963,4.430894704973988e-05,0.0066564966048019494,0.038309654409970306,1.0
QR2_raw_input_ridge,0,571,2023-04-30,2023-03-31,100.0,-3.442485805524746,-2.998662189571257,0.19697940207803025,0.4438236159534892,0.0003192883261295125,0.017868640858484802,0.2992702998996162,1.0
QR2_raw_input_ridge,0,571,2023-05-31,2023-04-30,100.0,-3.29928079041607,-3.134314248113952,0.027213960079116504,0.16496654230211805,4.3822949275129885e-05,0.006619890427728384,0.0489049267118965,1.0
QR2_raw_input_ridge,0,571,2023-06-30,2023-05-31,100.0,-3.4043718007388586,-3.2736006899441312,0.01710108341848686,0.13077111079472736,2.154943277502377e-05,0.004642136660528616,0.031405591472443345,0.0
QR2_raw_input_ridge,0,571,2023-07-31,2023-06-30,100.0,-3.7661453260783695,-3.3637728486500755,0.16190361059178293,0.40237247742829396,0.00013140866885925825,0.01146336202251583,0.25194692356262116,0.0
QR2_raw_input_ridge,0,571,2023-08-31,2023-07-31,100.0,-3.308105488673255,-3.425318487025418,0.013738886982704174,0.11721299835216303,1.637419069946956e-05,0.004046503515316595,0.029756918567655,1.0
QR2_raw_input_ridge,0,571,2023-09-30,2023-08-31,100.0,-3.437757865373422,-3.3152527721286607,0.015007497870907723,0.12250509324476155,1.7541070977121418e-05,0.004188206176529687,0.027706751760421144,1.0
QR2_raw_input_ridge,0,571,2023-10-31,2023-09-30,100.0,-3.193098626287721,-3.221440440305881,0.0008032584218399798,0.02834181401816016,1.3154835988544692e-06,0.0011469453338561822,0.0016373063170727342,1.0
QR2_raw_input_ridge,0,571,2023-11-30,2023-10-31,1.0,-3.3142693090819773,-3.1153396670866593,0.03957300246438536,0.19892964199531793,6.404526480817987e-05,0.008002828550467633,0.06961583190291992,0.0
QR2_raw_input_ridge,0,571,2023-12-31,2023-11-30,1.0,-3.568281666444767,-3.483146166322979,0.007248053380986993,0.08513550012178817,6.281848899039599e-06,0.002506361685599187,0.013707214446216864,1.0
QR2_raw_input_ridge,0,571,2024-01-31,2023-12-31,1.0,-3.4647197491071067,-3.4164906351531763,0.002326047432781201,0.04822911395393037,2.3890819589676323e-06,0.0015456655391667476,0.004506055772924233,1.0
QR2_raw_input_ridge,0,571,2024-02-29,2024-01-31,1.0,-3.3449345770399286,-3.4127358779409036,0.004597016403864557,0.06780130090097503,5.343470665585042e-06,0.002311594831622757,0.009624090326970508,1.0
QR2_raw_input_ridge,0,571,2024-03-31,2024-02-29,1.0,-3.579023213504305,-3.38092820197754,0.03924163359178925,0.19809501152676523,3.73678681782554e-05,0.006112926318732739,0.06906884435345773,1.0
QR2_raw_input_ridge,0,571,2024-04-30,2024-03-31,100.0,-3.2298318565473947,-3.401487713984568,0.029465733392491113,0.17165585743717315,3.894376147051722e-05,0.006240493688044017,0.06629637438453595,1.0
QR2_raw_input_ridge,0,571,2024-05-31,2024-04-30,100.0,-3.551159106071428,-3.164913981365925,0.14918529635876956,0.386245124705503,0.00018296374407058012,0.013526409134377835,0.23435173416183896,0.0
QR2_raw_input_ridge,0,571,2024-06-30,2024-05-31,100.0,-3.974327104300053,-3.3738088973850617,0.3606221168363965,0.6005182069149915,0.00023922677820985942,0.015466957626173915,0.5019186256040055,0.0
QR2_raw_input_ridge,0,571,2024-07-31,2024-06-30,100.0,-3.172237966118978,-3.5344327699928835,0.13118507595325676,0.36219480387390535,0.00016216491738831913,0.012734398980254982,0.33908158091157015,1.0
QR2_raw_input_ridge,0,571,2024-08-31,2024-07-31,100.0,-2.8728553989963164,-3.4615845063841615,0.34660196188568887,0.5887291073878451,0.0006328876627847095,0.02515725865003398,1.0686545716716815,0.0
QR2_raw_input_ridge,0,571,2024-09-30,2024-08-31,100.0,-3.2605071347369625,-3.2541683687229224,4.0179954580750494e-05,0.006338766014040154,5.952827161184588e-08,0.00024398416262504802,8.002139428343706e-05,1.0
QR2_raw_input_ridge,0,571,2024-10-31,2024-09-30,100.0,-3.4205515268412334,-3.2403978537205953,0.03245534593885773,0.18015367312063812,4.165306489938983e-05,0.006453918569318165,0.05776927706433643,0.0
QR2_raw_input_ridge,0,571,2024-11-30,2024-10-31,100.0,-3.3432396881530604,-3.2553978777113137,0.007716183661683753,0.08784181044174666,1.0517921213961314e-05,0.003243134473616738,0.014566967412694781,1.0
QR2_raw_input_ridge,0,571,2024-12-31,2024-11-30,100.0,-3.197746191257484,-3.3410426842891034,0.020533884915160946,0.1432964930316194,2.9747756341740406e-05,0.005454150377624402,0.04528902253782979,1.0
QR2_raw_input_ridge,0,571,2025-01-31,2024-12-31,100.0,-3.243894689291075,-3.1596696805390243,0.007093852099283006,0.08422500875205063,1.1751848366194108e-05,0.0034280969015175328,0.013423513751888522,0.0
QR2_raw_input_ridge,0,571,2025-02-28,2025-01-31,100.0,-3.3361230676767963,-3.2974717252489567,0.001493926271474116,0.03865134242783963,1.965393960648773e-06,0.001401925090954853,0.002912328035326525,1.0
QR2_raw_input_ridge,0,571,2025-03-31,2025-02-28,100.0,-2.8189264390259248,-3.260995551220913,0.1954250999568649,0.442069112194988,0.00045453251889632684,0.02131976826554001,0.5367589977085299,1.0
QR2_raw_input_ridge,0,571,2025-04-30,2025-03-31,100.0,-1.983632317040605,-2.9852629355776914,1.0032638959909863,1.0016306185370865,0.007576382727497107,0.08704241912709634,4.409931662070731,0.0
QR2_raw_input_ridge,0,571,2025-05-31,2025-04-30,100.0,-3.029808966262144,-2.8092791894916287,0.04863338244245337,0.22052977677051544,0.00014217069888909658,0.011923535502907541,0.08441394494095067,1.0
QR2_raw_input_ridge,0,571,2025-06-30,2025-05-31,100.0,-3.530189938328582,-2.968279551725444,0.31574328257248807,0.5619103866031381,0.00048806975135742115,0.02209230072576012,0.44885630526847464,0.0
QR2_raw_input_ridge,0,571,2025-07-31,2025-06-30,100.0,-3.9507722447624736,-3.156097184729763,0.6315084510379922,0.7946750600327106,0.000545306856186577,0.0233518062724616,0.7934083020355497,0.0
QR2_raw_input_ridge,0,571,2025-08-31,2025-07-31,100.0,-3.3885720022366694,-3.3842931257926967,1.8308783622784752e-05,0.0042788764439727345,2.0952806532600335e-08,0.00014475084294262447,3.651333564071678e-05,1.0
QR2_raw_input_ridge,0,571,2025-09-30,2025-08-31,100.0,-3.844352655797379,-3.3746108051255552,0.22065740627258984,0.4697418506718236,0.00016463938584017397,0.01283118801359305,0.3303132694013775,0.0
QR2_raw_input_ridge,0,571,2025-10-31,2025-09-30,100.0,-3.200601249147139,-3.495900508149706,0.0872016523674651,0.2952992590025669,0.00010849871532692194,0.010416271661536192,0.21446994012065967,1.0
QR2_raw_input_ridge,0,571,2025-11-30,2025-10-31,100.0,-3.1877347547552812,-3.299147604810795,0.012412823157492358,0.1114128500555136,1.8927904811475835e-05,0.0043506211983435,0.02677704902167219,0.0
QR2_raw_input_ridge,0,571,2025-12-31,2025-11-30,100.0,-3.669080341092571,-3.265125205195818,0.16317975181736438,0.40395513589675325,0.00016109302074939784,0.012692242542175037,0.2536989424818604,1.0
QR2_raw_input_ridge,0,571,2026-01-31,2025-12-31,100.0,-3.5432987087435324,-3.411846174570897,0.017279768740407868,0.13145253417263536,1.650373220063787e-05,0.004062478578483568,0.031719947060870446,1.0
QR2_raw_input_ridge,0,571,2026-02-28,2026-01-31,100.0,-3.319307735691405,-3.4510406533656712,0.017353561598975026,0.13173291767426631,1.993846091589951e-05,0.0044652503754996214,0.03796699583448565,1.0
QR2_raw_input_ridge,0,571,2026-03-31,2026-02-28,100.0,-2.9305511753093016,-3.2688558001666284,0.11445001919985656,0.3383046248573267,0.00023463120461152747,0.01531767621447612,0.29058689023907935,1.0
QR2_raw_input_ridge,0,571,2026-04-30,2026-03-31,100.0,-3.237312027686596,-3.1218903157356963,0.013322171589676432,0.11542171195089956,2.3082913704864123e-05,0.0048044680980171076,0.024707180295817505,1.0
QR2_raw_input_ridge,0,571,2026-05-31,2026-04-30,100.0,-3.5119546359486353,-3.356063256388274,0.024302122221232653,0.15589137956036137,2.5338521691513594e-05,0.005033738341582088,0.04392332093351481,1.0
QR2_raw_input_ridge,0,571,2026-06-30,2026-05-31,100.0,-3.0168147582707263,-3.2457028829497396,0.05238977361907554,0.22888812467901332,0.0001003147717823453,0.010015726223412125,0.12277906386969595,1.0
QR2_raw_input_ridge,0,571,2026-07-31,2026-06-30,100.0,-3.371829178429884,-3.1440960317245863,0.05186238610829672,0.22773314670529787,7.707229347204634e-05,0.008779082723841161,0.08961849141515077,1.0
QR2_raw_input_ridge,0,571,2026-08-31,2026-07-31,100.0,-3.507788998946598,-3.3553203845377264,0.02324667837976117,0.1524686144088716,2.435519076696378e-05,0.004935097847759837,0.04210687476729563,0.0
QR2_matched_ridge,0,120,2020-01-31,2019-12-31,100.0,-3.394259264647835,-3.5963368149777235,0.040835336347328575,0.2020775503298884,3.771691925244869e-05,0.006141410200633784,0.09388117469542961,1.0
QR2_matched_ridge,0,120,2020-02-29,2020-01-31,100.0,-2.6562454515374347,-3.5231821544774333,0.7515792469044753,0.8669367029399986,0.0016569739152336828,0.040705944470478546,2.928671413386035,0.0
QR2_matched_ridge,0,120,2020-03-31,2020-02-29,100.0,-1.2968909272855167,-3.222449321449847,3.707775129336714,1.9255583941643302,0.05453304641762236,0.23352311752291754,42.19445706396214,0.0
QR2_matched_ridge,0,120,2020-04-30,2020-03-31,1.0,-2.134850068143052,-2.5243625476508,0.15171997169227383,0.38951247950774803,0.0014556481981483585,0.03815295792135072,0.40032131824854833,1.0
QR2_matched_ridge,0,120,2020-05-31,2020-04-30,1.0,-2.753043170704817,-2.4668194937608674,0.08192399324331434,0.28622367694394946,0.00044608381704695256,0.021120696414819104,0.1365904439444613,1.0
QR2_matched_ridge,0,120,2020-06-30,2020-05-31,1.0,-2.4519566880578116,-3.6944763942648198,1.5438552203127498,1.2425197062070081,0.0037533309488285865,0.061264434616085266,8.516553844858345,0.0
QR2_matched_ridge,0,120,2020-07-31,2020-06-30,100.0,-3.21882688058945,-3.0340001340865848,0.03416092622283449,0.18482674650286546,6.594734898483907e-05,0.008120797312138696,0.06062720939185612,1.0
QR2_matched_ridge,0,120,2020-08-31,2020-07-31,100.0,-3.605943742197781,-3.353727615273738,0.063612974680565,0.25221612692404305,6.0715538232816955e-05,0.00779201759705514,0.10828056452733792,1.0
QR2_matched_ridge,0,120,2020-09-30,2020-08-31,100.0,-2.651836989084487,-3.5304334070857717,0.7719316657246881,0.8785964180012846,0.0016998575719960182,0.0412293290267501,3.0389509734912883,1.0
QR2_matched_ridge,0,120,2020-10-31,2020-09-30,100.0,-2.7990735485463434,-3.1163014634973742,0.10063355002417847,0.31722791495103086,0.0002737581564442289,0.016545638592820433,0.25153972987600637,1.0
QR2_matched_ridge,0,120,2020-11-30,2020-10-31,100.0,-3.0039337534233583,-3.1345238655071146,0.017053777374048024,0.13059011208375626,3.685865021407934e-05,0.006071132531421081,0.037281434351393083,1.0
QR2_matched_ridge,0,120,2020-12-31,2020-11-30,100.0,-3.651571910629322,-3.4281735926779215,0.049906808463514946,0.2233983179514003,4.219595585831108e-05,0.006495841428045414,0.08647061767281833,1.0
QR2_matched_ridge,0,120,2021-01-31,2020-12-31,100.0,-3.0833870228491476,-3.416089311910691,0.1106908131467908,0.3327022890615434,0.0001680456271072432,0.012963241381199503,0.2798728007011565,1.0
QR2_matched_ridge,0,120,2021-02-28,2021-01-31,100.0,-3.2488776237223895,-3.2689887521657006,0.0004044574872633563,0.020111128443311088,5.973297101634045e-07,0.0007728710824991478,0.0008198703769551549,1.0
QR2_matched_ridge,0,120,2021-03-31,2021-02-28,100.0,-3.005349457539076,-3.534768797159556,0.2802848371641852,0.52941933962048,0.00041436454999367893,0.020355946305531437,0.8241822531007059,0.0
QR2_matched_ridge,0,120,2021-04-30,2021-03-31,100.0,-3.428567723170164,-3.3808941207075813,0.0022727723717603583,0.047673602462582565,2.5079939855519716e-06,0.0015836647326855427,0.004404455438420635,1.0
QR2_matched_ridge,0,120,2021-05-31,2021-04-30,100.0,-3.25079126490233,-3.4932257601288246,0.0587744844757253,0.24243449522649474,6.957056451270896e-05,0.008340897104790884,0.13909324989672178,0.0
QR2_matched_ridge,0,120,2021-06-30,2021-05-31,100.0,-3.704361054701714,-3.4150441830626495,0.08370425221501486,0.2893168716390644,6.821130514615787e-05,0.00825901356980105,0.1392975975577077,1.0
QR2_matched_ridge,0,120,2021-07-31,2021-06-30,100.0,-3.396235869388752,-3.5658280825311364,0.02876151875853193,0.16959221314238437,2.7306530487120688e-05,0.00522556508782741,0.06461779308349241,1.0
QR2_matched_ridge,0,120,2021-08-31,2021-07-31,100.0,-3.708289465775626,-3.457545502979767,0.06287253487857111,0.250743962795859,4.882616644061713e-05,0.006987572285180106,0.10711678388668389,1.0
QR2_matched_ridge,0,120,2021-09-30,2021-08-31,100.0,-3.2831700937799164,-3.4598824784144897,0.031227266883237372,0.17671238463457328,3.6914187191924666e-05,0.006075704666285604,0.07051108991724697,1.0
QR2_matched_ridge,0,120,2021-10-31,2021-09-30,100.0,-3.386818668681176,-3.3565162715784918,0.0009182352701687724,0.030302397102684342,1.0824156129295372e-06,0.0010403920477058334,0.0017999262596129564,1.0
QR2_matched_ridge,0,120,2021-11-30,2021-10-31,100.0,-3.306447862510668,-3.422449913317738,0.01345647579144606,0.11600205080707005,1.610998412984071e-05,0.004013724471091745,0.029120799851309498,0.0
QR2_matched_ridge,0,120,2021-12-31,2021-11-30,100.0,-2.996205908102638,-3.3011170457016092,0.09297080183189865,0.30491113759897104,0.00017251072068205783,0.013134333659613563,0.2302820623419538,1.0
QR2_matched_ridge,0,120,2022-01-31,2021-12-31,100.0,-2.9415796259494096,-3.329868533628668,0.1507682758267518,0.3882889076792586,0.0002884724119445378,0.016984475615824522,0.39744180868780443,0.0
QR2_matched_ridge,0,120,2022-02-28,2022-01-31,100.0,-2.79991710955502,-3.0103835639968994,0.04429612844533574,0.2104664544418795,0.00013322532491767992,0.011542327534673408,0.10244916069287158,0.0
QR2_matched_ridge,0,120,2022-03-31,2022-02-28,1.0,-2.676617851726222,-2.357953191103089,0.10154716593005635,0.3186646606231327,0.000666581711513136,0.025818243772827307,0.16603185610156684,1.0
QR2_matched_ridge,0,120,2022-04-30,2022-03-31,100.0,-2.647933077507468,-3.264796788745132,0.3805208382419039,0.6168637112376638,0.001062283881000434,0.03259269674329564,1.2002782779695544,0.0
QR2_matched_ridge,0,120,2022-05-31,2022-04-30,100.0,-2.4244300010941817,-2.986012587717285,0.3153750015982955,0.5615825866231035,0.0014470577350368995,0.03804021207928394,0.9514051931326746,0.0
QR2_matched_ridge,0,120,2022-06-30,2022-05-31,100.0,-2.4599323402147326,-2.807605980830767,0.12087696037920741,0.34767364061603434,0.0006295800958081483,0.025091434710038968,0.30905776410691943,1.0
QR2_matched_ridge,0,120,2022-07-31,2022-06-30,1.0,-2.8821336588859534,-3.278075010790606,0.15676955414808397,0.3959413519046526,0.00033541569162516007,0.018314357526955732,0.4156659727940297,1.0
QR2_matched_ridge,0,120,2022-08-31,2022-07-31,100.0,-2.844638284908549,-3.290686782356258,0.19895926207535888,0.446048497447709,0.0004379404042915207,0.0209270256914718,0.5481444686918213,0.0
QR2_matched_ridge,0,120,2022-09-30,2022-08-31,100.0,-2.646329916608998,-3.181955337391536,0.28689459138847057,0.5356254207825377,0.0008647460488810044,0.029406564724241496,0.8477776179278123,0.0
QR2_matched_ridge,0,120,2022-10-31,2022-09-30,100.0,-2.5235204874353756,-2.7433108040118204,0.04830778326077381,0.21979031657644477,0.00025027009347752886,0.015819927100891737,0.11247556794483493,0.0
QR2_matched_ridge,0,120,2022-11-30,2022-10-31,100.0,-2.5436055847483017,-3.076747698192361,0.2842405131275982,0.5331421134440593,0.0010545333314766554,0.03247357897547875,0.8382824857052285,1.0
QR2_matched_ridge,0,120,2022-12-31,2022-11-30,1.0,-2.953340209712298,-2.820125471976696,0.017746166349965252,0.1332147377356021,5.525383435953339e-05,0.007433292296118416,0.03253950684120693,1.0
QR2_matched_ridge,0,120,2023-01-31,2022-12-31,1.0,-3.0446334829778476,-2.8088547950798297,0.05559158966691095,0.23577868789801792,0.0001602811425157187,0.012660218896832658,0.09558703822663367,0.0
QR2_matched_ridge,0,120,2023-02-28,2023-01-31,100.0,-3.1747292629057444,-3.248514409418568,0.005444247845918851,0.07378514651282364,8.842104231719453e-06,0.0029735675932656136,0.011444459594492945,1.0
QR2_matched_ridge,0,120,2023-03-31,2023-02-28,100.0,-2.9240573364232487,-3.2874019017874585,0.13201927317970652,0.3633445653642098,0.0002677981404689039,0.01636453911568865,0.34153251715088806,0.0
QR2_matched_ridge,0,120,2023-04-30,2023-03-31,1.0,-3.442485805524746,-3.0810313777487632,0.13064930335886316,0.3614544277759828,0.00019395581363888865,0.013926801988930863,0.20824727682711563,1.0
QR2_matched_ridge,0,120,2023-05-31,2023-04-30,1.0,-3.29928079041607,-3.4072741299482168,0.01166256138330555,0.10799333953214685,1.4275659780322891e-05,0.003778314409935056,0.02509916740149709,1.0
QR2_matched_ridge,0,120,2023-06-30,2023-05-31,1.0,-3.4043718007388586,-3.395582295059639,7.725541008503263e-05,0.008789505679219545,8.604965969543537e-08,0.00029334222283100564,0.00015360940266647555,1.0
QR2_matched_ridge,0,120,2023-07-31,2023-06-30,1.0,-3.7661453260783695,-3.479101174714448,0.08239434483223398,0.2870441513639217,5.919795925002478e-05,0.007694021006601475,0.13730642195767406,1.0
QR2_matched_ridge,0,120,2023-08-31,2023-07-31,1.0,-3.308105488673255,-3.5561121542563514,0.0615073061736458,0.24800666558309636,6.457430573347509e-05,0.008035813943433178,0.14614811843379072,1.0
QR2_matched_ridge,0,120,2023-09-30,2023-08-31,1.0,-3.437757865373422,-3.321009607141563,0.013630155800172903,0.1167482582318593,1.583793798377597e-05,0.0039796906894601705,0.025256870325080838,1.0
QR2_matched_ridge,0,120,2023-10-31,2023-09-30,1.0,-3.193098626287721,-3.0922087363778594,0.010178769886023946,0.10088988990986136,1.898407068794128e-05,0.0043570713429942,0.019054668369045846,1.0
QR2_matched_ridge,0,120,2023-11-30,2023-10-31,1.0,-3.3142693090819773,-3.0338219626383944,0.07865071412724697,0.2804473464435828,0.00013854991423377006,0.011770722757493274,0.1315929286006955,0.0
QR2_matched_ridge,0,120,2023-12-31,2023-11-30,1.0,-3.568281666444767,-3.3541794248849754,0.04583976984092741,0.21410224155979174,4.534340591911012e-05,0.006733751251650905,0.07988262711311661,1.0
QR2_matched_ridge,0,120,2024-01-31,2023-12-31,1.0,-3.4647197491071067,-3.486342342631568,0.00046753655072407946,0.021622593524461386,4.477386436680838e-07,0.0006691327548910483,0.0009486992349964848,1.0
QR2_matched_ridge,0,120,2024-02-29,2024-01-31,1.0,-3.3449345770399286,-3.483903812533349,0.019312448413625685,0.13896923549342022,2.0931932937899372e-05,0.004575142941799674,0.04246648050915974,0.0
QR2_matched_ridge,0,120,2024-03-31,2024-02-29,1.0,-3.579023213504305,-3.4759652727158343,0.010620939159559965,0.10305794078847086,9.174971041625378e-06,0.0030290214660225467,0.01985465506369935,1.0
QR2_matched_ridge,0,120,2024-04-30,2024-03-31,1.0,-3.2298318565473947,-3.501867080047922,0.0740031628249818,0.2720352235005272,8.879473051139312e-05,0.009423095590695933,0.17893556534085164,1.0
QR2_matched_ridge,0,120,2024-05-31,2024-04-30,1.0,-3.551159106071428,-2.8009124618844963,0.5628700271137522,0.7502466441869315,0.0010280511687957284,0.032063237029279004,0.7235134081514827,0.0
QR2_matched_ridge,0,120,2024-06-30,2024-05-31,1.0,-3.974327104300053,-3.212547556332853,0.580308079701112,0.7617795479672003,0.00046061706261496326,0.021461991114874762,0.7414939498866876,0.0
QR2_matched_ridge,0,120,2024-07-31,2024-06-30,100.0,-3.172237966118978,-3.5700112349088675,0.15822357336379358,0.3977732687898894,0.00018917700064922423,0.01375416302976027,0.4201050652379579,1.0
QR2_matched_ridge,0,120,2024-08-31,2024-07-31,100.0,-2.8728553989963164,-3.429524147127137,0.30988009514553494,0.5566687481308206,0.0005824935710402741,0.0241349035846484,0.9311649764674956,0.0
QR2_matched_ridge,0,120,2024-09-30,2024-08-31,100.0,-3.2605071347369625,-3.2749251899061864,0.00020788031486278395,0.014418055169223898,3.016606718291705e-07,0.0005492364443745248,0.0004197859126260049,1.0
QR2_matched_ridge,0,120,2024-10-31,2024-09-30,100.0,-3.4205515268412334,-3.3379503253220024,0.00682295849242061,0.082601201519231,7.925735703500841e-06,0.002815268318207137,0.012924508231032361,1.0
QR2_matched_ridge,0,120,2024-11-30,2024-10-31,100.0,-3.3432396881530604,-3.249656451987264,0.008757822091263232,0.09358323616579645,1.2007556481671277e-05,0.003465192127670741,0.01647214077684042,1.0
QR2_matched_ridge,0,120,2024-12-31,2024-11-30,100.0,-3.197746191257484,-3.2236010152391983,0.0006684719231254256,0.025854823981714237,1.0873058018620175e-06,0.0010427395656931876,0.0013602891555804034,1.0
QR2_matched_ridge,0,120,2025-01-31,2024-12-31,100.0,-3.243894689291075,-3.2157786361010743,0.000790512446982946,0.028116053190000656,1.2374761622485022e-06,0.0011124190587402313,0.0015518020721366765,1.0
QR2_matched_ridge,0,120,2025-02-28,2025-01-31,100.0,-3.3361230676767963,-3.3866287001947235,0.0025508189160359023,0.05050563251792717,3.069855604086869e-06,0.0017521003407587332,0.005277839043797555,1.0
QR2_matched_ridge,0,120,2025-03-31,2025-02-28,100.0,-2.8189264390259248,-3.3993467136002464,0.33688769513693095,0.5804202745743217,0.0006903697550319695,0.026274888297231055,1.0317751498632175,0.0
QR2_matched_ridge,0,120,2025-04-30,2025-03-31,100.0,-1.983632317040605,-2.872994382926244,0.7909648842363716,0.8893620658856389,0.006567357377660071,0.08103923357029033,3.1435713957904863,0.0
QR2_matched_ridge,0,120,2025-05-31,2025-04-30,100.0,-3.029808966262144,-2.7781801901812537,0.06331704095196689,0.2516287760808904,0.0001911759605981382,0.013826639526585562,0.10781562126545141,1.0
QR2_matched_ridge,0,120,2025-06-30,2025-05-31,100.0,-3.530189938328582,-3.2110413365136035,0.1018558300404557,0.3191486018149785,0.00012133595422425939,0.011015260061580906,0.16648826417897322,1.0
QR2_matched_ridge,0,120,2025-07-31,2025-06-30,100.0,-3.9507722447624736,-3.132567471637607,0.6694590507643142,0.8182047731248665,0.0005936950772163177,0.024365858844217204,0.8310873167418084,0.0
QR2_matched_ridge,0,120,2025-08-31,2025-07-31,100.0,-3.3885720022366694,-3.355189158785092,0.0011144142369125304,0.03338284345157749,1.3131330247176365e-06,0.0011459201650715622,0.0021800423980534167,1.0
QR2_matched_ridge,0,120,2025-09-30,2025-08-31,100.0,-3.844352655797379,-3.4063138062551994,0.1918780337082361,0.4380388495421794,0.000138367486610613,0.011762970994209455,0.2924907089381522,1.0
QR2_matched_ridge,0,120,2025-10-31,2025-09-30,100.0,-3.200601249147139,-3.568961303203845,0.13568912942465922,0.3683600540567058,0.00015756748646487457,0.012552588835171595,0.3523522258898184,1.0
QR2_matched_ridge,0,120,2025-11-30,2025-10-31,100.0,-3.1877347547552812,-3.2283733984294267,0.0016514993596741653,0.04063864367414549,2.7005847590181277e-06,0.0016433455993850252,0.0033943332404987453,0.0
QR2_matched_ridge,0,120,2025-12-31,2025-11-30,100.0,-3.669080341092571,-3.2316745284652884,0.19132384492013366,0.43740581262728284,0.00019575937677115184,0.013991403674083306,0.29175217860656044,1.0
QR2_matched_ridge,0,120,2026-01-31,2025-12-31,100.0,-3.5432987087435324,-3.4601998112162287,0.006905426770253322,0.0830988975273037,6.278554438731262e-06,0.002505704379756571,0.013076504256213817,1.0
QR2_matched_ridge,0,120,2026-02-28,2026-01-31,100.0,-3.319307735691405,-3.4271848872220825,0.011637479822372768,0.10787715153067756,1.368722971836278e-05,0.0036996256186758655,0.025043178341988215,1.0
QR2_matched_ridge,0,120,2026-03-31,2026-02-28,100.0,-2.9305511753093016,-3.124459953154571,0.03760061412544608,0.1939087778452695,8.849065358169639e-05,0.009406947091468963,0.08594332478221456,1.0
QR2_matched_ridge,0,120,2026-04-30,2026-03-31,100.0,-3.237312027686596,-3.0105736541003685,0.05141029005652762,0.2267383735862274,9.98820811978505e-05,0.009994102320761505,0.088891876210214,1.0
QR2_matched_ridge,0,120,2026-05-31,2026-04-30,100.0,-3.5119546359486353,-3.4160243166560873,0.009202626159570211,0.09593031929254803,9.02530274254306e-06,0.0030042141638942886,0.01728253102446528,1.0
QR2_matched_ridge,0,120,2026-06-30,2026-05-31,100.0,-3.0168147582707263,-3.3881771325694605,0.13791001304479317,0.3713623742987342,0.00023063678260690102,0.015186730477851414,0.3589294507015186,1.0
QR2_matched_ridge,0,120,2026-07-31,2026-06-30,100.0,-3.371829178429884,-3.1682424529945004,0.04144755477350235,0.2035867254353838,6.007328934530487e-05,0.00775069605553623,0.07270219462030159,1.0
QR2_matched_ridge,0,120,2026-08-31,2026-07-31,100.0,-3.507788998946598,-3.394468276556335,0.012841586123051061,0.11332072239026303,1.2926207525826384e-05,0.00359530353737016,0.02384801840958939,1.0
QR2_raw_input_ridge,0,120,2020-01-31,2019-12-31,1e-08,-3.394259264647835,-3.4168107868996156,0.00050857115587255,0.022551522251780476,5.602217832087528e-07,0.0007484796478253453,0.0010326083803326377,1.0
QR2_raw_input_ridge,0,120,2020-02-29,2020-01-31,1e-08,-2.6562454515374347,-3.384811014499279,0.5308077795339092,0.7285655629618444,0.0013196722918339533,0.03632729403401736,1.8364928497911643,1.0
QR2_raw_input_ridge,0,120,2020-03-31,2020-02-29,1e-08,-1.2968909272855167,-2.8724043615361214,2.4822425815041345,1.5755134342506047,0.047009900782268854,0.21681766713593442,19.209013089775006,0.0
QR2_raw_input_ridge,0,120,2020-04-30,2020-03-31,1e-08,-2.134850068143052,-2.3454705782312715,0.04436099926982185,0.2106205100882197,0.0005044610872556642,0.0224602112023833,0.10261049293560798,1.0
QR2_raw_input_ridge,0,120,2020-05-31,2020-04-30,1e-08,-2.753043170704817,-2.5504513926099657,0.041043428551633426,0.20259177809485118,0.00020485667153904847,0.0143128149411305,0.07203795056165135,1.0
QR2_raw_input_ridge,0,120,2020-06-30,2020-05-31,1e-08,-2.4519566880578116,-3.16302862167348,0.5056232947759255,0.7110719336156683,0.0019208460758953557,0.043827458013160604,1.7238555242094948,0.0
QR2_raw_input_ridge,0,120,2020-07-31,2020-06-30,1e-08,-3.21882688058945,-3.9137555051774235,0.48292579327173235,0.6949286245879733,0.0004014644505694047,0.020036577815819863,1.6244197215696947,1.0
QR2_raw_input_ridge,0,120,2020-08-31,2020-07-31,1e-08,-3.605943742197781,-3.0260864723255283,0.3362344534237024,0.5798572698722526,0.0004555362078384914,0.02134329421243336,0.47329022124622644,0.0
QR2_raw_input_ridge,0,120,2020-09-30,2020-08-31,1e-08,-2.651836989084487,-3.3847326244113995,0.5371360122812386,0.7328956353269125,0.0013421118737612073,0.03663484507625503,1.8651775827309751,1.0
QR2_raw_input_ridge,0,120,2020-10-31,2020-09-30,1e-08,-2.7990735485463434,-2.9936189992436595,0.03784793238702185,0.1945454506973161,0.00011579160690485713,0.010760650858793679,0.08654778145620373,1.0
QR2_raw_input_ridge,0,120,2020-11-30,2020-10-31,1e-08,-3.0039337534233583,-2.3704445149447224,0.4013086152682421,0.6334892384786359,0.001922610175995748,0.04384757890688776,0.5486599211844925,0.0
QR2_raw_input_ridge,0,120,2020-12-31,2020-11-30,1e-08,-3.651571910629322,-3.2469664621549903,0.16370556893511495,0.40460544847433155,0.00016748771031699434,0.012941704304959,0.25442014056842754,1.0
QR2_raw_input_ridge,0,120,2021-01-31,2020-12-31,1e-08,-3.0833870228491476,-3.798190188503302,0.5109435656292003,0.7148031656541542,0.0005472118411132461,0.023392559524627616,1.74744816132563,0.0
QR2_raw_input_ridge,0,120,2021-02-28,2021-01-31,1e-08,-3.2488776237223895,-3.7336294056950385,0.23498429012565863,0.484751781972649,0.00022236290000873348,0.014911837579880405,0.6671316496742119,1.0
QR2_raw_input_ridge,0,120,2021-03-31,2021-02-28,1e-08,-3.005349457539076,-3.745920573938095,0.5484455784444899,0.7405711163990194,0.0006712019214410071,0.025907564946189118,1.9168240815777002,0.0
QR2_raw_input_ridge,0,120,2021-04-30,2021-03-31,1e-08,-3.428567723170164,-3.4652683814609375,0.0013469383189761309,0.036700658290773625,1.3659709888944515e-06,0.0011687476155673865,0.0027610154723761854,1.0
QR2_raw_input_ridge,0,120,2021-05-31,2021-04-30,100.0,-3.25079126490233,-3.5020705877557674,0.06314129809368212,0.25127932285343757,7.410829558146233e-05,0.008608617518595093,0.1503865200154264,0.0
QR2_raw_input_ridge,0,120,2021-06-30,2021-05-31,100.0,-3.704361054701714,-3.31574660300756,0.15102119206554768,0.38861445169415365,0.00013667927074918052,0.011690991008001868,0.23690696370959474,1.0
QR2_raw_input_ridge,0,120,2021-07-31,2021-06-30,1e-08,-3.396235869388752,-3.6444994355738323,0.061634798294933735,0.24826356618508028,5.423791432183322e-05,0.007364639456336829,0.1464782785553429,1.0
QR2_raw_input_ridge,0,120,2021-08-31,2021-07-31,100.0,-3.708289465775626,-3.3970601144450763,0.09686370912963463,0.3112293513305495,8.014007962680842e-05,0.008952099174317073,0.1590821194996485,1.0
QR2_raw_input_ridge,0,120,2021-09-30,2021-08-31,100.0,-3.2831700937799164,-3.434991233424537,0.023049658442991432,0.15182113964462074,2.7915032390150403e-05,0.005283467837523988,0.05114205569297525,1.0
QR2_raw_input_ridge,0,120,2021-10-31,2021-09-30,100.0,-3.386818668681176,-3.3360825984985474,0.0025741488175766263,0.05073607018262871,3.097475555463875e-06,0.0017599646460835158,0.004978490713757264,1.0
QR2_raw_input_ridge,0,120,2021-11-30,2021-10-31,100.0,-3.306447862510668,-3.5775516647181247,0.07349727157133973,0.27110380220745656,7.572626496706107e-05,0.00870208394392177,0.1775917066681777,0.0
QR2_raw_input_ridge,0,120,2021-12-31,2021-11-30,100.0,-2.996205908102638,-3.403488239462987,0.16587889743832102,0.40728233136034886,0.0002795338245772642,0.01671926507288117,0.4436277202851202,0.0
QR2_raw_input_ridge,0,120,2022-01-31,2021-12-31,100.0,-2.9415796259494096,-3.3281957491108445,0.1494720266883778,0.3866161231614349,0.00028644017197484767,0.016924543479067543,0.39352619814789014,0.0
QR2_raw_input_ridge,0,120,2022-02-28,2022-01-31,100.0,-2.79991710955502,-3.040178582309019,0.057725575289920554,0.2402614727539989,0.0001687077724360574,0.01298875561537969,0.13639679654818992,0.0
QR2_raw_input_ridge,0,120,2022-03-31,2022-02-28,100.0,-2.676617851726222,-3.1497973943518143,0.22389887955936488,0.4731795426255925,0.0006726049121280548,0.025934627665113195,0.6299533432690148,0.0
QR2_raw_input_ridge,0,120,2022-04-30,2022-03-31,100.0,-2.647933077507468,-3.161539985598636,0.2637920560389693,0.5136069080911678,0.0008086594616344237,0.028436938330882663,0.766058596211026,0.0
QR2_raw_input_ridge,0,120,2022-05-31,2022-04-30,100.0,-2.4244300010941817,-2.805321316116361,0.14507819385932488,0.3808913150221791,0.0007863107680177204,0.028041233354075573,0.38030874538084736,0.0
QR2_raw_input_ridge,0,120,2022-06-30,2022-05-31,100.0,-2.4599323402147326,-2.887984406807197,0.1832285717140797,0.42805206659246453,0.0008852045356325196,0.02975238705772227,0.49786791169353495,1.0
QR2_raw_input_ridge,0,120,2022-07-31,2022-06-30,100.0,-2.8821336588859534,-2.8328147864093465,0.002432351182363817,0.049318872476606934,8.019434272745422e-06,0.0028318605673206126,0.004708622280738151,1.0
QR2_raw_input_ridge,0,120,2022-08-31,2022-07-31,100.0,-2.844638284908549,-3.132746392399374,0.08300628160194473,0.28810810749082494,0.00021191797729054978,0.014557402834659408,0.2030769995835462,0.0
QR2_raw_input_ridge,0,120,2022-09-30,2022-08-31,100.0,-2.646329916608998,-2.916764633165405,0.07313493591894416,0.27043471655640694,0.0002823246836961035,0.016802520159074456,0.17663003102460162,0.0
QR2_raw_input_ridge,0,120,2022-10-31,2022-09-30,100.0,-2.5235204874353756,-3.0801036287952206,0.3097847932459932,0.556583141359845,0.0011711694817019404,0.034222353538322585,0.9308149745784551,0.0
QR2_raw_input_ridge,0,120,2022-11-30,2022-10-31,100.0,-2.5436055847483017,-3.167277401246152,0.38896653469372855,0.6236718164978505,0.0013296553599433923,0.03646443966309358,1.2337399961320905,1.0
QR2_raw_input_ridge,0,120,2022-12-31,2022-11-30,100.0,-2.953340209712298,-2.9527773065495384,3.168599706448087e-07,0.0005629031627596426,8.627265080257024e-10,2.93722063867477e-05,6.334821929018103e-07,1.0
QR2_raw_input_ridge,0,120,2023-01-31,2022-12-31,100.0,-3.0446334829778476,-2.8075860684073346,0.05619147675456468,0.23704741457051304,0.00016222451099572857,0.012736738632622112,0.09654305267954966,0.0
QR2_raw_input_ridge,0,120,2023-02-28,2023-01-31,100.0,-3.1747292629057444,-3.3095271071777717,0.018170458820385704,0.13479784427202723,2.779371784075669e-05,0.0052719747572192235,0.03983923560892472,1.0
QR2_raw_input_ridge,0,120,2023-03-31,2023-02-28,100.0,-2.9240573364232487,-3.090037946435385,0.027549562900000834,0.16598061001213615,6.748746898435927e-05,0.008215075713854332,0.061737579834618084,1.0
QR2_raw_input_ridge,0,120,2023-04-30,2023-03-31,100.0,-3.442485805524746,-3.184503878461502,0.06655467469126493,0.25798192706324397,8.861778142351319e-05,0.009413701791724294,0.11288882278531553,1.0
QR2_raw_input_ridge,0,120,2023-05-31,2023-04-30,100.0,-3.29928079041607,-3.1336358884041684,0.027438233562532454,0.16564490201190152,4.421490826504513e-05,0.006649429168360629,0.04928686447327929,1.0
QR2_raw_input_ridge,0,120,2023-06-30,2023-05-31,100.0,-3.4043718007388586,-3.266170988174861,0.019099464593349238,0.13820081256399774,2.4251152978694808e-05,0.004924545966756205,0.03490985873990679,0.0
QR2_raw_input_ridge,0,120,2023-07-31,2023-06-30,100.0,-3.7661453260783695,-3.3218840730382553,0.1973680609527724,0.4442612530401142,0.00016753906810894817,0.012943688350271269,0.29978544865956613,0.0
QR2_raw_input_ridge,0,120,2023-08-31,2023-07-31,100.0,-3.308105488673255,-3.4174740403496884,0.01196148009580067,0.10936855167643333,1.4365994708564954e-05,0.0037902499533098016,0.02576695438004431,1.0
QR2_raw_input_ridge,0,120,2023-09-30,2023-08-31,100.0,-3.437757865373422,-3.304719566190336,0.01769918904952838,0.1330382991830863,2.091091736349621e-05,0.004572845652708629,0.03245702013066484,0.0
QR2_raw_input_ridge,0,120,2023-10-31,2023-09-30,100.0,-3.193098626287721,-3.1356828468065476,0.0032965717334307045,0.05741577948117316,5.88338085767051e-06,0.0024255681515204866,0.006347858153187613,1.0
QR2_raw_input_ridge,0,120,2023-11-30,2023-10-31,100.0,-3.3142693090819773,-3.120528344772677,0.03753556125149762,0.19374096430930043,6.0423215543553946e-05,0.007773237134138772,0.06624582896050535,0.0
QR2_raw_input_ridge,0,120,2023-12-31,2023-11-30,100.0,-3.568281666444767,-3.3518562986091043,0.04683993984280199,0.2164253678356629,4.6444375660771646e-05,0.006815011053605977,0.0815080416479872,1.0
QR2_raw_input_ridge,0,120,2024-01-31,2023-12-31,100.0,-3.4647197491071067,-3.333369802687988,0.017252808424305377,0.1313499464191188,1.92801909273246e-05,0.0043909214212195374,0.031672529719894815,1.0
QR2_raw_input_ridge,0,120,2024-02-29,2024-01-31,100.0,-3.3449345770399286,-3.4763643394300408,0.017273782441921345,0.13142976239011217,1.88607967813335e-05,0.004342901884838466,0.03778447308645788,0.0
QR2_raw_input_ridge,0,120,2024-03-31,2024-02-29,100.0,-3.579023213504305,-3.3794763474596987,0.03981895174822412,0.19954686604460647,3.797453627753051e-05,0.006162348276228025,0.07002154302984948,1.0
QR2_raw_input_ridge,0,120,2024-04-30,2024-03-31,100.0,-3.2298318565473947,-3.4233688685709103,0.037456575022990414,0.1935370120235156,4.8465743266782944e-05,0.0069617342140290694,0.08559147585165028,1.0
QR2_raw_input_ridge,0,120,2024-05-31,2024-04-30,100.0,-3.551159106071428,-3.175013281752947,0.1414856811522294,0.37614582431848076,0.00017166725048798275,0.013102184950914971,0.22357694261702354,0.0
QR2_raw_input_ridge,0,120,2024-06-30,2024-05-31,100.0,-3.974327104300053,-3.3840081720995223,0.348476441714375,0.5903189322005309,0.0002285937630802929,0.015119317546777464,0.48772066333175,0.0
QR2_raw_input_ridge,0,120,2024-07-31,2024-06-30,100.0,-3.172237966118978,-3.465540257456042,0.08602623410357195,0.293302291337064,0.00011349889185277917,0.010653585868278304,0.2112689264066654,1.0
QR2_raw_input_ridge,0,120,2024-08-31,2024-07-31,100.0,-2.8728553989963164,-3.4947066248743477,0.38669894712601033,0.6218512258780313,0.0006853717772817616,0.02617960613305253,1.224728969437611,0.0
QR2_raw_input_ridge,0,120,2024-09-30,2024-08-31,100.0,-3.2605071347369625,-3.3210463621739175,0.0036649980586633585,0.060539227436954945,5.0801205665979165e-06,0.0022539122801471037,0.007635007092153812,1.0
QR2_raw_input_ridge,0,120,2024-10-31,2024-09-30,100.0,-3.4205515268412334,-3.341065692388992,0.00631799787856915,0.07948583445224155,7.316023176636128e-06,0.0027048148137416225,0.011992194537268547,1.0
QR2_raw_input_ridge,0,120,2024-11-30,2024-10-31,100.0,-3.3432396881530604,-3.2968306193683468,0.002153801665464281,0.046409068784713625,2.8153848010477917e-06,0.0016779108441892232,0.0041773647995485,1.0
QR2_raw_input_ridge,0,120,2024-12-31,2024-11-30,100.0,-3.197746191257484,-3.378964451717599,0.032840057924190126,0.18121826046011513,4.585249470512892e-05,0.006771447017080538,0.07438948877803553,0.0
QR2_raw_input_ridge,0,120,2025-01-31,2024-12-31,100.0,-3.243894689291075,-3.225785292231641,0.0003279502618562423,0.01810939705943415,5.082454919787573e-07,0.0007129133832232057,0.0006480530663533351,1.0
QR2_raw_input_ridge,0,120,2025-02-28,2025-01-31,100.0,-3.3361230676767963,-3.3130128560123686,0.0005340818831746514,0.023110211664427727,6.917419824804787e-07,0.0008317102755650424,0.001051895190409137,1.0
QR2_raw_input_ridge,0,120,2025-03-31,2025-02-28,100.0,-2.8189264390259248,-3.306355707300882,0.23758729157106004,0.48742926827495703,0.0005299422934808362,0.023020475526818213,0.6759336576984782,1.0
QR2_raw_input_ridge,0,120,2025-04-30,2025-03-31,100.0,-1.983632317040605,-3.0831909171270357,1.2090291150240315,1.0995586000864308,0.008419126391538603,0.09175579759088034,5.817932534626263,0.0
QR2_raw_input_ridge,0,120,2025-05-31,2025-04-30,100.0,-3.029808966262144,-2.972901918633559,0.0032384120698020803,0.05690704762858534,8.007650219925884e-06,0.0028297791821846954,0.006237941544833536,1.0
QR2_raw_input_ridge,0,120,2025-06-30,2025-05-31,100.0,-3.530189938328582,-3.0464858487778272,0.23396964624812455,0.4837040895507547,0.00033219776785645236,0.018226293310940993,0.34747500689795086,1.0
QR2_raw_input_ridge,0,120,2025-07-31,2025-06-30,100.0,-3.9507722447624736,-3.3077619280789197,0.4134622673614843,0.6430103166835539,0.00030130547302281143,0.01735815292658788,0.5623890022258021,0.0
QR2_raw_input_ridge,0,120,2025-08-31,2025-07-31,100.0,-3.3885720022366694,-3.423524292581572,0.00122166260035436,0.03495229034490244,1.3444345376018127e-06,0.0011594975366950172,0.002501267455932654,1.0
QR2_raw_input_ridge,0,120,2025-09-30,2025-08-31,100.0,-3.844352655797379,-3.3738366356889307,0.2213853251786936,0.4705160201084482,0.00016532042891680506,0.012857699207743392,0.3312569398981643,0.0
QR2_raw_input_ridge,0,120,2025-10-31,2025-09-30,100.0,-3.200601249147139,-3.438835961489291,0.0567557781647478,0.23823471234215177,7.457482252965692e-05,0.008635671515849645,0.13390936542588994,1.0
QR2_raw_input_ridge,0,120,2025-11-30,2025-10-31,100.0,-3.1877347547552812,-3.361584091901578,0.030223592026206773,0.1738493371462968,4.336172949774033e-05,0.006584962376334456,0.06810689255141644,0.0
QR2_raw_input_ridge,0,120,2025-12-31,2025-11-30,100.0,-3.669080341092571,-3.3303191816927216,0.11475912311793034,0.33876115939984963,0.00010571483547426805,0.01028177200069463,0.18539610288469033,1.0
QR2_raw_input_ridge,0,120,2026-01-31,2025-12-31,100.0,-3.5432987087435324,-3.357795037289842,0.03441161212279863,0.18550367145369018,3.474106492666097e-05,0.005894155149524058,0.061046217556021076,1.0
QR2_raw_input_ridge,0,120,2026-02-28,2026-01-31,100.0,-3.319307735691405,-3.4254689495667945,0.011270203331496207,0.10616121387538957,1.3277621961766686e-05,0.00364384713754113,0.024224089971600526,1.0
QR2_raw_input_ridge,0,120,2026-03-31,2026-02-28,100.0,-2.9305511753093016,-3.2924753629468495,0.13098911759709894,0.36192418763754786,0.0002626301734130317,0.016205868486848574,0.33850629794493226,1.0
QR2_raw_input_ridge,0,120,2026-04-30,2026-03-31,100.0,-3.237312027686596,-3.219782662867243,0.00030727863096997334,0.017529364819353077,4.822396181563379e-07,0.0006944347472270795,0.0006074379042793621,1.0
QR2_raw_input_ridge,0,120,2026-05-31,2026-04-30,100.0,-3.5119546359486353,-3.3247314658227656,0.03505251543198037,0.18722317012586975,3.7744385843398264e-05,0.0061436459731496786,0.062116248811757147,1.0
QR2_raw_input_ridge,0,120,2026-06-30,2026-05-31,100.0,-3.0168147582707263,-3.2912550564202516,0.07531747724840035,0.2744402981495253,0.00013805749039745948,0.01174978682349001,0.18243329725941348,1.0
QR2_raw_input_ridge,0,120,2026-07-31,2026-06-30,100.0,-3.371829178429884,-3.3042005335942823,0.0045736336022999735,0.06762864483560183,5.768514970054443e-06,0.002401773296973393,0.008748432196226424,1.0
QR2_raw_input_ridge,0,120,2026-08-31,2026-07-31,100.0,-3.507788998946598,-3.382381181277861,0.015727120732435238,0.1254078176687372,1.6027118242177684e-05,0.004003388345161844,0.028981459951832295,1.0
QR2_matched_ridge,1,571,2020-01-31,2019-12-31,100.0,-3.394259264647835,-3.62774260050048,0.054514468120878984,0.2334833358526449,4.8850292233767724e-05,0.0069892984078352045,0.12818156725516083,1.0
QR2_matched_ridge,1,571,2020-02-29,2020-01-31,100.0,-2.6562454515374347,-3.475604477018556,0.6713492126373726,0.8193590254811212,0.001541992756899823,0.03926821560626129,2.5098470308528356,0.0
QR2_matched_ridge,1,571,2020-03-31,2020-02-29,100.0,-1.2968909272855167,-2.977335909075517,2.823895336823195,1.6804449817900005,0.04948493757407197,0.22245210175242663,24.453933651451717,0.0
QR2_matched_ridge,1,571,2020-04-30,2020-03-31,1e-08,-2.134850068143052,-2.3225933758837587,0.035247549601421777,0.1877433077407069,0.00040978977342562414,0.020243264890467252,0.0802129927794854,1.0
QR2_matched_ridge,1,571,2020-05-31,2020-04-30,1e-08,-2.753043170704817,-2.3807467022266087,0.13860466044134545,0.3722964684782082,0.0008264407227327855,0.028747882056471316,0.21952052302250635,1.0
QR2_matched_ridge,1,571,2020-06-30,2020-05-31,100.0,-2.4519566880578116,-2.7176321885423005,0.07058347155768363,0.26567550048448885,0.0004037681817221327,0.020093983719564737,0.16987811799189767,1.0
QR2_matched_ridge,1,571,2020-07-31,2020-06-30,100.0,-3.21882688058945,-2.5490014853224374,0.4486660601446099,0.6698253952670128,0.0014560110468556247,0.038157712809543824,0.6015879140679826,1.0
QR2_matched_ridge,1,571,2020-08-31,2020-07-31,1e-08,-3.605943742197781,-2.979663493451876,0.3922269499692323,0.6262802487459047,0.0005592340470414813,0.023648129884654333,0.5383326379210082,0.0
QR2_matched_ridge,1,571,2020-09-30,2020-08-31,1e-08,-2.651836989084487,-3.2834207617484537,0.39889806189244903,0.6315837726639666,0.0010904384349760226,0.03302178727712997,1.2734385789693707,1.0
QR2_matched_ridge,1,571,2020-10-31,2020-09-30,1e-08,-2.7990735485463434,-2.8112431692839737,0.00014809966889776103,0.012169620737630282,5.420381510644308e-07,0.000736232402889489,0.0002986171206750335,1.0
QR2_matched_ridge,1,571,2020-11-30,2020-10-31,1e-08,-3.0039337534233583,-2.930594341861236,0.005378669288278377,0.07333941156212243,1.4240875494403807e-05,0.0037737084538161936,0.01025011513422261,1.0
QR2_matched_ridge,1,571,2020-12-31,2020-11-30,100.0,-3.651571910629322,-3.1412501508579673,0.2604282984961321,0.5103217597713545,0.0002985436782220412,0.017278416542670837,0.3810064844730904,1.0
QR2_matched_ridge,1,571,2021-01-31,2020-12-31,100.0,-3.0833870228491476,-3.2819494251469603,0.039427027606278434,0.19856240229781275,6.804402340866238e-05,0.008248880130579082,0.0904167658952314,1.0
QR2_matched_ridge,1,571,2021-02-28,2021-01-31,100.0,-3.2488776237223895,-3.1183323111619945,0.017042078631491233,0.13054531256039503,2.9301854720486674e-05,0.005413118760981203,0.031301741097516156,1.0
QR2_matched_ridge,1,571,2021-03-31,2021-02-28,1.0,-3.005349457539076,-3.33889636100141,0.11125353680931183,0.3335469034623344,0.00019727204601700611,0.014045356742247814,0.2814723674569929,0.0
QR2_matched_ridge,1,571,2021-04-30,2021-03-31,1.0,-3.428567723170164,-3.176796387389226,0.06338880552091779,0.2517713357809379,8.622481886483646e-05,0.00928573200479297,0.10792839400241716,1.0
QR2_matched_ridge,1,571,2021-05-31,2021-04-30,1e-08,-3.25079126490233,-3.3923904611731324,0.020050332384537257,0.14159919627080253,2.6166759038491423e-05,0.0051153454466430145,0.044170083160473994,1.0
QR2_matched_ridge,1,571,2021-06-30,2021-05-31,1e-08,-3.704361054701714,-3.3016641633785913,0.1621647862813068,0.4026968913231226,0.00014898395198768515,0.012205898245835296,0.25230568839802103,1.0
QR2_matched_ridge,1,571,2021-07-31,2021-06-30,1e-08,-3.396235869388752,-3.5248811674028317,0.016549612701131394,0.12864529801407976,1.63524852072537e-05,0.004043820620063865,0.03613033911082797,1.0
QR2_matched_ridge,1,571,2021-08-31,2021-07-31,1e-08,-3.708289465775626,-3.3724665071283244,0.1127770595546271,0.3358229586473014,9.575583090472987e-05,0.009785490836168101,0.18251295782351307,0.0
QR2_matched_ridge,1,571,2021-09-30,2021-08-31,100.0,-3.2831700937799164,-3.4815251635765336,0.039344733714020884,0.1983550697966172,4.554495267388046e-05,0.0067487000728940726,0.09021472734026581,1.0
QR2_matched_ridge,1,571,2021-10-31,2021-09-30,100.0,-3.386818668681176,-3.2785926785770183,0.01171286493402526,0.10822599010415779,1.4939485080507169e-05,0.003865163008271083,0.021823187960074014,0.0
QR2_matched_ridge,1,571,2021-11-30,2021-10-31,100.0,-3.306447862510668,-3.4011269528254306,0.008964130142830958,0.09467909031476252,1.0958972125126693e-05,0.003310433827329387,0.019115546223300417,0.0
QR2_matched_ridge,1,571,2021-12-31,2021-11-30,1e-08,-2.996205908102638,-3.2097798647268907,0.04561383494813809,0.2135739566242525,9.236797094151496e-05,0.009610825715905734,0.10573146487630558,1.0
QR2_matched_ridge,1,571,2022-01-31,2021-12-31,1e-08,-2.9415796259494096,-3.266973776160974,0.10588135299190604,0.32539415021156426,0.00021493522561186426,0.014660669343923703,0.26626314556857356,0.0
QR2_matched_ridge,1,571,2022-02-28,2022-01-31,1.0,-2.79991710955502,-2.725412979423239,0.0055508654066933625,0.07450413013178103,2.2127951551679648e-05,0.004704035666497401,0.010570258403947541,1.0
QR2_matched_ridge,1,571,2022-03-31,2022-02-28,1.0,-2.676617851726222,-2.875861998385239,0.039698229977879924,0.19924414665901713,0.00015445288876351343,0.012427907658311331,0.09108290670234764,0.0
QR2_matched_ridge,1,571,2022-04-30,2022-03-31,100.0,-2.647933077507468,-3.0288737720430787,0.1451158127532734,0.38094069453561064,0.0005029842993820256,0.02242731146129704,0.38042154766029546,0.0
QR2_matched_ridge,1,571,2022-05-31,2022-04-30,100.0,-2.4244300010941817,-2.683248920797093,0.06698723319618209,0.2588189197029114,0.00040754753067950286,0.02018780648509151,0.16042127985903354,0.0
QR2_matched_ridge,1,571,2022-06-30,2022-05-31,100.0,-2.4599323402147326,-2.698516925980487,0.05692260456501665,0.23858458576575448,0.00032889542582095424,0.018135474237553156,0.13433687040933173,1.0
QR2_matched_ridge,1,571,2022-07-31,2022-06-30,100.0,-2.8821336588859534,-2.7158211883854357,0.02765983784398556,0.16631247050051767,0.0001027281676883587,0.010135490500629889,0.04966401668830911,1.0
QR2_matched_ridge,1,571,2022-08-31,2022-07-31,100.0,-2.844638284908549,-3.01118864676262,0.02773902303372203,0.16655036185407113,7.960521406540861e-05,0.008922175411042343,0.06218710624827528,0.0
QR2_matched_ridge,1,571,2022-09-30,2022-08-31,100.0,-2.646329916608998,-2.961155153443797,0.09911492974808715,0.3148252368347988,0.00036679498148661115,0.019151892373512627,0.2473039459382691,0.0
QR2_matched_ridge,1,571,2022-10-31,2022-09-30,100.0,-2.5235204874353756,-2.6172379851633583,0.008782969380394435,0.09371749772798266,5.144654027616129e-05,0.007172624364635394,0.018716846066113402,1.0
QR2_matched_ridge,1,571,2022-11-30,2022-10-31,100.0,-2.5436055847483017,-2.911633965088427,0.135444888735776,0.3680283803401254,0.0005854348609361671,0.024195761218365648,0.3516302520779755,1.0
QR2_matched_ridge,1,571,2022-12-31,2022-11-30,100.0,-2.953340209712298,-2.962242002207776,7.924190963254765e-05,0.008901792495477956,2.137238992183152e-07,0.0004623028219882669,0.000159428547117417,1.0
QR2_matched_ridge,1,571,2023-01-31,2022-12-31,1.0,-3.0446334829778476,-2.6271077751340064,0.17432771671050068,0.41752570784384124,0.0006087801748357151,0.024673471073923002,0.26890358973932227,0.0
QR2_matched_ridge,1,571,2023-02-28,2023-01-31,100.0,-3.1747292629057444,-3.0235450232984746,0.022856674305628363,0.1511842396072698,4.655472581376257e-05,0.006823102359906567,0.04143416358100421,0.0
QR2_matched_ridge,1,571,2023-03-31,2023-02-28,100.0,-2.9240573364232487,-3.147849789854391,0.05008306221273004,0.2237924534311424,0.00011601307172758141,0.010770936436892635,0.11694422867867238,1.0
QR2_matched_ridge,1,571,2023-04-30,2023-03-31,100.0,-3.442485805524746,-3.0214670476171186,0.1772567945100814,0.42101875790762744,0.0002803816090503086,0.016744599399517106,0.27286931773372225,1.0
QR2_matched_ridge,1,571,2023-05-31,2023-04-30,100.0,-3.29928079041607,-3.266022890469152,0.0011060879088791915,0.033257899946917746,1.5579535837405082e-06,0.0012481801086944577,0.002163932492217205,1.0
QR2_matched_ridge,1,571,2023-06-30,2023-05-31,1.0,-3.4043718007388586,-3.312064731080892,0.008520595108840666,0.09230706965796642,1.0324450666328072e-05,0.0032131683221281876,0.016039175514437037,1.0
QR2_matched_ridge,1,571,2023-07-31,2023-06-30,1.0,-3.7661453260783695,-3.3697079154137324,0.15716262057448213,0.3964374106646371,0.00012675586092959139,0.01125859053921011,0.24541676754041508,0.0
QR2_matched_ridge,1,571,2023-08-31,2023-07-31,100.0,-3.308105488673255,-3.4496909574263945,0.020046444962046238,0.1415854687531395,2.332861970631446e-05,0.004829970984003368,0.04416109574767557,1.0
QR2_matched_ridge,1,571,2023-09-30,2023-08-31,100.0,-3.437757865373422,-3.307893859241535,0.016864660088622894,0.12986400613188742,1.9860425010584485e-05,0.004456503675594185,0.030989343165430838,0.0
QR2_matched_ridge,1,571,2023-10-31,2023-09-30,1.0,-3.193098626287721,-3.218395037634519,0.0006399084270264302,0.025296411346798386,1.0511499389406397e-06,0.0010252560357982,0.001301675810688463,1.0
QR2_matched_ridge,1,571,2023-11-30,2023-10-31,1.0,-3.3142693090819773,-3.144397809976833,0.028856326208229085,0.16987149910514443,4.53233124626052e-05,0.006732259090573178,0.05169627072791211,0.0
QR2_matched_ridge,1,571,2023-12-31,2023-11-30,1.0,-3.568281666444767,-3.4113792072931455,0.02461838168782632,0.1569024591516217,2.2957367370787664e-05,0.004791384702858628,0.04446647125573183,1.0
QR2_matched_ridge,1,571,2024-01-31,2023-12-31,1.0,-3.4647197491071067,-3.3113799726742794,0.023513087036469444,0.15333977643282726,2.687433544837938e-05,0.005184046242885897,0.0425659286745263,1.0
QR2_matched_ridge,1,571,2024-02-29,2024-01-31,1.0,-3.3449345770399286,-3.3749539570611793,0.0009011631768602662,0.030019380021250708,1.0874906756946853e-06,0.0010428282100589173,0.0018389441301623968,1.0
QR2_matched_ridge,1,571,2024-03-31,2024-02-29,1.0,-3.579023213504305,-3.389477571912133,0.035927550246588176,0.18954564159217213,3.391142498235403e-05,0.005823351696605146,0.06357441119921176,1.0
QR2_matched_ridge,1,571,2024-04-30,2024-03-31,1.0,-3.2298318565473947,-3.470282001883202,0.05781627239201092,0.24045014533580744,7.150214071878072e-05,0.008455893845051552,0.13662970335976932,1.0
QR2_matched_ridge,1,571,2024-05-31,2024-04-30,1.0,-3.551159106071428,-3.041999041874558,0.2592439709729604,0.5091600641968697,0.00036282619058019053,0.019047997022789313,0.3795213308469998,0.0
QR2_matched_ridge,1,571,2024-06-30,2024-05-31,100.0,-3.974327104300053,-3.4044006242334994,0.32481619268105194,0.5699264800665538,0.0002083630801475097,0.014434787152830128,0.4597190115533376,0.0
QR2_matched_ridge,1,571,2024-07-31,2024-06-30,1.0,-3.172237966118978,-3.5888380819529933,0.17355565651291482,0.41660011583401513,0.0002038979608376868,0.014279284325122418,0.4674694158830961,1.0
QR2_matched_ridge,1,571,2024-08-31,2024-07-31,1.0,-2.8728553989963164,-3.3927175686124103,0.27025667539795234,0.5198621696160939,0.0005253293258261992,0.022920063826835195,0.7887128784694977,0.0
QR2_matched_ridge,1,571,2024-09-30,2024-08-31,1.0,-3.2605071347369625,-3.191248468481029,0.004796762851550792,0.06925866625593358,7.571117467825607e-06,0.0027515663662404377,0.009165493130628338,1.0
QR2_matched_ridge,1,571,2024-10-31,2024-09-30,100.0,-3.4205515268412334,-3.2920615901012944,0.016509663843433532,0.12848993673993903,2.009485224529719e-05,0.0044827282145248545,0.030363652612880987,1.0
QR2_matched_ridge,1,571,2024-11-30,2024-10-31,100.0,-3.3432396881530604,-3.221834384863093,0.01473924766692901,0.12140530328996757,2.0788982752069076e-05,0.004559493694706582,0.027230670282489933,1.0
QR2_matched_ridge,1,571,2024-12-31,2024-11-30,100.0,-3.197746191257484,-3.233742502423172,0.0012957344175370201,0.0359963111656878,2.0864252903334126e-06,0.0014444463611825165,0.0026547933106707416,1.0
QR2_matched_ridge,1,571,2025-01-31,2024-12-31,100.0,-3.243894689291075,-3.159835688503793,0.007065915613356296,0.08405900078728212,1.170359780287856e-05,0.0034210521485178447,0.013372089060945225,0.0
QR2_matched_ridge,1,571,2025-02-28,2025-01-31,100.0,-3.3361230676767963,-3.3303490203261985,3.3339622806945855e-05,0.005774047350597833,4.243750541889016e-08,0.0002060036538969398,6.642331217835383e-05,1.0
QR2_matched_ridge,1,571,2025-03-31,2025-02-28,1.0,-2.8189264390259248,-3.3131198400445716,0.2442271176103771,0.49419340101864684,0.000541378465249752,0.023267541022844507,0.6985096763063248,1.0
QR2_matched_ridge,1,571,2025-04-30,2025-03-31,100.0,-1.983632317040605,-2.8405228451819955,0.7342613772184312,0.8568905281413906,0.006268444593651043,0.07917350941856148,2.8361253078177393,0.0
QR2_matched_ridge,1,571,2025-05-31,2025-04-30,100.0,-3.029808966262144,-2.8122320313087554,0.04733972262371114,0.2175769349533887,0.000137966023457298,0.011745893897754142,0.08231895009273782,1.0
QR2_matched_ridge,1,571,2025-06-30,2025-05-31,100.0,-3.530189938328582,-3.053695998376587,0.22704647481097537,0.47649393995199496,0.0003198681702706855,0.017884858687467607,0.33857509220941584,1.0
QR2_matched_ridge,1,571,2025-07-31,2025-06-30,100.0,-3.9507722447624736,-3.153211485567594,0.6361031646075128,0.7975607591948797,0.0005510704817191294,0.02347489045169603,0.7980053912727373,0.0
QR2_matched_ridge,1,571,2025-08-31,2025-07-31,1.0,-3.3885720022366694,-3.3600125107632017,0.0008156445532230744,0.028559491473467702,9.564393699064604e-07,0.000977977182712593,0.001600668413444209,1.0
QR2_matched_ridge,1,571,2025-09-30,2025-08-31,1.0,-3.844352655797379,-3.4322657982764038,0.1698155781415124,0.41208685752097507,0.00011910210669987776,0.010913391164064347,0.26277096413225365,1.0
QR2_matched_ridge,1,571,2025-10-31,2025-09-30,0.01,-3.200601249147139,-3.5331324912740083,0.11057702699043846,0.33253124212686913,0.00013281274043699308,0.011524441003232785,0.27954954091821826,1.0
QR2_matched_ridge,1,571,2025-11-30,2025-10-31,0.01,-3.1877347547552812,-3.1986512089075685,0.00011916897125898972,0.010916454152287258,2.0072215905911693e-07,0.00044802026634865183,0.00024008198832011288,1.0
QR2_matched_ridge,1,571,2025-12-31,2025-11-30,0.01,-3.669080341092571,-3.2892004216893476,0.1443087531657997,0.37987991940322363,0.0001388564881313711,0.011783738291873725,0.22753859463162296,1.0
QR2_matched_ridge,1,571,2026-01-31,2025-12-31,0.01,-3.5432987087435324,-3.4826228703971793,0.003681557359032766,0.06067583834635304,3.272245167658408e-06,0.0018089348157571648,0.007074093577412274,1.0
QR2_matched_ridge,1,571,2026-02-28,2026-01-31,0.01,-3.319307735691405,-3.450069593172323,0.017098663371859897,0.13076185748091795,1.9664263066724383e-05,0.004434440558483604,0.0373840297924245,1.0
QR2_matched_ridge,1,571,2026-03-31,2026-02-28,1e-08,-2.9305511753093016,-3.21276639381439,0.07964542955587489,0.28221521850508857,0.0001721997400701144,0.01312248985787813,0.19401551470208922,1.0
QR2_matched_ridge,1,571,2026-04-30,2026-03-31,0.01,-3.237312027686596,-3.0126727751254814,0.05046279379121619,0.2246392525611145,9.782794281978262e-05,0.00989080091902484,0.08736686818945649,1.0
QR2_matched_ridge,1,571,2026-05-31,2026-04-30,0.01,-3.5119546359486353,-3.2863917852701077,0.05087859960622377,0.22556285067852766,5.7002170157237144e-05,0.0075499781560768205,0.0880364779540258,1.0
QR2_matched_ridge,1,571,2026-06-30,2026-05-31,0.01,-3.0168147582707263,-3.2628697651217173,0.06054306639644124,0.24605500685099102,0.00011403078105093239,0.010678519609521368,0.14365405206522686,1.0
QR2_matched_ridge,1,571,2026-07-31,2026-06-30,0.01,-3.371829178429884,-3.1116087560238306,0.06771466823718496,0.2602204224060536,0.00010409041270887196,0.010202470911934616,0.11469935924534413,1.0
QR2_matched_ridge,1,571,2026-08-31,2026-07-31,0.01,-3.507788998946598,-3.3181395323497407,0.035966920180472504,0.18964946659685733,3.9150873168697715e-05,0.006257065859386308,0.06363994303656656,0.0
QR2_matched_ridge,1,120,2020-01-31,2019-12-31,100.0,-3.394259264647835,-3.6051252121964517,0.044464447835575904,0.21086594754861654,4.072184764504876e-05,0.006381367223804689,0.10286782212790813,1.0
QR2_matched_ridge,1,120,2020-02-29,2020-01-31,100.0,-2.6562454515374347,-3.5347789044043507,0.7718210278062657,0.878533452866916,0.0016847851814474457,0.041046134793028266,3.0383470397694046,0.0
QR2_matched_ridge,1,120,2020-03-31,2020-02-29,100.0,-1.2968909272855167,-3.1055288321712826,3.2711710709895727,1.808637904885766,0.05224863928479221,0.22857961257468307,32.618715794155165,0.0
QR2_matched_ridge,1,120,2020-04-30,2020-03-31,0.01,-2.134850068143052,-2.4484868901805426,0.09836805613777666,0.31363682203749077,0.0010136622765931362,0.03183806332981226,0.24522487227971201,1.0
QR2_matched_ridge,1,120,2020-05-31,2020-04-30,0.0001,-2.753043170704817,-3.3583258238247407,0.366367090167894,0.6052826531199238,0.0008375324517609462,0.02894015293257702,1.1448156280479451,1.0
QR2_matched_ridge,1,120,2020-06-30,2020-05-31,1.0,-2.4519566880578116,-3.4910812998462726,1.0797799588245196,1.039124611788461,0.0030977008193971657,0.055656992547182836,4.912217915830238,0.0
QR2_matched_ridge,1,120,2020-07-31,2020-06-30,1.0,-3.21882688058945,-3.432160743874227,0.04551133722400792,0.213333863284777,5.9058016619184364e-05,0.007684921380156362,0.10547575999424486,1.0
QR2_matched_ridge,1,120,2020-08-31,2020-07-31,100.0,-3.605943742197781,-3.3819941324103744,0.050153427723931644,0.22394960978740652,4.6482782387712403e-05,0.006817828275023682,0.08686829593712864,1.0
QR2_matched_ridge,1,120,2020-09-30,2020-08-31,100.0,-2.651836989084487,-3.5302119750995455,0.7715426160569542,0.8783749860150585,0.0016993227087098574,0.04122284207462966,3.0368275025019553,1.0
QR2_matched_ridge,1,120,2020-10-31,2020-09-30,100.0,-2.7990735485463434,-3.0968191555397357,0.08865244648386365,0.29774560699339236,0.0002456649112247142,0.015673701261179958,0.2184305359020181,1.0
QR2_matched_ridge,1,120,2020-11-30,2020-10-31,1.0,-3.0039337534233583,-2.9393496016820384,0.004171112656145838,0.06458415174131993,1.0946309075952172e-05,0.0033085206778788873,0.007994347096909216,1.0
QR2_matched_ridge,1,120,2020-12-31,2020-11-30,1.0,-3.651571910629322,-2.9875040261490575,0.4409861551980937,0.6640678844802643,0.000598428803146876,0.024462804482456135,0.5931065368423203,0.0
QR2_matched_ridge,1,120,2021-01-31,2020-12-31,100.0,-3.0833870228491476,-3.454825363519239,0.13796644091975105,0.3714383406700916,0.00020195348127676496,0.014211033786349428,0.35909685230359845,1.0
QR2_matched_ridge,1,120,2021-02-28,2021-01-31,100.0,-3.2488776237223895,-3.2353436933079767,0.00018316727246216958,0.013533930414412865,2.797647351539317e-07,0.0005289279111125936,0.0003630514937242174,1.0
QR2_matched_ridge,1,120,2021-03-31,2021-02-28,100.0,-3.005349457539076,-3.5090262408448556,0.2536903020412575,0.5036767833057798,0.0003839798834702801,0.019595404651863664,0.7309910042909811,0.0
QR2_matched_ridge,1,120,2021-04-30,2021-03-31,100.0,-3.428567723170164,-3.3766722463997096,0.0026931405092327568,0.05189547677045425,2.9845462371878125e-06,0.0017275839305769813,0.0052046686127180525,1.0
QR2_matched_ridge,1,120,2021-05-31,2021-04-30,100.0,-3.25079126490233,-3.4921145649842673,0.058236935162436845,0.24132330008193748,6.900782832838337e-05,0.008307095059548998,0.1377105696936135,0.0
QR2_matched_ridge,1,120,2021-06-30,2021-05-31,100.0,-3.704361054701714,-3.394016030536207,0.096314034024289,0.3103450241655068,8.023918380360342e-05,0.00895763271202852,0.15826340631050706,1.0
QR2_matched_ridge,1,120,2021-07-31,2021-06-30,100.0,-3.396235869388752,-3.579334353907945,0.03352505503322515,0.18309848451919297,3.1414548100028316e-05,0.005604868250015188,0.07604232212713402,1.0
QR2_matched_ridge,1,120,2021-08-31,2021-07-31,100.0,-3.708289465775626,-3.4446771270425494,0.06949146513232222,0.26361233873307643,5.469543402710858e-05,0.007395636147560843,0.11746548471884016,1.0
QR2_matched_ridge,1,120,2021-09-30,2021-08-31,100.0,-3.2831700937799164,-3.469407745701666,0.034684462993326795,0.18623765192174968,4.062399129903498e-05,0.006373695262485882,0.07884733276610278,1.0
QR2_matched_ridge,1,120,2021-10-31,2021-09-30,100.0,-3.386818668681176,-3.280498822926482,0.0113039096013019,0.10631984575469389,1.4389925438684365e-05,0.0037934055199364547,0.02108706670846383,0.0
QR2_matched_ridge,1,120,2021-11-30,2021-10-31,100.0,-3.306447862510668,-3.459860933879537,0.023535570466829712,0.15341307136886906,2.716475359405823e-05,0.005211981733856924,0.0522785145778189,0.0
QR2_matched_ridge,1,120,2021-12-31,2021-11-30,100.0,-2.996205908102638,-3.2360347461137313,0.05751787154175114,0.23982883801109312,0.00011356793388733543,0.010656825694705503,0.13586359983251117,1.0
QR2_matched_ridge,1,120,2022-01-31,2021-12-31,100.0,-2.9415796259494096,-3.3460922550199466,0.16363046707755785,0.404512629070537,0.0003083733920675584,0.017560563546411556,0.43669266607195034,0.0
QR2_matched_ridge,1,120,2022-02-28,2022-01-31,100.0,-2.79991710955502,-2.8486222967563433,0.00237219526031595,0.04870518720132333,8.35808512060184e-06,0.0028910353025519836,0.004902267304264393,1.0
QR2_matched_ridge,1,120,2022-03-31,2022-02-28,100.0,-2.676617851726222,-2.8343014264716313,0.024864109744491145,0.1576835747454095,0.00010071884968414393,0.010035878122224479,0.05539534384040934,0.0
QR2_matched_ridge,1,120,2022-04-30,2022-03-31,100.0,-2.647933077507468,-3.250690451621253,0.3633164520485452,0.6027573741137848,0.0010271992504905802,0.03204994930558518,1.132962362800383,0.0
QR2_matched_ridge,1,120,2022-05-31,2022-04-30,100.0,-2.4244300010941817,-2.843784623826016,0.1758582996065591,0.4193546227318343,0.0009195207868840616,0.030323601152964362,0.4746697988928368,0.0
QR2_matched_ridge,1,120,2022-06-30,2022-05-31,100.0,-2.4599323402147326,-2.873363106619381,0.17092499860993512,0.4134307664046486,0.0008370704228170597,0.028932169341704395,0.4592709845917593,1.0
QR2_matched_ridge,1,120,2022-07-31,2022-06-30,100.0,-2.8821336588859534,-2.922259540877574,0.001610086405605444,0.04012588199162037,4.853907724469893e-06,0.0022031585790564176,0.0033080706938815457,1.0
QR2_matched_ridge,1,120,2022-08-31,2022-07-31,100.0,-2.844638284908549,-3.237392981746757,0.15425625188847272,0.3927546968382081,0.00035680071651499415,0.018889169291289497,0.4080146297818228,0.0
QR2_matched_ridge,1,120,2022-09-30,2022-08-31,100.0,-2.646329916608998,-3.134889841311599,0.23869080002541085,0.4885599247026007,0.000751112917093219,0.027406439336280425,0.6796733978807132,0.0
QR2_matched_ridge,1,120,2022-10-31,2022-09-30,100.0,-2.5235204874353756,-2.5333896995562597,9.740134788700556e-05,0.009869212120884097,6.199837437834506e-07,0.0007873904646256841,0.00019609074492348694,1.0
QR2_matched_ridge,1,120,2022-11-30,2022-10-31,100.0,-2.5436055847483017,-3.0998436766048756,0.30940081483224235,0.5562380918565739,0.0011240132704253907,0.03352630713969838,0.9294051498043983,1.0
QR2_matched_ridge,1,120,2022-12-31,2022-11-30,100.0,-2.953340209712298,-3.1062165804487116,0.02337118472953737,0.15287637073641358,5.468828673913058e-05,0.007395152921957096,0.05189383387793267,1.0
QR2_matched_ridge,1,120,2023-01-31,2022-12-31,100.0,-3.0446334829778476,-2.7669875143107134,0.07708728391711127,0.2776459686671342,0.0002321752414451532,0.015237297708096183,0.12919662986605807,0.0
QR2_matched_ridge,1,120,2023-02-28,2023-01-31,100.0,-3.1747292629057444,-3.24241059858528,0.004580763199365979,0.0676813356795356,7.4847136067383e-06,0.002735820463177052,0.009589278983187455,1.0
QR2_matched_ridge,1,120,2023-03-31,2023-02-28,100.0,-2.9240573364232487,-3.11872563750869,0.03789574744749195,0.1946683010854411,9.028471604454952e-05,0.009501826984561944,0.08666469079476385,1.0
QR2_matched_ridge,1,120,2023-04-30,2023-03-31,100.0,-3.442485805524746,-3.047997554927239,0.1556209798594816,0.39448825059750714,0.00023928300951469588,0.015468775307525023,0.243286043876624,1.0
QR2_matched_ridge,1,120,2023-05-31,2023-04-30,100.0,-3.29928079041607,-3.3218771697088867,0.0005105963571448385,0.02259637929281677,6.800859849925778e-07,0.000824673259535301,0.0010367516081801822,1.0
QR2_matched_ridge,1,120,2023-06-30,2023-05-31,100.0,-3.4043718007388586,-3.3751782949190536,0.0008522607820509858,0.029193505819804955,9.689071305255276e-07,0.0009843308034017464,0.0016718262229226608,1.0
QR2_matched_ridge,1,120,2023-07-31,2023-06-30,100.0,-3.7661453260783695,-3.440645104400864,0.10595039431210528,0.3255002216775056,7.926187723689055e-05,0.008902913974474343,0.17252420405494467,1.0
QR2_matched_ridge,1,120,2023-08-31,2023-07-31,100.0,-3.308105488673255,-3.481272873035975,0.029986943007026062,0.17316738436272017,3.3839787624708935e-05,0.005817197574838673,0.06754108929339259,1.0
QR2_matched_ridge,1,120,2023-09-30,2023-08-31,100.0,-3.437757865373422,-3.348533798947358,0.007960934029602752,0.0892240664260644,8.995040008022238e-06,0.0029991732207430497,0.015015578971705579,1.0
QR2_matched_ridge,1,120,2023-10-31,2023-09-30,100.0,-3.193098626287721,-3.172730979405304,0.0004148410395268215,0.020367646882416768,7.132668776426034e-07,0.0008445512877514327,0.0008185300983126198,1.0
QR2_matched_ridge,1,120,2023-11-30,2023-10-31,100.0,-3.3142693090819773,-3.062220900579681,0.06352840022854041,0.25204840850229626,0.000108640401166232,0.010423070620802298,0.10814771463079093,0.0
QR2_matched_ridge,1,120,2023-12-31,2023-11-30,100.0,-3.568281666444767,-3.3296028011490266,0.05696760073886227,0.23867886529574056,5.78063457629943e-05,0.0076030484519694005,0.09777827677325818,1.0
QR2_matched_ridge,1,120,2024-01-31,2023-12-31,100.0,-3.4647197491071067,-3.448141161242545,0.0002748495755829844,0.016578587864561456,2.734561343855488e-07,0.0005229303341608219,0.0005436736901086592,1.0
QR2_matched_ridge,1,120,2024-02-29,2024-01-31,100.0,-3.3449345770399286,-3.4189870966075406,0.005483775654311566,0.07405251956761205,6.334965814623113e-06,0.002516935798669309,0.011529657856469366,1.0
QR2_matched_ridge,1,120,2024-03-31,2024-02-29,100.0,-3.579023213504305,-3.476884608549543,0.010432294622105003,0.10213860495476235,9.003586393997287e-06,0.003000597672797419,0.01951355817602385,1.0
QR2_matched_ridge,1,120,2024-04-30,2024-03-31,100.0,-3.2298318565473947,-3.456145959614019,0.05121807324685072,0.22631410306662447,6.420854350228616e-05,0.008013023368385129,0.11981124834275747,1.0
QR2_matched_ridge,1,120,2024-05-31,2024-04-30,100.0,-3.551159106071428,-3.0623749702305068,0.23890993144975597,0.48878413584092106,0.0003270710746189092,0.018085106430953322,0.35379313572450266,0.0
QR2_matched_ridge,1,120,2024-06-30,2024-05-31,100.0,-3.974327104300053,-3.338102388486355,0.4047818890122208,0.636224715813698,0.00027930180308051065,0.016712324885560077,0.5525940173168833,0.0
QR2_matched_ridge,1,120,2024-07-31,2024-06-30,100.0,-3.172237966118978,-3.5525907531481185,0.14466824260083458,0.3803527870291403,0.00017581123390863828,0.01325938286303847,0.3790798910484683,1.0
QR2_matched_ridge,1,120,2024-08-31,2024-07-31,100.0,-2.8728553989963164,-3.396081325603709,0.27376537027416464,0.5232259266073926,0.0005305169667294474,0.02303295392973831,0.8010778659435307,0.0
QR2_matched_ridge,1,120,2024-09-30,2024-08-31,100.0,-3.2605071347369625,-3.2584171577818175,4.368003673037216e-06,0.002089976955145012,6.443922443627546e-09,8.027404589048409e-05,8.723848019063368e-06,1.0
QR2_matched_ridge,1,120,2024-10-31,2024-09-30,100.0,-3.4205515268412334,-3.3117059215118347,0.011847365799523224,0.10884560532939869,1.4134103445155979e-05,0.0037595350038476805,0.022064996031704948,1.0
QR2_matched_ridge,1,120,2024-11-30,2024-10-31,100.0,-3.3432396881530604,-3.2267967093440344,0.013558967313919276,0.11644297880902599,1.9027718616707508e-05,0.004362077328143955,0.025129875374197114,1.0
QR2_matched_ridge,1,120,2024-12-31,2024-11-30,100.0,-3.197746191257484,-3.3052090230651805,0.011548260220129255,0.10746283180769645,1.732753963847158e-05,0.004162636140533013,0.02484406992542676,1.0
QR2_matched_ridge,1,120,2025-01-31,2024-12-31,100.0,-3.243894689291075,-3.147267171229486,0.009336877246742705,0.09662751806158898,1.5663658523698417e-05,0.003957734013763231,0.017526764387257643,0.0
QR2_matched_ridge,1,120,2025-02-28,2025-01-31,100.0,-3.3361230676767963,-3.334535290249222,2.5210371595152356e-06,0.0015877774275745438,3.195576530334274e-09,5.652943065637822e-05,5.036741425565403e-06,1.0
QR2_matched_ridge,1,120,2025-03-31,2025-02-28,100.0,-2.8189264390259248,-3.323090407954163,0.2541813075654736,0.5041639689282382,0.0005583150131162059,0.02362869046553799,0.7326860975681617,1.0
QR2_matched_ridge,1,120,2025-04-30,2025-03-31,100.0,-1.983632317040605,-2.782037291829042,0.637450503766925,0.7984049747884372,0.0057238893927003855,0.07565639029652674,2.340447226933102,1.0
QR2_matched_ridge,1,120,2025-05-31,2025-04-30,100.0,-3.029808966262144,-2.75875742249327,0.07346893937948998,0.2710515437688743,0.00022636987606793464,0.015045593244134133,0.12362705716266975,1.0
QR2_matched_ridge,1,120,2025-06-30,2025-05-31,100.0,-3.530189938328582,-3.2330230648392524,0.0883081506994232,0.2971668734893296,0.0001027941341603537,0.010138744210224149,0.1462639155170538,1.0
QR2_matched_ridge,1,120,2025-07-31,2025-06-30,100.0,-3.9507722447624736,-3.2277777370774716,0.5227210581426783,0.722994507685002,0.0004163911856151692,0.020405665527376684,0.6815020506924122,0.0
QR2_matched_ridge,1,120,2025-08-31,2025-07-31,1.0,-3.3885720022366694,-3.668303457635008,0.07824968713927266,0.27973145539833855,6.785012379000731e-05,0.008237118658244964,0.19026957465946814,1.0
QR2_matched_ridge,1,120,2025-09-30,2025-08-31,1.0,-3.844352655797379,-3.349102824046957,0.245272395848821,0.4952498317504217,0.00018811753681717276,0.013715594657803677,0.3618907375894864,0.0
QR2_matched_ridge,1,120,2025-10-31,2025-09-30,1.0,-3.200601249147139,-3.546684113229903,0.11977334881172891,0.346082864082764,0.00014203056523417193,0.01191765770754354,0.3058723299793896,1.0
QR2_matched_ridge,1,120,2025-11-30,2025-10-31,1.0,-3.1877347547552812,-3.4516565645896797,0.06965472170626441,0.2639218098343985,9.162605221244659e-05,0.009572149821876305,0.16742909189504418,0.0
QR2_matched_ridge,1,120,2025-12-31,2025-11-30,1.0,-3.669080341092571,-3.1594676223003755,0.25970512315477357,0.5096127187921957,0.00028724904985268204,0.016948423226149447,0.3800997892422344,0.0
QR2_matched_ridge,1,120,2026-01-31,2025-12-31,1.0,-3.5432987087435324,-3.3149766584420117,0.05213095865389012,0.22832205030152064,5.5013645857099515e-05,0.007417118433535999,0.09004982927245109,1.0
QR2_matched_ridge,1,120,2026-02-28,2026-01-31,1.0,-3.319307735691405,-3.4334855392311323,0.013036570821156586,0.1141778035397274,1.5238221059113306e-05,0.0039036164077830837,0.028176470616438354,1.0
QR2_matched_ridge,1,120,2026-03-31,2026-02-28,1.0,-2.9305511753093016,-3.1860867731906013,0.06529844178455327,0.25553559788129965,0.00014482470541676154,0.012034313666211362,0.15600480782386694,1.0
QR2_matched_ridge,1,120,2026-04-30,2026-03-31,1.0,-3.237312027686596,-2.816743953567366,0.17687750496835788,0.4205680741192297,0.00042152321588090526,0.020531030560614956,0.272356463044384,0.0
QR2_matched_ridge,1,120,2026-05-31,2026-04-30,100.0,-3.5119546359486353,-3.3421249234695733,0.02884213124072086,0.16982971247906198,3.050577047261687e-05,0.005523202917928769,0.051672200212504904,1.0
QR2_matched_ridge,1,120,2026-06-30,2026-05-31,1.0,-3.0168147582707263,-3.4625402194875488,0.1986711867769491,0.44572546121682244,0.000310002400207523,0.01760688502284044,0.5472144775243701,1.0
QR2_matched_ridge,1,120,2026-07-31,2026-06-30,0.01,-3.371829178429884,-3.271164997396098,0.010133277343202896,0.10066418103378627,1.321602708287247e-05,0.0036353854104994796,0.018972266293820622,1.0
QR2_matched_ridge,1,120,2026-08-31,2026-07-31,0.01,-3.507788998946598,-3.3530200421278438,0.023953429994765414,0.15476895681875424,2.515491958583983e-05,0.005015468032580791,0.04332386401413535,0.0
QR2_matched_ridge,2,571,2020-01-31,2019-12-31,1e-08,-3.394259264647835,-3.571174798619902,0.031299106160621495,0.17691553397206672,2.962202980159544e-05,0.005442612405967877,0.0706834520417115,1.0
QR2_matched_ridge,2,571,2020-02-29,2020-01-31,1e-08,-2.6562454515374347,-3.5262788206406217,0.7569580633530424,0.870033369103187,0.0016644092028697181,0.0407971715057517,2.957656927634975,0.0
QR2_matched_ridge,2,571,2020-03-31,2020-02-29,1e-08,-1.2968909272855167,-2.8935513443474807,2.549324487412485,1.596660417061964,0.04752454079845491,0.21800124035990004,20.175898521663168,0.0
QR2_matched_ridge,2,571,2020-04-30,2020-03-31,1e-08,-2.134850068143052,-2.375227726931441,0.05778141884458728,0.24037765878838924,0.0006385228976447612,0.025269010618636442,0.13654019512253324,1.0
QR2_matched_ridge,2,571,2020-05-31,2020-04-30,1e-08,-2.753043170704817,-2.4718232111859,0.07908466563182125,0.2812199595189169,0.00042837284239535795,0.02069716991270444,0.1322569778974918,1.0
QR2_matched_ridge,2,571,2020-06-30,2020-05-31,1e-08,-2.4519566880578116,-2.7493117500690345,0.0884200329036982,0.29735506201122286,0.0004907566166655344,0.022153027257364497,0.21779534298560144,1.0
QR2_matched_ridge,2,571,2020-07-31,2020-06-30,1e-08,-3.21882688058945,-2.7408464784841082,0.22846526479678442,0.477980402105342,0.000600924173972152,0.02451375479138502,0.3404033971966336,1.0
QR2_matched_ridge,2,571,2020-08-31,2020-07-31,1e-08,-3.605943742197781,-2.9761446898379535,0.3966468463533366,0.6297990523598274,0.0005677371267434423,0.0238272349789782,0.5433661533448686,0.0
QR2_matched_ridge,2,571,2020-09-30,2020-08-31,1e-08,-2.651836989084487,-3.20992643842715,0.3114638334675967,0.5580894493426629,0.0009097441091577671,0.030161964610379198,0.9369865323957516,1.0
QR2_matched_ridge,2,571,2020-10-31,2020-09-30,1e-08,-2.7990735485463434,-2.7897575106446304,8.678856218615281e-05,0.009316037901712981,3.245391879984997e-07,0.0005696834103241025,0.00017250409317472182,1.0
QR2_matched_ridge,2,571,2020-11-30,2020-10-31,1e-08,-3.0039337534233583,-2.879429720816564,0.01550125413535376,0.12450403260679455,4.3233010772796335e-05,0.006575181425086028,0.028581751144649226,1.0
QR2_matched_ridge,2,571,2020-12-31,2020-11-30,1e-08,-3.651571910629322,-2.9121197927153397,0.5467894346874738,0.7394521179139821,0.0008071320649166508,0.02841006978021439,0.7067914981470294,0.0
QR2_matched_ridge,2,571,2021-01-31,2020-12-31,1e-08,-3.0833870228491476,-3.3039677556950475,0.04865585970283429,0.22058073284589996,8.220579185799187e-05,0.009066740972256342,0.11335021669183476,1.0
QR2_matched_ridge,2,571,2021-02-28,2021-01-31,1e-08,-3.2488776237223895,-3.0684036338260663,0.03257086102909818,0.18047398989632324,5.894504556346483e-05,0.0076775676853717695,0.05796323619460497,0.0
QR2_matched_ridge,2,571,2021-03-31,2021-02-28,1e-08,-3.005349457539076,-3.310402298290023,0.09305723565022288,0.3050528407509474,0.00016951934141629286,0.01301995934772044,0.23052022711196485,0.0
QR2_matched_ridge,2,571,2021-04-30,2021-03-31,1e-08,-3.428567723170164,-3.1279991773248454,0.0903414507515693,0.30056854584531845,0.00012932227722931483,0.011371995305544003,0.14932503329964608,1.0
QR2_matched_ridge,2,571,2021-05-31,2021-04-30,1e-08,-3.25079126490233,-3.358383975853635,0.01157619144985113,0.10759271095130529,1.5619109858728272e-05,0.003952101954495642,0.024906393930699267,1.0
QR2_matched_ridge,2,571,2021-06-30,2021-05-31,1e-08,-3.704361054701714,-3.2304331173150467,0.22460768983558071,0.47392793738666716,0.00022273857730585193,0.014924428877040888,0.3354270090251411,0.0
QR2_matched_ridge,2,571,2021-07-31,2021-06-30,1e-08,-3.396235869388752,-3.476501949589538,0.006442643630799004,0.08026608020078596,6.675828228142644e-06,0.0025837624171240366,0.013603372802099334,1.0
QR2_matched_ridge,2,571,2021-08-31,2021-07-31,1e-08,-3.708289465775626,-3.3720021003905853,0.1130891921176117,0.33628736538504045,9.60679510819321e-05,0.009801425971864099,0.18296749140044732,0.0
QR2_matched_ridge,2,571,2021-09-30,2021-08-31,1e-08,-3.2831700937799164,-3.5601600892114225,0.07672345756914574,0.27698999543150604,8.235359670650005e-05,0.009074888247603937,0.18618510405641142,1.0
QR2_matched_ridge,2,571,2021-10-31,2021-09-30,1.0,-3.386818668681176,-3.244117892249588,0.02036351159417805,0.14270077643158796,2.6903598245706557e-05,0.005186867864685446,0.037113894326630176,0.0
QR2_matched_ridge,2,571,2021-11-30,2021-10-31,1.0,-3.306447862510668,-3.4625663527583916,0.02437298299722854,0.1561184902477235,2.805724810032832e-05,0.005296909296970104,0.05424150291453134,0.0
QR2_matched_ridge,2,571,2021-12-31,2021-11-30,1e-08,-2.996205908102638,-3.2621864688362816,0.07074565868818336,0.2659805607336434,0.00013623019636272061,0.011671769204483123,0.1703062689545296,1.0
QR2_matched_ridge,2,571,2022-01-31,2021-12-31,1.0,-2.9415796259494096,-3.2457358001884837,0.09251097832775003,0.30415617423907415,0.00019161161573096942,0.013842384755921554,0.22901566290728337,0.0
QR2_matched_ridge,2,571,2022-02-28,2022-01-31,1.0,-2.79991710955502,-2.7792316491234117,0.00042788827326763006,0.020685460431608238,1.6156688447356414e-06,0.0012710896289151452,0.0008440961811752024,1.0
QR2_matched_ridge,2,571,2022-03-31,2022-02-28,1.0,-2.676617851726222,-2.902225257446747,0.05089870151594571,0.2256074057205253,0.00019305774545028294,0.01389452213824869,0.11900373533549602,0.0
QR2_matched_ridge,2,571,2022-04-30,2022-03-31,100.0,-2.647933077507468,-3.047988489681,0.16004433280933442,0.4000554121735318,0.0005449008512830681,0.02334311143106394,0.4256767619332591,0.0
QR2_matched_ridge,2,571,2022-05-31,2022-04-30,100.0,-2.4244300010941817,-2.668974977615956,0.059802245542035205,0.24454497652177443,0.0003688442804100296,0.01920531906556175,0.14174145822917994,0.0
QR2_matched_ridge,2,571,2022-06-30,2022-05-31,100.0,-2.4599323402147326,-2.699124556536827,0.05721291634907567,0.23919221632209453,0.000330380009994128,0.018176358546037982,0.13508120038852667,1.0
QR2_matched_ridge,2,571,2022-07-31,2022-06-30,100.0,-2.8821336588859534,-2.7376685288254503,0.020870173803398076,0.1444651300605031,7.579353653353502e-05,0.008705948341997845,0.037994703365754445,1.0
QR2_matched_ridge,2,571,2022-08-31,2022-07-31,100.0,-2.844638284908549,-3.002310653105286,0.024860575692767374,0.1576723681967369,7.19636312437827e-05,0.008483138054032995,0.05538703424885094,0.0
QR2_matched_ridge,2,571,2022-09-30,2022-08-31,100.0,-2.646329916608998,-2.9727207140378034,0.10653095264621133,0.32639079742880517,0.0003899466512031648,0.01974706690126827,0.2680949100798723,0.0
QR2_matched_ridge,2,571,2022-10-31,2022-09-30,100.0,-2.5235204874353756,-2.646182070527971,0.015045863966781698,0.12266158309259545,8.566201711129516e-05,0.00925537774006524,0.03271109774786457,1.0
QR2_matched_ridge,2,571,2022-11-30,2022-10-31,100.0,-2.5436055847483017,-2.918731622502939,0.1407195442014937,0.3751260377546375,0.0006041967204675011,0.02458041335021649,0.3672816522256479,1.0
QR2_matched_ridge,2,571,2022-12-31,2022-11-30,100.0,-2.953340209712298,-2.9824639910374557,0.0008481946386756041,0.029123781325157694,2.2420185933911453e-06,0.0014973371675715344,0.0017298113890863859,1.0
QR2_matched_ridge,2,571,2023-01-31,2022-12-31,100.0,-3.0446334829778476,-2.709862258489903,0.1120717727451578,0.3347712244879446,0.00035842865814581356,0.018932212183097187,0.18148521311826205,0.0
QR2_matched_ridge,2,571,2023-02-28,2023-01-31,100.0,-3.1747292629057444,-2.992799659130646,0.03309838072976437,0.1819296037750986,6.957937280071481e-05,0.008341425106102363,0.05884824461433047,0.0
QR2_matched_ridge,2,571,2023-03-31,2023-02-28,100.0,-2.9240573364232487,-3.129290891436799,0.04212081210350004,0.20523355501355045,9.933101467359584e-05,0.009966494603098716,0.09705468919541693,1.0
QR2_matched_ridge,2,571,2023-04-30,2023-03-31,100.0,-3.442485805524746,-2.9940683842469324,0.20107818370544414,0.4484174212778136,0.0003275443356052985,0.018098185975541817,0.30469339798426465,1.0
QR2_matched_ridge,2,571,2023-05-31,2023-04-30,100.0,-3.29928079041607,-3.251598856377825,0.002273566833627531,0.04768193403824483,3.249220050741558e-06,0.0018025593057487896,0.004405970957421193,1.0
QR2_matched_ridge,2,571,2023-06-30,2023-05-31,100.0,-3.4043718007388586,-3.2623686839963115,0.02016488516459745,0.14200311674254706,2.5703769455817382e-05,0.005069888505264922,0.036768185846256074,0.0
QR2_matched_ridge,2,571,2023-07-31,2023-06-30,100.0,-3.7661453260783695,-3.3874629397013165,0.14340034975221963,0.378682386377053,0.00011349095721198533,0.010653213468807678,0.22626523233845597,0.0
QR2_matched_ridge,2,571,2023-08-31,2023-07-31,100.0,-3.308105488673255,-3.4477753081982287,0.019507658486138727,0.1396698195249737,2.2744127665302603e-05,0.0047690803794130585,0.042916718457043423,1.0
QR2_matched_ridge,2,571,2023-09-30,2023-08-31,100.0,-3.437757865373422,-3.319709215144499,0.013935483820870622,0.11804865022892308,1.6214205392979972e-05,0.004026686651948469,0.025801132107932473,1.0
QR2_matched_ridge,2,571,2023-10-31,2023-09-30,100.0,-3.193098626287721,-3.213535018267679,0.00041764611715850765,0.02043639197995839,6.893788001354823e-07,0.0008302883837170566,0.0008467897166114235,1.0
QR2_matched_ridge,2,571,2023-11-30,2023-10-31,100.0,-3.3142693090819773,-3.1389141706676167,0.030749424568319552,0.17535513841436057,4.8569942662107154e-05,0.006969213919955905,0.0548980206389193,0.0
QR2_matched_ridge,2,571,2023-12-31,2023-11-30,100.0,-3.568281666444767,-3.4259456699884283,0.02025953588721891,0.14233599645633888,1.8612651598960844e-05,0.004314238240867192,0.03693295369576688,1.0
QR2_matched_ridge,2,571,2024-01-31,2023-12-31,100.0,-3.4647197491071067,-3.4023334403910512,0.003892051515214975,0.06238630871605544,4.055049185180806e-06,0.0020137152691432833,0.007470207244094043,1.0
QR2_matched_ridge,2,571,2024-02-29,2024-01-31,100.0,-3.3449345770399286,-3.3839074042007535,0.001518881256907535,0.03897282716082495,1.816685920245395e-06,0.0013478449169861476,0.0031182516006615646,1.0
QR2_matched_ridge,2,571,2024-03-31,2024-02-29,100.0,-3.579023213504305,-3.369842247168662,0.0437566766771134,0.20918096633564298,4.214765677018959e-05,0.006492122670605477,0.07648592141206884,1.0
QR2_matched_ridge,2,571,2024-04-30,2024-03-31,100.0,-3.2298318565473947,-3.44574841751046,0.04661996129811711,0.21591656096306533,5.903245024999912e-05,0.007683257788854876,0.10824496652452265,1.0
QR2_matched_ridge,2,571,2024-05-31,2024-04-30,100.0,-3.551159106071428,-3.0696808784070457,0.23182128371483454,0.4814782276643821,0.0003148710838154303,0.017744607175573943,0.3447190073050952,0.0
QR2_matched_ridge,2,571,2024-06-30,2024-05-31,100.0,-3.974327104300053,-3.417727911958164,0.30980266091564357,0.5565991923418894,0.0001958573019725741,0.013994902713937461,0.44170497326860825,0.0
QR2_matched_ridge,2,571,2024-07-31,2024-06-30,0.01,-3.172237966118978,-3.5459612132952776,0.1396690654799974,0.37372324717629946,0.00017079388487168946,0.013068813445439087,0.36415464672525566,1.0
QR2_matched_ridge,2,571,2024-08-31,2024-07-31,1e-08,-2.8728553989963164,-3.4265407001336525,0.3065674126955426,0.5536853011373362,0.0005778296998871889,0.02403808852399019,0.9190197372842785,0.0
QR2_matched_ridge,2,571,2024-09-30,2024-08-31,0.01,-3.2605071347369625,-3.2300766199624804,0.000926016229439974,0.03043051477448211,1.4054888435301797e-06,0.001185533147377238,0.0018150250403304938,1.0
QR2_matched_ridge,2,571,2024-10-31,2024-09-30,1e-08,-3.4205515268412334,-3.252752579756821,0.028156486642637486,0.16779894708441256,3.5679445096585153e-05,0.005973227360195253,0.050508411883951054,0.0
QR2_matched_ridge,2,571,2024-11-30,2024-10-31,1e-08,-3.3432396881530604,-3.258393074398276,0.007198947865653591,0.08484661375478453,9.783108522109621e-06,0.0031277961126182155,0.013616896965267078,1.0
QR2_matched_ridge,2,571,2024-12-31,2024-11-30,1e-08,-3.197746191257484,-3.330463126341133,0.017613784857997507,0.132716935083649,2.5782485052327295e-05,0.005077645620986886,0.03856274812542615,1.0
QR2_matched_ridge,2,571,2025-01-31,2024-12-31,1e-08,-3.243894689291075,-3.137311416696395,0.011359993996991825,0.10658327259467981,1.9251589609061616e-05,0.004387663342721455,0.021188099096355606,0.0
QR2_matched_ridge,2,571,2025-02-28,2025-01-31,0.01,-3.3361230676767963,-3.3377129180046947,2.527624065118583e-06,0.0015898503278983789,3.19376113271126e-09,5.6513371273630986e-05,5.060610450801327e-06,1.0
QR2_matched_ridge,2,571,2025-03-31,2025-02-28,0.01,-2.8189264390259248,-3.276256883621527,0.2091511355540113,0.45733044459560235,0.00047963628036345324,0.02190060000007884,0.5812678227821626,1.0
QR2_matched_ridge,2,571,2025-04-30,2025-03-31,0.01,-1.983632317040605,-2.766339590033946,0.6126306751966726,0.7827072729933411,0.0055766307484871975,0.07467684211646337,2.2192434396131167,1.0
QR2_matched_ridge,2,571,2025-05-31,2025-04-30,0.01,-3.029808966262144,-2.7598158658315284,0.07289627428013656,0.26999310043061575,0.0002243571004553066,0.014978554685125885,0.12274249471470539,1.0
QR2_matched_ridge,2,571,2025-06-30,2025-05-31,0.01,-3.530189938328582,-3.0615731528224166,0.2196016916581314,0.46861678550616537,0.0003067626644105938,0.01751464142968944,0.3289435466799916,1.0
QR2_matched_ridge,2,571,2025-07-31,2025-06-30,1.0,-3.9507722447624736,-3.3158912086334857,0.40307393003621717,0.6348810361289878,0.0002911065074330785,0.017061843611787048,0.550660519619529,0.0
QR2_matched_ridge,2,571,2025-08-31,2025-07-31,1e-08,-3.3885720022366694,-3.4049389282266267,0.00026787626636073843,0.01636692598995726,3.003029662927899e-07,0.0005479990568356755,0.0005416464341229457,1.0
QR2_matched_ridge,2,571,2025-09-30,2025-08-31,1e-08,-3.844352655797379,-3.4168729461060448,0.18273890219778727,0.4274797096913341,0.00013029396490388625,0.011414638185412898,0.28025986906955735,1.0
QR2_matched_ridge,2,571,2025-10-31,2025-09-30,1e-08,-3.200601249147139,-3.5357354231147635,0.1123149145609619,0.33513417396762435,0.00013456886847370563,0.011600382255499413,0.28449345861987874,1.0
QR2_matched_ridge,2,571,2025-11-30,2025-10-31,1e-08,-3.1877347547552812,-3.2237137825215925,0.0012944904390089947,0.03597902776631123,2.1266155004948405e-06,0.0014582919805357364,0.002652213630497932,0.0
QR2_matched_ridge,2,571,2025-12-31,2025-11-30,1e-08,-3.669080341092571,-3.333377841804092,0.11269616802853151,0.3357024992884794,0.00010347965862550905,0.010172495201547605,0.18239513136517915,1.0
QR2_matched_ridge,2,571,2026-01-31,2025-12-31,1e-08,-3.5432987087435324,-3.3995478882523105,0.0206642983918995,0.1437508204912219,1.998611747491945e-05,0.004470583572076407,0.037636976793499116,1.0
QR2_matched_ridge,2,571,2026-02-28,2026-01-31,1e-08,-3.319307735691405,-3.459161900102904,0.019559187303238655,0.13985416441149923,2.229495511190528e-05,0.004721753393804602,0.04303562095997643,1.0
QR2_matched_ridge,2,571,2026-03-31,2026-02-28,1e-08,-2.9305511753093016,-3.2441089741732556,0.09831849322840781,0.31355779886395396,0.0002063334965028481,0.014364313297295074,0.24508700046138343,1.0
QR2_matched_ridge,2,571,2026-04-30,2026-03-31,1e-08,-3.237312027686596,-2.967603004323475,0.07274295728348854,0.26970902336312097,0.00014779565110643804,0.012157123471711474,0.12250553005218501,1.0
QR2_matched_ridge,2,571,2026-05-31,2026-04-30,1e-08,-3.5119546359486353,-3.2466510981929626,0.07038596714567566,0.2653035377556727,8.21876887143403e-05,0.009065742590341968,0.11885482596724456,1.0
QR2_matched_ridge,2,571,2026-06-30,2026-05-31,1e-08,-3.0168147582707263,-3.3045918503475447,0.08281565472418959,0.28777709207681834,0.0001498840999765707,0.01224271620093232,0.20256147328401142,1.0
QR2_matched_ridge,2,571,2026-07-31,2026-06-30,1e-08,-3.371829178429884,-3.0841431702557887,0.08276323929914575,0.2876860081740955,0.0001309295129571829,0.011442443487174533,0.13786758867801324,1.0
QR2_matched_ridge,2,571,2026-08-31,2026-07-31,1.0,-3.507788998946598,-3.2594675311210812,0.06166355138301917,0.24832146782551678,7.133076758325126e-05,0.008445754411729674,0.10521317940989877,0.0
QR2_matched_ridge,2,120,2020-01-31,2019-12-31,100.0,-3.394259264647835,-3.6105847400612845,0.04679671131285489,0.21632547541344938,4.2632736044649954e-05,0.006529374858640753,0.10868717317044152,1.0
QR2_matched_ridge,2,120,2020-02-29,2020-01-31,100.0,-2.6562454515374347,-3.56209590432093,0.8205650428080632,0.9058504527834952,0.0017499210170884084,0.041832057289696,3.3091486647373305,0.0
QR2_matched_ridge,2,120,2020-03-31,2020-02-29,100.0,-1.2968909272855167,-3.1035047724689555,3.2638535856084903,1.8066138451834388,0.05220715055638488,0.22848884120758475,32.47233286025887,0.0
QR2_matched_ridge,2,120,2020-04-30,2020-03-31,1.0,-2.134850068143052,-2.5586612667465287,0.17961593206171578,0.42381119860347694,0.0016690509634633966,0.04085402016281135,0.48646831159726256,1.0
QR2_matched_ridge,2,120,2020-05-31,2020-04-30,1e-08,-2.753043170704817,-3.2653517774766607,0.26246010857250773,0.5123086067718439,0.0006528082692664603,0.02555011290124684,0.7614115887915955,1.0
QR2_matched_ridge,2,120,2020-06-30,2020-05-31,1.0,-2.4519566880578116,-3.832636689517921,1.9062772664318874,1.3806800014601093,0.00415669712400038,0.06447245244288742,12.059985396272578,0.0
QR2_matched_ridge,2,120,2020-07-31,2020-06-30,100.0,-3.21882688058945,-3.132928864519817,0.007378469164699003,0.08589801606963343,1.2873623849212034e-05,0.0035879832565400907,0.013946959514073348,1.0
QR2_matched_ridge,2,120,2020-08-31,2020-07-31,100.0,-3.605943742197781,-3.43231845332025,0.030145740937805986,0.1736252888775307,2.6523953981356374e-05,0.00515014116130387,0.05387881850841186,1.0
QR2_matched_ridge,2,120,2020-09-30,2020-08-31,100.0,-2.651836989084487,-3.5917860422962193,0.8835042226336319,0.9399490532117323,0.0018466326671585792,0.042972464057330705,3.672939029737507,1.0
QR2_matched_ridge,2,120,2020-10-31,2020-09-30,100.0,-2.7990735485463434,-3.1556653982340404,0.12715774726369308,0.35659184968769697,0.0003332956804677308,0.01825638738819186,0.32729349512761297,1.0
QR2_matched_ridge,2,120,2020-11-30,2020-10-31,100.0,-3.0039337534233583,-3.1350198126033986,0.01718355491135301,0.13108605918004024,3.712112770790427e-05,0.006092711031052127,0.03757811569683106,1.0
QR2_matched_ridge,2,120,2020-12-31,2020-11-30,100.0,-3.651571910629322,-3.3529961708604574,0.08914747237852465,0.2985757397688644,8.152442216566239e-05,0.009029087559973177,0.14752864547042355,1.0
QR2_matched_ridge,2,120,2021-01-31,2020-12-31,100.0,-3.0833870228491476,-3.4355936365589796,0.12404949874094688,0.3522066137098321,0.00018489388794405703,0.013597569192471758,0.31824626810032464,1.0
QR2_matched_ridge,2,120,2021-02-28,2021-01-31,100.0,-3.2488776237223895,-3.273926824808246,0.000627462475039675,0.02504920108585651,9.221307153460834e-07,0.0009602763744600215,0.0012761466531428858,1.0
QR2_matched_ridge,2,120,2021-03-31,2021-02-28,100.0,-3.005349457539076,-3.5505683962145977,0.2972636910904626,0.545218938675522,0.0004331863114952224,0.020813128344754482,0.8851388476443782,0.0
QR2_matched_ridge,2,120,2021-04-30,2021-03-31,100.0,-3.428567723170164,-3.3790960778238572,0.002447443693270745,0.04947164534630666,2.7056427965766103e-06,0.0016448838246443456,0.004737364214241507,1.0
QR2_matched_ridge,2,120,2021-05-31,2021-04-30,100.0,-3.25079126490233,-3.4900506985525404,0.05724507659061949,0.23925943365021052,6.796705518939378e-05,0.008244213436671432,0.13516368601048834,0.0
QR2_matched_ridge,2,120,2021-06-30,2021-05-31,100.0,-3.704361054701714,-3.390434029147703,0.09855017737318866,0.313927025554011,8.241206196982369e-05,0.009078108942385726,0.16158999409620134,1.0
QR2_matched_ridge,2,120,2021-07-31,2021-06-30,100.0,-3.396235869388752,-3.5690348571836408,0.029859490182938122,0.17279898779488878,2.826077901240625e-05,0.005316086813851543,0.06723653207919189,1.0
QR2_matched_ridge,2,120,2021-08-31,2021-07-31,100.0,-3.708289465775626,-3.439295526733963,0.07235773924114974,0.2689939390416627,5.727240291658992e-05,0.007567853256808692,0.12190987144680132,1.0
QR2_matched_ridge,2,120,2021-09-30,2021-08-31,100.0,-3.2831700937799164,-3.4720743961703846,0.03568483546162944,0.18890430239046818,4.168783931225976e-05,0.006456612061465344,0.08127504973279642,1.0
QR2_matched_ridge,2,120,2021-10-31,2021-09-30,100.0,-3.386818668681176,-3.3041804373825725,0.006829077272161506,0.08263823129860359,8.486823595569866e-06,0.002913215336285642,0.012935788189471886,1.0
QR2_matched_ridge,2,120,2021-11-30,2021-10-31,100.0,-3.306447862510668,-3.4490167367023576,0.02032588388828579,0.1425688741916895,2.370958410095811e-05,0.004869248823068925,0.044807464924189244,0.0
QR2_matched_ridge,2,120,2021-12-31,2021-11-30,100.0,-2.996205908102638,-3.246095529523786,0.06244482289400462,0.2498896214211479,0.00012211194482067734,0.011050427359187397,0.1485781010074726,1.0
QR2_matched_ridge,2,120,2022-01-31,2021-12-31,100.0,-2.9415796259494096,-3.342088320058214,0.16040721405673994,0.4005086941088045,0.00030343045703587463,0.017419255352507886,0.42678893158912423,0.0
QR2_matched_ridge,2,120,2022-02-28,2022-01-31,100.0,-2.79991710955502,-2.84823587505751,0.0023347030996846104,0.048318765502489924,8.22914054774343e-06,0.0028686478605335006,0.0048235247682933,1.0
QR2_matched_ridge,2,120,2022-03-31,2022-02-28,100.0,-2.676617851726222,-2.8002604945949017,0.015287503135551914,0.12364264286867988,6.401941745746959e-05,0.008001213499055602,0.033259095983584175,0.0
QR2_matched_ridge,2,120,2022-04-30,2022-03-31,100.0,-2.647933077507468,-3.266477184214934,0.38259681194253703,0.618544106707466,0.0010664693186329404,0.03265684183495,1.2084778774210627,0.0
QR2_matched_ridge,2,120,2022-05-31,2022-04-30,100.0,-2.4244300010941817,-2.8686384223355885,0.1973211215017831,0.4442084212414068,0.0010082140609208056,0.031752386696448594,0.5428606650740324,0.0
QR2_matched_ridge,2,120,2022-06-30,2022-05-31,100.0,-2.4599323402147326,-2.815608990829239,0.12650587979235378,0.3556766506145066,0.0006539518996417717,0.025572483251373374,0.3253924236787713,1.0
QR2_matched_ridge,2,120,2022-07-31,2022-06-30,100.0,-2.8821336588859534,-3.0178324160018803,0.01841415268280733,0.13569875711592694,5.052372449353441e-05,0.007108004255312064,0.04039891027106285,1.0
QR2_matched_ridge,2,120,2022-08-31,2022-07-31,100.0,-2.844638284908549,-3.2139429328549873,0.13638592299484278,0.36930464794643836,0.0003224716422892098,0.017957495434753973,0.35441341836430196,0.0
QR2_matched_ridge,2,120,2022-09-30,2022-08-31,100.0,-2.646329916608998,-3.1210248005923944,0.22533523288000998,0.4746948839833962,0.000718188866437581,0.026799045998646687,0.6347424898257841,0.0
QR2_matched_ridge,2,120,2022-10-31,2022-09-30,100.0,-2.5235204874353756,-2.516294209940355,5.221908643503935e-05,0.007226277495020472,3.3811734228942365e-07,0.0005814785828295171,0.00010393685270458641,1.0
QR2_matched_ridge,2,120,2022-11-30,2022-10-31,100.0,-2.5436055847483017,-3.057454281636491,0.2640404832936902,0.5138486968881892,0.0009970022337918774,0.03157534218012336,0.7669261092219175,1.0
QR2_matched_ridge,2,120,2022-12-31,2022-11-30,100.0,-2.953340209712298,-3.0700368857999667,0.013618114209910256,0.11669667608766865,3.301340632611258e-05,0.005745729398963423,0.029484785327305973,1.0
QR2_matched_ridge,2,120,2023-01-31,2022-12-31,100.0,-3.0446334829778476,-2.728238104834252,0.10010603531062881,0.31639537814359553,0.00031401755436113505,0.017720540464701832,0.1638982954467884,0.0
QR2_matched_ridge,2,120,2023-02-28,2023-01-31,100.0,-3.1747292629057444,-3.1460756020175116,0.0008210322822978447,0.028653660888232846,1.4767237969923805e-06,0.001215205248915746,0.0016111414178673622,1.0
QR2_matched_ridge,2,120,2023-03-31,2023-02-28,100.0,-2.9240573364232487,-3.1317192156131393,0.043123456068676694,0.20766187918989054,0.00010145731124646845,0.010072602009732562,0.09953735190601076,1.0
QR2_matched_ridge,2,120,2023-04-30,2023-03-31,100.0,-3.442485805524746,-3.024615915567829,0.174615244932606,0.4178698899569171,0.0002752744681465862,0.016591397413918643,0.2692934084152456,1.0
QR2_matched_ridge,2,120,2023-05-31,2023-04-30,100.0,-3.29928079041607,-3.3282015786182635,0.0008364119902361388,0.02892078820219357,1.1070608653444993e-06,0.0010521695991352817,0.0017055487436352448,1.0
QR2_matched_ridge,2,120,2023-06-30,2023-05-31,100.0,-3.4043718007388586,-3.365285634315055,0.0015277284057092877,0.0390861664238038,1.7541897738576843e-06,0.0013244582944954078,0.0029773713718749817,1.0
QR2_matched_ridge,2,120,2023-07-31,2023-06-30,100.0,-3.7661453260783695,-3.471815088140704,0.08663028896444282,0.29433023793766555,6.271861932622685e-05,0.00791950878061429,0.14373079292445418,1.0
QR2_matched_ridge,2,120,2023-08-31,2023-07-31,100.0,-3.308105488673255,-3.497080697636314,0.03571162960263181,0.18897520896305897,3.9686876709953684e-05,0.006299752114960849,0.08134016850223047,1.0
QR2_matched_ridge,2,120,2023-09-30,2023-08-31,100.0,-3.437757865373422,-3.3482410759276733,0.008013255592674545,0.08951678944574892,9.056848247069676e-06,0.003009459793230286,0.015111403250623767,1.0
QR2_matched_ridge,2,120,2023-10-31,2023-09-30,100.0,-3.193098626287721,-3.148533015052783,0.001986093704743609,0.04456561123493774,3.498935886611503e-06,0.0018705442755015192,0.003856755624780814,1.0
QR2_matched_ridge,2,120,2023-11-30,2023-10-31,100.0,-3.3142693090819773,-3.0441557282491676,0.07296134655032281,0.2701135808328097,0.0001271460547363029,0.01127590593860657,0.12284305101043524,0.0
QR2_matched_ridge,2,120,2023-12-31,2023-11-30,100.0,-3.568281666444767,-3.365990946042784,0.04092153556075328,0.20229072040198304,3.998674797582712e-05,0.0063235075690495635,0.07183747937275309,1.0
QR2_matched_ridge,2,120,2024-01-31,2023-12-31,100.0,-3.4647197491071067,-3.4684256200486745,1.3733479435556789e-05,0.0037058709415678237,1.338918993917082e-08,0.00011571166725603266,2.7534944133193566e-05,1.0
QR2_matched_ridge,2,120,2024-02-29,2024-01-31,100.0,-3.3449345770399286,-3.4062137444677516,0.0037551363606471663,0.06127916742782302,4.393141060158408e-06,0.002095982123053154,0.007826724144318647,1.0
QR2_matched_ridge,2,120,2024-03-31,2024-02-29,100.0,-3.579023213504305,-3.4954773512039727,0.006979911107506111,0.08354586230033245,5.9113398877819e-06,0.0024313247187041677,0.013213722176020543,1.0
QR2_matched_ridge,2,120,2024-04-30,2024-03-31,100.0,-3.2298318565473947,-3.4618881673347364,0.05385013137623131,0.23205631078734168,6.713634806667275e-05,0.008193677322586773,0.12648947489123752,1.0
QR2_matched_ridge,2,120,2024-05-31,2024-04-30,100.0,-3.551159106071428,-3.033200911462727,0.2682806913623048,0.5179581946087009,0.0003790757311438781,0.019469867260561335,0.3908173936256728,0.0
QR2_matched_ridge,2,120,2024-06-30,2024-05-31,100.0,-3.974327104300053,-3.3295238951034705,0.41577117859021206,0.6448032091965827,0.00028961940826952704,0.017018208139211573,0.5649855643234525,0.0
QR2_matched_ridge,2,120,2024-07-31,2024-06-30,100.0,-3.172237966118978,-3.563089558625472,0.1527649673648622,0.3908515925064937,0.00018383572874771162,0.01355860349548255,0.4034876972012622,1.0
QR2_matched_ridge,2,120,2024-08-31,2024-07-31,100.0,-2.8728553989963164,-3.4279145947837892,0.30809071082823614,0.5550591957874729,0.0005799768391878544,0.024082708302594506,0.9245992665964771,0.0
QR2_matched_ridge,2,120,2024-09-30,2024-08-31,100.0,-3.2605071347369625,-3.289875272667181,0.0008624875254883468,0.02936813793021864,1.2330738927679811e-06,0.0011104386037813982,0.0017592497275282087,1.0
QR2_matched_ridge,2,120,2024-10-31,2024-09-30,100.0,-3.4205515268412334,-3.3007866541765614,0.014343624724385114,0.11976487266467206,1.730365637958511e-05,0.004159766385217457,0.026527608812495884,1.0
QR2_matched_ridge,2,120,2024-11-30,2024-10-31,100.0,-3.3432396881530604,-3.2161919959192478,0.016141116101937573,0.12704769223381263,2.2897742359650394e-05,0.004785158551150671,0.029713201093107905,1.0
QR2_matched_ridge,2,120,2024-12-31,2024-11-30,100.0,-3.197746191257484,-3.308018824871244,0.012160053724114514,0.11027263361375983,1.8195235837183147e-05,0.00426558739650041,0.026211093437190552,1.0
QR2_matched_ridge,2,120,2025-01-31,2024-12-31,100.0,-3.243894689291075,-3.2018824212539245,0.0017650306656253703,0.04201226803715041,2.8018875545612756e-06,0.0016738839728491564,0.0034332332125666942,1.0
QR2_matched_ridge,2,120,2025-02-28,2025-01-31,100.0,-3.3361230676767963,-3.35007740325053,0.00019472348130437016,0.013954335573733712,2.4302189510136783e-07,0.0004929725094783358,0.0003930953649226715,1.0
QR2_matched_ridge,2,120,2025-03-31,2025-02-28,100.0,-2.8189264390259248,-3.3443889470464163,0.27611084733518515,0.5254625080204915,0.0005947843033206943,0.024388200083661243,0.8093706981042497,0.0
QR2_matched_ridge,2,120,2025-04-30,2025-03-31,100.0,-1.983632317040605,-2.774914434355808,0.626127389182831,0.7912821173152031,0.0056571193054315815,0.07521382389848014,2.2848567974725915,1.0
QR2_matched_ridge,2,120,2025-05-31,2025-04-30,100.0,-3.029808966262144,-2.7698016195322612,0.06760382035351355,0.2600073467298829,0.00020591010087932186,0.014349567968385733,0.1145265059303861,1.0
QR2_matched_ridge,2,120,2025-06-30,2025-05-31,100.0,-3.530189938328582,-3.2211717364457,0.09549224909492961,0.309018201882882,0.00011254915410724594,0.010608918611585534,0.15703818479038212,1.0
QR2_matched_ridge,2,120,2025-07-31,2025-06-30,100.0,-3.9507722447624736,-3.2556392875881075,0.48320982814997904,0.6951329571743661,0.00037312045527565225,0.01931632613298016,0.6392749950883158,0.0
QR2_matched_ridge,2,120,2025-08-31,2025-07-31,1.0,-3.3885720022366694,-3.6181391569179677,0.052701078508467135,0.2295671546812983,4.794573591430352e-05,0.006924285949778758,0.12356895101146037,1.0
QR2_matched_ridge,2,120,2025-09-30,2025-08-31,1.0,-3.844352655797379,-3.2556595552275667,0.34655956665849896,0.5886931005698122,0.00029429856988944837,0.017155132464934462,0.4854691551282978,0.0
QR2_matched_ridge,2,120,2025-10-31,2025-09-30,100.0,-3.200601249147139,-3.606174557119081,0.16448970813930347,0.4055733079719417,0.00018447541665826168,0.013582172751745638,0.4393403361293622,1.0
QR2_matched_ridge,2,120,2025-11-30,2025-10-31,100.0,-3.1877347547552812,-3.295549769025656,0.01162407730212109,0.10781501427037465,1.7787890396170427e-05,0.004217569252089458,0.025013262931562058,0.0
QR2_matched_ridge,2,120,2025-12-31,2025-11-30,100.0,-3.669080341092571,-3.2355555134661,0.18794377616856153,0.43352482762647115,0.00019150229714701923,0.013838435502144714,0.2872390811867368,1.0
QR2_matched_ridge,2,120,2026-01-31,2025-12-31,100.0,-3.5432987087435324,-3.4073798311177104,0.018473941295063176,0.135918877625822,1.772501923757612e-05,0.004210109171693309,0.0338156332221797,1.0
QR2_matched_ridge,2,120,2026-02-28,2026-01-31,100.0,-3.319307735691405,-3.4036251291853272,0.0071094228456089325,0.08431739349392231,8.557737944522578e-06,0.0029253611648004385,0.015052974813116127,1.0
QR2_matched_ridge,2,120,2026-03-31,2026-02-28,100.0,-2.9305511753093016,-3.13070127773177,0.04006006349972465,0.20015010242246856,9.37114111932461e-05,0.009680465443006658,0.09197241302890996,1.0
QR2_matched_ridge,2,120,2026-04-30,2026-03-31,1.0,-3.237312027686596,-2.863459296965643,0.13976586426751333,0.37385273072095293,0.00031689997841401305,0.017801684707184684,0.22115712188638892,0.0
QR2_matched_ridge,2,120,2026-05-31,2026-04-30,100.0,-3.5119546359486353,-3.382220112672891,0.016831046529584698,0.12973452327574453,1.708512342229372e-05,0.0041334154669345445,0.03093013355693497,1.0
QR2_matched_ridge,2,120,2026-06-30,2026-05-31,1.0,-3.0168147582707263,-3.5287154518832438,0.26204232012097645,0.5119006936125174,0.00038472179368065183,0.01961432623570465,0.7599554263888901,0.0
QR2_matched_ridge,2,120,2026-07-31,2026-06-30,1.0,-3.371829178429884,-3.1466187898877624,0.05071971910729343,0.22521038854212172,7.517712087021912e-05,0.008670474085666777,0.08778068583073101,1.0
QR2_matched_ridge,2,120,2026-08-31,2026-07-31,1.0,-3.507788998946598,-3.49383452959428,0.00019472721490478018,0.013954469352317922,1.7728305906233603e-07,0.00042104994841744847,0.0003858564818827945,1.0
QR2_matched_ridge,3,571,2020-01-31,2019-12-31,100.0,-3.394259264647835,-3.61930613835968,0.050646095367475094,0.22504687371184495,4.575361208728778e-05,0.006764141637139762,0.11836547018524357,1.0
QR2_matched_ridge,3,571,2020-02-29,2020-01-31,100.0,-2.6562454515374347,-3.443147305196269,0.6192145272917092,0.7869018536588341,0.001462864581948253,0.0382474127484233,2.251162385242893,0.0
QR2_matched_ridge,3,571,2020-03-31,2020-02-29,100.0,-1.2968909272855167,-3.0249402180249065,2.9861543512249082,1.7280492907393898,0.05054390133632686,0.22481970851401542,27.23698842128768,0.0
QR2_matched_ridge,3,571,2020-04-30,2020-03-31,1e-08,-2.134850068143052,-2.367486558618936,0.05411973670093616,0.2326364904758842,0.0006025228176267431,0.024546340208404654,0.12717585680657617,1.0
QR2_matched_ridge,3,571,2020-05-31,2020-04-30,1e-08,-2.753043170704817,-2.4124439565194473,0.11600782470369124,0.34059921418536954,0.0006688660294377057,0.02586244438249613,0.18720864022369288,1.0
QR2_matched_ridge,3,571,2020-06-30,2020-05-31,1e-08,-2.4519566880578116,-2.6289183404515,0.03131542641790458,0.17696165239368833,0.0001951171254537672,0.013968433178197445,0.07072261398075719,1.0
QR2_matched_ridge,3,571,2020-07-31,2020-06-30,1e-08,-3.21882688058945,-2.4965723665723605,0.5216515830180625,0.7222545140170897,0.0017947831282694533,0.04236488083624753,0.6803708777230398,1.0
QR2_matched_ridge,3,571,2020-08-31,2020-07-31,1e-08,-3.605943742197781,-2.99241221639447,0.3764209331545385,0.6135315258033107,0.0005292060888037855,0.023004479755121293,0.5202153393479734,0.0
QR2_matched_ridge,3,571,2020-09-30,2020-08-31,1e-08,-2.651836989084487,-3.3026150523445867,0.4235120876205663,0.6507780632600997,0.0011380303009810334,0.03373470469681087,1.373454875914863,1.0
QR2_matched_ridge,3,571,2020-10-31,2020-09-30,1e-08,-2.7990735485463434,-2.730154738608324,0.0047498023632728354,0.06891880993801935,1.885967042944794e-05,0.004342772205567308,0.009077772220269176,1.0
QR2_matched_ridge,3,571,2020-11-30,2020-10-31,1e-08,-3.0039337534233583,-2.9184489732819268,0.0073076476358288935,0.08548478014143157,1.9587721325883597e-05,0.004425801772095492,0.013816789395249635,1.0
QR2_matched_ridge,3,571,2020-12-31,2020-11-30,1e-08,-3.651571910629322,-3.0991592568736053,0.3051597400294332,0.5524126537557166,0.0003662166544078614,0.01913678798565374,0.4360940548608261,1.0
QR2_matched_ridge,3,571,2021-01-31,2020-12-31,1e-08,-3.0833870228491476,-3.315773888848129,0.05400365548882854,0.2323868659989814,9.021036997102195e-05,0.009497913979975917,0.12688027576967187,1.0
QR2_matched_ridge,3,571,2021-02-28,2021-01-31,1e-08,-3.2488776237223895,-3.1029530694714533,0.02129397553333442,0.1459245542509362,3.719308894122732e-05,0.006098613690112477,0.03873033400010889,1.0
QR2_matched_ridge,3,571,2021-03-31,2021-02-28,1e-08,-3.005349457539076,-3.3097919967851626,0.09268525970260509,0.3044425392460868,0.00016893957195150312,0.012997675636493747,0.22949552718838795,0.0
QR2_matched_ridge,3,571,2021-04-30,2021-03-31,1e-08,-3.428567723170164,-3.1985012990725856,0.052930559497046746,0.23006642409757827,7.039174861119866e-05,0.008389979059044109,0.09133263437954825,1.0
QR2_matched_ridge,3,571,2021-05-31,2021-04-30,1e-08,-3.25079126490233,-3.443496491463579,0.037135304344022305,0.192705226561249,4.6114585622920036e-05,0.006790772093283652,0.08480719991694846,0.0
QR2_matched_ridge,3,571,2021-06-30,2021-05-31,1e-08,-3.704361054701714,-3.2931080086278977,0.16912906790499238,0.4112530460738162,0.00015680807923529346,0.012522303271974108,0.2618353662530962,1.0
QR2_matched_ridge,3,571,2021-07-31,2021-06-30,1e-08,-3.396235869388752,-3.4950870151484468,0.009771549018004424,0.09885114575969478,9.941536893811524e-06,0.003153020281224262,0.02089726087323243,1.0
QR2_matched_ridge,3,571,2021-08-31,2021-07-31,1e-08,-3.708289465775626,-3.3871863899181798,0.10310718532511273,0.321103075857446,8.619682977649816e-05,0.009284224780588747,0.1683365709231679,0.0
QR2_matched_ridge,3,571,2021-09-30,2021-08-31,1e-08,-3.2831700937799164,-3.5623370826407825,0.07793420766964294,0.2791669888608661,8.347969148591812e-05,0.009136722141223193,0.189424291447984,1.0
QR2_matched_ridge,3,571,2021-10-31,2021-09-30,1e-08,-3.386818668681176,-3.261541906957828,0.015694267027888485,0.1252767617233479,2.0368668780336376e-05,0.004513166159176546,0.028923341310042844,0.0
QR2_matched_ridge,3,571,2021-11-30,2021-10-31,1e-08,-3.306447862510668,-3.444458732182797,0.01904700014765736,0.13801086967212894,2.2316923657517256e-05,0.004724079133282724,0.04185477414285016,0.0
QR2_matched_ridge,3,571,2021-12-31,2021-11-30,1e-08,-2.996205908102638,-3.1786549382273206,0.03328764859343726,0.1824490301246824,6.946715489006974e-05,0.008334695848683966,0.07546910974552462,1.0
QR2_matched_ridge,3,571,2022-01-31,2021-12-31,1e-08,-2.9415796259494096,-3.251134028164115,0.09582392793050362,0.3095544022147054,0.0001974594029940343,0.014052024871670073,0.23816330696853327,0.0
QR2_matched_ridge,3,571,2022-02-28,2022-01-31,1e-08,-2.79991710955502,-2.766545245385494,0.0011136813181492917,0.03337186416952598,4.2590952736652975e-06,0.002063757561746364,0.002178624415558439,1.0
QR2_matched_ridge,3,571,2022-03-31,2022-02-28,1e-08,-2.676617851726222,-3.009239862208304,0.11063740185714231,0.33262201048208206,0.0003789359021709227,0.019466276022160035,0.27972105472274167,0.0
QR2_matched_ridge,3,571,2022-04-30,2022-03-31,100.0,-2.647933077507468,-3.0682587008757833,0.1766736296599628,0.42032562336831525,0.0005902633645157725,0.024295336270893073,0.47722474779703794,0.0
QR2_matched_ridge,3,571,2022-05-31,2022-04-30,100.0,-2.4244300010941817,-2.7956727432251824,0.1378211735849447,0.3712427421310007,0.0007537656206459847,0.027454792307464004,0.35866592429395405,0.0
QR2_matched_ridge,3,571,2022-06-30,2022-05-31,100.0,-2.4599323402147326,-2.7013049737297785,0.05826074820998866,0.2413726335150459,0.0003357273144915612,0.01832286316304199,0.13777178627896836,1.0
QR2_matched_ridge,3,571,2022-07-31,2022-06-30,100.0,-2.8821336588859534,-2.8279499560669183,0.0029358736511815083,0.05418370281903506,9.727154327683017e-06,0.003118838618409586,0.005665269205254772,1.0
QR2_matched_ridge,3,571,2022-08-31,2022-07-31,100.0,-2.844638284908549,-2.9840147221282622,0.019425791252060672,0.13937643721971327,5.724397833770519e-05,0.007565975042101658,0.04272785740804047,0.0
QR2_matched_ridge,3,571,2022-09-30,2022-08-31,100.0,-2.646329916608998,-2.946027540082701,0.08981866551578545,0.299697623473703,0.0003371978759183758,0.018362948453839754,0.22162195466756263,0.0
QR2_matched_ridge,3,571,2022-10-31,2022-09-30,100.0,-2.5235204874353756,-2.7127596799742326,0.035811471992758595,0.18923919253885702,0.00019108661360168032,0.013823408176049795,0.08158286226882511,0.0
QR2_matched_ridge,3,571,2022-11-30,2022-10-31,100.0,-2.5436055847483017,-2.9362934506606413,0.1542037600347876,0.3926878659123396,0.0006512964592682838,0.02552051056049396,0.40785512074407326,1.0
QR2_matched_ridge,3,571,2022-12-31,2022-11-30,100.0,-2.953340209712298,-2.936840872624735,0.00027222812432903975,0.016499337087563237,7.531295735672021e-07,0.0008678303829477291,0.0005385165516972601,1.0
QR2_matched_ridge,3,571,2023-01-31,2022-12-31,100.0,-3.0446334829778476,-2.7428139143441577,0.09109505201022669,0.30181956863368997,0.00028140555091754827,0.016775146822533275,0.15045720212354297,0.0
QR2_matched_ridge,3,571,2023-02-28,2023-01-31,100.0,-3.1747292629057444,-2.962978740325144,0.04483828381315738,0.21175052258060045,9.720719468660407e-05,0.00985937090724373,0.07825153650746725,0.0
QR2_matched_ridge,3,571,2023-03-31,2023-02-28,100.0,-2.9240573364232487,-3.186293863912233,0.06876799634948076,0.2622365274889842,0.00015352599971132192,0.012390560911892647,0.16509524918054885,0.0
QR2_matched_ridge,3,571,2023-04-30,2023-03-31,100.0,-3.442485805524746,-3.0457263901465406,0.1574180336912554,0.39675941537820547,0.00024263275134314992,0.015576673307967588,0.24576942951334024,1.0
QR2_matched_ridge,3,571,2023-05-31,2023-04-30,100.0,-3.29928079041607,-3.3111924847821204,0.00014188846267019782,0.01191169436605044,1.9101178020482682e-07,0.00043704894486181617,0.0002860439204369937,1.0
QR2_matched_ridge,3,571,2023-06-30,2023-05-31,100.0,-3.4043718007388586,-3.299811550547632,0.010932845920051905,0.10456025019122661,1.341340473699245e-05,0.0036624315334204474,0.02041796848028052,1.0
QR2_matched_ridge,3,571,2023-07-31,2023-06-30,100.0,-3.7661453260783695,-3.406367178889932,0.1294403151943449,0.35977814718843737,0.00010040758416421837,0.010020358484815719,0.20652457297156945,1.0
QR2_matched_ridge,3,571,2023-08-31,2023-07-31,100.0,-3.308105488673255,-3.462803015318598,0.0239313247501866,0.15469752664534298,2.7495680353145678e-05,0.005243632362508424,0.05320551073488433,1.0
QR2_matched_ridge,3,571,2023-09-30,2023-08-31,100.0,-3.437757865373422,-3.2915483541303443,0.021377221177939724,0.1462095112430779,2.5599072017562863e-05,0.005059552551121775,0.03887471120058206,0.0
QR2_matched_ridge,3,571,2023-10-31,2023-09-30,100.0,-3.193098626287721,-3.2704340526901645,0.005980768176847791,0.07733542640244373,9.330326322781687e-06,0.003054558286034445,0.012602840201341725,1.0
QR2_matched_ridge,3,571,2023-11-30,2023-10-31,100.0,-3.3142693090819773,-3.1974536076670015,0.013645908097072772,0.11681570141497577,2.029976065406317e-05,0.004505525569127665,0.025284966216705562,1.0
QR2_matched_ridge,3,571,2023-12-31,2023-11-30,100.0,-3.568281666444767,-3.4480169055135845,0.014463612721834518,0.12026476093118266,1.2991533691691226e-05,0.0036043770185277824,0.026740956542106536,1.0
QR2_matched_ridge,3,571,2024-01-31,2023-12-31,100.0,-3.4647197491071067,-3.395787225756507,0.004751692775480948,0.06893252335059952,4.983563469057511e-06,0.0022323896319991973,0.00908130402178231,1.0
QR2_matched_ridge,3,571,2024-02-29,2024-01-31,100.0,-3.3449345770399286,-3.3714898031498466,0.000705180033748871,0.026555226109918006,8.5392451562249e-07,0.0009240803621019603,0.0014356634265799487,1.0
QR2_matched_ridge,3,571,2024-03-31,2024-02-29,100.0,-3.579023213504305,-3.38872964093476,0.03621164376128075,0.19029357256954516,3.420595902577648e-05,0.005848586070647886,0.06404714630313962,1.0
QR2_matched_ridge,3,571,2024-04-30,2024-03-31,100.0,-3.2298318565473947,-3.4670821812716492,0.056287716581764236,0.23725032472425456,6.982597109992406e-05,0.008356193577217085,0.1327107857075408,1.0
QR2_matched_ridge,3,571,2024-05-31,2024-04-30,100.0,-3.551159106071428,-3.1337002187050995,0.17427192264113278,0.4174588873663283,0.0002209672355209241,0.014864966717787299,0.26882793307762853,0.0
QR2_matched_ridge,3,571,2024-06-30,2024-05-31,100.0,-3.974327104300053,-3.4392172357211623,0.28634257145051784,0.5351098685788909,0.00017683286743246524,0.013297851985657881,0.41315289114015274,0.0
QR2_matched_ridge,3,571,2024-07-31,2024-06-30,100.0,-3.172237966118978,-3.6142061613244625,0.19533588557319312,0.44196819520548436,0.00022414278760993388,0.014971398986398494,0.5364722616751065,1.0
QR2_matched_ridge,3,571,2024-08-31,2024-07-31,100.0,-2.8728553989963164,-3.3330308502027366,0.21176144589303245,0.4601754512064202,0.0004348256587048349,0.020852473683110953,0.5898201580814786,0.0
QR2_matched_ridge,3,571,2024-09-30,2024-08-31,100.0,-3.2605071347369625,-3.193100442518873,0.00454366215578426,0.06740669221808959,7.158207890631424e-06,0.0026754827397371533,0.008692360326378268,1.0
QR2_matched_ridge,3,571,2024-10-31,2024-09-30,100.0,-3.4205515268412334,-3.29955385608347,0.014640436328804156,0.12099767075776358,1.7683943758054673e-05,0.004205228145779331,0.02705517624788853,1.0
QR2_matched_ridge,3,571,2024-11-30,2024-10-31,100.0,-3.3432396881530604,-3.2522104112460495,0.008286329254213269,0.0910292769070109,1.13316844812734e-05,0.003366256746190552,0.015611085120895762,1.0
QR2_matched_ridge,3,571,2024-12-31,2024-11-30,100.0,-3.197746191257484,-3.2663266395926955,0.004703277893858612,0.06858044833521149,7.332628617434048e-06,0.0027078826816230514,0.009851787525809313,1.0
QR2_matched_ridge,3,571,2025-01-31,2024-12-31,100.0,-3.243894689291075,-3.2201679592731605,0.0005629577173430039,0.023726730017914477,8.77383397571271e-07,0.000936687459919941,0.0011083151984690315,1.0
QR2_matched_ridge,3,571,2025-02-28,2025-01-31,1.0,-3.3361230676767963,-3.309373490685986,0.0007155398691872919,0.026749576990810375,9.301591198872582e-07,0.0009644475723891155,0.0014058969316110212,1.0
QR2_matched_ridge,3,571,2025-03-31,2025-02-28,1.0,-2.8189264390259248,-3.349256972528188,0.28125047476479537,0.5303305335022634,0.0006031707720414671,0.02455953525703341,0.8276186377121515,0.0
QR2_matched_ridge,3,571,2025-04-30,2025-03-31,1.0,-1.983632317040605,-2.8345146165199058,0.7240006875671826,0.8508822994793008,0.006212844947392071,0.0788216020351786,2.781850642065227,0.0
QR2_matched_ridge,3,571,2025-05-31,2025-04-30,1.0,-3.029808966262144,-2.840920998858749,0.035678664229786,0.18888796740339497,0.00010094244691303525,0.010047011839996768,0.063159988979541,1.0
QR2_matched_ridge,3,571,2025-06-30,2025-05-31,1.0,-3.530189938328582,-3.032619845212138,0.24757599756390672,0.49757009311644396,0.0003568273408167275,0.018889874028609283,0.364811804272812,1.0
QR2_matched_ridge,3,571,2025-07-31,2025-06-30,1.0,-3.9507722447624736,-3.232587934489932,0.515788703521646,0.7181843102725414,0.000408663236194489,0.020215420752348664,0.6741583178883626,0.0
QR2_matched_ridge,3,571,2025-08-31,2025-07-31,1e-08,-3.3885720022366694,-3.2568214987328434,0.017358195173511667,0.131750503503826,2.2598258013567803e-05,0.004753762511271235,0.031857855705264754,1.0
QR2_matched_ridge,3,571,2025-09-30,2025-08-31,1e-08,-3.844352655797379,-3.40160378030321,0.19602656675135083,0.44274887549416864,0.00014207541135596087,0.01191953905803244,0.2980065464974707,1.0
QR2_matched_ridge,3,571,2025-10-31,2025-09-30,1.0,-3.200601249147139,-3.5475765486611075,0.12039185847280803,0.3469752995139683,0.0001426439977128277,0.011943366263864962,0.30765688356217935,1.0
QR2_matched_ridge,3,571,2025-11-30,2025-10-31,1e-08,-3.1877347547552812,-3.114575138209773,0.005352329493085826,0.0731596165455084,9.810206065276007e-06,0.0031321248482900563,0.010201112569315551,1.0
QR2_matched_ridge,3,571,2025-12-31,2025-11-30,1e-08,-3.669080341092571,-3.243029752975655,0.18151910363477008,0.4260505881169161,0.00018348076948585635,0.013545507354317015,0.2786189769310605,1.0
QR2_matched_ridge,3,571,2026-01-31,2025-12-31,1e-08,-3.5432987087435324,-3.477539759281698,0.004324239434324071,0.06575894946183425,3.863267866456987e-06,0.00196551974461133,0.008281480796592133,1.0
QR2_matched_ridge,3,571,2026-02-28,2026-01-31,1e-08,-3.319307735691405,-3.456835458771736,0.018913874615660242,0.13752772308033112,2.1608435087600642e-05,0.004648487397810243,0.04154822730200208,1.0
QR2_matched_ridge,3,571,2026-03-31,2026-02-28,1e-08,-2.9305511753093016,-3.111343939768178,0.032686023680682796,0.1807927644588765,7.790817065464039e-05,0.008826560522346198,0.07401827345539669,1.0
QR2_matched_ridge,3,571,2026-04-30,2026-03-31,1e-08,-3.237312027686596,-3.024773338306651,0.04517269448334475,0.21253868937994502,8.648108228311594e-05,0.00929952054049648,0.07879657795167422,1.0
QR2_matched_ridge,3,571,2026-05-31,2026-04-30,1e-08,-3.5119546359486353,-3.3149303152511704,0.038818582946297496,0.1970243206974649,4.222461047984175e-05,0.006498046666486918,0.06836989691114487,1.0
QR2_matched_ridge,3,571,2026-06-30,2026-05-31,1e-08,-3.0168147582707263,-3.250656444260305,0.054681934106448817,0.23384168598957888,0.00010420626082684118,0.010208146787093197,0.12860851994025624,1.0
QR2_matched_ridge,3,571,2026-07-31,2026-06-30,1e-08,-3.371829178429884,-3.0622218059095268,0.09585672511895937,0.3096073725203574,0.00015517299849320942,0.012456845447110974,0.1575817720713406,1.0
QR2_matched_ridge,3,571,2026-08-31,2026-07-31,1e-08,-3.507788998946598,-3.231054313785575,0.07658208597117043,0.27673468516102284,9.125455633846177e-05,0.00955272507394941,0.12842099637805188,0.0
QR2_matched_ridge,3,120,2020-01-31,2019-12-31,100.0,-3.394259264647835,-3.616807809920296,0.04952785500288849,0.2225485452724607,4.4851142507907006e-05,0.006697099559354557,0.11554462148647937,1.0
QR2_matched_ridge,3,120,2020-02-29,2020-01-31,100.0,-2.6562454515374347,-3.5627153301745462,0.8216876408763796,0.9064698786371115,0.0017513915903495888,0.04184963070744578,3.315497336908023,0.0
QR2_matched_ridge,3,120,2020-03-31,2020-02-29,100.0,-1.2968909272855167,-3.202960654931423,3.633101806648139,1.9060697276459062,0.05416731789486123,0.23273873312120016,40.435000162969395,0.0
QR2_matched_ridge,3,120,2020-04-30,2020-03-31,1.0,-2.134850068143052,-2.5320683951692518,0.15778239932549315,0.39721832702619997,0.0015029497680269432,0.03876789610008445,0.41875719770996067,1.0
QR2_matched_ridge,3,120,2020-05-31,2020-04-30,1.0,-2.753043170704817,-2.5796418748639054,0.0300680093993073,0.17340129584091146,0.0001456253269172478,0.012067531931478276,0.05374746296372601,1.0
QR2_matched_ridge,3,120,2020-06-30,2020-05-31,1.0,-2.4519566880578116,-3.433293041163641,0.9630210379270487,0.9813363531058292,0.0028992234280912806,0.05384443729942101,4.155654153615036,0.0
QR2_matched_ridge,3,120,2020-07-31,2020-06-30,100.0,-3.21882688058945,-3.2050293948327915,0.00019037061320520063,0.013797485756658734,3.0885985668690447e-07,0.0005557516142008986,0.00037726307322678496,1.0
QR2_matched_ridge,3,120,2020-08-31,2020-07-31,100.0,-3.605943742197781,-3.5401536067966557,0.004328341916098389,0.06579013540112522,3.411674244204218e-06,0.001847071802666106,0.008289168988880283,1.0
QR2_matched_ridge,3,120,2020-09-30,2020-08-31,100.0,-2.651836989084487,-3.6542799149882095,1.0048918196944159,1.0024429259037224,0.0019928563815067527,0.044641420021172634,4.420360418132775,0.0
QR2_matched_ridge,3,120,2020-10-31,2020-09-30,100.0,-2.7990735485463434,-3.2648813769323013,0.21697693298564202,0.4658078283859579,0.0005137004077743852,0.02266495991115769,0.6069917275184431,1.0
QR2_matched_ridge,3,120,2020-11-30,2020-10-31,1.0,-3.0039337534233583,-3.070903398890076,0.0044849334139378605,0.06696964546671769,1.0319295643880949e-05,0.003212366050729734,0.009384116507410584,1.0
QR2_matched_ridge,3,120,2020-12-31,2020-11-30,1.0,-3.651571910629322,-3.2765023063888306,0.14067720802511877,0.3750696042404913,0.00013947123945975043,0.011809794217502285,0.22244000836850686,1.0
QR2_matched_ridge,3,120,2021-01-31,2020-12-31,100.0,-3.0833870228491476,-3.4512892324619973,0.1353520358380172,0.3679022096128497,0.00019878517562374652,0.014099119675488485,0.3513558500174867,1.0
QR2_matched_ridge,3,120,2021-02-28,2021-01-31,1.0,-3.2488776237223895,-3.269287382922289,0.00041655827059787373,0.02040975919989929,6.150178812728652e-07,0.0007842307576682167,0.0008445689779191662,1.0
QR2_matched_ridge,3,120,2021-03-31,2021-02-28,1.0,-3.005349457539076,-3.787802004042467,0.6122319875296415,0.7824525465033911,0.0007223260491823979,0.026876124147324477,2.2173159551296844,0.0
QR2_matched_ridge,3,120,2021-04-30,2021-03-31,100.0,-3.428567723170164,-3.4017825382867777,0.0007174461292371815,0.026785184883386215,7.752322547128585e-07,0.0008804727450142102,0.0014096091974995367,1.0
QR2_matched_ridge,3,120,2021-05-31,2021-04-30,100.0,-3.25079126490233,-3.5451403157547836,0.08664136373774042,0.2943490508524538,9.759399344669062e-05,0.009878967225711938,0.21294323241264834,0.0
QR2_matched_ridge,3,120,2021-06-30,2021-05-31,100.0,-3.704361054701714,-3.4474579595535193,0.0659992002967223,0.25690309514819454,5.199126904794269e-05,0.00721049714291204,0.11202051286530573,1.0
QR2_matched_ridge,3,120,2021-07-31,2021-06-30,100.0,-3.396235869388752,-3.60499693954971,0.04358118441474839,0.2087610701609579,3.983629472263201e-05,0.00631160001288358,0.10067287653086898,1.0
QR2_matched_ridge,3,120,2021-08-31,2021-07-31,100.0,-3.708289465775626,-3.4694200689308126,0.05705858874900487,0.23886939684481323,4.3766863087977885e-05,0.006615652884483729,0.09792296553555113,1.0
QR2_matched_ridge,3,120,2021-09-30,2021-08-31,100.0,-3.2831700937799164,-3.5357272217442173,0.06378510288557623,0.25255712796430085,7.008369930881862e-05,0.008371600761432584,0.152060595767471,1.0
QR2_matched_ridge,3,120,2021-10-31,2021-09-30,100.0,-3.386818668681176,-3.3984593804915804,0.00013550617145288544,0.01164071181040427,1.531634584575271e-07,0.0003913610333918377,0.0002731278257954578,1.0
QR2_matched_ridge,3,120,2021-11-30,2021-10-31,100.0,-3.306447862510668,-3.4791993669421206,0.029843082283330147,0.17275150443145249,3.3802927749498006e-05,0.005814028530158586,0.06719733290800745,0.0
QR2_matched_ridge,3,120,2021-12-31,2021-11-30,100.0,-2.996205908102638,-3.3663197915181113,0.13698428669688245,0.37011388341547313,0.00023900827085401202,0.01545989232996181,0.35618518662373777,0.0
QR2_matched_ridge,3,120,2022-01-31,2021-12-31,100.0,-2.9415796259494096,-3.3841697016283407,0.19588597508948202,0.44259007567893116,0.0003563224034402612,0.01887650400472135,0.5382407833766418,0.0
QR2_matched_ridge,3,120,2022-02-28,2022-01-31,100.0,-2.79991710955502,-3.2403430830268722,0.19397503810862876,0.4404259734718523,0.0004693567334101591,0.021664642471320848,0.5321025932903753,0.0
QR2_matched_ridge,3,120,2022-03-31,2022-02-28,100.0,-2.676617851726222,-3.124835158360573,0.20089875396655213,0.44821730663435133,0.0006175851553036845,0.024851260638118232,0.5544146762444393,0.0
QR2_matched_ridge,3,120,2022-04-30,2022-03-31,100.0,-2.647933077507468,-3.2497637026291177,0.36220010133431557,0.6018306251216496,0.0010248977009866423,0.03201402350512416,1.128633731241023,0.0
QR2_matched_ridge,3,120,2022-05-31,2022-04-30,100.0,-2.4244300010941817,-3.10438386501555,0.4623372570615989,0.6799538639213685,0.0019076297361543706,0.043676420825822834,1.535926080377286,0.0
QR2_matched_ridge,3,120,2022-06-30,2022-05-31,100.0,-2.4599323402147326,-2.9320682714347512,0.22291233754899414,0.4721359312200186,0.0010338809356665861,0.03215401896601086,0.6266688359596944,1.0
QR2_matched_ridge,3,120,2022-07-31,2022-06-30,100.0,-2.8821336588859534,-3.0822730174878865,0.040055762861593174,0.2001393586019331,0.00010322984677625188,0.01016020899274478,0.09196183559609067,1.0
QR2_matched_ridge,3,120,2022-08-31,2022-07-31,100.0,-2.844638284908549,-3.1556392010357674,0.09672156983196918,0.3110009161272185,0.00024162039384376325,0.015544143393695364,0.24065119886264608,0.0
QR2_matched_ridge,3,120,2022-09-30,2022-08-31,100.0,-2.646329916608998,-3.0926266107466445,0.1991807391981918,0.4462966941376463,0.0006516986959715004,0.025528389999596536,0.5488596957150609,0.0
QR2_matched_ridge,3,120,2022-10-31,2022-09-30,100.0,-2.5235204874353756,-2.695521257185189,0.029584264794528317,0.17200076974981338,0.0001605203791573402,0.012669663734974981,0.0665792675950061,0.0
QR2_matched_ridge,3,120,2022-11-30,2022-10-31,100.0,-2.5436055847483017,-3.069174598864674,0.2762227885992557,0.5255690141163725,0.0010318913422064611,0.032123065579213655,0.8097670286680587,1.0
QR2_matched_ridge,3,120,2022-12-31,2022-11-30,100.0,-2.953340209712298,-2.9639618356571313,0.0001128189377119557,0.01062162594483329,3.037627131199589e-07,0.00055114672558218,0.00022724415775310716,1.0
QR2_matched_ridge,3,120,2023-01-31,2022-12-31,100.0,-3.0446334829778476,-2.819366253019682,0.050745324893025016,0.2252672299581655,0.00014472017156559586,0.012029969724217757,0.08782191590172878,0.0
QR2_matched_ridge,3,120,2023-02-28,2023-01-31,100.0,-3.1747292629057444,-3.1714556732844326,1.0716389008760704e-05,0.0032735896213118565,1.879038848911658e-08,0.00013707803795326434,2.138607973159283e-05,1.0
QR2_matched_ridge,3,120,2023-03-31,2023-02-28,100.0,-2.9240573364232487,-3.1633995208470376,0.05728468124475095,0.23934218442378885,0.00013072594557077025,0.011433544750897258,0.13526527352374107,1.0
QR2_matched_ridge,3,120,2023-04-30,2023-03-31,100.0,-3.442485805524746,-3.0944224222783427,0.12114811875693261,0.3480633832464033,0.0001773183090987951,0.013316092110630472,0.19463919080671965,1.0
QR2_matched_ridge,3,120,2023-05-31,2023-04-30,100.0,-3.29928079041607,-3.37200325424714,0.005288556745661309,0.07272246383107017,6.702343958038359e-06,0.0025888885565119174,0.011109111031352203,1.0
QR2_matched_ridge,3,120,2023-06-30,2023-05-31,100.0,-3.4043718007388586,-3.367760085070249,0.0013404177241991015,0.036611715668609435,1.5352855553211823e-06,0.0012390664047262287,0.002616582608314058,1.0
QR2_matched_ridge,3,120,2023-07-31,2023-06-30,100.0,-3.7661453260783695,-3.4428759665729327,0.10450307879505533,0.3232693595054368,7.799553160682439e-05,0.008831507889756108,0.17039457368144378,1.0
QR2_matched_ridge,3,120,2023-08-31,2023-07-31,100.0,-3.308105488673255,-3.5097796628839957,0.04067247254358416,0.20167417421074063,4.4648015713736576e-05,0.006681917068756284,0.09347987018230042,1.0
QR2_matched_ridge,3,120,2023-09-30,2023-08-31,100.0,-3.437757865373422,-3.3443679122698273,0.008721683340691651,0.09338995310359488,9.896374900474448e-06,0.003145850425636039,0.016406218101588543,1.0
QR2_matched_ridge,3,120,2023-10-31,2023-09-30,100.0,-3.193098626287721,-3.227621763995719,0.0011918470372054223,0.03452313770799842,1.939903916391509e-06,0.0013928043352860117,0.002439516035853795,1.0
QR2_matched_ridge,3,120,2023-11-30,2023-10-31,100.0,-3.3142693090819773,-3.116283894296496,0.03919822446777902,0.19798541478548115,6.337687070729742e-05,0.007960959157494618,0.06899715768875264,0.0
QR2_matched_ridge,3,120,2023-12-31,2023-11-30,100.0,-3.568281666444767,-3.2895247350210095,0.07770542681678955,0.2787569314237577,8.221561437342792e-05,0.009067282634473678,0.13014479752237668,0.0
QR2_matched_ridge,3,120,2024-01-31,2023-12-31,100.0,-3.4647197491071067,-3.4341283636459563,0.0009358328644326821,0.030591385461150367,9.442793543496683e-07,0.0009717403739423758,0.0018340712802962789,1.0
QR2_matched_ridge,3,120,2024-02-29,2024-01-31,100.0,-3.3449345770399286,-3.4182515016567168,0.005375371435263801,0.07331692461678818,6.21424851980306e-06,0.0024928394492632414,0.011296059243613044,1.0
QR2_matched_ridge,3,120,2024-03-31,2024-02-29,100.0,-3.579023213504305,-3.511887560263695,0.004507195936043427,0.06713565324061,3.7542754376508207e-06,0.0019375952718900871,0.008624121316771649,1.0
QR2_matched_ridge,3,120,2024-04-30,2024-03-31,100.0,-3.2298318565473947,-3.4992790438763723,0.07260178675949717,0.26944718732897766,8.732880859567955e-05,0.0093449884213775,0.17521627529625905,1.0
QR2_matched_ridge,3,120,2024-05-31,2024-04-30,100.0,-3.551159106071428,-3.1619254047433656,0.15150287424954315,0.38923370132806223,0.00018639809886134318,0.013652768908223093,0.2375765044363668,0.0
QR2_matched_ridge,3,120,2024-06-30,2024-05-31,100.0,-3.974327104300053,-3.3850559117608583,0.34724053835656493,0.5892711925391949,0.0002275212028905503,0.015083805981599946,0.48626934434120295,0.0
QR2_matched_ridge,3,120,2024-07-31,2024-06-30,100.0,-3.172237966118978,-3.5398282303952273,0.13512260239068272,0.3675902642762492,0.00016618791719267282,0.012891389265423367,0.3506779869834542,1.0
QR2_matched_ridge,3,120,2024-08-31,2024-07-31,100.0,-2.8728553989963164,-3.392923085663183,0.2704703987150261,0.5200676866668665,0.0005256460461816291,0.022926972023833175,0.7894646674821133,0.0
QR2_matched_ridge,3,120,2024-09-30,2024-08-31,100.0,-3.2605071347369625,-3.2830952463619436,0.0005102227867826058,0.02258811162498109,7.343919540482348e-07,0.000856966717001445,0.0010359873307390563,1.0
QR2_matched_ridge,3,120,2024-10-31,2024-09-30,100.0,-3.4205515268412334,-3.3603855608589974,0.00361994346257558,0.060165965982236,4.1106380171649125e-06,0.00202747084249439,0.006958020293261605,1.0
QR2_matched_ridge,3,120,2024-11-30,2024-10-31,100.0,-3.3432396881530604,-3.289364745581869,0.0029025094370491605,0.0538749425711913,3.822743662703834e-06,0.0019551837925637153,0.0056020196502762215,1.0
QR2_matched_ridge,3,120,2024-12-31,2024-11-30,100.0,-3.197746191257484,-3.3569534085093062,0.025346938025068908,0.1592072172518222,3.6155367380828506e-05,0.006012933342456783,0.05653153371252162,0.0
QR2_matched_ridge,3,120,2025-01-31,2024-12-31,100.0,-3.243894689291075,-3.2665608235039523,0.0005137536401561682,0.02266613421287733,7.643963444098422e-07,0.0008742976291914797,0.0010432112616098055,1.0
QR2_matched_ridge,3,120,2025-02-28,2025-01-31,100.0,-3.3361230676767963,-3.385944395564199,0.002482164712464088,0.04982132788740268,2.9892595240133137e-06,0.0017289475191610976,0.005133406409352934,1.0
QR2_matched_ridge,3,120,2025-03-31,2025-02-28,100.0,-2.8189264390259248,-3.355466779008396,0.28787553642850566,0.5365403399824711,0.0006138942130580513,0.02477688868801027,0.8512940197795447,0.0
QR2_matched_ridge,3,120,2025-04-30,2025-03-31,100.0,-1.983632317040605,-2.8948059850314163,0.8302374532398293,0.9111736679908113,0.006766523473000612,0.08225888081539046,3.3640155560543636,0.0
QR2_matched_ridge,3,120,2025-05-31,2025-04-30,1.0,-3.029808966262144,-2.6285025640446547,0.16104682846074544,0.4013064022174895,0.0005693762908503438,0.02386160704668367,0.25076929223466826,1.0
QR2_matched_ridge,3,120,2025-06-30,2025-05-31,1.0,-3.530189938328582,-3.3283471144910477,0.040740525534709894,0.20184282383753427,4.294135847379033e-05,0.0065529656243406564,0.07153967741662481,1.0
QR2_matched_ridge,3,120,2025-07-31,2025-06-30,1.0,-3.9507722447624736,-3.33330121571134,0.38127047171746586,0.6174710290511336,0.00027011911754023897,0.01643530095678929,0.525793672476391,0.0
QR2_matched_ridge,3,120,2025-08-31,2025-07-31,1.0,-3.3885720022366694,-3.598719929451075,0.04416215131251119,0.21014792721440578,4.0936017141645256e-05,0.00639812606484471,0.10211604687163023,1.0
QR2_matched_ridge,3,120,2025-09-30,2025-08-31,1.0,-3.844352655797379,-3.397293313075916,0.1998620559145462,0.44705934272146264,0.00014552737857185044,0.012063472906748307,0.30308655464111167,1.0
QR2_matched_ridge,3,120,2025-10-31,2025-09-30,1.0,-3.200601249147139,-3.66350606882516,0.21428087208114113,0.462904819678021,0.0002278666439502186,0.01509525236457538,0.5981012515819173,1.0
QR2_matched_ridge,3,120,2025-11-30,2025-10-31,1.0,-3.1877347547552812,-3.3223007816173684,0.01810801558544797,0.13456602686208718,2.699315206282232e-05,0.00519549343785769,0.03969591151811558,0.0
QR2_matched_ridge,3,120,2025-12-31,2025-11-30,1.0,-3.669080341092571,-3.1297100006552054,0.29092036414351985,0.5393703404373658,0.0003323535672225048,0.01823056683766319,0.41876413505271015,0.0
QR2_matched_ridge,3,120,2026-01-31,2025-12-31,1.0,-3.5432987087435324,-3.4834025073438415,0.003587554942112331,0.059896201399690874,3.1861838414046973e-06,0.0017849884709444756,0.006896980829322066,1.0
QR2_matched_ridge,3,120,2026-02-28,2026-01-31,1.0,-3.319307735691405,-3.4539831918571666,0.018137478493456004,0.1346754561657617,2.077927326085746e-05,0.004558428814938044,0.039763532524620115,1.0
QR2_matched_ridge,3,120,2026-03-31,2026-02-28,1.0,-2.9305511753093016,-3.2059243696361097,0.07583039615375,0.27537319432680807,0.00016502453539700776,0.012846187582197598,0.1838007925144819,1.0
QR2_matched_ridge,3,120,2026-04-30,2026-03-31,1.0,-3.237312027686596,-2.9114189504786525,0.10620629777206253,0.32589307720794336,0.000228892031392101,0.015129178146617912,0.17290030906560327,0.0
QR2_matched_ridge,3,120,2026-05-31,2026-04-30,100.0,-3.5119546359486353,-3.437690129631832,0.005515216898478544,0.07426450631680348,5.291390545901132e-06,0.00230030227272442,0.010504011276511821,1.0
QR2_matched_ridge,3,120,2026-06-30,2026-05-31,0.01,-3.0168147582707263,-3.370109369679633,0.12481708245057033,0.3532946114089066,0.00021231501724515946,0.014571033499555186,0.32047636253349454,1.0
QR2_matched_ridge,3,120,2026-07-31,2026-06-30,0.01,-3.371829178429884,-3.083444942825058,0.08316546734537983,0.28838423560482607,0.00013166213030649988,0.011474411980859842,0.1384790920651554,1.0
QR2_matched_ridge,3,120,2026-08-31,2026-07-31,0.01,-3.507788998946598,-3.410926195584042,0.009382402675253153,0.09686280336255582,9.287391886142534e-06,0.003047522253592668,0.017609548193553953,1.0
QR2_matched_ridge,4,571,2020-01-31,2019-12-31,100.0,-3.394259264647835,-3.61293535196369,0.04781923116377138,0.21867608731585486,4.3465690194507366e-05,0.006592851446415835,0.11124918451505761,1.0
QR2_matched_ridge,4,571,2020-02-29,2020-01-31,100.0,-2.6562454515374347,-3.4693475043250053,0.6611349482473611,0.8131020527875705,0.0015267773473243474,0.03907399835343636,2.4583335672829083,0.0
QR2_matched_ridge,4,571,2020-03-31,2020-02-29,100.0,-1.2968909272855167,-2.9919936820394692,2.8733733491744387,1.6951027547539526,0.049815183686696754,0.2231931533150082,25.281844022614738,0.0
QR2_matched_ridge,4,571,2020-04-30,2020-03-31,1e-08,-2.134850068143052,-2.411211561856591,0.07637567520757847,0.276361493713539,0.000815432380486152,0.02855577665702952,0.18525608819366035,1.0
QR2_matched_ridge,4,571,2020-05-31,2020-04-30,1e-08,-2.753043170704817,-2.2960465912826304,0.20884587360357873,0.4569965794221864,0.0013632620644699173,0.03692237891130415,0.3149132446336841,1.0
QR2_matched_ridge,4,571,2020-06-30,2020-05-31,100.0,-2.4519566880578116,-2.7051236765458073,0.06409352406008094,0.2531669884879957,0.0003710573087259832,0.019262847887214996,0.15286339897285417,1.0
QR2_matched_ridge,4,571,2020-07-31,2020-06-30,100.0,-3.21882688058945,-2.5102736740445057,0.5020476465051228,0.7085532065449445,0.0017010711207012807,0.041244043457222775,0.6595208633959626,1.0
QR2_matched_ridge,4,571,2020-08-31,2020-07-31,0.01,-3.605943742197781,-2.9814232380306795,0.39002586012513046,0.6245205041671014,0.000555016869593499,0.023558796013240978,0.5358206926931358,0.0
QR2_matched_ridge,4,571,2020-09-30,2020-08-31,0.01,-2.651836989084487,-3.258099954243015,0.36755478292281035,0.6062629651585278,0.0010278525523849111,0.03206013961892417,1.1494400979561652,1.0
QR2_matched_ridge,4,571,2020-10-31,2020-09-30,0.01,-2.7990735485463434,-2.727211940160235,0.005164090759838396,0.07186160838610833,2.056579298715961e-05,0.004534952368786205,0.009850661207665673,1.0
QR2_matched_ridge,4,571,2020-11-30,2020-10-31,0.01,-3.0039337534233583,-2.8886043133000388,0.013300879759158358,0.11532944012331958,3.675064132106632e-05,0.006062230721530344,0.02466915267884831,1.0
QR2_matched_ridge,4,571,2020-12-31,2020-11-30,100.0,-3.651571910629322,-3.1890506285866778,0.21392593634237111,0.4625212820426441,0.00023288810242457563,0.015260671755351257,0.3215571055223333,1.0
QR2_matched_ridge,4,571,2021-01-31,2020-12-31,1.0,-3.0833870228491476,-3.285021060329516,0.04065628507063463,0.20163403748036846,6.995747173358866e-05,0.008364058329159874,0.09343999288432081,1.0
QR2_matched_ridge,4,571,2021-02-28,2021-01-31,1.0,-3.2488776237223895,-3.086599183922592,0.026334292023856537,0.1622784397997976,4.677479471551361e-05,0.006839210094412483,0.04740447079857385,1.0
QR2_matched_ridge,4,571,2021-03-31,2021-02-28,1.0,-3.005349457539076,-3.3635333173632267,0.128295677438527,0.3581838598241509,0.00022226936081027728,0.014908700842470389,0.33061674975846245,0.0
QR2_matched_ridge,4,571,2021-04-30,2021-03-31,100.0,-3.428567723170164,-3.212712055530454,0.046593669252184985,0.2158556676397101,6.10578318703795e-05,0.007813951104939133,0.08110814285892803,1.0
QR2_matched_ridge,4,571,2021-05-31,2021-04-30,0.01,-3.25079126490233,-3.415110722858956,0.027000884263159473,0.16431945795662628,3.446597049502141e-05,0.005870772563727998,0.0604372758002803,1.0
QR2_matched_ridge,4,571,2021-06-30,2021-05-31,0.01,-3.704361054701714,-3.2811696317976806,0.1790909804195403,0.4231914229040332,0.00016817760235008473,0.012968330746479469,0.2753466029506476,1.0
QR2_matched_ridge,4,571,2021-07-31,2021-06-30,0.01,-3.396235869388752,-3.522568823417954,0.01596001527374446,0.12633295402920197,1.5805641916639257e-05,0.00397563100861225,0.034787169218823855,1.0
QR2_matched_ridge,4,571,2021-08-31,2021-07-31,0.01,-3.708289465775626,-3.37350378432994,0.11208145250105218,0.33478568144568577,9.506104869643317e-05,0.009749925573891996,0.18149932497792387,0.0
QR2_matched_ridge,4,571,2021-09-30,2021-08-31,100.0,-3.2831700937799164,-3.476214335014175,0.0372660790737107,0.19304424123425878,4.3360934005048194e-05,0.006584901973837438,0.08512635930813672,1.0
QR2_matched_ridge,4,571,2021-10-31,2021-09-30,100.0,-3.386818668681176,-3.2894200386415475,0.009486493133596436,0.09739863003962856,1.196727763989779e-05,0.0034593753250981296,0.017798756480459255,1.0
QR2_matched_ridge,4,571,2021-11-30,2021-10-31,100.0,-3.306447862510668,-3.407471017666259,0.010205677877590549,0.10102315515559068,1.2399188410764052e-05,0.003521248132518362,0.021858375894651033,0.0
QR2_matched_ridge,4,571,2021-12-31,2021-11-30,100.0,-2.996205908102638,-3.23807260380992,0.05849949849235891,0.24186669570728192,0.00011528041278262059,0.010736871647860032,0.138385725699126,1.0
QR2_matched_ridge,4,571,2022-01-31,2021-12-31,100.0,-2.9415796259494096,-3.199792314163485,0.0666737923547393,0.2582126882140754,0.00014427891875089341,0.012011615992483834,0.15960039121113223,0.0
QR2_matched_ridge,4,571,2022-02-28,2022-01-31,100.0,-2.79991710955502,-2.877048851296303,0.005949305584043997,0.07713174174128312,2.0380113015709866e-05,0.004514433853287682,0.012534794871626509,1.0
QR2_matched_ridge,4,571,2022-03-31,2022-02-28,1.0,-2.676617851726222,-2.89920504735199,0.049545059656544065,0.22258719562576834,0.00018847059181983168,0.013728459193217267,0.1155879641498262,0.0
QR2_matched_ridge,4,571,2022-04-30,2022-03-31,100.0,-2.647933077507468,-3.029255203461717,0.14540656374226796,0.38132212595424875,0.0005038120437782861,0.02244575781251963,0.3812935916451805,0.0
QR2_matched_ridge,4,571,2022-05-31,2022-04-30,100.0,-2.4244300010941817,-2.72791396737445,0.09210251778920296,0.3034839662802682,0.0005369918505390676,0.023173084614247358,0.22789160549973408,0.0
QR2_matched_ridge,4,571,2022-06-30,2022-05-31,100.0,-2.4599323402147326,-2.708451579243361,0.06176181216736853,0.24851923902862838,0.00035347076423608516,0.01880081817996454,0.14680729143755322,1.0
QR2_matched_ridge,4,571,2022-07-31,2022-06-30,100.0,-2.8821336588859534,-2.728304594880836,0.023663380932690443,0.1538290640051172,8.676621604401257e-05,0.009314838487274622,0.04282473593342406,1.0
QR2_matched_ridge,4,571,2022-08-31,2022-07-31,100.0,-2.844638284908549,-3.0408194969057263,0.03848706794068143,0.1961812119971773,0.00010732117907487504,0.01035959357672274,0.08811174955220075,0.0
QR2_matched_ridge,4,571,2022-09-30,2022-08-31,100.0,-2.646329916608998,-2.9799680082364923,0.11131437618483618,0.33363809162749414,0.0004046746369017227,0.020116526462133633,0.28164539588266424,0.0
QR2_matched_ridge,4,571,2022-10-31,2022-09-30,100.0,-2.5235204874353756,-2.661614325400685,0.019069908083989184,0.1380938379653096,0.00010694567255173445,0.010341454083045307,0.04190753963121868,0.0
QR2_matched_ridge,4,571,2022-11-30,2022-10-31,100.0,-2.5436055847483017,-2.9191470696292527,0.1410314068665896,0.37554148488095107,0.0006052999193090326,0.0246028437240298,0.36821093573666674,1.0
QR2_matched_ridge,4,571,2022-12-31,2022-11-30,100.0,-2.953340209712298,-2.977058882621459,0.0005625754445717663,0.023718672909160965,1.4950700134742644e-06,0.0012227305563672908,0.0011431552915739246,1.0
QR2_matched_ridge,4,571,2023-01-31,2022-12-31,100.0,-3.0446334829778476,-2.7400325843321305,0.09278170745577846,0.30460089864571716,0.00028745449048922386,0.01695448290244276,0.15298654363930203,0.0
QR2_matched_ridge,4,571,2023-02-28,2023-01-31,100.0,-3.1747292629057444,-3.0496874753936343,0.015635448624223704,0.12504178751211015,3.100603953107451e-05,0.005568306702317546,0.028819272521119293,1.0
QR2_matched_ridge,4,571,2023-03-31,2023-02-28,100.0,-2.9240573364232487,-3.165142630201028,0.05812211887591821,0.24108529377777943,0.00013241524407855604,0.011507182282320727,0.13741545540672517,1.0
QR2_matched_ridge,4,571,2023-04-30,2023-03-31,100.0,-3.442485805524746,-3.0141117801631894,0.1835043056044636,0.42837402536155667,0.00029255846675560677,0.017104340582308537,0.28128847460219975,1.0
QR2_matched_ridge,4,571,2023-05-31,2023-04-30,1.0,-3.29928079041607,-3.273058458143227,0.0006876107098273711,0.026222332272842763,9.616938723759508e-07,0.0009806599167784674,0.001351492339149371,1.0
QR2_matched_ridge,4,571,2023-06-30,2023-05-31,1.0,-3.4043718007388586,-3.3160157345905303,0.007806794425207758,0.08835606614832825,9.421673268973072e-06,0.0030694744287863146,0.014733121277949651,1.0
QR2_matched_ridge,4,571,2023-07-31,2023-06-30,1.0,-3.7661453260783695,-3.398291346198244,0.1353165505136479,0.3678539798801257,0.00010586864734897027,0.01028924911492429,0.21487406830276945,0.0
QR2_matched_ridge,4,571,2023-08-31,2023-07-31,1.0,-3.308105488673255,-3.440348299039348,0.017488160893522457,0.1322428103660931,2.0538121760380653e-05,0.0045319004579073285,0.038275069580468446,1.0
QR2_matched_ridge,4,571,2023-09-30,2023-08-31,1.0,-3.437757865373422,-3.2861940250780535,0.022971597685080038,0.15156384029536873,2.765968371954055e-05,0.005259247448023391,0.04163247821246535,0.0
QR2_matched_ridge,4,571,2023-10-31,2023-09-30,1.0,-3.193098626287721,-3.2078017518371444,0.0002161819009221147,0.014703125549423657,3.5888180603167123e-07,0.0005990674469804474,0.00043663320856860213,1.0
QR2_matched_ridge,4,571,2023-11-30,2023-10-31,1.0,-3.3142693090819773,-3.1686428369257738,0.021207069392661513,0.1456264721562035,3.249040011264791e-05,0.005700035097492638,0.03857956640262711,0.0
QR2_matched_ridge,4,571,2023-12-31,2023-11-30,1.0,-3.568281666444767,-3.406668098856316,0.026118945228666934,0.16161356758845136,2.447476387422776e-05,0.004947197577844224,0.04703656828896563,1.0
QR2_matched_ridge,4,571,2024-01-31,2023-12-31,1.0,-3.4647197491071067,-3.345464591763875,0.014221792552958941,0.11925515734323167,1.569797027377256e-05,0.003962066414608993,0.026310876985900372,1.0
QR2_matched_ridge,4,571,2024-02-29,2024-01-31,1.0,-3.3449345770399286,-3.3859034049780803,0.0016784448626258799,0.04096882793815171,2.0035585071056954e-06,0.0014154711254934504,0.0034504842713958817,1.0
QR2_matched_ridge,4,571,2024-03-31,2024-02-29,1.0,-3.579023213504305,-3.3859944705378724,0.03726009561120118,0.1930287429664328,3.529582096233254e-05,0.005941028611472304,0.06578893549355774,1.0
QR2_matched_ridge,4,571,2024-04-30,2024-03-31,1.0,-3.2298318565473947,-3.472016117847344,0.05865321642140207,0.2421842612999492,7.241656708510185e-05,0.008509792423150041,0.13878118019530628,1.0
QR2_matched_ridge,4,571,2024-05-31,2024-04-30,1.0,-3.551159106071428,-3.0515431629238323,0.24961609064726137,0.4996159431475955,0.0003457567012342295,0.01859453417631723,0.3673940092590955,0.0
QR2_matched_ridge,4,571,2024-06-30,2024-05-31,100.0,-3.974327104300053,-3.413327521330042,0.3147205320925265,0.5609995829700112,0.00019992533408089914,0.014139495538416466,0.44762732469188427,0.0
QR2_matched_ridge,4,571,2024-07-31,2024-06-30,1e-08,-3.172237966118978,-3.549380968424855,0.14223684418829077,0.37714300230587705,0.00017337709841401807,0.013167273765438997,0.3718069561157582,1.0
QR2_matched_ridge,4,571,2024-08-31,2024-07-31,1e-08,-2.8728553989963164,-3.411406157132644,0.2900369190892134,0.5385507581363278,0.0005542487194256674,0.023542487536912224,0.8590552865222292,0.0
QR2_matched_ridge,4,571,2024-09-30,2024-08-31,1e-08,-3.2605071347369625,-3.2231568656931535,0.001395042597644917,0.037350269043809003,2.1321534566490054e-06,0.00146018952764667,0.002721889857768528,1.0
QR2_matched_ridge,4,571,2024-10-31,2024-09-30,1e-08,-3.4205515268412334,-3.3637148321447556,0.003230409864020626,0.056836694696477785,3.6559907943852565e-06,0.0019120645371914768,0.006222813783737083,1.0
QR2_matched_ridge,4,571,2024-11-30,2024-10-31,1e-08,-3.3432396881530604,-3.2985318860883717,0.001998787565455385,0.04470780206468872,2.608280122056505e-06,0.0016150170655620036,0.003881043103935569,1.0
QR2_matched_ridge,4,571,2024-12-31,2024-11-30,1e-08,-3.197746191257484,-3.2841441797983872,0.007464612423914039,0.08639798854090319,1.1434789636121012e-05,0.0033815365791487473,0.01582759681192697,1.0
QR2_matched_ridge,4,571,2025-01-31,2024-12-31,1e-08,-3.243894689291075,-3.1071634238210777,0.018695438957026862,0.13673126546999725,3.267252349306505e-05,0.0057159884091087035,0.034203371006036765,0.0
QR2_matched_ridge,4,571,2025-02-28,2025-01-31,0.01,-3.3361230676767963,-3.3640678862853624,0.0007809128870656573,0.027944818608566013,9.61113976620578e-07,0.0009803642061094325,0.0015913335364505926,1.0
QR2_matched_ridge,4,571,2025-03-31,2025-02-28,0.01,-2.8189264390259248,-3.298363708792726,0.22986009564144455,0.47943726976680123,0.0005164892240961249,0.02272639927696697,0.6498842262054678,1.0
QR2_matched_ridge,4,571,2025-04-30,2025-03-31,1e-08,-1.983632317040605,-2.787484690742482,0.6461786387061421,0.803852373701877,0.005774895630565973,0.07599273406429047,2.3836369327604605,1.0
QR2_matched_ridge,4,571,2025-05-31,2025-04-30,0.01,-3.029808966262144,-2.8035091329541104,0.051211614555243846,0.22629983330803372,0.0001506063301908919,0.012272177076252277,0.08857235038320366,1.0
QR2_matched_ridge,4,571,2025-06-30,2025-05-31,1e-08,-3.530189938328582,-2.9980678694499816,0.2831538961876419,0.5321220688786004,0.0004237013114646061,0.02058400620541604,0.4092326577949882,0.0
QR2_matched_ridge,4,571,2025-07-31,2025-06-30,1.0,-3.9507722447624736,-3.2234360354514355,0.5290179613749502,0.727336209311038,0.00042346102634158693,0.020578168682892726,0.6881492526604547,0.0
QR2_matched_ridge,4,571,2025-08-31,2025-07-31,1e-08,-3.3885720022366694,-3.29398718429442,0.008946287785168438,0.09458481794224927,1.1214193295106217e-05,0.003348759963793496,0.01681573219264984,1.0
QR2_matched_ridge,4,571,2025-09-30,2025-08-31,1e-08,-3.844352655797379,-3.3817627890059345,0.21398938485812619,0.4625898667914443,0.00015843857855339834,0.012587238718376574,0.3216398890496269,0.0
QR2_matched_ridge,4,571,2025-10-31,2025-09-30,1e-08,-3.200601249147139,-3.5488443310738402,0.12127324410980703,0.34824308192670106,0.0001435167601948846,0.011979848087304137,0.3102029639618733,1.0
QR2_matched_ridge,4,571,2025-11-30,2025-10-31,1e-08,-3.1877347547552812,-3.2372459802235127,0.0024513614473660557,0.0495112254682315,3.9734009203122255e-06,0.001993339138308438,0.005068636223012624,0.0
QR2_matched_ridge,4,571,2025-12-31,2025-11-30,1e-08,-3.669080341092571,-3.351097092899371,0.1011133461314983,0.3179832481932001,9.112562008983926e-05,0.009545974025202419,0.16539005140017904,1.0
QR2_matched_ridge,4,571,2026-01-31,2025-12-31,1e-08,-3.5432987087435324,-3.5057318155018082,0.001411271467835098,0.03756689324172413,1.2254809848220904e-06,0.001107014446528179,0.0027531615758112638,1.0
QR2_matched_ridge,4,571,2026-02-28,2026-01-31,1e-08,-3.319307735691405,-3.4615753638410967,0.020240078019338963,0.14226762814969174,2.3016774296481503e-05,0.0047975800458649465,0.0446089168794187,1.0
QR2_matched_ridge,4,571,2026-03-31,2026-02-28,1e-08,-2.9305511753093016,-3.2187807159006434,0.08307626806949593,0.28822954059134176,0.0001785914333764846,0.013363810585925132,0.20326631604521528,1.0
QR2_matched_ridge,4,571,2026-04-30,2026-03-31,1e-08,-3.237312027686596,-2.9275734513730653,0.09593798565673277,0.3097385763135305,0.00020327510325097718,0.014257457811649915,0.15770292659930296,0.0
QR2_matched_ridge,4,571,2026-05-31,2026-04-30,1e-08,-3.5119546359486353,-3.2493851776321017,0.06894272044063791,0.26256945831653367,8.027300730010046e-05,0.008959520483826155,0.11661210982799508,1.0
QR2_matched_ridge,4,571,2026-06-30,2026-05-31,1e-08,-3.0168147582707263,-3.2555151927434514,0.0569778974174677,0.23870043447272504,0.00010807599765543884,0.010395960641299044,0.13447859803699647,1.0
QR2_matched_ridge,4,571,2026-07-31,2026-06-30,1e-08,-3.371829178429884,-3.1198194059330886,0.06350892543388666,0.25200977249679557,9.67932016537591e-05,0.009838353604834454,0.1081171206508258,1.0
QR2_matched_ridge,4,571,2026-08-31,2026-07-31,1e-08,-3.507788998946598,-3.287163399972256,0.04867565492278726,0.2206255989743422,5.470945501754098e-05,0.007396584010037403,0.08448230589102296,0.0
QR2_matched_ridge,4,120,2020-01-31,2019-12-31,100.0,-3.394259264647835,-3.609636832082541,0.04638749655409135,0.21537756743470604,4.22985694300557e-05,0.006503735036888857,0.10766366384266857,1.0
QR2_matched_ridge,4,120,2020-02-29,2020-01-31,100.0,-2.6562454515374347,-3.560750551967085,0.8181294767032518,0.9045051004296503,0.0017467260199745354,0.04179385146136373,3.295392107976104,0.0
QR2_matched_ridge,4,120,2020-03-31,2020-02-29,100.0,-1.2968909272855167,-3.113161401595117,3.2988384358488205,1.8162704743096003,0.052404483743447985,0.22892025629779464,33.176223845943085,0.0
QR2_matched_ridge,4,120,2020-04-30,2020-03-31,1e-06,-2.134850068143052,-1.4447993285003253,0.47617002328147384,0.6900507396427265,0.013813552059175673,0.11753106848478692,0.6316545036287495,1.0
QR2_matched_ridge,4,120,2020-05-31,2020-04-30,0.01,-2.753043170704817,-2.544965683526102,0.043296240670608305,0.208077487178715,0.00021733043876833417,0.014742131418771648,0.0757330192371698,1.0
QR2_matched_ridge,4,120,2020-06-30,2020-05-31,0.01,-2.4519566880578116,-4.0732609402416635,2.628627478149439,1.6213042521838519,0.004775239962440581,0.06910311109089504,21.357805012756018,0.0
QR2_matched_ridge,4,120,2020-07-31,2020-06-30,100.0,-3.21882688058945,-3.1671521286316597,0.0026702799898991707,0.05167475195779048,4.5004712800250344e-06,0.002121431422418607,0.005161235579848156,1.0
QR2_matched_ridge,4,120,2020-08-31,2020-07-31,100.0,-3.605943742197781,-3.463187505881905,0.02037934300707426,0.14275623631587608,1.7371723728790317e-05,0.004167939986227047,0.037141438960316214,1.0
QR2_matched_ridge,4,120,2020-09-30,2020-08-31,100.0,-2.651836989084487,-3.5875248298847984,0.8755117354215487,0.9356878408003113,0.0018365356908002066,0.042854821091683565,3.6258526900283314,1.0
QR2_matched_ridge,4,120,2020-10-31,2020-09-30,100.0,-2.7990735485463434,-3.188491160452112,0.15164607646239184,0.3894176119057686,0.0003854306085416247,0.019632386725551856,0.40009759396724376,1.0
QR2_matched_ridge,4,120,2020-11-30,2020-10-31,100.0,-3.0039337534233583,-3.1736380299008147,0.02879954145473694,0.16970427647745634,5.991592604725546e-05,0.007740537839663046,0.06470833119138342,1.0
QR2_matched_ridge,4,120,2020-12-31,2020-11-30,100.0,-3.651571910629322,-3.3613000632404413,0.08425774538655358,0.29027184738888057,7.638454298396518e-05,0.008739825111749387,0.1401377302642905,1.0
QR2_matched_ridge,4,120,2021-01-31,2020-12-31,100.0,-3.0833870228491476,-3.410254960037347,0.10684264836166874,0.3268679371881995,0.00016310042449000815,0.012771077655781761,0.2689745585686639,1.0
QR2_matched_ridge,4,120,2021-02-28,2021-01-31,100.0,-3.2488776237223895,-3.294305708670601,0.002063710902061909,0.04542808494821138,2.972043283522299e-06,0.0017239615087125057,0.004255314035997257,1.0
QR2_matched_ridge,4,120,2021-03-31,2021-02-28,100.0,-3.005349457539076,-3.5768854850229213,0.32665343071201497,0.5715360274838455,0.00046478154640531216,0.021558792786362416,0.9933166841002015,0.0
QR2_matched_ridge,4,120,2021-04-30,2021-03-31,100.0,-3.428567723170164,-3.3919360813310546,0.0013418771838287812,0.036631641839109275,1.4643812721432612e-06,0.0012101162225766834,0.0026193971945520367,1.0
QR2_matched_ridge,4,120,2021-05-31,2021-04-30,100.0,-3.25079126490233,-3.5322228084376013,0.07920371369664539,0.28143154353527144,9.032012935332572e-05,0.009503690301842001,0.19282892324417322,0.0
QR2_matched_ridge,4,120,2021-06-30,2021-05-31,100.0,-3.704361054701714,-3.43342031742229,0.0734088831175177,0.2709407372794237,5.868197017269151e-05,0.007660415796331914,0.12353433172402795,1.0
QR2_matched_ridge,4,120,2021-07-31,2021-06-30,100.0,-3.396235869388752,-3.614583488761985,0.04767568288595833,0.21834761937323321,4.317790008756581e-05,0.006570989277693718,0.11088912268326356,1.0
QR2_matched_ridge,4,120,2021-08-31,2021-07-31,100.0,-3.708289465775626,-3.441156963109337,0.07135977398075476,0.26713250266628874,5.6372772600152306e-05,0.0075081803787703655,0.12036491751556594,1.0
QR2_matched_ridge,4,120,2021-09-30,2021-08-31,100.0,-3.2831700937799164,-3.467320410458571,0.0339113391328488,0.18415031667865467,3.97989037386902e-05,0.006308637233086889,0.0769758386287836,1.0
QR2_matched_ridge,4,120,2021-10-31,2021-09-30,100.0,-3.386818668681176,-3.3269844158191972,0.003580137815551225,0.059834252861978854,4.347721114206423e-06,0.0020851189688376112,0.006883000225735306,1.0
QR2_matched_ridge,4,120,2021-11-30,2021-10-31,100.0,-3.306447862510668,-3.4382635226285347,0.01737536825230893,0.1318156601178666,2.048197471601989e-05,0.004525701571692492,0.03801689623356591,0.0
QR2_matched_ridge,4,120,2021-12-31,2021-11-30,100.0,-2.996205908102638,-3.2841819250524296,0.08293018633826651,0.28797601694979136,0.00015637745222792356,0.012505097049920227,0.20287118714330687,1.0
QR2_matched_ridge,4,120,2022-01-31,2021-12-31,100.0,-2.9415796259494096,-3.3534242429939494,0.16961598858856364,0.4118446170445398,0.0003174762910698181,0.017817864380161225,0.45520247912201595,0.0
QR2_matched_ridge,4,120,2022-02-28,2022-01-31,100.0,-2.79991710955502,-2.9814541759037,0.03295570645848502,0.18153706634867994,0.00010193078249187241,0.010096077579529211,0.07466830631839078,0.0
QR2_matched_ridge,4,120,2022-03-31,2022-02-28,100.0,-2.676617851726222,-2.8220648550642524,0.021154830780013092,0.14544700333803062,8.67216400184599e-05,0.009312445437072901,0.04672879067342284,0.0
QR2_matched_ridge,4,120,2022-04-30,2022-03-31,100.0,-2.647933077507468,-3.2167274988520798,0.3235270937527516,0.5687944213446117,0.0009431882012056778,0.030711369249932147,0.9816494738081891,0.0
QR2_matched_ridge,4,120,2022-05-31,2022-04-30,100.0,-2.4244300010941817,-2.94990489160422,0.2761238605565366,0.5254748905100382,0.0013092732962145081,0.03618388171844624,0.8094167691658405,0.0
QR2_matched_ridge,4,120,2022-06-30,2022-05-31,100.0,-2.4599323402147326,-2.796129641278447,0.11302862524252573,0.33619730106371426,0.0005951090112707152,0.024394856246158024,0.28652794674395143,1.0
QR2_matched_ridge,4,120,2022-07-31,2022-06-30,100.0,-2.8821336588859534,-3.0008810568925033,0.014100944533325966,0.11874739800654988,3.933667489648062e-05,0.006271895638200672,0.030573601749118384,1.0
QR2_matched_ridge,4,120,2022-08-31,2022-07-31,100.0,-2.844638284908549,-3.289953742188354,0.19830585649232185,0.44531545727980504,0.0004367985413302867,0.0208997258673478,0.5460355802392955,0.0
QR2_matched_ridge,4,120,2022-09-30,2022-08-31,100.0,-2.646329916608998,-3.136636323129233,0.24040037227478567,0.4903064065202347,0.0007552797222751819,0.027482352924652974,0.6854767428266879,0.0
QR2_matched_ridge,4,120,2022-10-31,2022-09-30,100.0,-2.5235204874353756,-2.5449167517234432,0.0004578001254848379,0.021396264288067623,2.8807007840067925e-06,0.0016972627327573042,0.0009288014592884197,1.0
QR2_matched_ridge,4,120,2022-11-30,2022-10-31,100.0,-2.5436055847483017,-3.035153904929369,0.24161975107282907,0.4915483201810673,0.000931182790166625,0.03051528781064706,0.6896232524831953,1.0
QR2_matched_ridge,4,120,2022-12-31,2022-11-30,100.0,-2.953340209712298,-3.0411324239129334,0.007707472874250234,0.08779221420063532,1.922314948091981e-05,0.004384421225306689,0.016358189811597257,1.0
QR2_matched_ridge,4,120,2023-01-31,2022-12-31,100.0,-3.0446334829778476,-2.7846272801734573,0.06760322549675776,0.26000620280439035,0.00019989268428621305,0.014138340931177641,0.11452557823539272,0.0
QR2_matched_ridge,4,120,2023-02-28,2023-01-31,100.0,-3.1747292629057444,-3.3259660711932453,0.02287257218099029,0.15123680828750086,3.442916761003846e-05,0.0058676373107102026,0.050728357272409985,1.0
QR2_matched_ridge,4,120,2023-03-31,2023-02-28,100.0,-2.9240573364232487,-3.1612619924143264,0.05626604882384549,0.23720465599107765,0.0001286652285681761,0.011343069627229488,0.13265533125741558,1.0
QR2_matched_ridge,4,120,2023-04-30,2023-03-31,100.0,-3.442485805524746,-3.055965477775672,0.14939796376325165,0.3865203277490741,0.0002277735664793063,0.015092169044882392,0.2346479988232676,1.0
QR2_matched_ridge,4,120,2023-05-31,2023-04-30,100.0,-3.29928079041607,-3.332312795155871,0.0010911133371302323,0.033032004739800946,1.4382846724565346e-06,0.001199285067219856,0.0022310865110772016,1.0
QR2_matched_ridge,4,120,2023-06-30,2023-05-31,100.0,-3.4043718007388586,-3.4370344164822786,0.0010668464672023079,0.03266261574342,1.140133128275727e-06,0.0010677701664102285,0.002180923059317344,1.0
QR2_matched_ridge,4,120,2023-07-31,2023-06-30,100.0,-3.7661453260783695,-3.4853737273818495,0.07883269063459969,0.28077159869652,5.626817346434564e-05,0.007501211466446313,0.131871452709159,1.0
QR2_matched_ridge,4,120,2023-08-31,2023-07-31,100.0,-3.308105488673255,-3.5123064798552193,0.04169804479969663,0.20420099118196422,4.56622163982286e-05,0.0067573823628849505,0.09600980427996997,1.0
QR2_matched_ridge,4,120,2023-09-30,2023-08-31,100.0,-3.437757865373422,-3.3909445126237436,0.0021914899956658384,0.04681335274967857,2.3721985838139656e-06,0.001540194333132662,0.004249334720589262,1.0
QR2_matched_ridge,4,120,2023-10-31,2023-09-30,100.0,-3.193098626287721,-3.159492658755526,0.0011293610537749387,0.033605967532194914,1.967788139496744e-06,0.0014027787207884015,0.0022089567473046606,1.0
QR2_matched_ridge,4,120,2023-11-30,2023-10-31,100.0,-3.3142693090819773,-3.0094059073780777,0.09294169369847324,0.3048634017038996,0.00016797103617776754,0.012960364044955201,0.15322613436681654,0.0
QR2_matched_ridge,4,120,2023-12-31,2023-11-30,100.0,-3.568281666444767,-3.3064852346220626,0.06853737171510003,0.2617964318227046,7.124151583223754e-05,0.008440468934380219,0.11598121299545966,0.0
QR2_matched_ridge,4,120,2024-01-31,2023-12-31,100.0,-3.4647197491071067,-3.4519649106905783,0.00016268590303174764,0.012754838416528358,1.612418711384522e-07,0.00040154933836136775,0.00032262265101817497,1.0
QR2_matched_ridge,4,120,2024-02-29,2024-01-31,100.0,-3.3449345770399286,-3.485612813695311,0.019790366268467738,0.14067823665538226,2.1414153474648346e-05,0.0046275429198061845,0.04356934714693467,0.0
QR2_matched_ridge,4,120,2024-03-31,2024-02-29,100.0,-3.579023213504305,-3.5316940691235725,0.0022400479078122375,0.04732914438073266,1.8289132108413051e-06,0.001352373177359454,0.004342019279651166,1.0
QR2_matched_ridge,4,120,2024-04-30,2024-03-31,100.0,-3.2298318565473947,-3.4890625923335454,0.0672005743762291,0.25923073578615075,8.162532261647208e-05,0.009034673354165721,0.16098032048916622,1.0
QR2_matched_ridge,4,120,2024-05-31,2024-04-30,100.0,-3.551159106071428,-3.0783879097209574,0.223512604098655,0.4727711963504704,0.00030074644964111103,0.017342042833562343,0.3340112038028874,0.0
QR2_matched_ridge,4,120,2024-06-30,2024-05-31,100.0,-3.974327104300053,-3.285761124144136,0.47412310902807925,0.6885659801559174,0.00034671023716495637,0.018620156743834257,0.6294330863351236,0.0
QR2_matched_ridge,4,120,2024-07-31,2024-06-30,100.0,-3.172237966118978,-3.479591368548272,0.09446611398486347,0.3073534024292939,0.0001229813995373474,0.011089697901085827,0.23440756386507522,1.0
QR2_matched_ridge,4,120,2024-08-31,2024-07-31,100.0,-2.8728553989963164,-3.447371668371227,0.3300689437764651,0.5745162693749108,0.0006104889829509864,0.024708075257918946,1.0061064192074172,0.0
QR2_matched_ridge,4,120,2024-09-30,2024-08-31,100.0,-3.2605071347369625,-3.3046099023539712,0.001945054111479872,0.04410276761700871,2.740362263460363e-06,0.001655403957788057,0.00400705189533869,1.0
QR2_matched_ridge,4,120,2024-10-31,2024-09-30,100.0,-3.4205515268412334,-3.347408158392406,0.005349952348040921,0.0731433684488274,6.1553957642033335e-06,0.002481007006077035,0.010196689704686679,1.0
QR2_matched_ridge,4,120,2024-11-30,2024-10-31,100.0,-3.3432396881530604,-3.2235624888696464,0.014322632028321994,0.11967719928341403,2.016578704285436e-05,0.004490633256329708,0.026490271676865684,1.0
QR2_matched_ridge,4,120,2024-12-31,2024-11-30,100.0,-3.197746191257484,-3.2802716135918626,0.006810445331467544,0.08252542233437854,1.0472601761526548e-05,0.003236139947765941,0.01440224141958657,1.0
QR2_matched_ridge,4,120,2025-01-31,2024-12-31,100.0,-3.243894689291075,-3.2030992192454057,0.0016642703762470923,0.04079547004566919,2.638701322015805e-06,0.0016244079912435191,0.003239831299697335,1.0
QR2_matched_ridge,4,120,2025-02-28,2025-01-31,100.0,-3.3361230676767963,-3.392081026423564,0.003131293147104941,0.05595795874676757,3.748134256001248e-06,0.0019360098801404005,0.006502899740432111,1.0
QR2_matched_ridge,4,120,2025-03-31,2025-02-28,100.0,-2.8189264390259248,-3.336266347080586,0.2676405804660051,0.517339908054661,0.0005808318519463662,0.02410045335561898,0.7795252121312903,0.0
QR2_matched_ridge,4,120,2025-04-30,2025-03-31,100.0,-1.983632317040605,-2.7596022271446654,0.6021293013869037,0.7759699101040605,0.005513312974038492,0.07425168667470451,2.168678637588654,1.0
QR2_matched_ridge,4,120,2025-05-31,2025-04-30,100.0,-3.029808966262144,-2.7107747792906283,0.10178281245657614,0.31903418697151587,0.00032980036118424906,0.01816040641572344,0.16638031411696602,1.0
QR2_matched_ridge,4,120,2025-06-30,2025-05-31,100.0,-3.530189938328582,-3.157811481353689,0.13866571521900217,0.3723784569748929,0.00017475100324845246,0.013219342012689303,0.21960662920292984,1.0
QR2_matched_ridge,4,120,2025-07-31,2025-06-30,100.0,-3.9507722447624736,-3.175108200772222,0.6016547091393113,0.7756640439902518,0.0005084909545795856,0.022549744002528845,0.7632943649248481,0.0
QR2_matched_ridge,4,120,2025-08-31,2025-07-31,1.0,-3.3885720022366694,-3.497456086483231,0.011855743802212299,0.10888408424656149,1.2128129789889644e-05,0.0034825464519356586,0.02553062987835822,1.0
QR2_matched_ridge,4,120,2025-09-30,2025-08-31,1.0,-3.844352655797379,-3.2483887789614876,0.35517294249326536,0.5959638768358912,0.00030403089064000625,0.017436481601516007,0.49556311899531913,0.0
QR2_matched_ridge,4,120,2025-10-31,2025-09-30,1.0,-3.200601249147139,-3.604333978441212,0.16300011670324113,0.4037327292940729,0.0001831189438505198,0.013532144835558028,0.434752326278228,1.0
QR2_matched_ridge,4,120,2025-11-30,2025-10-31,0.01,-3.1877347547552812,-3.6501133836863255,0.21379399649215236,0.4623786289310443,0.00023338853356129655,0.0152770590612623,0.5964989130959595,0.0
QR2_matched_ridge,4,120,2025-12-31,2025-11-30,1.0,-3.669080341092571,-3.2129295392625465,0.2080735540101744,0.45615080183002465,0.00021722779226986144,0.014738649608083552,0.31390044181066856,1.0
QR2_matched_ridge,4,120,2026-01-31,2025-12-31,0.01,-3.5432987087435324,-3.3746990178785556,0.028425855759765715,0.16859969086497673,2.8202904183243555e-05,0.00531064065657276,0.05096589544223723,1.0
QR2_matched_ridge,4,120,2026-02-28,2026-01-31,0.01,-3.319307735691405,-3.3669435001034493,0.002269166051119798,0.04763576441204442,2.8323465067199144e-06,0.0016829576663481213,0.004685955919285001,1.0
QR2_matched_ridge,4,120,2026-03-31,2026-02-28,0.01,-2.9305511753093016,-3.185145404401134,0.06481822148686432,0.25459422909183216,0.0001438892724834518,0.011995385466230413,0.1547518315533234,1.0
QR2_matched_ridge,4,120,2026-04-30,2026-03-31,0.01,-3.237312027686596,-2.7073042094132362,0.2809082874308866,0.5300078182733596,0.0007533438377852076,0.027447109825721315,0.40646602954666655,0.0
QR2_matched_ridge,4,120,2026-05-31,2026-04-30,1.0,-3.5119546359486353,-3.1257255125249883,0.14917293578059876,0.386229123423647,0.0001978673917240088,0.014066534460342704,0.2343345125862324,0.0
QR2_matched_ridge,4,120,2026-06-30,2026-05-31,1.0,-3.0168147582707263,-3.396066534482378,0.14383190975969284,0.37925177621165185,0.00023876766578527796,0.015452108781175401,0.37657524279138355,1.0
QR2_matched_ridge,4,120,2026-07-31,2026-06-30,1.0,-3.371829178429884,-3.18134095399092,0.036285763649909146,0.19048822443896407,5.188519683731909e-05,0.007203137985442115,0.06417042829316871,1.0
QR2_matched_ridge,4,120,2026-08-31,2026-07-31,1.0,-3.507788998946598,-3.4925390549137347,0.00023256079300546244,0.015249944032863283,2.120025432985522e-07,0.00046043733916631066,0.00046042870475939204,1.0
