date,column,vintage,original,mapped_provider,difference
1950-01-31,MKT,FIZ_2024,0.2679206914082357,0.26792069140823604,3.3306690738754696e-16
1950-02-28,MKT,FIZ_2024,0.2567361464158615,0.25673614641586195,4.440892098500626e-16
1950-03-31,MKT,FIZ_2024,0.2455516014234875,0.2455516014234878,3.0531133177191805e-16
1950-04-30,MKT,FIZ_2024,0.3817996949669546,0.3817996949669545,-1.1102230246251565e-16
1950-05-31,MKT,FIZ_2024,0.4006100660904927,0.40061006609049277,5.551115123125783e-17
1950-06-30,MKT,FIZ_2024,-0.1204880528723947,-0.12048805287239286,1.8318679906315083e-15
1950-07-31,MKT,FIZ_2024,0.25063548551093,0.25063548551093057,5.551115123125783e-16
1950-08-31,MKT,FIZ_2024,0.4280630401626839,0.4280630401626838,-1.1102230246251565e-16
1950-09-30,MKT,FIZ_2024,0.426029486527707,0.42602948652770667,-3.3306690738754696e-16
1950-10-31,MKT,FIZ_2024,0.1723436705643108,0.17234367056431166,8.604228440844963e-16
1950-11-30,MKT,FIZ_2024,0.3218098627351295,0.32180986273512957,5.551115123125783e-17
1950-12-31,MKT,FIZ_2024,0.4631418403660394,0.4631418403660391,-2.7755575615628914e-16
1951-01-31,MKT,FIZ_2024,0.4712760549059478,0.4712760549059475,-3.3306690738754696e-16
1951-02-28,MKT,FIZ_2024,0.2531774275546516,0.253177427554652,3.885780586188048e-16
1951-03-31,MKT,FIZ_2024,0.0721911540416877,0.07219115404168877,1.0685896612017132e-15
1951-04-30,MKT,FIZ_2024,0.4285714285714284,0.42857142857142816,-2.220446049250313e-16
1951-05-31,MKT,FIZ_2024,0.0625317742755464,0.06253177427554749,1.0824674490095276e-15
1951-06-30,MKT,FIZ_2024,0.0482968988307064,0.048296898830707674,1.27675647831893e-15
1951-07-31,MKT,FIZ_2024,0.5343162175902387,0.5343162175902381,-6.661338147750939e-16
1951-08-31,MKT,FIZ_2024,0.3985765124555158,0.3985765124555156,-1.6653345369377348e-16
1951-09-30,MKT,FIZ_2024,0.2170818505338076,0.21708185053380818,5.828670879282072e-16
1951-10-31,MKT,FIZ_2024,0.0528723945094049,0.0528723945094062,1.2975731600306517e-15
1951-11-30,MKT,FIZ_2024,0.210472801220132,0.21047280122013257,5.551115123125783e-16
1951-12-31,MKT,FIZ_2024,0.3507880020335534,0.3507880020335535,5.551115123125783e-17
1952-01-31,MKT,FIZ_2024,0.2552109811896286,0.2552109811896291,4.996003610813204e-16
1952-02-29,MKT,FIZ_2024,0.0482968988307064,0.048296898830707674,1.27675647831893e-15
1952-03-31,MKT,FIZ_2024,0.4072191154041686,0.40721911540416844,-1.6653345369377348e-16
1952-04-30,MKT,FIZ_2024,-0.0711743772241993,-0.07117437722419781,1.4849232954361469e-15
1952-05-31,MKT,FIZ_2024,0.3441789527198777,0.34417895271987786,1.6653345369377348e-16
1952-06-30,MKT,FIZ_2024,0.3762074224707676,0.37620742247076744,-1.6653345369377348e-16
1952-07-31,MKT,FIZ_2024,0.2277580071174374,0.22775800711743804,6.38378239159465e-16
1952-08-31,MKT,FIZ_2024,0.1428571428571425,0.14285714285714352,1.0269562977782698e-15
1952-09-30,MKT,FIZ_2024,0.0782918149466189,0.07829181494662013,1.2351231148954867e-15
1952-10-31,MKT,FIZ_2024,0.1479410269445855,0.14794102694458627,7.771561172376096e-16
1952-11-30,MKT,FIZ_2024,0.4834773767158107,0.48347737671581026,-4.440892098500626e-16
1952-12-31,MKT,FIZ_2024,0.3304524656837821,0.33045246568378234,2.220446049250313e-16
1953-01-31,MKT,FIZ_2024,0.1642094560244025,0.1642094560244032,6.938893903907228e-16
1953-02-28,MKT,FIZ_2024,0.1677681748856123,0.16776817488561316,8.604228440844963e-16
1953-03-31,MKT,FIZ_2024,0.1087951194712759,0.10879511947127683,9.298117831235686e-16
1953-04-30,MKT,FIZ_2024,0.0376207422470764,0.037620742247077815,1.4155343563970746e-15
1953-05-31,MKT,FIZ_2024,0.2079308591764106,0.2079308591764112,5.828670879282072e-16
1953-06-30,MKT,FIZ_2024,0.0854092526690388,0.08540925266904002,1.2212453270876722e-15
1953-07-31,MKT,FIZ_2024,0.3035078800203352,0.3035078800203356,3.885780586188048e-16
1953-08-31,MKT,FIZ_2024,-0.0482968988307067,-0.04829689883070526,1.4432899320127035e-15
1953-09-30,MKT,FIZ_2024,0.1916624300965936,0.19166243009659426,6.661338147750939e-16
1953-10-31,MKT,FIZ_2024,0.415353329944077,0.4153533299440768,-1.6653345369377348e-16
1953-11-30,MKT,FIZ_2024,0.3253685815963394,0.3253685815963395,1.1102230246251565e-16
1953-12-31,MKT,FIZ_2024,0.1830198271479408,0.18301982714794152,7.216449660063518e-16
1954-01-31,MKT,FIZ_2024,0.4422979156075239,0.44229791560752363,-2.7755575615628914e-16
1954-02-28,MKT,FIZ_2024,0.2663955261820028,0.26639552618200324,4.440892098500626e-16
1954-03-31,MKT,FIZ_2024,0.3670564311133704,0.3670564311133704,0.0
1954-04-30,MKT,FIZ_2024,0.3985765124555158,0.3985765124555156,-1.6653345369377348e-16
1954-05-31,MKT,FIZ_2024,0.3385866802236907,0.33858668022369076,5.551115123125783e-17
1954-06-30,MKT,FIZ_2024,0.235892221657346,0.2358922216573465,4.996003610813204e-16
1954-07-31,MKT,FIZ_2024,0.4351804778851038,0.4351804778851037,-5.551115123125783e-17
1954-08-31,MKT,FIZ_2024,0.0625317742755464,0.06253177427554749,1.0824674490095276e-15
1954-09-30,MKT,FIZ_2024,0.5063548551093033,0.5063548551093028,-5.551115123125783e-16
1954-10-31,MKT,FIZ_2024,0.0965937976614133,0.09659379766141415,8.604228440844963e-16
1954-11-30,MKT,FIZ_2024,0.6583629893238432,0.6583629893238421,-1.1102230246251565e-15
1954-12-31,MKT,FIZ_2024,0.4600915099135738,0.4600915099135734,-3.885780586188048e-16
1955-01-31,MKT,FIZ_2024,0.2119979664463649,0.2119979664463654,4.996003610813204e-16
1955-02-28,MKT,FIZ_2024,0.3350279613624807,0.3350279613624808,1.1102230246251565e-16
1955-03-31,MKT,FIZ_2024,0.1733604473817995,0.17336044738180023,7.216449660063518e-16
1955-04-30,MKT,FIZ_2024,0.3396034570411792,0.33960345704117934,1.1102230246251565e-16
1955-05-31,MKT,FIZ_2024,0.2287747839349261,0.22877478393492662,5.273559366969494e-16
1955-06-30,MKT,FIZ_2024,0.5144890696492119,0.5144890696492112,-7.771561172376096e-16
1955-07-31,MKT,FIZ_2024,0.2780884595831212,0.2780884595831216,4.440892098500626e-16
1955-08-31,MKT,FIZ_2024,0.1921708185053379,0.19217081850533854,6.38378239159465e-16
1955-09-30,MKT,FIZ_2024,0.1631926792069138,0.16319267920691466,8.604228440844963e-16
1955-10-31,MKT,FIZ_2024,0.0452465683782408,0.04524656837824198,1.1796119636642288e-15
1955-11-30,MKT,FIZ_2024,0.5388917132689373,0.5388917132689366,-6.661338147750939e-16
1955-12-31,MKT,FIZ_2024,0.2572445348246057,0.2572445348246062,4.996003610813204e-16
1956-01-31,MKT,FIZ_2024,0.0274529740721909,0.02745297407219227,1.3704315460216776e-15
1956-02-29,MKT,FIZ_2024,0.3731570920183018,0.3731570920183017,-5.551115123125783e-17
1956-03-31,MKT,FIZ_2024,0.5190645653279102,0.5190645653279097,-5.551115123125783e-16
1956-04-30,MKT,FIZ_2024,0.1957295373665479,0.1957295373665485,5.828670879282072e-16
1956-05-31,MKT,FIZ_2024,-0.0828673106253178,-0.08286731062531624,1.5543122344752192e-15
1956-06-30,MKT,FIZ_2024,0.3584138281647175,0.3584138281647177,1.6653345369377348e-16
1956-07-31,MKT,FIZ_2024,0.4275546517539397,0.4275546517539396,-1.1102230246251565e-16
1956-08-31,MKT,FIZ_2024,0.0198271479410268,0.01982714794102805,1.2490009027033011e-15
1956-09-30,MKT,FIZ_2024,-0.0798169801728522,-0.07981698017285052,1.6792123247455493e-15
1956-10-31,MKT,FIZ_2024,0.2079308591764106,0.2079308591764112,5.828670879282072e-16
1956-11-30,MKT,FIZ_2024,0.199796644636502,0.1997966446365027,6.938893903907228e-16
1956-12-31,MKT,FIZ_2024,0.3421453990849006,0.3421453990849007,1.1102230246251565e-16
1957-01-31,MKT,FIZ_2024,-0.0005083884087445,-0.0005083884087430934,1.406535478365445e-15
1957-02-28,MKT,FIZ_2024,0.0767666497203862,0.07676664972038727,1.0685896612017132e-15
1957-03-31,MKT,FIZ_2024,0.2897813929842396,0.28978139298424005,4.440892098500626e-16
1957-04-30,MKT,FIZ_2024,0.3980681240467716,0.3980681240467714,-2.220446049250313e-16
1957-05-31,MKT,FIZ_2024,0.3568886629384848,0.35688866293848487,5.551115123125783e-17
1957-06-30,MKT,FIZ_2024,0.1438739196746312,0.14387391967463206,8.604228440844963e-16
1957-07-31,MKT,FIZ_2024,0.2150482968988305,0.2150482968988311,5.828670879282072e-16
1957-08-31,MKT,FIZ_2024,-0.0782918149466193,-0.07829181494661772,1.582067810090848e-15
1957-09-30,MKT,FIZ_2024,-0.1225216065073717,-0.12252160650736996,1.7486012637846216e-15
1957-10-31,MKT,FIZ_2024,-0.0381291306558212,-0.038129130655819715,1.4849232954361469e-15
1957-11-30,MKT,FIZ_2024,0.2984239959328925,0.29842399593289276,2.7755575615628914e-16
1957-12-31,MKT,FIZ_2024,-0.0172852058973057,-0.017285205897304284,1.4155343563970746e-15
1958-01-31,MKT,FIZ_2024,0.4184036603965428,0.41840366039654253,-2.7755575615628914e-16
1958-02-28,MKT,FIZ_2024,0.1042196237925774,0.10421962379257832,9.159339953157541e-16
1958-03-31,MKT,FIZ_2024,0.3477376715810878,0.3477376715810878,0.0
1958-04-30,MKT,FIZ_2024,0.3385866802236907,0.33858668022369076,5.551115123125783e-17
1958-05-31,MKT,FIZ_2024,0.2989323843416367,0.29893238434163705,3.3306690738754696e-16
1958-06-30,MKT,FIZ_2024,0.3304524656837821,0.33045246568378234,2.220446049250313e-16
1958-07-31,MKT,FIZ_2024,0.4046771733604473,0.404677173360447,-2.7755575615628914e-16
1958-08-31,MKT,FIZ_2024,0.2785968479918657,0.2785968479918659,2.220446049250313e-16
1958-09-30,MKT,FIZ_2024,0.4184036603965428,0.41840366039654253,-2.7755575615628914e-16
1958-10-31,MKT,FIZ_2024,0.3101169293340111,0.31011692933401114,5.551115123125783e-17
1958-11-30,MKT,FIZ_2024,0.3345195729537364,0.3345195729537366,1.6653345369377348e-16
1958-12-31,MKT,FIZ_2024,0.4433146924250126,0.4433146924250122,-3.885780586188048e-16
1959-01-31,MKT,FIZ_2024,0.2175902389425519,0.21759023894255247,5.828670879282072e-16
1959-02-28,MKT,FIZ_2024,0.2297915607524145,0.22979156075241516,6.661338147750939e-16
1959-03-31,MKT,FIZ_2024,0.1957295373665479,0.1957295373665485,5.828670879282072e-16
1959-04-30,MKT,FIZ_2024,0.3675648195221146,0.36756481952211467,5.551115123125783e-17
1959-05-31,MKT,FIZ_2024,0.2694458566344686,0.2694458566344689,3.3306690738754696e-16
1959-06-30,MKT,FIZ_2024,0.168784951703101,0.1687849517031017,6.938893903907228e-16
1959-07-31,MKT,FIZ_2024,0.3426537874936448,0.34265378749364506,2.7755575615628914e-16
1959-08-31,MKT,FIZ_2024,0.1108286731062528,0.11082867310625395,1.1518563880486e-15
1959-09-30,MKT,FIZ_2024,-0.0625317742755466,-0.06253177427554507,1.5265566588595902e-15
1959-10-31,MKT,FIZ_2024,0.246568378240976,0.24656837824097635,3.608224830031759e-16
1959-11-30,MKT,FIZ_2024,0.2628368073207929,0.2628368073207933,3.885780586188048e-16
1959-12-31,MKT,FIZ_2024,0.3060498220640566,0.30604982206405695,3.3306690738754696e-16
1960-01-31,MKT,FIZ_2024,-0.1733604473817999,-0.17336044738179787,2.0261570199409107e-15
1960-02-29,MKT,FIZ_2024,0.2409761057447887,0.24097610574478928,5.828670879282072e-16
1960-03-31,MKT,FIZ_2024,0.0986273512963902,0.09862735129639126,1.0547118733938987e-15
1960-04-30,MKT,FIZ_2024,0.0945602440264359,0.09456024402643703,1.1379786002407855e-15
1960-05-31,MKT,FIZ_2024,0.3401118454499237,0.3401118454499236,-5.551115123125783e-17
1960-06-30,MKT,FIZ_2024,0.2872394509405185,0.28723945094051867,1.6653345369377348e-16
1960-07-31,MKT,FIZ_2024,0.0610066090493135,0.06100660904931464,1.1379786002407855e-15
1960-08-31,MKT,FIZ_2024,0.3345195729537364,0.3345195729537366,1.6653345369377348e-16
1960-09-30,MKT,FIZ_2024,-0.1230299949161159,-0.12302999491611424,1.6514567491299204e-15
1960-10-31,MKT,FIZ_2024,0.1453990849008639,0.1453990849008649,9.992007221626409e-16
1960-11-30,MKT,FIZ_2024,0.4199288256227755,0.4199288256227754,-1.1102230246251565e-16
1960-12-31,MKT,FIZ_2024,0.4209456024402642,0.4209456024402639,-2.7755575615628914e-16
1961-01-31,MKT,FIZ_2024,0.4966954753431618,0.4966954753431615,-2.7755575615628914e-16
1961-02-28,MKT,FIZ_2024,0.3629893238434161,0.36298932384341615,5.551115123125783e-17
1961-03-31,MKT,FIZ_2024,0.328418912048805,0.32841891204880524,2.220446049250313e-16
1961-04-30,MKT,FIZ_2024,0.1962379257752922,0.19623792577529275,5.551115123125783e-16
1961-05-31,MKT,FIZ_2024,0.3035078800203352,0.3035078800203356,3.885780586188048e-16
1961-06-30,MKT,FIZ_2024,0.0249110320284695,0.024911032028470836,1.3357370765021415e-15
1961-07-31,MKT,FIZ_2024,0.3253685815963394,0.3253685815963395,1.1102230246251565e-16
1961-08-31,MKT,FIZ_2024,0.312150482968988,0.3121504829689883,2.7755575615628914e-16
1961-09-30,MKT,FIZ_2024,0.0721911540416877,0.07219115404168877,1.0685896612017132e-15
1961-10-31,MKT,FIZ_2024,0.312150482968988,0.3121504829689883,2.7755575615628914e-16
1961-11-30,MKT,FIZ_2024,0.4077275038129129,0.4077275038129127,-2.220446049250313e-16
1961-12-31,MKT,FIZ_2024,0.1723436705643108,0.17234367056431166,8.604228440844963e-16
1962-01-31,MKT,FIZ_2024,-0.0152516522623286,-0.015251652262327164,1.4363510381087963e-15
1962-02-28,MKT,FIZ_2024,0.2735129639044227,0.27351296390442315,4.440892098500626e-16
1962-03-31,MKT,FIZ_2024,0.1469242501270968,0.14692425012709773,9.159339953157541e-16
1962-04-30,MKT,FIZ_2024,-0.1535332994407728,-0.15353329944077096,1.8318679906315083e-15
1962-05-31,MKT,FIZ_2024,-0.2582613116420947,-0.25826131164209243,2.275957200481571e-15
1962-06-30,MKT,FIZ_2024,-0.2491103202846977,-0.2491103202846954,2.3037127760972e-15
1962-07-31,MKT,FIZ_2024,0.5007625826131163,0.5007625826131157,-6.661338147750939e-16
1962-08-31,MKT,FIZ_2024,0.2897813929842396,0.28978139298424005,4.440892098500626e-16
1962-09-30,MKT,FIZ_2024,-0.0838840874428064,-0.08388408744280476,1.6375789613221059e-15
1962-10-31,MKT,FIZ_2024,0.1789527198779865,0.17895271987798728,7.771561172376096e-16
1962-11-30,MKT,FIZ_2024,0.734112862226741,0.7341128622267395,-1.4432899320127035e-15
1962-12-31,MKT,FIZ_2024,0.2328418912048804,0.23284189120488083,4.163336342344337e-16
1963-01-31,MKT,FIZ_2024,0.4321301474326382,0.432130147432638,-2.220446049250313e-16
1963-02-28,MKT,FIZ_2024,0.0604982206405693,0.060498220640570366,1.0685896612017132e-15
1963-03-31,MKT,FIZ_2024,0.3380782918149465,0.33807829181494653,5.551115123125783e-17
1963-04-30,MKT,FIZ_2024,0.4107778342653787,0.41077783426537834,-3.885780586188048e-16
1963-05-31,MKT,FIZ_2024,0.2709710218607015,0.2709710218607017,2.220446049250313e-16
1963-06-30,MKT,FIZ_2024,0.0798169801728518,0.07981698017285295,1.1518563880486e-15
1963-07-31,MKT,FIZ_2024,0.1616675139806811,0.16166751398068183,7.216449660063518e-16
1963-08-31,MKT,FIZ_2024,0.4392475851550583,0.439247585155058,-2.7755575615628914e-16
1963-09-30,MKT,FIZ_2024,0.1016776817488558,0.10167768174885693,1.124100812432971e-15
1963-10-31,MKT,FIZ_2024,0.3101169293340111,0.31011692933401114,5.551115123125783e-17
1963-11-30,MKT,FIZ_2024,0.138281647178444,0.138281647178445,9.992007221626409e-16
1963-12-31,MKT,FIZ_2024,0.2745297407219114,0.27452974072191166,2.7755575615628914e-16
1964-01-31,MKT,FIZ_2024,0.2953736654804269,0.2953736654804271,2.220446049250313e-16
1964-02-29,MKT,FIZ_2024,0.2597864768683271,0.2597864768683276,4.996003610813204e-16
1964-03-31,MKT,FIZ_2024,0.2531774275546516,0.253177427554652,3.885780586188048e-16
1964-04-30,MKT,FIZ_2024,0.1865785460091509,0.18657854600915147,5.828670879282072e-16
1964-05-31,MKT,FIZ_2024,0.2536858159633957,0.25368581596339623,5.551115123125783e-16
1964-06-30,MKT,FIZ_2024,0.2460599898322315,0.2460599898322321,5.828670879282072e-16
1964-07-31,MKT,FIZ_2024,0.2699542450432126,0.2699542450432132,6.106226635438361e-16
1964-08-31,MKT,FIZ_2024,0.1082867310625315,0.10828673106253256,1.0547118733938987e-15
1964-09-30,MKT,FIZ_2024,0.3182511438739195,0.3182511438739196,1.1102230246251565e-16
1964-10-31,MKT,FIZ_2024,0.2114895780376204,0.2114895780376211,7.216449660063518e-16
1964-11-30,MKT,FIZ_2024,0.1814946619217079,0.18149466192170868,7.771561172376096e-16
1964-12-31,MKT,FIZ_2024,0.1830198271479408,0.18301982714794152,7.216449660063518e-16
1965-01-31,MKT,FIZ_2024,0.3614641586171834,0.36146415861718334,-5.551115123125783e-17
1965-02-28,MKT,FIZ_2024,0.2038637519064563,0.20386375190645695,6.38378239159465e-16
1965-03-31,MKT,FIZ_2024,0.1133706151499744,0.11337061514997533,9.298117831235686e-16
1965-04-30,MKT,FIZ_2024,0.3396034570411792,0.33960345704117934,1.1102230246251565e-16
1965-05-31,MKT,FIZ_2024,0.1423487544483983,0.14234875444839923,9.159339953157541e-16
1965-06-30,MKT,FIZ_2024,-0.0986273512963906,-0.09862735129638886,1.734723475976807e-15
1965-07-31,MKT,FIZ_2024,0.2541942043721401,0.2541942043721405,4.440892098500626e-16
1965-08-31,MKT,FIZ_2024,0.3202846975088966,0.32028469750889677,1.6653345369377348e-16
1965-09-30,MKT,FIZ_2024,0.3268937468225723,0.3268937468225724,1.1102230246251565e-16
1965-10-31,MKT,FIZ_2024,0.313675648195221,0.31367564819522115,1.6653345369377348e-16
1965-11-30,MKT,FIZ_2024,0.179969496695475,0.17996949669547585,8.604228440844963e-16
1965-12-31,MKT,FIZ_2024,0.2328418912048804,0.23284189120488083,4.163336342344337e-16
1966-01-31,MKT,FIZ_2024,0.2180986273512961,0.21809862735129676,6.661338147750939e-16
1966-02-28,MKT,FIZ_2024,0.1199796644636499,0.11997966446365096,1.0685896612017132e-15
1966-03-31,MKT,FIZ_2024,0.0538891713268934,0.05388917132689475,1.3461454173580023e-15
1966-04-30,MKT,FIZ_2024,0.2902897813929841,0.29028978139298434,2.220446049250313e-16
1966-05-31,MKT,FIZ_2024,-0.1062531774275548,-0.10625317742755305,1.7486012637846216e-15
1966-06-30,MKT,FIZ_2024,0.1082867310625315,0.10828673106253256,1.0547118733938987e-15
1966-07-31,MKT,FIZ_2024,0.0986273512963902,0.09862735129639126,1.0547118733938987e-15
1966-08-31,MKT,FIZ_2024,-0.2206405693950179,-0.22064056939501572,2.1649348980190553e-15
1966-09-30,MKT,FIZ_2024,0.1276054905948143,0.12760549059481513,8.326672684688674e-16
1966-10-31,MKT,FIZ_2024,0.3777325876970003,0.37773258769700024,-5.551115123125783e-17
1966-11-30,MKT,FIZ_2024,0.2526690391459072,0.25266903914590766,4.440892098500626e-16
1966-12-31,MKT,FIZ_2024,0.1881037112353836,0.1881037112353843,6.938893903907228e-16
1967-01-31,MKT,FIZ_2024,0.5958312150482967,0.5958312150482958,-8.881784197001252e-16
1967-02-28,MKT,FIZ_2024,0.2211489578037619,0.22114895780376242,5.273559366969494e-16
1967-03-31,MKT,FIZ_2024,0.3843416370106758,0.3843416370106759,1.1102230246251565e-16
1967-04-30,MKT,FIZ_2024,0.3792577529232332,0.3792577529232331,-1.1102230246251565e-16
1967-05-31,MKT,FIZ_2024,-0.0386375190645655,-0.038637519064563974,1.5265566588595902e-15
1967-06-30,MKT,FIZ_2024,0.3040162684290797,0.30401626842907986,1.6653345369377348e-16
1967-07-31,MKT,FIZ_2024,0.4143365531265885,0.41433655312658835,-1.6653345369377348e-16
1967-08-31,MKT,FIZ_2024,0.1362480935434669,0.1362480935434679,9.992007221626409e-16
1967-09-30,MKT,FIZ_2024,0.3396034570411792,0.33960345704117934,1.1102230246251565e-16
1967-10-31,MKT,FIZ_2024,0.0244026436197253,0.024402643619726577,1.27675647831893e-15
1967-11-30,MKT,FIZ_2024,0.2003050330452465,0.200305033045247,4.996003610813204e-16
1967-12-31,MKT,FIZ_2024,0.3365531265887136,0.33655312658871367,5.551115123125783e-17
1968-01-31,MKT,FIZ_2024,-0.0249110320284698,-0.02491103202846842,1.3773704399255848e-15
1968-02-29,MKT,FIZ_2024,-0.0091509913573971,-0.009150991357395805,1.2958384365546749e-15
1968-03-31,MKT,FIZ_2024,0.1916624300965936,0.19166243009659426,6.661338147750939e-16
1968-04-30,MKT,FIZ_2024,0.641586171835282,0.6415861718352809,-1.1102230246251565e-15
1968-05-31,MKT,FIZ_2024,0.297407219115404,0.29740721911540424,2.220446049250313e-16
1968-06-30,MKT,FIZ_2024,0.2165734621250634,0.2165734621250639,4.996003610813204e-16
1968-07-31,MKT,FIZ_2024,0.0432130147432636,0.04321301474326489,1.2906342661267445e-15
1968-08-31,MKT,FIZ_2024,0.2496187086934416,0.24961870869344205,4.440892098500626e-16
1968-09-30,MKT,FIZ_2024,0.3863751906456532,0.386375190645653,-1.6653345369377348e-16
1968-10-31,MKT,FIZ_2024,0.2028469750889678,0.20284697508896837,5.828670879282072e-16
1968-11-30,MKT,FIZ_2024,0.4575495678698522,0.457549567869852,-1.6653345369377348e-16
1968-12-31,MKT,FIZ_2024,-0.0188103711235385,-0.018810371123537117,1.384309333829492e-15
1969-01-31,MKT,FIZ_2024,0.117946110828673,0.11794611082867384,8.465450562766819e-16
1969-02-28,MKT,FIZ_2024,-0.1154041687849518,-0.11540416878495005,1.7486012637846216e-15
1969-03-31,MKT,FIZ_2024,0.3157092018301981,0.31570920183019824,1.1102230246251565e-16
1969-04-30,MKT,FIZ_2024,0.255719369598373,0.2557193695983734,3.885780586188048e-16
1969-05-31,MKT,FIZ_2024,0.1764107778342651,0.1764107778342659,8.049116928532385e-16
1969-06-30,MKT,FIZ_2024,-0.1835282155566854,-0.1835282155566834,1.9984014443252818e-15
1969-07-31,MKT,FIZ_2024,-0.1743772241992883,-0.1743772241992864,1.915134717478395e-15
1969-08-31,MKT,FIZ_2024,0.4194204372140313,0.4194204372140311,-2.220446049250313e-16
1969-09-30,MKT,FIZ_2024,0.0299949161159123,0.02999491611591365,1.349614864309956e-15
1969-10-31,MKT,FIZ_2024,0.4387391967463139,0.4387391967463137,-2.220446049250313e-16
1969-11-30,MKT,FIZ_2024,-0.0111845449923743,-0.011184544992372925,1.375635716449608e-15
1969-12-31,MKT,FIZ_2024,0.0477885104219621,0.04778851042196339,1.2836953722228372e-15
1970-01-31,MKT,FIZ_2024,-0.2302999491611592,-0.230299949161157,2.192690473634684e-15
1970-02-28,MKT,FIZ_2024,0.4422979156075239,0.44229791560752363,-2.7755575615628914e-16
1970-03-31,MKT,FIZ_2024,0.1276054905948143,0.12760549059481513,8.326672684688674e-16
1970-04-30,MKT,FIZ_2024,-0.3777325876970007,-0.3777325876969978,2.886579864025407e-15
1970-05-31,MKT,FIZ_2024,-0.170310116929334,-0.17031011692933215,1.8596235662471372e-15
1970-06-30,MKT,FIZ_2024,-0.1128622267412303,-0.11286222674122867,1.6237011735142914e-15
1970-07-31,MKT,FIZ_2024,0.5338078291814945,0.5338078291814938,-6.661338147750939e-16
1970-08-31,MKT,FIZ_2024,0.4097610574478898,0.4097610574478898,0.0
1970-09-30,MKT,FIZ_2024,0.3940010167768173,0.39400101677681715,-1.6653345369377348e-16
1970-10-31,MKT,FIZ_2024,0.065582104728012,0.06558210472801315,1.1518563880486e-15
1970-11-30,MKT,FIZ_2024,0.415353329944077,0.4153533299440768,-1.6653345369377348e-16
1970-12-31,MKT,FIZ_2024,0.4722928317234365,0.47229283172343606,-4.440892098500626e-16
1971-01-31,MKT,FIZ_2024,0.4275546517539397,0.4275546517539396,-1.1102230246251565e-16
1971-02-28,MKT,FIZ_2024,0.2531774275546516,0.253177427554652,3.885780586188048e-16
1971-03-31,MKT,FIZ_2024,0.3914590747330959,0.39145907473309577,-1.1102230246251565e-16
1971-04-30,MKT,FIZ_2024,0.3416370106761563,0.3416370106761565,1.6653345369377348e-16
1971-05-31,MKT,FIZ_2024,-0.0208439247585157,-0.020843924758514237,1.4641066137244252e-15
1971-06-30,MKT,FIZ_2024,0.1764107778342651,0.1764107778342659,8.049116928532385e-16
1971-07-31,MKT,FIZ_2024,-0.0472801220132182,-0.04728012201321671,1.4849232954361469e-15
1971-08-31,MKT,FIZ_2024,0.3741738688357903,0.3741738688357903,0.0
1971-09-30,MKT,FIZ_2024,0.138281647178444,0.138281647178445,9.992007221626409e-16
1971-10-31,MKT,FIZ_2024,-0.0432130147432638,-0.04321301474326247,1.3253287356462806e-15
1971-11-30,MKT,FIZ_2024,0.158108795119471,0.15810879511947187,8.604228440844963e-16
1971-12-31,MKT,FIZ_2024,0.6243009659379763,0.6243009659379755,-8.881784197001252e-16
1972-01-31,MKT,FIZ_2024,0.3080833756990337,0.3080833756990341,3.885780586188048e-16
1972-02-29,MKT,FIZ_2024,0.3274021352313165,0.32740213523131667,1.6653345369377348e-16
1972-03-31,MKT,FIZ_2024,0.2135231316725976,0.21352313167259823,6.38378239159465e-16
1972-04-30,MKT,FIZ_2024,0.1962379257752922,0.19623792577529275,5.551115123125783e-16
1972-05-31,MKT,FIZ_2024,0.245043213014743,0.24504321301474352,5.273559366969494e-16
1972-06-30,MKT,FIZ_2024,0.0579562785968479,0.05795627859684896,1.061650767297806e-15
1972-07-31,MKT,FIZ_2024,0.1408235892221654,0.1408235892221664,9.992007221626409e-16
1972-08-31,MKT,FIZ_2024,0.3472292831723436,0.34722928317234353,-5.551115123125783e-17
1972-09-30,MKT,FIZ_2024,0.12353838332486,0.12353838332486092,9.159339953157541e-16
1972-10-31,MKT,FIZ_2024,0.2079308591764106,0.2079308591764112,5.828670879282072e-16
1972-11-30,MKT,FIZ_2024,0.415353329944077,0.4153533299440768,-1.6653345369377348e-16
1972-12-31,MKT,FIZ_2024,0.2130147432638534,0.21301474326385395,5.551115123125783e-16
1973-01-31,MKT,FIZ_2024,0.0142348754448398,0.014234875444841005,1.205632815803881e-15
1973-02-28,MKT,FIZ_2024,-0.0650737163192679,-0.06507371631926645,1.4432899320127035e-15
1973-03-31,MKT,FIZ_2024,0.1154041687849514,0.11540416878495245,1.0547118733938987e-15
1973-04-30,MKT,FIZ_2024,-0.1072699542450433,-0.10726995424504157,1.734723475976807e-15
1973-05-31,MKT,FIZ_2024,0.0320284697508894,0.03202846975089077,1.366962099069724e-15
1973-06-30,MKT,FIZ_2024,0.1016776817488558,0.10167768174885693,1.124100812432971e-15
1973-07-31,MKT,FIZ_2024,0.4382308083375696,0.43823080833756944,-1.6653345369377348e-16
1973-08-31,MKT,FIZ_2024,-0.0127097102186072,-0.012709710218605758,1.4432899320127035e-15
1973-09-30,MKT,FIZ_2024,0.4229791560752414,0.42297915607524106,-3.3306690738754696e-16
1973-10-31,MKT,FIZ_2024,0.1392984239959327,0.13929842399593356,8.604228440844963e-16
1973-11-30,MKT,FIZ_2024,-0.4667005592272497,-0.4667005592272466,3.0531133177191805e-15
1973-12-31,MKT,FIZ_2024,0.2125063548551091,0.21250635485510969,5.828670879282072e-16
1974-01-31,MKT,FIZ_2024,0.1728520589730551,0.17285205897305594,8.326672684688674e-16
1974-02-28,MKT,FIZ_2024,0.1576004067107268,0.1576004067107276,7.771561172376096e-16
1974-03-31,MKT,FIZ_2024,0.0386375190645651,0.03863751906456636,1.2628786905111156e-15
1974-04-30,MKT,FIZ_2024,-0.0874428063040163,-0.08744280630401471,1.582067810090848e-15
1974-05-31,MKT,FIZ_2024,-0.0564311133706153,-0.05643111337061371,1.5890067039947553e-15
1974-06-30,MKT,FIZ_2024,0.0376207422470764,0.037620742247077815,1.4155343563970746e-15
1974-07-31,MKT,FIZ_2024,-0.2277580071174378,-0.22775800711743568,2.1094237467877974e-15
1974-08-31,MKT,FIZ_2024,-0.2938485002541943,-0.29384850025419185,2.4424906541753444e-15
1974-09-30,MKT,FIZ_2024,-0.4168784951703101,-0.4168784951703073,2.831068712794149e-15
1974-10-31,MKT,FIZ_2024,1.0,0.9999999999999974,-2.55351295663786e-15
1974-11-30,MKT,FIZ_2024,-0.0477885104219626,-0.04778851042196097,1.6306400674181987e-15
1974-12-31,MKT,FIZ_2024,0.0061006609049312,0.0061006609049325256,1.3253287356462806e-15
1975-01-31,MKT,FIZ_2024,0.8759532282663953,0.8759532282663933,-1.9984014443252818e-15
1975-02-28,MKT,FIZ_2024,0.4641586171835279,0.4641586171835276,-3.3306690738754696e-16
1975-03-31,MKT,FIZ_2024,0.3167259786476866,0.3167259786476868,2.220446049250313e-16
1975-04-30,MKT,FIZ_2024,0.3965429588205387,0.3965429588205386,-1.1102230246251565e-16
1975-05-31,MKT,FIZ_2024,0.4453482460599898,0.44534824605998935,-4.440892098500626e-16
1975-06-30,MKT,FIZ_2024,0.4270462633451957,0.42704626334519524,-4.440892098500626e-16
1975-07-31,MKT,FIZ_2024,-0.1535332994407728,-0.15353329944077096,1.8318679906315083e-15
1975-08-31,MKT,FIZ_2024,0.0366039654295879,0.03660396542958927,1.366962099069724e-15
1975-09-30,MKT,FIZ_2024,-0.0350788002033556,-0.03507880020335402,1.582067810090848e-15
1975-10-31,MKT,FIZ_2024,0.451448906964921,0.4514489069649207,-3.3306690738754696e-16
1975-11-30,MKT,FIZ_2024,0.3157092018301981,0.31570920183019824,1.1102230246251565e-16
1975-12-31,MKT,FIZ_2024,0.1001525165226231,0.1001525165226241,9.992007221626409e-16
1976-01-31,MKT,FIZ_2024,0.7996949669547533,0.7996949669547516,-1.6653345369377348e-15
1976-02-29,MKT,FIZ_2024,0.1977630910015249,0.19776309100152561,7.216449660063518e-16
1976-03-31,MKT,FIZ_2024,0.2994407727503811,0.29944077275038133,2.220446049250313e-16
1976-04-30,MKT,FIZ_2024,0.1057447890188103,0.10574478901881117,8.604228440844963e-16
1976-05-31,MKT,FIZ_2024,0.1133706151499744,0.11337061514997533,9.298117831235686e-16
1976-06-30,MKT,FIZ_2024,0.3873919674631416,0.38739196746314153,-5.551115123125783e-17
1976-07-31,MKT,FIZ_2024,0.12709710218607,0.12709710218607087,8.604228440844963e-16
1976-08-31,MKT,FIZ_2024,0.1530249110320283,0.1530249110320291,7.771561172376096e-16
1976-09-30,MKT,FIZ_2024,0.286731062531774,0.2867310625317744,3.885780586188048e-16
1976-10-31,MKT,FIZ_2024,0.0584646670055921,0.058464667005593246,1.1449174941446927e-15
1976-11-30,MKT,FIZ_2024,0.199796644636502,0.1997966446365027,6.938893903907228e-16
1976-12-31,MKT,FIZ_2024,0.4687341128622266,0.4687341128622261,-4.996003610813204e-16
1977-01-31,MKT,FIZ_2024,-0.0244026436197256,-0.024402643619724163,1.4363510381087963e-15
1977-02-28,MKT,FIZ_2024,0.0828673106253174,0.08286731062531863,1.2351231148954867e-15
1977-03-31,MKT,FIZ_2024,0.1118454499237415,0.1118454499237425,9.992007221626409e-16
1977-04-30,MKT,FIZ_2024,0.189120488052872,0.18912048805287288,8.881784197001252e-16
1977-05-31,MKT,FIZ_2024,0.1077783426537872,0.10777834265378827,1.0685896612017132e-15
1977-06-30,MKT,FIZ_2024,0.4209456024402642,0.4209456024402639,-2.7755575615628914e-16
1977-07-31,MKT,FIZ_2024,0.0955770208439246,0.0955770208439256,9.992007221626409e-16
1977-08-31,MKT,FIZ_2024,0.092526690391459,0.09252669039145991,9.159339953157541e-16
1977-09-30,MKT,FIZ_2024,0.1677681748856123,0.16776817488561316,8.604228440844963e-16
1977-10-31,MKT,FIZ_2024,-0.0411794611082868,-0.04117946110828535,1.4432899320127035e-15
1977-11-30,MKT,FIZ_2024,0.3848500254194202,0.38485002541942015,-5.551115123125783e-17
1977-12-31,MKT,FIZ_2024,0.1952211489578035,0.1952211489578042,7.216449660063518e-16
1978-01-31,MKT,FIZ_2024,-0.1240467717336046,-0.12404677173360276,1.8318679906315083e-15
1978-02-28,MKT,FIZ_2024,0.1113370615149973,0.11133706151499824,9.43689570931383e-16
1978-03-31,MKT,FIZ_2024,0.3263853584138281,0.3263853584138281,0.0
1978-04-30,MKT,FIZ_2024,0.5821047280122011,0.5821047280122003,-8.881784197001252e-16
1978-05-31,MKT,FIZ_2024,0.2709710218607015,0.2709710218607017,2.220446049250313e-16
1978-06-30,MKT,FIZ_2024,0.0955770208439246,0.0955770208439256,9.992007221626409e-16
1978-07-31,MKT,FIZ_2024,0.4412811387900353,0.44128113879003505,-2.220446049250313e-16
1978-08-31,MKT,FIZ_2024,0.3721403152008131,0.37214031520081314,5.551115123125783e-17
1978-09-30,MKT,FIZ_2024,0.1087951194712759,0.10879511947127683,9.298117831235686e-16
1978-10-31,MKT,FIZ_2024,-0.4239959328927302,-0.4239959328927272,2.9976021664879227e-15
1978-11-30,MKT,FIZ_2024,0.3192679206914082,0.3192679206914082,0.0
1978-12-31,MKT,FIZ_2024,0.2262328418912047,0.2262328418912052,4.996003610813204e-16
1979-01-31,MKT,FIZ_2024,0.3965429588205387,0.3965429588205386,-1.1102230246251565e-16
1979-02-28,MKT,FIZ_2024,0.0005083884087442,0.0005083884087454804,1.2804427657053807e-15
1979-03-31,MKT,FIZ_2024,0.4702592780884593,0.4702592780884589,-3.885780586188048e-16
1979-04-30,MKT,FIZ_2024,0.1784443314692423,0.17844433146924302,7.216449660063518e-16
1979-05-31,MKT,FIZ_2024,0.0691408235892219,0.0691408235892231,1.2073675392798577e-15
1979-06-30,MKT,FIZ_2024,0.3772241992882561,0.377224199288256,-1.1102230246251565e-16
1979-07-31,MKT,FIZ_2024,0.2231825114387391,0.22318251143873952,4.163336342344337e-16
1979-08-31,MKT,FIZ_2024,0.4626334519572952,0.4626334519572948,-4.440892098500626e-16
1979-09-30,MKT,FIZ_2024,0.1398068124046769,0.13980681240467785,9.43689570931383e-16
1979-10-31,MKT,FIZ_2024,-0.2302999491611592,-0.230299949161157,2.192690473634684e-15
1979-11-30,MKT,FIZ_2024,0.4463650228774782,0.4463650228774778,-3.885780586188048e-16
1979-12-31,MKT,FIZ_2024,0.2724961870869342,0.27249618708693457,3.885780586188048e-16
1980-01-31,MKT,FIZ_2024,0.4616166751398067,0.4616166751398062,-4.996003610813204e-16
1980-02-29,MKT,FIZ_2024,0.1194712760549059,0.11947127605490668,7.771561172376096e-16
1980-03-31,MKT,FIZ_2024,-0.474326385358414,-0.47432638535841076,3.219646771412954e-15
1980-04-30,MKT,FIZ_2024,0.3833248601931873,0.38332486019318734,5.551115123125783e-17
1980-05-31,MKT,FIZ_2024,0.4489069649211996,0.4489069649211993,-2.7755575615628914e-16
1980-06-30,MKT,FIZ_2024,0.3370615149974578,0.33706151499745796,1.6653345369377348e-16
1980-07-31,MKT,FIZ_2024,0.5114387391967461,0.5114387391967455,-5.551115123125783e-16
1980-08-31,MKT,FIZ_2024,0.2730045754956784,0.27300457549567886,4.440892098500626e-16
1980-09-30,MKT,FIZ_2024,0.2928317234367055,0.2928317234367057,2.220446049250313e-16
1980-10-31,MKT,FIZ_2024,0.2353838332486015,0.23538383324860224,7.494005416219807e-16
1980-11-30,MKT,FIZ_2024,0.6690391459074732,0.6690391459074719,-1.2212453270876722e-15
1980-12-31,MKT,FIZ_2024,-0.0482968988307067,-0.04829689883070526,1.4432899320127035e-15
1981-01-31,MKT,FIZ_2024,-0.0747330960854093,-0.07473309608540776,1.5404344466674047e-15
1981-02-28,MKT,FIZ_2024,0.210472801220132,0.21047280122013257,5.551115123125783e-16
1981-03-31,MKT,FIZ_2024,0.3624809354346718,0.36248093543467186,5.551115123125783e-17
1981-04-30,MKT,FIZ_2024,0.0742247076766648,0.07422470767666589,1.096345236817342e-15
1981-05-31,MKT,FIZ_2024,0.1870869344178951,0.18708693441789576,6.661338147750939e-16
1981-06-30,MKT,FIZ_2024,0.0615149974580577,0.061514997458058926,1.2281842209915794e-15
1981-07-31,MKT,FIZ_2024,0.1032028469750887,0.10320284697508976,1.0547118733938987e-15
1981-08-31,MKT,FIZ_2024,-0.1764107778342655,-0.17641077783426348,2.0261570199409107e-15
1981-09-30,MKT,FIZ_2024,-0.183019827147941,-0.1830198271479391,1.887379141862766e-15
1981-10-31,MKT,FIZ_2024,0.431621759023894,0.43162175902389377,-2.220446049250313e-16
1981-11-30,MKT,FIZ_2024,0.3523131672597863,0.35231316725978634,5.551115123125783e-17
1981-12-31,MKT,FIZ_2024,-0.0040671072699542,-0.004067107269953019,1.1813466871402056e-15
1982-01-31,MKT,FIZ_2024,0.0167768174885611,0.016776817488562384,1.2836953722228372e-15
1982-02-28,MKT,FIZ_2024,-0.1164209456024404,-0.11642094560243862,1.7763568394002505e-15
1982-03-31,MKT,FIZ_2024,0.0864260294865275,0.08642602948652857,1.0685896612017132e-15
1982-04-30,MKT,FIZ_2024,0.3477376715810878,0.3477376715810878,0.0
1982-05-31,MKT,FIZ_2024,-0.0213523131672598,-0.021352313167258524,1.27675647831893e-15
1982-06-30,MKT,FIZ_2024,0.0244026436197253,0.024402643619726577,1.27675647831893e-15
1982-07-31,MKT,FIZ_2024,0.0193187595322823,0.01931875953228379,1.4918621893400541e-15
1982-08-31,MKT,FIZ_2024,0.7478393492628364,0.7478393492628351,-1.2212453270876722e-15
1982-09-30,MKT,FIZ_2024,0.2470767666497202,0.2470767666497206,4.163336342344337e-16
1982-10-31,MKT,FIZ_2024,0.7559735638027452,0.7559735638027436,-1.5543122344752192e-15
1982-11-30,MKT,FIZ_2024,0.4189120488052869,0.4189120488052868,-5.551115123125783e-17
1982-12-31,MKT,FIZ_2024,0.2094560244026435,0.20945602440264402,5.273559366969494e-16
1983-01-31,MKT,FIZ_2024,0.364514489069649,0.364514489069649,0.0
1983-02-28,MKT,FIZ_2024,0.3131672597864767,0.31316725978647686,1.6653345369377348e-16
1983-03-31,MKT,FIZ_2024,0.3248601931875952,0.3248601931875953,1.1102230246251565e-16
1983-04-30,MKT,FIZ_2024,0.5205897305541431,0.5205897305541426,-5.551115123125783e-16
1983-05-31,MKT,FIZ_2024,0.2079308591764106,0.2079308591764112,5.828670879282072e-16
1983-06-30,MKT,FIZ_2024,0.3375699034062021,0.3375699034062022,1.1102230246251565e-16
1983-07-31,MKT,FIZ_2024,-0.0254194204372142,-0.025419420437212736,1.4641066137244252e-15
1983-08-31,MKT,FIZ_2024,0.1560752414844939,0.15607524148449475,8.604228440844963e-16
1983-09-30,MKT,FIZ_2024,0.2277580071174374,0.22775800711743804,6.38378239159465e-16
1983-10-31,MKT,FIZ_2024,0.0066090493136754,0.0066090493136768125,1.412064909445121e-15
1983-11-30,MKT,FIZ_2024,0.2913065582104726,0.2913065582104729,3.3306690738754696e-16
1983-12-31,MKT,FIZ_2024,0.091001525165226,0.09100152516522708,1.0824674490095276e-15
1984-01-31,MKT,FIZ_2024,0.0838840874428061,0.08388408744280719,1.096345236817342e-15
1984-02-29,MKT,FIZ_2024,-0.0635485510930352,-0.06354855109303365,1.5543122344752192e-15
1984-03-31,MKT,FIZ_2024,0.2135231316725976,0.21352313167259823,6.38378239159465e-16
1984-04-30,MKT,FIZ_2024,0.1555668530757497,0.15556685307575047,7.771561172376096e-16
1984-05-31,MKT,FIZ_2024,-0.1220132180986274,-0.12201321809862567,1.734723475976807e-15
1984-06-30,MKT,FIZ_2024,0.2740213523131671,0.2740213523131674,2.7755575615628914e-16
1984-07-31,MKT,FIZ_2024,0.0421962379257752,0.042196237925776314,1.1171619185290638e-15
1984-08-31,MKT,FIZ_2024,0.7041179461108282,0.7041179461108271,-1.1102230246251565e-15
1984-09-30,MKT,FIZ_2024,0.1408235892221654,0.1408235892221664,9.992007221626409e-16
1984-10-31,MKT,FIZ_2024,0.1387900355871885,0.13879003558718928,7.771561172376096e-16
1984-11-30,MKT,FIZ_2024,0.0920183019827145,0.09201830198271564,1.1379786002407855e-15
1984-12-31,MKT,FIZ_2024,0.2750381291306556,0.27503812913065595,3.3306690738754696e-16
1985-01-31,MKT,FIZ_2024,0.5876970005083881,0.5876970005083874,-7.771561172376096e-16
1985-02-28,MKT,FIZ_2024,0.2435180477885101,0.2435180477885107,5.828670879282072e-16
1985-03-31,MKT,FIZ_2024,0.1387900355871885,0.13879003558718928,7.771561172376096e-16
1985-04-30,MKT,FIZ_2024,0.132689374682257,0.13268937468225794,9.43689570931383e-16
1985-05-31,MKT,FIZ_2024,0.4402643619725468,0.4402643619725465,-3.3306690738754696e-16
1985-06-30,MKT,FIZ_2024,0.2460599898322315,0.2460599898322321,5.828670879282072e-16
1985-07-31,MKT,FIZ_2024,0.1438739196746312,0.14387391967463206,8.604228440844963e-16
1985-08-31,MKT,FIZ_2024,0.1296390442297914,0.12963904422979225,8.604228440844963e-16
1985-09-30,MKT,FIZ_2024,-0.0493136756481953,-0.04931367564819383,1.4641066137244252e-15
1985-10-31,MKT,FIZ_2024,0.3858668022369087,0.3858668022369087,0.0
1985-11-30,MKT,FIZ_2024,0.5109303507880019,0.5109303507880013,-5.551115123125783e-16
1985-12-31,MKT,FIZ_2024,0.3787493645144888,0.3787493645144888,0.0
1986-01-31,MKT,FIZ_2024,0.214539908490086,0.2145399084900868,8.049116928532385e-16
1986-02-28,MKT,FIZ_2024,0.54397559735638,0.5439755973563793,-6.661338147750939e-16
1986-03-31,MKT,FIZ_2024,0.4295882053889168,0.4295882053889167,-1.1102230246251565e-16
1986-04-30,MKT,FIZ_2024,0.1148957803762074,0.11489578037620818,7.771561172376096e-16
1986-05-31,MKT,FIZ_2024,0.4163701067615657,0.41637010676156544,-2.7755575615628914e-16
1986-06-30,MKT,FIZ_2024,0.2338586680223688,0.23385866802236938,5.828670879282072e-16
1986-07-31,MKT,FIZ_2024,-0.1464158617183529,-0.14641586171835105,1.8596235662471372e-15
1986-08-31,MKT,FIZ_2024,0.4900864260294864,0.4900864260294858,-5.551115123125783e-16
1986-09-30,MKT,FIZ_2024,-0.2557193695983732,-0.25571936959837094,2.275957200481571e-15
1986-10-31,MKT,FIZ_2024,0.4184036603965428,0.41840366039654253,-2.7755575615628914e-16
1986-11-30,MKT,FIZ_2024,0.2409761057447887,0.24097610574478928,5.828670879282072e-16
1986-12-31,MKT,FIZ_2024,0.0152516522623282,0.015251652262329551,1.3513495877859327e-15
1987-01-31,MKT,FIZ_2024,0.815455007625826,0.8154550076258242,-1.7763568394002505e-15
1987-02-28,MKT,FIZ_2024,0.4046771733604473,0.404677173360447,-2.7755575615628914e-16
1987-03-31,MKT,FIZ_2024,0.2648703609557701,0.2648703609557704,2.7755575615628914e-16
1987-04-30,MKT,FIZ_2024,0.0742247076766648,0.07422470767666589,1.096345236817342e-15
1987-05-31,MKT,FIZ_2024,0.1870869344178951,0.18708693441789576,6.661338147750939e-16
1987-06-30,MKT,FIZ_2024,0.3817996949669546,0.3817996949669545,-1.1102230246251565e-16
1987-07-31,MKT,FIZ_2024,0.3772241992882561,0.377224199288256,-1.1102230246251565e-16
1987-08-31,MKT,FIZ_2024,0.3604473817996947,0.36044738179969477,5.551115123125783e-17
1987-09-30,MKT,FIZ_2024,0.0498220640569393,0.04982206405694051,1.2073675392798577e-15
1987-10-31,MKT,FIZ_2024,-1.0,-0.9999999999999948,5.218048215738236e-15
1987-11-30,MKT,FIZ_2024,-0.2135231316725979,-0.21352313167259582,2.0816681711721685e-15
1987-12-31,MKT,FIZ_2024,0.527707168276563,0.5277071682765624,-6.661338147750939e-16
1988-01-31,MKT,FIZ_2024,0.3955261820030502,0.39552618200305,-1.6653345369377348e-16
1988-02-29,MKT,FIZ_2024,0.4229791560752414,0.42297915607524106,-3.3306690738754696e-16
1988-03-31,MKT,FIZ_2024,0.0660904931367563,0.06609049313675742,1.124100812432971e-15
1988-04-30,MKT,FIZ_2024,0.2099644128113875,0.20996441281138828,7.771561172376096e-16
1988-05-31,MKT,FIZ_2024,0.1667513980681239,0.1667513980681246,7.216449660063518e-16
1988-06-30,MKT,FIZ_2024,0.4250127097102183,0.4250127097102182,-1.1102230246251565e-16
1988-07-31,MKT,FIZ_2024,0.117946110828673,0.11794611082867384,8.465450562766819e-16
1988-08-31,MKT,FIZ_2024,0.0132180986273511,0.013218098627352431,1.3322676295501878e-15
1988-09-30,MKT,FIZ_2024,0.3492628368073207,0.3492628368073206,-5.551115123125783e-17
1988-10-31,MKT,FIZ_2024,0.2399593289273001,0.2399593289273007,6.106226635438361e-16
1988-11-30,MKT,FIZ_2024,0.0650737163192678,0.06507371631926887,1.0685896612017132e-15
1988-12-31,MKT,FIZ_2024,0.2572445348246057,0.2572445348246062,4.996003610813204e-16
1989-01-31,MKT,FIZ_2024,0.491611591255719,0.4916115912557186,-3.885780586188048e-16
1989-02-28,MKT,FIZ_2024,0.0671072699542447,0.06710726995424598,1.2906342661267445e-15
1989-03-31,MKT,FIZ_2024,0.26131164209456,0.2613116420945604,4.440892098500626e-16
1989-04-30,MKT,FIZ_2024,0.4016268429079817,0.40162684290798134,-3.3306690738754696e-16
1989-05-31,MKT,FIZ_2024,0.3518047788510421,0.35180477885104205,-5.551115123125783e-17
1989-06-30,MKT,FIZ_2024,0.11286222674123,0.11286222674123106,1.0547118733938987e-15
1989-07-31,MKT,FIZ_2024,0.5475343162175901,0.5475343162175893,-7.771561172376096e-16
1989-08-31,MKT,FIZ_2024,0.2547025927808843,0.2547025927808848,4.996003610813204e-16
1989-09-30,MKT,FIZ_2024,0.1428571428571425,0.14285714285714352,1.0269562977782698e-15
1989-10-31,MKT,FIZ_2024,-0.0050838840874428,-0.0050838840874415925,1.2073675392798577e-15
1989-11-30,MKT,FIZ_2024,0.2338586680223688,0.23385866802236938,5.828670879282072e-16
1989-12-31,MKT,FIZ_2024,0.2404677173360445,0.240467717336045,4.996003610813204e-16
1990-01-31,MKT,FIZ_2024,-0.2175902389425522,-0.21759023894255006,2.1371793224034263e-15
1990-02-28,MKT,FIZ_2024,0.2379257752923231,0.23792577529232362,5.273559366969494e-16
1990-03-31,MKT,FIZ_2024,0.2745297407219114,0.27452974072191166,2.7755575615628914e-16
1990-04-30,MKT,FIZ_2024,0.0106761565836297,0.010676156583631052,1.3530843112619095e-15
1990-05-31,MKT,FIZ_2024,0.6095577020843921,0.6095577020843913,-7.771561172376096e-16
1990-06-30,MKT,FIZ_2024,0.1260803253685813,0.1260803253685823,9.992007221626409e-16
1990-07-31,MKT,FIZ_2024,0.0849008642602948,0.08490086426029574,9.298117831235686e-16
1990-08-31,MKT,FIZ_2024,-0.3345195729537368,-0.33451957295373413,2.6645352591003757e-15
1990-09-30,MKT,FIZ_2024,-0.1296390442297917,-0.12963904422978986,1.8318679906315083e-15
1990-10-31,MKT,FIZ_2024,0.0838840874428061,0.08388408744280719,1.096345236817342e-15
1990-11-30,MKT,FIZ_2024,0.504321301474326,0.5043213014743256,-3.3306690738754696e-16
1990-12-31,MKT,FIZ_2024,0.3065582104728011,0.30655821047280124,1.6653345369377348e-16
1991-01-31,MKT,FIZ_2024,0.4199288256227755,0.4199288256227754,-1.1102230246251565e-16
1991-02-28,MKT,FIZ_2024,0.5470259278088458,0.5470259278088451,-7.771561172376096e-16
1991-03-31,MKT,FIZ_2024,0.3162175902389423,0.3162175902389425,2.220446049250313e-16
1991-04-30,MKT,FIZ_2024,0.1672597864768681,0.16725978647686887,7.771561172376096e-16
1991-05-31,MKT,FIZ_2024,0.3670564311133704,0.3670564311133704,0.0
1991-06-30,MKT,FIZ_2024,-0.0696492119979667,-0.069649211997965,1.6930901125533637e-15
1991-07-31,MKT,FIZ_2024,0.3970513472292829,0.3970513472292828,-1.1102230246251565e-16
1991-08-31,MKT,FIZ_2024,0.2994407727503811,0.29944077275038133,2.220446049250313e-16
1991-09-30,MKT,FIZ_2024,0.1006609049313673,0.10066090493136837,1.0685896612017132e-15
1991-10-31,MKT,FIZ_2024,0.2470767666497202,0.2470767666497206,4.163336342344337e-16
1991-11-30,MKT,FIZ_2024,-0.0315200813421456,-0.031520081342144096,1.5057399771478686e-15
1991-12-31,MKT,FIZ_2024,0.7325876970005081,0.7325876970005067,-1.3322676295501878e-15
1992-01-31,MKT,FIZ_2024,0.1514997458057954,0.15149974580579625,8.604228440844963e-16
1992-02-29,MKT,FIZ_2024,0.2369089984748345,0.23690899847483507,5.828670879282072e-16
1992-03-31,MKT,FIZ_2024,0.0462633451957292,0.046263345195730554,1.3530843112619095e-15
1992-04-30,MKT,FIZ_2024,0.235892221657346,0.2358922216573465,4.996003610813204e-16
1992-05-31,MKT,FIZ_2024,0.1967463141840364,0.19674631418403704,6.38378239159465e-16
1992-06-30,MKT,FIZ_2024,0.0625317742755464,0.06253177427554749,1.0824674490095276e-15
1992-07-31,MKT,FIZ_2024,0.3731570920183018,0.3731570920183017,-5.551115123125783e-17
1992-08-31,MKT,FIZ_2024,0.0604982206405693,0.060498220640570366,1.0685896612017132e-15
1992-09-30,MKT,FIZ_2024,0.2419928825622774,0.24199288256227786,4.440892098500626e-16
1992-10-31,MKT,FIZ_2024,0.2333502796136246,0.23335027961362512,5.273559366969494e-16
1992-11-30,MKT,FIZ_2024,0.3914590747330959,0.39145907473309577,-1.1102230246251565e-16
1992-12-31,MKT,FIZ_2024,0.2592780884595829,0.25927808845958333,4.440892098500626e-16
1993-01-31,MKT,FIZ_2024,0.2287747839349261,0.22877478393492662,5.273559366969494e-16
1993-02-28,MKT,FIZ_2024,0.1875953228266393,0.18759532282664002,7.216449660063518e-16
1993-03-31,MKT,FIZ_2024,0.2984239959328925,0.29842399593289276,2.7755575615628914e-16
1993-04-30,MKT,FIZ_2024,0.0264361972547024,0.026436197254703697,1.2975731600306517e-15
1993-05-31,MKT,FIZ_2024,0.328418912048805,0.32841891204880524,2.220446049250313e-16
1993-06-30,MKT,FIZ_2024,0.1972547025927806,0.19725470259278133,7.216449660063518e-16
1993-07-31,MKT,FIZ_2024,0.1642094560244025,0.1642094560244032,6.938893903907228e-16
1993-08-31,MKT,FIZ_2024,0.3701067615658362,0.3701067615658361,-1.1102230246251565e-16
1993-09-30,MKT,FIZ_2024,0.1753940010167765,0.17539400101677735,8.604228440844963e-16
1993-10-31,MKT,FIZ_2024,0.2531774275546516,0.253177427554652,3.885780586188048e-16
1993-11-30,MKT,FIZ_2024,0.0854092526690388,0.08540925266904002,1.2212453270876722e-15
1993-12-31,MKT,FIZ_2024,0.2653787493645143,0.26537874936451467,3.885780586188048e-16
1994-01-31,MKT,FIZ_2024,0.3274021352313165,0.32740213523131667,1.6653345369377348e-16
1994-02-28,MKT,FIZ_2024,0.0518556176919164,0.05185561769191763,1.2281842209915794e-15
1994-03-31,MKT,FIZ_2024,-0.0615149974580582,-0.061514997458056525,1.672273430841642e-15
1994-04-30,MKT,FIZ_2024,0.216065073716319,0.21606507371631964,6.38378239159465e-16
1994-05-31,MKT,FIZ_2024,0.2109811896288762,0.21098118962887685,6.661338147750939e-16
1994-06-30,MKT,FIZ_2024,0.0274529740721909,0.02745297407219227,1.3704315460216776e-15
1994-07-31,MKT,FIZ_2024,0.3248601931875952,0.3248601931875953,1.1102230246251565e-16
1994-08-31,MKT,FIZ_2024,0.3853584138281645,0.3853584138281644,-1.1102230246251565e-16
1994-09-30,MKT,FIZ_2024,0.0640569395017791,0.0640569395017803,1.2073675392798577e-15
1994-10-31,MKT,FIZ_2024,0.2496187086934416,0.24961870869344205,4.440892098500626e-16
1994-11-30,MKT,FIZ_2024,-0.0238942552109813,-0.023894255210979903,1.3981871216373065e-15
1994-12-31,MKT,FIZ_2024,0.225216065073716,0.22521606507371666,6.661338147750939e-16
1995-01-31,MKT,FIZ_2024,0.2730045754956784,0.27300457549567886,4.440892098500626e-16
1995-02-28,MKT,FIZ_2024,0.3660396542958817,0.3660396542958818,1.1102230246251565e-16
1995-03-31,MKT,FIZ_2024,0.2928317234367055,0.2928317234367057,2.220446049250313e-16
1995-04-30,MKT,FIZ_2024,0.2887646161667512,0.2887646161667515,2.7755575615628914e-16
1995-05-31,MKT,FIZ_2024,0.3289273004575492,0.3289273004575495,2.7755575615628914e-16
1995-06-30,MKT,FIZ_2024,0.3197763091001522,0.3197763091001525,2.7755575615628914e-16
1995-07-31,MKT,FIZ_2024,0.3706151499745802,0.37061514997458034,1.1102230246251565e-16
1995-08-31,MKT,FIZ_2024,0.2094560244026435,0.20945602440264402,5.273559366969494e-16
1995-09-30,MKT,FIZ_2024,0.3518047788510421,0.35180477885104205,-5.551115123125783e-17
1995-10-31,MKT,FIZ_2024,0.1042196237925774,0.10421962379257832,9.159339953157541e-16
1995-11-30,MKT,FIZ_2024,0.3828164717844431,0.382816471784443,-1.1102230246251565e-16
1995-12-31,MKT,FIZ_2024,0.2338586680223688,0.23385866802236938,5.828670879282072e-16
1996-01-31,MKT,FIZ_2024,0.2963904422979155,0.29639044229791567,1.6653345369377348e-16
1996-02-29,MKT,FIZ_2024,0.2491103202846973,0.24911032028469776,4.718447854656915e-16
1996-03-31,MKT,FIZ_2024,0.2186070157600406,0.21860701576004102,4.163336342344337e-16
1996-04-30,MKT,FIZ_2024,0.2862226741230298,0.2862226741230301,2.7755575615628914e-16
1996-05-31,MKT,FIZ_2024,0.3014743263853581,0.3014743263853584,3.3306690738754696e-16
1996-06-30,MKT,FIZ_2024,0.12353838332486,0.12353838332486092,9.159339953157541e-16
1996-07-31,MKT,FIZ_2024,-0.1220132180986274,-0.12201321809862567,1.734723475976807e-15
1996-08-31,MKT,FIZ_2024,0.3223182511438738,0.3223182511438739,1.1102230246251565e-16
1996-09-30,MKT,FIZ_2024,0.4361972547025927,0.4361972547025923,-3.885780586188048e-16
1996-10-31,MKT,FIZ_2024,0.225216065073716,0.22521606507371666,6.661338147750939e-16
1996-11-30,MKT,FIZ_2024,0.4992374173868834,0.4992374173868829,-4.996003610813204e-16
1996-12-31,MKT,FIZ_2024,0.0950686324351803,0.09506863243518131,1.0130785099704553e-15
1997-01-31,MKT,FIZ_2024,0.4351804778851038,0.4351804778851037,-5.551115123125783e-17
1997-02-28,MKT,FIZ_2024,0.1565836298932383,0.15658362989323904,7.494005416219807e-16
1997-03-31,MKT,FIZ_2024,-0.0742247076766652,-0.07422470767666348,1.7208456881689926e-15
1997-04-30,MKT,FIZ_2024,0.3868835790543974,0.3868835790543973,-1.1102230246251565e-16
1997-05-31,MKT,FIZ_2024,0.524148449415353,0.5241484494153525,-4.440892098500626e-16
1997-06-30,MKT,FIZ_2024,0.389933909506863,0.3899339095068629,-1.1102230246251565e-16
1997-07-31,MKT,FIZ_2024,0.5541433655312658,0.554143365531265,-7.771561172376096e-16
1997-08-31,MKT,FIZ_2024,-0.0294865277071685,-0.029486527707166976,1.5230872119076366e-15
1997-09-30,MKT,FIZ_2024,0.4534824605998979,0.4534824605998977,-1.6653345369377348e-16
1997-10-31,MKT,FIZ_2024,-0.0116929334011186,-0.011692933401117211,1.3877787807814457e-15
1997-11-30,MKT,FIZ_2024,0.3329944077275035,0.3329944077275037,2.220446049250313e-16
1997-12-31,MKT,FIZ_2024,0.2486019318759531,0.24860193187595347,3.608224830031759e-16
1998-01-31,MKT,FIZ_2024,0.189120488052872,0.18912048805287288,8.881784197001252e-16
1998-02-28,MKT,FIZ_2024,0.5394001016776815,0.5394001016776808,-6.661338147750939e-16
1998-03-31,MKT,FIZ_2024,0.4234875444839856,0.4234875444839853,-3.3306690738754696e-16
1998-04-30,MKT,FIZ_2024,0.2186070157600406,0.21860701576004102,4.163336342344337e-16
1998-05-31,MKT,FIZ_2024,0.0254194204372137,0.02541942043721515,1.4502288259166107e-15
1998-06-30,MKT,FIZ_2024,0.3431621759023893,0.3431621759023893,0.0
1998-07-31,MKT,FIZ_2024,0.056431113370615,0.056431113370616126,1.124100812432971e-15
1998-08-31,MKT,FIZ_2024,-0.6359938993390951,-0.6359938993390913,3.774758283725532e-15
1998-09-30,MKT,FIZ_2024,0.4941535332994407,0.4941535332994401,-5.551115123125783e-16
1998-10-31,MKT,FIZ_2024,0.54397559735638,0.5439755973563793,-6.661338147750939e-16
1998-11-30,MKT,FIZ_2024,0.491611591255719,0.4916115912557186,-3.885780586188048e-16
1998-12-31,MKT,FIZ_2024,0.4946619217081849,0.49466192170818435,-5.551115123125783e-16
1999-01-31,MKT,FIZ_2024,0.3594306049822062,0.35943060498220625,5.551115123125783e-17
1999-02-28,MKT,FIZ_2024,-0.0259278088459585,-0.025927808845957023,1.4779844015322396e-15
1999-03-31,MKT,FIZ_2024,0.3568886629384848,0.35688866293848487,5.551115123125783e-17
1999-04-30,MKT,FIZ_2024,0.4016268429079817,0.40162684290798134,-3.3306690738754696e-16
1999-05-31,MKT,FIZ_2024,0.056431113370615,0.056431113370616126,1.124100812432971e-15
1999-06-30,MKT,FIZ_2024,0.4239959328927298,0.4239959328927296,-2.220446049250313e-16
1999-07-31,MKT,FIZ_2024,0.004067107269954,0.004067107269955406,1.4059933772792022e-15
1999-08-31,MKT,FIZ_2024,0.1113370615149973,0.11133706151499824,9.43689570931383e-16
1999-09-30,MKT,FIZ_2024,0.0396542958820538,0.039654295882054935,1.1379786002407855e-15
1999-10-31,MKT,FIZ_2024,0.4926283680732077,0.4926283680732072,-4.996003610813204e-16
1999-11-30,MKT,FIZ_2024,0.3528215556685306,0.3528215556685306,0.0
1999-12-31,MKT,FIZ_2024,0.5739705134722926,0.5739705134722918,-7.771561172376096e-16
2000-01-31,MKT,FIZ_2024,-0.0594814438230809,-0.059481443823079405,1.4918621893400541e-15
2000-02-29,MKT,FIZ_2024,0.3060498220640566,0.30604982206405695,3.3306690738754696e-16
2000-03-31,MKT,FIZ_2024,0.4458566344687338,0.4458566344687336,-2.220446049250313e-16
2000-04-30,MKT,FIZ_2024,-0.1438739196746317,-0.14387391967462967,2.0261570199409107e-15
2000-05-31,MKT,FIZ_2024,-0.0432130147432638,-0.04321301474326247,1.3253287356462806e-15
2000-06-30,MKT,FIZ_2024,0.4173868835790542,0.41738688357905396,-2.220446049250313e-16
2000-07-31,MKT,FIZ_2024,0.0538891713268934,0.05388917132689475,1.3461454173580023e-15
2000-08-31,MKT,FIZ_2024,0.5388917132689373,0.5388917132689366,-6.661338147750939e-16
2000-09-30,MKT,FIZ_2024,-0.0955770208439248,-0.0955770208439232,1.609823385706477e-15
2000-10-31,MKT,FIZ_2024,0.0411794611082865,0.041179461108287796,1.2975731600306517e-15
2000-11-30,MKT,FIZ_2024,-0.3634977122521607,-0.3634977122521581,2.609024107869118e-15
2000-12-31,MKT,FIZ_2024,0.2419928825622774,0.24199288256227786,4.440892098500626e-16
2001-01-31,MKT,FIZ_2024,0.3406202338586677,0.3406202338586679,2.220446049250313e-16
2001-02-28,MKT,FIZ_2024,-0.329435688866294,-0.3294356888662914,2.609024107869118e-15
2001-03-31,MKT,FIZ_2024,-0.1875953228266397,-0.18759532282663763,2.0816681711721685e-15
2001-04-30,MKT,FIZ_2024,0.5851550584646668,0.585155058464666,-7.771561172376096e-16
2001-05-31,MKT,FIZ_2024,0.2180986273512961,0.21809862735129676,6.661338147750939e-16
2001-06-30,MKT,FIZ_2024,0.0828673106253174,0.08286731062531863,1.2351231148954867e-15
2001-07-31,MKT,FIZ_2024,0.0732079308591762,0.07320793085917733,1.124100812432971e-15
2001-08-31,MKT,FIZ_2024,-0.1469242501270973,-0.14692425012709534,1.970645868709653e-15
2001-09-30,MKT,FIZ_2024,-0.2887646161667515,-0.2887646161667491,2.3869795029440866e-15
2001-10-31,MKT,FIZ_2024,0.3065582104728011,0.30655821047280124,1.6653345369377348e-16
2001-11-30,MKT,FIZ_2024,0.5648195221148955,0.5648195221148948,-6.661338147750939e-16
2001-12-31,MKT,FIZ_2024,0.2628368073207929,0.2628368073207933,3.885780586188048e-16
2002-01-31,MKT,FIZ_2024,0.1082867310625315,0.10828673106253256,1.0547118733938987e-15
2002-02-28,MKT,FIZ_2024,0.0650737163192678,0.06507371631926887,1.0685896612017132e-15
2002-03-31,MKT,FIZ_2024,0.3970513472292829,0.3970513472292828,-1.1102230246251565e-16
2002-04-30,MKT,FIZ_2024,-0.0828673106253178,-0.08286731062531624,1.5543122344752192e-15
2002-05-31,MKT,FIZ_2024,0.1113370615149973,0.11133706151499824,9.43689570931383e-16
2002-06-30,MKT,FIZ_2024,-0.1850533807829183,-0.18505338078291625,2.0539125955565396e-15
2002-07-31,MKT,FIZ_2024,-0.2343670564311135,-0.23436705643111125,2.248201624865942e-15
2002-08-31,MKT,FIZ_2024,0.2069140823589219,0.2069140823589226,7.216449660063518e-16
2002-09-30,MKT,FIZ_2024,-0.3446873411286224,-0.34468734112861965,2.7755575615628914e-15
2002-10-31,MKT,FIZ_2024,0.580071174377224,0.5800711743772231,-8.881784197001252e-16
2002-11-30,MKT,FIZ_2024,0.4844941535332991,0.4844941535332987,-3.885780586188048e-16
2002-12-31,MKT,FIZ_2024,-0.1113370615149976,-0.11133706151499581,1.790234627208065e-15
2003-01-31,MKT,FIZ_2024,0.0508388408744278,0.05083884087442908,1.2836953722228372e-15
2003-02-28,MKT,FIZ_2024,0.0859176410777833,0.0859176410777843,9.992007221626409e-16
2003-03-31,MKT,FIZ_2024,0.2369089984748345,0.23690899847483507,5.828670879282072e-16
2003-04-30,MKT,FIZ_2024,0.5993899339095068,0.5993899339095058,-9.992007221626409e-16
2003-05-31,MKT,FIZ_2024,0.4890696492119977,0.48906964921199725,-4.440892098500626e-16
2003-06-30,MKT,FIZ_2024,0.2536858159633957,0.25368581596339623,5.551115123125783e-16
2003-07-31,MKT,FIZ_2024,0.3009659379766141,0.3009659379766142,1.1102230246251565e-16
2003-08-31,MKT,FIZ_2024,0.3004575495678696,0.30045754956786985,2.7755575615628914e-16
2003-09-30,MKT,FIZ_2024,0.1184544992374172,0.11845449923741813,9.298117831235686e-16
2003-10-31,MKT,FIZ_2024,0.4905948144382306,0.49059481443823016,-4.440892098500626e-16
2003-11-30,MKT,FIZ_2024,0.250127097102186,0.2501270971021863,2.7755575615628914e-16
2003-12-31,MKT,FIZ_2024,0.3995932892730043,0.3995932892730042,-1.1102230246251565e-16
2004-01-31,MKT,FIZ_2024,0.2907981698017283,0.29079816980172857,2.7755575615628914e-16
2004-02-29,MKT,FIZ_2024,0.2526690391459072,0.25266903914590766,4.440892098500626e-16
2004-03-31,MKT,FIZ_2024,0.1143873919674629,0.11438739196746389,9.853229343548264e-16
2004-04-30,MKT,FIZ_2024,0.0884595831215044,0.08845958312150569,1.2906342661267445e-15
2004-05-31,MKT,FIZ_2024,0.2409761057447887,0.24097610574478928,5.828670879282072e-16
2004-06-30,MKT,FIZ_2024,0.2760549059481441,0.2760549059481445,4.440892098500626e-16
2004-07-31,MKT,FIZ_2024,-0.0249110320284698,-0.02491103202846842,1.3773704399255848e-15
2004-08-31,MKT,FIZ_2024,0.1855617691916622,0.18556176919166292,7.216449660063518e-16
2004-09-30,MKT,FIZ_2024,0.2628368073207929,0.2628368073207933,3.885780586188048e-16
2004-10-31,MKT,FIZ_2024,0.2541942043721401,0.2541942043721405,4.440892098500626e-16
2004-11-30,MKT,FIZ_2024,0.4123029994916114,0.4123029994916112,-2.220446049250313e-16
2004-12-31,MKT,FIZ_2024,0.3558718861209962,0.3558718861209963,1.1102230246251565e-16
2005-01-31,MKT,FIZ_2024,0.0411794611082865,0.041179461108287796,1.2975731600306517e-15
2005-02-28,MKT,FIZ_2024,0.277580071174377,0.27758007117437733,3.3306690738754696e-16
2005-03-31,MKT,FIZ_2024,0.0813421453990848,0.08134214539908578,9.853229343548264e-16
2005-04-30,MKT,FIZ_2024,0.0488052872394508,0.04880528723945196,1.1587952819525071e-15
2005-05-31,MKT,FIZ_2024,0.3670564311133704,0.3670564311133704,0.0
2005-06-30,MKT,FIZ_2024,0.210472801220132,0.21047280122013257,5.551115123125783e-16
2005-07-31,MKT,FIZ_2024,0.3807829181494659,0.3807829181494659,0.0
2005-08-31,MKT,FIZ_2024,0.1194712760549059,0.11947127605490668,7.771561172376096e-16
2005-09-30,MKT,FIZ_2024,0.2064056939501777,0.20640569395017833,6.38378239159465e-16
2005-10-31,MKT,FIZ_2024,0.0788002033553634,0.07880020335536439,9.853229343548264e-16
2005-11-30,MKT,FIZ_2024,0.3650228774783932,0.36502287747839324,5.551115123125783e-17
2005-12-31,MKT,FIZ_2024,0.168784951703101,0.1687849517031017,6.938893903907228e-16
2006-01-31,MKT,FIZ_2024,0.3360447381799691,0.3360447381799694,2.7755575615628914e-16
2006-02-28,MKT,FIZ_2024,0.1662430096593796,0.16624300965938033,7.216449660063518e-16
2006-03-31,MKT,FIZ_2024,0.255719369598373,0.2557193695983734,3.885780586188048e-16
2006-04-30,MKT,FIZ_2024,0.2186070157600406,0.21860701576004102,4.163336342344337e-16
2006-05-31,MKT,FIZ_2024,-2.220446049250313e-16,1.2212453270876722e-15,1.4432899320127035e-15
2006-06-30,MKT,FIZ_2024,0.163701067615658,0.16370106761565895,9.43689570931383e-16
2006-07-31,MKT,FIZ_2024,0.1418403660396541,0.14184036603965494,8.326672684688674e-16
2006-08-31,MKT,FIZ_2024,0.2846975088967971,0.28469750889679724,1.1102230246251565e-16
2006-09-30,MKT,FIZ_2024,0.2750381291306556,0.27503812913065595,3.3306690738754696e-16
2006-10-31,MKT,FIZ_2024,0.3457041179461106,0.34570411794611067,5.551115123125783e-17
2006-11-30,MKT,FIZ_2024,0.2684290798169799,0.26842907981698033,4.440892098500626e-16
2006-12-31,MKT,FIZ_2024,0.2257244534824605,0.22572445348246092,4.163336342344337e-16
2007-01-31,MKT,FIZ_2024,0.2526690391459072,0.25266903914590766,4.440892098500626e-16
2007-02-28,MKT,FIZ_2024,0.081850533807829,0.08185053380783007,1.0685896612017132e-15
2007-03-31,MKT,FIZ_2024,0.216065073716319,0.21606507371631964,6.38378239159465e-16
2007-04-30,MKT,FIZ_2024,0.3589222165734618,0.35892221657346196,1.6653345369377348e-16
2007-05-31,MKT,FIZ_2024,0.3462125063548549,0.346212506354855,1.1102230246251565e-16
2007-06-30,MKT,FIZ_2024,0.081850533807829,0.08185053380783007,1.0685896612017132e-15
2007-07-31,MKT,FIZ_2024,-0.0081342145399087,-0.008134214539907259,1.4415552085367267e-15
2007-08-31,MKT,FIZ_2024,0.2282663955261819,0.22826639552618233,4.440892098500626e-16
2007-09-30,MKT,FIZ_2024,0.3451957295373662,0.34519572953736644,2.220446049250313e-16
2007-10-31,MKT,FIZ_2024,0.2730045754956784,0.27300457549567886,4.440892098500626e-16
2007-11-30,MKT,FIZ_2024,-0.0640569395017796,-0.0640569395017779,1.6930901125533637e-15
2007-12-31,MKT,FIZ_2024,0.1372648703609555,0.13726487036095644,9.43689570931383e-16
2008-01-31,MKT,FIZ_2024,-0.1418403660396544,-0.14184036603965258,1.8041124150158794e-15
2008-02-29,MKT,FIZ_2024,0.0244026436197253,0.024402643619726577,1.27675647831893e-15
2008-03-31,MKT,FIZ_2024,0.1342145399084899,0.13421453990849075,8.604228440844963e-16
2008-04-30,MKT,FIZ_2024,0.415353329944077,0.4153533299440768,-1.6653345369377348e-16
2008-05-31,MKT,FIZ_2024,0.2760549059481441,0.2760549059481445,4.440892098500626e-16
2008-06-30,MKT,FIZ_2024,-0.2475851550584648,-0.24758515505846249,2.3037127760972e-15
2008-07-31,MKT,FIZ_2024,0.1423487544483983,0.14234875444839923,9.159339953157541e-16
2008-08-31,MKT,FIZ_2024,0.2592780884595829,0.25927808845958333,4.440892098500626e-16
2008-09-30,MKT,FIZ_2024,-0.2882562277580073,-0.28825622775800486,2.4424906541753444e-15
2008-10-31,MKT,FIZ_2024,-0.6944585663446874,-0.6944585663446835,3.885780586188048e-15
2008-11-30,MKT,FIZ_2024,-0.2180986273512964,-0.21809862735129434,2.0539125955565396e-15
2008-12-31,MKT,FIZ_2024,0.2699542450432126,0.2699542450432132,6.106226635438361e-16
2009-01-31,MKT,FIZ_2024,-0.2313167259786478,-0.23131672597864553,2.275957200481571e-15
2009-02-28,MKT,FIZ_2024,-0.3319776309100154,-0.33197763091001276,2.6645352591003757e-15
2009-03-31,MKT,FIZ_2024,0.636502287747839,0.636502287747838,-9.992007221626409e-16
2009-04-30,MKT,FIZ_2024,0.6990340620233859,0.6990340620233844,-1.5543122344752192e-15
2009-05-31,MKT,FIZ_2024,0.4463650228774782,0.4463650228774778,-3.885780586188048e-16
2009-06-30,MKT,FIZ_2024,0.2033553634977121,0.20335536349771266,5.551115123125783e-16
2009-07-31,MKT,FIZ_2024,0.5739705134722926,0.5739705134722918,-7.771561172376096e-16
2009-08-31,MKT,FIZ_2024,0.3507880020335534,0.3507880020335535,5.551115123125783e-17
2009-09-30,MKT,FIZ_2024,0.3889171326893745,0.3889171326893744,-1.1102230246251565e-16
2009-10-31,MKT,FIZ_2024,0.0498220640569393,0.04982206405694051,1.2073675392798577e-15
2009-11-30,MKT,FIZ_2024,0.4641586171835279,0.4641586171835276,-3.3306690738754696e-16
2009-12-31,MKT,FIZ_2024,0.3213014743263851,0.32130147432638534,2.220446049250313e-16
2010-01-31,MKT,FIZ_2024,0.0106761565836297,0.010676156583631052,1.3530843112619095e-15
2010-02-28,MKT,FIZ_2024,0.3543467208947632,0.35434672089476343,2.220446049250313e-16
2010-03-31,MKT,FIZ_2024,0.502287747839349,0.5022877478393485,-5.551115123125783e-16
2010-04-30,MKT,FIZ_2024,0.2831723436705642,0.28317234367056443,2.220446049250313e-16
2010-05-31,MKT,FIZ_2024,-0.2196237925775294,-0.21962379257752715,2.248201624865942e-15
2010-06-30,MKT,FIZ_2024,-0.1016776817488562,-0.10167768174885453,1.6792123247455493e-15
2010-07-31,MKT,FIZ_2024,0.5338078291814945,0.5338078291814938,-6.661338147750939e-16
2010-08-31,MKT,FIZ_2024,-0.0610066090493137,-0.06100660904931221,1.4918621893400541e-15
2010-09-30,MKT,FIZ_2024,0.6664972038637518,0.6664972038637504,-1.3322676295501878e-15
2010-10-31,MKT,FIZ_2024,0.3787493645144888,0.3787493645144888,0.0
2010-11-30,MKT,FIZ_2024,0.2119979664463649,0.2119979664463654,4.996003610813204e-16
2010-12-31,MKT,FIZ_2024,0.5282155566853073,0.5282155566853067,-5.551115123125783e-16
2011-01-31,MKT,FIZ_2024,0.2826639552618197,0.28266395526182014,4.440892098500626e-16
2011-02-28,MKT,FIZ_2024,0.3589222165734618,0.35892221657346196,1.6653345369377348e-16
2011-03-31,MKT,FIZ_2024,0.204880528723945,0.2048805287239455,4.996003610813204e-16
2011-04-30,MKT,FIZ_2024,0.3289273004575492,0.3289273004575495,2.7755575615628914e-16
2011-05-31,MKT,FIZ_2024,0.1169293340111843,0.11692933401118528,9.853229343548264e-16
2011-06-30,MKT,FIZ_2024,0.092526690391459,0.09252669039145991,9.159339953157541e-16
2011-07-31,MKT,FIZ_2024,0.062023385866802,0.062023385866803185,1.186550857568136e-15
2011-08-31,MKT,FIZ_2024,-0.1230299949161159,-0.12302999491611424,1.6514567491299204e-15
2011-09-30,MKT,FIZ_2024,-0.2043721403152009,-0.20437214031519882,2.0816681711721685e-15
2011-10-31,MKT,FIZ_2024,0.7585155058464663,0.758515505846465,-1.3322676295501878e-15
2011-11-30,MKT,FIZ_2024,0.1672597864768681,0.16725978647686887,7.771561172376096e-16
2011-12-31,MKT,FIZ_2024,0.2191154041687846,0.2191154041687853,6.938893903907228e-16
2012-01-31,MKT,FIZ_2024,0.4382308083375696,0.43823080833756944,-1.6653345369377348e-16
2012-02-29,MKT,FIZ_2024,0.40620233858668,0.40620233858667987,-1.1102230246251565e-16
2012-03-31,MKT,FIZ_2024,0.3396034570411792,0.33960345704117934,1.1102230246251565e-16
2012-04-30,MKT,FIZ_2024,0.138281647178444,0.138281647178445,9.992007221626409e-16
2012-05-31,MKT,FIZ_2024,-0.1331977630910017,-0.13319776309099982,1.887379141862766e-15
2012-06-30,MKT,FIZ_2024,0.3792577529232332,0.3792577529232331,-1.1102230246251565e-16
2012-07-31,MKT,FIZ_2024,0.2216573462125062,0.2216573462125067,4.996003610813204e-16
2012-08-31,MKT,FIZ_2024,0.3111337061514996,0.3111337061514997,1.1102230246251565e-16
2012-09-30,MKT,FIZ_2024,0.3202846975088966,0.32028469750889677,1.6653345369377348e-16
2012-10-31,MKT,FIZ_2024,0.0920183019827145,0.09201830198271564,1.1379786002407855e-15
2012-11-30,MKT,FIZ_2024,0.2211489578037619,0.22114895780376242,5.273559366969494e-16
2012-12-31,MKT,FIZ_2024,0.241484494153533,0.24148449415353357,5.551115123125783e-16
2013-01-31,MKT,FIZ_2024,0.4646670055922723,0.4646670055922719,-3.885780586188048e-16
2013-02-28,MKT,FIZ_2024,0.2470767666497202,0.2470767666497206,4.163336342344337e-16
2013-03-31,MKT,FIZ_2024,0.3863751906456532,0.386375190645653,-1.6653345369377348e-16
2013-04-30,MKT,FIZ_2024,0.2602948652770716,0.2602948652770719,3.3306690738754696e-16
2013-05-31,MKT,FIZ_2024,0.3238434163701065,0.3238434163701067,2.220446049250313e-16
2013-06-30,MKT,FIZ_2024,0.1204880528723943,0.12048805287239525,9.575673587391975e-16
2013-07-31,MKT,FIZ_2024,0.4687341128622266,0.4687341128622261,-4.996003610813204e-16
2013-08-31,MKT,FIZ_2024,0.0437214031520079,0.043721403152009175,1.27675647831893e-15
2013-09-30,MKT,FIZ_2024,0.3731570920183018,0.3731570920183017,-5.551115123125783e-17
2013-10-31,MKT,FIZ_2024,0.3940010167768173,0.39400101677681715,-1.6653345369377348e-16
2013-11-30,MKT,FIZ_2024,0.3406202338586677,0.3406202338586679,2.220446049250313e-16
2013-12-31,MKT,FIZ_2024,0.3243518047788507,0.324351804778851,2.7755575615628914e-16
2014-01-31,MKT,FIZ_2024,0.0127097102186068,0.012709710218608172,1.3721662694976544e-15
2014-02-28,MKT,FIZ_2024,0.4178952719877986,0.4178952719877983,-2.7755575615628914e-16
2014-03-31,MKT,FIZ_2024,0.2033553634977121,0.20335536349771266,5.551115123125783e-16
2014-04-30,MKT,FIZ_2024,0.1718352821555666,0.1718352821555674,8.049116928532385e-16
2014-05-31,MKT,FIZ_2024,0.2862226741230298,0.2862226741230301,2.7755575615628914e-16
2014-06-30,MKT,FIZ_2024,0.3141840366039652,0.31418403660396543,2.220446049250313e-16
2014-07-31,MKT,FIZ_2024,0.0777834265378747,0.07778342653787583,1.124100812432971e-15
2014-08-31,MKT,FIZ_2024,0.3970513472292829,0.3970513472292828,-1.1102230246251565e-16
2014-09-30,MKT,FIZ_2024,0.0813421453990848,0.08134214539908578,9.853229343548264e-16
2014-10-31,MKT,FIZ_2024,0.3096085409252667,0.3096085409252669,2.220446049250313e-16
2014-11-30,MKT,FIZ_2024,0.3111337061514996,0.3111337061514997,1.1102230246251565e-16
2014-12-31,MKT,FIZ_2024,0.1784443314692423,0.17844433146924302,7.216449660063518e-16
2015-01-31,MKT,FIZ_2024,0.0233858668022368,0.02338586680223803,1.231653667943533e-15
2015-02-28,MKT,FIZ_2024,0.493136756481952,0.49313675648195154,-4.440892098500626e-16
2015-03-31,MKT,FIZ_2024,0.1245551601423484,0.12455516014234946,1.0685896612017132e-15
2015-04-30,MKT,FIZ_2024,0.2114895780376204,0.2114895780376211,7.216449660063518e-16
2015-05-31,MKT,FIZ_2024,0.25063548551093,0.25063548551093057,5.551115123125783e-16
2015-06-30,MKT,FIZ_2024,0.1037112353838329,0.10371123538383405,1.1518563880486e-15
2015-07-31,MKT,FIZ_2024,0.2597864768683271,0.2597864768683276,4.996003610813204e-16
2015-08-31,MKT,FIZ_2024,-0.1255719369598374,-0.12557193695983562,1.7763568394002505e-15
2015-09-30,MKT,FIZ_2024,0.0254194204372137,0.02541942043721515,1.4502288259166107e-15
2015-10-31,MKT,FIZ_2024,0.5754956786985255,0.5754956786985247,-7.771561172376096e-16
2015-11-30,MKT,FIZ_2024,0.2099644128113875,0.21047280122013257,0.0005083884087450641
2015-12-31,MKT,FIZ_2024,0.0711743772241992,0.07117437722420021,1.0130785099704553e-15
2016-01-31,MKT,FIZ_2024,-0.1118454499237419,-0.1118454499237401,1.8041124150158794e-15
2016-02-29,MKT,FIZ_2024,0.1779359430604981,0.17793594306049873,6.38378239159465e-16
2016-03-31,MKT,FIZ_2024,0.5353329944077274,0.5353329944077266,-7.771561172376096e-16
2016-04-30,MKT,FIZ_2024,0.2277580071174374,0.22775800711743804,6.38378239159465e-16
2016-05-31,MKT,FIZ_2024,0.27198779867819,0.2719877986781903,2.7755575615628914e-16
2016-06-30,MKT,FIZ_2024,0.1789527198779865,0.17895271987798728,7.771561172376096e-16
2016-07-31,MKT,FIZ_2024,0.3823080833756989,0.38230808337569877,-1.1102230246251565e-16
2016-08-31,MKT,FIZ_2024,0.2064056939501777,0.20640569395017833,6.38378239159465e-16
2016-09-30,MKT,FIZ_2024,0.194204372140315,0.19420437214031566,6.661338147750939e-16
2016-10-31,MKT,FIZ_2024,0.0788002033553634,0.07880020335536439,9.853229343548264e-16
2016-11-30,MKT,FIZ_2024,0.4285714285714284,0.42857142857142816,-2.220446049250313e-16
2016-12-31,MKT,FIZ_2024,0.2740213523131671,0.2740213523131674,2.7755575615628914e-16
2017-01-31,MKT,FIZ_2024,0.2801220132180986,0.2801220132180987,1.1102230246251565e-16
2017-02-28,MKT,FIZ_2024,0.3629893238434161,0.36298932384341615,5.551115123125783e-17
2017-03-31,MKT,FIZ_2024,0.1901372648703607,0.19013726487036142,7.216449660063518e-16
2017-04-30,MKT,FIZ_2024,0.2369089984748345,0.23690899847483507,5.828670879282072e-16
2017-05-31,MKT,FIZ_2024,0.2353838332486015,0.23538383324860224,7.494005416219807e-16
2017-06-30,MKT,FIZ_2024,0.2211489578037619,0.22114895780376242,5.273559366969494e-16
2017-07-31,MKT,FIZ_2024,0.2765632943568885,0.2765632943568888,3.3306690738754696e-16
2017-08-31,MKT,FIZ_2024,0.1896288764616165,0.18962887646161714,6.38378239159465e-16
2017-09-30,MKT,FIZ_2024,0.3091001525165224,0.3091001525165226,2.220446049250313e-16
2017-10-31,MKT,FIZ_2024,0.2958820538891711,0.2958820538891714,2.7755575615628914e-16
2017-11-30,MKT,FIZ_2024,0.3401118454499237,0.3401118454499236,-5.551115123125783e-17
2017-12-31,MKT,FIZ_2024,0.2353838332486015,0.23538383324860224,7.494005416219807e-16
1950-01-31,MKT,CIZ_2026,0.2679206914082357,0.26792069140823604,3.3306690738754696e-16
1950-02-28,MKT,CIZ_2026,0.2567361464158615,0.25673614641586195,4.440892098500626e-16
1950-03-31,MKT,CIZ_2026,0.2455516014234875,0.2455516014234878,3.0531133177191805e-16
1950-04-30,MKT,CIZ_2026,0.3817996949669546,0.3817996949669545,-1.1102230246251565e-16
1950-05-31,MKT,CIZ_2026,0.4006100660904927,0.4011184544992371,0.000508388408744398
1950-06-30,MKT,CIZ_2026,-0.1204880528723947,-0.12150482968988138,-0.0010167768174866865
1950-07-31,MKT,CIZ_2026,0.25063548551093,0.25114387391967485,0.000508388408744842
1950-08-31,MKT,CIZ_2026,0.4280630401626839,0.42857142857142816,0.0005083884087442314
1950-09-30,MKT,CIZ_2026,0.426029486527707,0.426537874936451,0.0005083884087440094
1950-10-31,MKT,CIZ_2026,0.1723436705643108,0.1718352821555674,-0.0005083884087433987
1950-11-30,MKT,CIZ_2026,0.3218098627351295,0.32079308591764105,-0.0010167768174884628
1950-12-31,MKT,CIZ_2026,0.4631418403660394,0.4646670055922719,0.0015251652262325277
1951-01-31,MKT,CIZ_2026,0.4712760549059478,0.4712760549059475,-3.3306690738754696e-16
1951-02-28,MKT,CIZ_2026,0.2531774275546516,0.25266903914590766,-0.0005083884087439539
1951-03-31,MKT,CIZ_2026,0.0721911540416877,0.07168276563294448,-0.0005083884087432183
1951-04-30,MKT,CIZ_2026,0.4285714285714284,0.42857142857142816,-2.220446049250313e-16
1951-05-31,MKT,CIZ_2026,0.0625317742755464,0.061514997458058926,-0.0010167768174874775
1951-06-30,MKT,CIZ_2026,0.0482968988307064,0.04778851042196339,-0.0005083884087430102
1951-07-31,MKT,CIZ_2026,0.5343162175902387,0.5348246059989824,0.0005083884087436763
1951-08-31,MKT,CIZ_2026,0.3985765124555158,0.3995932892730042,0.0010167768174884073
1951-09-30,MKT,CIZ_2026,0.2170818505338076,0.21708185053380818,5.828670879282072e-16
1951-10-31,MKT,CIZ_2026,0.0528723945094049,0.0528723945094062,1.2975731600306517e-15
1951-11-30,MKT,CIZ_2026,0.210472801220132,0.21098118962887685,0.000508388408744842
1951-12-31,MKT,CIZ_2026,0.3507880020335534,0.3507880020335535,5.551115123125783e-17
1952-01-31,MKT,CIZ_2026,0.2552109811896286,0.2552109811896291,4.996003610813204e-16
1952-02-29,MKT,CIZ_2026,0.0482968988307064,0.0472801220132191,-0.001016776817487297
1952-03-31,MKT,CIZ_2026,0.4072191154041686,0.40721911540416844,-1.6653345369377348e-16
1952-04-30,MKT,CIZ_2026,-0.0711743772241993,-0.07117437722419781,1.4849232954361469e-15
1952-05-31,MKT,CIZ_2026,0.3441789527198777,0.34417895271987786,1.6653345369377348e-16
1952-06-30,MKT,CIZ_2026,0.3762074224707676,0.37671581087951167,0.0005083884087440649
1952-07-31,MKT,CIZ_2026,0.2277580071174374,0.22775800711743804,6.38378239159465e-16
1952-08-31,MKT,CIZ_2026,0.1428571428571425,0.14234875444839923,-0.00050838840874326
1952-09-30,MKT,CIZ_2026,0.0782918149466189,0.07778342653787583,-0.0005083884087430657
1952-10-31,MKT,CIZ_2026,0.1479410269445855,0.14794102694458627,7.771561172376096e-16
1952-11-30,MKT,CIZ_2026,0.4834773767158107,0.4844941535332987,0.0010167768174880187
1952-12-31,MKT,CIZ_2026,0.3304524656837821,0.33045246568378234,2.220446049250313e-16
1953-01-31,MKT,CIZ_2026,0.1642094560244025,0.1642094560244032,6.938893903907228e-16
1953-02-28,MKT,CIZ_2026,0.1677681748856123,0.16776817488561316,8.604228440844963e-16
1953-03-31,MKT,CIZ_2026,0.1087951194712759,0.10828673106253256,-0.0005083884087433432
1953-04-30,MKT,CIZ_2026,0.0376207422470764,0.037620742247077815,1.4155343563970746e-15
1953-05-31,MKT,CIZ_2026,0.2079308591764106,0.2074224707676669,-0.0005083884087437041
1953-06-30,MKT,CIZ_2026,0.0854092526690388,0.08540925266904002,1.2212453270876722e-15
1953-07-31,MKT,CIZ_2026,0.3035078800203352,0.3035078800203356,3.885780586188048e-16
1953-08-31,MKT,CIZ_2026,-0.0482968988307067,-0.05033045246568238,-0.0020335536349756766
1953-09-30,MKT,CIZ_2026,0.1916624300965936,0.19217081850533854,0.0005083884087449531
1953-10-31,MKT,CIZ_2026,0.415353329944077,0.4153533299440768,-1.6653345369377348e-16
1953-11-30,MKT,CIZ_2026,0.3253685815963394,0.3258769700050838,0.000508388408744398
1953-12-31,MKT,CIZ_2026,0.1830198271479408,0.18251143873919723,-0.0005083884087435653
1954-01-31,MKT,CIZ_2026,0.4422979156075239,0.44229791560752363,-2.7755575615628914e-16
1954-02-28,MKT,CIZ_2026,0.2663955261820028,0.26639552618200324,4.440892098500626e-16
1954-03-31,MKT,CIZ_2026,0.3670564311133704,0.36756481952211467,0.0005083884087442869
1954-04-30,MKT,CIZ_2026,0.3985765124555158,0.3985765124555156,-1.6653345369377348e-16
1954-05-31,MKT,CIZ_2026,0.3385866802236907,0.3390950686324351,0.000508388408744398
1954-06-30,MKT,CIZ_2026,0.235892221657346,0.23640061006609078,0.0005083884087447865
1954-07-31,MKT,CIZ_2026,0.4351804778851038,0.43568886629384806,0.0005083884087442869
1954-08-31,MKT,CIZ_2026,0.0625317742755464,0.062023385866803185,-0.0005083884087432183
1954-09-30,MKT,CIZ_2026,0.5063548551093033,0.506863243518047,0.0005083884087436763
1954-10-31,MKT,CIZ_2026,0.0965937976614133,0.09659379766141415,8.604228440844963e-16
1954-11-30,MKT,CIZ_2026,0.6583629893238432,0.6598881545500749,0.001525165226231695
1954-12-31,MKT,CIZ_2026,0.4600915099135738,0.46059989832231774,0.0005083884087439539
1955-01-31,MKT,CIZ_2026,0.2119979664463649,0.2119979664463654,4.996003610813204e-16
1955-02-28,MKT,CIZ_2026,0.3350279613624807,0.3350279613624808,1.1102230246251565e-16
1955-03-31,MKT,CIZ_2026,0.1733604473817995,0.1738688357905445,0.0005083884087449808
1955-04-30,MKT,CIZ_2026,0.3396034570411792,0.33960345704117934,1.1102230246251565e-16
1955-05-31,MKT,CIZ_2026,0.2287747839349261,0.22928317234367088,0.0005083884087447865
1955-06-30,MKT,CIZ_2026,0.5144890696492119,0.5144890696492112,-7.771561172376096e-16
1955-07-31,MKT,CIZ_2026,0.2780884595831212,0.27758007117437733,-0.0005083884087438428
1955-08-31,MKT,CIZ_2026,0.1921708185053379,0.1926792069140828,0.0005083884087448975
1955-09-30,MKT,CIZ_2026,0.1631926792069138,0.16268429079817037,-0.0005083884087434265
1955-10-31,MKT,CIZ_2026,0.0452465683782408,0.045754956786986295,0.0005083884087454943
1955-11-30,MKT,CIZ_2026,0.5388917132689373,0.5394001016776808,0.0005083884087435653
1955-12-31,MKT,CIZ_2026,0.2572445348246057,0.2572445348246062,4.996003610813204e-16
1956-01-31,MKT,CIZ_2026,0.0274529740721909,0.02745297407219227,1.3704315460216776e-15
1956-02-29,MKT,CIZ_2026,0.3731570920183018,0.373665480427046,0.0005083884087442314
1956-03-31,MKT,CIZ_2026,0.5190645653279102,0.5190645653279097,-5.551115123125783e-16
1956-04-30,MKT,CIZ_2026,0.1957295373665479,0.1957295373665485,5.828670879282072e-16
1956-05-31,MKT,CIZ_2026,-0.0828673106253178,-0.08388408744280476,-0.001016776817486964
1956-06-30,MKT,CIZ_2026,0.3584138281647175,0.3579054397559734,-0.0005083884087441204
1956-07-31,MKT,CIZ_2026,0.4275546517539397,0.4275546517539396,-1.1102230246251565e-16
1956-08-31,MKT,CIZ_2026,0.0198271479410268,0.01931875953228379,-0.0005083884087430102
1956-09-30,MKT,CIZ_2026,-0.0798169801728522,-0.07981698017285052,1.6792123247455493e-15
1956-10-31,MKT,CIZ_2026,0.2079308591764106,0.2079308591764112,5.828670879282072e-16
1956-11-30,MKT,CIZ_2026,0.199796644636502,0.19928825622775842,-0.000508388408743593
1956-12-31,MKT,CIZ_2026,0.3421453990849006,0.3421453990849007,1.1102230246251565e-16
1957-01-31,MKT,CIZ_2026,-0.0005083884087445,1.2212453270876722e-15,0.0005083884087457212
1957-02-28,MKT,CIZ_2026,0.0767666497203862,0.07625826131164301,-0.0005083884087431906
1957-03-31,MKT,CIZ_2026,0.2897813929842396,0.28978139298424005,4.440892098500626e-16
1957-04-30,MKT,CIZ_2026,0.3980681240467716,0.3980681240467714,-2.220446049250313e-16
1957-05-31,MKT,CIZ_2026,0.3568886629384848,0.3573970513472291,0.0005083884087442869
1957-06-30,MKT,CIZ_2026,0.1438739196746312,0.14336553126588777,-0.0005083884087434265
1957-07-31,MKT,CIZ_2026,0.2150482968988305,0.2150482968988311,5.828670879282072e-16
1957-08-31,MKT,CIZ_2026,-0.0782918149466193,-0.078800203355362,-0.0005083884087427049
1957-09-30,MKT,CIZ_2026,-0.1225216065073717,-0.12302999491611424,-0.0005083884087425383
1957-10-31,MKT,CIZ_2026,-0.0381291306558212,-0.038129130655819715,1.4849232954361469e-15
1957-11-30,MKT,CIZ_2026,0.2984239959328925,0.29893238434163705,0.0005083884087445645
1957-12-31,MKT,CIZ_2026,-0.0172852058973057,-0.016776817488559997,0.0005083884087457025
1958-01-31,MKT,CIZ_2026,0.4184036603965428,0.4178952719877983,-0.000508388408744509
1958-02-28,MKT,CIZ_2026,0.1042196237925774,0.10371123538383405,-0.0005083884087433571
1958-03-31,MKT,CIZ_2026,0.3477376715810878,0.3477376715810878,0.0
1958-04-30,MKT,CIZ_2026,0.3385866802236907,0.33858668022369076,5.551115123125783e-17
1958-05-31,MKT,CIZ_2026,0.2989323843416367,0.29944077275038133,0.00050838840874462
1958-06-30,MKT,CIZ_2026,0.3304524656837821,0.33045246568378234,2.220446049250313e-16
1958-07-31,MKT,CIZ_2026,0.4046771733604473,0.404677173360447,-2.7755575615628914e-16
1958-08-31,MKT,CIZ_2026,0.2785968479918657,0.2780884595831216,-0.0005083884087440649
1958-09-30,MKT,CIZ_2026,0.4184036603965428,0.41840366039654253,-2.7755575615628914e-16
1958-10-31,MKT,CIZ_2026,0.3101169293340111,0.31011692933401114,5.551115123125783e-17
1958-11-30,MKT,CIZ_2026,0.3345195729537364,0.3345195729537366,1.6653345369377348e-16
1958-12-31,MKT,CIZ_2026,0.4433146924250126,0.44382308083375643,0.0005083884087438428
1959-01-31,MKT,CIZ_2026,0.2175902389425519,0.21759023894255247,5.828670879282072e-16
1959-02-28,MKT,CIZ_2026,0.2297915607524145,0.22979156075241516,6.661338147750939e-16
1959-03-31,MKT,CIZ_2026,0.1957295373665479,0.1957295373665485,5.828670879282072e-16
1959-04-30,MKT,CIZ_2026,0.3675648195221146,0.36756481952211467,5.551115123125783e-17
1959-05-31,MKT,CIZ_2026,0.2694458566344686,0.2694458566344689,3.3306690738754696e-16
1959-06-30,MKT,CIZ_2026,0.168784951703101,0.169293340111846,0.0005083884087449808
1959-07-31,MKT,CIZ_2026,0.3426537874936448,0.3431621759023893,0.000508388408744509
1959-08-31,MKT,CIZ_2026,0.1108286731062528,0.11133706151499824,0.0005083884087454388
1959-09-30,MKT,CIZ_2026,-0.0625317742755466,-0.06304016268428933,-0.0005083884087427326
1959-10-31,MKT,CIZ_2026,0.246568378240976,0.24656837824097635,3.608224830031759e-16
1959-11-30,MKT,CIZ_2026,0.2628368073207929,0.2628368073207933,3.885780586188048e-16
1959-12-31,MKT,CIZ_2026,0.3060498220640566,0.30655821047280124,0.00050838840874462
1960-01-31,MKT,CIZ_2026,-0.1733604473817999,-0.17336044738179787,2.0261570199409107e-15
1960-02-29,MKT,CIZ_2026,0.2409761057447887,0.240467717336045,-0.0005083884087437041
1960-03-31,MKT,CIZ_2026,0.0986273512963902,0.09862735129639126,1.0547118733938987e-15
1960-04-30,MKT,CIZ_2026,0.0945602440264359,0.09456024402643703,1.1379786002407855e-15
1960-05-31,MKT,CIZ_2026,0.3401118454499237,0.3401118454499236,-5.551115123125783e-17
1960-06-30,MKT,CIZ_2026,0.2872394509405185,0.28723945094051867,1.6653345369377348e-16
1960-07-31,MKT,CIZ_2026,0.0610066090493135,0.06100660904931464,1.1379786002407855e-15
1960-08-31,MKT,CIZ_2026,0.3345195729537364,0.3340111845449923,-0.0005083884087441204
1960-09-30,MKT,CIZ_2026,-0.1230299949161159,-0.12353838332485853,-0.0005083884087426355
1960-10-31,MKT,CIZ_2026,0.1453990849008639,0.1453990849008649,9.992007221626409e-16
1960-11-30,MKT,CIZ_2026,0.4199288256227755,0.4199288256227754,-1.1102230246251565e-16
1960-12-31,MKT,CIZ_2026,0.4209456024402642,0.4219623792577525,0.0010167768174882963
1961-01-31,MKT,CIZ_2026,0.4966954753431618,0.4966954753431615,-2.7755575615628914e-16
1961-02-28,MKT,CIZ_2026,0.3629893238434161,0.36298932384341615,5.551115123125783e-17
1961-03-31,MKT,CIZ_2026,0.328418912048805,0.32841891204880524,2.220446049250313e-16
1961-04-30,MKT,CIZ_2026,0.1962379257752922,0.19623792577529275,5.551115123125783e-16
1961-05-31,MKT,CIZ_2026,0.3035078800203352,0.3035078800203356,3.885780586188048e-16
1961-06-30,MKT,CIZ_2026,0.0249110320284695,0.024911032028470836,1.3357370765021415e-15
1961-07-31,MKT,CIZ_2026,0.3253685815963394,0.3253685815963395,1.1102230246251565e-16
1961-08-31,MKT,CIZ_2026,0.312150482968988,0.3121504829689883,2.7755575615628914e-16
1961-09-30,MKT,CIZ_2026,0.0721911540416877,0.07219115404168877,1.0685896612017132e-15
1961-10-31,MKT,CIZ_2026,0.312150482968988,0.3126588713777326,0.0005083884087445645
1961-11-30,MKT,CIZ_2026,0.4077275038129129,0.4077275038129127,-2.220446049250313e-16
1961-12-31,MKT,CIZ_2026,0.1723436705643108,0.17285205897305594,0.0005083884087451473
1962-01-31,MKT,CIZ_2026,-0.0152516522623286,-0.015251652262327164,1.4363510381087963e-15
1962-02-28,MKT,CIZ_2026,0.2735129639044227,0.27351296390442315,4.440892098500626e-16
1962-03-31,MKT,CIZ_2026,0.1469242501270968,0.14692425012709773,9.159339953157541e-16
1962-04-30,MKT,CIZ_2026,-0.1535332994407728,-0.15353329944077096,1.8318679906315083e-15
1962-05-31,MKT,CIZ_2026,-0.2582613116420947,-0.25876970005083666,-0.0005083884087419555
1962-06-30,MKT,CIZ_2026,-0.2491103202846977,-0.2506354855109282,-0.0015251652262304738
1962-07-31,MKT,CIZ_2026,0.5007625826131163,0.5002541942043713,-0.0005083884087450086
1962-08-31,MKT,CIZ_2026,0.2897813929842396,0.28978139298424005,4.440892098500626e-16
1962-09-30,MKT,CIZ_2026,-0.0838840874428064,-0.08388408744280476,1.6375789613221059e-15
1962-10-31,MKT,CIZ_2026,0.1789527198779865,0.17895271987798728,7.771561172376096e-16
1962-11-30,MKT,CIZ_2026,0.734112862226741,0.7351296390442282,0.0010167768174872416
1962-12-31,MKT,CIZ_2026,0.2328418912048804,0.23284189120488083,4.163336342344337e-16
1963-01-31,MKT,CIZ_2026,0.4321301474326382,0.43263853584138234,0.0005083884087441204
1963-02-28,MKT,CIZ_2026,0.0604982206405693,0.059481443823081806,-0.0010167768174874914
1963-03-31,MKT,CIZ_2026,0.3380782918149465,0.33807829181494653,5.551115123125783e-17
1963-04-30,MKT,CIZ_2026,0.4107778342653787,0.41077783426537834,-3.885780586188048e-16
1963-05-31,MKT,CIZ_2026,0.2709710218607015,0.2709710218607017,2.220446049250313e-16
1963-06-30,MKT,CIZ_2026,0.0798169801728518,0.07981698017285295,1.1518563880486e-15
1963-07-31,MKT,CIZ_2026,0.1616675139806811,0.16166751398068183,7.216449660063518e-16
1963-08-31,MKT,CIZ_2026,0.4392475851550583,0.43975597356380225,0.0005083884087439539
1963-09-30,MKT,CIZ_2026,0.1016776817488558,0.10167768174885693,1.124100812432971e-15
1963-10-31,MKT,CIZ_2026,0.3101169293340111,0.3106253177427555,0.000508388408744398
1963-11-30,MKT,CIZ_2026,0.138281647178444,0.1377732587697007,-0.0005083884087432877
1963-12-31,MKT,CIZ_2026,0.2745297407219114,0.27452974072191166,2.7755575615628914e-16
1964-01-31,MKT,CIZ_2026,0.2953736654804269,0.2953736654804271,2.220446049250313e-16
1964-02-29,MKT,CIZ_2026,0.2597864768683271,0.2602948652770719,0.0005083884087447865
1964-03-31,MKT,CIZ_2026,0.2531774275546516,0.253177427554652,3.885780586188048e-16
1964-04-30,MKT,CIZ_2026,0.1865785460091509,0.18657854600915147,5.828670879282072e-16
1964-05-31,MKT,CIZ_2026,0.2536858159633957,0.253177427554652,-0.0005083884087436763
1964-06-30,MKT,CIZ_2026,0.2460599898322315,0.2460599898322321,5.828670879282072e-16
1964-07-31,MKT,CIZ_2026,0.2699542450432126,0.2699542450432132,6.106226635438361e-16
1964-08-31,MKT,CIZ_2026,0.1082867310625315,0.10828673106253256,1.0547118733938987e-15
1964-09-30,MKT,CIZ_2026,0.3182511438739195,0.3182511438739196,1.1102230246251565e-16
1964-10-31,MKT,CIZ_2026,0.2114895780376204,0.2119979664463654,0.0005083884087450086
1964-11-30,MKT,CIZ_2026,0.1814946619217079,0.1809862735129644,-0.0005083884087435098
1964-12-31,MKT,CIZ_2026,0.1830198271479408,0.1835282155566858,0.0005083884087450086
1965-01-31,MKT,CIZ_2026,0.3614641586171834,0.36146415861718334,-5.551115123125783e-17
1965-02-28,MKT,CIZ_2026,0.2038637519064563,0.20386375190645695,6.38378239159465e-16
1965-03-31,MKT,CIZ_2026,0.1133706151499744,0.11337061514997533,9.298117831235686e-16
1965-04-30,MKT,CIZ_2026,0.3396034570411792,0.33960345704117934,1.1102230246251565e-16
1965-05-31,MKT,CIZ_2026,0.1423487544483983,0.14184036603965494,-0.000508388408743371
1965-06-30,MKT,CIZ_2026,-0.0986273512963906,-0.09862735129638886,1.734723475976807e-15
1965-07-31,MKT,CIZ_2026,0.2541942043721401,0.2547025927808848,0.000508388408744731
1965-08-31,MKT,CIZ_2026,0.3202846975088966,0.32028469750889677,1.6653345369377348e-16
1965-09-30,MKT,CIZ_2026,0.3268937468225723,0.3268937468225724,1.1102230246251565e-16
1965-10-31,MKT,CIZ_2026,0.313675648195221,0.31367564819522115,1.6653345369377348e-16
1965-11-30,MKT,CIZ_2026,0.179969496695475,0.17996949669547585,8.604228440844963e-16
1965-12-31,MKT,CIZ_2026,0.2328418912048804,0.23284189120488083,4.163336342344337e-16
1966-01-31,MKT,CIZ_2026,0.2180986273512961,0.21809862735129676,6.661338147750939e-16
1966-02-28,MKT,CIZ_2026,0.1199796644636499,0.11997966446365096,1.0685896612017132e-15
1966-03-31,MKT,CIZ_2026,0.0538891713268934,0.05388917132689475,1.3461454173580023e-15
1966-04-30,MKT,CIZ_2026,0.2902897813929841,0.28978139298424005,-0.0005083884087440649
1966-05-31,MKT,CIZ_2026,-0.1062531774275548,-0.10676156583629734,-0.0005083884087425383
1966-06-30,MKT,CIZ_2026,0.1082867310625315,0.10828673106253256,1.0547118733938987e-15
1966-07-31,MKT,CIZ_2026,0.0986273512963902,0.09862735129639126,1.0547118733938987e-15
1966-08-31,MKT,CIZ_2026,-0.2206405693950179,-0.22216573462124858,-0.0015251652262306958
1966-09-30,MKT,CIZ_2026,0.1276054905948143,0.12760549059481513,8.326672684688674e-16
1966-10-31,MKT,CIZ_2026,0.3777325876970003,0.37773258769700024,-5.551115123125783e-17
1966-11-30,MKT,CIZ_2026,0.2526690391459072,0.25165226232841914,-0.0010167768174880742
1966-12-31,MKT,CIZ_2026,0.1881037112353836,0.1881037112353843,6.938893903907228e-16
1967-01-31,MKT,CIZ_2026,0.5958312150482967,0.5958312150482958,-8.881784197001252e-16
1967-02-28,MKT,CIZ_2026,0.2211489578037619,0.22064056939501814,-0.0005083884087437596
1967-03-31,MKT,CIZ_2026,0.3843416370106758,0.3843416370106759,1.1102230246251565e-16
1967-04-30,MKT,CIZ_2026,0.3792577529232332,0.3792577529232331,-1.1102230246251565e-16
1967-05-31,MKT,CIZ_2026,-0.0386375190645655,-0.038129130655819715,0.0005083884087457857
1967-06-30,MKT,CIZ_2026,0.3040162684290797,0.30452465683782415,0.0005083884087444535
1967-07-31,MKT,CIZ_2026,0.4143365531265885,0.41433655312658835,-1.6653345369377348e-16
1967-08-31,MKT,CIZ_2026,0.1362480935434669,0.1357397051347236,-0.0005083884087432877
1967-09-30,MKT,CIZ_2026,0.3396034570411792,0.3390950686324351,-0.0005083884087441204
1967-10-31,MKT,CIZ_2026,0.0244026436197253,0.024911032028470836,0.0005083884087455359
1967-11-30,MKT,CIZ_2026,0.2003050330452465,0.200305033045247,4.996003610813204e-16
1967-12-31,MKT,CIZ_2026,0.3365531265887136,0.33655312658871367,5.551115123125783e-17
1968-01-31,MKT,CIZ_2026,-0.0249110320284698,-0.023385866802235644,0.0015251652262341549
1968-02-29,MKT,CIZ_2026,-0.0091509913573971,-0.008642602948651545,0.000508388408745555
1968-03-31,MKT,CIZ_2026,0.1916624300965936,0.19217081850533854,0.0005083884087449531
1968-04-30,MKT,CIZ_2026,0.641586171835282,0.640061006609048,-0.0015251652262340265
1968-05-31,MKT,CIZ_2026,0.297407219115404,0.29740721911540424,2.220446049250313e-16
1968-06-30,MKT,CIZ_2026,0.2165734621250634,0.21708185053380818,0.0005083884087447865
1968-07-31,MKT,CIZ_2026,0.0432130147432636,0.04473817996949772,0.0015251652262341236
1968-08-31,MKT,CIZ_2026,0.2496187086934416,0.2501270971021863,0.0005083884087446755
1968-09-30,MKT,CIZ_2026,0.3863751906456532,0.38739196746314153,0.0010167768174883518
1968-10-31,MKT,CIZ_2026,0.2028469750889678,0.20335536349771266,0.0005083884087448698
1968-11-30,MKT,CIZ_2026,0.4575495678698522,0.457549567869852,-1.6653345369377348e-16
1968-12-31,MKT,CIZ_2026,-0.0188103711235385,-0.01830198271479283,0.0005083884087456712
1969-01-31,MKT,CIZ_2026,0.117946110828673,0.11794611082867384,8.465450562766819e-16
1969-02-28,MKT,CIZ_2026,-0.1154041687849518,-0.11642094560243862,-0.0010167768174868252
1969-03-31,MKT,CIZ_2026,0.3157092018301981,0.3167259786476868,0.0010167768174886849
1969-04-30,MKT,CIZ_2026,0.255719369598373,0.2557193695983734,3.885780586188048e-16
1969-05-31,MKT,CIZ_2026,0.1764107778342651,0.17691916624301018,0.0005083884087450918
1969-06-30,MKT,CIZ_2026,-0.1835282155566854,-0.18403660396542768,-0.0005083884087422885
1969-07-31,MKT,CIZ_2026,-0.1743772241992883,-0.1743772241992864,1.915134717478395e-15
1969-08-31,MKT,CIZ_2026,0.4194204372140313,0.4199288256227754,0.0005083884087440649
1969-09-30,MKT,CIZ_2026,0.0299949161159123,0.03050330452465791,0.0005083884087456088
1969-10-31,MKT,CIZ_2026,0.4387391967463139,0.4387391967463137,-2.220446049250313e-16
1969-11-30,MKT,CIZ_2026,-0.0111845449923743,-0.011692933401117211,-0.0005083884087429113
1969-12-31,MKT,CIZ_2026,0.0477885104219621,0.04778851042196339,1.2836953722228372e-15
1970-01-31,MKT,CIZ_2026,-0.2302999491611592,-0.230299949161157,2.192690473634684e-15
1970-02-28,MKT,CIZ_2026,0.4422979156075239,0.44280630401626786,0.0005083884087439539
1970-03-31,MKT,CIZ_2026,0.1276054905948143,0.12760549059481513,8.326672684688674e-16
1970-04-30,MKT,CIZ_2026,-0.3777325876970007,-0.37722419928825357,0.000508388408747118
1970-05-31,MKT,CIZ_2026,-0.170310116929334,-0.16929334011184363,0.001016776817490378
1970-06-30,MKT,CIZ_2026,-0.1128622267412303,-0.11337061514997296,-0.0005083884087426632
1970-07-31,MKT,CIZ_2026,0.5338078291814945,0.5332994407727495,-0.0005083884087450086
1970-08-31,MKT,CIZ_2026,0.4097610574478898,0.41026944585663405,0.0005083884087442314
1970-09-30,MKT,CIZ_2026,0.3940010167768173,0.39400101677681715,-1.6653345369377348e-16
1970-10-31,MKT,CIZ_2026,0.065582104728012,0.06609049313675742,0.0005083884087454249
1970-11-30,MKT,CIZ_2026,0.415353329944077,0.41637010676156544,0.0010167768174884628
1970-12-31,MKT,CIZ_2026,0.4722928317234365,0.47330960854092463,0.0010167768174881298
1971-01-31,MKT,CIZ_2026,0.4275546517539397,0.42704626334519524,-0.0005083884087444535
1971-02-28,MKT,CIZ_2026,0.2531774275546516,0.253177427554652,3.885780586188048e-16
1971-03-31,MKT,CIZ_2026,0.3914590747330959,0.3909506863243515,-0.000508388408744398
1971-04-30,MKT,CIZ_2026,0.3416370106761563,0.3416370106761565,1.6653345369377348e-16
1971-05-31,MKT,CIZ_2026,-0.0208439247585157,-0.021352313167258524,-0.0005083884087428228
1971-06-30,MKT,CIZ_2026,0.1764107778342651,0.17691916624301018,0.0005083884087450918
1971-07-31,MKT,CIZ_2026,-0.0472801220132182,-0.046771733604472454,0.0005083884087457441
1971-08-31,MKT,CIZ_2026,0.3741738688357903,0.3741738688357903,0.0
1971-09-30,MKT,CIZ_2026,0.138281647178444,0.1377732587697007,-0.0005083884087432877
1971-10-31,MKT,CIZ_2026,-0.0432130147432638,-0.04321301474326247,1.3253287356462806e-15
1971-11-30,MKT,CIZ_2026,0.158108795119471,0.15810879511947187,8.604228440844963e-16
1971-12-31,MKT,CIZ_2026,0.6243009659379763,0.6243009659379755,-8.881784197001252e-16
1972-01-31,MKT,CIZ_2026,0.3080833756990337,0.3070665988815455,-0.0010167768174881853
1972-02-29,MKT,CIZ_2026,0.3274021352313165,0.32740213523131667,1.6653345369377348e-16
1972-03-31,MKT,CIZ_2026,0.2135231316725976,0.21301474326385395,-0.0005083884087436485
1972-04-30,MKT,CIZ_2026,0.1962379257752922,0.19623792577529275,5.551115123125783e-16
1972-05-31,MKT,CIZ_2026,0.245043213014743,0.2470767666497206,0.0020335536349776195
1972-06-30,MKT,CIZ_2026,0.0579562785968479,0.05795627859684896,1.061650767297806e-15
1972-07-31,MKT,CIZ_2026,0.1408235892221654,0.1408235892221664,9.992007221626409e-16
1972-08-31,MKT,CIZ_2026,0.3472292831723436,0.3477376715810878,0.0005083884087442314
1972-09-30,MKT,CIZ_2026,0.12353838332486,0.12353838332486092,9.159339953157541e-16
1972-10-31,MKT,CIZ_2026,0.2079308591764106,0.2079308591764112,5.828670879282072e-16
1972-11-30,MKT,CIZ_2026,0.415353329944077,0.4153533299440768,-1.6653345369377348e-16
1972-12-31,MKT,CIZ_2026,0.2130147432638534,0.21301474326385395,5.551115123125783e-16
1973-01-31,MKT,CIZ_2026,0.0142348754448398,0.015251652262329551,0.0010167768174897517
1973-02-28,MKT,CIZ_2026,-0.0650737163192679,-0.06507371631926645,1.4432899320127035e-15
1973-03-31,MKT,CIZ_2026,0.1154041687849514,0.11540416878495245,1.0547118733938987e-15
1973-04-30,MKT,CIZ_2026,-0.1072699542450433,-0.10726995424504157,1.734723475976807e-15
1973-05-31,MKT,CIZ_2026,0.0320284697508894,0.03050330452465791,-0.0015251652262314938
1973-06-30,MKT,CIZ_2026,0.1016776817488558,0.10167768174885693,1.124100812432971e-15
1973-07-31,MKT,CIZ_2026,0.4382308083375696,0.4377224199288251,-0.000508388408744509
1973-08-31,MKT,CIZ_2026,-0.0127097102186072,-0.012709710218605758,1.4432899320127035e-15
1973-09-30,MKT,CIZ_2026,0.4229791560752414,0.42247076766649677,-0.00050838840874462
1973-10-31,MKT,CIZ_2026,0.1392984239959327,0.13929842399593356,8.604228440844963e-16
1973-11-30,MKT,CIZ_2026,-0.4667005592272497,-0.46822572445347943,-0.0015251652262297521
1973-12-31,MKT,CIZ_2026,0.2125063548551091,0.2114895780376211,-0.001016776817487991
1974-01-31,MKT,CIZ_2026,0.1728520589730551,0.17336044738180023,0.0005083884087451196
1974-02-28,MKT,CIZ_2026,0.1576004067107268,0.15810879511947187,0.0005083884087450641
1974-03-31,MKT,CIZ_2026,0.0386375190645651,0.0381291306558221,-0.0005083884087429963
1974-04-30,MKT,CIZ_2026,-0.0874428063040163,-0.08693441789527048,0.0005083884087458135
1974-05-31,MKT,CIZ_2026,-0.0564311133706153,-0.05744789018810231,-0.0010167768174870126
1974-06-30,MKT,CIZ_2026,0.0376207422470764,0.037112353838333556,-0.0005083884087428436
1974-07-31,MKT,CIZ_2026,-0.2277580071174378,-0.22826639552617997,-0.0005083884087421775
1974-08-31,MKT,CIZ_2026,-0.2938485002541943,-0.295882053889169,-0.002033553634974705
1974-09-30,MKT,CIZ_2026,-0.4168784951703101,-0.41789527198779575,-0.0010167768174856318
1974-10-31,MKT,CIZ_2026,1.0,1.0005083884087416,0.0005083884087415669
1974-11-30,MKT,CIZ_2026,-0.0477885104219626,-0.048805287239449574,-0.001016776817486971
1974-12-31,MKT,CIZ_2026,0.0061006609049312,0.0066090493136768125,0.0005083884087456123
1975-01-31,MKT,CIZ_2026,0.8759532282663953,0.8764616166751377,0.000508388408742344
1975-02-28,MKT,CIZ_2026,0.4641586171835279,0.4641586171835276,-3.3306690738754696e-16
1975-03-31,MKT,CIZ_2026,0.3167259786476866,0.3167259786476868,2.220446049250313e-16
1975-04-30,MKT,CIZ_2026,0.3965429588205387,0.39603457041179424,-0.0005083884087444535
1975-05-31,MKT,CIZ_2026,0.4453482460599898,0.4458566344687336,0.0005083884087437873
1975-06-30,MKT,CIZ_2026,0.4270462633451957,0.4290798169801724,0.0020335536349767036
1975-07-31,MKT,CIZ_2026,-0.1535332994407728,-0.1540416878495152,-0.0005083884087423995
1975-08-31,MKT,CIZ_2026,0.0366039654295879,0.037112353838333556,0.0005083884087456539
1975-09-30,MKT,CIZ_2026,-0.0350788002033556,-0.03507880020335402,1.582067810090848e-15
1975-10-31,MKT,CIZ_2026,0.451448906964921,0.4519572953736649,0.0005083884087438983
1975-11-30,MKT,CIZ_2026,0.3157092018301981,0.3162175902389425,0.000508388408744398
1975-12-31,MKT,CIZ_2026,0.1001525165226231,0.1001525165226241,9.992007221626409e-16
1976-01-31,MKT,CIZ_2026,0.7996949669547533,0.7991865785460073,-0.0005083884087460078
1976-02-29,MKT,CIZ_2026,0.1977630910015249,0.19725470259278133,-0.0005083884087435653
1976-03-31,MKT,CIZ_2026,0.2994407727503811,0.29944077275038133,2.220446049250313e-16
1976-04-30,MKT,CIZ_2026,0.1057447890188103,0.10574478901881117,8.604228440844963e-16
1976-05-31,MKT,CIZ_2026,0.1133706151499744,0.11337061514997533,9.298117831235686e-16
1976-06-30,MKT,CIZ_2026,0.3873919674631416,0.38790035587188576,0.0005083884087441759
1976-07-31,MKT,CIZ_2026,0.12709710218607,0.12760549059481513,0.0005083884087451196
1976-08-31,MKT,CIZ_2026,0.1530249110320283,0.1525165226232848,-0.0005083884087435098
1976-09-30,MKT,CIZ_2026,0.286731062531774,0.2862226741230301,-0.0005083884087438983
1976-10-31,MKT,CIZ_2026,0.0584646670055921,0.058464667005593246,1.1449174941446927e-15
1976-11-30,MKT,CIZ_2026,0.199796644636502,0.1997966446365027,6.938893903907228e-16
1976-12-31,MKT,CIZ_2026,0.4687341128622266,0.4687341128622261,-4.996003610813204e-16
1977-01-31,MKT,CIZ_2026,-0.0244026436197256,-0.023385866802235644,0.0010167768174899547
1977-02-28,MKT,CIZ_2026,0.0828673106253174,0.08286731062531863,1.2351231148954867e-15
1977-03-31,MKT,CIZ_2026,0.1118454499237415,0.11286222674123106,0.0010167768174895592
1977-04-30,MKT,CIZ_2026,0.189120488052872,0.18912048805287288,8.881784197001252e-16
1977-05-31,MKT,CIZ_2026,0.1077783426537872,0.10676156583629973,-0.0010167768174874775
1977-06-30,MKT,CIZ_2026,0.4209456024402642,0.4214539908490082,0.0005083884087440094
1977-07-31,MKT,CIZ_2026,0.0955770208439246,0.0955770208439256,9.992007221626409e-16
1977-08-31,MKT,CIZ_2026,0.092526690391459,0.09201830198271564,-0.0005083884087433571
1977-09-30,MKT,CIZ_2026,0.1677681748856123,0.16776817488561316,8.604228440844963e-16
1977-10-31,MKT,CIZ_2026,-0.0411794611082868,-0.04168784951702964,-0.0005083884087428436
1977-11-30,MKT,CIZ_2026,0.3848500254194202,0.38485002541942015,-5.551115123125783e-17
1977-12-31,MKT,CIZ_2026,0.1952211489578035,0.1952211489578042,7.216449660063518e-16
1978-01-31,MKT,CIZ_2026,-0.1240467717336046,-0.12353838332485853,0.0005083884087460633
1978-02-28,MKT,CIZ_2026,0.1113370615149973,0.11082867310625395,-0.0005083884087433432
1978-03-31,MKT,CIZ_2026,0.3263853584138281,0.3263853584138281,0.0
1978-04-30,MKT,CIZ_2026,0.5821047280122011,0.581596339603456,-0.0005083884087451196
1978-05-31,MKT,CIZ_2026,0.2709710218607015,0.2709710218607017,2.220446049250313e-16
1978-06-30,MKT,CIZ_2026,0.0955770208439246,0.0955770208439256,9.992007221626409e-16
1978-07-31,MKT,CIZ_2026,0.4412811387900353,0.4417895271987794,0.0005083884087441204
1978-08-31,MKT,CIZ_2026,0.3721403152008131,0.373665480427046,0.0015251652262329163
1978-09-30,MKT,CIZ_2026,0.1087951194712759,0.10828673106253256,-0.0005083884087433432
1978-10-31,MKT,CIZ_2026,-0.4239959328927302,-0.42348754448398296,0.000508388408747229
1978-11-30,MKT,CIZ_2026,0.3192679206914082,0.3192679206914082,0.0
1978-12-31,MKT,CIZ_2026,0.2262328418912047,0.22572445348246092,-0.0005083884087437873
1979-01-31,MKT,CIZ_2026,0.3965429588205387,0.39603457041179424,-0.0005083884087444535
1979-02-28,MKT,CIZ_2026,0.0005083884087442,0.0005083884087454804,1.2804427657053807e-15
1979-03-31,MKT,CIZ_2026,0.4702592780884593,0.4697508896797147,-0.00050838840874462
1979-04-30,MKT,CIZ_2026,0.1784443314692423,0.17793594306049873,-0.0005083884087435653
1979-05-31,MKT,CIZ_2026,0.0691408235892219,0.06964921199796736,0.0005083884087454665
1979-06-30,MKT,CIZ_2026,0.3772241992882561,0.37671581087951167,-0.0005083884087444535
1979-07-31,MKT,CIZ_2026,0.2231825114387391,0.2236908998474838,0.0005083884087447033
1979-08-31,MKT,CIZ_2026,0.4626334519572952,0.4631418403660391,0.0005083884087438983
1979-09-30,MKT,CIZ_2026,0.1398068124046769,0.13929842399593356,-0.0005083884087433432
1979-10-31,MKT,CIZ_2026,-0.2302999491611592,-0.230299949161157,2.192690473634684e-15
1979-11-30,MKT,CIZ_2026,0.4463650228774782,0.44687341128622216,0.0005083884087439539
1979-12-31,MKT,CIZ_2026,0.2724961870869342,0.2719877986781903,-0.0005083884087438983
1980-01-31,MKT,CIZ_2026,0.4616166751398067,0.46110828673106197,-0.000508388408744731
1980-02-29,MKT,CIZ_2026,0.1194712760549059,0.1189628876461624,-0.0005083884087434959
1980-03-31,MKT,CIZ_2026,-0.474326385358414,-0.47432638535841076,3.219646771412954e-15
1980-04-30,MKT,CIZ_2026,0.3833248601931873,0.38230808337569877,-0.0010167768174885183
1980-05-31,MKT,CIZ_2026,0.4489069649211996,0.4489069649211993,-2.7755575615628914e-16
1980-06-30,MKT,CIZ_2026,0.3370615149974578,0.3329944077275037,-0.004067107269954073
1980-07-31,MKT,CIZ_2026,0.5114387391967461,0.5124555160142341,0.0010167768174880187
1980-08-31,MKT,CIZ_2026,0.2730045754956784,0.2704626334519574,-0.0025419420437209905
1980-09-30,MKT,CIZ_2026,0.2928317234367055,0.2928317234367057,2.220446049250313e-16
1980-10-31,MKT,CIZ_2026,0.2353838332486015,0.23436705643111366,-0.0010167768174878244
1980-11-30,MKT,CIZ_2026,0.6690391459074732,0.6695475343162162,0.0005083884087430102
1980-12-31,MKT,CIZ_2026,-0.0482968988307067,-0.04524656837823959,0.0030503304524671093
1981-01-31,MKT,CIZ_2026,-0.0747330960854093,-0.07574987290289628,-0.001016776817486978
1981-02-28,MKT,CIZ_2026,0.210472801220132,0.21250635485510969,0.002033553634977675
1981-03-31,MKT,CIZ_2026,0.3624809354346718,0.36807320793085896,0.005592272496187156
1981-04-30,MKT,CIZ_2026,0.0742247076766648,0.07168276563294448,-0.0025419420437203105
1981-05-31,MKT,CIZ_2026,0.1870869344178951,0.1881037112353843,0.0010167768174892122
1981-06-30,MKT,CIZ_2026,0.0615149974580577,0.06253177427554749,0.0010167768174897882
1981-07-31,MKT,CIZ_2026,0.1032028469750887,0.10269445856634549,-0.0005083884087432183
1981-08-31,MKT,CIZ_2026,-0.1764107778342655,-0.1753940010167749,0.0010167768174906
1981-09-30,MKT,CIZ_2026,-0.183019827147941,-0.18403660396542768,-0.0010167768174866865
1981-10-31,MKT,CIZ_2026,0.431621759023894,0.43162175902389377,-2.220446049250313e-16
1981-11-30,MKT,CIZ_2026,0.3523131672597863,0.35434672089476343,0.0020335536349771477
1981-12-31,MKT,CIZ_2026,-0.0040671072699542,-0.0030503304524644725,0.0010167768174897274
1982-01-31,MKT,CIZ_2026,0.0167768174885611,0.01728520589730667,0.0005083884087455706
1982-02-28,MKT,CIZ_2026,-0.1164209456024404,-0.11642094560243862,1.7763568394002505e-15
1982-03-31,MKT,CIZ_2026,0.0864260294865275,0.08896797153024996,0.0025419420437224616
1982-04-30,MKT,CIZ_2026,0.3477376715810878,0.346212506354855,-0.0015251652262328053
1982-05-31,MKT,CIZ_2026,-0.0213523131672598,-0.01830198271479283,0.0030503304524669705
1982-06-30,MKT,CIZ_2026,0.0244026436197253,0.024911032028470836,0.0005083884087455359
1982-07-31,MKT,CIZ_2026,0.0193187595322823,0.018810371123539504,-0.0005083884087427951
1982-08-31,MKT,CIZ_2026,0.7478393492628364,0.7524148449415337,0.0045754956786973056
1982-09-30,MKT,CIZ_2026,0.2470767666497202,0.2480935434672092,0.0010167768174889902
1982-10-31,MKT,CIZ_2026,0.7559735638027452,0.7559735638027436,-1.5543122344752192e-15
1982-11-30,MKT,CIZ_2026,0.4189120488052869,0.4194204372140311,0.0005083884087442314
1982-12-31,MKT,CIZ_2026,0.2094560244026435,0.20996441281138828,0.0005083884087447865
1983-01-31,MKT,CIZ_2026,0.364514489069649,0.3640061006609047,-0.0005083884087442869
1983-02-28,MKT,CIZ_2026,0.3131672597864767,0.31316725978647686,1.6653345369377348e-16
1983-03-31,MKT,CIZ_2026,0.3248601931875952,0.324351804778851,-0.0005083884087441759
1983-04-30,MKT,CIZ_2026,0.5205897305541431,0.5200813421453983,-0.0005083884087448975
1983-05-31,MKT,CIZ_2026,0.2079308591764106,0.2074224707676669,-0.0005083884087437041
1983-06-30,MKT,CIZ_2026,0.3375699034062021,0.3375699034062022,1.1102230246251565e-16
1983-07-31,MKT,CIZ_2026,-0.0254194204372142,-0.02491103202846842,0.0005083884087457788
1983-08-31,MKT,CIZ_2026,0.1560752414844939,0.15607524148449475,8.604228440844963e-16
1983-09-30,MKT,CIZ_2026,0.2277580071174374,0.22826639552618233,0.0005083884087449253
1983-10-31,MKT,CIZ_2026,0.0066090493136754,0.007117437722421099,0.000508388408745699
1983-11-30,MKT,CIZ_2026,0.2913065582104726,0.29181494661921714,0.0005083884087445645
1983-12-31,MKT,CIZ_2026,0.091001525165226,0.09150991357397135,0.0005083884087453555
1984-01-31,MKT,CIZ_2026,0.0838840874428061,0.08388408744280719,1.096345236817342e-15
1984-02-29,MKT,CIZ_2026,-0.0635485510930352,-0.06100660904931221,0.002541942043722989
1984-03-31,MKT,CIZ_2026,0.2135231316725976,0.2145399084900868,0.0010167768174892122
1984-04-30,MKT,CIZ_2026,0.1555668530757497,0.15556685307575047,7.771561172376096e-16
1984-05-31,MKT,CIZ_2026,-0.1220132180986274,-0.12252160650736996,-0.0005083884087425522
1984-06-30,MKT,CIZ_2026,0.2740213523131671,0.27351296390442315,-0.0005083884087439539
1984-07-31,MKT,CIZ_2026,0.0421962379257752,0.04321301474326489,0.001016776817489691
1984-08-31,MKT,CIZ_2026,0.7041179461108282,0.7036095577020829,-0.0005083884087453416
1984-09-30,MKT,CIZ_2026,0.1408235892221654,0.1408235892221664,9.992007221626409e-16
1984-10-31,MKT,CIZ_2026,0.1387900355871885,0.13879003558718928,7.771561172376096e-16
1984-11-30,MKT,CIZ_2026,0.0920183019827145,0.09150991357397135,-0.0005083884087431489
1984-12-31,MKT,CIZ_2026,0.2750381291306556,0.27503812913065595,3.3306690738754696e-16
1985-01-31,MKT,CIZ_2026,0.5876970005083881,0.5866802236908988,-0.001016776817489351
1985-02-28,MKT,CIZ_2026,0.2435180477885101,0.2435180477885107,5.828670879282072e-16
1985-03-31,MKT,CIZ_2026,0.1387900355871885,0.13929842399593356,0.0005083884087450641
1985-04-30,MKT,CIZ_2026,0.132689374682257,0.13268937468225794,9.43689570931383e-16
1985-05-31,MKT,CIZ_2026,0.4402643619725468,0.439247585155058,-0.001016776817488796
1985-06-30,MKT,CIZ_2026,0.2460599898322315,0.2460599898322321,5.828670879282072e-16
1985-07-31,MKT,CIZ_2026,0.1438739196746312,0.1448906964921206,0.0010167768174894065
1985-08-31,MKT,CIZ_2026,0.1296390442297914,0.13014743263853654,0.0005083884087451473
1985-09-30,MKT,CIZ_2026,-0.0493136756481953,-0.04778851042196097,0.0015251652262343249
1985-10-31,MKT,CIZ_2026,0.3858668022369087,0.38485002541942015,-0.0010167768174885738
1985-11-30,MKT,CIZ_2026,0.5109303507880019,0.5099135739705127,-0.001016776817489129
1985-12-31,MKT,CIZ_2026,0.3787493645144888,0.3787493645144888,0.0
1986-01-31,MKT,CIZ_2026,0.214539908490086,0.2145399084900868,8.049116928532385e-16
1986-02-28,MKT,CIZ_2026,0.54397559735638,0.5444839857651236,0.0005083884087435653
1986-03-31,MKT,CIZ_2026,0.4295882053889168,0.43111337061514954,0.0015251652262327497
1986-04-30,MKT,CIZ_2026,0.1148957803762074,0.11642094560244101,0.0015251652262336102
1986-05-31,MKT,CIZ_2026,0.4163701067615657,0.41637010676156544,-2.7755575615628914e-16
1986-06-30,MKT,CIZ_2026,0.2338586680223688,0.23538383324860224,0.0015251652262334436
1986-07-31,MKT,CIZ_2026,-0.1464158617183529,-0.14539908490086248,0.0010167768174904335
1986-08-31,MKT,CIZ_2026,0.4900864260294864,0.4900864260294858,-5.551115123125783e-16
1986-09-30,MKT,CIZ_2026,-0.2557193695983732,-0.2552109811896267,0.0005083884087465074
1986-10-31,MKT,CIZ_2026,0.4184036603965428,0.41738688357905396,-0.0010167768174888514
1986-11-30,MKT,CIZ_2026,0.2409761057447887,0.24097610574478928,5.828670879282072e-16
1986-12-31,MKT,CIZ_2026,0.0152516522623282,0.01576004067107384,0.0005083884087456383
1987-01-31,MKT,CIZ_2026,0.815455007625826,0.8144382308083357,-0.0010167768174903502
1987-02-28,MKT,CIZ_2026,0.4046771733604473,0.4041687849517027,-0.0005083884087445645
1987-03-31,MKT,CIZ_2026,0.2648703609557701,0.2643619725470261,-0.0005083884087440094
1987-04-30,MKT,CIZ_2026,0.0742247076766648,0.07524148449415445,0.0010167768174896563
1987-05-31,MKT,CIZ_2026,0.1870869344178951,0.18708693441789576,6.661338147750939e-16
1987-06-30,MKT,CIZ_2026,0.3817996949669546,0.3802745297407216,-0.0015251652262329718
1987-07-31,MKT,CIZ_2026,0.3772241992882561,0.37671581087951167,-0.0005083884087444535
1987-08-31,MKT,CIZ_2026,0.3604473817996947,0.36044738179969477,5.551115123125783e-17
1987-09-30,MKT,CIZ_2026,0.0498220640569393,0.050330452465684794,0.0005083884087454943
1987-10-31,MKT,CIZ_2026,-1.0,-0.9974580579562736,0.002541942043726375
1987-11-30,MKT,CIZ_2026,-0.2135231316725979,-0.21301474326385153,0.0005083884087463686
1987-12-31,MKT,CIZ_2026,0.527707168276563,0.5282155566853067,0.0005083884087436763
1988-01-31,MKT,CIZ_2026,0.3955261820030502,0.39552618200305,-1.6653345369377348e-16
1988-02-29,MKT,CIZ_2026,0.4229791560752414,0.4239959328927296,0.0010167768174881853
1988-03-31,MKT,CIZ_2026,0.0660904931367563,0.06659888154550171,0.000508388408745411
1988-04-30,MKT,CIZ_2026,0.2099644128113875,0.21047280122013257,0.0005083884087450641
1988-05-31,MKT,CIZ_2026,0.1667513980681239,0.16776817488561316,0.0010167768174892677
1988-06-30,MKT,CIZ_2026,0.4250127097102183,0.42450432130147386,-0.0005083884087444535
1988-07-31,MKT,CIZ_2026,0.117946110828673,0.11794611082867384,8.465450562766819e-16
1988-08-31,MKT,CIZ_2026,0.0132180986273511,0.013218098627352431,1.3322676295501878e-15
1988-09-30,MKT,CIZ_2026,0.3492628368073207,0.34977122521606496,0.0005083884087442869
1988-10-31,MKT,CIZ_2026,0.2399593289273001,0.240467717336045,0.0005083884087448975
1988-11-30,MKT,CIZ_2026,0.0650737163192678,0.06609049313675742,0.0010167768174896286
1988-12-31,MKT,CIZ_2026,0.2572445348246057,0.25673614641586195,-0.0005083884087437318
1989-01-31,MKT,CIZ_2026,0.491611591255719,0.4900864260294858,-0.0015251652262331938
1989-02-28,MKT,CIZ_2026,0.0671072699542447,0.06812404677173454,0.0010167768174898506
1989-03-31,MKT,CIZ_2026,0.26131164209456,0.2613116420945604,4.440892098500626e-16
1989-04-30,MKT,CIZ_2026,0.4016268429079817,0.4026436197254699,0.0010167768174882408
1989-05-31,MKT,CIZ_2026,0.3518047788510421,0.34824605998983205,-0.003558718861210064
1989-06-30,MKT,CIZ_2026,0.11286222674123,0.11387900355871962,0.0010167768174896147
1989-07-31,MKT,CIZ_2026,0.5475343162175901,0.5465175394001007,-0.001016776817489351
1989-08-31,MKT,CIZ_2026,0.2547025927808843,0.2541942043721405,-0.0005083884087437873
1989-09-30,MKT,CIZ_2026,0.1428571428571425,0.14285714285714352,1.0269562977782698e-15
1989-10-31,MKT,CIZ_2026,-0.0050838840874428,-0.004067107269953019,0.0010167768174897812
1989-11-30,MKT,CIZ_2026,0.2338586680223688,0.23436705643111366,0.0005083884087448698
1989-12-31,MKT,CIZ_2026,0.2404677173360445,0.24148449415353357,0.0010167768174890734
1990-01-31,MKT,CIZ_2026,-0.2175902389425522,-0.21504829689882868,0.0025419420437235163
1990-02-28,MKT,CIZ_2026,0.2379257752923231,0.2384341637010679,0.0005083884087448143
1990-03-31,MKT,CIZ_2026,0.2745297407219114,0.27452974072191166,2.7755575615628914e-16
1990-04-30,MKT,CIZ_2026,0.0106761565836297,0.010676156583631052,1.3530843112619095e-15
1990-05-31,MKT,CIZ_2026,0.6095577020843921,0.6100660904931355,0.0005083884087434543
1990-06-30,MKT,CIZ_2026,0.1260803253685813,0.1260803253685823,9.992007221626409e-16
1990-07-31,MKT,CIZ_2026,0.0849008642602948,0.08490086426029574,9.298117831235686e-16
1990-08-31,MKT,CIZ_2026,-0.3345195729537368,-0.3329944077275012,0.0015251652262355808
1990-09-30,MKT,CIZ_2026,-0.1296390442297917,-0.12913065582104558,0.0005083884087461188
1990-10-31,MKT,CIZ_2026,0.0838840874428061,0.08388408744280719,1.096345236817342e-15
1990-11-30,MKT,CIZ_2026,0.504321301474326,0.5043213014743256,-3.3306690738754696e-16
1990-12-31,MKT,CIZ_2026,0.3065582104728011,0.30655821047280124,1.6653345369377348e-16
1991-01-31,MKT,CIZ_2026,0.4199288256227755,0.4199288256227754,-1.1102230246251565e-16
1991-02-28,MKT,CIZ_2026,0.5470259278088458,0.5470259278088451,-7.771561172376096e-16
1991-03-31,MKT,CIZ_2026,0.3162175902389423,0.3167259786476868,0.000508388408744509
1991-04-30,MKT,CIZ_2026,0.1672597864768681,0.16725978647686887,7.771561172376096e-16
1991-05-31,MKT,CIZ_2026,0.3670564311133704,0.36756481952211467,0.0005083884087442869
1991-06-30,MKT,CIZ_2026,-0.0696492119979667,-0.069649211997965,1.6930901125533637e-15
1991-07-31,MKT,CIZ_2026,0.3970513472292829,0.3970513472292828,-1.1102230246251565e-16
1991-08-31,MKT,CIZ_2026,0.2994407727503811,0.29944077275038133,2.220446049250313e-16
1991-09-30,MKT,CIZ_2026,0.1006609049313673,0.10066090493136837,1.0685896612017132e-15
1991-10-31,MKT,CIZ_2026,0.2470767666497202,0.2470767666497206,4.163336342344337e-16
1991-11-30,MKT,CIZ_2026,-0.0315200813421456,-0.032028469750888355,-0.0005083884087427534
1991-12-31,MKT,CIZ_2026,0.7325876970005081,0.7330960854092511,0.0005083884087430102
1992-01-31,MKT,CIZ_2026,0.1514997458057954,0.15149974580579625,8.604228440844963e-16
1992-02-29,MKT,CIZ_2026,0.2369089984748345,0.23640061006609078,-0.0005083884087437041
1992-03-31,MKT,CIZ_2026,0.0462633451957292,0.04677173360447484,0.00050838840874564
1992-04-30,MKT,CIZ_2026,0.235892221657346,0.23690899847483507,0.0010167768174890734
1992-05-31,MKT,CIZ_2026,0.1967463141840364,0.19674631418403704,6.38378239159465e-16
1992-06-30,MKT,CIZ_2026,0.0625317742755464,0.06304016268429175,0.0005083884087453416
1992-07-31,MKT,CIZ_2026,0.3731570920183018,0.373665480427046,0.0005083884087442314
1992-08-31,MKT,CIZ_2026,0.0604982206405693,0.060498220640570366,1.0685896612017132e-15
1992-09-30,MKT,CIZ_2026,0.2419928825622774,0.24199288256227786,4.440892098500626e-16
1992-10-31,MKT,CIZ_2026,0.2333502796136246,0.23335027961362512,5.273559366969494e-16
1992-11-30,MKT,CIZ_2026,0.3914590747330959,0.39196746314184006,0.0005083884087441759
1992-12-31,MKT,CIZ_2026,0.2592780884595829,0.25927808845958333,4.440892098500626e-16
1993-01-31,MKT,CIZ_2026,0.2287747839349261,0.22877478393492662,5.273559366969494e-16
1993-02-28,MKT,CIZ_2026,0.1875953228266393,0.18759532282664002,7.216449660063518e-16
1993-03-31,MKT,CIZ_2026,0.2984239959328925,0.29944077275038133,0.0010167768174888514
1993-04-30,MKT,CIZ_2026,0.0264361972547024,0.026436197254703697,1.2975731600306517e-15
1993-05-31,MKT,CIZ_2026,0.328418912048805,0.32841891204880524,2.220446049250313e-16
1993-06-30,MKT,CIZ_2026,0.1972547025927806,0.19674631418403704,-0.0005083884087435653
1993-07-31,MKT,CIZ_2026,0.1642094560244025,0.1642094560244032,6.938893903907228e-16
1993-08-31,MKT,CIZ_2026,0.3701067615658362,0.37061514997458034,0.0005083884087441204
1993-09-30,MKT,CIZ_2026,0.1753940010167765,0.17539400101677735,8.604228440844963e-16
1993-10-31,MKT,CIZ_2026,0.2531774275546516,0.25368581596339623,0.00050838840874462
1993-11-30,MKT,CIZ_2026,0.0854092526690388,0.08642602948652857,0.0010167768174897673
1993-12-31,MKT,CIZ_2026,0.2653787493645143,0.26537874936451467,3.885780586188048e-16
1994-01-31,MKT,CIZ_2026,0.3274021352313165,0.32740213523131667,1.6653345369377348e-16
1994-02-28,MKT,CIZ_2026,0.0518556176919164,0.05185561769191763,1.2281842209915794e-15
1994-03-31,MKT,CIZ_2026,-0.0615149974580582,-0.06202338586680081,-0.0005083884087426147
1994-04-30,MKT,CIZ_2026,0.216065073716319,0.21606507371631964,6.38378239159465e-16
1994-05-31,MKT,CIZ_2026,0.2109811896288762,0.21098118962887685,6.661338147750939e-16
1994-06-30,MKT,CIZ_2026,0.0274529740721909,0.026944585663447956,-0.0005083884087429442
1994-07-31,MKT,CIZ_2026,0.3248601931875952,0.3248601931875953,1.1102230246251565e-16
1994-08-31,MKT,CIZ_2026,0.3853584138281645,0.3858668022369087,0.0005083884087442314
1994-09-30,MKT,CIZ_2026,0.0640569395017791,0.06558210472801315,0.0015251652262340543
1994-10-31,MKT,CIZ_2026,0.2496187086934416,0.2501270971021863,0.0005083884087446755
1994-11-30,MKT,CIZ_2026,-0.0238942552109813,-0.023385866802235644,0.0005083884087456574
1994-12-31,MKT,CIZ_2026,0.225216065073716,0.22521606507371666,6.661338147750939e-16
1995-01-31,MKT,CIZ_2026,0.2730045754956784,0.27300457549567886,4.440892098500626e-16
1995-02-28,MKT,CIZ_2026,0.3660396542958817,0.3660396542958818,1.1102230246251565e-16
1995-03-31,MKT,CIZ_2026,0.2928317234367055,0.2928317234367057,2.220446049250313e-16
1995-04-30,MKT,CIZ_2026,0.2887646161667512,0.2887646161667515,2.7755575615628914e-16
1995-05-31,MKT,CIZ_2026,0.3289273004575492,0.3289273004575495,2.7755575615628914e-16
1995-06-30,MKT,CIZ_2026,0.3197763091001522,0.3197763091001525,2.7755575615628914e-16
1995-07-31,MKT,CIZ_2026,0.3706151499745802,0.3701067615658361,-0.0005083884087441204
1995-08-31,MKT,CIZ_2026,0.2094560244026435,0.20945602440264402,5.273559366969494e-16
1995-09-30,MKT,CIZ_2026,0.3518047788510421,0.35231316725978634,0.0005083884087442314
1995-10-31,MKT,CIZ_2026,0.1042196237925774,0.1047280122013226,0.0005083884087452029
1995-11-30,MKT,CIZ_2026,0.3828164717844431,0.382816471784443,-1.1102230246251565e-16
1995-12-31,MKT,CIZ_2026,0.2338586680223688,0.23436705643111366,0.0005083884087448698
1996-01-31,MKT,CIZ_2026,0.2963904422979155,0.29639044229791567,1.6653345369377348e-16
1996-02-29,MKT,CIZ_2026,0.2491103202846973,0.24911032028469776,4.718447854656915e-16
1996-03-31,MKT,CIZ_2026,0.2186070157600406,0.2191154041687853,0.0005083884087447033
1996-04-30,MKT,CIZ_2026,0.2862226741230298,0.2862226741230301,2.7755575615628914e-16
1996-05-31,MKT,CIZ_2026,0.3014743263853581,0.3014743263853584,3.3306690738754696e-16
1996-06-30,MKT,CIZ_2026,0.12353838332486,0.1240467717336052,0.0005083884087452029
1996-07-31,MKT,CIZ_2026,-0.1220132180986274,-0.12150482968988138,0.0005083884087460216
1996-08-31,MKT,CIZ_2026,0.3223182511438738,0.3223182511438739,1.1102230246251565e-16
1996-09-30,MKT,CIZ_2026,0.4361972547025927,0.4361972547025923,-3.885780586188048e-16
1996-10-31,MKT,CIZ_2026,0.225216065073716,0.22572445348246092,0.0005083884087449253
1996-11-30,MKT,CIZ_2026,0.4992374173868834,0.4992374173868829,-4.996003610813204e-16
1996-12-31,MKT,CIZ_2026,0.0950686324351803,0.09506863243518131,1.0130785099704553e-15
1997-01-31,MKT,CIZ_2026,0.4351804778851038,0.4336553126588709,-0.0015251652262328608
1997-02-28,MKT,CIZ_2026,0.1565836298932383,0.1570920183019833,0.0005083884087450086
1997-03-31,MKT,CIZ_2026,-0.0742247076766652,-0.07371631926791919,0.0005083884087460078
1997-04-30,MKT,CIZ_2026,0.3868835790543974,0.3868835790543973,-1.1102230246251565e-16
1997-05-31,MKT,CIZ_2026,0.524148449415353,0.5236400610066082,-0.0005083884087447865
1997-06-30,MKT,CIZ_2026,0.389933909506863,0.3899339095068629,-1.1102230246251565e-16
1997-07-31,MKT,CIZ_2026,0.5541433655312658,0.5531265887137764,-0.001016776817489351
1997-08-31,MKT,CIZ_2026,-0.0294865277071685,-0.02694458566344554,0.0025419420437229577
1997-09-30,MKT,CIZ_2026,0.4534824605998979,0.4529740721911535,-0.000508388408744398
1997-10-31,MKT,CIZ_2026,-0.0116929334011186,-0.011692933401117211,1.3877787807814457e-15
1997-11-30,MKT,CIZ_2026,0.3329944077275035,0.333502796136248,0.000508388408744509
1997-12-31,MKT,CIZ_2026,0.2486019318759531,0.24911032028469776,0.0005083884087446477
1998-01-31,MKT,CIZ_2026,0.189120488052872,0.18912048805287288,8.881784197001252e-16
1998-02-28,MKT,CIZ_2026,0.5394001016776815,0.5388917132689366,-0.0005083884087448975
1998-03-31,MKT,CIZ_2026,0.4234875444839856,0.4234875444839853,-3.3306690738754696e-16
1998-04-30,MKT,CIZ_2026,0.2186070157600406,0.2191154041687853,0.0005083884087447033
1998-05-31,MKT,CIZ_2026,0.0254194204372137,0.02541942043721515,1.4502288259166107e-15
1998-06-30,MKT,CIZ_2026,0.3431621759023893,0.3436705643111336,0.0005083884087442869
1998-07-31,MKT,CIZ_2026,0.056431113370615,0.058464667005593246,0.002033553634978244
1998-08-31,MKT,CIZ_2026,-0.6359938993390951,-0.6344687341128585,0.00152516522623658
1998-09-30,MKT,CIZ_2026,0.4941535332994407,0.49618708693441715,0.0020335536349764816
1998-10-31,MKT,CIZ_2026,0.54397559735638,0.5363497712252152,-0.0076258261311648035
1998-11-30,MKT,CIZ_2026,0.491611591255719,0.4900864260294858,-0.0015251652262331938
1998-12-31,MKT,CIZ_2026,0.4946619217081849,0.4941535332994401,-0.0005083884087447865
1999-01-31,MKT,CIZ_2026,0.3594306049822062,0.3584138281647177,-0.0010167768174885183
1999-02-28,MKT,CIZ_2026,-0.0259278088459585,-0.025927808845957023,1.4779844015322396e-15
1999-03-31,MKT,CIZ_2026,0.3568886629384848,0.3584138281647177,0.0015251652262328608
1999-04-30,MKT,CIZ_2026,0.4016268429079817,0.4021352313167256,0.0005083884087439539
1999-05-31,MKT,CIZ_2026,0.056431113370615,0.056431113370616126,1.124100812432971e-15
1999-06-30,MKT,CIZ_2026,0.4239959328927298,0.4239959328927296,-2.220446049250313e-16
1999-07-31,MKT,CIZ_2026,0.004067107269954,0.004067107269955406,1.4059933772792022e-15
1999-08-31,MKT,CIZ_2026,0.1113370615149973,0.1118454499237425,0.0005083884087452029
1999-09-30,MKT,CIZ_2026,0.0396542958820538,0.04067107269954348,0.001016776817489684
1999-10-31,MKT,CIZ_2026,0.4926283680732077,0.4911032028469744,-0.0015251652262333049
1999-11-30,MKT,CIZ_2026,0.3528215556685306,0.3548551093035077,0.0020335536349771477
1999-12-31,MKT,CIZ_2026,0.5739705134722926,0.5709201830198262,-0.0030503304524663877
2000-01-31,MKT,CIZ_2026,-0.0594814438230809,-0.059481443823079405,1.4918621893400541e-15
2000-02-29,MKT,CIZ_2026,0.3060498220640566,0.30655821047280124,0.00050838840874462
2000-03-31,MKT,CIZ_2026,0.4458566344687338,0.4463650228774778,0.0005083884087440094
2000-04-30,MKT,CIZ_2026,-0.1438739196746317,-0.1433655312658854,0.0005083884087463131
2000-05-31,MKT,CIZ_2026,-0.0432130147432638,-0.04168784951702964,0.0015251652262341583
2000-06-30,MKT,CIZ_2026,0.4173868835790542,0.4194204372140311,0.0020335536349769257
2000-07-31,MKT,CIZ_2026,0.0538891713268934,0.05541433655312758,0.0015251652262341792
2000-08-31,MKT,CIZ_2026,0.5388917132689373,0.5388917132689366,-6.661338147750939e-16
2000-09-30,MKT,CIZ_2026,-0.0955770208439248,-0.0950686324351789,0.0005083884087458967
2000-10-31,MKT,CIZ_2026,0.0411794611082865,0.04016268429079922,-0.0010167768174872763
2000-11-30,MKT,CIZ_2026,-0.3634977122521607,-0.3624809354346694,0.001016776817491294
2000-12-31,MKT,CIZ_2026,0.2419928825622774,0.24148449415353357,-0.0005083884087438428
2001-01-31,MKT,CIZ_2026,0.3406202338586677,0.34672089476359924,0.006100660904931554
2001-02-28,MKT,CIZ_2026,-0.329435688866294,-0.3284189120488028,0.0010167768174911829
2001-03-31,MKT,CIZ_2026,-0.1875953228266397,-0.18708693441789334,0.0005083884087463686
2001-04-30,MKT,CIZ_2026,0.5851550584646668,0.5846466700559216,-0.0005083884087451196
2001-05-31,MKT,CIZ_2026,0.2180986273512961,0.21606507371631964,-0.002033553634976454
2001-06-30,MKT,CIZ_2026,0.0828673106253174,0.08286731062531863,1.2351231148954867e-15
2001-07-31,MKT,CIZ_2026,0.0732079308591762,0.07320793085917733,1.124100812432971e-15
2001-08-31,MKT,CIZ_2026,-0.1469242501270973,-0.14387391967462967,0.0030503304524676367
2001-09-30,MKT,CIZ_2026,-0.2887646161667515,-0.28825622775800486,0.0005083884087466184
2001-10-31,MKT,CIZ_2026,0.3065582104728011,0.30757498729028976,0.0010167768174886849
2001-11-30,MKT,CIZ_2026,0.5648195221148955,0.5643111337061505,-0.0005083884087450086
2001-12-31,MKT,CIZ_2026,0.2628368073207929,0.2633451957295376,0.0005083884087446755
2002-01-31,MKT,CIZ_2026,0.1082867310625315,0.10828673106253256,1.0547118733938987e-15
2002-02-28,MKT,CIZ_2026,0.0650737163192678,0.0645653279105246,-0.0005083884087431906
2002-03-31,MKT,CIZ_2026,0.3970513472292829,0.3970513472292828,-1.1102230246251565e-16
2002-04-30,MKT,CIZ_2026,-0.0828673106253178,-0.08337569903406047,-0.0005083884087426771
2002-05-31,MKT,CIZ_2026,0.1113370615149973,0.11235383833248679,0.0010167768174894898
2002-06-30,MKT,CIZ_2026,-0.1850533807829183,-0.18607015760040482,-0.00101677681748652
2002-07-31,MKT,CIZ_2026,-0.2343670564311135,-0.23487544483985554,-0.0005083884087420387
2002-08-31,MKT,CIZ_2026,0.2069140823589219,0.2069140823589226,7.216449660063518e-16
2002-09-30,MKT,CIZ_2026,-0.3446873411286224,-0.3441789527198754,0.000508388408747007
2002-10-31,MKT,CIZ_2026,0.580071174377224,0.5800711743772231,-8.881784197001252e-16
2002-11-30,MKT,CIZ_2026,0.4844941535332991,0.4844941535332987,-3.885780586188048e-16
2002-12-31,MKT,CIZ_2026,-0.1113370615149976,-0.11133706151499581,1.790234627208065e-15
2003-01-31,MKT,CIZ_2026,0.0508388408744278,0.05083884087442908,1.2836953722228372e-15
2003-02-28,MKT,CIZ_2026,0.0859176410777833,0.0859176410777843,9.992007221626409e-16
2003-03-31,MKT,CIZ_2026,0.2369089984748345,0.23690899847483507,5.828670879282072e-16
2003-04-30,MKT,CIZ_2026,0.5993899339095068,0.5973563802745286,-0.002033553634978147
2003-05-31,MKT,CIZ_2026,0.4890696492119977,0.48906964921199725,-4.440892098500626e-16
2003-06-30,MKT,CIZ_2026,0.2536858159633957,0.25368581596339623,5.551115123125783e-16
2003-07-31,MKT,CIZ_2026,0.3009659379766141,0.2999491611591256,-0.0010167768174884628
2003-08-31,MKT,CIZ_2026,0.3004575495678696,0.2999491611591256,-0.0005083884087439539
2003-09-30,MKT,CIZ_2026,0.1184544992374172,0.11845449923741813,9.298117831235686e-16
2003-10-31,MKT,CIZ_2026,0.4905948144382306,0.49059481443823016,-4.440892098500626e-16
2003-11-30,MKT,CIZ_2026,0.250127097102186,0.2501270971021863,2.7755575615628914e-16
2003-12-31,MKT,CIZ_2026,0.3995932892730043,0.3995932892730042,-1.1102230246251565e-16
2004-01-31,MKT,CIZ_2026,0.2907981698017283,0.29079816980172857,2.7755575615628914e-16
2004-02-29,MKT,CIZ_2026,0.2526690391459072,0.25266903914590766,4.440892098500626e-16
2004-03-31,MKT,CIZ_2026,0.1143873919674629,0.11438739196746389,9.853229343548264e-16
2004-04-30,MKT,CIZ_2026,0.0884595831215044,0.08947635993899423,0.0010167768174898367
2004-05-31,MKT,CIZ_2026,0.2409761057447887,0.24148449415353357,0.0005083884087448698
2004-06-30,MKT,CIZ_2026,0.2760549059481441,0.27554651753940024,-0.0005083884087438428
2004-07-31,MKT,CIZ_2026,-0.0249110320284698,-0.023894255210979903,0.0010167768174898957
2004-08-31,MKT,CIZ_2026,0.1855617691916622,0.18505338078291864,-0.0005083884087435653
2004-09-30,MKT,CIZ_2026,0.2628368073207929,0.2628368073207933,3.885780586188048e-16
2004-10-31,MKT,CIZ_2026,0.2541942043721401,0.25368581596339623,-0.0005083884087438428
2004-11-30,MKT,CIZ_2026,0.4123029994916114,0.41179461108286697,-0.0005083884087444535
2004-12-31,MKT,CIZ_2026,0.3558718861209962,0.35536349771225195,-0.0005083884087442314
2005-01-31,MKT,CIZ_2026,0.0411794611082865,0.041687849517032055,0.0005083884087455567
2005-02-28,MKT,CIZ_2026,0.277580071174377,0.2770716827656331,-0.0005083884087438983
2005-03-31,MKT,CIZ_2026,0.0813421453990848,0.08286731062531863,0.0015251652262338322
2005-04-30,MKT,CIZ_2026,0.0488052872394508,0.04880528723945196,1.1587952819525071e-15
2005-05-31,MKT,CIZ_2026,0.3670564311133704,0.3670564311133704,0.0
2005-06-30,MKT,CIZ_2026,0.210472801220132,0.21098118962887685,0.000508388408744842
2005-07-31,MKT,CIZ_2026,0.3807829181494659,0.3807829181494659,0.0
2005-08-31,MKT,CIZ_2026,0.1194712760549059,0.12048805287239525,0.001016776817489351
2005-09-30,MKT,CIZ_2026,0.2064056939501777,0.20589730554143407,-0.0005083884087436208
2005-10-31,MKT,CIZ_2026,0.0788002033553634,0.07778342653787583,-0.0010167768174875746
2005-11-30,MKT,CIZ_2026,0.3650228774783932,0.36502287747839324,5.551115123125783e-17
2005-12-31,MKT,CIZ_2026,0.168784951703101,0.169293340111846,0.0005083884087449808
2006-01-31,MKT,CIZ_2026,0.3360447381799691,0.3355363497712251,-0.0005083884087440094
2006-02-28,MKT,CIZ_2026,0.1662430096593796,0.16624300965938033,7.216449660063518e-16
2006-03-31,MKT,CIZ_2026,0.255719369598373,0.2562277580071176,0.00050838840874462
2006-04-30,MKT,CIZ_2026,0.2186070157600406,0.21860701576004102,4.163336342344337e-16
2006-05-31,MKT,CIZ_2026,-2.220446049250313e-16,0.0005083884087454804,0.0005083884087457025
2006-06-30,MKT,CIZ_2026,0.163701067615658,0.16370106761565895,9.43689570931383e-16
2006-07-31,MKT,CIZ_2026,0.1418403660396541,0.14234875444839923,0.0005083884087451196
2006-08-31,MKT,CIZ_2026,0.2846975088967971,0.28469750889679724,1.1102230246251565e-16
2006-09-30,MKT,CIZ_2026,0.2750381291306556,0.27503812913065595,3.3306690738754696e-16
2006-10-31,MKT,CIZ_2026,0.3457041179461106,0.34519572953736644,-0.0005083884087441759
2006-11-30,MKT,CIZ_2026,0.2684290798169799,0.26792069140823604,-0.0005083884087438428
2006-12-31,MKT,CIZ_2026,0.2257244534824605,0.22470767666497238,-0.0010167768174881298
2007-01-31,MKT,CIZ_2026,0.2526690391459072,0.25165226232841914,-0.0010167768174880742
2007-02-28,MKT,CIZ_2026,0.081850533807829,0.08185053380783007,1.0685896612017132e-15
2007-03-31,MKT,CIZ_2026,0.216065073716319,0.21759023894255247,0.0015251652262334714
2007-04-30,MKT,CIZ_2026,0.3589222165734618,0.35892221657346196,1.6653345369377348e-16
2007-05-31,MKT,CIZ_2026,0.3462125063548549,0.34570411794611067,-0.0005083884087442314
2007-06-30,MKT,CIZ_2026,0.081850533807829,0.08185053380783007,1.0685896612017132e-15
2007-07-31,MKT,CIZ_2026,-0.0081342145399087,-0.007625826131162999,0.0005083884087457007
2007-08-31,MKT,CIZ_2026,0.2282663955261819,0.22928317234367088,0.0010167768174889902
2007-09-30,MKT,CIZ_2026,0.3451957295373662,0.34519572953736644,2.220446049250313e-16
2007-10-31,MKT,CIZ_2026,0.2730045754956784,0.27249618708693457,-0.0005083884087438428
2007-11-30,MKT,CIZ_2026,-0.0640569395017796,-0.06253177427554507,0.001525165226234526
2007-12-31,MKT,CIZ_2026,0.1372648703609555,0.13726487036095644,9.43689570931383e-16
2008-01-31,MKT,CIZ_2026,-0.1418403660396544,-0.14031520081341972,0.0015251652262346649
2008-02-29,MKT,CIZ_2026,0.0244026436197253,0.024402643619726577,1.27675647831893e-15
2008-03-31,MKT,CIZ_2026,0.1342145399084899,0.1337061514997465,-0.0005083884087433987
2008-04-30,MKT,CIZ_2026,0.415353329944077,0.41586171835282115,0.0005083884087441759
2008-05-31,MKT,CIZ_2026,0.2760549059481441,0.2765632943568888,0.000508388408744731
2008-06-30,MKT,CIZ_2026,-0.2475851550584648,-0.2470767666497182,0.0005083884087465906
2008-07-31,MKT,CIZ_2026,0.1423487544483983,0.14336553126588777,0.001016776817489462
2008-08-31,MKT,CIZ_2026,0.2592780884595829,0.25927808845958333,4.440892098500626e-16
2008-09-30,MKT,CIZ_2026,-0.2882562277580073,-0.29384850025419185,-0.005592272496184547
2008-10-31,MKT,CIZ_2026,-0.6944585663446874,-0.6929334011184506,0.001525165226236802
2008-11-30,MKT,CIZ_2026,-0.2180986273512964,-0.211997966446363,0.006100660904933386
2008-12-31,MKT,CIZ_2026,0.2699542450432126,0.271479410269446,0.0015251652262334159
2009-01-31,MKT,CIZ_2026,-0.2313167259786478,-0.22979156075241278,0.0015251652262350257
2009-02-28,MKT,CIZ_2026,-0.3319776309100154,-0.3340111845449899,-0.002033553634974483
2009-03-31,MKT,CIZ_2026,0.636502287747839,0.6395526182003037,0.0030503304524647223
2009-04-30,MKT,CIZ_2026,0.6990340620233859,0.6985256736146401,-0.0005083884087457857
2009-05-31,MKT,CIZ_2026,0.4463650228774782,0.4463650228774778,-3.885780586188048e-16
2009-06-30,MKT,CIZ_2026,0.2033553634977121,0.20284697508896837,-0.0005083884087437318
2009-07-31,MKT,CIZ_2026,0.5739705134722926,0.5749872902897804,0.0010167768174877967
2009-08-31,MKT,CIZ_2026,0.3507880020335534,0.3507880020335535,5.551115123125783e-17
2009-09-30,MKT,CIZ_2026,0.3889171326893745,0.3889171326893744,-1.1102230246251565e-16
2009-10-31,MKT,CIZ_2026,0.0498220640569393,0.0528723945094062,0.003050330452466901
2009-11-30,MKT,CIZ_2026,0.4641586171835279,0.46771733604473753,0.00355871886120962
2009-12-31,MKT,CIZ_2026,0.3213014743263851,0.3238434163701067,0.002541942043721601
2010-01-31,MKT,CIZ_2026,0.0106761565836297,0.011184544992375312,0.0005083884087456123
2010-02-28,MKT,CIZ_2026,0.3543467208947632,0.35383833248601915,-0.0005083884087440649
2010-03-31,MKT,CIZ_2026,0.502287747839349,0.5017793594306043,-0.0005083884087447865
2010-04-30,MKT,CIZ_2026,0.2831723436705642,0.28266395526182014,-0.0005083884087440649
2010-05-31,MKT,CIZ_2026,-0.2196237925775294,-0.2201321809862715,-0.0005083884087420942
2010-06-30,MKT,CIZ_2026,-0.1016776817488562,-0.10116929334011024,0.0005083884087459661
2010-07-31,MKT,CIZ_2026,0.5338078291814945,0.5332994407727495,-0.0005083884087450086
2010-08-31,MKT,CIZ_2026,-0.0610066090493137,-0.061514997458056525,-0.0005083884087428228
2010-09-30,MKT,CIZ_2026,0.6664972038637518,0.6670055922724949,0.0005083884087431212
2010-10-31,MKT,CIZ_2026,0.3787493645144888,0.37824097610574453,-0.0005083884087442869
2010-11-30,MKT,CIZ_2026,0.2119979664463649,0.2114895780376211,-0.0005083884087437873
2010-12-31,MKT,CIZ_2026,0.5282155566853073,0.5282155566853067,-5.551115123125783e-16
2011-01-31,MKT,CIZ_2026,0.2826639552618197,0.28215556685307586,-0.0005083884087438428
2011-02-28,MKT,CIZ_2026,0.3589222165734618,0.3584138281647177,-0.0005083884087441204
2011-03-31,MKT,CIZ_2026,0.204880528723945,0.20437214031520123,-0.0005083884087437596
2011-04-30,MKT,CIZ_2026,0.3289273004575492,0.3289273004575495,2.7755575615628914e-16
2011-05-31,MKT,CIZ_2026,0.1169293340111843,0.11692933401118528,9.853229343548264e-16
2011-06-30,MKT,CIZ_2026,0.092526690391459,0.0930350788002042,0.0005083884087452029
2011-07-31,MKT,CIZ_2026,0.062023385866802,0.062023385866803185,1.186550857568136e-15
2011-08-31,MKT,CIZ_2026,-0.1230299949161159,-0.12150482968988138,0.0015251652262345122
2011-09-30,MKT,CIZ_2026,-0.2043721403152009,-0.20386375190645453,0.0005083884087463686
2011-10-31,MKT,CIZ_2026,0.7585155058464663,0.7574987290289764,-0.0010167768174899061
2011-11-30,MKT,CIZ_2026,0.1672597864768681,0.16776817488561316,0.0005083884087450641
2011-12-31,MKT,CIZ_2026,0.2191154041687846,0.2196237925775296,0.0005083884087449808
2012-01-31,MKT,CIZ_2026,0.4382308083375696,0.43823080833756944,-1.6653345369377348e-16
2012-02-29,MKT,CIZ_2026,0.40620233858668,0.40620233858667987,-1.1102230246251565e-16
2012-03-31,MKT,CIZ_2026,0.3396034570411792,0.3401118454499236,0.000508388408744398
2012-04-30,MKT,CIZ_2026,0.138281647178444,0.138281647178445,9.992007221626409e-16
2012-05-31,MKT,CIZ_2026,-0.1331977630910017,-0.13218098627351124,0.0010167768174904612
2012-06-30,MKT,CIZ_2026,0.3792577529232332,0.3792577529232331,-1.1102230246251565e-16
2012-07-31,MKT,CIZ_2026,0.2216573462125062,0.2216573462125067,4.996003610813204e-16
2012-08-31,MKT,CIZ_2026,0.3111337061514996,0.3106253177427555,-0.0005083884087441204
2012-09-30,MKT,CIZ_2026,0.3202846975088966,0.32028469750889677,1.6653345369377348e-16
2012-10-31,MKT,CIZ_2026,0.0920183019827145,0.09201830198271564,1.1379786002407855e-15
2012-11-30,MKT,CIZ_2026,0.2211489578037619,0.22114895780376242,5.273559366969494e-16
2012-12-31,MKT,CIZ_2026,0.241484494153533,0.24148449415353357,5.551115123125783e-16
2013-01-31,MKT,CIZ_2026,0.4646670055922723,0.4646670055922719,-3.885780586188048e-16
2013-02-28,MKT,CIZ_2026,0.2470767666497202,0.24656837824097635,-0.0005083884087438428
2013-03-31,MKT,CIZ_2026,0.3863751906456532,0.3868835790543973,0.0005083884087441204
2013-04-30,MKT,CIZ_2026,0.2602948652770716,0.26080325368581614,0.0005083884087445645
2013-05-31,MKT,CIZ_2026,0.3238434163701065,0.3238434163701067,2.220446049250313e-16
2013-06-30,MKT,CIZ_2026,0.1204880528723943,0.12048805287239525,9.575673587391975e-16
2013-07-31,MKT,CIZ_2026,0.4687341128622266,0.4687341128622261,-4.996003610813204e-16
2013-08-31,MKT,CIZ_2026,0.0437214031520079,0.043721403152009175,1.27675647831893e-15
2013-09-30,MKT,CIZ_2026,0.3731570920183018,0.3731570920183017,-5.551115123125783e-17
2013-10-31,MKT,CIZ_2026,0.3940010167768173,0.39349262836807286,-0.0005083884087444535
2013-11-30,MKT,CIZ_2026,0.3406202338586677,0.33960345704117934,-0.0010167768174883518
2013-12-31,MKT,CIZ_2026,0.3243518047788507,0.324351804778851,2.7755575615628914e-16
2014-01-31,MKT,CIZ_2026,0.0127097102186068,0.012709710218608172,1.3721662694976544e-15
2014-02-28,MKT,CIZ_2026,0.4178952719877986,0.41840366039654253,0.0005083884087439539
2014-03-31,MKT,CIZ_2026,0.2033553634977121,0.20335536349771266,5.551115123125783e-16
2014-04-30,MKT,CIZ_2026,0.1718352821555666,0.17234367056431166,0.0005083884087450641
2014-05-31,MKT,CIZ_2026,0.2862226741230298,0.2857142857142858,-0.0005083884087440094
2014-06-30,MKT,CIZ_2026,0.3141840366039652,0.31367564819522115,-0.0005083884087440649
2014-07-31,MKT,CIZ_2026,0.0777834265378747,0.07829181494662013,0.0005083884087454249
2014-08-31,MKT,CIZ_2026,0.3970513472292829,0.3970513472292828,-1.1102230246251565e-16
2014-09-30,MKT,CIZ_2026,0.0813421453990848,0.08185053380783007,0.0005083884087452722
2014-10-31,MKT,CIZ_2026,0.3096085409252667,0.3091001525165226,-0.0005083884087440649
2014-11-30,MKT,CIZ_2026,0.3111337061514996,0.31164209456024405,0.0005083884087444535
2014-12-31,MKT,CIZ_2026,0.1784443314692423,0.17895271987798728,0.0005083884087449808
2015-01-31,MKT,CIZ_2026,0.0233858668022368,0.02389425521098229,0.0005083884087454908
2015-02-28,MKT,CIZ_2026,0.493136756481952,0.49313675648195154,-4.440892098500626e-16
2015-03-31,MKT,CIZ_2026,0.1245551601423484,0.12506354855109375,0.0005083884087453555
2015-04-30,MKT,CIZ_2026,0.2114895780376204,0.2114895780376211,7.216449660063518e-16
2015-05-31,MKT,CIZ_2026,0.25063548551093,0.25114387391967485,0.000508388408744842
2015-06-30,MKT,CIZ_2026,0.1037112353838329,0.10421962379257832,0.0005083884087454249
2015-07-31,MKT,CIZ_2026,0.2597864768683271,0.2613116420945604,0.0015251652262333049
2015-08-31,MKT,CIZ_2026,-0.1255719369598374,-0.12455516014234705,0.0010167768174903502
2015-09-30,MKT,CIZ_2026,0.0254194204372137,0.02592780884595941,0.0005083884087457094
2015-10-31,MKT,CIZ_2026,0.5754956786985255,0.5754956786985247,-7.771561172376096e-16
2015-11-30,MKT,CIZ_2026,0.2099644128113875,0.21047280122013257,0.0005083884087450641
2015-12-31,MKT,CIZ_2026,0.0711743772241992,0.07219115404168877,0.001016776817489573
2016-01-31,MKT,CIZ_2026,-0.1118454499237419,-0.11032028469750729,0.0015251652262346094
2016-02-29,MKT,CIZ_2026,0.1779359430604981,0.17844433146924302,0.0005083884087449253
2016-03-31,MKT,CIZ_2026,0.5353329944077274,0.5348246059989824,-0.0005083884087450086
2016-04-30,MKT,CIZ_2026,0.2277580071174374,0.22826639552618233,0.0005083884087449253
2016-05-31,MKT,CIZ_2026,0.27198779867819,0.2719877986781903,2.7755575615628914e-16
2016-06-30,MKT,CIZ_2026,0.1789527198779865,0.17996949669547585,0.001016776817489351
2016-07-31,MKT,CIZ_2026,0.3823080833756989,0.3817996949669545,-0.000508388408744398
2016-08-31,MKT,CIZ_2026,0.2064056939501777,0.20640569395017833,6.38378239159465e-16
2016-09-30,MKT,CIZ_2026,0.194204372140315,0.1952211489578042,0.0010167768174892122
2016-10-31,MKT,CIZ_2026,0.0788002033553634,0.07930859176410868,0.0005083884087452722
2016-11-30,MKT,CIZ_2026,0.4285714285714284,0.42857142857142816,-2.220446049250313e-16
2016-12-31,MKT,CIZ_2026,0.2740213523131671,0.27351296390442315,-0.0005083884087439539
2017-01-31,MKT,CIZ_2026,0.2801220132180986,0.2801220132180987,1.1102230246251565e-16
2017-02-28,MKT,CIZ_2026,0.3629893238434161,0.3619725470259276,-0.0010167768174884628
2017-03-31,MKT,CIZ_2026,0.1901372648703607,0.19013726487036142,7.216449660063518e-16
2017-04-30,MKT,CIZ_2026,0.2369089984748345,0.23640061006609078,-0.0005083884087437041
2017-05-31,MKT,CIZ_2026,0.2353838332486015,0.2358922216573465,0.0005083884087450086
2017-06-30,MKT,CIZ_2026,0.2211489578037619,0.2216573462125067,0.0005083884087448143
2017-07-31,MKT,CIZ_2026,0.2765632943568885,0.2770716827656331,0.00050838840874462
2017-08-31,MKT,CIZ_2026,0.1896288764616165,0.1906456532791057,0.0010167768174892122
2017-09-30,MKT,CIZ_2026,0.3091001525165224,0.3080833756990341,-0.0010167768174882963
2017-10-31,MKT,CIZ_2026,0.2958820538891711,0.29639044229791567,0.0005083884087445645
2017-11-30,MKT,CIZ_2026,0.3401118454499237,0.3401118454499236,-5.551115123125783e-17
2017-12-31,MKT,CIZ_2026,0.2353838332486015,0.23538383324860224,7.494005416219807e-16
1950-01-31,SMB,FIZ_2024,0.0648340248962655,0.06483402489626537,-1.249000902703301e-16
1950-02-28,SMB,FIZ_2024,-0.1063278008298755,-0.10632780082987563,-1.249000902703301e-16
1950-03-31,SMB,FIZ_2024,-0.1825726141078838,-0.1825726141078839,-8.326672684688674e-17
1950-04-30,SMB,FIZ_2024,-0.0072614107883817,-0.007261410788381897,-1.97758476261356e-16
1950-05-31,SMB,FIZ_2024,-0.2168049792531121,-0.2168049792531121,0.0
1950-06-30,SMB,FIZ_2024,-0.2292531120331951,-0.22925311203319504,5.551115123125783e-17
1950-07-31,SMB,FIZ_2024,-0.0720954356846473,-0.07209543568464744,-1.3877787807814457e-16
1950-08-31,SMB,FIZ_2024,-0.0684647302904564,-0.06846473029045655,-1.5265566588595902e-16
1950-09-30,SMB,FIZ_2024,-0.0824688796680499,-0.08246887966804992,-1.3877787807814457e-17
1950-10-31,SMB,FIZ_2024,-0.1322614107883817,-0.13226141078838183,-1.3877787807814457e-16
1950-11-30,SMB,FIZ_2024,-0.1540456431535271,-0.15404564315352706,2.7755575615628914e-17
1950-12-31,SMB,FIZ_2024,-0.0316390041493777,-0.03163900414937773,-2.7755575615628914e-17
1951-01-31,SMB,FIZ_2024,-0.016597510373444,-0.016597510373444133,-1.3183898417423734e-16
1951-02-28,SMB,FIZ_2024,-0.103734439834025,-0.103734439834025,0.0
1951-03-31,SMB,FIZ_2024,-0.1478215767634855,-0.14782157676348556,-5.551115123125783e-17
1951-04-30,SMB,FIZ_2024,-0.1830912863070539,-0.183091286307054,-1.1102230246251565e-16
1951-05-31,SMB,FIZ_2024,-0.1078838174273859,-0.107883817427386,-9.71445146547012e-17
1951-06-30,SMB,FIZ_2024,-0.2147302904564316,-0.2147302904564316,0.0
1951-07-31,SMB,FIZ_2024,-0.2110995850622408,-0.21109958506224072,8.326672684688674e-17
1951-08-31,SMB,FIZ_2024,-0.0565352697095437,-0.056535269709543694,6.938893903907228e-18
1951-09-30,SMB,FIZ_2024,-0.0108921161825726,-0.010892116182572756,-1.5612511283791264e-16
1951-10-31,SMB,FIZ_2024,-0.1192946058091286,-0.11929460580912873,-1.3877787807814457e-16
1951-11-30,SMB,FIZ_2024,-0.1244813278008299,-0.12448132780082997,-6.938893903907228e-17
1951-12-31,SMB,FIZ_2024,-0.2251037344398341,-0.22510373443983406,5.551115123125783e-17
1952-01-31,SMB,FIZ_2024,-0.1395228215767635,-0.13952282157676357,-8.326672684688674e-17
1952-02-29,SMB,FIZ_2024,-0.0653526970954357,-0.06535269709543581,-1.1102230246251565e-16
1952-03-31,SMB,FIZ_2024,-0.2629668049792532,-0.2629668049792532,0.0
1952-04-30,SMB,FIZ_2024,-0.0840248962655602,-0.08402489626556028,-8.326672684688674e-17
1952-05-31,SMB,FIZ_2024,-0.1597510373443984,-0.1597510373443984,0.0
1952-06-30,SMB,FIZ_2024,-0.1929460580912864,-0.19294605809128634,5.551115123125783e-17
1952-07-31,SMB,FIZ_2024,-0.1286307053941908,-0.12863070539419097,-1.6653345369377348e-16
1952-08-31,SMB,FIZ_2024,-0.0482365145228217,-0.04823651452282171,-1.3877787807814457e-17
1952-09-30,SMB,FIZ_2024,-0.0503112033195022,-0.0503112033195022,0.0
1952-10-31,SMB,FIZ_2024,-0.162344398340249,-0.16234439834024905,-5.551115123125783e-17
1952-11-30,SMB,FIZ_2024,-0.1452282157676349,-0.14522821576763495,-5.551115123125783e-17
1952-12-31,SMB,FIZ_2024,-0.1846473029045644,-0.18464730290456438,2.7755575615628914e-17
1953-01-31,SMB,FIZ_2024,0.0793568464730289,0.07935684647302886,-4.163336342344337e-17
1953-02-28,SMB,FIZ_2024,0.0036307053941906,0.003630705394190706,1.0581813203458523e-16
1953-03-31,SMB,FIZ_2024,-0.1192946058091286,-0.11929460580912873,-1.3877787807814457e-16
1953-04-30,SMB,FIZ_2024,-0.0923236514522821,-0.09232365145228227,-1.8041124150158794e-16
1953-05-31,SMB,FIZ_2024,-0.1115145228215769,-0.11151452282157687,2.7755575615628914e-17
1953-06-30,SMB,FIZ_2024,-0.2048755186721993,-0.20487551867219922,8.326672684688674e-17
1953-07-31,SMB,FIZ_2024,-0.1597510373443984,-0.1597510373443984,0.0
1953-08-31,SMB,FIZ_2024,-0.0928423236514524,-0.0928423236514524,0.0
1953-09-30,SMB,FIZ_2024,-0.1514522821576764,-0.15145228215767642,-2.7755575615628914e-17
1953-10-31,SMB,FIZ_2024,-0.1779045643153527,-0.1779045643153528,-8.326672684688674e-17
1953-11-30,SMB,FIZ_2024,-0.1753112033195022,-0.17531120331950215,5.551115123125783e-17
1953-12-31,SMB,FIZ_2024,-0.1519709543568466,-0.15197095435684654,5.551115123125783e-17
1954-01-31,SMB,FIZ_2024,-0.0829875518672199,-0.08298755186722004,-1.3877787807814457e-16
1954-02-28,SMB,FIZ_2024,-0.1177385892116184,-0.11773858921161835,4.163336342344337e-17
1954-03-31,SMB,FIZ_2024,-0.1358921161825727,-0.13589211618257271,-2.7755575615628914e-17
1954-04-30,SMB,FIZ_2024,-0.2863070539419088,-0.28630705394190875,5.551115123125783e-17
1954-05-31,SMB,FIZ_2024,-0.0866182572614109,-0.0866182572614109,0.0
1954-06-30,SMB,FIZ_2024,-0.0881742738589212,-0.08817427385892126,-6.938893903907228e-17
1954-07-31,SMB,FIZ_2024,-0.0529045643153528,-0.05290456431535282,-2.0816681711721685e-17
1954-08-31,SMB,FIZ_2024,0.0316390041493774,0.03163900414937741,1.3877787807814457e-17
1954-09-30,SMB,FIZ_2024,-0.2391078838174274,-0.23910788381742742,-2.7755575615628914e-17
1954-10-31,SMB,FIZ_2024,-0.0757261410788382,-0.0757261410788383,-9.71445146547012e-17
1954-11-30,SMB,FIZ_2024,-0.2437759336099586,-0.24377593360995853,8.326672684688674e-17
1954-12-31,SMB,FIZ_2024,0.0020746887966804,0.0020746887966803518,-4.8138576458356397e-17
1955-01-31,SMB,FIZ_2024,-0.0892116182572615,-0.08921161825726152,-2.7755575615628914e-17
1955-02-28,SMB,FIZ_2024,-0.0254149377593362,-0.02541493775933623,-3.122502256758253e-17
1955-03-31,SMB,FIZ_2024,-0.1462655601659751,-0.1462655601659752,-8.326672684688674e-17
1955-04-30,SMB,FIZ_2024,-0.1919087136929461,-0.19190871369294613,-2.7755575615628914e-17
1955-05-31,SMB,FIZ_2024,-0.1224066390041495,-0.12240663900414947,2.7755575615628914e-17
1955-06-30,SMB,FIZ_2024,-0.3490663900414938,-0.34906639004149376,5.551115123125783e-17
1955-07-31,SMB,FIZ_2024,-0.1685684647302904,-0.16856846473029052,-1.1102230246251565e-16
1955-08-31,SMB,FIZ_2024,-0.1307053941908715,-0.13070539419087146,2.7755575615628914e-17
1955-09-30,SMB,FIZ_2024,-0.0897302904564315,-0.08973029045643165,-1.5265566588595902e-16
1955-10-31,SMB,FIZ_2024,-0.0311203319502075,-0.031120331950207608,-1.0755285551056204e-16
1955-11-30,SMB,FIZ_2024,-0.2230290456431536,-0.22302904564315357,2.7755575615628914e-17
1955-12-31,SMB,FIZ_2024,0.0041493775933609,0.004149377593360842,-5.724587470723463e-17
1956-01-31,SMB,FIZ_2024,-0.0886929460580913,-0.0886929460580914,-9.71445146547012e-17
1956-02-29,SMB,FIZ_2024,-0.1587136929460582,-0.15871369294605817,2.7755575615628914e-17
1956-03-31,SMB,FIZ_2024,-0.216286307053942,-0.21628630705394197,2.7755575615628914e-17
1956-04-30,SMB,FIZ_2024,-0.1073651452282158,-0.10736514522821587,-6.938893903907228e-17
1956-05-31,SMB,FIZ_2024,-0.0326763485477179,-0.032676348547717976,-7.632783294297951e-17
1956-06-30,SMB,FIZ_2024,-0.1846473029045644,-0.18464730290456438,2.7755575615628914e-17
1956-07-31,SMB,FIZ_2024,-0.1939834024896266,-0.19398340248962662,-2.7755575615628914e-17
1956-08-31,SMB,FIZ_2024,-0.0098547717842324,-0.009854771784232524,-1.249000902703301e-16
1956-09-30,SMB,FIZ_2024,-0.0264522821576764,-0.02645228215767649,-9.020562075079397e-17
1956-10-31,SMB,FIZ_2024,-0.1130705394190872,-0.11307053941908723,-4.163336342344337e-17
1956-11-30,SMB,FIZ_2024,-0.1187759336099586,-0.1187759336099586,0.0
1956-12-31,SMB,FIZ_2024,-0.1084024896265561,-0.10840248962655612,-1.3877787807814457e-17
1957-01-31,SMB,FIZ_2024,0.066908713692946,0.06690871369294589,-1.1102230246251565e-16
1957-02-28,SMB,FIZ_2024,-0.1452282157676349,-0.14522821576763495,-5.551115123125783e-17
1957-03-31,SMB,FIZ_2024,-0.0943983402489626,-0.09439834024896276,-1.6653345369377348e-16
1957-04-30,SMB,FIZ_2024,-0.1903526970954357,-0.19035269709543576,-5.551115123125783e-17
1957-05-31,SMB,FIZ_2024,-0.162344398340249,-0.16234439834024905,-5.551115123125783e-17
1957-06-30,SMB,FIZ_2024,-0.0798755186721993,-0.07987551867219929,1.3877787807814457e-17
1957-07-31,SMB,FIZ_2024,-0.1473029045643155,-0.14730290456431544,5.551115123125783e-17
1957-08-31,SMB,FIZ_2024,-0.1052904564315353,-0.10529045643153537,-6.938893903907228e-17
1957-09-30,SMB,FIZ_2024,-0.103734439834025,-0.103734439834025,0.0
1957-10-31,SMB,FIZ_2024,-0.2385892116182573,-0.2385892116182573,0.0
1957-11-30,SMB,FIZ_2024,-0.087136929460581,-0.08713692946058102,-1.3877787807814457e-17
1957-12-31,SMB,FIZ_2024,-0.1587136929460582,-0.15871369294605817,2.7755575615628914e-17
1958-01-31,SMB,FIZ_2024,0.1198132780082987,0.11981327800829854,-1.6653345369377348e-16
1958-02-28,SMB,FIZ_2024,-0.0741701244813279,-0.07417012448132793,-2.7755575615628914e-17
1958-03-31,SMB,FIZ_2024,-0.0741701244813279,-0.07417012448132793,-2.7755575615628914e-17
1958-04-30,SMB,FIZ_2024,-0.1400414937759337,-0.1400414937759337,0.0
1958-05-31,SMB,FIZ_2024,0.0041493775933609,0.004149377593360842,-5.724587470723463e-17
1958-06-30,SMB,FIZ_2024,-0.1177385892116184,-0.11773858921161835,4.163336342344337e-17
1958-07-31,SMB,FIZ_2024,-0.0835062240663901,-0.08350622406639016,-5.551115123125783e-17
1958-08-31,SMB,FIZ_2024,-0.0466804979253112,-0.046680497925311336,-1.3877787807814457e-16
1958-09-30,SMB,FIZ_2024,-0.1016597510373444,-0.10165975103734451,-1.1102230246251565e-16
1958-10-31,SMB,FIZ_2024,-0.0513485477178424,-0.05134854771784245,-4.85722573273506e-17
1958-11-30,SMB,FIZ_2024,-0.0057053941908715,-0.0057053941908715156,-1.5612511283791264e-17
1958-12-31,SMB,FIZ_2024,-0.2131742738589211,-0.2131742738589212,-1.1102230246251565e-16
1959-01-31,SMB,FIZ_2024,0.0487551867219915,0.048755186721991514,1.3877787807814457e-17
1959-02-28,SMB,FIZ_2024,-0.0321576763485477,-0.03215767634854785,-1.5265566588595902e-16
1959-03-31,SMB,FIZ_2024,-0.0306016597510375,-0.030601659751037485,1.3877787807814457e-17
1959-04-30,SMB,FIZ_2024,-0.1390041493775935,-0.13900414937759345,5.551115123125783e-17
1959-05-31,SMB,FIZ_2024,-0.2199170124481329,-0.21991701244813283,5.551115123125783e-17
1959-06-30,SMB,FIZ_2024,-0.0731327800829875,-0.07313278008298767,-1.6653345369377348e-16
1959-07-31,SMB,FIZ_2024,-0.1234439834024897,-0.12344398340248972,-1.3877787807814457e-17
1959-08-31,SMB,FIZ_2024,-0.1473029045643155,-0.14730290456431544,5.551115123125783e-17
1959-09-30,SMB,FIZ_2024,-0.112551867219917,-0.11255186721991711,-1.1102230246251565e-16
1959-10-31,SMB,FIZ_2024,-0.0331950207468879,-0.03319502074688811,-2.1510571102112408e-16
1959-11-30,SMB,FIZ_2024,-0.0440871369294606,-0.044087136929460716,-1.1796119636642288e-16
1959-12-31,SMB,FIZ_2024,-0.137966804979253,-0.1379668049792532,-1.942890293094024e-16
1960-01-31,SMB,FIZ_2024,0.0005186721991701,0.00051867219916997,-1.2999584048101198e-16
1960-02-29,SMB,FIZ_2024,-0.0814315352697095,-0.08143153526970966,-1.5265566588595902e-16
1960-03-31,SMB,FIZ_2024,-0.1332987551867219,-0.13329875518672207,-1.6653345369377348e-16
1960-04-30,SMB,FIZ_2024,-0.091286307053942,-0.09128630705394201,-1.3877787807814457e-17
1960-05-31,SMB,FIZ_2024,-0.0451244813278008,-0.04512448132780096,-1.5959455978986625e-16
1960-06-30,SMB,FIZ_2024,-0.1187759336099586,-0.1187759336099586,0.0
1960-07-31,SMB,FIZ_2024,-0.1343360995850624,-0.13433609958506232,8.326672684688674e-17
1960-08-31,SMB,FIZ_2024,-0.062759336099585,-0.06275933609958519,-1.8041124150158794e-16
1960-09-30,SMB,FIZ_2024,-0.1654564315352698,-0.1654564315352698,0.0
1960-10-31,SMB,FIZ_2024,-0.3195020746887967,-0.3195020746887967,0.0
1960-11-30,SMB,FIZ_2024,-0.087136929460581,-0.08713692946058102,-1.3877787807814457e-17
1960-12-31,SMB,FIZ_2024,-0.1882780082987553,-0.18827800829875524,5.551115123125783e-17
1961-01-31,SMB,FIZ_2024,-0.0746887966804979,-0.07468879668049805,-1.5265566588595902e-16
1961-02-28,SMB,FIZ_2024,0.0959543568464729,0.09595435684647284,-5.551115123125783e-17
1961-03-31,SMB,FIZ_2024,0.0632780082987551,0.063278008298755,-9.71445146547012e-17
1961-04-30,SMB,FIZ_2024,-0.1042531120331951,-0.10425311203319512,-2.7755575615628914e-17
1961-05-31,SMB,FIZ_2024,-0.0036307053941908,-0.003630705394191039,-2.389581588158052e-16
1961-06-30,SMB,FIZ_2024,-0.2370331950207469,-0.23703319502074693,-2.7755575615628914e-17
1961-07-31,SMB,FIZ_2024,-0.2064315352697097,-0.2064315352697096,1.1102230246251565e-16
1961-08-31,SMB,FIZ_2024,-0.1986514522821577,-0.19865145228215775,-5.551115123125783e-17
1961-09-30,SMB,FIZ_2024,-0.1633817427385893,-0.1633817427385893,0.0
1961-10-31,SMB,FIZ_2024,-0.1934647302904565,-0.1934647302904565,0.0
1961-11-30,SMB,FIZ_2024,-0.0425311203319501,-0.042531120331950334,-2.3592239273284576e-16
1961-12-31,SMB,FIZ_2024,-0.1519709543568466,-0.15197095435684654,5.551115123125783e-17
1962-01-31,SMB,FIZ_2024,-0.016078838174274,-0.01607883817427401,-1.0408340855860843e-17
1962-02-28,SMB,FIZ_2024,-0.1675311203319501,-0.16753112033195028,-1.6653345369377348e-16
1962-03-31,SMB,FIZ_2024,-0.0809128630705395,-0.08091286307053953,-2.7755575615628914e-17
1962-04-30,SMB,FIZ_2024,-0.1441908713692946,-0.1441908713692947,-1.1102230246251565e-16
1962-05-31,SMB,FIZ_2024,-0.2811203319502076,-0.28112033195020747,1.1102230246251565e-16
1962-06-30,SMB,FIZ_2024,-0.1384854771784233,-0.13848547717842333,-2.7755575615628914e-17
1962-07-31,SMB,FIZ_2024,-0.029045643153527,-0.029045643153527104,-1.0408340855860843e-16
1962-08-31,SMB,FIZ_2024,-0.0446058091286308,-0.04460580912863084,-4.163336342344337e-17
1962-09-30,SMB,FIZ_2024,-0.233402489626556,-0.23340248962655608,-8.326672684688674e-17
1962-10-31,SMB,FIZ_2024,-0.3137966804979254,-0.3137966804979253,1.1102230246251565e-16
1962-11-30,SMB,FIZ_2024,0.0274896265560165,0.02748962655601643,-6.938893903907228e-17
1962-12-31,SMB,FIZ_2024,-0.3049792531120333,-0.3049792531120332,5.551115123125783e-17
1963-01-31,SMB,FIZ_2024,0.0518672199170124,0.05186721991701228,-1.249000902703301e-16
1963-02-28,SMB,FIZ_2024,-0.0829875518672199,-0.08298755186722004,-1.3877787807814457e-16
1963-03-31,SMB,FIZ_2024,-0.2422199170124481,-0.24221991701244816,-5.551115123125783e-17
1963-04-30,SMB,FIZ_2024,-0.1773858921161826,-0.17738589211618266,-5.551115123125783e-17
1963-05-31,SMB,FIZ_2024,-0.0492738589211619,-0.04927385892116196,-6.245004513516506e-17
1963-06-30,SMB,FIZ_2024,-0.1218879668049792,-0.12188796680497935,-1.5265566588595902e-16
1963-07-31,SMB,FIZ_2024,-0.1312240663900415,-0.13122406639004158,-8.326672684688674e-17
1963-08-31,SMB,FIZ_2024,-0.1587136929460582,-0.15871369294605817,2.7755575615628914e-17
1963-09-30,SMB,FIZ_2024,-0.125,-0.12500000000000008,-8.326672684688674e-17
1963-10-31,SMB,FIZ_2024,-0.137966804979253,-0.1379668049792532,-1.942890293094024e-16
1963-11-30,SMB,FIZ_2024,-0.1685684647302904,-0.16856846473029052,-1.1102230246251565e-16
1963-12-31,SMB,FIZ_2024,-0.2199170124481329,-0.21991701244813283,5.551115123125783e-17
1964-01-31,SMB,FIZ_2024,-0.1135892116182573,-0.11358921161825736,-5.551115123125783e-17
1964-02-29,SMB,FIZ_2024,-0.1021784232365146,-0.10217842323651463,-2.7755575615628914e-17
1964-03-31,SMB,FIZ_2024,-0.062759336099585,-0.06275933609958519,-1.8041124150158794e-16
1964-04-30,SMB,FIZ_2024,-0.1779045643153527,-0.1779045643153528,-8.326672684688674e-17
1964-05-31,SMB,FIZ_2024,-0.1524896265560166,-0.15248962655601667,-5.551115123125783e-17
1964-06-30,SMB,FIZ_2024,-0.1141078838174275,-0.11410788381742748,1.3877787807814457e-17
1964-07-31,SMB,FIZ_2024,-0.0954356846473031,-0.09543568464730301,9.71445146547012e-17
1964-08-31,SMB,FIZ_2024,-0.0995850622406639,-0.099585062240664,-1.1102230246251565e-16
1964-09-30,SMB,FIZ_2024,-0.1358921161825727,-0.13589211618257271,-2.7755575615628914e-17
1964-10-31,SMB,FIZ_2024,-0.0860995850622406,-0.08609958506224077,-1.8041124150158794e-16
1964-11-30,SMB,FIZ_2024,-0.0720954356846473,-0.07209543568464744,-1.3877787807814457e-16
1964-12-31,SMB,FIZ_2024,-0.1260373443983403,-0.12603734439834036,-5.551115123125783e-17
1965-01-31,SMB,FIZ_2024,0.0321576763485476,0.03215767634854756,-3.469446951953614e-17
1965-02-28,SMB,FIZ_2024,0.0762448132780082,0.0762448132780081,-9.71445146547012e-17
1965-03-31,SMB,FIZ_2024,-0.0098547717842324,-0.009854771784232524,-1.249000902703301e-16
1965-04-30,SMB,FIZ_2024,-0.0508298755186722,-0.050829875518672324,-1.249000902703301e-16
1965-05-31,SMB,FIZ_2024,-0.1021784232365146,-0.10217842323651463,-2.7755575615628914e-17
1965-06-30,SMB,FIZ_2024,-0.3329875518672199,-0.3329875518672199,0.0
1965-07-31,SMB,FIZ_2024,-0.0617219917012449,-0.061721991701244934,-3.469446951953614e-17
1965-08-31,SMB,FIZ_2024,0.0394190871369293,0.03941908713692928,-2.0816681711721685e-17
1965-09-30,SMB,FIZ_2024,-0.0746887966804979,-0.07468879668049805,-1.5265566588595902e-16
1965-10-31,SMB,FIZ_2024,0.0228215767634853,0.022821576763485327,2.7755575615628914e-17
1965-11-30,SMB,FIZ_2024,0.1348547717842323,0.1348547717842321,-1.942890293094024e-16
1965-12-31,SMB,FIZ_2024,-0.0010373443983403,-0.001037344398340398,-9.80118763926896e-17
1966-01-31,SMB,FIZ_2024,0.0912863070539418,0.09128630705394171,-9.71445146547012e-17
1966-02-28,SMB,FIZ_2024,0.1203319502074689,0.12033195020746869,-2.0816681711721685e-16
1966-03-31,SMB,FIZ_2024,-0.0565352697095437,-0.056535269709543694,6.938893903907228e-18
1966-04-30,SMB,FIZ_2024,0.0700207468879667,0.07002074688796663,-6.938893903907228e-17
1966-05-31,SMB,FIZ_2024,-0.3464730290456432,-0.34647302904564314,5.551115123125783e-17
1966-06-30,SMB,FIZ_2024,-0.0544605809128631,-0.054460580912863196,-9.71445146547012e-17
1966-07-31,SMB,FIZ_2024,-0.1265560165975104,-0.12655601659751048,-8.326672684688674e-17
1966-08-31,SMB,FIZ_2024,-0.2774896265560166,-0.2774896265560166,0.0
1966-09-30,SMB,FIZ_2024,-0.1618257261410789,-0.16182572614107893,-2.7755575615628914e-17
1966-10-31,SMB,FIZ_2024,-0.4460580912863071,-0.44605809128630697,1.1102230246251565e-16
1966-11-30,SMB,FIZ_2024,0.1120331950207467,0.1120331950207467,0.0
1966-12-31,SMB,FIZ_2024,-0.0057053941908715,-0.0057053941908715156,-1.5612511283791264e-17
1967-01-31,SMB,FIZ_2024,0.3236514522821576,0.32365145228215736,-2.220446049250313e-16
1967-02-28,SMB,FIZ_2024,0.0658713692946058,0.06587136929460562,-1.8041124150158794e-16
1967-03-31,SMB,FIZ_2024,-0.0274896265560166,-0.027489626556016736,-1.3530843112619095e-16
1967-04-30,SMB,FIZ_2024,-0.0752074688796682,-0.07520746887966817,2.7755575615628914e-17
1967-05-31,SMB,FIZ_2024,-0.0093360995850624,-0.009336099585062388,1.214306433183765e-17
1967-06-30,SMB,FIZ_2024,0.1996887966804978,0.19968879668049766,-1.3877787807814457e-16
1967-07-31,SMB,FIZ_2024,0.0539419087136929,0.05394190871369277,-1.3183898417423734e-16
1967-08-31,SMB,FIZ_2024,-0.0860995850622406,-0.08609958506224077,-1.8041124150158794e-16
1967-09-30,SMB,FIZ_2024,0.050829875518672,0.05082987551867203,3.469446951953614e-17
1967-10-31,SMB,FIZ_2024,-0.0321576763485477,-0.03215767634854785,-1.5265566588595902e-16
1967-11-30,SMB,FIZ_2024,-0.0969917012448133,-0.09699170124481339,-9.71445146547012e-17
1967-12-31,SMB,FIZ_2024,0.1893153526970954,0.1893153526970952,-1.942890293094024e-16
1968-01-31,SMB,FIZ_2024,0.0954356846473027,0.09543568464730269,-1.3877787807814457e-17
1968-02-29,SMB,FIZ_2024,-0.2603734439834025,-0.2603734439834025,0.0
1968-03-31,SMB,FIZ_2024,-0.1773858921161826,-0.17738589211618266,-5.551115123125783e-17
1968-04-30,SMB,FIZ_2024,0.1867219917012446,0.18672199170124454,-5.551115123125783e-17
1968-05-31,SMB,FIZ_2024,0.2240663900414938,0.22406639004149354,-2.7755575615628914e-16
1968-06-30,SMB,FIZ_2024,-0.1177385892116184,-0.11773858921161835,4.163336342344337e-17
1968-07-31,SMB,FIZ_2024,-0.1784232365145228,-0.1784232365145229,-1.1102230246251565e-16
1968-08-31,SMB,FIZ_2024,0.0134854771784231,0.013485477178423064,-3.642919299551295e-17
1968-09-30,SMB,FIZ_2024,0.0373443983402488,0.03734439834024879,-1.3877787807814457e-17
1968-10-31,SMB,FIZ_2024,-0.1327800829875519,-0.13278008298755195,-5.551115123125783e-17
1968-11-30,SMB,FIZ_2024,0.0134854771784231,0.013485477178423064,-3.642919299551295e-17
1968-12-31,SMB,FIZ_2024,0.066908713692946,0.06690871369294589,-1.1102230246251565e-16
1969-01-31,SMB,FIZ_2024,-0.1462655601659751,-0.1462655601659752,-8.326672684688674e-17
1969-02-28,SMB,FIZ_2024,-0.3112033195020748,-0.3112033195020747,1.1102230246251565e-16
1969-03-31,SMB,FIZ_2024,-0.1234439834024897,-0.12344398340248972,-1.3877787807814457e-17
1969-04-30,SMB,FIZ_2024,-0.1524896265560166,-0.15248962655601667,-5.551115123125783e-17
1969-05-31,SMB,FIZ_2024,-0.1187759336099586,-0.1187759336099586,0.0
1969-06-30,SMB,FIZ_2024,-0.3864107883817428,-0.38641078838174275,5.551115123125783e-17
1969-07-31,SMB,FIZ_2024,-0.2759336099585063,-0.27593360995850624,5.551115123125783e-17
1969-08-31,SMB,FIZ_2024,-0.0596473029045644,-0.059647302904564437,-3.469446951953614e-17
1969-09-30,SMB,FIZ_2024,-0.0466804979253112,-0.046680497925311336,-1.3877787807814457e-16
1969-10-31,SMB,FIZ_2024,0.0949170124481326,0.0949170124481326,0.0
1969-11-30,SMB,FIZ_2024,-0.2417012448132781,-0.24170124481327804,5.551115123125783e-17
1969-12-31,SMB,FIZ_2024,-0.3003112033195022,-0.30031120331950206,1.1102230246251565e-16
1970-01-31,SMB,FIZ_2024,0.0440871369294604,0.04408713692946041,6.938893903907228e-18
1970-02-28,SMB,FIZ_2024,-0.2417012448132781,-0.24170124481327804,5.551115123125783e-17
1970-03-31,SMB,FIZ_2024,-0.2282157676348548,-0.2282157676348548,0.0
1970-04-30,SMB,FIZ_2024,-0.4268672199170125,-0.42686721991701243,5.551115123125783e-17
1970-05-31,SMB,FIZ_2024,-0.3459543568464731,-0.345954356846473,5.551115123125783e-17
1970-06-30,SMB,FIZ_2024,-0.2183609958506224,-0.21836099585062246,-5.551115123125783e-17
1970-07-31,SMB,FIZ_2024,-0.1338174273858922,-0.1338174273858922,0.0
1970-08-31,SMB,FIZ_2024,-0.029045643153527,-0.029045643153527104,-1.0408340855860843e-16
1970-09-30,SMB,FIZ_2024,0.3376556016597509,0.3376556016597507,-1.6653345369377348e-16
1970-10-31,SMB,FIZ_2024,-0.3262448132780084,-0.3262448132780083,1.1102230246251565e-16
1970-11-30,SMB,FIZ_2024,-0.3122406639004149,-0.31224066390041494,-5.551115123125783e-17
1970-12-31,SMB,FIZ_2024,0.0435684647302903,0.04356846473029029,-1.3877787807814457e-17
1971-01-31,SMB,FIZ_2024,0.2738589211618256,0.2738589211618254,-1.6653345369377348e-16
1971-02-28,SMB,FIZ_2024,-0.0114107883817428,-0.011410788381742878,-7.806255641895632e-17
1971-03-31,SMB,FIZ_2024,0.0280082987551866,0.028008298755186553,-4.85722573273506e-17
1971-04-30,SMB,FIZ_2024,-0.1332987551867219,-0.13329875518672207,-1.6653345369377348e-16
1971-05-31,SMB,FIZ_2024,-0.1618257261410789,-0.16182572614107893,-2.7755575615628914e-17
1971-06-30,SMB,FIZ_2024,-0.1841286307053943,-0.18412863070539426,5.551115123125783e-17
1971-07-31,SMB,FIZ_2024,-0.1846473029045644,-0.18464730290456438,2.7755575615628914e-17
1971-08-31,SMB,FIZ_2024,-0.1167012448132781,-0.11670124481327811,-1.3877787807814457e-17
1971-09-30,SMB,FIZ_2024,-0.0814315352697095,-0.08143153526970966,-1.5265566588595902e-16
1971-10-31,SMB,FIZ_2024,-0.1991701244813278,-0.19917012448132787,-8.326672684688674e-17
1971-11-30,SMB,FIZ_2024,-0.2515560165975105,-0.2515560165975104,5.551115123125783e-17
1971-12-31,SMB,FIZ_2024,0.0627593360995848,0.06275933609958488,8.326672684688674e-17
1972-01-31,SMB,FIZ_2024,0.1955394190871366,0.19553941908713662,2.7755575615628914e-17
1972-02-29,SMB,FIZ_2024,-0.0404564315352697,-0.04045643153526984,-1.457167719820518e-16
1972-03-31,SMB,FIZ_2024,-0.1203319502074689,-0.12033195020746898,-8.326672684688674e-17
1972-04-30,SMB,FIZ_2024,-0.1021784232365146,-0.10217842323651463,-2.7755575615628914e-17
1972-05-31,SMB,FIZ_2024,-0.2474066390041494,-0.2474066390041494,0.0
1972-06-30,SMB,FIZ_2024,-0.0938796680497926,-0.09387966804979264,-4.163336342344337e-17
1972-07-31,SMB,FIZ_2024,-0.2567427385892117,-0.25674273858921165,5.551115123125783e-17
1972-08-31,SMB,FIZ_2024,-0.3169087136929461,-0.3169087136929461,0.0
1972-09-30,SMB,FIZ_2024,-0.245331950207469,-0.2453319502074689,1.1102230246251565e-16
1972-10-31,SMB,FIZ_2024,-0.24948132780083,-0.24948132780082993,5.551115123125783e-17
1972-11-30,SMB,FIZ_2024,-0.1701244813278009,-0.1701244813278009,0.0
1972-12-31,SMB,FIZ_2024,-0.2090248962655602,-0.2090248962655602,0.0
1973-01-31,SMB,FIZ_2024,-0.2889004149377594,-0.28890041493775936,5.551115123125783e-17
1973-02-28,SMB,FIZ_2024,-0.3086099585062242,-0.3086099585062241,1.1102230246251565e-16
1973-03-31,SMB,FIZ_2024,-0.2541493775933611,-0.25414937759336104,5.551115123125783e-17
1973-04-30,SMB,FIZ_2024,-0.3075726141078838,-0.30757261410788383,-5.551115123125783e-17
1973-05-31,SMB,FIZ_2024,-0.4346473029045644,-0.43464730290456427,1.1102230246251565e-16
1973-06-30,SMB,FIZ_2024,-0.2562240663900416,-0.2562240663900415,5.551115123125783e-17
1973-07-31,SMB,FIZ_2024,0.3054979253112031,0.305497925311203,-1.1102230246251565e-16
1973-08-31,SMB,FIZ_2024,-0.2183609958506224,-0.21836099585062246,-5.551115123125783e-17
1973-09-30,SMB,FIZ_2024,0.0497925311203317,0.04979253112033179,9.020562075079397e-17
1973-10-31,SMB,FIZ_2024,-0.1312240663900415,-0.13122406639004158,-8.326672684688674e-17
1973-11-30,SMB,FIZ_2024,-0.5057053941908713,-0.5057053941908712,1.1102230246251565e-16
1973-12-31,SMB,FIZ_2024,-0.3853734439834025,-0.38537344398340245,5.551115123125783e-17
1974-01-31,SMB,FIZ_2024,0.3941908713692945,0.39419087136929426,-2.220446049250313e-16
1974-02-28,SMB,FIZ_2024,-0.1172199170124481,-0.11721991701244823,-1.249000902703301e-16
1974-03-31,SMB,FIZ_2024,0.0269709543568463,0.026970954356846308,6.938893903907228e-18
1974-04-30,SMB,FIZ_2024,-0.1462655601659751,-0.1462655601659752,-8.326672684688674e-17
1974-05-31,SMB,FIZ_2024,-0.2614107883817428,-0.26141078838174275,5.551115123125783e-17
1974-06-30,SMB,FIZ_2024,-0.1167012448132781,-0.11670124481327811,-1.3877787807814457e-17
1974-07-31,SMB,FIZ_2024,-0.0643153526970955,-0.06431535269709557,-6.938893903907228e-17
1974-08-31,SMB,FIZ_2024,-0.1457468879668051,-0.14574688796680507,2.7755575615628914e-17
1974-09-30,SMB,FIZ_2024,-0.0938796680497926,-0.09387966804979264,-4.163336342344337e-17
1974-10-31,SMB,FIZ_2024,-0.287344398340249,-0.2868257261410789,0.0005186721991701226
1974-11-30,SMB,FIZ_2024,-0.1706431535269711,-0.17064315352697101,8.326672684688674e-17
1974-12-31,SMB,FIZ_2024,-0.3584024896265561,-0.358402489626556,5.551115123125783e-17
1975-01-31,SMB,FIZ_2024,0.4699170124481326,0.4699170124481324,-2.220446049250313e-16
1975-02-28,SMB,FIZ_2024,-0.0995850622406639,-0.099585062240664,-1.1102230246251565e-16
1975-03-31,SMB,FIZ_2024,0.088174273858921,0.0886929460580911,0.0005186721991700949
1975-04-30,SMB,FIZ_2024,-0.141597510373444,-0.14159751037344406,-5.551115123125783e-17
1975-05-31,SMB,FIZ_2024,0.0907676348547716,0.09076763485477159,-1.3877787807814457e-17
1975-06-30,SMB,FIZ_2024,-0.062759336099585,-0.06275933609958519,-1.8041124150158794e-16
1975-07-31,SMB,FIZ_2024,0.0321576763485476,0.03215767634854756,-3.469446951953614e-17
1975-08-31,SMB,FIZ_2024,-0.2764522821576765,-0.27645228215767637,1.1102230246251565e-16
1975-09-30,SMB,FIZ_2024,-0.1130705394190872,-0.11307053941908723,-4.163336342344337e-17
1975-10-31,SMB,FIZ_2024,-0.3169087136929461,-0.3169087136929461,0.0
1975-11-30,SMB,FIZ_2024,-0.1701244813278009,-0.1701244813278009,0.0
1975-12-31,SMB,FIZ_2024,-0.1483402489626557,-0.14834024896265569,2.7755575615628914e-17
1976-01-31,SMB,FIZ_2024,0.1415975103734437,0.14159751037344376,5.551115123125783e-17
1976-02-29,SMB,FIZ_2024,0.2582987551867217,0.2582987551867217,0.0
1976-03-31,SMB,FIZ_2024,-0.1680497925311204,-0.1680497925311204,0.0
1976-04-30,SMB,FIZ_2024,-0.1135892116182573,-0.11358921161825736,-5.551115123125783e-17
1976-05-31,SMB,FIZ_2024,-0.1716804979253112,-0.17168049792531126,-5.551115123125783e-17
1976-06-30,SMB,FIZ_2024,-0.1763485477178424,-0.1763485477178424,0.0
1976-07-31,SMB,FIZ_2024,-0.0928423236514524,-0.0928423236514524,0.0
1976-08-31,SMB,FIZ_2024,-0.2116182572614109,-0.21161825726141084,5.551115123125783e-17
1976-09-30,SMB,FIZ_2024,-0.1089211618257262,-0.10892116182572624,-4.163336342344337e-17
1976-10-31,SMB,FIZ_2024,-0.0964730290456432,-0.09647302904564325,-5.551115123125783e-17
1976-11-30,SMB,FIZ_2024,0.0124481327800829,0.012448132780082818,-8.153200337090993e-17
1976-12-31,SMB,FIZ_2024,0.0492738589211618,0.04927385892116164,-1.6653345369377348e-16
1977-01-31,SMB,FIZ_2024,0.1390041493775933,0.13900414937759314,-1.6653345369377348e-16
1977-02-28,SMB,FIZ_2024,-0.053941908713693,-0.053941908713693074,-7.632783294297951e-17
1977-03-31,SMB,FIZ_2024,-0.0560165975103735,-0.05601659751037357,-6.938893903907228e-17
1977-04-30,SMB,FIZ_2024,-0.1141078838174275,-0.11410788381742748,1.3877787807814457e-17
1977-05-31,SMB,FIZ_2024,-0.0466804979253112,-0.046680497925311336,-1.3877787807814457e-16
1977-06-30,SMB,FIZ_2024,0.0005186721991701,0.00051867219916997,-1.2999584048101198e-16
1977-07-31,SMB,FIZ_2024,0.0041493775933609,0.004149377593360842,-5.724587470723463e-17
1977-08-31,SMB,FIZ_2024,-0.0311203319502075,-0.031120331950207608,-1.0755285551056204e-16
1977-09-30,SMB,FIZ_2024,-0.0383817427385893,-0.03838174273858934,-4.163336342344337e-17
1977-10-31,SMB,FIZ_2024,-0.0430497925311204,-0.04304979253112047,-6.938893903907228e-17
1977-11-30,SMB,FIZ_2024,0.0855809128630704,0.08558091286307033,-6.938893903907228e-17
1977-12-31,SMB,FIZ_2024,-0.0394190871369295,-0.0394190871369296,-9.71445146547012e-17
1978-01-31,SMB,FIZ_2024,0.0082987551867217,0.008298755186721851,1.5092094240998222e-16
1978-02-28,SMB,FIZ_2024,0.0783195020746887,0.07831950207468859,-1.1102230246251565e-16
1978-03-31,SMB,FIZ_2024,0.0731327800829872,0.07313278008298736,1.6653345369377348e-16
1978-04-30,SMB,FIZ_2024,-0.0845435684647304,-0.0845435684647304,0.0
1978-05-31,SMB,FIZ_2024,0.1286307053941906,0.12863070539419064,2.7755575615628914e-17
1978-06-30,SMB,FIZ_2024,-0.0217842323651452,-0.021784232365145373,-1.734723475976807e-16
1978-07-31,SMB,FIZ_2024,-0.0959543568464731,-0.09595435684647313,-2.7755575615628914e-17
1978-08-31,SMB,FIZ_2024,0.154564315352697,0.15456431535269682,-1.6653345369377348e-16
1978-09-30,SMB,FIZ_2024,-0.1301867219917013,-0.13018672199170134,-2.7755575615628914e-17
1978-10-31,SMB,FIZ_2024,-0.6192946058091287,-0.6192946058091284,2.220446049250313e-16
1978-11-30,SMB,FIZ_2024,0.0461618257261409,0.0461618257261409,0.0
1978-12-31,SMB,FIZ_2024,-0.04097510373444,-0.040975103734439966,3.469446951953614e-17
1979-01-31,SMB,FIZ_2024,0.0798755186721991,0.07987551867219898,-1.1102230246251565e-16
1979-02-28,SMB,FIZ_2024,-0.0845435684647304,-0.0845435684647304,0.0
1979-03-31,SMB,FIZ_2024,0.0612033195020746,0.061203319502074485,-1.1796119636642288e-16
1979-04-30,SMB,FIZ_2024,0.0036307053941906,0.003630705394190706,1.0581813203458523e-16
1979-05-31,SMB,FIZ_2024,-0.0969917012448133,-0.09699170124481339,-9.71445146547012e-17
1979-06-30,SMB,FIZ_2024,-0.0471991701244814,-0.047199170124481465,-6.245004513516506e-17
1979-07-31,SMB,FIZ_2024,-0.04149377593361,-0.04149377593361009,-9.020562075079397e-17
1979-08-31,SMB,FIZ_2024,-0.0015560165975104,-0.0015560165975105344,-1.3444106938820255e-16
1979-09-30,SMB,FIZ_2024,-0.1218879668049792,-0.12188796680497935,-1.5265566588595902e-16
1979-10-31,SMB,FIZ_2024,-0.2826763485477179,-0.2826763485477179,0.0
1979-11-30,SMB,FIZ_2024,0.0409751037344396,0.040975103734439675,7.632783294297951e-17
1979-12-31,SMB,FIZ_2024,0.1084024896265558,0.10840248962655581,1.3877787807814457e-17
1980-01-31,SMB,FIZ_2024,-0.0238589211618257,-0.023858921161825863,-1.6306400674181987e-16
1980-02-29,SMB,FIZ_2024,-0.2038381742738589,-0.20383817427385897,-8.326672684688674e-17
1980-03-31,SMB,FIZ_2024,-0.4522821576763486,-0.4522821576763485,1.1102230246251565e-16
1980-04-30,SMB,FIZ_2024,-0.0534232365145228,-0.05342323651452295,-1.5265566588595902e-16
1980-05-31,SMB,FIZ_2024,0.0025933609958503,0.0025933609958504605,1.6046192152785466e-16
1980-06-30,SMB,FIZ_2024,-0.0217842323651452,-0.021784232365145373,-1.734723475976807e-16
1980-07-31,SMB,FIZ_2024,0.1068464730290454,0.10684647302904542,1.3877787807814457e-17
1980-08-31,SMB,FIZ_2024,0.0954356846473027,0.09543568464730269,-1.3877787807814457e-17
1980-09-30,SMB,FIZ_2024,-0.0570539419087137,-0.05705394190871382,-1.249000902703301e-16
1980-10-31,SMB,FIZ_2024,0.0202282157676347,0.020228215767634714,1.3877787807814457e-17
1980-11-30,SMB,FIZ_2024,-0.2821576763485477,-0.2821576763485477,0.0
1980-12-31,SMB,FIZ_2024,-0.1213692946058092,-0.12136929460580922,-2.7755575615628914e-17
1981-01-31,SMB,FIZ_2024,0.0435684647302903,0.04356846473029029,-1.3877787807814457e-17
1981-02-28,SMB,FIZ_2024,-0.1255186721991702,-0.12551867219917023,-2.7755575615628914e-17
1981-03-31,SMB,FIZ_2024,0.0757261410788381,0.07572614107883797,-1.249000902703301e-16
1981-04-30,SMB,FIZ_2024,0.1203319502074689,0.12033195020746869,-2.0816681711721685e-16
1981-05-31,SMB,FIZ_2024,-0.004149377593361,-0.004149377593361148,-1.474514954580286e-16
1981-06-30,SMB,FIZ_2024,-0.1509336099585062,-0.1509336099585063,-1.1102230246251565e-16
1981-07-31,SMB,FIZ_2024,-0.2214730290456432,-0.2214730290456432,0.0
1981-08-31,SMB,FIZ_2024,-0.2090248962655602,-0.2090248962655602,0.0
1981-09-30,SMB,FIZ_2024,-0.245331950207469,-0.2453319502074689,1.1102230246251565e-16
1981-10-31,SMB,FIZ_2024,0.0077800829875518,0.007780082987551715,-8.500145032286355e-17
1981-11-30,SMB,FIZ_2024,-0.1613070539419088,-0.1613070539419088,0.0
1981-12-31,SMB,FIZ_2024,-0.0456431535269711,-0.04564315352697109,6.938893903907228e-18
1982-01-31,SMB,FIZ_2024,-0.1742738589211618,-0.1742738589211619,-1.1102230246251565e-16
1982-02-28,SMB,FIZ_2024,-0.0850622406639004,-0.08506224066390053,-1.249000902703301e-16
1982-03-31,SMB,FIZ_2024,-0.1187759336099586,-0.1187759336099586,0.0
1982-04-30,SMB,FIZ_2024,-0.0316390041493777,-0.03163900414937773,-2.7755575615628914e-17
1982-05-31,SMB,FIZ_2024,-0.0809128630705395,-0.08091286307053953,-2.7755575615628914e-17
1982-06-30,SMB,FIZ_2024,-0.1286307053941908,-0.12863070539419097,-1.6653345369377348e-16
1982-07-31,SMB,FIZ_2024,-0.0648340248962657,-0.06483402489626569,1.3877787807814457e-17
1982-08-31,SMB,FIZ_2024,-0.3226141078838175,-0.3226141078838174,1.1102230246251565e-16
1982-09-30,SMB,FIZ_2024,0.0451244813278006,0.045124481327800656,5.551115123125783e-17
1982-10-31,SMB,FIZ_2024,0.0134854771784231,0.013485477178423064,-3.642919299551295e-17
1982-11-30,SMB,FIZ_2024,0.1343360995850619,0.13433609958506204,1.3877787807814457e-16
1982-12-31,SMB,FIZ_2024,-0.1192946058091286,-0.11929460580912873,-1.3877787807814457e-16
1983-01-31,SMB,FIZ_2024,0.0337136929460579,0.03371369294605793,2.7755575615628914e-17
1983-02-28,SMB,FIZ_2024,0.0617219917012445,0.061721991701244636,1.3877787807814457e-16
1983-03-31,SMB,FIZ_2024,-0.0181535269709544,-0.0181535269709545,-1.0061396160665481e-16
1983-04-30,SMB,FIZ_2024,-0.0819502074688797,-0.08195020746887978,-8.326672684688674e-17
1983-05-31,SMB,FIZ_2024,0.2157676348547716,0.21576763485477152,-8.326672684688674e-17
1983-06-30,SMB,FIZ_2024,-0.0586099585062241,-0.05860995850622419,-9.020562075079397e-17
1983-07-31,SMB,FIZ_2024,-0.0300829875518673,-0.030082987551867363,-6.245004513516506e-17
1983-08-31,SMB,FIZ_2024,-0.3298755186721993,-0.32987551867219916,1.1102230246251565e-16
1983-09-30,SMB,FIZ_2024,-0.0762448132780084,-0.07624481327800842,-1.3877787807814457e-17
1983-10-31,SMB,FIZ_2024,-0.2930497925311204,-0.29304979253112035,5.551115123125783e-17
1983-11-30,SMB,FIZ_2024,-0.0036307053941908,-0.003630705394191039,-2.389581588158052e-16
1983-12-31,SMB,FIZ_2024,-0.1218879668049792,-0.12188796680497935,-1.5265566588595902e-16
1984-01-31,SMB,FIZ_2024,-0.1275933609958506,-0.12759336099585072,-1.1102230246251565e-16
1984-02-29,SMB,FIZ_2024,-0.195539419087137,-0.19553941908713698,2.7755575615628914e-17
1984-03-31,SMB,FIZ_2024,-0.1042531120331951,-0.10425311203319512,-2.7755575615628914e-17
1984-04-30,SMB,FIZ_2024,-0.1680497925311204,-0.1680497925311204,0.0
1984-05-31,SMB,FIZ_2024,-0.1047717842323653,-0.10477178423236524,5.551115123125783e-17
1984-06-30,SMB,FIZ_2024,-0.1234439834024897,-0.12344398340248972,-1.3877787807814457e-17
1984-07-31,SMB,FIZ_2024,-0.2225103734439835,-0.22251037344398344,5.551115123125783e-17
1984-08-31,SMB,FIZ_2024,-0.1203319502074689,-0.12033195020746898,-8.326672684688674e-17
1984-09-30,SMB,FIZ_2024,-0.0990663900414937,-0.09906639004149388,-1.8041124150158794e-16
1984-10-31,SMB,FIZ_2024,-0.1716804979253112,-0.17168049792531126,-5.551115123125783e-17
1984-11-30,SMB,FIZ_2024,-0.141597510373444,-0.14159751037344406,-5.551115123125783e-17
1984-12-31,SMB,FIZ_2024,-0.1369294605809129,-0.13692946058091296,-5.551115123125783e-17
1985-01-31,SMB,FIZ_2024,0.063796680497925,0.06379668049792513,1.249000902703301e-16
1985-02-28,SMB,FIZ_2024,-0.0669087136929461,-0.06690871369294618,-8.326672684688674e-17
1985-03-31,SMB,FIZ_2024,-0.1639004149377595,-0.16390041493775942,8.326672684688674e-17
1985-04-30,SMB,FIZ_2024,-0.1006224066390042,-0.10062240663900425,-5.551115123125783e-17
1985-05-31,SMB,FIZ_2024,-0.2230290456431536,-0.22302904564315357,2.7755575615628914e-17
1985-06-30,SMB,FIZ_2024,-0.0809128630705395,-0.08091286307053953,-2.7755575615628914e-17
1985-07-31,SMB,FIZ_2024,0.0394190871369293,0.03941908713692928,-2.0816681711721685e-17
1985-08-31,SMB,FIZ_2024,-0.1234439834024897,-0.12344398340248972,-1.3877787807814457e-17
1985-09-30,SMB,FIZ_2024,-0.1903526970954357,-0.19035269709543576,-5.551115123125783e-17
1985-10-31,SMB,FIZ_2024,-0.1862033195020748,-0.18620331950207475,5.551115123125783e-17
1985-11-30,SMB,FIZ_2024,-0.0949170124481328,-0.09491701244813289,-8.326672684688674e-17
1985-12-31,SMB,FIZ_2024,-0.1343360995850624,-0.13433609958506232,8.326672684688674e-17
1986-01-31,SMB,FIZ_2024,-0.0451244813278008,-0.04512448132780096,-1.5959455978986625e-16
1986-02-28,SMB,FIZ_2024,-0.1358921161825727,-0.13589211618257271,-2.7755575615628914e-17
1986-03-31,SMB,FIZ_2024,-0.1384854771784233,-0.13848547717842333,-2.7755575615628914e-17
1986-04-30,SMB,FIZ_2024,0.0363070539419085,0.03630705394190854,4.163336342344337e-17
1986-05-31,SMB,FIZ_2024,-0.1779045643153527,-0.1779045643153528,-8.326672684688674e-17
1986-06-30,SMB,FIZ_2024,-0.1576763485477179,-0.15767634854771792,-2.7755575615628914e-17
1986-07-31,SMB,FIZ_2024,-0.2821576763485477,-0.2821576763485477,0.0
1986-08-31,SMB,FIZ_2024,-0.3241701244813278,-0.3241701244813278,0.0
1986-09-30,SMB,FIZ_2024,0.0145228215767634,0.014522821576763323,-7.632783294297951e-17
1986-10-31,SMB,FIZ_2024,-0.237551867219917,-0.23755186721991706,-5.551115123125783e-17
1986-11-30,SMB,FIZ_2024,-0.2069502074688797,-0.2069502074688797,0.0
1986-12-31,SMB,FIZ_2024,-0.1011410788381744,-0.10114107883817439,1.3877787807814457e-17
1987-01-31,SMB,FIZ_2024,-0.2017634854771784,-0.20176348547717848,-8.326672684688674e-17
1987-02-28,SMB,FIZ_2024,0.0731327800829872,0.07313278008298736,1.6653345369377348e-16
1987-03-31,SMB,FIZ_2024,-0.0845435684647304,-0.0845435684647304,0.0
1987-04-30,SMB,FIZ_2024,-0.195539419087137,-0.19553941908713698,2.7755575615628914e-17
1987-05-31,SMB,FIZ_2024,-0.1338174273858922,-0.1338174273858922,0.0
1987-06-30,SMB,FIZ_2024,-0.2178423236514524,-0.21784232365145234,5.551115123125783e-17
1987-07-31,SMB,FIZ_2024,-0.1436721991701246,-0.14367219917012455,5.551115123125783e-17
1987-08-31,SMB,FIZ_2024,-0.1478215767634855,-0.14782157676348556,-5.551115123125783e-17
1987-09-30,SMB,FIZ_2024,-0.0798755186721993,-0.07987551867219929,1.3877787807814457e-17
1987-10-31,SMB,FIZ_2024,-0.5451244813278009,-0.5451244813278007,2.220446049250313e-16
1987-11-30,SMB,FIZ_2024,0.0331950207468878,0.03319502074688781,6.938893903907228e-18
1987-12-31,SMB,FIZ_2024,-0.1011410788381744,-0.10114107883817439,1.3877787807814457e-17
1988-01-31,SMB,FIZ_2024,-0.1452282157676349,-0.14522821576763495,-5.551115123125783e-17
1988-02-29,SMB,FIZ_2024,0.0653526970954356,0.0653526970954355,-1.1102230246251565e-16
1988-03-31,SMB,FIZ_2024,0.2110995850622405,0.2110995850622404,-8.326672684688674e-17
1988-04-30,SMB,FIZ_2024,-0.0560165975103735,-0.05601659751037357,-6.938893903907228e-17
1988-05-31,SMB,FIZ_2024,-0.2427385892116182,-0.24273858921161828,-8.326672684688674e-17
1988-06-30,SMB,FIZ_2024,0.0015560165975101,0.0015560165975102153,1.1535911115245767e-16
1988-07-31,SMB,FIZ_2024,-0.1208506224066391,-0.1208506224066391,0.0
1988-08-31,SMB,FIZ_2024,-0.1058091286307055,-0.1058091286307055,0.0
1988-09-30,SMB,FIZ_2024,-0.1758298755186723,-0.17582987551867227,2.7755575615628914e-17
1988-10-31,SMB,FIZ_2024,-0.2598547717842324,-0.2598547717842324,0.0
1988-11-30,SMB,FIZ_2024,-0.1970954356846473,-0.19709543568464738,-8.326672684688674e-17
1988-12-31,SMB,FIZ_2024,-0.0067427385892117,-0.006742738589211775,-7.45931094670027e-17
1989-01-31,SMB,FIZ_2024,-0.2235477178423237,-0.2235477178423237,0.0
1989-02-28,SMB,FIZ_2024,0.038381742738589,0.038381742738589034,3.469446951953614e-17
1989-03-31,SMB,FIZ_2024,-0.0731327800829875,-0.07313278008298767,-1.6653345369377348e-16
1989-04-30,SMB,FIZ_2024,-0.1431535269709544,-0.14315352697095446,-5.551115123125783e-17
1989-05-31,SMB,FIZ_2024,-0.1104771784232366,-0.11047717842323662,-2.7755575615628914e-17
1989-06-30,SMB,FIZ_2024,-0.1607883817427386,-0.16078838174273868,-8.326672684688674e-17
1989-07-31,SMB,FIZ_2024,-0.3226141078838175,-0.3226141078838174,1.1102230246251565e-16
1989-08-31,SMB,FIZ_2024,-0.078838174273859,-0.07883817427385903,-2.7755575615628914e-17
1989-09-30,SMB,FIZ_2024,-0.091286307053942,-0.09128630705394201,-1.3877787807814457e-17
1989-10-31,SMB,FIZ_2024,-0.2754149377593362,-0.2754149377593361,5.551115123125783e-17
1989-11-30,SMB,FIZ_2024,-0.1721991701244813,-0.17219917012448138,-8.326672684688674e-17
1989-12-31,SMB,FIZ_2024,-0.2302904564315353,-0.2302904564315353,0.0
1990-01-31,SMB,FIZ_2024,-0.1721991701244813,-0.17219917012448138,-8.326672684688674e-17
1990-02-28,SMB,FIZ_2024,-0.0565352697095437,-0.056535269709543694,6.938893903907228e-18
1990-03-31,SMB,FIZ_2024,-0.0300829875518673,-0.030082987551867363,-6.245004513516506e-17
1990-04-30,SMB,FIZ_2024,-0.1317427385892117,-0.1317427385892117,0.0
1990-05-31,SMB,FIZ_2024,-0.2391078838174274,-0.23910788381742742,-2.7755575615628914e-17
1990-06-30,SMB,FIZ_2024,-0.0352697095435686,-0.0352697095435686,0.0
1990-07-31,SMB,FIZ_2024,-0.2697095435684649,-0.26970954356846477,1.1102230246251565e-16
1990-08-31,SMB,FIZ_2024,-0.2930497925311204,-0.29304979253112035,5.551115123125783e-17
1990-09-30,SMB,FIZ_2024,-0.2971991701244814,-0.2971991701244813,5.551115123125783e-17
1990-10-31,SMB,FIZ_2024,-0.3967842323651452,-0.3967842323651452,0.0
1990-11-30,SMB,FIZ_2024,-0.0855809128630706,-0.08558091286307065,-5.551115123125783e-17
1990-12-31,SMB,FIZ_2024,-0.065871369294606,-0.06587136929460594,6.938893903907228e-17
1991-01-31,SMB,FIZ_2024,0.0897302904564314,0.08973029045643134,-5.551115123125783e-17
1991-02-28,SMB,FIZ_2024,0.0969917012448131,0.09699170124481309,-1.3877787807814457e-17
1991-03-31,SMB,FIZ_2024,0.0959543568464729,0.09595435684647284,-5.551115123125783e-17
1991-04-30,SMB,FIZ_2024,-0.0829875518672199,-0.08298755186722004,-1.3877787807814457e-16
1991-05-31,SMB,FIZ_2024,-0.1286307053941908,-0.12863070539419097,-1.6653345369377348e-16
1991-06-30,SMB,FIZ_2024,-0.1011410788381744,-0.10114107883817439,1.3877787807814457e-17
1991-07-31,SMB,FIZ_2024,-0.1556016597510375,-0.15560165975103743,8.326672684688674e-17
1991-08-31,SMB,FIZ_2024,-0.0259336099585062,-0.025933609958506368,-1.6653345369377348e-16
1991-09-30,SMB,FIZ_2024,-0.0228215767634855,-0.022821576763485632,-1.3183898417423734e-16
1991-10-31,SMB,FIZ_2024,-0.065871369294606,-0.06587136929460594,6.938893903907228e-17
1991-11-30,SMB,FIZ_2024,-0.1338174273858922,-0.1338174273858922,0.0
1991-12-31,SMB,FIZ_2024,-0.2240663900414938,-0.22406639004149384,-2.7755575615628914e-17
1992-01-31,SMB,FIZ_2024,0.3309128630705393,0.33091286307053913,-1.6653345369377348e-16
1992-02-29,SMB,FIZ_2024,-0.062759336099585,-0.06275933609958519,-1.8041124150158794e-16
1992-03-31,SMB,FIZ_2024,-0.1618257261410789,-0.16182572614107893,-2.7755575615628914e-17
1992-04-30,SMB,FIZ_2024,-0.4221991701244814,-0.42219917012448127,1.1102230246251565e-16
1992-05-31,SMB,FIZ_2024,-0.0866182572614109,-0.0866182572614109,0.0
1992-06-30,SMB,FIZ_2024,-0.2671161825726141,-0.2671161825726141,0.0
1992-07-31,SMB,FIZ_2024,-0.1322614107883817,-0.13226141078838183,-1.3877787807814457e-16
1992-08-31,SMB,FIZ_2024,-0.1146265560165975,-0.1146265560165976,-9.71445146547012e-17
1992-09-30,SMB,FIZ_2024,-0.0798755186721993,-0.07987551867219929,1.3877787807814457e-17
1992-10-31,SMB,FIZ_2024,0.0005186721991701,0.00051867219916997,-1.2999584048101198e-16
1992-11-30,SMB,FIZ_2024,0.0871369294605808,0.0871369294605807,-9.71445146547012e-17
1992-12-31,SMB,FIZ_2024,-0.0202282157676348,-0.020228215767635005,-2.0469737016526324e-16
1993-01-31,SMB,FIZ_2024,-0.0098547717842324,-0.009854771784232524,-1.249000902703301e-16
1993-02-28,SMB,FIZ_2024,-0.2883817427385893,-0.28838174273858924,5.551115123125783e-17
1993-03-31,SMB,FIZ_2024,-0.0954356846473031,-0.09543568464730301,9.71445146547012e-17
1993-04-30,SMB,FIZ_2024,-0.1426348547717844,-0.14263485477178434,5.551115123125783e-17
1993-05-31,SMB,FIZ_2024,-0.0020746887966806,-0.002074688796680643,-4.336808689942018e-17
1993-06-30,SMB,FIZ_2024,-0.1229253112033195,-0.12292531120331959,-9.71445146547012e-17
1993-07-31,SMB,FIZ_2024,-0.0580912863070539,-0.05809128630705407,-1.6653345369377348e-16
1993-08-31,SMB,FIZ_2024,-0.1011410788381744,-0.10114107883817439,1.3877787807814457e-17
1993-09-30,SMB,FIZ_2024,0.0497925311203317,0.04979253112033179,9.020562075079397e-17
1993-10-31,SMB,FIZ_2024,-0.0025933609958506,-0.0025933609958507797,-1.7954387976359953e-16
1993-11-30,SMB,FIZ_2024,-0.1727178423236515,-0.1727178423236515,0.0
1993-12-31,SMB,FIZ_2024,-0.0440871369294606,-0.044087136929460716,-1.1796119636642288e-16
1994-01-31,SMB,FIZ_2024,-0.0902489626556017,-0.09024896265560177,-6.938893903907228e-17
1994-02-28,SMB,FIZ_2024,0.0373443983402488,0.03734439834024879,-1.3877787807814457e-17
1994-03-31,SMB,FIZ_2024,-0.1639004149377595,-0.16390041493775942,8.326672684688674e-17
1994-04-30,SMB,FIZ_2024,-0.1561203319502075,-0.15612033195020755,-5.551115123125783e-17
1994-05-31,SMB,FIZ_2024,-0.2193983402489627,-0.2193983402489627,0.0
1994-06-30,SMB,FIZ_2024,-0.1291493775933611,-0.1291493775933611,0.0
1994-07-31,SMB,FIZ_2024,-0.2017634854771784,-0.20176348547717848,-8.326672684688674e-17
1994-08-31,SMB,FIZ_2024,-0.0326763485477179,-0.032676348547717976,-7.632783294297951e-17
1994-09-30,SMB,FIZ_2024,0.0549792531120332,0.054979253112033014,-1.8735013540549517e-16
1994-10-31,SMB,FIZ_2024,-0.2240663900414938,-0.22406639004149384,-2.7755575615628914e-17
1994-11-30,SMB,FIZ_2024,-0.0949170124481328,-0.09491701244813289,-8.326672684688674e-17
1994-12-31,SMB,FIZ_2024,-0.0964730290456432,-0.09647302904564325,-5.551115123125783e-17
1995-01-31,SMB,FIZ_2024,-0.2894190871369295,-0.2894190871369295,0.0
1995-02-28,SMB,FIZ_2024,-0.1421161825726141,-0.14211618257261419,-8.326672684688674e-17
1995-03-31,SMB,FIZ_2024,-0.116182572614108,-0.11618257261410798,1.3877787807814457e-17
1995-04-30,SMB,FIZ_2024,-0.1332987551867219,-0.13329875518672207,-1.6653345369377348e-16
1995-05-31,SMB,FIZ_2024,-0.2401452282157677,-0.24014522821576767,2.7755575615628914e-17
1995-06-30,SMB,FIZ_2024,0.0570539419087134,0.05705394190871353,1.3183898417423734e-16
1995-07-31,SMB,FIZ_2024,-0.0005186721991702,-0.0005186721991702892,-8.912141857830846e-17
1995-08-31,SMB,FIZ_2024,-0.037863070539419,-0.037863070539419216,-2.1510571102112408e-16
1995-09-30,SMB,FIZ_2024,-0.2219917012448133,-0.22199170124481332,-2.7755575615628914e-17
1995-10-31,SMB,FIZ_2024,-0.303941908713693,-0.3039419087136929,5.551115123125783e-17
1995-11-30,SMB,FIZ_2024,-0.1644190871369295,-0.16441908713692954,-5.551115123125783e-17
1995-12-31,SMB,FIZ_2024,-0.0715767634854772,-0.0715767634854773,-9.71445146547012e-17
1996-01-31,SMB,FIZ_2024,-0.24948132780083,-0.24948132780082993,5.551115123125783e-17
1996-02-29,SMB,FIZ_2024,-0.0150414937759337,-0.01504149377593375,-5.0306980803327406e-17
1996-03-31,SMB,FIZ_2024,-0.0306016597510375,-0.030601659751037485,1.3877787807814457e-17
1996-04-30,SMB,FIZ_2024,0.163381742738589,0.16338174273858896,-2.7755575615628914e-17
1996-05-31,SMB,FIZ_2024,0.0565352697095433,0.05653526970954338,8.326672684688674e-17
1996-06-30,SMB,FIZ_2024,-0.3158713692946059,-0.3158713692946058,1.1102230246251565e-16
1996-07-31,SMB,FIZ_2024,-0.3314315352697096,-0.33143153526970953,5.551115123125783e-17
1996-08-31,SMB,FIZ_2024,0.0186721991701244,0.018672199170124318,-8.326672684688674e-17
1996-09-30,SMB,FIZ_2024,-0.1587136929460582,-0.15871369294605817,2.7755575615628914e-17
1996-10-31,SMB,FIZ_2024,-0.3381742738589213,-0.3381742738589212,1.1102230246251565e-16
1996-11-30,SMB,FIZ_2024,-0.316390041493776,-0.3163900414937759,5.551115123125783e-17
1996-12-31,SMB,FIZ_2024,0.0560165975103732,0.05601659751037326,5.551115123125783e-17
1997-01-31,SMB,FIZ_2024,-0.2090248962655602,-0.2090248962655602,0.0
1997-02-28,SMB,FIZ_2024,-0.2748962655601661,-0.274896265560166,1.1102230246251565e-16
1997-03-31,SMB,FIZ_2024,-0.1265560165975104,-0.12655601659751048,-8.326672684688674e-17
1997-04-30,SMB,FIZ_2024,-0.4071576763485477,-0.40715767634854766,5.551115123125783e-17
1997-05-31,SMB,FIZ_2024,0.1613070539419085,0.16130705394190847,-2.7755575615628914e-17
1997-06-30,SMB,FIZ_2024,-0.0446058091286308,-0.04460580912863084,-4.163336342344337e-17
1997-07-31,SMB,FIZ_2024,-0.2500000000000001,-0.25000000000000006,5.551115123125783e-17
1997-08-31,SMB,FIZ_2024,0.2697095435684646,0.26970954356846444,-1.6653345369377348e-16
1997-09-30,SMB,FIZ_2024,0.0233402489626555,0.02334024896265542,-7.979727989493313e-17
1997-10-31,SMB,FIZ_2024,-0.1457468879668051,-0.14574688796680507,2.7755575615628914e-17
1997-11-30,SMB,FIZ_2024,-0.3734439834024897,-0.37344398340248963,5.551115123125783e-17
1997-12-31,SMB,FIZ_2024,-0.2365145228215769,-0.2365145228215768,8.326672684688674e-17
1998-01-31,SMB,FIZ_2024,-0.1633817427385893,-0.1633817427385893,0.0
1998-02-28,SMB,FIZ_2024,-0.091286307053942,-0.09128630705394201,-1.3877787807814457e-17
1998-03-31,SMB,FIZ_2024,-0.1670124481327801,-0.16701244813278016,-5.551115123125783e-17
1998-04-30,SMB,FIZ_2024,-0.1042531120331951,-0.10425311203319512,-2.7755575615628914e-17
1998-05-31,SMB,FIZ_2024,-0.2831950207468879,-0.28319502074688796,-5.551115123125783e-17
1998-06-30,SMB,FIZ_2024,-0.274377593360996,-0.2743775933609959,1.1102230246251565e-16
1998-07-31,SMB,FIZ_2024,-0.362551867219917,-0.362551867219917,0.0
1998-08-31,SMB,FIZ_2024,-0.4030082987551868,-0.40300829875518673,5.551115123125783e-17
1998-09-30,SMB,FIZ_2024,-0.1032157676348548,-0.10321576763485488,-8.326672684688674e-17
1998-10-31,SMB,FIZ_2024,-0.2697095435684649,-0.26970954356846477,1.1102230246251565e-16
1998-11-30,SMB,FIZ_2024,-0.0440871369294606,-0.044087136929460716,-1.1796119636642288e-16
1998-12-31,SMB,FIZ_2024,-0.1338174273858922,-0.1338174273858922,0.0
1999-01-31,SMB,FIZ_2024,-0.0689834024896266,-0.06898340248962667,-6.938893903907228e-17
1999-02-28,SMB,FIZ_2024,-0.4232365145228216,-0.42323651452282157,5.551115123125783e-17
1999-03-31,SMB,FIZ_2024,-0.3049792531120333,-0.3049792531120332,5.551115123125783e-17
1999-04-30,SMB,FIZ_2024,0.0949170124481326,0.0949170124481326,0.0
1999-05-31,SMB,FIZ_2024,0.0653526970954356,0.0653526970954355,-1.1102230246251565e-16
1999-06-30,SMB,FIZ_2024,0.0529045643153527,0.05290456431535252,-1.8041124150158794e-16
1999-07-31,SMB,FIZ_2024,0.0269709543568463,0.026970954356846308,6.938893903907228e-18
1999-08-31,SMB,FIZ_2024,-0.1566390041493777,-0.15663900414937768,2.7755575615628914e-17
1999-09-30,SMB,FIZ_2024,0.0689834024896265,0.06898340248962638,-1.249000902703301e-16
1999-10-31,SMB,FIZ_2024,-0.4522821576763486,-0.4522821576763485,1.1102230246251565e-16
1999-11-30,SMB,FIZ_2024,0.2660788381742738,0.2660788381742736,-2.220446049250313e-16
1999-12-31,SMB,FIZ_2024,0.2567427385892116,0.2567427385892113,-2.7755575615628914e-16
2000-01-31,SMB,FIZ_2024,0.1913900414937757,0.19139004149377564,-5.551115123125783e-17
2000-02-29,SMB,FIZ_2024,1.0,0.9999999999999993,-6.661338147750939e-16
2000-03-31,SMB,FIZ_2024,-1.0,-0.9999999999999996,4.440892098500626e-16
2000-04-30,SMB,FIZ_2024,-0.4543568464730291,-0.454356846473029,1.1102230246251565e-16
2000-05-31,SMB,FIZ_2024,-0.4216804979253112,-0.42168049792531115,5.551115123125783e-17
2000-06-30,SMB,FIZ_2024,0.5580912863070537,0.5580912863070535,-2.220446049250313e-16
2000-07-31,SMB,FIZ_2024,-0.2671161825726141,-0.2671161825726141,0.0
2000-08-31,SMB,FIZ_2024,-0.1395228215767635,-0.13952282157676357,-8.326672684688674e-17
2000-09-30,SMB,FIZ_2024,-0.2022821576763486,-0.2022821576763486,0.0
2000-10-31,SMB,FIZ_2024,-0.3091286307053942,-0.3091286307053942,0.0
2000-11-30,SMB,FIZ_2024,-0.2847510373443984,-0.2847510373443984,0.0
2000-12-31,SMB,FIZ_2024,-0.0700207468879668,-0.07002074688796692,-1.1102230246251565e-16
2001-01-31,SMB,FIZ_2024,0.238589211618257,0.23858921161825697,-2.7755575615628914e-17
2001-02-28,SMB,FIZ_2024,-0.1483402489626557,-0.14834024896265569,2.7755575615628914e-17
2001-03-31,SMB,FIZ_2024,-0.0949170124481328,-0.09491701244813289,-8.326672684688674e-17
2001-04-30,SMB,FIZ_2024,-0.0793568464730291,-0.07935684647302915,-5.551115123125783e-17
2001-05-31,SMB,FIZ_2024,0.0217842323651451,0.021784232365145054,-4.5102810375396984e-17
2001-06-30,SMB,FIZ_2024,0.2157676348547716,0.21576763485477152,-8.326672684688674e-17
2001-07-31,SMB,FIZ_2024,-0.3252074688796682,-0.32520746887966806,1.6653345369377348e-16
2001-08-31,SMB,FIZ_2024,0.0207468879668049,0.02074688796680481,-9.020562075079397e-17
2001-09-30,SMB,FIZ_2024,-0.4310165975103736,-0.4310165975103734,1.6653345369377348e-16
2001-10-31,SMB,FIZ_2024,0.2800829875518671,0.28008298755186695,-1.6653345369377348e-16
2001-11-30,SMB,FIZ_2024,-0.1322614107883817,-0.13226141078838183,-1.3877787807814457e-16
2001-12-31,SMB,FIZ_2024,0.1379668049792528,0.1379668049792529,1.1102230246251565e-16
2002-01-31,SMB,FIZ_2024,-0.0461618257261411,-0.04616182572614121,-1.1102230246251565e-16
2002-02-28,SMB,FIZ_2024,-0.1602697095435686,-0.16026970954356853,5.551115123125783e-17
2002-03-31,SMB,FIZ_2024,0.1104771784232365,0.1104771784232363,-1.942890293094024e-16
2002-04-30,SMB,FIZ_2024,0.2012448132780082,0.20124481327800803,-1.6653345369377348e-16
2002-05-31,SMB,FIZ_2024,-0.274377593360996,-0.2743775933609959,1.1102230246251565e-16
2002-06-30,SMB,FIZ_2024,0.1146265560165973,0.11462655601659731,1.3877787807814457e-17
2002-07-31,SMB,FIZ_2024,-0.3817427385892117,-0.3817427385892116,1.1102230246251565e-16
2002-08-31,SMB,FIZ_2024,-0.2562240663900416,-0.2562240663900415,5.551115123125783e-17
2002-09-30,SMB,FIZ_2024,0.0165975103734437,0.01711618257261395,0.000518672199170251
2002-10-31,SMB,FIZ_2024,-0.2847510373443984,-0.2852697095435685,-0.0005186721991701226
2002-11-30,SMB,FIZ_2024,0.0570539419087134,0.05757261410788363,0.0005186721991702267
2002-12-31,SMB,FIZ_2024,-0.1032157676348548,-0.103734439834025,-0.0005186721991702059
2003-01-31,SMB,FIZ_2024,-0.0389004149377593,-0.0394190871369296,-0.0005186721991702961
2003-02-28,SMB,FIZ_2024,-0.1312240663900415,-0.1317427385892117,-0.0005186721991702059
2003-03-31,SMB,FIZ_2024,-0.0549792531120333,-0.05497925311203332,-2.0816681711721685e-17
2003-04-30,SMB,FIZ_2024,-0.0752074688796682,-0.0757261410788383,-0.0005186721991700949
2003-05-31,SMB,FIZ_2024,0.1343360995850619,0.13433609958506204,1.3877787807814457e-16
2003-06-30,SMB,FIZ_2024,-0.0176348547717843,-0.017634854771784378,-7.632783294297951e-17
2003-07-31,SMB,FIZ_2024,0.154564315352697,0.15456431535269682,-1.6653345369377348e-16
2003-08-31,SMB,FIZ_2024,0.0264522821576762,0.026452282157676185,-1.3877787807814457e-17
2003-09-30,SMB,FIZ_2024,-0.066390041493776,-0.06690871369294618,-0.0005186721991701781
2003-10-31,SMB,FIZ_2024,0.0321576763485476,0.03163900414937741,-0.0005186721991701851
2003-11-30,SMB,FIZ_2024,0.0,-1.5265566588595902e-16,-1.5265566588595902e-16
2003-12-31,SMB,FIZ_2024,-0.2468879668049792,-0.24636929460580914,0.0005186721991700671
2004-01-31,SMB,FIZ_2024,0.0243775933609957,0.024377593360995667,-3.469446951953614e-17
2004-02-29,SMB,FIZ_2024,-0.1898340248962656,-0.18931535269709548,0.0005186721991701226
2004-03-31,SMB,FIZ_2024,-0.0186721991701246,-0.018672199170124623,-2.42861286636753e-17
2004-04-30,SMB,FIZ_2024,-0.1950207468879669,-0.1960580912863071,-0.0010373443983402175
2004-05-31,SMB,FIZ_2024,-0.1182572614107884,-0.11825726141078848,-6.938893903907228e-17
2004-06-30,SMB,FIZ_2024,0.0093360995850622,0.009336099585062069,-1.3183898417423734e-16
2004-07-31,SMB,FIZ_2024,-0.3054979253112034,-0.30601659751037347,-0.0005186721991700671
2004-08-31,SMB,FIZ_2024,-0.1846473029045644,-0.18464730290456438,2.7755575615628914e-17
2004-09-30,SMB,FIZ_2024,0.0482365145228216,0.04823651452282139,-2.0816681711721685e-16
2004-10-31,SMB,FIZ_2024,-0.1001037344398342,-0.10010373443983413,6.938893903907228e-17
2004-11-30,SMB,FIZ_2024,0.0860995850622405,0.08609958506224048,-1.3877787807814457e-17
2004-12-31,SMB,FIZ_2024,-0.1094398340248964,-0.10943983402489636,4.163336342344337e-17
2005-01-31,SMB,FIZ_2024,-0.1970954356846473,-0.19709543568464738,-8.326672684688674e-17
2005-02-28,SMB,FIZ_2024,-0.137448132780083,-0.13744813278008308,-8.326672684688674e-17
2005-03-31,SMB,FIZ_2024,-0.1804979253112034,-0.1804979253112034,0.0
2005-04-30,SMB,FIZ_2024,-0.3122406639004149,-0.31224066390041494,-5.551115123125783e-17
2005-05-31,SMB,FIZ_2024,0.0420124481327799,0.04149377593360977,-0.0005186721991701296
2005-06-30,SMB,FIZ_2024,0.0259336099585061,0.025933609958506063,-3.8163916471489756e-17
2005-07-31,SMB,FIZ_2024,0.0430497925311201,0.043049792531120165,6.245004513516506e-17
2005-08-31,SMB,FIZ_2024,-0.1581950207468879,-0.15819502074688804,-1.3877787807814457e-16
2005-09-30,SMB,FIZ_2024,-0.141597510373444,-0.14159751037344406,-5.551115123125783e-17
2005-10-31,SMB,FIZ_2024,-0.1727178423236515,-0.1727178423236515,0.0
2005-11-30,SMB,FIZ_2024,-0.0565352697095437,-0.05601659751037357,0.0005186721991701296
2005-12-31,SMB,FIZ_2024,-0.1296680497925313,-0.12966804979253121,8.326672684688674e-17
2006-01-31,SMB,FIZ_2024,0.171680497925311,0.1721991701244811,0.0005186721991700949
2006-02-28,SMB,FIZ_2024,-0.1275933609958506,-0.12759336099585072,-1.1102230246251565e-16
2006-03-31,SMB,FIZ_2024,0.0705394190871369,0.07053941908713675,-1.5265566588595902e-16
2006-04-30,SMB,FIZ_2024,-0.1815352697095437,-0.18153526970954365,5.551115123125783e-17
2006-05-31,SMB,FIZ_2024,-0.2614107883817428,-0.26141078838174275,5.551115123125783e-17
2006-06-30,SMB,FIZ_2024,-0.1281120331950208,-0.12811203319502085,-5.551115123125783e-17
2006-07-31,SMB,FIZ_2024,-0.3143153526970955,-0.31431535269709543,5.551115123125783e-17
2006-08-31,SMB,FIZ_2024,-0.0544605809128631,-0.054460580912863196,-9.71445146547012e-17
2006-09-30,SMB,FIZ_2024,-0.1784232365145228,-0.1784232365145229,-1.1102230246251565e-16
2006-10-31,SMB,FIZ_2024,-0.0171161825726141,-0.017116182572614255,-1.5612511283791264e-16
2006-11-30,SMB,FIZ_2024,-0.0715767634854772,-0.0715767634854773,-9.71445146547012e-17
2006-12-31,SMB,FIZ_2024,-0.1670124481327801,-0.16753112033195028,-0.0005186721991701781
2007-01-31,SMB,FIZ_2024,-0.1011410788381744,-0.10165975103734451,-0.0005186721991701088
2007-02-28,SMB,FIZ_2024,-0.0461618257261411,-0.04616182572614121,-1.1102230246251565e-16
2007-03-31,SMB,FIZ_2024,-0.0995850622406639,-0.099585062240664,-1.1102230246251565e-16
2007-04-30,SMB,FIZ_2024,-0.2199170124481329,-0.21991701244813283,5.551115123125783e-17
2007-05-31,SMB,FIZ_2024,-0.0954356846473031,-0.09543568464730301,9.71445146547012e-17
2007-06-30,SMB,FIZ_2024,-0.0695020746887968,-0.06898340248962667,0.0005186721991701226
2007-07-31,SMB,FIZ_2024,-0.2432572614107884,-0.2432572614107884,0.0
2007-08-31,SMB,FIZ_2024,-0.1141078838174275,-0.1146265560165976,-0.0005186721991701088
2007-09-30,SMB,FIZ_2024,-0.2235477178423237,-0.2235477178423237,0.0
2007-10-31,SMB,FIZ_2024,-0.103734439834025,-0.103734439834025,0.0
2007-11-30,SMB,FIZ_2024,-0.2598547717842324,-0.2598547717842324,0.0
2007-12-31,SMB,FIZ_2024,-0.1011410788381744,-0.10114107883817439,1.3877787807814457e-17
2008-01-31,SMB,FIZ_2024,-0.1613070539419088,-0.1613070539419088,0.0
2008-02-29,SMB,FIZ_2024,-0.1301867219917013,-0.13018672199170134,-2.7755575615628914e-17
2008-03-31,SMB,FIZ_2024,-0.0710580912863071,-0.07105809128630718,-6.938893903907228e-17
2008-04-30,SMB,FIZ_2024,-0.1970954356846473,-0.19709543568464738,-8.326672684688674e-17
2008-05-31,SMB,FIZ_2024,0.0456431535269707,0.04564315352697078,7.632783294297951e-17
2008-06-30,SMB,FIZ_2024,-0.0440871369294606,-0.044087136929460716,-1.1796119636642288e-16
2008-07-31,SMB,FIZ_2024,0.0274896265560165,0.026970954356846308,-0.000518672199170192
2008-08-31,SMB,FIZ_2024,0.0788381742738588,0.07883817427385874,-5.551115123125783e-17
2008-09-30,SMB,FIZ_2024,-0.1716804979253112,-0.17168049792531126,-5.551115123125783e-17
2008-10-31,SMB,FIZ_2024,-0.2427385892116182,-0.24273858921161828,-8.326672684688674e-17
2008-11-30,SMB,FIZ_2024,-0.2557053941908714,-0.2557053941908714,0.0
2008-12-31,SMB,FIZ_2024,0.0715767634854771,0.071576763485477,-1.1102230246251565e-16
2009-01-31,SMB,FIZ_2024,-0.1042531120331951,-0.10425311203319512,-2.7755575615628914e-17
2009-02-28,SMB,FIZ_2024,-0.1052904564315353,-0.10529045643153537,-6.938893903907228e-17
2009-03-31,SMB,FIZ_2024,-0.1063278008298755,-0.10632780082987563,-1.249000902703301e-16
2009-04-30,SMB,FIZ_2024,0.1721991701244813,0.17168049792531093,-0.0005186721991703724
2009-05-31,SMB,FIZ_2024,-0.2385892116182573,-0.2385892116182573,0.0
2009-06-30,SMB,FIZ_2024,0.0285269709543567,0.028526970954356676,-2.42861286636753e-17
2009-07-31,SMB,FIZ_2024,-0.0108921161825726,-0.010892116182572756,-1.5612511283791264e-16
2009-08-31,SMB,FIZ_2024,-0.1639004149377595,-0.16390041493775942,8.326672684688674e-17
2009-09-30,SMB,FIZ_2024,0.0181535269709542,0.018153526970954195,-3.469446951953614e-18
2009-10-31,SMB,FIZ_2024,-0.3335062240663901,-0.33350622406639,5.551115123125783e-17
2009-11-30,SMB,FIZ_2024,-0.2323651452282158,-0.2323651452282158,0.0
2009-12-31,SMB,FIZ_2024,0.2059128630705393,0.20591286307053913,-1.6653345369377348e-16
2010-01-31,SMB,FIZ_2024,-0.087136929460581,-0.08713692946058102,-1.3877787807814457e-17
2010-02-28,SMB,FIZ_2024,-0.0461618257261411,-0.04616182572614121,-1.1102230246251565e-16
2010-03-31,SMB,FIZ_2024,-0.0311203319502075,-0.031120331950207608,-1.0755285551056204e-16
2010-04-30,SMB,FIZ_2024,0.1447095435684646,0.1447095435684645,-1.1102230246251565e-16
2010-05-31,SMB,FIZ_2024,-0.1032157676348548,-0.10321576763485488,-8.326672684688674e-17
2010-06-30,SMB,FIZ_2024,-0.2022821576763486,-0.20176348547717848,0.0005186721991701226
2010-07-31,SMB,FIZ_2024,-0.0975103734439835,-0.09751037344398351,-1.3877787807814457e-17
2010-08-31,SMB,FIZ_2024,-0.2634854771784233,-0.26348547717842324,5.551115123125783e-17
2010-09-30,SMB,FIZ_2024,0.0975103734439832,0.09751037344398321,1.3877787807814457e-17
2010-10-31,SMB,FIZ_2024,-0.0487551867219917,-0.04927385892116196,-0.0005186721991702614
2010-11-30,SMB,FIZ_2024,0.0876556016597509,0.0871369294605807,-0.0005186721991702059
2010-12-31,SMB,FIZ_2024,-0.0700207468879668,-0.07002074688796692,-1.1102230246251565e-16
2011-01-31,SMB,FIZ_2024,-0.237551867219917,-0.23755186721991706,-5.551115123125783e-17
2011-02-28,SMB,FIZ_2024,-0.0285269709543568,-0.02852697095435698,-1.8041124150158794e-16
2011-03-31,SMB,FIZ_2024,0.0238589211618256,0.023858921161825572,-2.7755575615628914e-17
2011-04-30,SMB,FIZ_2024,-0.1275933609958506,-0.12759336099585072,-1.1102230246251565e-16
2011-05-31,SMB,FIZ_2024,-0.1384854771784233,-0.13848547717842333,-2.7755575615628914e-17
2011-06-30,SMB,FIZ_2024,-0.1141078838174275,-0.11410788381742748,1.3877787807814457e-17
2011-07-31,SMB,FIZ_2024,-0.1732365145228216,-0.17375518672199178,-0.0005186721991701781
2011-08-31,SMB,FIZ_2024,-0.266078838174274,-0.26607883817427386,1.6653345369377348e-16
2011-09-30,SMB,FIZ_2024,-0.2795643153526972,-0.2795643153526971,1.1102230246251565e-16
2011-10-31,SMB,FIZ_2024,0.0622406639004149,0.06224066390041473,-1.6653345369377348e-16
2011-11-30,SMB,FIZ_2024,-0.116182572614108,-0.11618257261410798,1.3877787807814457e-17
2011-12-31,SMB,FIZ_2024,-0.1384854771784233,-0.13848547717842333,-2.7755575615628914e-17
2012-01-31,SMB,FIZ_2024,-0.0020746887966806,-0.002074688796680643,-4.336808689942018e-17
2012-02-29,SMB,FIZ_2024,-0.2038381742738589,-0.20383817427385897,-8.326672684688674e-17
2012-03-31,SMB,FIZ_2024,-0.141078838174274,-0.14107883817427394,5.551115123125783e-17
2012-04-30,SMB,FIZ_2024,-0.1296680497925313,-0.12966804979253121,8.326672684688674e-17
2012-05-31,SMB,FIZ_2024,-0.1042531120331951,-0.10425311203319512,-2.7755575615628914e-17
2012-06-30,SMB,FIZ_2024,-0.0731327800829875,-0.07313278008298767,-1.6653345369377348e-16
2012-07-31,SMB,FIZ_2024,-0.2500000000000001,-0.2505186721991702,-0.0005186721991700671
2012-08-31,SMB,FIZ_2024,-0.0835062240663901,-0.08350622406639016,-5.551115123125783e-17
2012-09-30,SMB,FIZ_2024,-0.0819502074688797,-0.08143153526970966,0.0005186721991700394
2012-10-31,SMB,FIZ_2024,-0.1675311203319501,-0.16753112033195028,-1.6653345369377348e-16
2012-11-30,SMB,FIZ_2024,-0.0752074688796682,-0.07520746887966817,2.7755575615628914e-17
2012-12-31,SMB,FIZ_2024,-0.0311203319502075,-0.031120331950207608,-1.0755285551056204e-16
2013-01-31,SMB,FIZ_2024,-0.090767634854772,-0.09024896265560177,0.0005186721991702337
2013-02-28,SMB,FIZ_2024,-0.1218879668049792,-0.12188796680497935,-1.5265566588595902e-16
2013-03-31,SMB,FIZ_2024,-0.065871369294606,-0.06587136929460594,6.938893903907228e-17
2013-04-30,SMB,FIZ_2024,-0.2308091286307055,-0.23080912863070546,2.7755575615628914e-17
2013-05-31,SMB,FIZ_2024,-0.0197095435684648,-0.019190871369294746,0.0005186721991700532
2013-06-30,SMB,FIZ_2024,-0.0389004149377593,-0.03890041493775946,-1.5959455978986625e-16
2013-07-31,SMB,FIZ_2024,-0.0108921161825726,-0.010892116182572756,-1.5612511283791264e-16
2013-08-31,SMB,FIZ_2024,-0.0938796680497926,-0.09387966804979264,-4.163336342344337e-17
2013-09-30,SMB,FIZ_2024,0.0414937759336098,0.040975103734439675,-0.0005186721991701226
2013-10-31,SMB,FIZ_2024,-0.1872406639004149,-0.18672199170124487,0.0005186721991700394
2013-11-30,SMB,FIZ_2024,-0.04097510373444,-0.040975103734439966,3.469446951953614e-17
2013-12-31,SMB,FIZ_2024,-0.1317427385892117,-0.13226141078838183,-0.0005186721991701226
2014-01-31,SMB,FIZ_2024,-0.0617219917012449,-0.061721991701244934,-3.469446951953614e-17
2014-02-28,SMB,FIZ_2024,-0.0897302904564315,-0.09024896265560177,-0.0005186721991702753
2014-03-31,SMB,FIZ_2024,-0.2017634854771784,-0.20176348547717848,-8.326672684688674e-17
2014-04-30,SMB,FIZ_2024,-0.3252074688796682,-0.32468879668049794,0.0005186721991702892
2014-05-31,SMB,FIZ_2024,-0.2053941908713693,-0.20539419087136934,-5.551115123125783e-17
2014-06-30,SMB,FIZ_2024,0.0523858921161823,0.0523858921161824,9.71445146547012e-17
2014-07-31,SMB,FIZ_2024,-0.3303941908713693,-0.3309128630705394,-0.0005186721991701226
2014-08-31,SMB,FIZ_2024,-0.087136929460581,-0.08713692946058102,-1.3877787807814457e-17
2014-09-30,SMB,FIZ_2024,-0.3003112033195022,-0.299792531120332,0.0005186721991701781
2014-10-31,SMB,FIZ_2024,0.1104771784232365,0.10995850622406618,-0.0005186721991703169
2014-11-30,SMB,FIZ_2024,-0.2147302904564316,-0.2147302904564316,0.0
2014-12-31,SMB,FIZ_2024,0.021265560165975,0.02126556016597496,-4.163336342344337e-17
2015-01-31,SMB,FIZ_2024,-0.1369294605809129,-0.13692946058091296,-5.551115123125783e-17
2015-02-28,SMB,FIZ_2024,-0.0752074688796682,-0.07520746887966817,2.7755575615628914e-17
2015-03-31,SMB,FIZ_2024,0.0497925311203317,0.04979253112033179,9.020562075079397e-17
2015-04-30,SMB,FIZ_2024,-0.266597510373444,-0.26659751037344404,-5.551115123125783e-17
2015-05-31,SMB,FIZ_2024,-0.0596473029045644,-0.05912863070539432,0.000518672199170081
2015-06-30,SMB,FIZ_2024,0.0430497925311201,0.043049792531120165,6.245004513516506e-17
2015-07-31,SMB,FIZ_2024,-0.3241701244813278,-0.3241701244813278,0.0
2015-08-31,SMB,FIZ_2024,-0.090767634854772,-0.09076763485477189,1.1102230246251565e-16
2015-09-30,SMB,FIZ_2024,-0.2437759336099586,-0.24377593360995853,8.326672684688674e-17
2015-10-31,SMB,FIZ_2024,-0.2053941908713693,-0.20591286307053946,-0.0005186721991701781
2015-11-30,SMB,FIZ_2024,0.0788381742738588,0.07831950207468859,-0.0005186721991702059
2015-12-31,SMB,FIZ_2024,-0.2551867219917013,-0.2557053941908714,-0.0005186721991701226
2016-01-31,SMB,FIZ_2024,-0.2852697095435685,-0.2852697095435685,0.0
2016-02-29,SMB,FIZ_2024,-0.0700207468879668,-0.0695020746887968,0.0005186721991700116
2016-03-31,SMB,FIZ_2024,-0.0653526970954357,-0.06535269709543581,-1.1102230246251565e-16
2016-04-30,SMB,FIZ_2024,-0.0684647302904564,-0.06846473029045655,-1.5265566588595902e-16
2016-05-31,SMB,FIZ_2024,-0.1167012448132781,-0.11670124481327811,-1.3877787807814457e-17
2016-06-30,SMB,FIZ_2024,-0.0762448132780084,-0.07624481327800842,-1.3877787807814457e-17
2016-07-31,SMB,FIZ_2024,0.021265560165975,0.02126556016597496,-4.163336342344337e-17
2016-08-31,SMB,FIZ_2024,-0.0482365145228217,-0.04771784232365159,0.0005186721991701088
2016-09-30,SMB,FIZ_2024,0.0020746887966804,0.0020746887966803518,-4.8138576458356397e-17
2016-10-31,SMB,FIZ_2024,-0.3360995850622408,-0.3360995850622407,1.1102230246251565e-16
2016-11-30,SMB,FIZ_2024,0.1882780082987551,0.1882780082987549,-1.942890293094024e-16
2016-12-31,SMB,FIZ_2024,-0.1026970954356846,-0.10269709543568475,-1.5265566588595902e-16
2017-01-31,SMB,FIZ_2024,-0.1696058091286308,-0.16908713692946065,0.0005186721991701504
2017-02-28,SMB,FIZ_2024,-0.2142116182572615,-0.21421161825726145,5.551115123125783e-17
2017-03-31,SMB,FIZ_2024,-0.0487551867219917,-0.04875518672199184,-1.3877787807814457e-16
2017-04-30,SMB,FIZ_2024,-0.0700207468879668,-0.07002074688796692,-1.1102230246251565e-16
2017-05-31,SMB,FIZ_2024,-0.241182572614108,-0.24118257261410792,8.326672684688674e-17
2017-06-30,SMB,FIZ_2024,0.008817427385892,0.00881742738589196,-3.9898639947466563e-17
2017-07-31,SMB,FIZ_2024,-0.1862033195020748,-0.18568464730290463,0.0005186721991701781
2017-08-31,SMB,FIZ_2024,-0.1945020746887967,-0.19450207468879674,-2.7755575615628914e-17
2017-09-30,SMB,FIZ_2024,0.1239626556016595,0.12396265560165952,1.3877787807814457e-17
2017-10-31,SMB,FIZ_2024,-0.20850622406639,-0.20850622406639008,-8.326672684688674e-17
2017-11-30,SMB,FIZ_2024,-0.1364107883817428,-0.13589211618257271,0.0005186721991700949
2017-12-31,SMB,FIZ_2024,-0.1763485477178424,-0.1763485477178424,0.0
1950-01-31,SMB,CIZ_2026,0.0648340248962655,0.0653526970954355,0.0005186721991699977
1950-02-28,SMB,CIZ_2026,-0.1063278008298755,-0.10684647302904575,-0.0005186721991702475
1950-03-31,SMB,CIZ_2026,-0.1825726141078838,-0.18205394190871377,0.0005186721991700394
1950-04-30,SMB,CIZ_2026,-0.0072614107883817,-0.004149377593361148,0.003112033195020552
1950-05-31,SMB,CIZ_2026,-0.2168049792531121,-0.21836099585062246,-0.001556016597510368
1950-06-30,SMB,CIZ_2026,-0.2292531120331951,-0.23288381742738595,-0.0036307053941908585
1950-07-31,SMB,CIZ_2026,-0.0720954356846473,-0.07987551867219929,-0.007780082987551992
1950-08-31,SMB,CIZ_2026,-0.0684647302904564,-0.0695020746887968,-0.001037344398340398
1950-09-30,SMB,CIZ_2026,-0.0824688796680499,-0.07728215767634866,0.00518672199170124
1950-10-31,SMB,CIZ_2026,-0.1322614107883817,-0.14211618257261419,-0.009854771784232497
1950-11-30,SMB,CIZ_2026,-0.1540456431535271,-0.15404564315352706,2.7755575615628914e-17
1950-12-31,SMB,CIZ_2026,-0.0316390041493777,-0.02852697095435698,0.003112033195020722
1951-01-31,SMB,CIZ_2026,-0.016597510373444,-0.02126556016597525,-0.0046680497925312495
1951-02-28,SMB,CIZ_2026,-0.103734439834025,-0.10062240663900425,0.0031120331950207497
1951-03-31,SMB,CIZ_2026,-0.1478215767634855,-0.14211618257261419,0.005705394190871321
1951-04-30,SMB,CIZ_2026,-0.1830912863070539,-0.18464730290456438,-0.001556016597510479
1951-05-31,SMB,CIZ_2026,-0.1078838174273859,-0.11203319502074699,-0.004149377593361092
1951-06-30,SMB,CIZ_2026,-0.2147302904564316,-0.20954356846473032,0.005186721991701282
1951-07-31,SMB,CIZ_2026,-0.2110995850622408,-0.21421161825726145,-0.0031120331950206526
1951-08-31,SMB,CIZ_2026,-0.0565352697095437,-0.05860995850622419,-0.0020746887966804906
1951-09-30,SMB,CIZ_2026,-0.0108921161825726,-0.011410788381742878,-0.0005186721991702788
1951-10-31,SMB,CIZ_2026,-0.1192946058091286,-0.11981327800829886,-0.0005186721991702614
1951-11-30,SMB,CIZ_2026,-0.1244813278008299,-0.12500000000000008,-0.0005186721991701781
1951-12-31,SMB,CIZ_2026,-0.2251037344398341,-0.22406639004149384,0.001037344398340273
1952-01-31,SMB,CIZ_2026,-0.1395228215767635,-0.14159751037344406,-0.002074688796680574
1952-02-29,SMB,CIZ_2026,-0.0653526970954357,-0.06379668049792545,0.001556016597510257
1952-03-31,SMB,CIZ_2026,-0.2629668049792532,-0.2619294605809129,0.0010373443983403008
1952-04-30,SMB,CIZ_2026,-0.0840248962655602,-0.08246887966804992,0.0015560165975102846
1952-05-31,SMB,CIZ_2026,-0.1597510373443984,-0.1597510373443984,0.0
1952-06-30,SMB,CIZ_2026,-0.1929460580912864,-0.19242738589211622,0.0005186721991701781
1952-07-31,SMB,CIZ_2026,-0.1286307053941908,-0.1291493775933611,-0.0005186721991702892
1952-08-31,SMB,CIZ_2026,-0.0482365145228217,-0.04823651452282171,-1.3877787807814457e-17
1952-09-30,SMB,CIZ_2026,-0.0503112033195022,-0.05134854771784245,-0.0010373443983402453
1952-10-31,SMB,CIZ_2026,-0.162344398340249,-0.1613070539419088,0.0010373443983401898
1952-11-30,SMB,CIZ_2026,-0.1452282157676349,-0.14522821576763495,-5.551115123125783e-17
1952-12-31,SMB,CIZ_2026,-0.1846473029045644,-0.18620331950207475,-0.0015560165975103402
1953-01-31,SMB,CIZ_2026,0.0793568464730289,0.07572614107883797,-0.003630705394190928
1953-02-28,SMB,CIZ_2026,0.0036307053941906,0.007261410788381592,0.003630705394190992
1953-03-31,SMB,CIZ_2026,-0.1192946058091286,-0.1187759336099586,0.0005186721991699977
1953-04-30,SMB,CIZ_2026,-0.0923236514522821,-0.09439834024896276,-0.002074688796680671
1953-05-31,SMB,CIZ_2026,-0.1115145228215769,-0.11047717842323662,0.001037344398340273
1953-06-30,SMB,CIZ_2026,-0.2048755186721993,-0.20591286307053946,-0.001037344398340162
1953-07-31,SMB,CIZ_2026,-0.1597510373443984,-0.16182572614107893,-0.0020746887966805183
1953-08-31,SMB,CIZ_2026,-0.0928423236514524,-0.0886929460580914,0.004149377593360995
1953-09-30,SMB,CIZ_2026,-0.1514522821576764,-0.15197095435684654,-0.0005186721991701504
1953-10-31,SMB,CIZ_2026,-0.1779045643153527,-0.1784232365145229,-0.0005186721991702059
1953-11-30,SMB,CIZ_2026,-0.1753112033195022,-0.17531120331950215,5.551115123125783e-17
1953-12-31,SMB,CIZ_2026,-0.1519709543568466,-0.15197095435684654,5.551115123125783e-17
1954-01-31,SMB,CIZ_2026,-0.0829875518672199,-0.08195020746887978,0.0010373443983401204
1954-02-28,SMB,CIZ_2026,-0.1177385892116184,-0.11721991701244823,0.0005186721991701643
1954-03-31,SMB,CIZ_2026,-0.1358921161825727,-0.1338174273858922,0.0020746887966804906
1954-04-30,SMB,CIZ_2026,-0.2863070539419088,-0.2878630705394191,-0.0015560165975103124
1954-05-31,SMB,CIZ_2026,-0.0866182572614109,-0.08765560165975114,-0.0010373443983402453
1954-06-30,SMB,CIZ_2026,-0.0881742738589212,-0.08817427385892126,-6.938893903907228e-17
1954-07-31,SMB,CIZ_2026,-0.0529045643153528,-0.05342323651452295,-0.0005186721991701504
1954-08-31,SMB,CIZ_2026,0.0316390041493774,0.031120331950207317,-0.000518672199170081
1954-09-30,SMB,CIZ_2026,-0.2391078838174274,-0.2406639004149378,-0.0015560165975103957
1954-10-31,SMB,CIZ_2026,-0.0757261410788382,-0.07624481327800842,-0.0005186721991702198
1954-11-30,SMB,CIZ_2026,-0.2437759336099586,-0.2453319502074689,-0.0015560165975102846
1954-12-31,SMB,CIZ_2026,0.0020746887966804,0.0051867219917011015,0.0031120331950207016
1955-01-31,SMB,CIZ_2026,-0.0892116182572615,-0.09543568464730301,-0.006224066390041513
1955-02-28,SMB,CIZ_2026,-0.0254149377593362,-0.027489626556016736,-0.0020746887966805357
1955-03-31,SMB,CIZ_2026,-0.1462655601659751,-0.14159751037344406,0.004668049792531048
1955-04-30,SMB,CIZ_2026,-0.1919087136929461,-0.19865145228215775,-0.00674273858921165
1955-05-31,SMB,CIZ_2026,-0.1224066390041495,-0.1208506224066391,0.0015560165975103957
1955-06-30,SMB,CIZ_2026,-0.3490663900414938,-0.34699170124481327,0.002074688796680546
1955-07-31,SMB,CIZ_2026,-0.1685684647302904,-0.1701244813278009,-0.001556016597510479
1955-08-31,SMB,CIZ_2026,-0.1307053941908715,-0.13226141078838183,-0.0015560165975103402
1955-09-30,SMB,CIZ_2026,-0.0897302904564315,-0.09232365145228227,-0.0025933609958507797
1955-10-31,SMB,CIZ_2026,-0.0311203319502075,-0.03163900414937773,-0.0005186721991702302
1955-11-30,SMB,CIZ_2026,-0.2230290456431536,-0.22199170124481332,0.001037344398340273
1955-12-31,SMB,CIZ_2026,0.0041493775933609,-0.005186721991701393,-0.009336099585062292
1956-01-31,SMB,CIZ_2026,-0.0886929460580913,-0.08195020746887978,0.006742738589211525
1956-02-29,SMB,CIZ_2026,-0.1587136929460582,-0.15819502074688804,0.0005186721991701504
1956-03-31,SMB,CIZ_2026,-0.216286307053942,-0.21784232365145234,-0.0015560165975103402
1956-04-30,SMB,CIZ_2026,-0.1073651452282158,-0.10943983402489636,-0.00207468879668056
1956-05-31,SMB,CIZ_2026,-0.0326763485477179,-0.030601659751037485,0.0020746887966804142
1956-06-30,SMB,CIZ_2026,-0.1846473029045644,-0.187240663900415,-0.0025933609958505854
1956-07-31,SMB,CIZ_2026,-0.1939834024896266,-0.19502074688796686,-0.001037344398340273
1956-08-31,SMB,CIZ_2026,-0.0098547717842324,-0.009854771784232524,-1.249000902703301e-16
1956-09-30,SMB,CIZ_2026,-0.0264522821576764,-0.025933609958506368,0.0005186721991700324
1956-10-31,SMB,CIZ_2026,-0.1130705394190872,-0.11307053941908723,-4.163336342344337e-17
1956-11-30,SMB,CIZ_2026,-0.1187759336099586,-0.1187759336099586,0.0
1956-12-31,SMB,CIZ_2026,-0.1084024896265561,-0.10995850622406649,-0.0015560165975103818
1957-01-31,SMB,CIZ_2026,0.066908713692946,0.06742738589211598,0.0005186721991699839
1957-02-28,SMB,CIZ_2026,-0.1452282157676349,-0.14730290456431544,-0.002074688796680546
1957-03-31,SMB,CIZ_2026,-0.0943983402489626,-0.09128630705394201,0.003112033195020583
1957-04-30,SMB,CIZ_2026,-0.1903526970954357,-0.19087136929460588,-0.0005186721991701781
1957-05-31,SMB,CIZ_2026,-0.162344398340249,-0.16441908713692954,-0.002074688796680546
1957-06-30,SMB,CIZ_2026,-0.0798755186721993,-0.07831950207468892,0.0015560165975103818
1957-07-31,SMB,CIZ_2026,-0.1473029045643155,-0.14937759336099593,-0.002074688796680435
1957-08-31,SMB,CIZ_2026,-0.1052904564315353,-0.10477178423236524,0.0005186721991700532
1957-09-30,SMB,CIZ_2026,-0.103734439834025,-0.10477178423236524,-0.0010373443983402453
1957-10-31,SMB,CIZ_2026,-0.2385892116182573,-0.23547717842323657,0.003112033195020736
1957-11-30,SMB,CIZ_2026,-0.087136929460581,-0.08713692946058102,-1.3877787807814457e-17
1957-12-31,SMB,CIZ_2026,-0.1587136929460582,-0.1550829875518673,0.0036307053941908862
1958-01-31,SMB,CIZ_2026,0.1198132780082987,0.11462655601659731,-0.005186721991701393
1958-02-28,SMB,CIZ_2026,-0.0741701244813279,-0.06898340248962667,0.005186721991701226
1958-03-31,SMB,CIZ_2026,-0.0741701244813279,-0.07209543568464744,0.002074688796680463
1958-04-30,SMB,CIZ_2026,-0.1400414937759337,-0.14367219917012455,-0.0036307053941908585
1958-05-31,SMB,CIZ_2026,0.0041493775933609,0.004149377593360842,-5.724587470723463e-17
1958-06-30,SMB,CIZ_2026,-0.1177385892116184,-0.11514522821576774,0.002593360995850655
1958-07-31,SMB,CIZ_2026,-0.0835062240663901,-0.08143153526970966,0.002074688796680449
1958-08-31,SMB,CIZ_2026,-0.0466804979253112,-0.04823651452282171,-0.0015560165975105136
1958-09-30,SMB,CIZ_2026,-0.1016597510373444,-0.10217842323651463,-0.0005186721991702337
1958-10-31,SMB,CIZ_2026,-0.0513485477178424,-0.051867219917012576,-0.0005186721991701781
1958-11-30,SMB,CIZ_2026,-0.0057053941908715,-0.004149377593361148,0.0015560165975103523
1958-12-31,SMB,CIZ_2026,-0.2131742738589211,-0.2152489626556017,-0.0020746887966806016
1959-01-31,SMB,CIZ_2026,0.0487551867219915,0.04927385892116164,0.0005186721991701365
1959-02-28,SMB,CIZ_2026,-0.0321576763485477,-0.031120331950207608,0.0010373443983400926
1959-03-31,SMB,CIZ_2026,-0.0306016597510375,-0.03163900414937773,-0.0010373443983402314
1959-04-30,SMB,CIZ_2026,-0.1390041493775935,-0.13952282157676357,-0.0005186721991700671
1959-05-31,SMB,CIZ_2026,-0.2199170124481329,-0.21991701244813283,5.551115123125783e-17
1959-06-30,SMB,CIZ_2026,-0.0731327800829875,-0.07209543568464744,0.0010373443983400649
1959-07-31,SMB,CIZ_2026,-0.1234439834024897,-0.12603734439834036,-0.002593360995850655
1959-08-31,SMB,CIZ_2026,-0.1473029045643155,-0.14834024896265569,-0.0010373443983401898
1959-09-30,SMB,CIZ_2026,-0.112551867219917,-0.11566390041493786,-0.0031120331950208607
1959-10-31,SMB,CIZ_2026,-0.0331950207468879,-0.029045643153527104,0.004149377593360794
1959-11-30,SMB,CIZ_2026,-0.0440871369294606,-0.042531120331950334,0.0015560165975102638
1959-12-31,SMB,CIZ_2026,-0.137966804979253,-0.14056016597510382,-0.0025933609958508075
1960-01-31,SMB,CIZ_2026,0.0005186721991701,0.0020746887966803518,0.0015560165975102517
1960-02-29,SMB,CIZ_2026,-0.0814315352697095,-0.07676348547717854,0.004668049792530965
1960-03-31,SMB,CIZ_2026,-0.1332987551867219,-0.13641078838174284,-0.00311203319502093
1960-04-30,SMB,CIZ_2026,-0.091286307053942,-0.09647302904564325,-0.005186721991701254
1960-05-31,SMB,CIZ_2026,-0.0451244813278008,-0.040975103734439966,0.004149377593360835
1960-06-30,SMB,CIZ_2026,-0.1187759336099586,-0.12240663900414947,-0.0036307053941908723
1960-07-31,SMB,CIZ_2026,-0.1343360995850624,-0.13485477178423244,-0.0005186721991700394
1960-08-31,SMB,CIZ_2026,-0.062759336099585,-0.0715767634854773,-0.008817427385892293
1960-09-30,SMB,CIZ_2026,-0.1654564315352698,-0.16649377593361003,-0.0010373443983402453
1960-10-31,SMB,CIZ_2026,-0.3195020746887967,-0.3169087136929461,0.002593360995850613
1960-11-30,SMB,CIZ_2026,-0.087136929460581,-0.08921161825726152,-0.0020746887966805183
1960-12-31,SMB,CIZ_2026,-0.1882780082987553,-0.19035269709543576,-0.002074688796680463
1961-01-31,SMB,CIZ_2026,-0.0746887966804979,-0.07520746887966817,-0.0005186721991702753
1961-02-28,SMB,CIZ_2026,0.0959543568464729,0.0933609958506222,-0.0025933609958506965
1961-03-31,SMB,CIZ_2026,0.0632780082987551,0.059647302904564145,-0.0036307053941909556
1961-04-30,SMB,CIZ_2026,-0.1042531120331951,-0.10321576763485488,0.0010373443983402175
1961-05-31,SMB,CIZ_2026,-0.0036307053941908,-0.006224066390041652,-0.002593360995850852
1961-06-30,SMB,CIZ_2026,-0.2370331950207469,-0.23755186721991706,-0.0005186721991701504
1961-07-31,SMB,CIZ_2026,-0.2064315352697097,-0.20798755186721996,-0.001556016597510257
1961-08-31,SMB,CIZ_2026,-0.1986514522821577,-0.19657676348547726,0.002074688796680435
1961-09-30,SMB,CIZ_2026,-0.1633817427385893,-0.1633817427385893,0.0
1961-10-31,SMB,CIZ_2026,-0.1934647302904565,-0.1934647302904565,0.0
1961-11-30,SMB,CIZ_2026,-0.0425311203319501,-0.042531120331950334,-2.3592239273284576e-16
1961-12-31,SMB,CIZ_2026,-0.1519709543568466,-0.15248962655601667,-0.0005186721991700671
1962-01-31,SMB,CIZ_2026,-0.016078838174274,-0.01607883817427401,-1.0408340855860843e-17
1962-02-28,SMB,CIZ_2026,-0.1675311203319501,-0.16856846473029052,-0.0010373443983404118
1962-03-31,SMB,CIZ_2026,-0.0809128630705395,-0.0736514522821578,0.007261410788381703
1962-04-30,SMB,CIZ_2026,-0.1441908713692946,-0.14937759336099593,-0.005186721991701337
1962-05-31,SMB,CIZ_2026,-0.2811203319502076,-0.2702282157676349,0.010892116182572686
1962-06-30,SMB,CIZ_2026,-0.1384854771784233,-0.13070539419087146,0.00778008298755184
1962-07-31,SMB,CIZ_2026,-0.029045643153527,-0.029045643153527104,-1.0408340855860843e-16
1962-08-31,SMB,CIZ_2026,-0.0446058091286308,-0.04460580912863084,-4.163336342344337e-17
1962-09-30,SMB,CIZ_2026,-0.233402489626556,-0.2323651452282158,0.0010373443983401898
1962-10-31,SMB,CIZ_2026,-0.3137966804979254,-0.31275933609958506,0.0010373443983403563
1962-11-30,SMB,CIZ_2026,0.0274896265560165,0.021784232365145054,-0.005705394190871446
1962-12-31,SMB,CIZ_2026,-0.3049792531120333,-0.3029045643153527,0.0020746887966806016
1963-01-31,SMB,CIZ_2026,0.0518672199170124,0.04823651452282139,-0.003630705394191011
1963-02-28,SMB,CIZ_2026,-0.0829875518672199,-0.08402489626556028,-0.001037344398340384
1963-03-31,SMB,CIZ_2026,-0.2422199170124481,-0.24170124481327804,0.0005186721991700671
1963-04-30,SMB,CIZ_2026,-0.1773858921161826,-0.17323651452282166,0.004149377593360953
1963-05-31,SMB,CIZ_2026,-0.0492738589211619,-0.051867219917012576,-0.0025933609958506756
1963-06-30,SMB,CIZ_2026,-0.1218879668049792,-0.12448132780082997,-0.0025933609958507797
1963-07-31,SMB,CIZ_2026,-0.1312240663900415,-0.13744813278008308,-0.006224066390041583
1963-08-31,SMB,CIZ_2026,-0.1587136929460582,-0.1571576763485478,0.0015560165975103957
1963-09-30,SMB,CIZ_2026,-0.125,-0.1208506224066391,0.004149377593360898
1963-10-31,SMB,CIZ_2026,-0.137966804979253,-0.13744813278008308,0.0005186721991699283
1963-11-30,SMB,CIZ_2026,-0.1685684647302904,-0.1680497925311204,0.0005186721991700116
1963-12-31,SMB,CIZ_2026,-0.2199170124481329,-0.20954356846473032,0.010373443983402564
1964-01-31,SMB,CIZ_2026,-0.1135892116182573,-0.12033195020746898,-0.006742738589211678
1964-02-29,SMB,CIZ_2026,-0.1021784232365146,-0.10217842323651463,-2.7755575615628914e-17
1964-03-31,SMB,CIZ_2026,-0.062759336099585,-0.05860995850622419,0.004149377593360815
1964-04-30,SMB,CIZ_2026,-0.1779045643153527,-0.1779045643153528,-8.326672684688674e-17
1964-05-31,SMB,CIZ_2026,-0.1524896265560166,-0.15145228215767642,0.0010373443983401898
1964-06-30,SMB,CIZ_2026,-0.1141078838174275,-0.11981327800829886,-0.005705394190871363
1964-07-31,SMB,CIZ_2026,-0.0954356846473031,-0.09751037344398351,-0.0020746887966804073
1964-08-31,SMB,CIZ_2026,-0.0995850622406639,-0.10632780082987563,-0.006742738589211733
1964-09-30,SMB,CIZ_2026,-0.1358921161825727,-0.1400414937759337,-0.004149377593361009
1964-10-31,SMB,CIZ_2026,-0.0860995850622406,-0.08195020746887978,0.004149377593360815
1964-11-30,SMB,CIZ_2026,-0.0720954356846473,-0.07261410788381754,-0.0005186721991702475
1964-12-31,SMB,CIZ_2026,-0.1260373443983403,-0.12188796680497935,0.004149377593360953
1965-01-31,SMB,CIZ_2026,0.0321576763485476,0.02334024896265542,-0.008817427385892175
1965-02-28,SMB,CIZ_2026,0.0762448132780082,0.06431535269709525,-0.011929460580912946
1965-03-31,SMB,CIZ_2026,-0.0098547717842324,-0.014004149377593506,-0.004149377593361106
1965-04-30,SMB,CIZ_2026,-0.0508298755186722,-0.0503112033195022,0.0005186721991699977
1965-05-31,SMB,CIZ_2026,-0.1021784232365146,-0.10529045643153537,-0.0031120331950207636
1965-06-30,SMB,CIZ_2026,-0.3329875518672199,-0.3189834024896266,0.014004149377593311
1965-07-31,SMB,CIZ_2026,-0.0617219917012449,-0.06327800829875531,-0.0015560165975104095
1965-08-31,SMB,CIZ_2026,0.0394190871369293,0.03993775933609943,0.0005186721991701296
1965-09-30,SMB,CIZ_2026,-0.0746887966804979,-0.07520746887966817,-0.0005186721991702753
1965-10-31,SMB,CIZ_2026,0.0228215767634853,0.022821576763485327,2.7755575615628914e-17
1965-11-30,SMB,CIZ_2026,0.1348547717842323,0.1353734439834023,0.0005186721991699839
1965-12-31,SMB,CIZ_2026,-0.0010373443983403,-0.0005186721991702892,0.0005186721991700107
1966-01-31,SMB,CIZ_2026,0.0912863070539418,0.10062240663900392,0.00933609958506211
1966-02-28,SMB,CIZ_2026,0.1203319502074689,0.12240663900414918,0.0020746887966802824
1966-03-31,SMB,CIZ_2026,-0.0565352697095437,-0.06327800829875531,-0.006742738589211608
1966-04-30,SMB,CIZ_2026,0.0700207468879667,0.07053941908713675,0.0005186721991700532
1966-05-31,SMB,CIZ_2026,-0.3464730290456432,-0.34647302904564314,5.551115123125783e-17
1966-06-30,SMB,CIZ_2026,-0.0544605809128631,-0.05497925311203332,-0.0005186721991702198
1966-07-31,SMB,CIZ_2026,-0.1265560165975104,-0.12551867219917023,0.001037344398340162
1966-08-31,SMB,CIZ_2026,-0.2774896265560166,-0.2774896265560166,0.0
1966-09-30,SMB,CIZ_2026,-0.1618257261410789,-0.1592323651452283,0.002593360995850613
1966-10-31,SMB,CIZ_2026,-0.4460580912863071,-0.44813278008298746,-0.0020746887966803795
1966-11-30,SMB,CIZ_2026,0.1120331950207467,0.10788381742738569,-0.004149377593361009
1966-12-31,SMB,CIZ_2026,-0.0057053941908715,-0.00466804979253127,0.0010373443983402297
1967-01-31,SMB,CIZ_2026,0.3236514522821576,0.31898340248962626,-0.004668049792531326
1967-02-28,SMB,CIZ_2026,0.0658713692946058,0.06483402489626537,-0.0010373443983404257
1967-03-31,SMB,CIZ_2026,-0.0274896265560166,-0.02800829875518686,-0.000518672199170258
1967-04-30,SMB,CIZ_2026,-0.0752074688796682,-0.08558091286307065,-0.010373443983402453
1967-05-31,SMB,CIZ_2026,-0.0093360995850624,0.00051867219916997,0.00985477178423237
1967-06-30,SMB,CIZ_2026,0.1996887966804978,0.19709543568464705,-0.002593360995850752
1967-07-31,SMB,CIZ_2026,0.0539419087136929,0.05757261410788363,0.0036307053941907266
1967-08-31,SMB,CIZ_2026,-0.0860995850622406,-0.08558091286307065,0.0005186721991699422
1967-09-30,SMB,CIZ_2026,0.050829875518672,0.048755186721991514,-0.0020746887966804836
1967-10-31,SMB,CIZ_2026,-0.0321576763485477,-0.03163900414937773,0.00051867219916997
1967-11-30,SMB,CIZ_2026,-0.0969917012448133,-0.09906639004149388,-0.0020746887966805877
1967-12-31,SMB,CIZ_2026,0.1893153526970954,0.18516597510373423,-0.004149377593361175
1968-01-31,SMB,CIZ_2026,0.0954356846473027,0.09906639004149358,0.0036307053941908723
1968-02-29,SMB,CIZ_2026,-0.2603734439834025,-0.26089211618257263,-0.0005186721991701226
1968-03-31,SMB,CIZ_2026,-0.1773858921161826,-0.1742738589211619,0.003112033195020708
1968-04-30,SMB,CIZ_2026,0.1867219917012446,0.18620331950207442,-0.0005186721991701781
1968-05-31,SMB,CIZ_2026,0.2240663900414938,0.21939834024896238,-0.004668049792531437
1968-06-30,SMB,CIZ_2026,-0.1177385892116184,-0.11721991701244823,0.0005186721991701643
1968-07-31,SMB,CIZ_2026,-0.1784232365145228,-0.17375518672199178,0.0046680497925310205
1968-08-31,SMB,CIZ_2026,0.0134854771784231,0.016078838174273705,0.0025933609958506045
1968-09-30,SMB,CIZ_2026,0.0373443983402488,0.03423236514522805,-0.0031120331950207497
1968-10-31,SMB,CIZ_2026,-0.1327800829875519,-0.13485477178423244,-0.002074688796680546
1968-11-30,SMB,CIZ_2026,0.0134854771784231,0.012966804979252955,-0.0005186721991701452
1968-12-31,SMB,CIZ_2026,0.066908713692946,0.06742738589211598,0.0005186721991699839
1969-01-31,SMB,CIZ_2026,-0.1462655601659751,-0.1400414937759337,0.006224066390041416
1969-02-28,SMB,CIZ_2026,-0.3112033195020748,-0.3132780082987552,-0.0020746887966803795
1969-03-31,SMB,CIZ_2026,-0.1234439834024897,-0.12136929460580922,0.0020746887966804767
1969-04-30,SMB,CIZ_2026,-0.1524896265560166,-0.15041493775933618,0.002074688796680435
1969-05-31,SMB,CIZ_2026,-0.1187759336099586,-0.12396265560165984,-0.00518672199170124
1969-06-30,SMB,CIZ_2026,-0.3864107883817428,-0.38537344398340245,0.0010373443983403563
1969-07-31,SMB,CIZ_2026,-0.2759336099585063,-0.27593360995850624,5.551115123125783e-17
1969-08-31,SMB,CIZ_2026,-0.0596473029045644,-0.06587136929460594,-0.006224066390041534
1969-09-30,SMB,CIZ_2026,-0.0466804979253112,-0.044087136929460716,0.0025933609958504814
1969-10-31,SMB,CIZ_2026,0.0949170124481326,0.09543568464730269,0.0005186721991700949
1969-11-30,SMB,CIZ_2026,-0.2417012448132781,-0.24014522821576767,0.0015560165975104234
1969-12-31,SMB,CIZ_2026,-0.3003112033195022,-0.2987551867219917,0.001556016597510479
1970-01-31,SMB,CIZ_2026,0.0440871369294604,0.043049792531120165,-0.0010373443983402383
1970-02-28,SMB,CIZ_2026,-0.2417012448132781,-0.2318464730290457,0.009854771784232386
1970-03-31,SMB,CIZ_2026,-0.2282157676348548,-0.2276970954356847,0.0005186721991700949
1970-04-30,SMB,CIZ_2026,-0.4268672199170125,-0.42634854771784225,0.0005186721991702337
1970-05-31,SMB,CIZ_2026,-0.3459543568464731,-0.34699170124481327,-0.0010373443983401898
1970-06-30,SMB,CIZ_2026,-0.2183609958506224,-0.21576763485477185,0.0025933609958505577
1970-07-31,SMB,CIZ_2026,-0.1338174273858922,-0.13589211618257271,-0.0020746887966805183
1970-08-31,SMB,CIZ_2026,-0.029045643153527,-0.031120331950207608,-0.0020746887966806085
1970-09-30,SMB,CIZ_2026,0.3376556016597509,0.33973029045643127,0.0020746887966803795
1970-10-31,SMB,CIZ_2026,-0.3262448132780084,-0.3241701244813278,0.0020746887966806016
1970-11-30,SMB,CIZ_2026,-0.3122406639004149,-0.3137966804979253,-0.0015560165975104234
1970-12-31,SMB,CIZ_2026,0.0435684647302903,0.038381742738589034,-0.005186721991701268
1971-01-31,SMB,CIZ_2026,0.2738589211618256,0.2691908713692943,-0.00466804979253127
1971-02-28,SMB,CIZ_2026,-0.0114107883817428,-0.011410788381742878,-7.806255641895632e-17
1971-03-31,SMB,CIZ_2026,0.0280082987551866,0.026970954356846308,-0.0010373443983402938
1971-04-30,SMB,CIZ_2026,-0.1332987551867219,-0.13329875518672207,-1.6653345369377348e-16
1971-05-31,SMB,CIZ_2026,-0.1618257261410789,-0.1613070539419088,0.0005186721991700949
1971-06-30,SMB,CIZ_2026,-0.1841286307053943,-0.187240663900415,-0.0031120331950206803
1971-07-31,SMB,CIZ_2026,-0.1846473029045644,-0.18620331950207475,-0.0015560165975103402
1971-08-31,SMB,CIZ_2026,-0.1167012448132781,-0.11929460580912873,-0.002593360995850641
1971-09-30,SMB,CIZ_2026,-0.0814315352697095,-0.08195020746887978,-0.0005186721991702753
1971-10-31,SMB,CIZ_2026,-0.1991701244813278,-0.19865145228215775,0.0005186721991700394
1971-11-30,SMB,CIZ_2026,-0.2515560165975105,-0.2515560165975104,5.551115123125783e-17
1971-12-31,SMB,CIZ_2026,0.0627593360995848,0.06275933609958488,8.326672684688674e-17
1972-01-31,SMB,CIZ_2026,0.1955394190871366,0.19502074688796656,-0.0005186721991700394
1972-02-29,SMB,CIZ_2026,-0.0404564315352697,-0.0394190871369296,0.0010373443983400996
1972-03-31,SMB,CIZ_2026,-0.1203319502074689,-0.12292531120331959,-0.0025933609958506965
1972-04-30,SMB,CIZ_2026,-0.1021784232365146,-0.099585062240664,0.0025933609958505993
1972-05-31,SMB,CIZ_2026,-0.2474066390041494,-0.2484439834024897,-0.0010373443983403008
1972-06-30,SMB,CIZ_2026,-0.0938796680497926,-0.09336099585062252,0.000518672199170081
1972-07-31,SMB,CIZ_2026,-0.2567427385892117,-0.258298755186722,-0.0015560165975103124
1972-08-31,SMB,CIZ_2026,-0.3169087136929461,-0.31483402489626555,0.002074688796680546
1972-09-30,SMB,CIZ_2026,-0.245331950207469,-0.24585062240663907,-0.0005186721991700671
1972-10-31,SMB,CIZ_2026,-0.24948132780083,-0.24948132780082993,5.551115123125783e-17
1972-11-30,SMB,CIZ_2026,-0.1701244813278009,-0.16908713692946065,0.0010373443983402453
1972-12-31,SMB,CIZ_2026,-0.2090248962655602,-0.2090248962655602,0.0
1973-01-31,SMB,CIZ_2026,-0.2889004149377594,-0.28890041493775936,5.551115123125783e-17
1973-02-28,SMB,CIZ_2026,-0.3086099585062242,-0.3096473029045643,-0.0010373443983401343
1973-03-31,SMB,CIZ_2026,-0.2541493775933611,-0.25207468879668055,0.002074688796680546
1973-04-30,SMB,CIZ_2026,-0.3075726141078838,-0.3070539419087137,0.0005186721991700671
1973-05-31,SMB,CIZ_2026,-0.4346473029045644,-0.4330912863070539,0.001556016597510479
1973-06-30,SMB,CIZ_2026,-0.2562240663900416,-0.2551867219917013,0.0010373443983403008
1973-07-31,SMB,CIZ_2026,0.3054979253112031,0.3029045643153524,-0.002593360995850724
1973-08-31,SMB,CIZ_2026,-0.2183609958506224,-0.21161825726141084,0.0067427385892115665
1973-09-30,SMB,CIZ_2026,0.0497925311203317,0.04408713692946041,-0.005705394190871287
1973-10-31,SMB,CIZ_2026,-0.1312240663900415,-0.1187759336099586,0.012448132780082902
1973-11-30,SMB,CIZ_2026,-0.5057053941908713,-0.5082987551867219,-0.002593360995850502
1973-12-31,SMB,CIZ_2026,-0.3853734439834025,-0.3879668049792531,-0.002593360995850613
1974-01-31,SMB,CIZ_2026,0.3941908713692945,0.39419087136929426,-2.220446049250313e-16
1974-02-28,SMB,CIZ_2026,-0.1172199170124481,-0.107883817427386,0.00933609958506211
1974-03-31,SMB,CIZ_2026,0.0269709543568463,0.021784232365145054,-0.005186721991701247
1974-04-30,SMB,CIZ_2026,-0.1462655601659751,-0.14315352697095446,0.0031120331950206526
1974-05-31,SMB,CIZ_2026,-0.2614107883817428,-0.2598547717842324,0.0015560165975104234
1974-06-30,SMB,CIZ_2026,-0.1167012448132781,-0.12033195020746898,-0.0036307053941908862
1974-07-31,SMB,CIZ_2026,-0.0643153526970955,-0.0674273858921163,-0.0031120331950208052
1974-08-31,SMB,CIZ_2026,-0.1457468879668051,-0.14367219917012455,0.002074688796680546
1974-09-30,SMB,CIZ_2026,-0.0938796680497926,-0.09387966804979264,-4.163336342344337e-17
1974-10-31,SMB,CIZ_2026,-0.287344398340249,-0.28578838174273863,0.001556016597510368
1974-11-30,SMB,CIZ_2026,-0.1706431535269711,-0.16856846473029052,0.002074688796680574
1974-12-31,SMB,CIZ_2026,-0.3584024896265561,-0.3537344398340249,0.004668049792531159
1975-01-31,SMB,CIZ_2026,0.4699170124481326,0.4657676348547714,-0.004149377593361203
1975-02-28,SMB,CIZ_2026,-0.0995850622406639,-0.10165975103734451,-0.0020746887966806155
1975-03-31,SMB,CIZ_2026,0.088174273858921,0.0866182572614106,-0.0015560165975103957
1975-04-30,SMB,CIZ_2026,-0.141597510373444,-0.14107883817427394,0.0005186721991700671
1975-05-31,SMB,CIZ_2026,0.0907676348547716,0.09595435684647284,0.00518672199170124
1975-06-30,SMB,CIZ_2026,-0.062759336099585,-0.06587136929460594,-0.00311203319502093
1975-07-31,SMB,CIZ_2026,0.0321576763485476,0.03008298755186707,-0.0020746887966805252
1975-08-31,SMB,CIZ_2026,-0.2764522821576765,-0.2723029045643154,0.004149377593361092
1975-09-30,SMB,CIZ_2026,-0.1130705394190872,-0.11618257261410798,-0.0031120331950207913
1975-10-31,SMB,CIZ_2026,-0.3169087136929461,-0.3195020746887967,-0.002593360995850613
1975-11-30,SMB,CIZ_2026,-0.1701244813278009,-0.17116182572614114,-0.0010373443983402453
1975-12-31,SMB,CIZ_2026,-0.1483402489626557,-0.1530082987551868,-0.004668049792531076
1976-01-31,SMB,CIZ_2026,0.1415975103734437,0.1447095435684645,0.0031120331950207913
1976-02-29,SMB,CIZ_2026,0.2582987551867217,0.2536307053941906,-0.004668049792531104
1976-03-31,SMB,CIZ_2026,-0.1680497925311204,-0.16856846473029052,-0.0005186721991701226
1976-04-30,SMB,CIZ_2026,-0.1135892116182573,-0.11203319502074699,0.0015560165975103124
1976-05-31,SMB,CIZ_2026,-0.1716804979253112,-0.16960580912863077,0.002074688796680435
1976-06-30,SMB,CIZ_2026,-0.1763485477178424,-0.1763485477178424,0.0
1976-07-31,SMB,CIZ_2026,-0.0928423236514524,-0.09336099585062252,-0.0005186721991701226
1976-08-31,SMB,CIZ_2026,-0.2116182572614109,-0.21421161825726145,-0.0025933609958505577
1976-09-30,SMB,CIZ_2026,-0.1089211618257262,-0.103734439834025,0.005186721991701199
1976-10-31,SMB,CIZ_2026,-0.0964730290456432,-0.10062240663900425,-0.0041493775933610505
1976-11-30,SMB,CIZ_2026,0.0124481327800829,0.013485477178423064,0.0010373443983401637
1976-12-31,SMB,CIZ_2026,0.0492738589211618,0.04927385892116164,-1.6653345369377348e-16
1977-01-31,SMB,CIZ_2026,0.1390041493775933,0.13848547717842302,-0.0005186721991702892
1977-02-28,SMB,CIZ_2026,-0.053941908713693,-0.054460580912863196,-0.000518672199170199
1977-03-31,SMB,CIZ_2026,-0.0560165975103735,-0.056535269709543694,-0.000518672199170192
1977-04-30,SMB,CIZ_2026,-0.1141078838174275,-0.1146265560165976,-0.0005186721991701088
1977-05-31,SMB,CIZ_2026,-0.0466804979253112,-0.04304979253112047,0.0036307053941907266
1977-06-30,SMB,CIZ_2026,0.0005186721991701,-0.0005186721991702892,-0.0010373443983403893
1977-07-31,SMB,CIZ_2026,0.0041493775933609,0.00051867219916997,-0.0036307053941909296
1977-08-31,SMB,CIZ_2026,-0.0311203319502075,-0.027489626556016736,0.003630705394190765
1977-09-30,SMB,CIZ_2026,-0.0383817427385893,-0.030082987551867363,0.008298755186721934
1977-10-31,SMB,CIZ_2026,-0.0430497925311204,-0.04616182572614121,-0.003112033195020812
1977-11-30,SMB,CIZ_2026,0.0855809128630704,0.08298755186721972,-0.0025933609958506826
1977-12-31,SMB,CIZ_2026,-0.0394190871369295,-0.037344398340249094,0.0020746887966804073
1978-01-31,SMB,CIZ_2026,0.0082987551867217,0.010373443983402314,0.0020746887966806137
1978-02-28,SMB,CIZ_2026,0.0783195020746887,0.07831950207468859,-1.1102230246251565e-16
1978-03-31,SMB,CIZ_2026,0.0731327800829872,0.07053941908713675,-0.0025933609958504467
1978-04-30,SMB,CIZ_2026,-0.0845435684647304,-0.08921161825726152,-0.004668049792531118
1978-05-31,SMB,CIZ_2026,0.1286307053941906,0.12707468879668032,-0.0015560165975102846
1978-06-30,SMB,CIZ_2026,-0.0217842323651452,-0.017634854771784378,0.0041493775933608215
1978-07-31,SMB,CIZ_2026,-0.0959543568464731,-0.0928423236514524,0.003112033195020708
1978-08-31,SMB,CIZ_2026,0.154564315352697,0.15456431535269682,-1.6653345369377348e-16
1978-09-30,SMB,CIZ_2026,-0.1301867219917013,-0.13329875518672207,-0.0031120331950207636
1978-10-31,SMB,CIZ_2026,-0.6192946058091287,-0.6208506224066388,-0.0015560165975101459
1978-11-30,SMB,CIZ_2026,0.0461618257261409,0.05082987551867203,0.0046680497925311315
1978-12-31,SMB,CIZ_2026,-0.04097510373444,-0.04616182572614121,-0.0051867219917012125
1979-01-31,SMB,CIZ_2026,0.0798755186721991,0.0762448132780081,-0.0036307053941909972
1979-02-28,SMB,CIZ_2026,-0.0845435684647304,-0.08506224066390053,-0.0005186721991701226
1979-03-31,SMB,CIZ_2026,0.0612033195020746,0.05809128630705378,-0.003112033195020826
1979-04-30,SMB,CIZ_2026,0.0036307053941906,0.004668049792530965,0.001037344398340365
1979-05-31,SMB,CIZ_2026,-0.0969917012448133,-0.09699170124481339,-9.71445146547012e-17
1979-06-30,SMB,CIZ_2026,-0.0471991701244814,-0.04927385892116196,-0.00207468879668056
1979-07-31,SMB,CIZ_2026,-0.04149377593361,-0.040975103734439966,0.0005186721991700324
1979-08-31,SMB,CIZ_2026,-0.0015560165975104,-0.005186721991701393,-0.003630705394190993
1979-09-30,SMB,CIZ_2026,-0.1218879668049792,-0.12136929460580922,0.00051867219916997
1979-10-31,SMB,CIZ_2026,-0.2826763485477179,-0.28319502074688796,-0.0005186721991700671
1979-11-30,SMB,CIZ_2026,0.0409751037344396,0.03786307053941891,-0.0031120331950206873
1979-12-31,SMB,CIZ_2026,0.1084024896265558,0.10632780082987532,-0.0020746887966804767
1980-01-31,SMB,CIZ_2026,-0.0238589211618257,-0.023858921161825863,-1.6306400674181987e-16
1980-02-29,SMB,CIZ_2026,-0.2038381742738589,-0.2043568464730291,-0.0005186721991702059
1980-03-31,SMB,CIZ_2026,-0.4522821576763486,-0.45539419087136923,-0.003112033195020625
1980-04-30,SMB,CIZ_2026,-0.0534232365145228,-0.05342323651452295,-1.5265566588595902e-16
1980-05-31,SMB,CIZ_2026,0.0025933609958503,-0.0015560165975105344,-0.0041493775933608345
1980-06-30,SMB,CIZ_2026,-0.0217842323651452,-0.021784232365145373,-1.734723475976807e-16
1980-07-31,SMB,CIZ_2026,0.1068464730290454,0.10477178423236493,-0.0020746887966804767
1980-08-31,SMB,CIZ_2026,0.0954356846473027,0.09439834024896245,-0.0010373443983402592
1980-09-30,SMB,CIZ_2026,-0.0570539419087137,-0.05809128630705407,-0.0010373443983403702
1980-10-31,SMB,CIZ_2026,0.0202282157676347,0.016078838174273705,-0.004149377593360995
1980-11-30,SMB,CIZ_2026,-0.2821576763485477,-0.2774896265560166,0.004668049792531104
1980-12-31,SMB,CIZ_2026,-0.1213692946058092,-0.12240663900414947,-0.001037344398340273
1981-01-31,SMB,CIZ_2026,0.0435684647302903,0.043049792531120165,-0.0005186721991701365
1981-02-28,SMB,CIZ_2026,-0.1255186721991702,-0.13226141078838183,-0.006742738589211622
1981-03-31,SMB,CIZ_2026,0.0757261410788381,0.0653526970954355,-0.010373443983402605
1981-04-30,SMB,CIZ_2026,0.1203319502074689,0.1255186721991699,0.005186721991701004
1981-05-31,SMB,CIZ_2026,-0.004149377593361,-0.007261410788381897,-0.003112033195020897
1981-06-30,SMB,CIZ_2026,-0.1509336099585062,-0.1509336099585063,-1.1102230246251565e-16
1981-07-31,SMB,CIZ_2026,-0.2214730290456432,-0.2152489626556017,0.006224066390041499
1981-08-31,SMB,CIZ_2026,-0.2090248962655602,-0.2090248962655602,0.0
1981-09-30,SMB,CIZ_2026,-0.245331950207469,-0.24688796680497932,-0.0015560165975103124
1981-10-31,SMB,CIZ_2026,0.0077800829875518,0.0025933609958504605,-0.005186721991701339
1981-11-30,SMB,CIZ_2026,-0.1613070539419088,-0.16441908713692954,-0.003112033195020736
1981-12-31,SMB,CIZ_2026,-0.0456431535269711,-0.046680497925311336,-0.0010373443983402383
1982-01-31,SMB,CIZ_2026,-0.1742738589211618,-0.1727178423236515,0.0015560165975102846
1982-02-28,SMB,CIZ_2026,-0.0850622406639004,-0.08402489626556028,0.0010373443983401204
1982-03-31,SMB,CIZ_2026,-0.1187759336099586,-0.11773858921161835,0.0010373443983402453
1982-04-30,SMB,CIZ_2026,-0.0316390041493777,-0.022821576763485632,0.008817427385892071
1982-05-31,SMB,CIZ_2026,-0.0809128630705395,-0.09906639004149388,-0.018153526970954376
1982-06-30,SMB,CIZ_2026,-0.1286307053941908,-0.13018672199170134,-0.0015560165975105344
1982-07-31,SMB,CIZ_2026,-0.0648340248962657,-0.06068464730290469,0.004149377593361016
1982-08-31,SMB,CIZ_2026,-0.3226141078838175,-0.32987551867219916,-0.007261410788381661
1982-09-30,SMB,CIZ_2026,0.0451244813278006,0.040975103734439675,-0.004149377593360926
1982-10-31,SMB,CIZ_2026,0.0134854771784231,0.015560165975103568,0.002074688796680468
1982-11-30,SMB,CIZ_2026,0.1343360995850619,0.1322614107883815,-0.0020746887966804073
1982-12-31,SMB,CIZ_2026,-0.1192946058091286,-0.12396265560165984,-0.0046680497925312425
1983-01-31,SMB,CIZ_2026,0.0337136929460579,0.038381742738589034,0.0046680497925311315
1983-02-28,SMB,CIZ_2026,0.0617219917012445,0.05705394190871353,-0.004668049792530965
1983-03-31,SMB,CIZ_2026,-0.0181535269709544,-0.017116182572614255,0.0010373443983401447
1983-04-30,SMB,CIZ_2026,-0.0819502074688797,-0.08402489626556028,-0.0020746887966805877
1983-05-31,SMB,CIZ_2026,0.2157676348547716,0.21369294605809103,-0.002074688796680574
1983-06-30,SMB,CIZ_2026,-0.0586099585062241,-0.059647302904564437,-0.0010373443983403355
1983-07-31,SMB,CIZ_2026,-0.0300829875518673,-0.030082987551867363,-6.245004513516506e-17
1983-08-31,SMB,CIZ_2026,-0.3298755186721993,-0.3303941908713693,-0.0005186721991700116
1983-09-30,SMB,CIZ_2026,-0.0762448132780084,-0.07624481327800842,-1.3877787807814457e-17
1983-10-31,SMB,CIZ_2026,-0.2930497925311204,-0.2920124481327801,0.0010373443983403008
1983-11-30,SMB,CIZ_2026,-0.0036307053941908,-0.0031120331950209024,0.0005186721991698976
1983-12-31,SMB,CIZ_2026,-0.1218879668049792,-0.1208506224066391,0.0010373443983400926
1984-01-31,SMB,CIZ_2026,-0.1275933609958506,-0.12603734439834036,0.001556016597510257
1984-02-29,SMB,CIZ_2026,-0.195539419087137,-0.19502074688796686,0.0005186721991701504
1984-03-31,SMB,CIZ_2026,-0.1042531120331951,-0.10269709543568475,0.0015560165975103402
1984-04-30,SMB,CIZ_2026,-0.1680497925311204,-0.1680497925311204,0.0
1984-05-31,SMB,CIZ_2026,-0.1047717842323653,-0.10425311203319512,0.0005186721991701781
1984-06-30,SMB,CIZ_2026,-0.1234439834024897,-0.12033195020746898,0.003112033195020722
1984-07-31,SMB,CIZ_2026,-0.2225103734439835,-0.22251037344398344,5.551115123125783e-17
1984-08-31,SMB,CIZ_2026,-0.1203319502074689,-0.12240663900414947,-0.002074688796680574
1984-09-30,SMB,CIZ_2026,-0.0990663900414937,-0.10165975103734451,-0.0025933609958508075
1984-10-31,SMB,CIZ_2026,-0.1716804979253112,-0.1659751037344399,0.0057053941908712935
1984-11-30,SMB,CIZ_2026,-0.141597510373444,-0.14522821576763495,-0.0036307053941909417
1984-12-31,SMB,CIZ_2026,-0.1369294605809129,-0.14263485477178434,-0.005705394190871432
1985-01-31,SMB,CIZ_2026,0.063796680497925,0.06379668049792513,1.249000902703301e-16
1985-02-28,SMB,CIZ_2026,-0.0669087136929461,-0.07261410788381754,-0.005705394190871446
1985-03-31,SMB,CIZ_2026,-0.1639004149377595,-0.1659751037344399,-0.0020746887966804073
1985-04-30,SMB,CIZ_2026,-0.1006224066390042,-0.10114107883817439,-0.000518672199170192
1985-05-31,SMB,CIZ_2026,-0.2230290456431536,-0.22717842323651455,-0.004149377593360953
1985-06-30,SMB,CIZ_2026,-0.0809128630705395,-0.0845435684647304,-0.0036307053941909
1985-07-31,SMB,CIZ_2026,0.0394190871369293,0.038900414937759156,-0.0005186721991701435
1985-08-31,SMB,CIZ_2026,-0.1234439834024897,-0.12344398340248972,-1.3877787807814457e-17
1985-09-30,SMB,CIZ_2026,-0.1903526970954357,-0.19190871369294613,-0.0015560165975104234
1985-10-31,SMB,CIZ_2026,-0.1862033195020748,-0.18568464730290463,0.0005186721991701781
1985-11-30,SMB,CIZ_2026,-0.0949170124481328,-0.09802904564315364,-0.003112033195020833
1985-12-31,SMB,CIZ_2026,-0.1343360995850624,-0.1353734439834026,-0.0010373443983401898
1986-01-31,SMB,CIZ_2026,-0.0451244813278008,-0.04823651452282171,-0.0031120331950209093
1986-02-28,SMB,CIZ_2026,-0.1358921161825727,-0.13744813278008308,-0.0015560165975103957
1986-03-31,SMB,CIZ_2026,-0.1384854771784233,-0.13589211618257271,0.0025933609958505854
1986-04-30,SMB,CIZ_2026,0.0363070539419085,0.03526970954356827,-0.0010373443983402314
1986-05-31,SMB,CIZ_2026,-0.1779045643153527,-0.1784232365145229,-0.0005186721991702059
1986-06-30,SMB,CIZ_2026,-0.1576763485477179,-0.15612033195020755,0.0015560165975103402
1986-07-31,SMB,CIZ_2026,-0.2821576763485477,-0.28578838174273863,-0.003630705394190914
1986-08-31,SMB,CIZ_2026,-0.3241701244813278,-0.3236514522821577,0.0005186721991701226
1986-09-30,SMB,CIZ_2026,0.0145228215767634,0.016597510373443813,0.0020746887966804142
1986-10-31,SMB,CIZ_2026,-0.237551867219917,-0.23910788381742742,-0.0015560165975104234
1986-11-30,SMB,CIZ_2026,-0.2069502074688797,-0.20487551867219922,0.0020746887966804906
1986-12-31,SMB,CIZ_2026,-0.1011410788381744,-0.09802904564315364,0.0031120331950207636
1987-01-31,SMB,CIZ_2026,-0.2017634854771784,-0.20591286307053946,-0.004149377593361064
1987-02-28,SMB,CIZ_2026,0.0731327800829872,0.07105809128630687,-0.002074688796680324
1987-03-31,SMB,CIZ_2026,-0.0845435684647304,-0.08195020746887978,0.002593360995850627
1987-04-30,SMB,CIZ_2026,-0.195539419087137,-0.19709543568464738,-0.001556016597510368
1987-05-31,SMB,CIZ_2026,-0.1338174273858922,-0.1353734439834026,-0.0015560165975103957
1987-06-30,SMB,CIZ_2026,-0.2178423236514524,-0.2131742738589212,0.004668049792531187
1987-07-31,SMB,CIZ_2026,-0.1436721991701246,-0.13744813278008308,0.006224066390041527
1987-08-31,SMB,CIZ_2026,-0.1478215767634855,-0.15197095435684654,-0.004149377593361037
1987-09-30,SMB,CIZ_2026,-0.0798755186721993,-0.07780082987551878,0.0020746887966805183
1987-10-31,SMB,CIZ_2026,-0.5451244813278009,-0.5368257261410787,0.008298755186722184
1987-11-30,SMB,CIZ_2026,0.0331950207468878,0.031120331950207317,-0.0020746887966804836
1987-12-31,SMB,CIZ_2026,-0.1011410788381744,-0.10632780082987563,-0.005186721991701226
1988-01-31,SMB,CIZ_2026,-0.1452282157676349,-0.14678423236514532,-0.0015560165975104234
1988-02-29,SMB,CIZ_2026,0.0653526970954356,0.06483402489626537,-0.0005186721991702337
1988-03-31,SMB,CIZ_2026,0.2110995850622405,0.20383817427385864,-0.007261410788381856
1988-04-30,SMB,CIZ_2026,-0.0560165975103735,-0.06068464730290469,-0.004668049792531187
1988-05-31,SMB,CIZ_2026,-0.2427385892116182,-0.23962655601659755,0.0031120331950206526
1988-06-30,SMB,CIZ_2026,0.0015560165975101,-0.0031120331950209024,-0.004668049792531002
1988-07-31,SMB,CIZ_2026,-0.1208506224066391,-0.12033195020746898,0.0005186721991701226
1988-08-31,SMB,CIZ_2026,-0.1058091286307055,-0.103734439834025,0.0020746887966805044
1988-09-30,SMB,CIZ_2026,-0.1758298755186723,-0.17894190871369303,-0.003112033195020736
1988-10-31,SMB,CIZ_2026,-0.2598547717842324,-0.2603734439834025,-0.0005186721991701226
1988-11-30,SMB,CIZ_2026,-0.1970954356846473,-0.19398340248962662,0.0031120331950206803
1988-12-31,SMB,CIZ_2026,-0.0067427385892117,-0.008817427385892265,-0.002074688796680565
1989-01-31,SMB,CIZ_2026,-0.2235477178423237,-0.22199170124481332,0.001556016597510368
1989-02-28,SMB,CIZ_2026,0.038381742738589,0.038900414937759156,0.0005186721991701573
1989-03-31,SMB,CIZ_2026,-0.0731327800829875,-0.0715767634854773,0.0015560165975102014
1989-04-30,SMB,CIZ_2026,-0.1431535269709544,-0.14159751037344406,0.0015560165975103402
1989-05-31,SMB,CIZ_2026,-0.1104771784232366,-0.11203319502074699,-0.0015560165975103957
1989-06-30,SMB,CIZ_2026,-0.1607883817427386,-0.1571576763485478,0.003630705394190803
1989-07-31,SMB,CIZ_2026,-0.3226141078838175,-0.3210580912863071,0.0015560165975104234
1989-08-31,SMB,CIZ_2026,-0.078838174273859,-0.07831950207468892,0.000518672199170081
1989-09-30,SMB,CIZ_2026,-0.091286307053942,-0.09232365145228227,-0.001037344398340273
1989-10-31,SMB,CIZ_2026,-0.2754149377593362,-0.27593360995850624,-0.0005186721991700671
1989-11-30,SMB,CIZ_2026,-0.1721991701244813,-0.16960580912863077,0.00259336099585053
1989-12-31,SMB,CIZ_2026,-0.2302904564315353,-0.23080912863070546,-0.0005186721991701504
1990-01-31,SMB,CIZ_2026,-0.1721991701244813,-0.16701244813278016,0.005186721991701143
1990-02-28,SMB,CIZ_2026,-0.0565352697095437,-0.057572614107883946,-0.0010373443983402453
1990-03-31,SMB,CIZ_2026,-0.0300829875518673,-0.03163900414937773,-0.0015560165975104304
1990-04-30,SMB,CIZ_2026,-0.1317427385892117,-0.13226141078838183,-0.0005186721991701226
1990-05-31,SMB,CIZ_2026,-0.2391078838174274,-0.2406639004149378,-0.0015560165975103957
1990-06-30,SMB,CIZ_2026,-0.0352697095435686,-0.037863070539419216,-0.002593360995850613
1990-07-31,SMB,CIZ_2026,-0.2697095435684649,-0.2681535269709544,0.001556016597510479
1990-08-31,SMB,CIZ_2026,-0.2930497925311204,-0.2894190871369295,0.003630705394190914
1990-09-30,SMB,CIZ_2026,-0.2971991701244814,-0.2966804979253112,0.0005186721991701781
1990-10-31,SMB,CIZ_2026,-0.3967842323651452,-0.39419087136929454,0.0025933609958506687
1990-11-30,SMB,CIZ_2026,-0.0855809128630706,-0.08609958506224077,-0.0005186721991701781
1990-12-31,SMB,CIZ_2026,-0.065871369294606,-0.06690871369294618,-0.0010373443983401759
1991-01-31,SMB,CIZ_2026,0.0897302904564314,0.08817427385892095,-0.0015560165975104512
1991-02-28,SMB,CIZ_2026,0.0969917012448131,0.10010373443983382,0.003112033195020722
1991-03-31,SMB,CIZ_2026,0.0959543568464729,0.0933609958506222,-0.0025933609958506965
1991-04-30,SMB,CIZ_2026,-0.0829875518672199,-0.08195020746887978,0.0010373443983401204
1991-05-31,SMB,CIZ_2026,-0.1286307053941908,-0.12811203319502085,0.0005186721991699561
1991-06-30,SMB,CIZ_2026,-0.1011410788381744,-0.09854771784232376,0.002593360995850641
1991-07-31,SMB,CIZ_2026,-0.1556016597510375,-0.15767634854771792,-0.0020746887966804073
1991-08-31,SMB,CIZ_2026,-0.0259336099585062,-0.025933609958506368,-1.6653345369377348e-16
1991-09-30,SMB,CIZ_2026,-0.0228215767634855,-0.020746887966805128,0.0020746887966803726
1991-10-31,SMB,CIZ_2026,-0.065871369294606,-0.06794605809128643,-0.002074688796680421
1991-11-30,SMB,CIZ_2026,-0.1338174273858922,-0.13433609958506232,-0.0005186721991701226
1991-12-31,SMB,CIZ_2026,-0.2240663900414938,-0.22510373443983406,-0.0010373443983402453
1992-01-31,SMB,CIZ_2026,0.3309128630705393,0.3319502074688794,0.0010373443983400787
1992-02-29,SMB,CIZ_2026,-0.062759336099585,-0.06483402489626569,-0.002074688796680685
1992-03-31,SMB,CIZ_2026,-0.1618257261410789,-0.15819502074688804,0.0036307053941908585
1992-04-30,SMB,CIZ_2026,-0.4221991701244814,-0.42531120331950206,-0.0031120331950206803
1992-05-31,SMB,CIZ_2026,-0.0866182572614109,-0.0866182572614109,0.0
1992-06-30,SMB,CIZ_2026,-0.2671161825726141,-0.2686721991701245,-0.0015560165975104234
1992-07-31,SMB,CIZ_2026,-0.1322614107883817,-0.13122406639004158,0.0010373443983401065
1992-08-31,SMB,CIZ_2026,-0.1146265560165975,-0.11307053941908723,0.0015560165975102708
1992-09-30,SMB,CIZ_2026,-0.0798755186721993,-0.07935684647302915,0.0005186721991701504
1992-10-31,SMB,CIZ_2026,0.0005186721991701,0.0015560165975102153,0.0010373443983401152
1992-11-30,SMB,CIZ_2026,0.0871369294605808,0.08298755186721972,-0.004149377593361078
1992-12-31,SMB,CIZ_2026,-0.0202282157676348,-0.022302904564315496,-0.0020746887966806953
1993-01-31,SMB,CIZ_2026,-0.0098547717842324,-0.009854771784232524,-1.249000902703301e-16
1993-02-28,SMB,CIZ_2026,-0.2883817427385893,-0.28371369294605814,0.004668049792531159
1993-03-31,SMB,CIZ_2026,-0.0954356846473031,-0.0928423236514524,0.0025933609958507103
1993-04-30,SMB,CIZ_2026,-0.1426348547717844,-0.1400414937759337,0.0025933609958506965
1993-05-31,SMB,CIZ_2026,-0.0020746887966806,-0.001037344398340398,0.001037344398340202
1993-06-30,SMB,CIZ_2026,-0.1229253112033195,-0.12344398340248972,-0.0005186721991702198
1993-07-31,SMB,CIZ_2026,-0.0580912863070539,-0.05809128630705407,-1.6653345369377348e-16
1993-08-31,SMB,CIZ_2026,-0.1011410788381744,-0.10165975103734451,-0.0005186721991701088
1993-09-30,SMB,CIZ_2026,0.0497925311203317,0.05134854771784213,0.0015560165975104304
1993-10-31,SMB,CIZ_2026,-0.0025933609958506,-0.00466804979253127,-0.00207468879668067
1993-11-30,SMB,CIZ_2026,-0.1727178423236515,-0.17323651452282166,-0.0005186721991701504
1993-12-31,SMB,CIZ_2026,-0.0440871369294606,-0.046680497925311336,-0.002593360995850738
1994-01-31,SMB,CIZ_2026,-0.0902489626556017,-0.09024896265560177,-6.938893903907228e-17
1994-02-28,SMB,CIZ_2026,0.0373443983402488,0.03526970954356827,-0.002074688796680532
1994-03-31,SMB,CIZ_2026,-0.1639004149377595,-0.16390041493775942,8.326672684688674e-17
1994-04-30,SMB,CIZ_2026,-0.1561203319502075,-0.15612033195020755,-5.551115123125783e-17
1994-05-31,SMB,CIZ_2026,-0.2193983402489627,-0.21576763485477185,0.0036307053941908585
1994-06-30,SMB,CIZ_2026,-0.1291493775933611,-0.12966804979253121,-0.0005186721991701226
1994-07-31,SMB,CIZ_2026,-0.2017634854771784,-0.199688796680498,0.0020746887966804073
1994-08-31,SMB,CIZ_2026,-0.0326763485477179,-0.02852697095435698,0.004149377593360919
1994-09-30,SMB,CIZ_2026,0.0549792531120332,0.04927385892116164,-0.005705394190871564
1994-10-31,SMB,CIZ_2026,-0.2240663900414938,-0.21991701244813283,0.004149377593360981
1994-11-30,SMB,CIZ_2026,-0.0949170124481328,-0.09076763485477189,0.004149377593360912
1994-12-31,SMB,CIZ_2026,-0.0964730290456432,-0.10010373443983413,-0.003630705394190928
1995-01-31,SMB,CIZ_2026,-0.2894190871369295,-0.28890041493775936,0.0005186721991701226
1995-02-28,SMB,CIZ_2026,-0.1421161825726141,-0.13744813278008308,0.0046680497925310205
1995-03-31,SMB,CIZ_2026,-0.116182572614108,-0.11721991701244823,-0.0010373443983402314
1995-04-30,SMB,CIZ_2026,-0.1332987551867219,-0.13485477178423244,-0.0015560165975105344
1995-05-31,SMB,CIZ_2026,-0.2401452282157677,-0.23910788381742742,0.001037344398340273
1995-06-30,SMB,CIZ_2026,0.0570539419087134,0.054979253112033014,-0.0020746887966803865
1995-07-31,SMB,CIZ_2026,-0.0005186721991702,0.0015560165975102153,0.002074688796680415
1995-08-31,SMB,CIZ_2026,-0.037863070539419,-0.03993775933609972,-0.0020746887966807195
1995-09-30,SMB,CIZ_2026,-0.2219917012448133,-0.22043568464730295,0.0015560165975103402
1995-10-31,SMB,CIZ_2026,-0.303941908713693,-0.30549792531120334,-0.001556016597510368
1995-11-30,SMB,CIZ_2026,-0.1644190871369295,-0.1659751037344399,-0.0015560165975104234
1995-12-31,SMB,CIZ_2026,-0.0715767634854772,-0.0736514522821578,-0.0020746887966806016
1996-01-31,SMB,CIZ_2026,-0.24948132780083,-0.25414937759336104,-0.004668049792531048
1996-02-29,SMB,CIZ_2026,-0.0150414937759337,-0.015560165975103873,-0.0005186721991701729
1996-03-31,SMB,CIZ_2026,-0.0306016597510375,-0.03319502074688811,-0.002593360995850613
1996-04-30,SMB,CIZ_2026,0.163381742738589,0.1618257261410786,-0.0015560165975103957
1996-05-31,SMB,CIZ_2026,0.0565352697095433,0.05860995850622387,0.002074688796680574
1996-06-30,SMB,CIZ_2026,-0.3158713692946059,-0.3153526970954357,0.0005186721991702337
1996-07-31,SMB,CIZ_2026,-0.3314315352697096,-0.33143153526970953,5.551115123125783e-17
1996-08-31,SMB,CIZ_2026,0.0186721991701244,0.01919087136929444,0.0005186721991700394
1996-09-30,SMB,CIZ_2026,-0.1587136929460582,-0.16078838174273868,-0.0020746887966804906
1996-10-31,SMB,CIZ_2026,-0.3381742738589213,-0.3355809128630705,0.0025933609958507797
1996-11-30,SMB,CIZ_2026,-0.316390041493776,-0.3163900414937759,5.551115123125783e-17
1996-12-31,SMB,CIZ_2026,0.0560165975103732,0.05446058091286289,-0.0015560165975103124
1997-01-31,SMB,CIZ_2026,-0.2090248962655602,-0.20850622406639008,0.0005186721991701226
1997-02-28,SMB,CIZ_2026,-0.2748962655601661,-0.2723029045643154,0.002593360995850724
1997-03-31,SMB,CIZ_2026,-0.1265560165975104,-0.12500000000000008,0.0015560165975103124
1997-04-30,SMB,CIZ_2026,-0.4071576763485477,-0.40663900414937754,0.0005186721991701781
1997-05-31,SMB,CIZ_2026,0.1613070539419085,0.15819502074688774,-0.0031120331950207636
1997-06-30,SMB,CIZ_2026,-0.0446058091286308,-0.04616182572614121,-0.0015560165975104165
1997-07-31,SMB,CIZ_2026,-0.2500000000000001,-0.24948132780082993,0.0005186721991701781
1997-08-31,SMB,CIZ_2026,0.2697095435684646,0.26296680497925284,-0.006742738589211761
1997-09-30,SMB,CIZ_2026,0.0233402489626555,0.023858921161825572,0.0005186721991700706
1997-10-31,SMB,CIZ_2026,-0.1457468879668051,-0.14470954356846483,0.001037344398340273
1997-11-30,SMB,CIZ_2026,-0.3734439834024897,-0.3729253112033195,0.0005186721991701781
1997-12-31,SMB,CIZ_2026,-0.2365145228215769,-0.2365145228215768,8.326672684688674e-17
1998-01-31,SMB,CIZ_2026,-0.1633817427385893,-0.16026970954356853,0.0031120331950207636
1998-02-28,SMB,CIZ_2026,-0.091286307053942,-0.10114107883817439,-0.009854771784232386
1998-03-31,SMB,CIZ_2026,-0.1670124481327801,-0.16960580912863077,-0.0025933609958506687
1998-04-30,SMB,CIZ_2026,-0.1042531120331951,-0.10477178423236524,-0.0005186721991701504
1998-05-31,SMB,CIZ_2026,-0.2831950207468879,-0.2842323651452282,-0.0010373443983403008
1998-06-30,SMB,CIZ_2026,-0.274377593360996,-0.2723029045643154,0.0020746887966806016
1998-07-31,SMB,CIZ_2026,-0.362551867219917,-0.3578838174273859,0.004668049792531104
1998-08-31,SMB,CIZ_2026,-0.4030082987551868,-0.39107883817427386,0.011929460580912932
1998-09-30,SMB,CIZ_2026,-0.1032157676348548,-0.107883817427386,-0.004668049792531201
1998-10-31,SMB,CIZ_2026,-0.2697095435684649,-0.2619294605809129,0.007780082987552006
1998-11-30,SMB,CIZ_2026,-0.0440871369294606,-0.04460580912863084,-0.0005186721991702406
1998-12-31,SMB,CIZ_2026,-0.1338174273858922,-0.13226141078838183,0.001556016597510368
1999-01-31,SMB,CIZ_2026,-0.0689834024896266,-0.0736514522821578,-0.004668049792531201
1999-02-28,SMB,CIZ_2026,-0.4232365145228216,-0.4185684647302904,0.004668049792531215
1999-03-31,SMB,CIZ_2026,-0.3049792531120333,-0.3086099585062241,-0.003630705394190803
1999-04-30,SMB,CIZ_2026,0.0949170124481326,0.0933609958506222,-0.0015560165975103957
1999-05-31,SMB,CIZ_2026,0.0653526970954356,0.0653526970954355,-1.1102230246251565e-16
1999-06-30,SMB,CIZ_2026,0.0529045643153527,0.05860995850622387,0.005705394190871169
1999-07-31,SMB,CIZ_2026,0.0269709543568463,0.02126556016597496,-0.005705394190871342
1999-08-31,SMB,CIZ_2026,-0.1566390041493777,-0.15663900414937768,2.7755575615628914e-17
1999-09-30,SMB,CIZ_2026,0.0689834024896265,0.05446058091286289,-0.014522821576763614
1999-10-31,SMB,CIZ_2026,-0.4522821576763486,-0.4673236514522821,-0.015041493775933501
1999-11-30,SMB,CIZ_2026,0.2660788381742738,0.246887966804979,-0.019190871369294815
1999-12-31,SMB,CIZ_2026,0.2567427385892116,0.23029045643153495,-0.026452282157676643
2000-01-31,SMB,CIZ_2026,0.1913900414937757,0.15767634854771762,-0.03371369294605808
2000-02-29,SMB,CIZ_2026,1.0,0.9989626556016591,-0.0010373443983409114
2000-03-31,SMB,CIZ_2026,-1.0,-1.009854771784232,-0.009854771784232108
2000-04-30,SMB,CIZ_2026,-0.4543568464730291,-0.42064315352697096,0.03371369294605814
2000-05-31,SMB,CIZ_2026,-0.4216804979253112,-0.42271784232365145,-0.0010373443983402453
2000-06-30,SMB,CIZ_2026,0.5580912863070537,0.5503112033195017,-0.007780082987552062
2000-07-31,SMB,CIZ_2026,-0.2671161825726141,-0.25414937759336104,0.012966804979253066
2000-08-31,SMB,CIZ_2026,-0.1395228215767635,-0.1338174273858922,0.0057053941908712935
2000-09-30,SMB,CIZ_2026,-0.2022821576763486,-0.19709543568464738,0.005186721991701226
2000-10-31,SMB,CIZ_2026,-0.3091286307053942,-0.3065352697095436,0.002593360995850613
2000-11-30,SMB,CIZ_2026,-0.2847510373443984,-0.2671161825726141,0.01763485477178428
2000-12-31,SMB,CIZ_2026,-0.0700207468879668,-0.06379668049792545,0.006224066390041361
2001-01-31,SMB,CIZ_2026,0.238589211618257,0.22354771784232336,-0.01504149377593364
2001-02-28,SMB,CIZ_2026,-0.1483402489626557,-0.14107883817427394,0.0072614107883817725
2001-03-31,SMB,CIZ_2026,-0.0949170124481328,-0.09387966804979264,0.001037344398340162
2001-04-30,SMB,CIZ_2026,-0.0793568464730291,-0.08350622406639016,-0.004149377593361064
2001-05-31,SMB,CIZ_2026,0.0217842323651451,0.02126556016597496,-0.00051867219917014
2001-06-30,SMB,CIZ_2026,0.2157676348547716,0.2199170124481325,0.004149377593360898
2001-07-31,SMB,CIZ_2026,-0.3252074688796682,-0.3184647302904564,0.006742738589211816
2001-08-31,SMB,CIZ_2026,0.0207468879668049,0.00570539419087121,-0.015041493775933688
2001-09-30,SMB,CIZ_2026,-0.4310165975103736,-0.4310165975103734,1.6653345369377348e-16
2001-10-31,SMB,CIZ_2026,0.2800829875518671,0.28060165975103707,0.0005186721991699561
2001-11-30,SMB,CIZ_2026,-0.1322614107883817,-0.13744813278008308,-0.005186721991701393
2001-12-31,SMB,CIZ_2026,0.1379668049792528,0.13692946058091265,-0.0010373443983401343
2002-01-31,SMB,CIZ_2026,-0.0461618257261411,-0.047199170124481465,-0.0010373443983403632
2002-02-28,SMB,CIZ_2026,-0.1602697095435686,-0.16390041493775942,-0.0036307053941908307
2002-03-31,SMB,CIZ_2026,0.1104771784232365,0.1042531120331948,-0.006224066390041694
2002-04-30,SMB,CIZ_2026,0.2012448132780082,0.1939834024896263,-0.0072614107883818835
2002-05-31,SMB,CIZ_2026,-0.274377593360996,-0.2774896265560166,-0.003112033195020625
2002-06-30,SMB,CIZ_2026,0.1146265560165973,0.10373443983402471,-0.01089211618257259
2002-07-31,SMB,CIZ_2026,-0.3817427385892117,-0.3796680497925311,0.0020746887966806016
2002-08-31,SMB,CIZ_2026,-0.2562240663900416,-0.25259336099585067,0.003630705394190914
2002-09-30,SMB,CIZ_2026,0.0165975103734437,0.017634854771784073,0.0010373443983403736
2002-10-31,SMB,CIZ_2026,-0.2847510373443984,-0.2842323651452282,0.0005186721991701781
2002-11-30,SMB,CIZ_2026,0.0570539419087134,0.06068464730290439,0.0036307053941909903
2002-12-31,SMB,CIZ_2026,-0.1032157676348548,-0.10943983402489636,-0.006224066390041569
2003-01-31,SMB,CIZ_2026,-0.0389004149377593,-0.03838174273858934,0.000518672199169963
2003-02-28,SMB,CIZ_2026,-0.1312240663900415,-0.1291493775933611,0.0020746887966804073
2003-03-31,SMB,CIZ_2026,-0.0549792531120333,-0.04771784232365159,0.00726141078838171
2003-04-30,SMB,CIZ_2026,-0.0752074688796682,-0.06898340248962667,0.006224066390041527
2003-05-31,SMB,CIZ_2026,0.1343360995850619,0.1312240663900413,-0.003112033195020597
2003-06-30,SMB,CIZ_2026,-0.0176348547717843,-0.020228215767635005,-0.0025933609958507034
2003-07-31,SMB,CIZ_2026,0.154564315352697,0.14782157676348523,-0.006742738589211761
2003-08-31,SMB,CIZ_2026,0.0264522821576762,0.018672199170124318,-0.007780082987551881
2003-09-30,SMB,CIZ_2026,-0.066390041493776,-0.06379668049792545,0.0025933609958505577
2003-10-31,SMB,CIZ_2026,0.0321576763485476,0.026452282157676185,-0.0057053941908714115
2003-11-30,SMB,CIZ_2026,0.0,-0.001037344398340398,-0.001037344398340398
2003-12-31,SMB,CIZ_2026,-0.2468879668049792,-0.24688796680497932,-1.1102230246251565e-16
2004-01-31,SMB,CIZ_2026,0.0243775933609957,0.023858921161825572,-0.0005186721991701296
2004-02-29,SMB,CIZ_2026,-0.1898340248962656,-0.18931535269709548,0.0005186721991701226
2004-03-31,SMB,CIZ_2026,-0.0186721991701246,-0.0181535269709545,0.0005186721991700984
2004-04-30,SMB,CIZ_2026,-0.1950207468879669,-0.1976141078838175,-0.002593360995850613
2004-05-31,SMB,CIZ_2026,-0.1182572614107884,-0.11981327800829886,-0.0015560165975104512
2004-06-30,SMB,CIZ_2026,0.0093360995850622,0.00881742738589196,-0.0005186721991702406
2004-07-31,SMB,CIZ_2026,-0.3054979253112034,-0.3023858921161826,0.0031120331950207913
2004-08-31,SMB,CIZ_2026,-0.1846473029045644,-0.18620331950207475,-0.0015560165975103402
2004-09-30,SMB,CIZ_2026,0.0482365145228216,0.047199170124481174,-0.0010373443983404257
2004-10-31,SMB,CIZ_2026,-0.1001037344398342,-0.10062240663900425,-0.0005186721991700532
2004-11-30,SMB,CIZ_2026,0.0860995850622405,0.08558091286307033,-0.0005186721991701643
2004-12-31,SMB,CIZ_2026,-0.1094398340248964,-0.10995850622406649,-0.000518672199170081
2005-01-31,SMB,CIZ_2026,-0.1970954356846473,-0.19553941908713698,0.0015560165975103124
2005-02-28,SMB,CIZ_2026,-0.137448132780083,-0.13848547717842333,-0.0010373443983403285
2005-03-31,SMB,CIZ_2026,-0.1804979253112034,-0.18153526970954365,-0.0010373443983402453
2005-04-30,SMB,CIZ_2026,-0.3122406639004149,-0.31275933609958506,-0.0005186721991701781
2005-05-31,SMB,CIZ_2026,0.0420124481327799,0.040975103734439675,-0.0010373443983402245
2005-06-30,SMB,CIZ_2026,0.0259336099585061,0.022821576763485327,-0.003112033195020774
2005-07-31,SMB,CIZ_2026,0.0430497925311201,0.040975103734439675,-0.002074688796680428
2005-08-31,SMB,CIZ_2026,-0.1581950207468879,-0.1633817427385893,-0.005186721991701393
2005-09-30,SMB,CIZ_2026,-0.141597510373444,-0.1400414937759337,0.0015560165975103124
2005-10-31,SMB,CIZ_2026,-0.1727178423236515,-0.17531120331950215,-0.002593360995850641
2005-11-30,SMB,CIZ_2026,-0.0565352697095437,-0.05342323651452295,0.0031120331950207497
2005-12-31,SMB,CIZ_2026,-0.1296680497925313,-0.13070539419087146,-0.001037344398340162
2006-01-31,SMB,CIZ_2026,0.171680497925311,0.17531120331950184,0.0036307053941908307
2006-02-28,SMB,CIZ_2026,-0.1275933609958506,-0.1291493775933611,-0.001556016597510479
2006-03-31,SMB,CIZ_2026,0.0705394190871369,0.06794605809128614,-0.002593360995850766
2006-04-30,SMB,CIZ_2026,-0.1815352697095437,-0.17946058091286313,0.002074688796680574
2006-05-31,SMB,CIZ_2026,-0.2614107883817428,-0.26400414937759337,-0.0025933609958505577
2006-06-30,SMB,CIZ_2026,-0.1281120331950208,-0.12603734439834036,0.002074688796680435
2006-07-31,SMB,CIZ_2026,-0.3143153526970955,-0.3132780082987552,0.0010373443983403008
2006-08-31,SMB,CIZ_2026,-0.0544605809128631,-0.056535269709543694,-0.0020746887966805946
2006-09-30,SMB,CIZ_2026,-0.1784232365145228,-0.17531120331950215,0.0031120331950206526
2006-10-31,SMB,CIZ_2026,-0.0171161825726141,-0.01607883817427401,0.0010373443983400892
2006-11-30,SMB,CIZ_2026,-0.0715767634854772,-0.07520746887966817,-0.0036307053941909695
2006-12-31,SMB,CIZ_2026,-0.1670124481327801,-0.1680497925311204,-0.0010373443983403008
2007-01-31,SMB,CIZ_2026,-0.1011410788381744,-0.10321576763485488,-0.0020746887966804767
2007-02-28,SMB,CIZ_2026,-0.0461618257261411,-0.044087136929460716,0.0020746887966803865
2007-03-31,SMB,CIZ_2026,-0.0995850622406639,-0.10321576763485488,-0.0036307053941909834
2007-04-30,SMB,CIZ_2026,-0.2199170124481329,-0.22251037344398344,-0.0025933609958505577
2007-05-31,SMB,CIZ_2026,-0.0954356846473031,-0.099585062240664,-0.004149377593360898
2007-06-30,SMB,CIZ_2026,-0.0695020746887968,-0.07053941908713705,-0.0010373443983402592
2007-07-31,SMB,CIZ_2026,-0.2432572614107884,-0.2474066390041494,-0.004149377593360981
2007-08-31,SMB,CIZ_2026,-0.1141078838174275,-0.1146265560165976,-0.0005186721991701088
2007-09-30,SMB,CIZ_2026,-0.2235477178423237,-0.2261410788381743,-0.002593360995850613
2007-10-31,SMB,CIZ_2026,-0.103734439834025,-0.10062240663900425,0.0031120331950207497
2007-11-30,SMB,CIZ_2026,-0.2598547717842324,-0.2536307053941909,0.006224066390041472
2007-12-31,SMB,CIZ_2026,-0.1011410788381744,-0.10165975103734451,-0.0005186721991701088
2008-01-31,SMB,CIZ_2026,-0.1613070539419088,-0.15767634854771792,0.0036307053941908862
2008-02-29,SMB,CIZ_2026,-0.1301867219917013,-0.1317427385892117,-0.0015560165975103957
2008-03-31,SMB,CIZ_2026,-0.0710580912863071,-0.06794605809128643,0.0031120331950206803
2008-04-30,SMB,CIZ_2026,-0.1970954356846473,-0.19813278008298763,-0.0010373443983403285
2008-05-31,SMB,CIZ_2026,0.0456431535269707,0.04408713692946041,-0.0015560165975102916
2008-06-30,SMB,CIZ_2026,-0.0440871369294606,-0.04771784232365159,-0.0036307053941909903
2008-07-31,SMB,CIZ_2026,0.0274896265560165,0.02748962655601643,-6.938893903907228e-17
2008-08-31,SMB,CIZ_2026,0.0788381742738588,0.06794605809128614,-0.010892116182572659
2008-09-30,SMB,CIZ_2026,-0.1716804979253112,-0.16286307053941917,0.00881742738589203
2008-10-31,SMB,CIZ_2026,-0.2427385892116182,-0.22665975103734443,0.016078838174273774
2008-11-30,SMB,CIZ_2026,-0.2557053941908714,-0.2629668049792532,-0.0072614107883817725
2008-12-31,SMB,CIZ_2026,0.0715767634854771,0.07313278008298736,0.001556016597510257
2009-01-31,SMB,CIZ_2026,-0.1042531120331951,-0.10840248962655612,-0.004149377593361023
2009-02-28,SMB,CIZ_2026,-0.1052904564315353,-0.10062240663900425,0.004668049792531048
2009-03-31,SMB,CIZ_2026,-0.1063278008298755,-0.11255186721991711,-0.0062240663900416104
2009-04-30,SMB,CIZ_2026,0.1721991701244813,0.17064315352697074,-0.0015560165975105622
2009-05-31,SMB,CIZ_2026,-0.2385892116182573,-0.23340248962655608,0.005186721991701226
2009-06-30,SMB,CIZ_2026,0.0285269709543567,0.026452282157676185,-0.002074688796680515
2009-07-31,SMB,CIZ_2026,-0.0108921161825726,-0.017116182572614255,-0.0062240663900416555
2009-08-31,SMB,CIZ_2026,-0.1639004149377595,-0.1659751037344399,-0.0020746887966804073
2009-09-30,SMB,CIZ_2026,0.0181535269709542,0.018153526970954195,-3.469446951953614e-18
2009-10-31,SMB,CIZ_2026,-0.3335062240663901,-0.3288381742738589,0.004668049792531159
2009-11-30,SMB,CIZ_2026,-0.2323651452282158,-0.23755186721991706,-0.005186721991701254
2009-12-31,SMB,CIZ_2026,0.2059128630705393,0.20383817427385864,-0.002074688796680657
2010-01-31,SMB,CIZ_2026,-0.087136929460581,-0.08558091286307065,0.001556016597510354
2010-02-28,SMB,CIZ_2026,-0.0461618257261411,-0.046680497925311336,-0.0005186721991702337
2010-03-31,SMB,CIZ_2026,-0.0311203319502075,-0.03215767634854785,-0.0010373443983403528
2010-04-30,SMB,CIZ_2026,0.1447095435684646,0.14315352697095413,-0.001556016597510479
2010-05-31,SMB,CIZ_2026,-0.1032157676348548,-0.10114107883817439,0.0020746887966804073
2010-06-30,SMB,CIZ_2026,-0.2022821576763486,-0.20072614107883824,0.001556016597510368
2010-07-31,SMB,CIZ_2026,-0.0975103734439835,-0.09595435684647313,0.001556016597510368
2010-08-31,SMB,CIZ_2026,-0.2634854771784233,-0.26400414937759337,-0.0005186721991700671
2010-09-30,SMB,CIZ_2026,0.0975103734439832,0.09024896265560146,-0.007261410788381731
2010-10-31,SMB,CIZ_2026,-0.0487551867219917,-0.051867219917012576,-0.0031120331950208746
2010-11-30,SMB,CIZ_2026,0.0876556016597509,0.0824688796680496,-0.00518672199170131
2010-12-31,SMB,CIZ_2026,-0.0700207468879668,-0.07053941908713705,-0.0005186721991702475
2011-01-31,SMB,CIZ_2026,-0.237551867219917,-0.22665975103734443,0.010892116182572575
2011-02-28,SMB,CIZ_2026,-0.0285269709543568,-0.030082987551867363,-0.0015560165975105622
2011-03-31,SMB,CIZ_2026,0.0238589211618256,0.02126556016597496,-0.002593360995850641
2011-04-30,SMB,CIZ_2026,-0.1275933609958506,-0.12966804979253121,-0.0020746887966806016
2011-05-31,SMB,CIZ_2026,-0.1384854771784233,-0.14574688796680507,-0.0072614107883817725
2011-06-30,SMB,CIZ_2026,-0.1141078838174275,-0.12188796680497935,-0.0077800829875518535
2011-07-31,SMB,CIZ_2026,-0.1732365145228216,-0.16908713692946065,0.004149377593360953
2011-08-31,SMB,CIZ_2026,-0.266078838174274,-0.26141078838174275,0.00466804979253127
2011-09-30,SMB,CIZ_2026,-0.2795643153526972,-0.26970954356846477,0.009854771784232441
2011-10-31,SMB,CIZ_2026,0.0622406639004149,0.05031120331950188,-0.011929460580913015
2011-11-30,SMB,CIZ_2026,-0.116182572614108,-0.11721991701244823,-0.0010373443983402314
2011-12-31,SMB,CIZ_2026,-0.1384854771784233,-0.13692946058091296,0.0015560165975103402
2012-01-31,SMB,CIZ_2026,-0.0020746887966806,-0.003630705394191039,-0.001556016597510439
2012-02-29,SMB,CIZ_2026,-0.2038381742738589,-0.20331950207468885,0.0005186721991700394
2012-03-31,SMB,CIZ_2026,-0.141078838174274,-0.14056016597510382,0.0005186721991701781
2012-04-30,SMB,CIZ_2026,-0.1296680497925313,-0.1270746887966806,0.0025933609958506965
2012-05-31,SMB,CIZ_2026,-0.1042531120331951,-0.10165975103734451,0.0025933609958505854
2012-06-30,SMB,CIZ_2026,-0.0731327800829875,-0.07053941908713705,0.0025933609958504467
2012-07-31,SMB,CIZ_2026,-0.2500000000000001,-0.25103734439834025,-0.0010373443983401343
2012-08-31,SMB,CIZ_2026,-0.0835062240663901,-0.08298755186722004,0.0005186721991700671
2012-09-30,SMB,CIZ_2026,-0.0819502074688797,-0.0845435684647304,-0.0025933609958507103
2012-10-31,SMB,CIZ_2026,-0.1675311203319501,-0.16493775933609967,0.0025933609958504467
2012-11-30,SMB,CIZ_2026,-0.0752074688796682,-0.07676348547717854,-0.0015560165975103402
2012-12-31,SMB,CIZ_2026,-0.0311203319502075,-0.030601659751037485,0.0005186721991700151
2013-01-31,SMB,CIZ_2026,-0.090767634854772,-0.09336099585062252,-0.002593360995850516
2013-02-28,SMB,CIZ_2026,-0.1218879668049792,-0.12292531120331959,-0.001037344398340398
2013-03-31,SMB,CIZ_2026,-0.065871369294606,-0.06483402489626569,0.0010373443983403147
2013-04-30,SMB,CIZ_2026,-0.2308091286307055,-0.23080912863070546,2.7755575615628914e-17
2013-05-31,SMB,CIZ_2026,-0.0197095435684648,-0.02126556016597525,-0.0015560165975104512
2013-06-30,SMB,CIZ_2026,-0.0389004149377593,-0.03993775933609972,-0.0010373443983404187
2013-07-31,SMB,CIZ_2026,-0.0108921161825726,-0.013485477178423383,-0.002593360995850783
2013-08-31,SMB,CIZ_2026,-0.0938796680497926,-0.09128630705394201,0.0025933609958505854
2013-09-30,SMB,CIZ_2026,0.0414937759336098,0.04201244813277992,0.0005186721991701226
2013-10-31,SMB,CIZ_2026,-0.1872406639004149,-0.18879668049792536,-0.0015560165975104512
2013-11-30,SMB,CIZ_2026,-0.04097510373444,-0.03993775933609972,0.00103734439834028
2013-12-31,SMB,CIZ_2026,-0.1317427385892117,-0.13070539419087146,0.0010373443983402453
2014-01-31,SMB,CIZ_2026,-0.0617219917012449,-0.059647302904564437,0.002074688796680463
2014-02-28,SMB,CIZ_2026,-0.0897302904564315,-0.08921161825726152,0.00051867219916997
2014-03-31,SMB,CIZ_2026,-0.2017634854771784,-0.2043568464730291,-0.0025933609958506965
2014-04-30,SMB,CIZ_2026,-0.3252074688796682,-0.32468879668049794,0.0005186721991702892
2014-05-31,SMB,CIZ_2026,-0.2053941908713693,-0.20383817427385897,0.0015560165975103124
2014-06-30,SMB,CIZ_2026,0.0523858921161823,0.05031120331950188,-0.002074688796680421
2014-07-31,SMB,CIZ_2026,-0.3303941908713693,-0.3241701244813278,0.006224066390041472
2014-08-31,SMB,CIZ_2026,-0.087136929460581,-0.08713692946058102,-1.3877787807814457e-17
2014-09-30,SMB,CIZ_2026,-0.3003112033195022,-0.2946058091286307,0.00570539419087146
2014-10-31,SMB,CIZ_2026,0.1104771784232365,0.10062240663900392,-0.00985477178423258
2014-11-30,SMB,CIZ_2026,-0.2147302904564316,-0.21421161825726145,0.0005186721991701504
2014-12-31,SMB,CIZ_2026,0.021265560165975,0.022821576763485327,0.0015560165975103263
2015-01-31,SMB,CIZ_2026,-0.1369294605809129,-0.13952282157676357,-0.0025933609958506687
2015-02-28,SMB,CIZ_2026,-0.0752074688796682,-0.07468879668049805,0.0005186721991701504
2015-03-31,SMB,CIZ_2026,0.0497925311203317,0.05082987551867203,0.0010373443983403355
2015-04-30,SMB,CIZ_2026,-0.266597510373444,-0.262448132780083,0.004149377593360981
2015-05-31,SMB,CIZ_2026,-0.0596473029045644,-0.05809128630705407,0.0015560165975103332
2015-06-30,SMB,CIZ_2026,0.0430497925311201,0.045124481327800656,0.002074688796680553
2015-07-31,SMB,CIZ_2026,-0.3241701244813278,-0.3241701244813278,0.0
2015-08-31,SMB,CIZ_2026,-0.090767634854772,-0.0886929460580914,0.0020746887966806016
2015-09-30,SMB,CIZ_2026,-0.2437759336099586,-0.24429460580912865,-0.0005186721991700394
2015-10-31,SMB,CIZ_2026,-0.2053941908713693,-0.2069502074688797,-0.0015560165975104234
2015-11-30,SMB,CIZ_2026,0.0788381742738588,0.07780082987551849,-0.0010373443983403008
2015-12-31,SMB,CIZ_2026,-0.2551867219917013,-0.2531120331950208,0.0020746887966804906
2016-01-31,SMB,CIZ_2026,-0.2852697095435685,-0.2842323651452282,0.0010373443983403008
2016-02-29,SMB,CIZ_2026,-0.0700207468879668,-0.07002074688796692,-1.1102230246251565e-16
2016-03-31,SMB,CIZ_2026,-0.0653526970954357,-0.06898340248962667,-0.0036307053941909695
2016-04-30,SMB,CIZ_2026,-0.0684647302904564,-0.06794605809128643,0.00051867219916997
2016-05-31,SMB,CIZ_2026,-0.1167012448132781,-0.11721991701244823,-0.0005186721991701365
2016-06-30,SMB,CIZ_2026,-0.0762448132780084,-0.07676348547717854,-0.0005186721991701365
2016-07-31,SMB,CIZ_2026,0.021265560165975,0.020228215767634714,-0.001037344398340287
2016-08-31,SMB,CIZ_2026,-0.0482365145228217,-0.04616182572614121,0.0020746887966804836
2016-09-30,SMB,CIZ_2026,0.0020746887966804,0.00051867219916997,-0.00155601659751043
2016-10-31,SMB,CIZ_2026,-0.3360995850622408,-0.3366182572614108,-0.0005186721991700116
2016-11-30,SMB,CIZ_2026,0.1882780082987551,0.18257261410788356,-0.005705394190871543
2016-12-31,SMB,CIZ_2026,-0.1026970954356846,-0.10114107883817439,0.0015560165975102153
2017-01-31,SMB,CIZ_2026,-0.1696058091286308,-0.1680497925311204,0.0015560165975103957
2017-02-28,SMB,CIZ_2026,-0.2142116182572615,-0.21836099585062246,-0.004149377593360953
2017-03-31,SMB,CIZ_2026,-0.0487551867219917,-0.04927385892116196,-0.0005186721991702614
2017-04-30,SMB,CIZ_2026,-0.0700207468879668,-0.07261410788381754,-0.002593360995850738
2017-05-31,SMB,CIZ_2026,-0.241182572614108,-0.23807053941908718,0.003112033195020819
2017-06-30,SMB,CIZ_2026,0.008817427385892,0.007261410788381592,-0.0015560165975104078
2017-07-31,SMB,CIZ_2026,-0.1862033195020748,-0.183091286307054,0.0031120331950207913
2017-08-31,SMB,CIZ_2026,-0.1945020746887967,-0.19450207468879674,-2.7755575615628914e-17
2017-09-30,SMB,CIZ_2026,0.1239626556016595,0.1229253112033193,-0.0010373443983402036
2017-10-31,SMB,CIZ_2026,-0.20850622406639,-0.20798755186721996,0.0005186721991700394
2017-11-30,SMB,CIZ_2026,-0.1364107883817428,-0.13900414937759345,-0.002593360995850641
2017-12-31,SMB,CIZ_2026,-0.1763485477178424,-0.1763485477178424,0.0
1950-01-31,HML,FIZ_2024,-0.0816901408450706,-0.08169014084507065,-4.163336342344337e-17
1950-02-28,HML,FIZ_2024,-0.1549295774647887,-0.15492957746478891,-2.220446049250313e-16
1950-03-31,HML,FIZ_2024,-0.3175050301810866,-0.31750503018108667,-5.551115123125783e-17
1950-04-30,HML,FIZ_2024,0.0132796780684103,0.013279678068410211,-8.847089727481716e-17
1950-05-31,HML,FIZ_2024,-0.0543259557344064,-0.05432595573440666,-2.636779683484747e-16
1950-06-30,HML,FIZ_2024,-0.1476861167002012,-0.1476861167002014,-1.942890293094024e-16
1950-07-31,HML,FIZ_2024,1.0,0.9999999999999994,-5.551115123125783e-16
1950-08-31,HML,FIZ_2024,-0.212072434607646,-0.21207243460764605,-5.551115123125783e-17
1950-09-30,HML,FIZ_2024,-0.1774647887323944,-0.17746478873239457,-1.6653345369377348e-16
1950-10-31,HML,FIZ_2024,0.0132796780684103,0.013279678068410211,-8.847089727481716e-17
1950-11-30,HML,FIZ_2024,0.1766599597585512,0.176659959758551,-1.942890293094024e-16
1950-12-31,HML,FIZ_2024,0.5010060362173037,0.5010060362173034,-2.220446049250313e-16
1951-01-31,HML,FIZ_2024,0.201609657947686,0.2016096579476858,-2.220446049250313e-16
1951-02-28,HML,FIZ_2024,-0.3207243460764588,-0.3207243460764589,-1.1102230246251565e-16
1951-03-31,HML,FIZ_2024,-0.4213279678068411,-0.4213279678068411,0.0
1951-04-30,HML,FIZ_2024,0.1718309859154927,0.17183098591549265,-5.551115123125783e-17
1951-05-31,HML,FIZ_2024,-0.2016096579476862,-0.20160965794768632,-1.1102230246251565e-16
1951-06-30,HML,FIZ_2024,-0.3931589537223341,-0.3931589537223341,0.0
1951-07-31,HML,FIZ_2024,0.0744466800804828,0.07444668008048264,-1.6653345369377348e-16
1951-08-31,HML,FIZ_2024,-0.101810865191147,-0.1018108651911471,-9.71445146547012e-17
1951-09-30,HML,FIZ_2024,-0.0406438631790745,-0.04064386317907468,-1.8041124150158794e-16
1951-10-31,HML,FIZ_2024,-0.0728370221327968,-0.072837022132797,-1.942890293094024e-16
1951-11-30,HML,FIZ_2024,-0.0961770623742456,-0.09617706237424568,-8.326672684688674e-17
1951-12-31,HML,FIZ_2024,-0.2193158953722335,-0.2193158953722336,-8.326672684688674e-17
1952-01-31,HML,FIZ_2024,0.0334004024144869,0.03340040241448666,-2.3592239273284576e-16
1952-02-29,HML,FIZ_2024,-0.1404426559356137,-0.1404426559356139,-1.942890293094024e-16
1952-03-31,HML,FIZ_2024,0.0832997987927564,0.08329979879275626,-1.3877787807814457e-16
1952-04-30,HML,FIZ_2024,-0.0993963782696177,-0.09939637826961792,-2.220446049250313e-16
1952-05-31,HML,FIZ_2024,-0.088128772635815,-0.0881287726358151,-9.71445146547012e-17
1952-06-30,HML,FIZ_2024,0.0084507042253521,0.008450704225351865,-2.3418766925686896e-16
1952-07-31,HML,FIZ_2024,-0.1195171026156942,-0.11951710261569437,-1.6653345369377348e-16
1952-08-31,HML,FIZ_2024,-0.0905432595573442,-0.09054325955734428,-8.326672684688674e-17
1952-09-30,HML,FIZ_2024,-0.2136820925553321,-0.21368209255533216,-5.551115123125783e-17
1952-10-31,HML,FIZ_2024,-0.128370221327968,-0.12837022132796802,-2.7755575615628914e-17
1952-11-30,HML,FIZ_2024,-0.0132796780684105,-0.01327967806841071,-2.0990154059319366e-16
1952-12-31,HML,FIZ_2024,-0.0760563380281691,-0.07605633802816923,-1.3877787807814457e-16
1953-01-31,HML,FIZ_2024,0.0148893360160964,0.014889336016096336,-6.418476861114186e-17
1953-02-28,HML,FIZ_2024,-0.0985915492957747,-0.09859154929577486,-1.6653345369377348e-16
1953-03-31,HML,FIZ_2024,-0.1597585513078472,-0.15975855130784727,-8.326672684688674e-17
1953-04-30,HML,FIZ_2024,0.035010060362173,0.035010060362172774,-2.2898349882893854e-16
1953-05-31,HML,FIZ_2024,-0.0728370221327968,-0.072837022132797,-1.942890293094024e-16
1953-06-30,HML,FIZ_2024,-0.1291750503018111,-0.12917505030181106,2.7755575615628914e-17
1953-07-31,HML,FIZ_2024,-0.1090543259557346,-0.10905432595573461,-1.3877787807814457e-17
1953-08-31,HML,FIZ_2024,-0.3754527162977867,-0.37545271629778687,-1.6653345369377348e-16
1953-09-30,HML,FIZ_2024,-0.2877263581488934,-0.28772635814889347,-5.551115123125783e-17
1953-10-31,HML,FIZ_2024,-0.1114688128772637,-0.11146881287726379,-8.326672684688674e-17
1953-11-30,HML,FIZ_2024,-0.1034205231388331,-0.10342052313883321,-1.1102230246251565e-16
1953-12-31,HML,FIZ_2024,-0.3199195171026158,-0.3199195171026158,0.0
1954-01-31,HML,FIZ_2024,0.1855130784708247,0.18551307847082463,-8.326672684688674e-17
1954-02-28,HML,FIZ_2024,-0.1146881287726359,-0.11468812877263602,-1.249000902703301e-16
1954-03-31,HML,FIZ_2024,-0.212072434607646,-0.21207243460764605,-5.551115123125783e-17
1954-04-30,HML,FIZ_2024,-0.1187122736418512,-0.11871227364185132,-1.1102230246251565e-16
1954-05-31,HML,FIZ_2024,0.105835010060362,0.10583501006036192,-8.326672684688674e-17
1954-06-30,HML,FIZ_2024,-0.0905432595573442,-0.09054325955734428,-8.326672684688674e-17
1954-07-31,HML,FIZ_2024,0.2410462776659958,0.24104627766599565,-1.3877787807814457e-16
1954-08-31,HML,FIZ_2024,-0.2024144869215292,-0.20241448692152936,-1.6653345369377348e-16
1954-09-30,HML,FIZ_2024,-0.0366197183098593,-0.036619718309859384,-8.326672684688674e-17
1954-10-31,HML,FIZ_2024,-0.0374245472837023,-0.037424547283702446,-1.457167719820518e-16
1954-11-30,HML,FIZ_2024,0.2627766599597585,0.2627766599597583,-2.220446049250313e-16
1954-12-31,HML,FIZ_2024,0.3641851106639837,0.3641851106639835,-1.6653345369377348e-16
1955-01-31,HML,FIZ_2024,0.0808853118712273,0.0808853118712271,-1.942890293094024e-16
1955-02-28,HML,FIZ_2024,-0.0446680080482898,-0.04466800804828997,-1.734723475976807e-16
1955-03-31,HML,FIZ_2024,0.0672032193158953,0.0672032193158951,-2.0816681711721685e-16
1955-04-30,HML,FIZ_2024,-0.0366197183098593,-0.036619718309859384,-8.326672684688674e-17
1955-05-31,HML,FIZ_2024,-0.1686116700201209,-0.1686116700201209,0.0
1955-06-30,HML,FIZ_2024,0.0567404426559354,0.056740442655935364,-3.469446951953614e-17
1955-07-31,HML,FIZ_2024,-0.0631790744466802,-0.0631790744466803,-1.1102230246251565e-16
1955-08-31,HML,FIZ_2024,-0.0334004024144869,-0.03340040241448716,-2.636779683484747e-16
1955-09-30,HML,FIZ_2024,-0.17102615694165,-0.17102615694165008,-8.326672684688674e-17
1955-10-31,HML,FIZ_2024,-0.1034205231388331,-0.10342052313883321,-1.1102230246251565e-16
1955-11-30,HML,FIZ_2024,-0.0647887323943663,-0.06478873239436642,-1.1102230246251565e-16
1955-12-31,HML,FIZ_2024,-0.2764587525150906,-0.27645875251509067,-5.551115123125783e-17
1956-01-31,HML,FIZ_2024,-0.0148893360160967,-0.014889336016096821,-1.214306433183765e-16
1956-02-29,HML,FIZ_2024,-0.1259557344064387,-0.12595573440643884,-1.3877787807814457e-16
1956-03-31,HML,FIZ_2024,-0.128370221327968,-0.12837022132796802,-2.7755575615628914e-17
1956-04-30,HML,FIZ_2024,-0.1106639839034206,-0.11066398390342073,-1.3877787807814457e-16
1956-05-31,HML,FIZ_2024,-0.1967806841046279,-0.19678068410462796,-5.551115123125783e-17
1956-06-30,HML,FIZ_2024,-0.1822937625754527,-0.18229376257545288,-1.6653345369377348e-16
1956-07-31,HML,FIZ_2024,-0.0945674044265594,-0.09456740442655957,-1.6653345369377348e-16
1956-08-31,HML,FIZ_2024,-0.1509054325955735,-0.15090543259557362,-1.1102230246251565e-16
1956-09-30,HML,FIZ_2024,0.0503018108651909,0.050301810865190894,-6.938893903907228e-18
1956-10-31,HML,FIZ_2024,-0.0961770623742456,-0.09617706237424568,-8.326672684688674e-17
1956-11-30,HML,FIZ_2024,0.051911468812877,0.051911468812877004,6.938893903907228e-18
1956-12-31,HML,FIZ_2024,-0.2643863179074448,-0.2643863179074448,0.0
1957-01-31,HML,FIZ_2024,0.1348088531187121,0.134808853118712,-1.1102230246251565e-16
1957-02-28,HML,FIZ_2024,-0.1492957746478874,-0.1492957746478875,-1.1102230246251565e-16
1957-03-31,HML,FIZ_2024,-0.1299798792756541,-0.12997987927565413,-2.7755575615628914e-17
1957-04-30,HML,FIZ_2024,-0.2080482897384306,-0.20804828973843076,-1.6653345369377348e-16
1957-05-31,HML,FIZ_2024,-0.2603621730382295,-0.2603621730382295,0.0
1957-06-30,HML,FIZ_2024,-0.0905432595573442,-0.09054325955734428,-8.326672684688674e-17
1957-07-31,HML,FIZ_2024,-0.0567404426559358,-0.05674044265593584,-4.163336342344337e-17
1957-08-31,HML,FIZ_2024,-0.1243460764587526,-0.12434607645875272,-1.1102230246251565e-16
1957-09-30,HML,FIZ_2024,-0.0173038229376258,-0.017303822937625987,-1.8735013540549517e-16
1957-10-31,HML,FIZ_2024,-0.2362173038229378,-0.2362173038229378,0.0
1957-11-30,HML,FIZ_2024,-0.322334004024145,-0.322334004024145,0.0
1957-12-31,HML,FIZ_2024,-0.2217303822937627,-0.22173038229376277,-5.551115123125783e-17
1958-01-31,HML,FIZ_2024,0.2458752515090543,0.245875251509054,-2.7755575615628914e-16
1958-02-28,HML,FIZ_2024,-0.0647887323943663,-0.06478873239436642,-1.1102230246251565e-16
1958-03-31,HML,FIZ_2024,-0.1694164989939639,-0.16941649899396397,-5.551115123125783e-17
1958-04-30,HML,FIZ_2024,0.0382293762575451,0.03822937625754502,-7.632783294297951e-17
1958-05-31,HML,FIZ_2024,-0.1122736418511067,-0.11227364185110685,-1.3877787807814457e-16
1958-06-30,HML,FIZ_2024,-0.0591549295774649,-0.059154929577465015,-1.1796119636642288e-16
1958-07-31,HML,FIZ_2024,0.1549295774647887,0.15492957746478844,-2.498001805406602e-16
1958-08-31,HML,FIZ_2024,-0.0623742454728372,-0.06237424547283725,-4.85722573273506e-17
1958-09-30,HML,FIZ_2024,0.1380281690140843,0.1380281690140842,-8.326672684688674e-17
1958-10-31,HML,FIZ_2024,-0.1863179074446681,-0.1863179074446682,-8.326672684688674e-17
1958-11-30,HML,FIZ_2024,-0.1863179074446681,-0.1863179074446682,-8.326672684688674e-17
1958-12-31,HML,FIZ_2024,-0.0889336016096581,-0.08893360160965816,-5.551115123125783e-17
1959-01-31,HML,FIZ_2024,0.1428571428571428,0.14285714285714257,-2.220446049250313e-16
1959-02-28,HML,FIZ_2024,0.0020120724346075,0.0020120724346073954,-1.0451708942760263e-16
1959-03-31,HML,FIZ_2024,-0.1187122736418512,-0.11871227364185132,-1.1102230246251565e-16
1959-04-30,HML,FIZ_2024,-0.1903420523138834,-0.19034205231388346,-5.551115123125783e-17
1959-05-31,HML,FIZ_2024,0.0527162977867201,0.05271629778672007,-2.7755575615628914e-17
1959-06-30,HML,FIZ_2024,0.0140845070422535,0.01408450704225328,-2.203098814490545e-16
1959-07-31,HML,FIZ_2024,-0.0728370221327968,-0.072837022132797,-1.942890293094024e-16
1959-08-31,HML,FIZ_2024,-0.0559356136820927,-0.05593561368209278,-8.326672684688674e-17
1959-09-30,HML,FIZ_2024,-0.0470824949698189,-0.04708249496981914,-2.3592239273284576e-16
1959-10-31,HML,FIZ_2024,-0.2603621730382295,-0.2603621730382295,0.0
1959-11-30,HML,FIZ_2024,-0.349698189134809,-0.349698189134809,0.0
1959-12-31,HML,FIZ_2024,-0.0969818913480886,-0.09698189134808874,-1.3877787807814457e-16
1960-01-31,HML,FIZ_2024,0.1323943661971829,0.13239436619718278,-1.1102230246251565e-16
1960-02-29,HML,FIZ_2024,-0.2466800804828974,-0.24668008048289755,-1.3877787807814457e-16
1960-03-31,HML,FIZ_2024,-0.3279678068410463,-0.3279678068410464,-1.1102230246251565e-16
1960-04-30,HML,FIZ_2024,-0.2748490945674045,-0.2748490945674046,-1.1102230246251565e-16
1960-05-31,HML,FIZ_2024,-0.3891348088531188,-0.3891348088531188,0.0
1960-06-30,HML,FIZ_2024,-0.1187122736418512,-0.11871227364185132,-1.1102230246251565e-16
1960-07-31,HML,FIZ_2024,0.0680080482897382,0.06800804828973817,-2.7755575615628914e-17
1960-08-31,HML,FIZ_2024,-0.1058350100603622,-0.10583501006036239,-1.942890293094024e-16
1960-09-30,HML,FIZ_2024,0.0390342052313883,0.03903420523138809,-2.0816681711721685e-16
1960-10-31,HML,FIZ_2024,0.1364185110663982,0.1364185110663981,-1.1102230246251565e-16
1960-11-30,HML,FIZ_2024,-0.2869215291750504,-0.2869215291750504,0.0
1960-12-31,HML,FIZ_2024,-0.156539235412475,-0.15653923541247505,-5.551115123125783e-17
1961-01-31,HML,FIZ_2024,0.2080482897384306,0.2080482897384303,-3.0531133177191805e-16
1961-02-28,HML,FIZ_2024,-0.1444668008048291,-0.14446680080482918,-8.326672684688674e-17
1961-03-31,HML,FIZ_2024,-0.1501006036217305,-0.15010060362173058,-8.326672684688674e-17
1961-04-30,HML,FIZ_2024,0.0792756539235413,0.079275653923541,-3.0531133177191805e-16
1961-05-31,HML,FIZ_2024,-0.0615694164989941,-0.061569416498994195,-9.71445146547012e-17
1961-06-30,HML,FIZ_2024,-0.10261569416499,-0.10261569416499015,-1.5265566588595902e-16
1961-07-31,HML,FIZ_2024,-0.0985915492957747,-0.09859154929577486,-1.6653345369377348e-16
1961-08-31,HML,FIZ_2024,-0.1138832997987928,-0.11388329979879297,-1.6653345369377348e-16
1961-09-30,HML,FIZ_2024,-0.1404426559356137,-0.1404426559356139,-1.942890293094024e-16
1961-10-31,HML,FIZ_2024,-0.0792756539235413,-0.07927565392354147,-1.6653345369377348e-16
1961-11-30,HML,FIZ_2024,-0.1903420523138834,-0.19034205231388346,-5.551115123125783e-17
1961-12-31,HML,FIZ_2024,0.0527162977867201,0.05271629778672007,-2.7755575615628914e-17
1962-01-31,HML,FIZ_2024,0.3215291750503015,0.32152917505030143,-5.551115123125783e-17
1962-02-28,HML,FIZ_2024,-0.0253521126760564,-0.025352112676056582,-1.8041124150158794e-16
1962-03-31,HML,FIZ_2024,-0.2024144869215292,-0.20241448692152936,-1.6653345369377348e-16
1962-04-30,HML,FIZ_2024,-0.0889336016096581,-0.08893360160965816,-5.551115123125783e-17
1962-05-31,HML,FIZ_2024,0.1315895372233397,0.13158953722333974,5.551115123125783e-17
1962-06-30,HML,FIZ_2024,0.1138832997987926,0.11388329979879244,-1.5265566588595902e-16
1962-07-31,HML,FIZ_2024,-0.3657947686116701,-0.36579476861167015,-5.551115123125783e-17
1962-08-31,HML,FIZ_2024,-0.1879275653923542,-0.1879275653923543,-1.1102230246251565e-16
1962-09-30,HML,FIZ_2024,0.0116700201207242,0.0116700201207241,-9.8879238130678e-17
1962-10-31,HML,FIZ_2024,0.0132796780684103,0.013279678068410211,-8.847089727481716e-17
1962-11-30,HML,FIZ_2024,-0.0148893360160967,-0.014889336016096821,-1.214306433183765e-16
1962-12-31,HML,FIZ_2024,-0.0623742454728372,-0.06237424547283725,-4.85722573273506e-17
1963-01-31,HML,FIZ_2024,0.0865191146881287,0.08651911468812848,-2.220446049250313e-16
1963-02-28,HML,FIZ_2024,0.0841046277665995,0.08410462776659933,-1.6653345369377348e-16
1963-03-31,HML,FIZ_2024,0.0744466800804828,0.07444668008048264,-1.6653345369377348e-16
1963-04-30,HML,FIZ_2024,-0.0108651911468814,-0.010865191146881531,-1.3183898417423734e-16
1963-05-31,HML,FIZ_2024,0.1130784708249494,0.11307847082494943,2.7755575615628914e-17
1963-06-30,HML,FIZ_2024,-0.0309859154929578,-0.030985915492957983,-1.8388068845354155e-16
1963-07-31,HML,FIZ_2024,-0.1694164989939639,-0.16941649899396397,-5.551115123125783e-17
1963-08-31,HML,FIZ_2024,0.0535211267605633,0.053521126760563115,-1.8735013540549517e-16
1963-09-30,HML,FIZ_2024,-0.0808853118712273,-0.08088531187122758,-2.7755575615628914e-16
1963-10-31,HML,FIZ_2024,-0.0993963782696177,-0.09939637826961792,-2.220446049250313e-16
1963-11-30,HML,FIZ_2024,0.0494969818913479,0.049496981891347824,-7.632783294297951e-17
1963-12-31,HML,FIZ_2024,-0.0929577464788733,-0.09295774647887345,-1.5265566588595902e-16
1964-01-31,HML,FIZ_2024,0.0277665995975853,0.027766599597585248,-5.204170427930421e-17
1964-02-29,HML,FIZ_2024,0.1348088531187121,0.134808853118712,-1.1102230246251565e-16
1964-03-31,HML,FIZ_2024,0.1822937625754526,0.1822937625754524,-1.942890293094024e-16
1964-04-30,HML,FIZ_2024,-0.1452716297786721,-0.14527162977867222,-1.1102230246251565e-16
1964-05-31,HML,FIZ_2024,0.0583501006036215,0.058350100603621474,-2.7755575615628914e-17
1964-06-30,HML,FIZ_2024,-0.0414486921529176,-0.041448692152917736,-1.3877787807814457e-16
1964-07-31,HML,FIZ_2024,-0.0309859154929578,-0.030985915492957983,-1.8388068845354155e-16
1964-08-31,HML,FIZ_2024,-0.0849094567404428,-0.08490945674044287,-6.938893903907228e-17
1964-09-30,HML,FIZ_2024,0.0454728370221326,0.045472837022132534,-6.938893903907228e-17
1964-10-31,HML,FIZ_2024,0.0028169014084504,0.0028169014084504507,5.074066167232161e-17
1964-11-30,HML,FIZ_2024,-0.2490945674044267,-0.2490945674044267,0.0
1964-12-31,HML,FIZ_2024,-0.2909456740442657,-0.29094567404426575,-5.551115123125783e-17
1965-01-31,HML,FIZ_2024,-0.0816901408450706,-0.08169014084507065,-4.163336342344337e-17
1965-02-28,HML,FIZ_2024,-0.0824949698189136,-0.0824949698189137,-9.71445146547012e-17
1965-03-31,HML,FIZ_2024,-0.0084507042253523,-0.008450704225352351,-5.204170427930421e-17
1965-04-30,HML,FIZ_2024,-0.0382293762575454,-0.0382293762575455,-1.0408340855860843e-16
1965-05-31,HML,FIZ_2024,-0.2209255533199196,-0.2209255533199197,-1.1102230246251565e-16
1965-06-30,HML,FIZ_2024,-0.0438631790744468,-0.043863179074446916,-1.1796119636642288e-16
1965-07-31,HML,FIZ_2024,0.0857142857142856,0.08571428571428547,-1.3877787807814457e-16
1965-08-31,HML,FIZ_2024,-0.171830985915493,-0.17183098591549315,-1.3877787807814457e-16
1965-09-30,HML,FIZ_2024,-0.101810865191147,-0.1018108651911471,-9.71445146547012e-17
1965-10-31,HML,FIZ_2024,0.0342052313883298,0.03420523138832973,-6.938893903907228e-17
1965-11-30,HML,FIZ_2024,-0.0792756539235413,-0.07927565392354147,-1.6653345369377348e-16
1965-12-31,HML,FIZ_2024,0.0720321931589536,0.07203219315895343,-1.6653345369377348e-16
1966-01-31,HML,FIZ_2024,0.1951710261569414,0.19517102615694135,-5.551115123125783e-17
1966-02-28,HML,FIZ_2024,-0.0647887323943663,-0.06478873239436642,-1.1102230246251565e-16
1966-03-31,HML,FIZ_2024,-0.2507042253521128,-0.25070422535211284,-5.551115123125783e-17
1966-04-30,HML,FIZ_2024,-0.128370221327968,-0.12837022132796802,-2.7755575615628914e-17
1966-05-31,HML,FIZ_2024,-0.2225352112676056,-0.22253521126760578,-1.942890293094024e-16
1966-06-30,HML,FIZ_2024,-0.0511066398390342,-0.051106639839034435,-2.3592239273284576e-16
1966-07-31,HML,FIZ_2024,-0.0148893360160967,-0.014889336016096821,-1.214306433183765e-16
1966-08-31,HML,FIZ_2024,-0.0567404426559358,-0.05674044265593584,-4.163336342344337e-17
1966-09-30,HML,FIZ_2024,-0.0462776659959759,-0.04627766599597608,-1.8041124150158794e-16
1966-10-31,HML,FIZ_2024,0.1251509054325954,0.12515090543259527,-1.3877787807814457e-16
1966-11-30,HML,FIZ_2024,-0.4688128772635817,-0.46881287726358156,1.1102230246251565e-16
1966-12-31,HML,FIZ_2024,-0.1871227364185111,-0.18712273641851124,-1.3877787807814457e-16
1967-01-31,HML,FIZ_2024,0.091348088531187,0.09134808853118684,-1.6653345369377348e-16
1967-02-28,HML,FIZ_2024,-0.2700201207243462,-0.2700201207243462,0.0
1967-03-31,HML,FIZ_2024,-0.0615694164989941,-0.061569416498994195,-9.71445146547012e-17
1967-04-30,HML,FIZ_2024,-0.2909456740442657,-0.29094567404426575,-5.551115123125783e-17
1967-05-31,HML,FIZ_2024,-0.0036217303822938,-0.0036217303822940056,-2.0556473190325164e-16
1967-06-30,HML,FIZ_2024,-0.0229376257545272,-0.022937625754527402,-2.0122792321330962e-16
1967-07-31,HML,FIZ_2024,0.1283702213279676,0.12837022132796752,-8.326672684688674e-17
1967-08-31,HML,FIZ_2024,0.0245472837022131,0.024547283702213013,-8.673617379884035e-17
1967-09-30,HML,FIZ_2024,-0.2925553319919518,-0.29255533199195183,-5.551115123125783e-17
1967-10-31,HML,FIZ_2024,-0.3569416498993965,-0.3569416498993965,0.0
1967-11-30,HML,FIZ_2024,-0.228169014084507,-0.2281690140845072,-2.220446049250313e-16
1967-12-31,HML,FIZ_2024,-0.1340040241448692,-0.13400402414486942,-2.220446049250313e-16
1968-01-31,HML,FIZ_2024,0.2949698189134808,0.2949698189134805,-2.7755575615628914e-16
1968-02-29,HML,FIZ_2024,0.0116700201207242,0.0116700201207241,-9.8879238130678e-17
1968-03-31,HML,FIZ_2024,-0.1388329979879277,-0.13883299798792775,-5.551115123125783e-17
1968-04-30,HML,FIZ_2024,-0.1822937625754527,-0.18229376257545288,-1.6653345369377348e-16
1968-05-31,HML,FIZ_2024,-0.0229376257545272,-0.022937625754527402,-2.0122792321330962e-16
1968-06-30,HML,FIZ_2024,-0.0325955734406439,-0.0325955734406441,-2.0122792321330962e-16
1968-07-31,HML,FIZ_2024,0.3424547283702213,0.34245472837022095,-3.3306690738754696e-16
1968-08-31,HML,FIZ_2024,-0.0100603621730384,-0.010060362173038476,-7.632783294297951e-17
1968-09-30,HML,FIZ_2024,-0.0672032193158954,-0.0672032193158956,-1.942890293094024e-16
1968-10-31,HML,FIZ_2024,0.1388329979879274,0.13883299798792725,-1.3877787807814457e-16
1968-11-30,HML,FIZ_2024,-0.1653923541247486,-0.16539235412474868,-8.326672684688674e-17
1968-12-31,HML,FIZ_2024,-0.0921529175050303,-0.0921529175050304,-9.71445146547012e-17
1969-01-31,HML,FIZ_2024,0.0430583501006034,0.043058350100603354,-4.85722573273506e-17
1969-02-28,HML,FIZ_2024,-0.0181086519114689,-0.018108651911469056,-1.5612511283791264e-16
1969-03-31,HML,FIZ_2024,-0.1323943661971831,-0.1323943661971833,-2.220446049250313e-16
1969-04-30,HML,FIZ_2024,-0.0937625754527163,-0.09376257545271652,-2.220446049250313e-16
1969-05-31,HML,FIZ_2024,-0.0350100603621732,-0.03501006036217328,-8.326672684688674e-17
1969-06-30,HML,FIZ_2024,-0.1782696177062375,-0.17826961770623762,-1.1102230246251565e-16
1969-07-31,HML,FIZ_2024,0.0052313883299797,0.0052313883299796304,-6.938893903907228e-17
1969-08-31,HML,FIZ_2024,-0.3963782696177064,-0.3963782696177064,0.0
1969-09-30,HML,FIZ_2024,-0.3545271629778672,-0.35452716297786735,-1.6653345369377348e-16
1969-10-31,HML,FIZ_2024,-0.3456740442655936,-0.34567404426559367,-5.551115123125783e-17
1969-11-30,HML,FIZ_2024,-0.1871227364185111,-0.18712273641851124,-1.3877787807814457e-16
1969-12-31,HML,FIZ_2024,-0.3215291750503019,-0.32152917505030193,-5.551115123125783e-17
1970-01-31,HML,FIZ_2024,0.1605633802816899,0.16056338028168984,-5.551115123125783e-17
1970-02-28,HML,FIZ_2024,0.2249496981891345,0.2249496981891345,0.0
1970-03-31,HML,FIZ_2024,0.229778672032193,0.22977867203219285,-1.3877787807814457e-16
1970-04-30,HML,FIZ_2024,0.4060362173038228,0.40603621730382256,-2.220446049250313e-16
1970-05-31,HML,FIZ_2024,0.1766599597585512,0.176659959758551,-1.942890293094024e-16
1970-06-30,HML,FIZ_2024,-0.0430583501006037,-0.043058350100603854,-1.5265566588595902e-16
1970-07-31,HML,FIZ_2024,-0.0189134808853119,-0.01891348088531211,-2.1163626406917047e-16
1970-08-31,HML,FIZ_2024,0.0012072434607643,0.0012072434607643262,2.6237692574149207e-17
1970-09-30,HML,FIZ_2024,-0.5315895372233401,-0.5315895372233401,0.0
1970-10-31,HML,FIZ_2024,-0.0736418511066399,-0.07364185110664007,-1.6653345369377348e-16
1970-11-30,HML,FIZ_2024,0.0446680080482895,0.044668008048289465,-3.469446951953614e-17
1970-12-31,HML,FIZ_2024,-0.0108651911468814,-0.010865191146881531,-1.3183898417423734e-16
1971-01-31,HML,FIZ_2024,0.0156941649899395,0.01569416498993939,-1.0755285551056204e-16
1971-02-28,HML,FIZ_2024,-0.1903420523138834,-0.19034205231388346,-5.551115123125783e-17
1971-03-31,HML,FIZ_2024,-0.4092555331991953,-0.4092555331991953,0.0
1971-04-30,HML,FIZ_2024,-0.0358148893360162,-0.035814889336016335,-1.3877787807814457e-16
1971-05-31,HML,FIZ_2024,-0.2072434607645875,-0.2072434607645877,-1.942890293094024e-16
1971-06-30,HML,FIZ_2024,-0.2418511066398392,-0.24185110663983922,-2.7755575615628914e-17
1971-07-31,HML,FIZ_2024,-0.0897384305835011,-0.08973843058350123,-1.249000902703301e-16
1971-08-31,HML,FIZ_2024,0.1203219315895369,0.12032193158953691,1.3877787807814457e-17
1971-09-30,HML,FIZ_2024,-0.3255533199195172,-0.32555331991951725,-5.551115123125783e-17
1971-10-31,HML,FIZ_2024,-0.1299798792756541,-0.12997987927565413,-2.7755575615628914e-17
1971-11-30,HML,FIZ_2024,-0.226559356136821,-0.2265593561368211,-1.1102230246251565e-16
1971-12-31,HML,FIZ_2024,-0.1235412474849095,-0.12354124748490966,-1.6653345369377348e-16
1972-01-31,HML,FIZ_2024,0.0889336016096578,0.08893360160965769,-1.1102230246251565e-16
1972-02-29,HML,FIZ_2024,-0.3158953722334005,-0.3158953722334006,-1.1102230246251565e-16
1972-03-31,HML,FIZ_2024,-0.2209255533199196,-0.2209255533199197,-1.1102230246251565e-16
1972-04-30,HML,FIZ_2024,-0.0816901408450706,-0.08169014084507065,-4.163336342344337e-17
1972-05-31,HML,FIZ_2024,-0.3086519114688129,-0.30865191146881304,-1.6653345369377348e-16
1972-06-30,HML,FIZ_2024,-0.2909456740442657,-0.29094567404426575,-5.551115123125783e-17
1972-07-31,HML,FIZ_2024,-0.0382293762575454,-0.0382293762575455,-1.0408340855860843e-16
1972-08-31,HML,FIZ_2024,0.2740442655935611,0.274044265593561,-1.1102230246251565e-16
1972-09-30,HML,FIZ_2024,-0.0543259557344064,-0.05432595573440666,-2.636779683484747e-16
1972-10-31,HML,FIZ_2024,0.0164989939637825,0.016498993963782446,-5.551115123125783e-17
1972-11-30,HML,FIZ_2024,0.2989939637826961,0.2989939637826958,-2.7755575615628914e-16
1972-12-31,HML,FIZ_2024,-0.267605633802817,-0.26760563380281704,-5.551115123125783e-17
1973-01-31,HML,FIZ_2024,0.1243460764587522,0.12434607645875223,2.7755575615628914e-17
1973-02-28,HML,FIZ_2024,0.037424547283702,0.03742454728370195,-4.85722573273506e-17
1973-03-31,HML,FIZ_2024,0.119517102615694,0.1195171026156939,-9.71445146547012e-17
1973-04-30,HML,FIZ_2024,0.3440643863179073,0.34406438631790714,-1.6653345369377348e-16
1973-05-31,HML,FIZ_2024,-0.0583501006036218,-0.05835010060362196,-1.5959455978986625e-16
1973-06-30,HML,FIZ_2024,0.0052313883299797,0.0052313883299796304,-6.938893903907228e-17
1973-07-31,HML,FIZ_2024,-0.5187122736418512,-0.5187122736418511,1.1102230246251565e-16
1973-08-31,HML,FIZ_2024,0.0084507042253521,0.008450704225351865,-2.3418766925686896e-16
1973-09-30,HML,FIZ_2024,0.0704225352112675,0.07042253521126732,-1.8041124150158794e-16
1973-10-31,HML,FIZ_2024,0.0647887323943661,0.06478873239436592,-1.8041124150158794e-16
1973-11-30,HML,FIZ_2024,0.2201207243460763,0.22012072434607613,-1.6653345369377348e-16
1973-12-31,HML,FIZ_2024,0.2185110663983902,0.21851106639839005,-1.6653345369377348e-16
1974-01-31,HML,FIZ_2024,0.3931589537223339,0.39315895372233356,-3.3306690738754696e-16
1974-02-28,HML,FIZ_2024,0.1348088531187121,0.134808853118712,-1.1102230246251565e-16
1974-03-31,HML,FIZ_2024,-0.1171026156941651,-0.11710261569416519,-9.71445146547012e-17
1974-04-30,HML,FIZ_2024,-0.0229376257545272,-0.022937625754527402,-2.0122792321330962e-16
1974-05-31,HML,FIZ_2024,-0.2539235412474849,-0.25392354124748506,-1.6653345369377348e-16
1974-06-30,HML,FIZ_2024,-0.0293762575452717,-0.029376257545271865,-1.6653345369377348e-16
1974-07-31,HML,FIZ_2024,0.3239436619718308,0.32394366197183067,-1.1102230246251565e-16
1974-08-31,HML,FIZ_2024,0.1211267605633801,0.12112676056338001,-9.71445146547012e-17
1974-09-30,HML,FIZ_2024,0.3577464788732392,0.35774647887323907,-1.1102230246251565e-16
1974-10-31,HML,FIZ_2024,-0.8857142857142857,-0.8857142857142856,1.1102230246251565e-16
1974-11-30,HML,FIZ_2024,-0.1074446680080483,-0.1074446680080485,-1.942890293094024e-16
1974-12-31,HML,FIZ_2024,-0.0824949698189136,-0.0824949698189137,-9.71445146547012e-17
1975-01-31,HML,FIZ_2024,0.575050301810865,0.5750503018108647,-3.3306690738754696e-16
1975-02-28,HML,FIZ_2024,-0.4486921529175052,-0.44949698189134824,-0.0008048289738430414
1975-03-31,HML,FIZ_2024,0.1002012072434606,0.10020120724346046,-1.3877787807814457e-16
1975-04-30,HML,FIZ_2024,-0.1830985915492959,-0.18309859154929595,-5.551115123125783e-17
1975-05-31,HML,FIZ_2024,-0.4213279678068411,-0.4213279678068411,0.0
1975-06-30,HML,FIZ_2024,0.0197183098591546,0.019718309859154667,6.591949208711867e-17
1975-07-31,HML,FIZ_2024,0.0446680080482895,0.044668008048289465,-3.469446951953614e-17
1975-08-31,HML,FIZ_2024,-0.1678068410462777,-0.16780684104627785,-1.6653345369377348e-16
1975-09-30,HML,FIZ_2024,-0.0599597585513079,-0.05995975855130807,-1.734723475976807e-16
1975-10-31,HML,FIZ_2024,-0.0688128772635816,-0.0688128772635817,-1.1102230246251565e-16
1975-11-30,HML,FIZ_2024,0.0720321931589536,0.07203219315895343,-1.6653345369377348e-16
1975-12-31,HML,FIZ_2024,0.0446680080482895,0.044668008048289465,-3.469446951953614e-17
1976-01-31,HML,FIZ_2024,0.6032193158953723,0.6032193158953718,-4.440892098500626e-16
1976-02-29,HML,FIZ_2024,0.3810865191146881,0.3810865191146877,-3.885780586188048e-16
1976-03-31,HML,FIZ_2024,-0.1010060362173038,-0.10100603621730403,-2.3592239273284576e-16
1976-04-30,HML,FIZ_2024,-0.1042253521126761,-0.10422535211267626,-1.6653345369377348e-16
1976-05-31,HML,FIZ_2024,-0.2008048289738431,-0.20080482897384325,-1.3877787807814457e-16
1976-06-30,HML,FIZ_2024,-0.0342052313883299,-0.03420523138833022,-3.191891195797325e-16
1976-07-31,HML,FIZ_2024,0.0478873239436619,0.047887323943661714,-1.8735013540549517e-16
1976-08-31,HML,FIZ_2024,-0.0261569416498994,-0.026156941649899623,-2.220446049250313e-16
1976-09-30,HML,FIZ_2024,-0.1146881287726359,-0.11468812877263602,-1.249000902703301e-16
1976-10-31,HML,FIZ_2024,-0.1058350100603622,-0.10583501006036239,-1.942890293094024e-16
1976-11-30,HML,FIZ_2024,0.0301810865191145,0.030181086519114428,-7.28583859910259e-17
1976-12-31,HML,FIZ_2024,0.091348088531187,0.09134808853118684,-1.6653345369377348e-16
1977-01-31,HML,FIZ_2024,0.2523138832997986,0.2523138832997984,-1.6653345369377348e-16
1977-02-28,HML,FIZ_2024,-0.0535211267605634,-0.053521126760563614,-2.1510571102112408e-16
1977-03-31,HML,FIZ_2024,-0.0036217303822938,-0.0036217303822940056,-2.0556473190325164e-16
1977-04-30,HML,FIZ_2024,0.1806841046277663,0.18068410462776627,-2.7755575615628914e-17
1977-05-31,HML,FIZ_2024,-0.0229376257545272,-0.022937625754527402,-2.0122792321330962e-16
1977-06-30,HML,FIZ_2024,-0.1509054325955735,-0.15090543259557362,-1.1102230246251565e-16
1977-07-31,HML,FIZ_2024,-0.1364185110663985,-0.1364185110663986,-1.1102230246251565e-16
1977-08-31,HML,FIZ_2024,-0.3086519114688129,-0.30865191146881304,-1.6653345369377348e-16
1977-09-30,HML,FIZ_2024,-0.1331991951710261,-0.13319919517102635,-2.498001805406602e-16
1977-10-31,HML,FIZ_2024,0.0494969818913479,0.049496981891347824,-7.632783294297951e-17
1977-11-30,HML,FIZ_2024,-0.0704225352112677,-0.07042253521126783,-1.249000902703301e-16
1977-12-31,HML,FIZ_2024,-0.1146881287726359,-0.11468812877263602,-1.249000902703301e-16
1978-01-31,HML,FIZ_2024,0.1790744466800802,0.17907444668008018,-2.7755575615628914e-17
1978-02-28,HML,FIZ_2024,-0.0245472837022133,-0.024547283702213527,-2.255140518769849e-16
1978-03-31,HML,FIZ_2024,0.0036217303822936,0.003621730382293506,-9.410874857174178e-17
1978-04-30,HML,FIZ_2024,-0.3762575452716299,-0.3762575452716299,0.0
1978-05-31,HML,FIZ_2024,-0.1331991951710261,-0.13319919517102635,-2.498001805406602e-16
1978-06-30,HML,FIZ_2024,-0.0454728370221328,-0.045472837022133034,-2.3592239273284576e-16
1978-07-31,HML,FIZ_2024,-0.183903420523139,-0.18390342052313902,-2.7755575615628914e-17
1978-08-31,HML,FIZ_2024,-0.1323943661971831,-0.1323943661971833,-2.220446049250313e-16
1978-09-30,HML,FIZ_2024,0.0607645875251507,0.060764587525150626,-7.632783294297951e-17
1978-10-31,HML,FIZ_2024,0.0197183098591546,0.019718309859154667,6.591949208711867e-17
1978-11-30,HML,FIZ_2024,-0.2643863179074448,-0.2643863179074448,0.0
1978-12-31,HML,FIZ_2024,-0.2627766599597586,-0.2627766599597587,-1.1102230246251565e-16
1979-01-31,HML,FIZ_2024,0.0849094567404424,0.08490945674044237,-2.7755575615628914e-17
1979-02-28,HML,FIZ_2024,0.0028169014084504,0.0028169014084504507,5.074066167232161e-17
1979-03-31,HML,FIZ_2024,-0.1484909456740444,-0.14849094567404447,-8.326672684688674e-17
1979-04-30,HML,FIZ_2024,-0.0012072434607646,-0.0012072434607648258,-2.25730892311482e-16
1979-05-31,HML,FIZ_2024,0.0140845070422535,0.01408450704225328,-2.203098814490545e-16
1979-06-30,HML,FIZ_2024,0.0245472837022131,0.024547283702213013,-8.673617379884035e-17
1979-07-31,HML,FIZ_2024,0.0583501006036215,0.058350100603621474,-2.7755575615628914e-17
1979-08-31,HML,FIZ_2024,-0.2185110663983904,-0.21851106639839052,-1.1102230246251565e-16
1979-09-30,HML,FIZ_2024,-0.1637826961770625,-0.16378269617706256,-5.551115123125783e-17
1979-10-31,HML,FIZ_2024,-0.2394366197183099,-0.23943661971831004,-1.3877787807814457e-16
1979-11-30,HML,FIZ_2024,-0.3561368209255534,-0.35613682092555343,-5.551115123125783e-17
1979-12-31,HML,FIZ_2024,-0.2603621730382295,-0.2603621730382295,0.0
1980-01-31,HML,FIZ_2024,0.0494969818913479,0.049496981891347824,-7.632783294297951e-17
1980-02-29,HML,FIZ_2024,-0.0422535211267607,-0.0422535211267608,-9.71445146547012e-17
1980-03-31,HML,FIZ_2024,-0.1726358148893361,-0.17263581488933621,-1.1102230246251565e-16
1980-04-30,HML,FIZ_2024,-0.0060362173038229,-0.0060362173038231715,-2.714842239903703e-16
1980-05-31,HML,FIZ_2024,-0.060764587525151,-0.060764587525151126,-1.249000902703301e-16
1980-06-30,HML,FIZ_2024,-0.1525150905432596,-0.15251509054325976,-1.6653345369377348e-16
1980-07-31,HML,FIZ_2024,-0.6072434607645876,-0.6072434607645876,0.0
1980-08-31,HML,FIZ_2024,-0.3006036217303823,-0.30060362173038246,-1.6653345369377348e-16
1980-09-30,HML,FIZ_2024,-0.460764587525151,-0.4607645875251509,5.551115123125783e-17
1980-10-31,HML,FIZ_2024,-0.3134808853118713,-0.31348088531187135,-5.551115123125783e-17
1980-11-30,HML,FIZ_2024,-0.7617706237424549,-0.7617706237424547,1.1102230246251565e-16
1980-12-31,HML,FIZ_2024,0.1331991951710258,0.13319919517102588,8.326672684688674e-17
1981-01-31,HML,FIZ_2024,0.4494969818913479,0.4494969818913477,-2.220446049250313e-16
1981-02-28,HML,FIZ_2024,-0.0092555331991953,-0.009255533199195407,-1.0581813203458523e-16
1981-03-31,HML,FIZ_2024,-0.0398390342052314,-0.03983903420523162,-2.220446049250313e-16
1981-04-30,HML,FIZ_2024,0.0921529175050299,0.09215291750502988,-1.3877787807814457e-17
1981-05-31,HML,FIZ_2024,-0.1251509054325956,-0.12515090543259577,-1.6653345369377348e-16
1981-06-30,HML,FIZ_2024,0.3215291750503015,0.32152917505030143,-5.551115123125783e-17
1981-07-31,HML,FIZ_2024,-0.1315895372233402,-0.13158953722334024,-2.7755575615628914e-17
1981-08-31,HML,FIZ_2024,0.2917505030181084,0.29175050301810823,-1.6653345369377348e-16
1981-09-30,HML,FIZ_2024,0.3247484909456739,0.3247484909456737,-1.6653345369377348e-16
1981-10-31,HML,FIZ_2024,-0.4301810865191148,-0.4301810865191148,0.0
1981-11-30,HML,FIZ_2024,0.0559356136820923,0.055935613682092294,-6.938893903907228e-18
1981-12-31,HML,FIZ_2024,-0.0261569416498994,-0.026156941649899623,-2.220446049250313e-16
1982-01-31,HML,FIZ_2024,0.1653923541247484,0.1653923541247482,-1.942890293094024e-16
1982-02-28,HML,FIZ_2024,0.3955734406438631,0.3955734406438628,-2.7755575615628914e-16
1982-03-31,HML,FIZ_2024,0.215291750503018,0.21529175050301777,-2.220446049250313e-16
1982-04-30,HML,FIZ_2024,-0.3086519114688129,-0.30865191146881304,-1.6653345369377348e-16
1982-05-31,HML,FIZ_2024,0.0494969818913479,0.049496981891347824,-7.632783294297951e-17
1982-06-30,HML,FIZ_2024,0.0317907444668006,0.03179074446680055,-4.85722573273506e-17
1982-07-31,HML,FIZ_2024,-0.0841046277665997,-0.08410462776659981,-1.1102230246251565e-16
1982-08-31,HML,FIZ_2024,-0.0148893360160967,-0.014889336016096821,-1.214306433183765e-16
1982-09-30,HML,FIZ_2024,-0.0688128772635816,-0.0688128772635817,-1.1102230246251565e-16
1982-10-31,HML,FIZ_2024,-0.3859154929577466,-0.38591549295774663,-5.551115123125783e-17
1982-11-30,HML,FIZ_2024,-0.2418511066398392,-0.24185110663983922,-2.7755575615628914e-17
1982-12-31,HML,FIZ_2024,-0.0929577464788733,-0.09295774647887345,-1.5265566588595902e-16
1983-01-31,HML,FIZ_2024,-0.1517102615694165,-0.1517102615694167,-1.942890293094024e-16
1983-02-28,HML,FIZ_2024,-0.0350100603621732,-0.03501006036217328,-8.326672684688674e-17
1983-03-31,HML,FIZ_2024,0.0712273641851104,0.07122736418511039,-1.3877787807814457e-17
1983-04-30,HML,FIZ_2024,-0.0519114688128773,-0.0519114688128775,-1.942890293094024e-16
1983-05-31,HML,FIZ_2024,-0.2040241448692153,-0.20402414486921544,-1.3877787807814457e-16
1983-06-30,HML,FIZ_2024,-0.4052313883299799,-0.40523138832997996,-5.551115123125783e-17
1983-07-31,HML,FIZ_2024,0.3609657947686115,0.36096579476861135,-1.6653345369377348e-16
1983-08-31,HML,FIZ_2024,0.354527162977867,0.3545271629778668,-2.220446049250313e-16
1983-09-30,HML,FIZ_2024,-0.0100603621730384,-0.010060362173038476,-7.632783294297951e-17
1983-10-31,HML,FIZ_2024,0.3086519114688126,0.30865191146881255,-5.551115123125783e-17
1983-11-30,HML,FIZ_2024,-0.1492957746478874,-0.1492957746478875,-1.1102230246251565e-16
1983-12-31,HML,FIZ_2024,0.0478873239436619,0.047887323943661714,-1.8735013540549517e-16
1984-01-31,HML,FIZ_2024,0.5187122736418508,0.5187122736418507,-1.1102230246251565e-16
1984-02-29,HML,FIZ_2024,0.1766599597585512,0.176659959758551,-1.942890293094024e-16
1984-03-31,HML,FIZ_2024,-0.0543259557344064,-0.05432595573440666,-2.636779683484747e-16
1984-04-30,HML,FIZ_2024,0.0052313883299797,0.0052313883299796304,-6.938893903907228e-17
1984-05-31,HML,FIZ_2024,-0.0663983903420524,-0.06639839034205254,-1.3877787807814457e-16
1984-06-30,HML,FIZ_2024,-0.3054325955734407,-0.3054325955734408,-1.1102230246251565e-16
1984-07-31,HML,FIZ_2024,-0.0623742454728372,-0.06237424547283725,-4.85722573273506e-17
1984-08-31,HML,FIZ_2024,-0.2378269617706239,-0.2378269617706239,0.0
1984-09-30,HML,FIZ_2024,0.3336016096579477,0.3336016096579474,-3.3306690738754696e-16
1984-10-31,HML,FIZ_2024,-0.0551307847082497,-0.055130784708249725,-2.7755575615628914e-17
1984-11-30,HML,FIZ_2024,0.2354124748490942,0.2354124748490942,0.0
1984-12-31,HML,FIZ_2024,-0.1122736418511067,-0.11227364185110685,-1.3877787807814457e-16
1985-01-31,HML,FIZ_2024,-0.5219315895372234,-0.5219315895372234,0.0
1985-02-28,HML,FIZ_2024,-0.0993963782696177,-0.09939637826961792,-2.220446049250313e-16
1985-03-31,HML,FIZ_2024,0.2362173038229376,0.23621730382293735,-2.498001805406602e-16
1985-04-30,HML,FIZ_2024,0.2080482897384306,0.2080482897384303,-3.0531133177191805e-16
1985-05-31,HML,FIZ_2024,-0.1686116700201209,-0.1686116700201209,0.0
1985-06-30,HML,FIZ_2024,-0.060764587525151,-0.060764587525151126,-1.249000902703301e-16
1985-07-31,HML,FIZ_2024,-0.2217303822937627,-0.22173038229376277,-5.551115123125783e-17
1985-08-31,HML,FIZ_2024,0.0953722334004023,0.09537223340040213,-1.6653345369377348e-16
1985-09-30,HML,FIZ_2024,0.0124748490945671,0.012474849094567156,5.551115123125783e-17
1985-10-31,HML,FIZ_2024,-0.0309859154929578,-0.030985915492957983,-1.8388068845354155e-16
1985-11-30,HML,FIZ_2024,-0.3207243460764588,-0.3207243460764589,-1.1102230246251565e-16
1985-12-31,HML,FIZ_2024,-0.2152917505030182,-0.2152917505030183,-1.1102230246251565e-16
1986-01-31,HML,FIZ_2024,-0.0559356136820927,-0.05593561368209278,-8.326672684688674e-17
1986-02-28,HML,FIZ_2024,-0.1492957746478874,-0.1492957746478875,-1.1102230246251565e-16
1986-03-31,HML,FIZ_2024,-0.1227364185110665,-0.1227364185110666,-1.1102230246251565e-16
1986-04-30,HML,FIZ_2024,-0.322334004024145,-0.322334004024145,0.0
1986-05-31,HML,FIZ_2024,-0.1082494969818915,-0.10824949698189155,-5.551115123125783e-17
1986-06-30,HML,FIZ_2024,0.0116700201207242,0.0116700201207241,-9.8879238130678e-17
1986-07-31,HML,FIZ_2024,0.2869215291750502,0.28692152917505,-2.220446049250313e-16
1986-08-31,HML,FIZ_2024,0.1911468812877261,0.19114688128772603,-8.326672684688674e-17
1986-09-30,HML,FIZ_2024,0.1678068410462776,0.16780684104627738,-2.220446049250313e-16
1986-10-31,HML,FIZ_2024,-0.2056338028169014,-0.20563380281690158,-1.6653345369377348e-16
1986-11-30,HML,FIZ_2024,-0.0969818913480886,-0.09698189134808874,-1.3877787807814457e-16
1986-12-31,HML,FIZ_2024,-0.0623742454728372,-0.06237424547283725,-4.85722573273506e-17
1987-01-31,HML,FIZ_2024,-0.3456740442655936,-0.34567404426559367,-5.551115123125783e-17
1987-02-28,HML,FIZ_2024,-0.5670020120724347,-0.5670020120724347,0.0
1987-03-31,HML,FIZ_2024,0.0382293762575451,0.03822937625754502,-7.632783294297951e-17
1987-04-30,HML,FIZ_2024,-0.1227364185110665,-0.1227364185110666,-1.1102230246251565e-16
1987-05-31,HML,FIZ_2024,-0.0728370221327968,-0.072837022132797,-1.942890293094024e-16
1987-06-30,HML,FIZ_2024,-0.0076458752515092,-0.007645875251509296,-9.627715291671279e-17
1987-07-31,HML,FIZ_2024,-0.0366197183098593,-0.036619718309859384,-8.326672684688674e-17
1987-08-31,HML,FIZ_2024,-0.1661971830985916,-0.16619718309859174,-1.3877787807814457e-16
1987-09-30,HML,FIZ_2024,-0.0696177062374246,-0.06961770623742478,-1.8041124150158794e-16
1987-10-31,HML,FIZ_2024,0.2498993963782694,0.24989939637826933,-8.326672684688674e-17
1987-11-30,HML,FIZ_2024,0.1460764587525149,0.14607645875251482,-8.326672684688674e-17
1987-12-31,HML,FIZ_2024,-0.447887323943662,-0.44788732394366204,-5.551115123125783e-17
1988-01-31,HML,FIZ_2024,0.3118712273641848,0.3118712273641847,-1.1102230246251565e-16
1988-02-29,HML,FIZ_2024,-0.2289738430583503,-0.22897384305835025,5.551115123125783e-17
1988-03-31,HML,FIZ_2024,-0.0325955734406439,-0.0325955734406441,-2.0122792321330962e-16
1988-04-30,HML,FIZ_2024,0.0430583501006034,0.043058350100603354,-4.85722573273506e-17
1988-05-31,HML,FIZ_2024,0.1034205231388327,0.10342052313883271,1.3877787807814457e-17
1988-06-30,HML,FIZ_2024,-0.1911468812877265,-0.19114688128772656,-5.551115123125783e-17
1988-07-31,HML,FIZ_2024,0.0873239436619717,0.08732394366197158,-1.249000902703301e-16
1988-08-31,HML,FIZ_2024,0.0816901408450703,0.08169014084507015,-1.5265566588595902e-16
1988-09-30,HML,FIZ_2024,-0.1517102615694165,-0.1517102615694167,-1.942890293094024e-16
1988-10-31,HML,FIZ_2024,0.0736418511066396,0.07364185110663954,-5.551115123125783e-17
1988-11-30,HML,FIZ_2024,0.0221327967806839,0.022132796780683847,-5.204170427930421e-17
1988-12-31,HML,FIZ_2024,-0.227364185110664,-0.22736418511066414,-1.3877787807814457e-16
1989-01-31,HML,FIZ_2024,-0.0430583501006037,-0.043058350100603854,-1.5265566588595902e-16
1989-02-28,HML,FIZ_2024,-0.0100603621730384,-0.010060362173038476,-7.632783294297951e-17
1989-03-31,HML,FIZ_2024,-0.0446680080482898,-0.04466800804828997,-1.734723475976807e-16
1989-04-30,HML,FIZ_2024,-0.2056338028169014,-0.20563380281690158,-1.6653345369377348e-16
1989-05-31,HML,FIZ_2024,-0.1621730382293764,-0.16217303822937645,-5.551115123125783e-17
1989-06-30,HML,FIZ_2024,0.0897384305835009,0.08973843058350073,-1.6653345369377348e-16
1989-07-31,HML,FIZ_2024,-0.3158953722334005,-0.3158953722334006,-1.1102230246251565e-16
1989-08-31,HML,FIZ_2024,-0.0430583501006037,-0.043058350100603854,-1.5265566588595902e-16
1989-09-30,HML,FIZ_2024,-0.1935613682092556,-0.19356136820925574,-1.3877787807814457e-16
1989-10-31,HML,FIZ_2024,-0.1806841046277666,-0.1806841046277668,-1.942890293094024e-16
1989-11-30,HML,FIZ_2024,-0.1790744466800805,-0.17907444668008066,-1.6653345369377348e-16
1989-12-31,HML,FIZ_2024,-0.0784708249496982,-0.07847082494969841,-2.0816681711721685e-16
1990-01-31,HML,FIZ_2024,-0.0229376257545272,-0.022937625754527402,-2.0122792321330962e-16
1990-02-28,HML,FIZ_2024,-0.0398390342052314,-0.03983903420523162,-2.220446049250313e-16
1990-03-31,HML,FIZ_2024,-0.3263581488933602,-0.3263581488933603,-1.1102230246251565e-16
1990-04-30,HML,FIZ_2024,-0.2997987927565393,-0.29979879275653937,-5.551115123125783e-17
1990-05-31,HML,FIZ_2024,-0.3995975855130785,-0.39959758551307856,-5.551115123125783e-17
1990-06-30,HML,FIZ_2024,-0.2466800804828974,-0.24668008048289755,-1.3877787807814457e-16
1990-07-31,HML,FIZ_2024,-0.0937625754527163,-0.09376257545271652,-2.220446049250313e-16
1990-08-31,HML,FIZ_2024,0.0406438631790744,0.040643863179074174,-2.2898349882893854e-16
1990-09-30,HML,FIZ_2024,-0.0398390342052314,-0.03983903420523162,-2.220446049250313e-16
1990-10-31,HML,FIZ_2024,-0.0832997987927567,-0.08329979879275676,-5.551115123125783e-17
1990-11-30,HML,FIZ_2024,-0.3408450704225353,-0.3408450704225353,0.0
1990-12-31,HML,FIZ_2024,-0.228169014084507,-0.2281690140845072,-2.220446049250313e-16
1991-01-31,HML,FIZ_2024,-0.2201207243460765,-0.22012072434607663,-1.3877787807814457e-16
1991-02-28,HML,FIZ_2024,-0.1380281690140846,-0.1380281690140847,-1.1102230246251565e-16
1991-03-31,HML,FIZ_2024,-0.2032193158953723,-0.2032193158953724,-1.1102230246251565e-16
1991-04-30,HML,FIZ_2024,0.0293762575452714,0.029376257545271373,-2.7755575615628914e-17
1991-05-31,HML,FIZ_2024,-0.1331991951710261,-0.13319919517102635,-2.498001805406602e-16
1991-06-30,HML,FIZ_2024,0.0012072434607643,0.0012072434607643262,2.6237692574149207e-17
1991-07-31,HML,FIZ_2024,-0.1975855130784709,-0.197585513078471,-1.1102230246251565e-16
1991-08-31,HML,FIZ_2024,-0.1541247484909457,-0.15412474849094587,-1.6653345369377348e-16
1991-09-30,HML,FIZ_2024,-0.1782696177062375,-0.17826961770623762,-1.1102230246251565e-16
1991-10-31,HML,FIZ_2024,-0.1291750503018111,-0.12917505030181106,2.7755575615628914e-17
1991-11-30,HML,FIZ_2024,-0.2434607645875253,-0.2434607645875253,0.0
1991-12-31,HML,FIZ_2024,-0.4269617706237425,-0.4269617706237425,0.0
1992-01-31,HML,FIZ_2024,0.2877263581488933,0.287726358148893,-2.7755575615628914e-16
1992-02-29,HML,FIZ_2024,0.4293762575452713,0.4293762575452712,-1.1102230246251565e-16
1992-03-31,HML,FIZ_2024,0.1951710261569414,0.19517102615694135,-5.551115123125783e-17
1992-04-30,HML,FIZ_2024,0.2579476861167,0.2579476861166998,-1.6653345369377348e-16
1992-05-31,HML,FIZ_2024,0.0044265593561365,0.004426559356136561,6.158268339717665e-17
1992-06-30,HML,FIZ_2024,0.1694164989939637,0.16941649899396352,-1.6653345369377348e-16
1992-07-31,HML,FIZ_2024,-0.1364185110663985,-0.1364185110663986,-1.1102230246251565e-16
1992-08-31,HML,FIZ_2024,-0.1798792756539236,-0.17987927565392375,-1.6653345369377348e-16
1992-09-30,HML,FIZ_2024,-0.1122736418511067,-0.11227364185110685,-1.3877787807814457e-16
1992-10-31,HML,FIZ_2024,-0.2507042253521128,-0.25070422535211284,-5.551115123125783e-17
1992-11-30,HML,FIZ_2024,-0.2,-0.20000000000000018,-1.6653345369377348e-16
1992-12-31,HML,FIZ_2024,0.119517102615694,0.1195171026156939,-9.71445146547012e-17
1993-01-31,HML,FIZ_2024,0.3867203219315895,0.38672032193158923,-2.7755575615628914e-16
1993-02-28,HML,FIZ_2024,0.4253521126760562,0.4253521126760559,-3.3306690738754696e-16
1993-03-31,HML,FIZ_2024,0.0036217303822936,0.003621730382293506,-9.410874857174178e-17
1993-04-30,HML,FIZ_2024,0.1090543259557343,0.10905432595573414,-1.6653345369377348e-16
1993-05-31,HML,FIZ_2024,-0.3665995975855132,-0.3665995975855132,0.0
1993-06-30,HML,FIZ_2024,0.1299798792756537,0.12997987927565363,-5.551115123125783e-17
1993-07-31,HML,FIZ_2024,0.1380281690140843,0.1380281690140842,-8.326672684688674e-17
1993-08-31,HML,FIZ_2024,-0.0808853118712273,-0.08088531187122758,-2.7755575615628914e-16
1993-09-30,HML,FIZ_2024,-0.1162977867203221,-0.11629778672032214,-4.163336342344337e-17
1993-10-31,HML,FIZ_2024,-0.3134808853118713,-0.31348088531187135,-5.551115123125783e-17
1993-11-30,HML,FIZ_2024,-0.1509054325955735,-0.15090543259557362,-1.1102230246251565e-16
1993-12-31,HML,FIZ_2024,-0.0655935613682093,-0.06559356136820949,-1.8041124150158794e-16
1994-01-31,HML,FIZ_2024,0.0012072434607643,0.0012072434607643262,2.6237692574149207e-17
1994-02-28,HML,FIZ_2024,-0.2152917505030182,-0.2152917505030183,-1.1102230246251565e-16
1994-03-31,HML,FIZ_2024,0.037424547283702,0.03742454728370195,-4.85722573273506e-17
1994-04-30,HML,FIZ_2024,0.0422535211267605,0.042253521126760285,-2.1510571102112408e-16
1994-05-31,HML,FIZ_2024,-0.0374245472837023,-0.037424547283702446,-1.457167719820518e-16
1994-06-30,HML,FIZ_2024,0.0430583501006034,0.043058350100603354,-4.85722573273506e-17
1994-07-31,HML,FIZ_2024,-0.0446680080482898,-0.04466800804828997,-1.734723475976807e-16
1994-08-31,HML,FIZ_2024,-0.2933601609657948,-0.29336016096579487,-5.551115123125783e-17
1994-09-30,HML,FIZ_2024,-0.2434607645875253,-0.2434607645875253,0.0
1994-10-31,HML,FIZ_2024,-0.2217303822937627,-0.22173038229376277,-5.551115123125783e-17
1994-11-30,HML,FIZ_2024,-0.1476861167002012,-0.1476861167002014,-1.942890293094024e-16
1994-12-31,HML,FIZ_2024,-0.101810865191147,-0.1018108651911471,-9.71445146547012e-17
1995-01-31,HML,FIZ_2024,0.1154929577464787,0.11549295774647858,-1.249000902703301e-16
1995-02-28,HML,FIZ_2024,-0.0044265593561368,-0.004426559356137061,-2.6107588313450947e-16
1995-03-31,HML,FIZ_2024,-0.2643863179074448,-0.2643863179074448,0.0
1995-04-30,HML,FIZ_2024,0.0462776659959758,0.046277665995975575,-2.220446049250313e-16
1995-05-31,HML,FIZ_2024,0.0929577464788731,0.09295774647887298,-1.249000902703301e-16
1995-06-30,HML,FIZ_2024,-0.295774647887324,-0.2957746478873241,-1.1102230246251565e-16
1995-07-31,HML,FIZ_2024,-0.2217303822937627,-0.22173038229376277,-5.551115123125783e-17
1995-08-31,HML,FIZ_2024,0.1331991951710258,0.13319919517102588,8.326672684688674e-17
1995-09-30,HML,FIZ_2024,-0.0945674044265594,-0.09456740442655957,-1.6653345369377348e-16
1995-10-31,HML,FIZ_2024,-0.1315895372233402,-0.13158953722334024,-2.7755575615628914e-17
1995-11-30,HML,FIZ_2024,-0.0503018108651912,-0.05030181086519137,-1.734723475976807e-16
1995-12-31,HML,FIZ_2024,-0.0736418511066399,-0.07364185110664007,-1.6653345369377348e-16
1996-01-31,HML,FIZ_2024,-0.060764587525151,-0.060764587525151126,-1.249000902703301e-16
1996-02-29,HML,FIZ_2024,-0.1782696177062375,-0.17826961770623762,-1.1102230246251565e-16
1996-03-31,HML,FIZ_2024,-0.0631790744466802,-0.0631790744466803,-1.1102230246251565e-16
1996-04-30,HML,FIZ_2024,-0.4148893360160967,-0.4148893360160967,0.0
1996-05-31,HML,FIZ_2024,-0.1581488933601611,-0.15814889336016114,-2.7755575615628914e-17
1996-06-30,HML,FIZ_2024,0.0977867203219313,0.09778672032193131,1.3877787807814457e-17
1996-07-31,HML,FIZ_2024,0.3223340040241447,0.32233400402414447,-2.220446049250313e-16
1996-08-31,HML,FIZ_2024,-0.1509054325955735,-0.15090543259557362,-1.1102230246251565e-16
1996-09-30,HML,FIZ_2024,-0.3102615694164992,-0.3102615694164992,0.0
1996-10-31,HML,FIZ_2024,0.3062374245472836,0.3062374245472834,-1.6653345369377348e-16
1996-11-30,HML,FIZ_2024,0.0205231388329978,0.020523138832997723,-7.632783294297951e-17
1996-12-31,HML,FIZ_2024,0.0140845070422535,0.01408450704225328,-2.203098814490545e-16
1997-01-31,HML,FIZ_2024,-0.2056338028169014,-0.20563380281690158,-1.6653345369377348e-16
1997-02-28,HML,FIZ_2024,0.3649899396378269,0.36498993963782655,-3.3306690738754696e-16
1997-03-31,HML,FIZ_2024,0.1814889336016096,0.18148893360160936,-2.220446049250313e-16
1997-04-30,HML,FIZ_2024,-0.0857142857142858,-0.08571428571428594,-1.3877787807814457e-16
1997-05-31,HML,FIZ_2024,-0.4237424547283703,-0.42374245472837035,-5.551115123125783e-17
1997-06-30,HML,FIZ_2024,0.0358148893360159,0.03581488933601584,-5.551115123125783e-17
1997-07-31,HML,FIZ_2024,-0.0704225352112677,-0.07042253521126783,-1.249000902703301e-16
1997-08-31,HML,FIZ_2024,0.0036217303822936,0.003621730382293506,-9.410874857174178e-17
1997-09-30,HML,FIZ_2024,-0.0615694164989941,-0.061569416498994195,-9.71445146547012e-17
1997-10-31,HML,FIZ_2024,0.091348088531187,0.09134808853118684,-1.6653345369377348e-16
1997-11-30,HML,FIZ_2024,0.0052313883299797,0.0052313883299796304,-6.938893903907228e-17
1997-12-31,HML,FIZ_2024,0.2177062374245471,0.21770623742454695,-1.3877787807814457e-16
1998-01-31,HML,FIZ_2024,-0.2225352112676056,-0.22253521126760578,-1.942890293094024e-16
1998-02-28,HML,FIZ_2024,-0.1597585513078472,-0.15975855130784727,-8.326672684688674e-17
1998-03-31,HML,FIZ_2024,0.0205231388329978,0.020523138832997723,-7.632783294297951e-17
1998-04-30,HML,FIZ_2024,-0.0156941649899398,-0.01569416498993989,-9.020562075079397e-17
1998-05-31,HML,FIZ_2024,0.1855130784708247,0.18551307847082463,-8.326672684688674e-17
1998-06-30,HML,FIZ_2024,-0.2490945674044267,-0.2490945674044267,0.0
1998-07-31,HML,FIZ_2024,-0.2346076458752516,-0.23460764587525168,-8.326672684688674e-17
1998-08-31,HML,FIZ_2024,0.1927565392354122,0.19275653923541217,-2.7755575615628914e-17
1998-09-30,HML,FIZ_2024,-0.3665995975855132,-0.3665995975855132,0.0
1998-10-31,HML,FIZ_2024,-0.2708249496981892,-0.27082494969818927,-5.551115123125783e-17
1998-11-30,HML,FIZ_2024,-0.3529175050301811,-0.35291750503018127,-1.6653345369377348e-16
1998-12-31,HML,FIZ_2024,-0.4285714285714287,-0.4285714285714287,0.0
1999-01-31,HML,FIZ_2024,-0.4615694164989941,-0.46156941649899397,1.1102230246251565e-16
1999-02-28,HML,FIZ_2024,0.06317907444668,0.0631790744466798,-1.942890293094024e-16
1999-03-31,HML,FIZ_2024,-0.3118712273641852,-0.31187122736418527,-5.551115123125783e-17
1999-04-30,HML,FIZ_2024,0.1066398390342051,0.10663983903420493,-1.6653345369377348e-16
1999-05-31,HML,FIZ_2024,0.0977867203219313,0.09778672032193131,1.3877787807814457e-17
1999-06-30,HML,FIZ_2024,-0.3480885311871228,-0.3480885311871229,-1.1102230246251565e-16
1999-07-31,HML,FIZ_2024,-0.1267605633802817,-0.1267605633802819,-2.220446049250313e-16
1999-08-31,HML,FIZ_2024,-0.2418511066398392,-0.24185110663983922,-2.7755575615628914e-17
1999-09-30,HML,FIZ_2024,-0.3722334004024146,-0.3722334004024146,0.0
1999-10-31,HML,FIZ_2024,-0.3625754527162979,-0.3625754527162979,0.0
1999-11-30,HML,FIZ_2024,-0.5839034205231389,-0.5839034205231389,0.0
1999-12-31,HML,FIZ_2024,-0.7617706237424549,-0.7617706237424547,1.1102230246251565e-16
2000-01-31,HML,FIZ_2024,-0.2426559356136821,-0.24265593561368223,-1.3877787807814457e-16
2000-02-29,HML,FIZ_2024,-0.8631790744466802,-0.8631790744466801,1.1102230246251565e-16
2000-03-31,HML,FIZ_2024,0.5629778672032193,0.562977867203219,-3.3306690738754696e-16
2000-04-30,HML,FIZ_2024,0.492957746478873,0.4929577464788728,-2.220446049250313e-16
2000-05-31,HML,FIZ_2024,0.2909456740442655,0.2909456740442652,-3.3306690738754696e-16
2000-06-30,HML,FIZ_2024,-0.7690140845070423,-0.7690140845070422,1.1102230246251565e-16
2000-07-31,HML,FIZ_2024,0.5774647887323945,0.5774647887323939,-5.551115123125783e-16
2000-08-31,HML,FIZ_2024,-0.2032193158953723,-0.2032193158953724,-1.1102230246251565e-16
2000-09-30,HML,FIZ_2024,0.4857142857142857,0.4857142857142852,-4.996003610813204e-16
2000-10-31,HML,FIZ_2024,0.368209255533199,0.36820925553319883,-1.6653345369377348e-16
2000-11-30,HML,FIZ_2024,0.8985915492957746,0.8985915492957741,-4.440892098500626e-16
2000-12-31,HML,FIZ_2024,0.52112676056338,0.5211267605633798,-2.220446049250313e-16
2001-01-31,HML,FIZ_2024,-0.4993963782696178,-0.4993963782696178,0.0
2001-02-28,HML,FIZ_2024,0.9122736418511064,0.912273641851106,-3.3306690738754696e-16
2001-03-31,HML,FIZ_2024,0.4253521126760562,0.4253521126760559,-3.3306690738754696e-16
2001-04-30,HML,FIZ_2024,-0.4672032193158955,-0.4672032193158955,0.0
2001-05-31,HML,FIZ_2024,0.1790744466800802,0.17907444668008018,-2.7755575615628914e-17
2001-06-30,HML,FIZ_2024,-0.1814889336016099,-0.18148893360160984,5.551115123125783e-17
2001-07-31,HML,FIZ_2024,0.3279678068410461,0.3279678068410459,-2.220446049250313e-16
2001-08-31,HML,FIZ_2024,0.0945674044265592,0.09456740442655909,-1.1102230246251565e-16
2001-09-30,HML,FIZ_2024,0.025352112676056,0.025352112676056082,8.326672684688674e-17
2001-10-31,HML,FIZ_2024,-0.7070422535211269,-0.7070422535211268,1.1102230246251565e-16
2001-11-30,HML,FIZ_2024,0.0865191146881287,0.08651911468812848,-2.220446049250313e-16
2001-12-31,HML,FIZ_2024,-0.0237424547283703,-0.023742454728370457,-1.5612511283791264e-16
2002-01-31,HML,FIZ_2024,0.1855130784708247,0.18551307847082463,-8.326672684688674e-17
2002-02-28,HML,FIZ_2024,0.0824949698189134,0.08249496981891322,-1.8041124150158794e-16
2002-03-31,HML,FIZ_2024,-0.0060362173038229,-0.0060362173038231715,-2.714842239903703e-16
2002-04-30,HML,FIZ_2024,0.2209255533199192,0.22092555331991917,-2.7755575615628914e-17
2002-05-31,HML,FIZ_2024,0.0317907444668006,0.03179074446680055,-4.85722573273506e-17
2002-06-30,HML,FIZ_2024,-0.0953722334004025,-0.09537223340040263,-1.249000902703301e-16
2002-07-31,HML,FIZ_2024,-0.4012072434607646,-0.40120724346076475,-1.6653345369377348e-16
2002-08-31,HML,FIZ_2024,0.1726358148893358,0.1726358148893357,-1.1102230246251565e-16
2002-09-30,HML,FIZ_2024,0.0269617706237423,0.025352112676056082,-0.0016096579476862181
2002-10-31,HML,FIZ_2024,-0.4092555331991953,-0.40845070422535223,0.0008048289738430414
2002-11-30,HML,FIZ_2024,-0.1903420523138834,-0.19275653923541264,-0.0024144869215292353
2002-12-31,HML,FIZ_2024,0.0808853118712273,0.0808853118712271,-1.942890293094024e-16
2003-01-31,HML,FIZ_2024,-0.1581488933601611,-0.15653923541247505,0.001609657947686055
2003-02-28,HML,FIZ_2024,-0.2032193158953723,-0.20160965794768632,0.0016096579476859718
2003-03-31,HML,FIZ_2024,-0.2466800804828974,-0.2474849094567406,-0.0008048289738431802
2003-04-30,HML,FIZ_2024,0.0004024144869214,0.0012072434607643262,0.0008048289738429263
2003-05-31,HML,FIZ_2024,-0.0591549295774649,-0.05995975855130807,-0.0008048289738431733
2003-06-30,HML,FIZ_2024,-0.0824949698189136,-0.0824949698189137,-9.71445146547012e-17
2003-07-31,HML,FIZ_2024,-0.1911468812877265,-0.19114688128772656,-5.551115123125783e-17
2003-08-31,HML,FIZ_2024,0.0317907444668006,0.03179074446680055,-4.85722573273506e-17
2003-09-30,HML,FIZ_2024,-0.0784708249496982,-0.07766599597585536,0.0008048289738428471
2003-10-31,HML,FIZ_2024,0.0672032193158953,0.0672032193158951,-2.0816681711721685e-16
2003-11-30,HML,FIZ_2024,0.051911468812877,0.051911468812877004,6.938893903907228e-18
2003-12-31,HML,FIZ_2024,0.037424547283702,0.03742454728370195,-4.85722573273506e-17
2004-01-31,HML,FIZ_2024,0.1090543259557343,0.10905432595573414,-1.6653345369377348e-16
2004-02-29,HML,FIZ_2024,-0.0189134808853119,-0.020523138832998222,-0.0016096579476863222
2004-03-31,HML,FIZ_2024,-0.0696177062374246,-0.06961770623742478,-1.8041124150158794e-16
2004-04-30,HML,FIZ_2024,-0.3408450704225353,-0.3384305835010062,0.0024144869215291243
2004-05-31,HML,FIZ_2024,-0.1114688128772637,-0.11146881287726379,-8.326672684688674e-17
2004-06-30,HML,FIZ_2024,0.0036217303822936,0.003621730382293506,-9.410874857174178e-17
2004-07-31,HML,FIZ_2024,0.1694164989939637,0.16941649899396352,-1.6653345369377348e-16
2004-08-31,HML,FIZ_2024,-0.0132796780684105,-0.01327967806841071,-2.0990154059319366e-16
2004-09-30,HML,FIZ_2024,-0.0913480885311872,-0.09134808853118734,-1.3877787807814457e-16
2004-10-31,HML,FIZ_2024,-0.1090543259557346,-0.10905432595573461,-1.3877787807814457e-17
2004-11-30,HML,FIZ_2024,0.0221327967806839,0.022132796780683847,-5.204170427930421e-17
2004-12-31,HML,FIZ_2024,-0.1090543259557346,-0.10905432595573461,-1.3877787807814457e-17
2005-01-31,HML,FIZ_2024,0.0744466800804828,0.07444668008048264,-1.6653345369377348e-16
2005-02-28,HML,FIZ_2024,0.0325955734406435,0.03259557344064361,1.1102230246251565e-16
2005-03-31,HML,FIZ_2024,0.0728370221327965,0.07283702213279653,2.7755575615628914e-17
2005-04-30,HML,FIZ_2024,-0.0857142857142858,-0.08571428571428594,-1.3877787807814457e-16
2005-05-31,HML,FIZ_2024,-0.142857142857143,-0.14285714285714307,-8.326672684688674e-17
2005-06-30,HML,FIZ_2024,0.1364185110663982,0.1364185110663981,-1.1102230246251565e-16
2005-07-31,HML,FIZ_2024,-0.1549295774647887,-0.15492957746478891,-2.220446049250313e-16
2005-08-31,HML,FIZ_2024,0.0148893360160964,0.014889336016096336,-6.418476861114186e-17
2005-09-30,HML,FIZ_2024,-0.0342052313883299,-0.03420523138833022,-3.191891195797325e-16
2005-10-31,HML,FIZ_2024,-0.0575452716297788,-0.0575452716297789,-9.71445146547012e-17
2005-11-30,HML,FIZ_2024,-0.184708249496982,-0.18470824949698206,-5.551115123125783e-17
2005-12-31,HML,FIZ_2024,-0.0752515090543261,-0.07525150905432618,-8.326672684688674e-17
2006-01-31,HML,FIZ_2024,-0.0044265593561368,-0.004426559356137061,-2.6107588313450947e-16
2006-02-28,HML,FIZ_2024,-0.1187122736418512,-0.11871227364185132,-1.1102230246251565e-16
2006-03-31,HML,FIZ_2024,-0.0430583501006037,-0.043058350100603854,-1.5265566588595902e-16
2006-04-30,HML,FIZ_2024,0.0969818913480884,0.09698189134808824,-1.6653345369377348e-16
2006-05-31,HML,FIZ_2024,0.1026156941649898,0.10261569416498967,-1.3877787807814457e-16
2006-06-30,HML,FIZ_2024,-0.0229376257545272,-0.022937625754527402,-2.0122792321330962e-16
2006-07-31,HML,FIZ_2024,0.1179074446680079,0.11790744466800776,-1.3877787807814457e-16
2006-08-31,HML,FIZ_2024,-0.2571428571428573,-0.25714285714285734,-5.551115123125783e-17
2006-09-30,HML,FIZ_2024,-0.0849094567404428,-0.08490945674044287,-6.938893903907228e-17
2006-10-31,HML,FIZ_2024,-0.1162977867203221,-0.11629778672032214,-4.163336342344337e-17
2006-11-30,HML,FIZ_2024,-0.0800804828973843,-0.08008048289738452,-2.220446049250313e-16
2006-12-31,HML,FIZ_2024,0.1283702213279676,0.12837022132796752,-8.326672684688674e-17
2007-01-31,HML,FIZ_2024,-0.1460764587525151,-0.1460764587525153,-1.942890293094024e-16
2007-02-28,HML,FIZ_2024,-0.10261569416499,-0.10261569416499015,-1.5265566588595902e-16
2007-03-31,HML,FIZ_2024,-0.1694164989939639,-0.16941649899396397,-5.551115123125783e-17
2007-04-30,HML,FIZ_2024,-0.2080482897384306,-0.20804828973843076,-1.6653345369377348e-16
2007-05-31,HML,FIZ_2024,-0.143661971830986,-0.1436619718309861,-1.1102230246251565e-16
2007-06-30,HML,FIZ_2024,-0.1758551307847083,-0.17585513078470844,-1.3877787807814457e-16
2007-07-31,HML,FIZ_2024,-0.3899396378269618,-0.38993963782696184,-5.551115123125783e-17
2007-08-31,HML,FIZ_2024,-0.241046277665996,-0.24104627766599615,-1.3877787807814457e-16
2007-09-30,HML,FIZ_2024,-0.2692152917505032,-0.2692152917505032,0.0
2007-10-31,HML,FIZ_2024,-0.3311871227364187,-0.33118712273641865,5.551115123125783e-17
2007-11-30,HML,FIZ_2024,-0.1670020120724347,-0.16700201207243479,-8.326672684688674e-17
2007-12-31,HML,FIZ_2024,-0.1356136820925555,-0.13561368209255553,-2.7755575615628914e-17
2008-01-31,HML,FIZ_2024,0.2281690140845069,0.2281690140845067,-1.942890293094024e-16
2008-02-29,HML,FIZ_2024,-0.1589537223340041,-0.15895372233400423,-1.3877787807814457e-16
2008-03-31,HML,FIZ_2024,-0.0672032193158954,-0.0672032193158956,-1.942890293094024e-16
2008-04-30,HML,FIZ_2024,-0.1670020120724347,-0.16700201207243479,-8.326672684688674e-17
2008-05-31,HML,FIZ_2024,-0.2064386317907445,-0.20643863179074462,-1.1102230246251565e-16
2008-06-30,HML,FIZ_2024,-0.3094567404426561,-0.30945674044265603,5.551115123125783e-17
2008-07-31,HML,FIZ_2024,0.3448692152917505,0.3448692152917501,-4.440892098500626e-16
2008-08-31,HML,FIZ_2024,0.0366197183098591,0.03661971830985891,-1.8735013540549517e-16
2008-09-30,HML,FIZ_2024,0.3843058350100603,0.38430583501006,-3.3306690738754696e-16
2008-10-31,HML,FIZ_2024,-0.2764587525150906,-0.27645875251509067,-5.551115123125783e-17
2008-11-30,HML,FIZ_2024,-0.5991951710261569,-0.5991951710261569,0.0
2008-12-31,HML,FIZ_2024,-0.0800804828973843,-0.08008048289738452,-2.220446049250313e-16
2009-01-31,HML,FIZ_2024,-1.0,-0.9999999999999999,1.1102230246251565e-16
2009-02-28,HML,FIZ_2024,-0.6507042253521127,-0.6507042253521127,0.0
2009-03-31,HML,FIZ_2024,0.187927565392354,0.1879275653923538,-1.942890293094024e-16
2009-04-30,HML,FIZ_2024,0.340040241448692,0.3400402414486918,-1.6653345369377348e-16
2009-05-31,HML,FIZ_2024,-0.0688128772635816,-0.0688128772635817,-1.1102230246251565e-16
2009-06-30,HML,FIZ_2024,-0.3110663983903422,-0.3110663983903422,0.0
2009-07-31,HML,FIZ_2024,0.2973843058350098,0.29738430583500974,-5.551115123125783e-17
2009-08-31,HML,FIZ_2024,0.5227364185110661,0.5227364185110659,-2.220446049250313e-16
2009-09-30,HML,FIZ_2024,-0.006841046277666,-0.007645875251509296,-0.0008048289738432956
2009-10-31,HML,FIZ_2024,-0.4301810865191148,-0.4301810865191148,0.0
2009-11-30,HML,FIZ_2024,-0.1187122736418512,-0.11871227364185132,-1.1102230246251565e-16
2009-12-31,HML,FIZ_2024,-0.1050301810865191,-0.10422535211267626,0.0008048289738428333
2010-01-31,HML,FIZ_2024,-0.0567404426559358,-0.05674044265593584,-4.163336342344337e-17
2010-02-28,HML,FIZ_2024,0.1686116700201205,0.16780684104627738,-0.0008048289738431247
2010-03-31,HML,FIZ_2024,0.0865191146881287,0.08651911468812848,-2.220446049250313e-16
2010-04-30,HML,FIZ_2024,0.1412474849094567,0.14124748490945646,-2.498001805406602e-16
2010-05-31,HML,FIZ_2024,-0.2877263581488934,-0.28772635814889347,-5.551115123125783e-17
2010-06-30,HML,FIZ_2024,-0.4696177062374247,-0.4696177062374246,1.1102230246251565e-16
2010-07-31,HML,FIZ_2024,-0.1162977867203221,-0.11629778672032214,-4.163336342344337e-17
2010-08-31,HML,FIZ_2024,-0.2442655935613683,-0.24426559356136837,-8.326672684688674e-17
2010-09-30,HML,FIZ_2024,-0.3456740442655936,-0.34567404426559367,-5.551115123125783e-17
2010-10-31,HML,FIZ_2024,-0.2869215291750504,-0.2861167002012074,0.0008048289738430414
2010-11-30,HML,FIZ_2024,-0.1686116700201209,-0.1686116700201209,0.0
2010-12-31,HML,FIZ_2024,0.2064386317907443,0.2056338028169011,-0.0008048289738431802
2011-01-31,HML,FIZ_2024,-0.0245472837022133,-0.025352112676056582,-0.0008048289738432808
2011-02-28,HML,FIZ_2024,0.0108651911468811,0.010865191146881045,-5.551115123125783e-17
2011-03-31,HML,FIZ_2024,-0.2386317907444669,-0.23863179074446697,-8.326672684688674e-17
2011-04-30,HML,FIZ_2024,-0.2869215291750504,-0.2869215291750504,0.0
2011-05-31,HML,FIZ_2024,-0.2619718309859157,-0.2619718309859157,0.0
2011-06-30,HML,FIZ_2024,-0.1251509054325956,-0.12515090543259577,-1.6653345369377348e-16
2011-07-31,HML,FIZ_2024,-0.1637826961770625,-0.1629778672032195,0.0008048289738430137
2011-08-31,HML,FIZ_2024,-0.2812877263581489,-0.281287726358149,-1.1102230246251565e-16
2011-09-30,HML,FIZ_2024,-0.2297786720321933,-0.2305835010060364,-0.0008048289738430969
2011-10-31,HML,FIZ_2024,-0.0832997987927567,-0.0824949698189137,0.0008048289738429998
2011-11-30,HML,FIZ_2024,-0.128370221327968,-0.12756539235412495,0.0008048289738430414
2011-12-31,HML,FIZ_2024,0.0398390342052312,0.039839034205231105,-9.71445146547012e-17
2012-01-31,HML,FIZ_2024,-0.1694164989939639,-0.16941649899396397,-5.551115123125783e-17
2012-02-29,HML,FIZ_2024,-0.0567404426559358,-0.05674044265593584,-4.163336342344337e-17
2012-03-31,HML,FIZ_2024,0.0004024144869214,0.0004024144869212709,-1.290742686343993e-16
2012-04-30,HML,FIZ_2024,-0.1541247484909457,-0.15412474849094587,-1.6653345369377348e-16
2012-05-31,HML,FIZ_2024,-0.1774647887323944,-0.17746478873239457,-1.6653345369377348e-16
2012-06-30,HML,FIZ_2024,-0.0414486921529176,-0.041448692152917736,-1.3877787807814457e-16
2012-07-31,HML,FIZ_2024,-0.0929577464788733,-0.09295774647887345,-1.5265566588595902e-16
2012-08-31,HML,FIZ_2024,0.0132796780684103,0.013279678068410211,-8.847089727481716e-17
2012-09-30,HML,FIZ_2024,0.037424547283702,0.03742454728370195,-4.85722573273506e-17
2012-10-31,HML,FIZ_2024,0.1975855130784707,0.19758551307847047,-2.220446049250313e-16
2012-11-30,HML,FIZ_2024,-0.1589537223340041,-0.15895372233400423,-1.3877787807814457e-16
2012-12-31,HML,FIZ_2024,0.1911468812877261,0.19114688128772603,-8.326672684688674e-17
2013-01-31,HML,FIZ_2024,-0.0140845070422536,-0.014084507042253766,-1.6653345369377348e-16
2013-02-28,HML,FIZ_2024,-0.0824949698189136,-0.0824949698189137,-9.71445146547012e-17
2013-03-31,HML,FIZ_2024,-0.1066398390342052,-0.10663983903420544,-2.498001805406602e-16
2013-04-30,HML,FIZ_2024,-0.0551307847082497,-0.055130784708249725,-2.7755575615628914e-17
2013-05-31,HML,FIZ_2024,0.1203219315895369,0.12032193158953691,1.3877787807814457e-17
2013-06-30,HML,FIZ_2024,-0.0889336016096581,-0.08893360160965816,-5.551115123125783e-17
2013-07-31,HML,FIZ_2024,-0.0454728370221328,-0.045472837022133034,-2.3592239273284576e-16
2013-08-31,HML,FIZ_2024,-0.3078470824949698,-0.30784708249496995,-1.6653345369377348e-16
2013-09-30,HML,FIZ_2024,-0.1895372233400404,-0.18953722334004042,-2.7755575615628914e-17
2013-10-31,HML,FIZ_2024,0.009255533199195,0.00925553319919492,-7.979727989493313e-17
2013-11-30,HML,FIZ_2024,-0.0655935613682093,-0.06559356136820949,-1.8041124150158794e-16
2013-12-31,HML,FIZ_2024,-0.0929577464788733,-0.09295774647887345,-1.5265566588595902e-16
2014-01-31,HML,FIZ_2024,-0.2579476861167004,-0.2579476861167004,0.0
2014-02-28,HML,FIZ_2024,-0.1162977867203221,-0.11629778672032214,-4.163336342344337e-17
2014-03-31,HML,FIZ_2024,0.3054325955734405,0.30543259557344027,-2.220446049250313e-16
2014-04-30,HML,FIZ_2024,0.0028169014084504,0.0028169014084504507,5.074066167232161e-17
2014-05-31,HML,FIZ_2024,-0.101810865191147,-0.1018108651911471,-9.71445146547012e-17
2014-06-30,HML,FIZ_2024,-0.1476861167002012,-0.1476861167002014,-1.942890293094024e-16
2014-07-31,HML,FIZ_2024,-0.0889336016096581,-0.0881287726358151,0.0008048289738429998
2014-08-31,HML,FIZ_2024,-0.1275653923541247,-0.12756539235412495,-2.498001805406602e-16
2014-09-30,HML,FIZ_2024,-0.199195171026157,-0.20000000000000018,-0.0008048289738431802
2014-10-31,HML,FIZ_2024,-0.2370221327967808,-0.2362173038229378,0.0008048289738430137
2014-11-30,HML,FIZ_2024,-0.3400402414486922,-0.3408450704225353,-0.0008048289738430969
2014-12-31,HML,FIZ_2024,0.091348088531187,0.09134808853118684,-1.6653345369377348e-16
2015-01-31,HML,FIZ_2024,-0.3794768611670021,-0.3802816901408451,-0.0008048289738430414
2015-02-28,HML,FIZ_2024,-0.241046277665996,-0.24104627766599615,-1.3877787807814457e-16
2015-03-31,HML,FIZ_2024,-0.1211267605633803,-0.12193158953722355,-0.0008048289738432496
2015-04-30,HML,FIZ_2024,0.0551307847082493,0.055130784708249225,-7.632783294297951e-17
2015-05-31,HML,FIZ_2024,-0.1830985915492959,-0.18390342052313902,-0.0008048289738431247
2015-06-30,HML,FIZ_2024,-0.1549295774647887,-0.15492957746478891,-2.220446049250313e-16
2015-07-31,HML,FIZ_2024,-0.4237424547283703,-0.42374245472837035,-5.551115123125783e-17
2015-08-31,HML,FIZ_2024,0.1315895372233397,0.13158953722333974,5.551115123125783e-17
2015-09-30,HML,FIZ_2024,-0.0462776659959759,-0.04627766599597608,-1.8041124150158794e-16
2015-10-31,HML,FIZ_2024,-0.128370221327968,-0.12837022132796802,-2.7755575615628914e-17
2015-11-30,HML,FIZ_2024,-0.1251509054325956,-0.12515090543259577,-1.6653345369377348e-16
2015-12-31,HML,FIZ_2024,-0.3014084507042254,-0.3014084507042255,-1.1102230246251565e-16
2016-01-31,HML,FIZ_2024,0.0768611670020118,0.07686116700201179,-1.3877787807814457e-17
2016-02-29,HML,FIZ_2024,-0.1372233400402416,-0.13722334004024164,-5.551115123125783e-17
2016-03-31,HML,FIZ_2024,0.0044265593561365,0.004426559356136561,6.158268339717665e-17
2016-04-30,HML,FIZ_2024,0.1726358148893358,0.1726358148893357,-1.1102230246251565e-16
2016-05-31,HML,FIZ_2024,-0.2249496981891349,-0.22494969818913496,-5.551115123125783e-17
2016-06-30,HML,FIZ_2024,-0.2104627766599599,-0.21046277665995994,-2.7755575615628914e-17
2016-07-31,HML,FIZ_2024,-0.1975855130784709,-0.197585513078471,-1.1102230246251565e-16
2016-08-31,HML,FIZ_2024,0.1645875251509052,0.16458752515090516,-2.7755575615628914e-17
2016-09-30,HML,FIZ_2024,-0.1911468812877265,-0.19114688128772656,-5.551115123125783e-17
2016-10-31,HML,FIZ_2024,0.2378269617706236,0.23782696177062337,-2.220446049250313e-16
2016-11-30,HML,FIZ_2024,0.5694164989939636,0.5694164989939634,-2.220446049250313e-16
2016-12-31,HML,FIZ_2024,0.1927565392354122,0.19275653923541217,-2.7755575615628914e-17
2017-01-31,HML,FIZ_2024,-0.3126760563380283,-0.3126760563380283,0.0
2017-02-28,HML,FIZ_2024,-0.2257545271629779,-0.22575452716297803,-1.3877787807814457e-16
2017-03-31,HML,FIZ_2024,-0.3609657947686118,-0.3609657947686118,0.0
2017-04-30,HML,FIZ_2024,-0.2627766599597586,-0.2627766599597587,-1.1102230246251565e-16
2017-05-31,HML,FIZ_2024,-0.3955734406438632,-0.39557344064386324,-5.551115123125783e-17
2017-06-30,HML,FIZ_2024,0.0277665995975853,0.027766599597585248,-5.204170427930421e-17
2017-07-31,HML,FIZ_2024,-0.1162977867203221,-0.11629778672032214,-4.163336342344337e-17
2017-08-31,HML,FIZ_2024,-0.2595573440643864,-0.2603621730382295,-0.0008048289738430969
2017-09-30,HML,FIZ_2024,0.161368209255533,0.1597585513078468,-0.0016096579476861939
2017-10-31,HML,FIZ_2024,-0.0752515090543261,-0.07605633802816923,-0.0008048289738431386
2017-11-30,HML,FIZ_2024,-0.0937625754527163,-0.09376257545271652,-2.220446049250313e-16
2017-12-31,HML,FIZ_2024,-0.0865191146881289,-0.08651911468812899,-9.71445146547012e-17
1950-01-31,HML,CIZ_2026,-0.0816901408450706,-0.07927565392354147,0.002414486921529138
1950-02-28,HML,CIZ_2026,-0.1549295774647887,-0.15492957746478891,-2.220446049250313e-16
1950-03-31,HML,CIZ_2026,-0.3175050301810866,-0.31509054325955743,0.0024144869215291798
1950-04-30,HML,CIZ_2026,0.0132796780684103,0.01569416498993939,0.0024144869215290913
1950-05-31,HML,CIZ_2026,-0.0543259557344064,-0.053521126760563614,0.0008048289738427847
1950-06-30,HML,CIZ_2026,-0.1476861167002012,-0.15492957746478891,-0.007243460764587706
1950-07-31,HML,CIZ_2026,1.0,1.0104627766599592,0.010462776659959205
1950-08-31,HML,CIZ_2026,-0.212072434607646,-0.20160965794768632,0.010462776659959677
1950-09-30,HML,CIZ_2026,-0.1774647887323944,-0.17987927565392375,-0.0024144869215293463
1950-10-31,HML,CIZ_2026,0.0132796780684103,0.01810865191146857,0.004828973843058271
1950-11-30,HML,CIZ_2026,0.1766599597585512,0.1653923541247482,-0.011267605633802996
1950-12-31,HML,CIZ_2026,0.5010060362173037,0.49376257545271585,-0.007243460764587817
1951-01-31,HML,CIZ_2026,0.201609657947686,0.2136820925553317,0.012072434607645677
1951-02-28,HML,CIZ_2026,-0.3207243460764588,-0.3158953722334006,0.004828973843058193
1951-03-31,HML,CIZ_2026,-0.4213279678068411,-0.43420523138833,-0.012877263581488885
1951-04-30,HML,CIZ_2026,0.1718309859154927,0.17102615694164955,-0.0008048289738431524
1951-05-31,HML,CIZ_2026,-0.2016096579476862,-0.20563380281690158,-0.004024144869215374
1951-06-30,HML,CIZ_2026,-0.3931589537223341,-0.4116700201207244,-0.018511066398390286
1951-07-31,HML,CIZ_2026,0.0744466800804828,0.06961770623742428,-0.004828973843058526
1951-08-31,HML,CIZ_2026,-0.101810865191147,-0.10503018108651932,-0.0032193158953723183
1951-09-30,HML,CIZ_2026,-0.0406438631790745,-0.041448692152917736,-0.0008048289738432357
1951-10-31,HML,CIZ_2026,-0.0728370221327968,-0.07686116700201229,-0.004024144869215485
1951-11-30,HML,CIZ_2026,-0.0961770623742456,-0.09778672032193181,-0.0016096579476862077
1951-12-31,HML,CIZ_2026,-0.2193158953722335,-0.21609657947686134,0.0032193158953721657
1952-01-31,HML,CIZ_2026,0.0334004024144869,0.027766599597585248,-0.005633802816901651
1952-02-29,HML,CIZ_2026,-0.1404426559356137,-0.14124748490945693,-0.0008048289738432357
1952-03-31,HML,CIZ_2026,0.0832997987927564,0.08812877263581462,0.004828973843058221
1952-04-30,HML,CIZ_2026,-0.0993963782696177,-0.09376257545271652,0.005633802816901179
1952-05-31,HML,CIZ_2026,-0.088128772635815,-0.08973843058350123,-0.0016096579476862216
1952-06-30,HML,CIZ_2026,0.0084507042253521,0.008450704225351865,-2.3418766925686896e-16
1952-07-31,HML,CIZ_2026,-0.1195171026156942,-0.11710261569416519,0.0024144869215290132
1952-08-31,HML,CIZ_2026,-0.0905432595573442,-0.08410462776659981,0.006438631790744387
1952-09-30,HML,CIZ_2026,-0.2136820925553321,-0.20563380281690158,0.008048289738430525
1952-10-31,HML,CIZ_2026,-0.128370221327968,-0.13561368209255553,-0.007243460764587539
1952-11-30,HML,CIZ_2026,-0.0132796780684105,-0.009255533199195407,0.004024144869215094
1952-12-31,HML,CIZ_2026,-0.0760563380281691,-0.07605633802816923,-1.3877787807814457e-16
1953-01-31,HML,CIZ_2026,0.0148893360160964,0.0116700201207241,-0.0032193158953722992
1953-02-28,HML,CIZ_2026,-0.0985915492957747,-0.09537223340040263,0.0032193158953720685
1953-03-31,HML,CIZ_2026,-0.1597585513078472,-0.15895372233400423,0.0008048289738429582
1953-04-30,HML,CIZ_2026,0.035010060362173,0.03340040241448666,-0.0016096579476863396
1953-05-31,HML,CIZ_2026,-0.0728370221327968,-0.07122736418511089,0.0016096579476859163
1953-06-30,HML,CIZ_2026,-0.1291750503018111,-0.13158953722334024,-0.002414486921529152
1953-07-31,HML,CIZ_2026,-0.1090543259557346,-0.11146881287726379,-0.0024144869215291936
1953-08-31,HML,CIZ_2026,-0.3754527162977867,-0.37464788732394383,0.0008048289738428749
1953-09-30,HML,CIZ_2026,-0.2877263581488934,-0.28772635814889347,-5.551115123125783e-17
1953-10-31,HML,CIZ_2026,-0.1114688128772637,-0.10663983903420544,0.004828973843058262
1953-11-30,HML,CIZ_2026,-0.1034205231388331,-0.10342052313883321,-1.1102230246251565e-16
1953-12-31,HML,CIZ_2026,-0.3199195171026158,-0.31911468812877275,0.0008048289738430414
1954-01-31,HML,CIZ_2026,0.1855130784708247,0.18631790744466772,0.0008048289738430137
1954-02-28,HML,CIZ_2026,-0.1146881287726359,-0.1130784708249499,0.0016096579476859996
1954-03-31,HML,CIZ_2026,-0.212072434607646,-0.20804828973843076,0.004024144869215235
1954-04-30,HML,CIZ_2026,-0.1187122736418512,-0.12112676056338048,-0.002414486921529277
1954-05-31,HML,CIZ_2026,0.105835010060362,0.10583501006036192,-8.326672684688674e-17
1954-06-30,HML,CIZ_2026,-0.0905432595573442,-0.08973843058350123,0.000804828973842972
1954-07-31,HML,CIZ_2026,0.2410462776659958,0.2418511066398387,0.0008048289738429026
1954-08-31,HML,CIZ_2026,-0.2024144869215292,-0.20563380281690158,-0.0032193158953723877
1954-09-30,HML,CIZ_2026,-0.0366197183098593,-0.036619718309859384,-8.326672684688674e-17
1954-10-31,HML,CIZ_2026,-0.0374245472837023,-0.03983903420523162,-0.0024144869215293185
1954-11-30,HML,CIZ_2026,0.2627766599597585,0.2668008048289735,0.004024144869214985
1954-12-31,HML,CIZ_2026,0.3641851106639837,0.3657947686116696,0.0016096579476859163
1955-01-31,HML,CIZ_2026,0.0808853118712273,0.07766599597585486,-0.0032193158953724432
1955-02-28,HML,CIZ_2026,-0.0446680080482898,-0.0422535211267608,0.0024144869215289994
1955-03-31,HML,CIZ_2026,0.0672032193158953,0.06398390342052288,-0.0032193158953724293
1955-04-30,HML,CIZ_2026,-0.0366197183098593,-0.030985915492957983,0.005633802816901318
1955-05-31,HML,CIZ_2026,-0.1686116700201209,-0.1686116700201209,0.0
1955-06-30,HML,CIZ_2026,0.0567404426559354,0.057545271629778405,0.0008048289738430067
1955-07-31,HML,CIZ_2026,-0.0631790744466802,-0.05674044265593584,0.006438631790744352
1955-08-31,HML,CIZ_2026,-0.0334004024144869,-0.030985915492957983,0.002414486921528916
1955-09-30,HML,CIZ_2026,-0.17102615694165,-0.17183098591549315,-0.0008048289738431524
1955-10-31,HML,CIZ_2026,-0.1034205231388331,-0.09698189134808874,0.006438631790744359
1955-11-30,HML,CIZ_2026,-0.0647887323943663,-0.06478873239436642,-1.1102230246251565e-16
1955-12-31,HML,CIZ_2026,-0.2764587525150906,-0.2627766599597587,0.013682092555331926
1956-01-31,HML,CIZ_2026,-0.0148893360160967,-0.026961770623742692,-0.012072434607645992
1956-02-29,HML,CIZ_2026,-0.1259557344064387,-0.12434607645875272,0.0016096579476859857
1956-03-31,HML,CIZ_2026,-0.128370221327968,-0.12997987927565413,-0.0016096579476861383
1956-04-30,HML,CIZ_2026,-0.1106639839034206,-0.10261569416499015,0.008048289738430442
1956-05-31,HML,CIZ_2026,-0.1967806841046279,-0.19919517102615714,-0.0024144869215292353
1956-06-30,HML,CIZ_2026,-0.1822937625754527,-0.17746478873239457,0.0048289738430581375
1956-07-31,HML,CIZ_2026,-0.0945674044265594,-0.09617706237424568,-0.0016096579476862771
1956-08-31,HML,CIZ_2026,-0.1509054325955735,-0.15010060362173058,0.0008048289738429304
1956-09-30,HML,CIZ_2026,0.0503018108651909,0.050301810865190894,-6.938893903907228e-18
1956-10-31,HML,CIZ_2026,-0.0961770623742456,-0.09617706237424568,-8.326672684688674e-17
1956-11-30,HML,CIZ_2026,0.051911468812877,0.050301810865190894,-0.0016096579476861037
1956-12-31,HML,CIZ_2026,-0.2643863179074448,-0.2643863179074448,0.0
1957-01-31,HML,CIZ_2026,0.1348088531187121,0.1364185110663981,0.0016096579476859996
1957-02-28,HML,CIZ_2026,-0.1492957746478874,-0.14446680080482918,0.004828973843058221
1957-03-31,HML,CIZ_2026,-0.1299798792756541,-0.1348088531187125,-0.004828973843058387
1957-04-30,HML,CIZ_2026,-0.2080482897384306,-0.21046277665995994,-0.0024144869215293463
1957-05-31,HML,CIZ_2026,-0.2603621730382295,-0.253118712273642,0.007243460764587484
1957-06-30,HML,CIZ_2026,-0.0905432595573442,-0.09295774647887345,-0.002414486921529249
1957-07-31,HML,CIZ_2026,-0.0567404426559358,-0.05271629778672055,0.004024144869215249
1957-08-31,HML,CIZ_2026,-0.1243460764587526,-0.12756539235412495,-0.003219315895372346
1957-09-30,HML,CIZ_2026,-0.0173038229376258,-0.014889336016096821,0.0024144869215289785
1957-10-31,HML,CIZ_2026,-0.2362173038229378,-0.24265593561368223,-0.006438631790744442
1957-11-30,HML,CIZ_2026,-0.322334004024145,-0.32555331991951725,-0.003219315895372221
1957-12-31,HML,CIZ_2026,-0.2217303822937627,-0.23299798792756557,-0.011267605633802857
1958-01-31,HML,CIZ_2026,0.2458752515090543,0.2579476861166998,0.012072434607645538
1958-02-28,HML,CIZ_2026,-0.0647887323943663,-0.072837022132797,-0.008048289738430692
1958-03-31,HML,CIZ_2026,-0.1694164989939639,-0.17424547283702232,-0.004828973843058415
1958-04-30,HML,CIZ_2026,0.0382293762575451,0.040643863179074174,0.0024144869215290757
1958-05-31,HML,CIZ_2026,-0.1122736418511067,-0.1074446680080485,0.004828973843058207
1958-06-30,HML,CIZ_2026,-0.0591549295774649,-0.06639839034205254,-0.007243460764587643
1958-07-31,HML,CIZ_2026,0.1549295774647887,0.15573440643863148,0.0008048289738427916
1958-08-31,HML,CIZ_2026,-0.0623742454728372,-0.06478873239436642,-0.0024144869215292145
1958-09-30,HML,CIZ_2026,0.1380281690140843,0.1340040241448689,-0.004024144869215401
1958-10-31,HML,CIZ_2026,-0.1863179074446681,-0.18229376257545288,0.004024144869215235
1958-11-30,HML,CIZ_2026,-0.1863179074446681,-0.18551307847082513,0.0008048289738429859
1958-12-31,HML,CIZ_2026,-0.0889336016096581,-0.08651911468812899,0.0024144869215291104
1959-01-31,HML,CIZ_2026,0.1428571428571428,0.1436619718309856,0.0008048289738428194
1959-02-28,HML,CIZ_2026,0.0020120724346075,0.0012072434607643262,-0.0008048289738431737
1959-03-31,HML,CIZ_2026,-0.1187122736418512,-0.11871227364185132,-1.1102230246251565e-16
1959-04-30,HML,CIZ_2026,-0.1903420523138834,-0.19114688128772656,-0.0008048289738431524
1959-05-31,HML,CIZ_2026,0.0527162977867201,0.053521126760563115,0.0008048289738430137
1959-06-30,HML,CIZ_2026,0.0140845070422535,0.014889336016096336,0.000804828973842835
1959-07-31,HML,CIZ_2026,-0.0728370221327968,-0.06961770623742478,0.003219315895372027
1959-08-31,HML,CIZ_2026,-0.0559356136820927,-0.05593561368209278,-8.326672684688674e-17
1959-09-30,HML,CIZ_2026,-0.0470824949698189,-0.048692152917505255,-0.0016096579476863535
1959-10-31,HML,CIZ_2026,-0.2603621730382295,-0.2603621730382295,0.0
1959-11-30,HML,CIZ_2026,-0.349698189134809,-0.35050301810865203,-0.0008048289738430414
1959-12-31,HML,CIZ_2026,-0.0969818913480886,-0.0921529175050304,0.004828973843058207
1960-01-31,HML,CIZ_2026,0.1323943661971829,0.12193158953722305,-0.010462776659959844
1960-02-29,HML,CIZ_2026,-0.2466800804828974,-0.24989939637826977,-0.00321931589537236
1960-03-31,HML,CIZ_2026,-0.3279678068410463,-0.3126760563380283,0.015291750503018009
1960-04-30,HML,CIZ_2026,-0.2748490945674045,-0.2635814889336018,0.011267605633802691
1960-05-31,HML,CIZ_2026,-0.3891348088531188,-0.39154929577464803,-0.0024144869215292353
1960-06-30,HML,CIZ_2026,-0.1187122736418512,-0.1130784708249499,0.005633802816901304
1960-07-31,HML,CIZ_2026,0.0680080482897382,0.07605633802816875,0.008048289738430553
1960-08-31,HML,CIZ_2026,-0.1058350100603622,-0.10905432595573461,-0.0032193158953724155
1960-09-30,HML,CIZ_2026,0.0390342052313883,0.042253521126760285,0.0032193158953719853
1960-10-31,HML,CIZ_2026,0.1364185110663982,0.12997987927565363,-0.006438631790744581
1960-11-30,HML,CIZ_2026,-0.2869215291750504,-0.2820925553319921,0.004828973843058304
1960-12-31,HML,CIZ_2026,-0.156539235412475,-0.15251509054325976,0.004024144869215235
1961-01-31,HML,CIZ_2026,0.2080482897384306,0.1999999999999997,-0.008048289738430886
1961-02-28,HML,CIZ_2026,-0.1444668008048291,-0.13883299798792775,0.0056338028169013454
1961-03-31,HML,CIZ_2026,-0.1501006036217305,-0.15814889336016114,-0.008048289738430636
1961-04-30,HML,CIZ_2026,0.0792756539235413,0.07686116700201179,-0.002414486921529513
1961-05-31,HML,CIZ_2026,-0.0615694164989941,-0.05593561368209278,0.005633802816901318
1961-06-30,HML,CIZ_2026,-0.10261569416499,-0.10100603621730403,0.0016096579476859718
1961-07-31,HML,CIZ_2026,-0.0985915492957747,-0.09778672032193181,0.0008048289738428888
1961-08-31,HML,CIZ_2026,-0.1138832997987928,-0.11468812877263602,-0.0008048289738432218
1961-09-30,HML,CIZ_2026,-0.1404426559356137,-0.1404426559356139,-1.942890293094024e-16
1961-10-31,HML,CIZ_2026,-0.0792756539235413,-0.08008048289738452,-0.0008048289738432218
1961-11-30,HML,CIZ_2026,-0.1903420523138834,-0.1879275653923543,0.0024144869215290965
1961-12-31,HML,CIZ_2026,0.0527162977867201,0.053521126760563115,0.0008048289738430137
1962-01-31,HML,CIZ_2026,0.3215291750503015,0.31991951710261535,-0.0016096579476861383
1962-02-28,HML,CIZ_2026,-0.0253521126760564,-0.022132796780684347,0.0032193158953720546
1962-03-31,HML,CIZ_2026,-0.2024144869215292,-0.2193158953722336,-0.016901408450704397
1962-04-30,HML,CIZ_2026,-0.0889336016096581,-0.07847082494969841,0.010462776659959691
1962-05-31,HML,CIZ_2026,0.1315895372233397,0.13078470824949667,-0.0008048289738430137
1962-06-30,HML,CIZ_2026,0.1138832997987926,0.10342052313883271,-0.010462776659959885
1962-07-31,HML,CIZ_2026,-0.3657947686116701,-0.3625754527162979,0.003219315895372221
1962-08-31,HML,CIZ_2026,-0.1879275653923542,-0.18148893360160984,0.006438631790744359
1962-09-30,HML,CIZ_2026,0.0116700201207242,0.01569416498993939,0.0040241448692151915
1962-10-31,HML,CIZ_2026,0.0132796780684103,0.013279678068410211,-8.847089727481716e-17
1962-11-30,HML,CIZ_2026,-0.0148893360160967,-0.022937625754527402,-0.008048289738430702
1962-12-31,HML,CIZ_2026,-0.0623742454728372,-0.06559356136820949,-0.0032193158953722836
1963-01-31,HML,CIZ_2026,0.0865191146881287,0.08893360160965769,0.0024144869215289855
1963-02-28,HML,CIZ_2026,0.0841046277665995,0.08169014084507015,-0.0024144869215293463
1963-03-31,HML,CIZ_2026,0.0744466800804828,0.07766599597585486,0.0032193158953720546
1963-04-30,HML,CIZ_2026,-0.0108651911468814,-0.010865191146881531,-1.3183898417423734e-16
1963-05-31,HML,CIZ_2026,0.1130784708249494,0.11388329979879244,0.0008048289738430414
1963-06-30,HML,CIZ_2026,-0.0309859154929578,-0.03903420523138856,-0.008048289738430765
1963-07-31,HML,CIZ_2026,-0.1694164989939639,-0.15895372233400423,0.010462776659959677
1963-08-31,HML,CIZ_2026,0.0535211267605633,0.047082494969818645,-0.0064386317907446575
1963-09-30,HML,CIZ_2026,-0.0808853118712273,-0.09295774647887345,-0.012072434607646149
1963-10-31,HML,CIZ_2026,-0.0993963782696177,-0.09376257545271652,0.005633802816901179
1963-11-30,HML,CIZ_2026,0.0494969818913479,0.051911468812877004,0.0024144869215291034
1963-12-31,HML,CIZ_2026,-0.0929577464788733,-0.10824949698189155,-0.015291750503018259
1964-01-31,HML,CIZ_2026,0.0277665995975853,0.03581488933601584,0.008048289738430543
1964-02-29,HML,CIZ_2026,0.1348088531187121,0.13158953722333974,-0.00321931589537236
1964-03-31,HML,CIZ_2026,0.1822937625754526,0.17424547283702183,-0.008048289738430775
1964-04-30,HML,CIZ_2026,-0.1452716297786721,-0.1364185110663986,0.008853118712273511
1964-05-31,HML,CIZ_2026,0.0583501006036215,0.055130784708249225,-0.0032193158953722767
1964-06-30,HML,CIZ_2026,-0.0414486921529176,-0.035814889336016335,0.005633802816901262
1964-07-31,HML,CIZ_2026,-0.0309859154929578,-0.027766599597585748,0.003219315895372051
1964-08-31,HML,CIZ_2026,-0.0849094567404428,-0.08571428571428594,-0.0008048289738431386
1964-09-30,HML,CIZ_2026,0.0454728370221326,0.047082494969818645,0.0016096579476860412
1964-10-31,HML,CIZ_2026,0.0028169014084504,-0.004426559356137061,-0.007243460764587461
1964-11-30,HML,CIZ_2026,-0.2490945674044267,-0.2555331991951712,-0.006438631790744498
1964-12-31,HML,CIZ_2026,-0.2909456740442657,-0.2869215291750504,0.004024144869215263
1965-01-31,HML,CIZ_2026,-0.0816901408450706,-0.06237424547283725,0.019315895372233355
1965-02-28,HML,CIZ_2026,-0.0824949698189136,-0.07364185110664007,0.008853118712273539
1965-03-31,HML,CIZ_2026,-0.0084507042253523,0.0012072434607643262,0.009657947686116625
1965-04-30,HML,CIZ_2026,-0.0382293762575454,-0.0325955734406441,0.005633802816901297
1965-05-31,HML,CIZ_2026,-0.2209255533199196,-0.21609657947686134,0.0048289738430582485
1965-06-30,HML,CIZ_2026,-0.0438631790744468,-0.072837022132797,-0.0289738430583502
1965-07-31,HML,CIZ_2026,0.0857142857142856,0.08490945674044237,-0.0008048289738432357
1965-08-31,HML,CIZ_2026,-0.171830985915493,-0.17022132796780703,0.0016096579476859718
1965-09-30,HML,CIZ_2026,-0.101810865191147,-0.10261569416499015,-0.0008048289738431524
1965-10-31,HML,CIZ_2026,0.0342052313883298,0.03340040241448666,-0.0008048289738431386
1965-11-30,HML,CIZ_2026,-0.0792756539235413,-0.07847082494969841,0.0008048289738428888
1965-12-31,HML,CIZ_2026,0.0720321931589536,0.08169014084507015,0.009657947686116553
1966-01-31,HML,CIZ_2026,0.1951710261569414,0.17183098591549265,-0.023340040241448756
1966-02-28,HML,CIZ_2026,-0.0647887323943663,-0.060764587525151126,0.004024144869215179
1966-03-31,HML,CIZ_2026,-0.2507042253521128,-0.2627766599597587,-0.012072434607645899
1966-04-30,HML,CIZ_2026,-0.128370221327968,-0.12032193158953743,0.008048289738430567
1966-05-31,HML,CIZ_2026,-0.2225352112676056,-0.22012072434607663,0.0024144869215289577
1966-06-30,HML,CIZ_2026,-0.0511066398390342,-0.0519114688128775,-0.0008048289738432982
1966-07-31,HML,CIZ_2026,-0.0148893360160967,-0.018108651911469056,-0.0032193158953723565
1966-08-31,HML,CIZ_2026,-0.0567404426559358,-0.05030181086519137,0.0064386317907444285
1966-09-30,HML,CIZ_2026,-0.0462776659959759,-0.053521126760563614,-0.007243460764587713
1966-10-31,HML,CIZ_2026,0.1251509054325954,0.12434607645875223,-0.0008048289738431802
1966-11-30,HML,CIZ_2026,-0.4688128772635817,-0.4728370221327969,-0.004024144869215207
1966-12-31,HML,CIZ_2026,-0.1871227364185111,-0.17746478873239457,0.009657947686116525
1967-01-31,HML,CIZ_2026,0.091348088531187,0.08732394366197158,-0.004024144869215429
1967-02-28,HML,CIZ_2026,-0.2700201207243462,-0.2724346076458754,-0.0024144869215291798
1967-03-31,HML,CIZ_2026,-0.0615694164989941,-0.05835010060362196,0.003219315895372138
1967-04-30,HML,CIZ_2026,-0.2909456740442657,-0.27404426559356154,0.016901408450704147
1967-05-31,HML,CIZ_2026,-0.0036217303822938,-0.023742454728370457,-0.020120724346076656
1967-06-30,HML,CIZ_2026,-0.0229376257545272,-0.028571428571428803,-0.005633802816901602
1967-07-31,HML,CIZ_2026,0.1283702213279676,0.13239436619718278,0.004024144869215179
1967-08-31,HML,CIZ_2026,0.0245472837022131,0.023742454728369958,-0.000804828973843142
1967-09-30,HML,CIZ_2026,-0.2925553319919518,-0.2861167002012074,0.006438631790744387
1967-10-31,HML,CIZ_2026,-0.3569416498993965,-0.35613682092555343,0.0008048289738430414
1967-11-30,HML,CIZ_2026,-0.228169014084507,-0.2281690140845072,-2.220446049250313e-16
1967-12-31,HML,CIZ_2026,-0.1340040241448692,-0.13883299798792775,-0.004828973843058554
1968-01-31,HML,CIZ_2026,0.2949698189134808,0.2989939637826958,0.0040241448692150406
1968-02-29,HML,CIZ_2026,0.0116700201207242,0.00925553319919492,-0.0024144869215292786
1968-03-31,HML,CIZ_2026,-0.1388329979879277,-0.14446680080482918,-0.005633802816901484
1968-04-30,HML,CIZ_2026,-0.1822937625754527,-0.1806841046277668,0.0016096579476859163
1968-05-31,HML,CIZ_2026,-0.0229376257545272,-0.027766599597585748,-0.004828973843058547
1968-06-30,HML,CIZ_2026,-0.0325955734406439,-0.03903420523138856,-0.006438631790744664
1968-07-31,HML,CIZ_2026,0.3424547283702213,0.3376257545271626,-0.004828973843058693
1968-08-31,HML,CIZ_2026,-0.0100603621730384,-0.012474849094567655,-0.002414486921529256
1968-09-30,HML,CIZ_2026,-0.0672032193158954,-0.0672032193158956,-1.942890293094024e-16
1968-10-31,HML,CIZ_2026,0.1388329979879274,0.13561368209255503,-0.00321931589537236
1968-11-30,HML,CIZ_2026,-0.1653923541247486,-0.16780684104627785,-0.002414486921529263
1968-12-31,HML,CIZ_2026,-0.0921529175050303,-0.0881287726358151,0.004024144869215193
1969-01-31,HML,CIZ_2026,0.0430583501006034,0.043058350100603354,-4.85722573273506e-17
1969-02-28,HML,CIZ_2026,-0.0181086519114689,-0.020523138832998222,-0.002414486921529322
1969-03-31,HML,CIZ_2026,-0.1323943661971831,-0.12595573440643884,0.006438631790744248
1969-04-30,HML,CIZ_2026,-0.0937625754527163,-0.08893360160965816,0.0048289738430581375
1969-05-31,HML,CIZ_2026,-0.0350100603621732,-0.041448692152917736,-0.0064386317907445395
1969-06-30,HML,CIZ_2026,-0.1782696177062375,-0.17907444668008066,-0.0008048289738431524
1969-07-31,HML,CIZ_2026,0.0052313883299797,0.003621730382293506,-0.0016096579476861939
1969-08-31,HML,CIZ_2026,-0.3963782696177064,-0.3931589537223341,0.0032193158953722767
1969-09-30,HML,CIZ_2026,-0.3545271629778672,-0.35050301810865203,0.004024144869215152
1969-10-31,HML,CIZ_2026,-0.3456740442655936,-0.3424547283702215,0.00321931589537211
1969-11-30,HML,CIZ_2026,-0.1871227364185111,-0.1919517102615696,-0.004828973843058498
1969-12-31,HML,CIZ_2026,-0.3215291750503019,-0.32313883299798807,-0.0016096579476861939
1970-01-31,HML,CIZ_2026,0.1605633802816899,0.16378269617706206,0.0032193158953721657
1970-02-28,HML,CIZ_2026,0.2249496981891345,0.2056338028169011,-0.019315895372233383
1970-03-31,HML,CIZ_2026,0.229778672032193,0.2370221327967804,0.0072434607645874005
1970-04-30,HML,CIZ_2026,0.4060362173038228,0.4028169014084503,-0.0032193158953724987
1970-05-31,HML,CIZ_2026,0.1766599597585512,0.1758551307847079,-0.0008048289738432912
1970-06-30,HML,CIZ_2026,-0.0430583501006037,-0.05593561368209278,-0.012877263581489079
1970-07-31,HML,CIZ_2026,-0.0189134808853119,-0.020523138832998222,-0.0016096579476863222
1970-08-31,HML,CIZ_2026,0.0012072434607643,0.020523138832997723,0.019315895372233424
1970-09-30,HML,CIZ_2026,-0.5315895372233401,-0.529175050301811,0.0024144869215291243
1970-10-31,HML,CIZ_2026,-0.0736418511066399,-0.072837022132797,0.0008048289738429026
1970-11-30,HML,CIZ_2026,0.0446680080482895,0.03420523138832973,-0.010462776659959767
1970-12-31,HML,CIZ_2026,-0.0108651911468814,-0.005231388329980116,0.005633802816901283
1971-01-31,HML,CIZ_2026,0.0156941649899395,0.035010060362172774,0.019315895372233275
1971-02-28,HML,CIZ_2026,-0.1903420523138834,-0.1919517102615696,-0.0016096579476861939
1971-03-31,HML,CIZ_2026,-0.4092555331991953,-0.4132796780684106,-0.004024144869215318
1971-04-30,HML,CIZ_2026,-0.0358148893360162,-0.019718309859155167,0.01609657947686103
1971-05-31,HML,CIZ_2026,-0.2072434607645875,-0.19839034205231407,0.008853118712273428
1971-06-30,HML,CIZ_2026,-0.2418511066398392,-0.25070422535211284,-0.00885311871227365
1971-07-31,HML,CIZ_2026,-0.0897384305835011,-0.09295774647887345,-0.003219315895372346
1971-08-31,HML,CIZ_2026,0.1203219315895369,0.12112676056338001,0.0008048289738431108
1971-09-30,HML,CIZ_2026,-0.3255533199195172,-0.32474849094567415,0.0008048289738430414
1971-10-31,HML,CIZ_2026,-0.1299798792756541,-0.1323943661971833,-0.0024144869215292075
1971-11-30,HML,CIZ_2026,-0.226559356136821,-0.22575452716297803,0.0008048289738429582
1971-12-31,HML,CIZ_2026,-0.1235412474849095,-0.12193158953722355,0.001609657947685944
1972-01-31,HML,CIZ_2026,0.0889336016096578,0.079275653923541,-0.009657947686116802
1972-02-29,HML,CIZ_2026,-0.3158953722334005,-0.31911468812877275,-0.0032193158953722767
1972-03-31,HML,CIZ_2026,-0.2209255533199196,-0.2209255533199197,-1.1102230246251565e-16
1972-04-30,HML,CIZ_2026,-0.0816901408450706,-0.08893360160965816,-0.007243460764587553
1972-05-31,HML,CIZ_2026,-0.3086519114688129,-0.3102615694164992,-0.0016096579476863049
1972-06-30,HML,CIZ_2026,-0.2909456740442657,-0.2893360160965796,0.0016096579476860828
1972-07-31,HML,CIZ_2026,-0.0382293762575454,-0.043058350100603854,-0.004828973843058457
1972-08-31,HML,CIZ_2026,0.2740442655935611,0.27565392354124707,0.0016096579476859718
1972-09-30,HML,CIZ_2026,-0.0543259557344064,-0.0519114688128775,0.002414486921528902
1972-10-31,HML,CIZ_2026,0.0164989939637825,0.006841046277665741,-0.00965794768611676
1972-11-30,HML,CIZ_2026,0.2989939637826961,0.30140845070422495,0.0024144869215288467
1972-12-31,HML,CIZ_2026,-0.267605633802817,-0.266800804828974,0.0008048289738429859
1973-01-31,HML,CIZ_2026,0.1243460764587522,0.12595573440643837,0.001609657947686166
1973-02-28,HML,CIZ_2026,0.037424547283702,0.040643863179074174,0.0032193158953721726
1973-03-31,HML,CIZ_2026,0.119517102615694,0.11549295774647858,-0.004024144869215415
1973-04-30,HML,CIZ_2026,0.3440643863179073,0.34245472837022095,-0.0016096579476863604
1973-05-31,HML,CIZ_2026,-0.0583501006036218,-0.060764587525151126,-0.0024144869215293255
1973-06-30,HML,CIZ_2026,0.0052313883299797,0.0004024144869212709,-0.004828973843058429
1973-07-31,HML,CIZ_2026,-0.5187122736418512,-0.5146881287726358,0.004024144869215429
1973-08-31,HML,CIZ_2026,0.0084507042253521,-0.008450704225352351,-0.016901408450704453
1973-09-30,HML,CIZ_2026,0.0704225352112675,0.08732394366197158,0.016901408450704078
1973-10-31,HML,CIZ_2026,0.0647887323943661,0.042253521126760285,-0.022535211267605812
1973-11-30,HML,CIZ_2026,0.2201207243460763,0.23782696177062337,0.017706237424547078
1973-12-31,HML,CIZ_2026,0.2185110663983902,0.23138832997987893,0.012877263581488718
1974-01-31,HML,CIZ_2026,0.3931589537223339,0.38752515090543227,-0.005633802816901623
1974-02-28,HML,CIZ_2026,0.1348088531187121,0.10744466800804803,-0.027364185110664074
1974-03-31,HML,CIZ_2026,-0.1171026156941651,-0.10261569416499015,0.01448692152917494
1974-04-30,HML,CIZ_2026,-0.0229376257545272,-0.017303822937625987,0.005633802816901214
1974-05-31,HML,CIZ_2026,-0.2539235412474849,-0.2587525150905434,-0.004828973843058526
1974-06-30,HML,CIZ_2026,-0.0293762575452717,-0.024547283702213527,0.004828973843058172
1974-07-31,HML,CIZ_2026,0.3239436619718308,0.32394366197183067,-1.1102230246251565e-16
1974-08-31,HML,CIZ_2026,0.1211267605633801,0.1187122736418508,-0.0024144869215293047
1974-09-30,HML,CIZ_2026,0.3577464788732392,0.3456740442655931,-0.012072434607646065
1974-10-31,HML,CIZ_2026,-0.8857142857142857,-0.888933601609658,-0.0032193158953722767
1974-11-30,HML,CIZ_2026,-0.1074446680080483,-0.11146881287726379,-0.004024144869215485
1974-12-31,HML,CIZ_2026,-0.0824949698189136,-0.08169014084507065,0.0008048289738429582
1975-01-31,HML,CIZ_2026,0.575050301810865,0.5734406438631786,-0.001609657947686416
1975-02-28,HML,CIZ_2026,-0.4486921529175052,-0.4511066398390343,-0.0024144869215291243
1975-03-31,HML,CIZ_2026,0.1002012072434606,0.10342052313883271,0.00321931589537211
1975-04-30,HML,CIZ_2026,-0.1830985915492959,-0.18229376257545288,0.0008048289738430137
1975-05-31,HML,CIZ_2026,-0.4213279678068411,-0.4173038229376258,0.004024144869215318
1975-06-30,HML,CIZ_2026,0.0197183098591546,0.017303822937625515,-0.002414486921529086
1975-07-31,HML,CIZ_2026,0.0446680080482895,0.050301810865190894,0.005633802816901394
1975-08-31,HML,CIZ_2026,-0.1678068410462777,-0.16458752515090563,0.0032193158953720546
1975-09-30,HML,CIZ_2026,-0.0599597585513079,-0.06478873239436642,-0.004828973843058519
1975-10-31,HML,CIZ_2026,-0.0688128772635816,-0.0631790744466803,0.00563380281690129
1975-11-30,HML,CIZ_2026,0.0720321931589536,0.07203219315895343,-1.6653345369377348e-16
1975-12-31,HML,CIZ_2026,0.0446680080482895,0.045472837022132534,0.0008048289738430345
1976-01-31,HML,CIZ_2026,0.6032193158953723,0.6032193158953718,-4.440892098500626e-16
1976-02-29,HML,CIZ_2026,0.3810865191146881,0.36820925553319883,-0.012877263581489273
1976-03-31,HML,CIZ_2026,-0.1010060362173038,-0.10020120724346097,0.0008048289738428194
1976-04-30,HML,CIZ_2026,-0.1042253521126761,-0.10422535211267626,-1.6653345369377348e-16
1976-05-31,HML,CIZ_2026,-0.2008048289738431,-0.19517102615694182,0.00563380281690129
1976-06-30,HML,CIZ_2026,-0.0342052313883299,-0.0325955734406441,0.0016096579476857983
1976-07-31,HML,CIZ_2026,0.0478873239436619,0.048692152917504755,0.0008048289738428541
1976-08-31,HML,CIZ_2026,-0.0261569416498994,-0.027766599597585748,-0.0016096579476863465
1976-09-30,HML,CIZ_2026,-0.1146881287726359,-0.11629778672032214,-0.0016096579476862355
1976-10-31,HML,CIZ_2026,-0.1058350100603622,-0.10503018108651932,0.0008048289738428749
1976-11-30,HML,CIZ_2026,0.0301810865191145,0.03179074446680055,0.0016096579476860516
1976-12-31,HML,CIZ_2026,0.091348088531187,0.08812877263581462,-0.0032193158953723877
1977-01-31,HML,CIZ_2026,0.2523138832997986,0.25633802816901374,0.004024144869215152
1977-02-28,HML,CIZ_2026,-0.0535211267605634,-0.055130784708249725,-0.0016096579476863257
1977-03-31,HML,CIZ_2026,-0.0036217303822938,-0.0036217303822940056,-2.0556473190325164e-16
1977-04-30,HML,CIZ_2026,0.1806841046277663,0.18068410462776627,-2.7755575615628914e-17
1977-05-31,HML,CIZ_2026,-0.0229376257545272,-0.026156941649899623,-0.0032193158953724224
1977-06-30,HML,CIZ_2026,-0.1509054325955735,-0.14124748490945693,0.00965794768611658
1977-07-31,HML,CIZ_2026,-0.1364185110663985,-0.13963782696177082,-0.003219315895372332
1977-08-31,HML,CIZ_2026,-0.3086519114688129,-0.3142857142857144,-0.005633802816901512
1977-09-30,HML,CIZ_2026,-0.1331991951710261,-0.11227364185110685,0.020925553319919257
1977-10-31,HML,CIZ_2026,0.0494969818913479,0.03903420523138809,-0.010462776659959809
1977-11-30,HML,CIZ_2026,-0.0704225352112677,-0.072837022132797,-0.002414486921529291
1977-12-31,HML,CIZ_2026,-0.1146881287726359,-0.11468812877263602,-1.249000902703301e-16
1978-01-31,HML,CIZ_2026,0.1790744466800802,0.18068410462776627,0.001609657947686055
1978-02-28,HML,CIZ_2026,-0.0245472837022133,-0.026156941649899623,-0.0016096579476863222
1978-03-31,HML,CIZ_2026,0.0036217303822936,0.0012072434607643262,-0.002414486921529274
1978-04-30,HML,CIZ_2026,-0.3762575452716299,-0.3762575452716299,0.0
1978-05-31,HML,CIZ_2026,-0.1331991951710261,-0.13561368209255553,-0.0024144869215294296
1978-06-30,HML,CIZ_2026,-0.0454728370221328,-0.043058350100603854,0.002414486921528944
1978-07-31,HML,CIZ_2026,-0.183903420523139,-0.17183098591549315,0.012072434607645843
1978-08-31,HML,CIZ_2026,-0.1323943661971831,-0.14446680080482918,-0.012072434607646093
1978-09-30,HML,CIZ_2026,0.0607645875251507,0.05995975855130756,-0.0008048289738431455
1978-10-31,HML,CIZ_2026,0.0197183098591546,0.010060362173037976,-0.009657947686116625
1978-11-30,HML,CIZ_2026,-0.2643863179074448,-0.2587525150905434,0.005633802816901401
1978-12-31,HML,CIZ_2026,-0.2627766599597586,-0.2635814889336018,-0.000804828973843208
1979-01-31,HML,CIZ_2026,0.0849094567404424,0.08490945674044237,-2.7755575615628914e-17
1979-02-28,HML,CIZ_2026,0.0028169014084504,0.0028169014084504507,5.074066167232161e-17
1979-03-31,HML,CIZ_2026,-0.1484909456740444,-0.1460764587525153,0.0024144869215290965
1979-04-30,HML,CIZ_2026,-0.0012072434607646,-0.0012072434607648258,-2.25730892311482e-16
1979-05-31,HML,CIZ_2026,0.0140845070422535,0.014889336016096336,0.000804828973842835
1979-06-30,HML,CIZ_2026,0.0245472837022131,0.022937625754526902,-0.0016096579476861973
1979-07-31,HML,CIZ_2026,0.0583501006036215,0.051911468812877004,-0.006438631790744498
1979-08-31,HML,CIZ_2026,-0.2185110663983904,-0.21851106639839052,-1.1102230246251565e-16
1979-09-30,HML,CIZ_2026,-0.1637826961770625,-0.16700201207243479,-0.0032193158953722767
1979-10-31,HML,CIZ_2026,-0.2394366197183099,-0.23863179074446697,0.0008048289738429304
1979-11-30,HML,CIZ_2026,-0.3561368209255534,-0.349698189134809,0.006438631790744387
1979-12-31,HML,CIZ_2026,-0.2603621730382295,-0.2627766599597587,-0.0024144869215291798
1980-01-31,HML,CIZ_2026,0.0494969818913479,0.057545271629778405,0.008048289738430504
1980-02-29,HML,CIZ_2026,-0.0422535211267607,-0.043863179074446916,-0.0016096579476862147
1980-03-31,HML,CIZ_2026,-0.1726358148893361,-0.1686116700201209,0.004024144869215207
1980-04-30,HML,CIZ_2026,-0.0060362173038229,-0.008450704225352351,-0.0024144869215294512
1980-05-31,HML,CIZ_2026,-0.060764587525151,-0.060764587525151126,-1.249000902703301e-16
1980-06-30,HML,CIZ_2026,-0.1525150905432596,-0.15573440643863198,-0.0032193158953723877
1980-07-31,HML,CIZ_2026,-0.6072434607645876,-0.5975855130784709,0.009657947686116719
1980-08-31,HML,CIZ_2026,-0.3006036217303823,-0.2893360160965796,0.011267605633802691
1980-09-30,HML,CIZ_2026,-0.460764587525151,-0.4623742454728371,-0.0016096579476861383
1980-10-31,HML,CIZ_2026,-0.3134808853118713,-0.3271629778672034,-0.013682092555332093
1980-11-30,HML,CIZ_2026,-0.7617706237424549,-0.7440643863179074,0.017706237424547466
1980-12-31,HML,CIZ_2026,0.1331991951710258,0.1340040241448689,0.0008048289738430969
1981-01-31,HML,CIZ_2026,0.4494969818913479,0.45110663983903376,0.0016096579476858608
1981-02-28,HML,CIZ_2026,-0.0092555331991953,-0.01327967806841071,-0.00402414486921541
1981-03-31,HML,CIZ_2026,-0.0398390342052314,-0.0422535211267608,-0.002414486921529402
1981-04-30,HML,CIZ_2026,0.0921529175050299,0.09215291750502988,-1.3877787807814457e-17
1981-05-31,HML,CIZ_2026,-0.1251509054325956,-0.12595573440643884,-0.0008048289738432357
1981-06-30,HML,CIZ_2026,0.3215291750503015,0.32233400402414447,0.0008048289738429859
1981-07-31,HML,CIZ_2026,-0.1315895372233402,-0.1404426559356139,-0.008853118712273678
1981-08-31,HML,CIZ_2026,0.2917505030181084,0.287726358148893,-0.004024144869215374
1981-09-30,HML,CIZ_2026,0.3247484909456739,0.31991951710261535,-0.004828973843058526
1981-10-31,HML,CIZ_2026,-0.4301810865191148,-0.4205231388329981,0.009657947686116719
1981-11-30,HML,CIZ_2026,0.0559356136820923,0.06237424547283674,0.006438631790744435
1981-12-31,HML,CIZ_2026,-0.0261569416498994,-0.027766599597585748,-0.0016096579476863465
1982-01-31,HML,CIZ_2026,0.1653923541247484,0.1653923541247482,-1.942890293094024e-16
1982-02-28,HML,CIZ_2026,0.3955734406438631,0.39879275653923496,0.003219315895371888
1982-03-31,HML,CIZ_2026,0.215291750503018,0.21126760563380245,-0.00402414486921554
1982-04-30,HML,CIZ_2026,-0.3086519114688129,-0.33923541247484923,-0.03058350100603635
1982-05-31,HML,CIZ_2026,0.0494969818913479,0.051911468812877004,0.0024144869215291034
1982-06-30,HML,CIZ_2026,0.0317907444668006,0.03420523138832973,0.002414486921529131
1982-07-31,HML,CIZ_2026,-0.0841046277665997,-0.08571428571428594,-0.0016096579476862355
1982-08-31,HML,CIZ_2026,-0.0148893360160967,-0.0036217303822940056,0.011267605633802694
1982-09-30,HML,CIZ_2026,-0.0688128772635816,-0.072837022132797,-0.004024144869215401
1982-10-31,HML,CIZ_2026,-0.3859154929577466,-0.38269617706237435,0.003219315895372221
1982-11-30,HML,CIZ_2026,-0.2418511066398392,-0.2362173038229378,0.005633802816901401
1982-12-31,HML,CIZ_2026,-0.0929577464788733,-0.09617706237424568,-0.0032193158953723877
1983-01-31,HML,CIZ_2026,-0.1517102615694165,-0.1492957746478875,0.0024144869215289855
1983-02-28,HML,CIZ_2026,-0.0350100603621732,-0.0382293762575455,-0.0032193158953723044
1983-03-31,HML,CIZ_2026,0.0712273641851104,0.07444668008048264,0.003219315895372235
1983-04-30,HML,CIZ_2026,-0.0519114688128773,-0.05674044265593584,-0.00482897384305854
1983-05-31,HML,CIZ_2026,-0.2040241448692153,-0.20402414486921544,-1.3877787807814457e-16
1983-06-30,HML,CIZ_2026,-0.4052313883299799,-0.4044265593561369,0.0008048289738429859
1983-07-31,HML,CIZ_2026,0.3609657947686115,0.35533199195170984,-0.0056338028169016785
1983-08-31,HML,CIZ_2026,0.354527162977867,0.3585513078470821,0.004024144869215096
1983-09-30,HML,CIZ_2026,-0.0100603621730384,-0.011670020120724586,-0.001609657947686187
1983-10-31,HML,CIZ_2026,0.3086519114688126,0.3078470824949695,-0.0008048289738430969
1983-11-30,HML,CIZ_2026,-0.1492957746478874,-0.15010060362173058,-0.0008048289738431802
1983-12-31,HML,CIZ_2026,0.0478873239436619,0.049496981891347824,0.0016096579476859232
1984-01-31,HML,CIZ_2026,0.5187122736418508,0.5106639839034202,-0.008048289738430636
1984-02-29,HML,CIZ_2026,0.1766599597585512,0.1830985915492955,0.006438631790744304
1984-03-31,HML,CIZ_2026,-0.0543259557344064,-0.048692152917505255,0.005633802816901144
1984-04-30,HML,CIZ_2026,0.0052313883299797,0.004426559356136561,-0.0008048289738431386
1984-05-31,HML,CIZ_2026,-0.0663983903420524,-0.07042253521126783,-0.004024144869215429
1984-06-30,HML,CIZ_2026,-0.3054325955734407,-0.3126760563380283,-0.007243460764587595
1984-07-31,HML,CIZ_2026,-0.0623742454728372,-0.06639839034205254,-0.004024144869215339
1984-08-31,HML,CIZ_2026,-0.2378269617706239,-0.2362173038229378,0.0016096579476861106
1984-09-30,HML,CIZ_2026,0.3336016096579477,0.32716297786720283,-0.0064386317907448865
1984-10-31,HML,CIZ_2026,-0.0551307847082497,-0.041448692152917736,0.01368209255533196
1984-11-30,HML,CIZ_2026,0.2354124748490942,0.2193158953722331,-0.016096579476861106
1984-12-31,HML,CIZ_2026,-0.1122736418511067,-0.11790744466800826,-0.005633802816901554
1985-01-31,HML,CIZ_2026,-0.5219315895372234,-0.5050301810865192,0.016901408450704203
1985-02-28,HML,CIZ_2026,-0.0993963782696177,-0.11388329979879297,-0.014486921529175273
1985-03-31,HML,CIZ_2026,0.2362173038229376,0.22655935613682063,-0.009657947686116969
1985-04-30,HML,CIZ_2026,0.2080482897384306,0.1991951710261566,-0.008853118712273983
1985-05-31,HML,CIZ_2026,-0.1686116700201209,-0.16941649899396397,-0.0008048289738430692
1985-06-30,HML,CIZ_2026,-0.060764587525151,-0.06478873239436642,-0.004024144869215415
1985-07-31,HML,CIZ_2026,-0.2217303822937627,-0.22173038229376277,-5.551115123125783e-17
1985-08-31,HML,CIZ_2026,0.0953722334004023,0.09698189134808824,0.001609657947685944
1985-09-30,HML,CIZ_2026,0.0124748490945671,0.006036217303822686,-0.006438631790744415
1985-10-31,HML,CIZ_2026,-0.0309859154929578,-0.029376257545271865,0.0016096579476859336
1985-11-30,HML,CIZ_2026,-0.3207243460764588,-0.32555331991951725,-0.0048289738430584705
1985-12-31,HML,CIZ_2026,-0.2152917505030182,-0.2088531187122738,0.006438631790744387
1986-01-31,HML,CIZ_2026,-0.0559356136820927,-0.05432595573440666,0.0016096579476860343
1986-02-28,HML,CIZ_2026,-0.1492957746478874,-0.1420523138833,0.0072434607645874005
1986-03-31,HML,CIZ_2026,-0.1227364185110665,-0.1227364185110666,-1.1102230246251565e-16
1986-04-30,HML,CIZ_2026,-0.322334004024145,-0.31750503018108667,0.0048289738430583595
1986-05-31,HML,CIZ_2026,-0.1082494969818915,-0.10261569416499015,0.0056338028169013454
1986-06-30,HML,CIZ_2026,0.0116700201207242,0.0052313883299796304,-0.006438631790744569
1986-07-31,HML,CIZ_2026,0.2869215291750502,0.2837022132796777,-0.0032193158953724987
1986-08-31,HML,CIZ_2026,0.1911468812877261,0.1935613682092552,0.0024144869215290965
1986-09-30,HML,CIZ_2026,0.1678068410462776,0.16861167002012042,0.0008048289738428194
1986-10-31,HML,CIZ_2026,-0.2056338028169014,-0.20563380281690158,-1.6653345369377348e-16
1986-11-30,HML,CIZ_2026,-0.0969818913480886,-0.09295774647887345,0.004024144869215152
1986-12-31,HML,CIZ_2026,-0.0623742454728372,-0.06237424547283725,-4.85722573273506e-17
1987-01-31,HML,CIZ_2026,-0.3456740442655936,-0.34728370221327987,-0.0016096579476862494
1987-02-28,HML,CIZ_2026,-0.5670020120724347,-0.5629778672032194,0.004024144869215318
1987-03-31,HML,CIZ_2026,0.0382293762575451,0.042253521126760285,0.004024144869215186
1987-04-30,HML,CIZ_2026,-0.1227364185110665,-0.12032193158953743,0.0024144869215290687
1987-05-31,HML,CIZ_2026,-0.0728370221327968,-0.07364185110664007,-0.0008048289738432635
1987-06-30,HML,CIZ_2026,-0.0076458752515092,-0.0004024144869217844,0.007243460764587415
1987-07-31,HML,CIZ_2026,-0.0366197183098593,-0.01569416498993989,0.02092555331991941
1987-08-31,HML,CIZ_2026,-0.1661971830985916,-0.17022132796780703,-0.004024144869215429
1987-09-30,HML,CIZ_2026,-0.0696177062374246,-0.07042253521126783,-0.0008048289738432357
1987-10-31,HML,CIZ_2026,0.2498993963782694,0.2450704225352109,-0.004828973843058498
1987-11-30,HML,CIZ_2026,0.1460764587525149,0.16136820925553289,0.015291750503017981
1987-12-31,HML,CIZ_2026,-0.447887323943662,-0.447082494969819,0.0008048289738429859
1988-01-31,HML,CIZ_2026,0.3118712273641848,0.30543259557344027,-0.006438631790744553
1988-02-29,HML,CIZ_2026,-0.2289738430583503,-0.21448692152917523,0.014486921529175079
1988-03-31,HML,CIZ_2026,-0.0325955734406439,-0.022132796780684347,0.010462776659959552
1988-04-30,HML,CIZ_2026,0.0430583501006034,0.030181086519114428,-0.012877263581488975
1988-05-31,HML,CIZ_2026,0.1034205231388327,0.10503018108651882,0.0016096579476861245
1988-06-30,HML,CIZ_2026,-0.1911468812877265,-0.20000000000000018,-0.008853118712273678
1988-07-31,HML,CIZ_2026,0.0873239436619717,0.08410462776659933,-0.003219315895372374
1988-08-31,HML,CIZ_2026,0.0816901408450703,0.08249496981891322,0.0008048289738429165
1988-09-30,HML,CIZ_2026,-0.1517102615694165,-0.15492957746478891,-0.0032193158953724155
1988-10-31,HML,CIZ_2026,0.0736418511066396,0.06961770623742428,-0.004024144869215318
1988-11-30,HML,CIZ_2026,0.0221327967806839,0.024547283702213013,0.002414486921529114
1988-12-31,HML,CIZ_2026,-0.227364185110664,-0.23863179074446697,-0.011267605633802968
1989-01-31,HML,CIZ_2026,-0.0430583501006037,-0.043863179074446916,-0.0008048289738432149
1989-02-28,HML,CIZ_2026,-0.0100603621730384,-0.010060362173038476,-7.632783294297951e-17
1989-03-31,HML,CIZ_2026,-0.0446680080482898,-0.04949698189134832,-0.004828973843058519
1989-04-30,HML,CIZ_2026,-0.2056338028169014,-0.2072434607645877,-0.0016096579476862771
1989-05-31,HML,CIZ_2026,-0.1621730382293764,-0.16378269617706256,-0.001609657947686166
1989-06-30,HML,CIZ_2026,0.0897384305835009,0.08812877263581462,-0.0016096579476862771
1989-07-31,HML,CIZ_2026,-0.3158953722334005,-0.31670020120724357,-0.0008048289738430969
1989-08-31,HML,CIZ_2026,-0.0430583501006037,-0.041448692152917736,0.0016096579476859649
1989-09-30,HML,CIZ_2026,-0.1935613682092556,-0.19356136820925574,-1.3877787807814457e-16
1989-10-31,HML,CIZ_2026,-0.1806841046277666,-0.18470824949698206,-0.004024144869215457
1989-11-30,HML,CIZ_2026,-0.1790744466800805,-0.18229376257545288,-0.0032193158953723877
1989-12-31,HML,CIZ_2026,-0.0784708249496982,-0.07927565392354147,-0.0008048289738432635
1990-01-31,HML,CIZ_2026,-0.0229376257545272,-0.024547283702213527,-0.0016096579476863257
1990-02-28,HML,CIZ_2026,-0.0398390342052314,-0.03903420523138856,0.0008048289738428333
1990-03-31,HML,CIZ_2026,-0.3263581488933602,-0.32474849094567415,0.0016096579476860273
1990-04-30,HML,CIZ_2026,-0.2997987927565393,-0.29818913480885323,0.0016096579476860828
1990-05-31,HML,CIZ_2026,-0.3995975855130785,-0.4044265593561369,-0.004828973843058415
1990-06-30,HML,CIZ_2026,-0.2466800804828974,-0.252313883299799,-0.0056338028169015675
1990-07-31,HML,CIZ_2026,-0.0937625754527163,-0.09617706237424568,-0.002414486921529388
1990-08-31,HML,CIZ_2026,0.0406438631790744,0.03420523138832973,-0.006438631790744671
1990-09-30,HML,CIZ_2026,-0.0398390342052314,-0.043863179074446916,-0.004024144869215519
1990-10-31,HML,CIZ_2026,-0.0832997987927567,-0.08490945674044287,-0.001609657947686166
1990-11-30,HML,CIZ_2026,-0.3408450704225353,-0.3303822937625756,0.010462776659959705
1990-12-31,HML,CIZ_2026,-0.228169014084507,-0.21770623742454745,0.010462776659959538
1991-01-31,HML,CIZ_2026,-0.2201207243460765,-0.21046277665995994,0.009657947686116553
1991-02-28,HML,CIZ_2026,-0.1380281690140846,-0.14124748490945693,-0.003219315895372332
1991-03-31,HML,CIZ_2026,-0.2032193158953723,-0.1959758551307849,0.0072434607645874005
1991-04-30,HML,CIZ_2026,0.0293762575452714,0.028571428571428317,-0.000804828973843083
1991-05-31,HML,CIZ_2026,-0.1331991951710261,-0.13319919517102635,-2.498001805406602e-16
1991-06-30,HML,CIZ_2026,0.0012072434607643,-0.004426559356137061,-0.005633802816901361
1991-07-31,HML,CIZ_2026,-0.1975855130784709,-0.1959758551307849,0.0016096579476859996
1991-08-31,HML,CIZ_2026,-0.1541247484909457,-0.15492957746478891,-0.000804828973843208
1991-09-30,HML,CIZ_2026,-0.1782696177062375,-0.19034205231388346,-0.012072434607645954
1991-10-31,HML,CIZ_2026,-0.1291750503018111,-0.12595573440643884,0.003219315895372249
1991-11-30,HML,CIZ_2026,-0.2434607645875253,-0.2338028169014086,0.009657947686116691
1991-12-31,HML,CIZ_2026,-0.4269617706237425,-0.431790744466801,-0.0048289738430584705
1992-01-31,HML,CIZ_2026,0.2877263581488933,0.28450704225352075,-0.0032193158953725542
1992-02-29,HML,CIZ_2026,0.4293762575452713,0.43259557344064337,0.0032193158953720546
1992-03-31,HML,CIZ_2026,0.1951710261569414,0.18953722334003995,-0.0056338028169014565
1992-04-30,HML,CIZ_2026,0.2579476861167,0.259557344064386,0.0016096579476860273
1992-05-31,HML,CIZ_2026,0.0044265593561365,-0.002012072434607881,-0.006438631790744381
1992-06-30,HML,CIZ_2026,0.1694164989939637,0.16941649899396352,-1.6653345369377348e-16
1992-07-31,HML,CIZ_2026,-0.1364185110663985,-0.1323943661971833,0.004024144869215179
1992-08-31,HML,CIZ_2026,-0.1798792756539236,-0.17907444668008066,0.0008048289738429304
1992-09-30,HML,CIZ_2026,-0.1122736418511067,-0.10663983903420544,0.005633802816901262
1992-10-31,HML,CIZ_2026,-0.2507042253521128,-0.25070422535211284,-5.551115123125783e-17
1992-11-30,HML,CIZ_2026,-0.2,-0.21368209255533216,-0.013682092555332148
1992-12-31,HML,CIZ_2026,0.119517102615694,0.12112676056338001,0.0016096579476860134
1993-01-31,HML,CIZ_2026,0.3867203219315895,0.38350100603621695,-0.0032193158953725542
1993-02-28,HML,CIZ_2026,0.4253521126760562,0.43018108651911435,0.0048289738430581375
1993-03-31,HML,CIZ_2026,0.0036217303822936,0.010060362173037976,0.0064386317907443764
1993-04-30,HML,CIZ_2026,0.1090543259557343,0.11388329979879244,0.0048289738430581375
1993-05-31,HML,CIZ_2026,-0.3665995975855132,-0.36981891348088547,-0.0032193158953722767
1993-06-30,HML,CIZ_2026,0.1299798792756537,0.12112676056338001,-0.008853118712273678
1993-07-31,HML,CIZ_2026,0.1380281690140843,0.13963782696177035,0.001609657947686055
1993-08-31,HML,CIZ_2026,-0.0808853118712273,-0.07686116700201229,0.004024144869215013
1993-09-30,HML,CIZ_2026,-0.1162977867203221,-0.11066398390342073,0.005633802816901359
1993-10-31,HML,CIZ_2026,-0.3134808853118713,-0.31509054325955743,-0.0016096579476861383
1993-11-30,HML,CIZ_2026,-0.1509054325955735,-0.15412474849094587,-0.00321931589537236
1993-12-31,HML,CIZ_2026,-0.0655935613682093,-0.07122736418511089,-0.005633802816901581
1994-01-31,HML,CIZ_2026,0.0012072434607643,-0.0028169014084509364,-0.004024144869215237
1994-02-28,HML,CIZ_2026,-0.2152917505030182,-0.21368209255533216,0.0016096579476860273
1994-03-31,HML,CIZ_2026,0.037424547283702,0.043058350100603354,0.005633802816901352
1994-04-30,HML,CIZ_2026,0.0422535211267605,0.042253521126760285,-2.1510571102112408e-16
1994-05-31,HML,CIZ_2026,-0.0374245472837023,-0.043058350100603854,-0.005633802816901554
1994-06-30,HML,CIZ_2026,0.0430583501006034,0.051106639839033935,0.008048289738430532
1994-07-31,HML,CIZ_2026,-0.0446680080482898,-0.043863179074446916,0.0008048289738428818
1994-08-31,HML,CIZ_2026,-0.2933601609657948,-0.30060362173038246,-0.00724346076458765
1994-09-30,HML,CIZ_2026,-0.2434607645875253,-0.23541247484909475,0.008048289738430553
1994-10-31,HML,CIZ_2026,-0.2217303822937627,-0.22575452716297803,-0.004024144869215318
1994-11-30,HML,CIZ_2026,-0.1476861167002012,-0.15090543259557362,-0.0032193158953724155
1994-12-31,HML,CIZ_2026,-0.101810865191147,-0.09939637826961792,0.0024144869215290826
1995-01-31,HML,CIZ_2026,0.1154929577464787,0.11629778672032165,0.0008048289738429443
1995-02-28,HML,CIZ_2026,-0.0044265593561368,-0.012474849094567655,-0.008048289738430855
1995-03-31,HML,CIZ_2026,-0.2643863179074448,-0.26519114688128786,-0.0008048289738430414
1995-04-30,HML,CIZ_2026,0.0462776659959758,0.043058350100603354,-0.0032193158953724432
1995-05-31,HML,CIZ_2026,0.0929577464788731,0.09215291750502988,-0.0008048289738432218
1995-06-30,HML,CIZ_2026,-0.295774647887324,-0.29416498993963797,0.0016096579476860273
1995-07-31,HML,CIZ_2026,-0.2217303822937627,-0.21770623742454745,0.004024144869215263
1995-08-31,HML,CIZ_2026,0.1331991951710258,0.12434607645875223,-0.008853118712273567
1995-09-30,HML,CIZ_2026,-0.0945674044265594,-0.10020120724346097,-0.0056338028169015675
1995-10-31,HML,CIZ_2026,-0.1315895372233402,-0.12997987927565413,0.0016096579476860828
1995-11-30,HML,CIZ_2026,-0.0503018108651912,-0.04949698189134832,0.0008048289738428818
1995-12-31,HML,CIZ_2026,-0.0736418511066399,-0.07203219315895394,0.001609657947685958
1996-01-31,HML,CIZ_2026,-0.060764587525151,-0.055130784708249725,0.005633802816901276
1996-02-29,HML,CIZ_2026,-0.1782696177062375,-0.17585513078470844,0.0024144869215290687
1996-03-31,HML,CIZ_2026,-0.0631790744466802,-0.0575452716297789,0.005633802816901297
1996-04-30,HML,CIZ_2026,-0.4148893360160967,-0.4100603621730383,0.0048289738430583595
1996-05-31,HML,CIZ_2026,-0.1581488933601611,-0.16458752515090563,-0.006438631790744526
1996-06-30,HML,CIZ_2026,0.0977867203219313,0.0961770623742452,-0.0016096579476860967
1996-07-31,HML,CIZ_2026,0.3223340040241447,0.3263581488933598,0.004024144869215096
1996-08-31,HML,CIZ_2026,-0.1509054325955735,-0.15573440643863198,-0.0048289738430584705
1996-09-30,HML,CIZ_2026,-0.3102615694164992,-0.3126760563380283,-0.0024144869215291243
1996-10-31,HML,CIZ_2026,0.3062374245472836,0.3006036217303819,-0.0056338028169016785
1996-11-30,HML,CIZ_2026,0.0205231388329978,0.019718309859154667,-0.0008048289738431316
1996-12-31,HML,CIZ_2026,0.0140845070422535,0.010865191146881045,-0.0032193158953724554
1997-01-31,HML,CIZ_2026,-0.2056338028169014,-0.20643863179074462,-0.000804828973843208
1997-02-28,HML,CIZ_2026,0.3649899396378269,0.36096579476861135,-0.00402414486921554
1997-03-31,HML,CIZ_2026,0.1814889336016096,0.17987927565392323,-0.0016096579476863604
1997-04-30,HML,CIZ_2026,-0.0857142857142858,-0.08893360160965816,-0.00321931589537236
1997-05-31,HML,CIZ_2026,-0.4237424547283703,-0.42374245472837035,-5.551115123125783e-17
1997-06-30,HML,CIZ_2026,0.0358148893360159,0.026961770623742193,-0.008853118712273705
1997-07-31,HML,CIZ_2026,-0.0704225352112677,-0.08088531187122758,-0.010462776659959871
1997-08-31,HML,CIZ_2026,0.0036217303822936,-0.0004024144869217844,-0.004024144869215384
1997-09-30,HML,CIZ_2026,-0.0615694164989941,-0.07203219315895394,-0.010462776659959844
1997-10-31,HML,CIZ_2026,0.091348088531187,0.0961770623742452,0.004828973843058193
1997-11-30,HML,CIZ_2026,0.0052313883299797,0.006841046277665741,0.0016096579476860412
1997-12-31,HML,CIZ_2026,0.2177062374245471,0.20965794768611642,-0.008048289738430664
1998-01-31,HML,CIZ_2026,-0.2225352112676056,-0.2265593561368211,-0.004024144869215512
1998-02-28,HML,CIZ_2026,-0.1597585513078472,-0.16619718309859174,-0.006438631790744553
1998-03-31,HML,CIZ_2026,0.0205231388329978,0.019718309859154667,-0.0008048289738431316
1998-04-30,HML,CIZ_2026,-0.0156941649899398,-0.008450704225352351,0.007243460764587449
1998-05-31,HML,CIZ_2026,0.1855130784708247,0.1830985915492955,-0.0024144869215292075
1998-06-30,HML,CIZ_2026,-0.2490945674044267,-0.2547283702213281,-0.005633802816901401
1998-07-31,HML,CIZ_2026,-0.2346076458752516,-0.23702213279678086,-0.002414486921529263
1998-08-31,HML,CIZ_2026,0.1927565392354122,0.19758551307847047,0.004828973843058276
1998-09-30,HML,CIZ_2026,-0.3665995975855132,-0.3738430583501007,-0.007243460764587484
1998-10-31,HML,CIZ_2026,-0.2708249496981892,-0.2820925553319921,-0.011267605633802913
1998-11-30,HML,CIZ_2026,-0.3529175050301811,-0.3464788732394367,0.006438631790744387
1998-12-31,HML,CIZ_2026,-0.4285714285714287,-0.4334004024144871,-0.0048289738430583595
1999-01-31,HML,CIZ_2026,-0.4615694164989941,-0.447082494969819,0.014486921529175079
1999-02-28,HML,CIZ_2026,0.06317907444668,0.060764587525150626,-0.002414486921529374
1999-03-31,HML,CIZ_2026,-0.3118712273641852,-0.2973843058350102,0.014486921529175023
1999-04-30,HML,CIZ_2026,0.1066398390342051,0.10020120724346046,-0.006438631790744637
1999-05-31,HML,CIZ_2026,0.0977867203219313,0.10985915492957718,0.012072434607645885
1999-06-30,HML,CIZ_2026,-0.3480885311871228,-0.35050301810865203,-0.0024144869215292353
1999-07-31,HML,CIZ_2026,-0.1267605633802817,-0.10583501006036239,0.0209255533199193
1999-08-31,HML,CIZ_2026,-0.2418511066398392,-0.24587525150905448,-0.00402414486921529
1999-09-30,HML,CIZ_2026,-0.3722334004024146,-0.32474849094567415,0.04748490945674044
1999-10-31,HML,CIZ_2026,-0.3625754527162979,-0.32313883299798807,0.03943661971830981
1999-11-30,HML,CIZ_2026,-0.5839034205231389,-0.5460764587525152,0.037826961770623724
1999-12-31,HML,CIZ_2026,-0.7617706237424549,-0.7086519114688129,0.053118712273641955
2000-01-31,HML,CIZ_2026,-0.2426559356136821,-0.17987927565392375,0.06277665995975834
2000-02-29,HML,CIZ_2026,-0.8631790744466802,-0.8744466800804829,-0.011267605633802691
2000-03-31,HML,CIZ_2026,0.5629778672032193,0.591146881287726,0.02816901408450667
2000-04-30,HML,CIZ_2026,0.492957746478873,0.4277665995975851,-0.06519114688128791
2000-05-31,HML,CIZ_2026,0.2909456740442655,0.27726358148893326,-0.01368209255533226
2000-06-30,HML,CIZ_2026,-0.7690140845070423,-0.737625754527163,0.03138832997987939
2000-07-31,HML,CIZ_2026,0.5774647887323945,0.5605633802816896,-0.01690140845070487
2000-08-31,HML,CIZ_2026,-0.2032193158953723,-0.20402414486921544,-0.0008048289738431524
2000-09-30,HML,CIZ_2026,0.4857142857142857,0.48973843058350053,0.0040241448692148185
2000-10-31,HML,CIZ_2026,0.368209255533199,0.36257545271629743,-0.0056338028169015675
2000-11-30,HML,CIZ_2026,0.8985915492957746,0.8945674044265588,-0.004024144869215762
2000-12-31,HML,CIZ_2026,0.52112676056338,0.5154929577464784,-0.005633802816901623
2001-01-31,HML,CIZ_2026,-0.4993963782696178,-0.49859154929577465,0.0008048289738431524
2001-02-28,HML,CIZ_2026,0.9122736418511064,0.8921529175050297,-0.0201207243460767
2001-03-31,HML,CIZ_2026,0.4253521126760562,0.4309859154929574,0.005633802816901179
2001-04-30,HML,CIZ_2026,-0.4672032193158955,-0.4672032193158955,0.0
2001-05-31,HML,CIZ_2026,0.1790744466800802,0.18148893360160936,0.002414486921529152
2001-06-30,HML,CIZ_2026,-0.1814889336016099,-0.1879275653923543,-0.006438631790744415
2001-07-31,HML,CIZ_2026,0.3279678068410461,0.30704225352112646,-0.020925553319919632
2001-08-31,HML,CIZ_2026,0.0945674044265592,0.13883299798792725,0.044265593561368055
2001-09-30,HML,CIZ_2026,0.025352112676056,0.030985915492957497,0.005633802816901498
2001-10-31,HML,CIZ_2026,-0.7070422535211269,-0.6796780684104627,0.027364185110664185
2001-11-30,HML,CIZ_2026,0.0865191146881287,0.08329979879275626,-0.0032193158953724432
2001-12-31,HML,CIZ_2026,-0.0237424547283703,-0.024547283702213527,-0.0008048289738432253
2002-01-31,HML,CIZ_2026,0.1855130784708247,0.1839034205231385,-0.0016096579476862216
2002-02-28,HML,CIZ_2026,0.0824949698189134,0.09698189134808824,0.014486921529174843
2002-03-31,HML,CIZ_2026,-0.0060362173038229,-0.004426559356137061,0.001609657947685839
2002-04-30,HML,CIZ_2026,0.2209255533199192,0.23138832997987893,0.010462776659959733
2002-05-31,HML,CIZ_2026,0.0317907444668006,0.030985915492957497,-0.0008048289738431039
2002-06-30,HML,CIZ_2026,-0.0953722334004025,-0.061569416498994195,0.03380281690140831
2002-07-31,HML,CIZ_2026,-0.4012072434607646,-0.3794768611670022,0.021730382293762396
2002-08-31,HML,CIZ_2026,0.1726358148893358,0.14688128772635783,-0.025754527162977964
2002-09-30,HML,CIZ_2026,0.0269617706237423,0.010865191146881045,-0.016096579476861255
2002-10-31,HML,CIZ_2026,-0.4092555331991953,-0.3923541247484911,0.016901408450704203
2002-11-30,HML,CIZ_2026,-0.1903420523138834,-0.19034205231388346,-5.551115123125783e-17
2002-12-31,HML,CIZ_2026,0.0808853118712273,0.08249496981891322,0.0016096579476859163
2003-01-31,HML,CIZ_2026,-0.1581488933601611,-0.15895372233400423,-0.0008048289738431247
2003-02-28,HML,CIZ_2026,-0.2032193158953723,-0.20563380281690158,-0.002414486921529291
2003-03-31,HML,CIZ_2026,-0.2466800804828974,-0.25714285714285734,-0.010462776659959927
2003-04-30,HML,CIZ_2026,0.0004024144869214,0.0052313883299796304,0.00482897384305823
2003-05-31,HML,CIZ_2026,-0.0591549295774649,-0.04064386317907468,0.018511066398390216
2003-06-30,HML,CIZ_2026,-0.0824949698189136,-0.07525150905432618,0.007243460764587428
2003-07-31,HML,CIZ_2026,-0.1911468812877265,-0.2152917505030183,-0.024144869215291798
2003-08-31,HML,CIZ_2026,0.0317907444668006,0.040643863179074174,0.008853118712273574
2003-09-30,HML,CIZ_2026,-0.0784708249496982,-0.08008048289738452,-0.0016096579476863188
2003-10-31,HML,CIZ_2026,0.0672032193158953,0.08651911468812848,0.019315895372233174
2003-11-30,HML,CIZ_2026,0.051911468812877,0.047082494969818645,-0.004828973843058353
2003-12-31,HML,CIZ_2026,0.037424547283702,0.030181086519114428,-0.007243460764587574
2004-01-31,HML,CIZ_2026,0.1090543259557343,0.10342052313883271,-0.005633802816901595
2004-02-29,HML,CIZ_2026,-0.0189134808853119,-0.014889336016096821,0.004024144869215079
2004-03-31,HML,CIZ_2026,-0.0696177062374246,-0.072837022132797,-0.0032193158953724016
2004-04-30,HML,CIZ_2026,-0.3408450704225353,-0.3513078470824951,-0.01046277665995976
2004-05-31,HML,CIZ_2026,-0.1114688128772637,-0.10583501006036239,0.005633802816901318
2004-06-30,HML,CIZ_2026,0.0036217303822936,0.006036217303822686,0.0024144869215290857
2004-07-31,HML,CIZ_2026,0.1694164989939637,0.16780684104627738,-0.0016096579476863049
2004-08-31,HML,CIZ_2026,-0.0132796780684105,-0.005231388329980116,0.008048289738430385
2004-09-30,HML,CIZ_2026,-0.0913480885311872,-0.09537223340040263,-0.004024144869215429
2004-10-31,HML,CIZ_2026,-0.1090543259557346,-0.11227364185110685,-0.003219315895372249
2004-11-30,HML,CIZ_2026,0.0221327967806839,0.035010060362172774,0.012877263581488874
2004-12-31,HML,CIZ_2026,-0.1090543259557346,-0.10905432595573461,-1.3877787807814457e-17
2005-01-31,HML,CIZ_2026,0.0744466800804828,0.07766599597585486,0.0032193158953720546
2005-02-28,HML,CIZ_2026,0.0325955734406435,0.024547283702213013,-0.008048289738430484
2005-03-31,HML,CIZ_2026,0.0728370221327965,0.07605633802816875,0.003219315895372249
2005-04-30,HML,CIZ_2026,-0.0857142857142858,-0.08410462776659981,0.0016096579476859857
2005-05-31,HML,CIZ_2026,-0.142857142857143,-0.1404426559356139,0.0024144869215290965
2005-06-30,HML,CIZ_2026,0.1364185110663982,0.13883299798792725,0.002414486921529041
2005-07-31,HML,CIZ_2026,-0.1549295774647887,-0.15412474849094587,0.0008048289738428194
2005-08-31,HML,CIZ_2026,0.0148893360160964,0.016498993963782446,0.0016096579476860464
2005-09-30,HML,CIZ_2026,-0.0342052313883299,-0.028571428571428803,0.005633802816901096
2005-10-31,HML,CIZ_2026,-0.0575452716297788,-0.05674044265593584,0.0008048289738429582
2005-11-30,HML,CIZ_2026,-0.184708249496982,-0.18712273641851124,-0.0024144869215292353
2005-12-31,HML,CIZ_2026,-0.0752515090543261,-0.07927565392354147,-0.004024144869215374
2006-01-31,HML,CIZ_2026,-0.0044265593561368,-0.011670020120724586,-0.0072434607645877865
2006-02-28,HML,CIZ_2026,-0.1187122736418512,-0.11629778672032214,0.0024144869215290687
2006-03-31,HML,CIZ_2026,-0.0430583501006037,-0.0422535211267608,0.0008048289738429026
2006-04-30,HML,CIZ_2026,0.0969818913480884,0.09054325955734377,-0.006438631790744637
2006-05-31,HML,CIZ_2026,0.1026156941649898,0.10020120724346046,-0.0024144869215293463
2006-06-30,HML,CIZ_2026,-0.0229376257545272,-0.022937625754527402,-2.0122792321330962e-16
2006-07-31,HML,CIZ_2026,0.1179074446680079,0.1195171026156939,0.0016096579476859996
2006-08-31,HML,CIZ_2026,-0.2571428571428573,-0.24828973843058366,0.008853118712273622
2006-09-30,HML,CIZ_2026,-0.0849094567404428,-0.08571428571428594,-0.0008048289738431386
2006-10-31,HML,CIZ_2026,-0.1162977867203221,-0.11790744466800826,-0.001609657947686166
2006-11-30,HML,CIZ_2026,-0.0800804828973843,-0.08893360160965816,-0.008853118712273858
2006-12-31,HML,CIZ_2026,0.1283702213279676,0.12997987927565363,0.0016096579476860273
2007-01-31,HML,CIZ_2026,-0.1460764587525151,-0.1460764587525153,-1.942890293094024e-16
2007-02-28,HML,CIZ_2026,-0.10261569416499,-0.09859154929577486,0.004024144869215138
2007-03-31,HML,CIZ_2026,-0.1694164989939639,-0.1629778672032195,0.006438631790744415
2007-04-30,HML,CIZ_2026,-0.2080482897384306,-0.2072434607645877,0.0008048289738429026
2007-05-31,HML,CIZ_2026,-0.143661971830986,-0.1380281690140847,0.00563380281690129
2007-06-30,HML,CIZ_2026,-0.1758551307847083,-0.1750503018108654,0.0008048289738429026
2007-07-31,HML,CIZ_2026,-0.3899396378269618,-0.38993963782696184,-5.551115123125783e-17
2007-08-31,HML,CIZ_2026,-0.241046277665996,-0.2434607645875253,-0.002414486921529291
2007-09-30,HML,CIZ_2026,-0.2692152917505032,-0.2627766599597587,0.006438631790744498
2007-10-31,HML,CIZ_2026,-0.3311871227364187,-0.3183098591549297,0.012877263581488996
2007-11-30,HML,CIZ_2026,-0.1670020120724347,-0.17907444668008066,-0.012072434607645954
2007-12-31,HML,CIZ_2026,-0.1356136820925555,-0.12997987927565413,0.005633802816901373
2008-01-31,HML,CIZ_2026,0.2281690140845069,0.23219315895372197,0.004024144869215068
2008-02-29,HML,CIZ_2026,-0.1589537223340041,-0.14849094567404447,0.010462776659959622
2008-03-31,HML,CIZ_2026,-0.0672032193158954,-0.06398390342052336,0.0032193158953720408
2008-04-30,HML,CIZ_2026,-0.1670020120724347,-0.17102615694165008,-0.004024144869215374
2008-05-31,HML,CIZ_2026,-0.2064386317907445,-0.21770623742454745,-0.01126760563380294
2008-06-30,HML,CIZ_2026,-0.3094567404426561,-0.2917505030181088,0.0177062374245473
2008-07-31,HML,CIZ_2026,0.3448692152917505,0.3279678068410459,-0.016901408450704647
2008-08-31,HML,CIZ_2026,0.0366197183098591,0.030181086519114428,-0.006438631790744671
2008-09-30,HML,CIZ_2026,0.3843058350100603,0.36338028169014047,-0.020925553319919854
2008-10-31,HML,CIZ_2026,-0.2764587525150906,-0.24587525150905448,0.03058350100603613
2008-11-30,HML,CIZ_2026,-0.5991951710261569,-0.5911468812877264,0.008048289738430525
2008-12-31,HML,CIZ_2026,-0.0800804828973843,-0.08973843058350123,-0.009657947686116927
2009-01-31,HML,CIZ_2026,-1.0,-0.9774647887323943,0.022535211267605715
2009-02-28,HML,CIZ_2026,-0.6507042253521127,-0.6217303822937627,0.028973843058350046
2009-03-31,HML,CIZ_2026,0.187927565392354,0.1879275653923538,-1.942890293094024e-16
2009-04-30,HML,CIZ_2026,0.340040241448692,0.34084507042253487,0.0008048289738428749
2009-05-31,HML,CIZ_2026,-0.0688128772635816,-0.05674044265593584,0.012072434607645753
2009-06-30,HML,CIZ_2026,-0.3110663983903422,-0.31509054325955743,-0.004024144869215207
2009-07-31,HML,CIZ_2026,0.2973843058350098,0.302213279678068,0.004828973843058193
2009-08-31,HML,CIZ_2026,0.5227364185110661,0.5203219315895368,-0.0024144869215293463
2009-09-30,HML,CIZ_2026,-0.006841046277666,0.0012072434607643262,0.008048289738430327
2009-10-31,HML,CIZ_2026,-0.4301810865191148,-0.4269617706237425,0.0032193158953722767
2009-11-30,HML,CIZ_2026,-0.1187122736418512,-0.11790744466800826,0.0008048289738429443
2009-12-31,HML,CIZ_2026,-0.1050301810865191,-0.10020120724346097,0.004828973843058124
2010-01-31,HML,CIZ_2026,-0.0567404426559358,-0.06478873239436642,-0.008048289738430615
2010-02-28,HML,CIZ_2026,0.1686116700201205,0.16458752515090516,-0.004024144869215346
2010-03-31,HML,CIZ_2026,0.0865191146881287,0.08490945674044237,-0.0016096579476863326
2010-04-30,HML,CIZ_2026,0.1412474849094567,0.14688128772635783,0.005633802816901123
2010-05-31,HML,CIZ_2026,-0.2877263581488934,-0.29094567404426575,-0.003219315895372332
2010-06-30,HML,CIZ_2026,-0.4696177062374247,-0.47203219315895384,-0.0024144869215291243
2010-07-31,HML,CIZ_2026,-0.1162977867203221,-0.13078470824949717,-0.014486921529175079
2010-08-31,HML,CIZ_2026,-0.2442655935613683,-0.2305835010060364,0.013682092555331898
2010-09-30,HML,CIZ_2026,-0.3456740442655936,-0.33440643863179087,0.011267605633802746
2010-10-31,HML,CIZ_2026,-0.2869215291750504,-0.2893360160965796,-0.0024144869215291798
2010-11-30,HML,CIZ_2026,-0.1686116700201209,-0.16378269617706256,0.004828973843058332
2010-12-31,HML,CIZ_2026,0.2064386317907443,0.19517102615694135,-0.01126760563380294
2011-01-31,HML,CIZ_2026,-0.0245472837022133,-0.0422535211267608,-0.017706237424547498
2011-02-28,HML,CIZ_2026,0.0108651911468811,0.003621730382293506,-0.007243460764587595
2011-03-31,HML,CIZ_2026,-0.2386317907444669,-0.23943661971831004,-0.0008048289738431524
2011-04-30,HML,CIZ_2026,-0.2869215291750504,-0.28772635814889347,-0.0008048289738430414
2011-05-31,HML,CIZ_2026,-0.2619718309859157,-0.24024144869215308,0.021730382293762618
2011-06-30,HML,CIZ_2026,-0.1251509054325956,-0.1074446680080485,0.017706237424547105
2011-07-31,HML,CIZ_2026,-0.1637826961770625,-0.16378269617706256,-5.551115123125783e-17
2011-08-31,HML,CIZ_2026,-0.2812877263581489,-0.2869215291750504,-0.005633802816901512
2011-09-30,HML,CIZ_2026,-0.2297786720321933,-0.21448692152917523,0.015291750503018064
2011-10-31,HML,CIZ_2026,-0.0832997987927567,-0.08651911468812899,-0.0032193158953722906
2011-11-30,HML,CIZ_2026,-0.128370221327968,-0.13319919517102635,-0.0048289738430583595
2011-12-31,HML,CIZ_2026,0.0398390342052312,0.03259557344064361,-0.007243460764587595
2012-01-31,HML,CIZ_2026,-0.1694164989939639,-0.16619718309859174,0.0032193158953721657
2012-02-29,HML,CIZ_2026,-0.0567404426559358,-0.0575452716297789,-0.0008048289738430969
2012-03-31,HML,CIZ_2026,0.0004024144869214,0.004426559356136561,0.004024144869215161
2012-04-30,HML,CIZ_2026,-0.1541247484909457,-0.1533199195171028,0.0008048289738429026
2012-05-31,HML,CIZ_2026,-0.1774647887323944,-0.16780684104627785,0.009657947686116553
2012-06-30,HML,CIZ_2026,-0.0414486921529176,-0.04708249496981914,-0.00563380281690154
2012-07-31,HML,CIZ_2026,-0.0929577464788733,-0.09617706237424568,-0.0032193158953723877
2012-08-31,HML,CIZ_2026,0.0132796780684103,0.00925553319919492,-0.004024144869215379
2012-09-30,HML,CIZ_2026,0.037424547283702,0.039839034205231105,0.0024144869215291034
2012-10-31,HML,CIZ_2026,0.1975855130784707,0.19195171026156913,-0.0056338028169015675
2012-11-30,HML,CIZ_2026,-0.1589537223340041,-0.16136820925553338,-0.002414486921529291
2012-12-31,HML,CIZ_2026,0.1911468812877261,0.19195171026156913,0.0008048289738430137
2013-01-31,HML,CIZ_2026,-0.0140845070422536,-0.010060362173038476,0.004024144869215124
2013-02-28,HML,CIZ_2026,-0.0824949698189136,-0.07686116700201229,0.005633802816901318
2013-03-31,HML,CIZ_2026,-0.1066398390342052,-0.10824949698189155,-0.0016096579476863604
2013-04-30,HML,CIZ_2026,-0.0551307847082497,-0.05432595573440666,0.0008048289738430345
2013-05-31,HML,CIZ_2026,0.1203219315895369,0.12676056338028138,0.006438631790744484
2013-06-30,HML,CIZ_2026,-0.0889336016096581,-0.09456740442655957,-0.00563380281690147
2013-07-31,HML,CIZ_2026,-0.0454728370221328,-0.045472837022133034,-2.3592239273284576e-16
2013-08-31,HML,CIZ_2026,-0.3078470824949698,-0.3110663983903422,-0.0032193158953724432
2013-09-30,HML,CIZ_2026,-0.1895372233400404,-0.1863179074446682,0.0032193158953721934
2013-10-31,HML,CIZ_2026,0.009255533199195,0.006841046277665741,-0.0024144869215292596
2013-11-30,HML,CIZ_2026,-0.0655935613682093,-0.07605633802816923,-0.010462776659959927
2013-12-31,HML,CIZ_2026,-0.0929577464788733,-0.09134808853118734,0.001609657947685958
2014-01-31,HML,CIZ_2026,-0.2579476861167004,-0.2515090543259559,0.006438631790744498
2014-02-28,HML,CIZ_2026,-0.1162977867203221,-0.11951710261569437,-0.0032193158953722767
2014-03-31,HML,CIZ_2026,0.3054325955734405,0.30301810865191114,-0.0024144869215293463
2014-04-30,HML,CIZ_2026,0.0028169014084504,0.006841046277665741,0.004024144869215341
2014-05-31,HML,CIZ_2026,-0.101810865191147,-0.09939637826961792,0.0024144869215290826
2014-06-30,HML,CIZ_2026,-0.1476861167002012,-0.14849094567404447,-0.0008048289738432635
2014-07-31,HML,CIZ_2026,-0.0889336016096581,-0.09778672032193181,-0.008853118712273705
2014-08-31,HML,CIZ_2026,-0.1275653923541247,-0.1380281690140847,-0.01046277665996001
2014-09-30,HML,CIZ_2026,-0.199195171026157,-0.20965794768611687,-0.010462776659959871
2014-10-31,HML,CIZ_2026,-0.2370221327967808,-0.22575452716297803,0.011267605633802774
2014-11-30,HML,CIZ_2026,-0.3400402414486922,-0.34325955734406455,-0.003219315895372332
2014-12-31,HML,CIZ_2026,0.091348088531187,0.0784708249496979,-0.012877263581489107
2015-01-31,HML,CIZ_2026,-0.3794768611670021,-0.37142857142857155,0.008048289738430525
2015-02-28,HML,CIZ_2026,-0.241046277665996,-0.2321931589537225,0.008853118712273511
2015-03-31,HML,CIZ_2026,-0.1211267605633803,-0.12193158953722355,-0.0008048289738432496
2015-04-30,HML,CIZ_2026,0.0551307847082493,0.054325955734406184,-0.0008048289738431177
2015-05-31,HML,CIZ_2026,-0.1830985915492959,-0.17987927565392375,0.003219315895372138
2015-06-30,HML,CIZ_2026,-0.1549295774647887,-0.15573440643863198,-0.0008048289738432912
2015-07-31,HML,CIZ_2026,-0.4237424547283703,-0.4261569416498995,-0.0024144869215291798
2015-08-31,HML,CIZ_2026,0.1315895372233397,0.12997987927565363,-0.001609657947686055
2015-09-30,HML,CIZ_2026,-0.0462776659959759,-0.04708249496981914,-0.0008048289738432357
2015-10-31,HML,CIZ_2026,-0.128370221327968,-0.12837022132796802,-2.7755575615628914e-17
2015-11-30,HML,CIZ_2026,-0.1251509054325956,-0.12595573440643884,-0.0008048289738432357
2015-12-31,HML,CIZ_2026,-0.3014084507042254,-0.29818913480885323,0.0032193158953721657
2016-01-31,HML,CIZ_2026,0.0768611670020118,0.07605633802816875,-0.0008048289738430553
2016-02-29,HML,CIZ_2026,-0.1372233400402416,-0.1404426559356139,-0.0032193158953723044
2016-03-31,HML,CIZ_2026,0.0044265593561365,0.007645875251508796,0.0032193158953722966
2016-04-30,HML,CIZ_2026,0.1726358148893358,0.16780684104627738,-0.004828973843058415
2016-05-31,HML,CIZ_2026,-0.2249496981891349,-0.22173038229376277,0.003219315895372138
2016-06-30,HML,CIZ_2026,-0.2104627766599599,-0.21126760563380298,-0.0008048289738430692
2016-07-31,HML,CIZ_2026,-0.1975855130784709,-0.19356136820925574,0.004024144869215152
2016-08-31,HML,CIZ_2026,0.1645875251509052,0.16378269617706206,-0.0008048289738431247
2016-09-30,HML,CIZ_2026,-0.1911468812877265,-0.18953722334004042,0.0016096579476860828
2016-10-31,HML,CIZ_2026,0.2378269617706236,0.23863179074446642,0.0008048289738428194
2016-11-30,HML,CIZ_2026,0.5694164989939636,0.578269617706237,0.008853118712273345
2016-12-31,HML,CIZ_2026,0.1927565392354122,0.190342052313883,-0.0024144869215292075
2017-01-31,HML,CIZ_2026,-0.3126760563380283,-0.31187122736418527,0.0008048289738430414
2017-02-28,HML,CIZ_2026,-0.2257545271629779,-0.21368209255533216,0.012072434607645732
2017-03-31,HML,CIZ_2026,-0.3609657947686118,-0.3593561368209257,0.0016096579476860828
2017-04-30,HML,CIZ_2026,-0.2627766599597586,-0.2587525150905434,0.004024144869215152
2017-05-31,HML,CIZ_2026,-0.3955734406438632,-0.3987927565392355,-0.003219315895372332
2017-06-30,HML,CIZ_2026,0.0277665995975853,0.030181086519114428,0.0024144869215291277
2017-07-31,HML,CIZ_2026,-0.1162977867203221,-0.10985915492957768,0.006438631790744415
2017-08-31,HML,CIZ_2026,-0.2595573440643864,-0.2627766599597587,-0.0032193158953722767
2017-09-30,HML,CIZ_2026,0.161368209255533,0.16217303822937593,0.0008048289738429304
2017-10-31,HML,CIZ_2026,-0.0752515090543261,-0.08088531187122758,-0.005633802816901484
2017-11-30,HML,CIZ_2026,-0.0937625754527163,-0.09859154929577486,-0.004828973843058568
2017-12-31,HML,CIZ_2026,-0.0865191146881289,-0.08732394366197205,-0.0008048289738431524
1950-01-31,STR,FIZ_2024,-0.0051880674448768,-0.005188067444876529,2.706168622523819e-16
1950-02-28,STR,FIZ_2024,0.0220492866407262,0.022049286640726556,3.5735303605122226e-16
1950-03-31,STR,FIZ_2024,0.0110246433203631,0.01102464332036341,3.1051550219984847e-16
1950-04-30,STR,FIZ_2024,0.0791180285343708,0.07911802853437114,3.3306690738754696e-16
1950-05-31,STR,FIZ_2024,-0.116083009079118,-0.11608300907911769,3.191891195797325e-16
1950-06-30,STR,FIZ_2024,0.0116731517509727,0.011673151750972999,2.983724378680108e-16
1950-07-31,STR,FIZ_2024,-0.0090791180285344,-0.00907911802853411,2.896988204881268e-16
1950-08-31,STR,FIZ_2024,0.2840466926070037,0.28404669260700394,2.220446049250313e-16
1950-09-30,STR,FIZ_2024,-0.0272373540856032,-0.02723735408560284,3.608224830031759e-16
1950-10-31,STR,FIZ_2024,0.1277561608300907,0.12775616083009092,2.220446049250313e-16
1950-11-30,STR,FIZ_2024,0.0168612191958494,0.01686121919584979,3.920475055707584e-16
1950-12-31,STR,FIZ_2024,-0.4202334630350194,-0.4202334630350189,4.996003610813204e-16
1951-01-31,STR,FIZ_2024,0.1491569390402072,0.14915693904020766,4.718447854656915e-16
1951-02-28,STR,FIZ_2024,0.1089494163424125,0.10894941634241265,1.5265566588595902e-16
1951-03-31,STR,FIZ_2024,-0.0745784695201038,-0.07457846952010344,3.608224830031759e-16
1951-04-30,STR,FIZ_2024,0.0622568093385214,0.06225680933852161,2.0816681711721685e-16
1951-05-31,STR,FIZ_2024,0.0693904020752269,0.06939040207522719,2.914335439641036e-16
1951-06-30,STR,FIZ_2024,-0.1815823605706874,-0.18158236057068702,3.885780586188048e-16
1951-07-31,STR,FIZ_2024,0.215953307392996,0.21595330739299623,2.220446049250313e-16
1951-08-31,STR,FIZ_2024,-0.0402075226977951,-0.04020752269779479,3.122502256758253e-16
1951-09-30,STR,FIZ_2024,0.0278858625162126,0.027885862516212945,3.434752482434078e-16
1951-10-31,STR,FIZ_2024,0.1108949416342413,0.1108949416342414,1.1102230246251565e-16
1951-11-30,STR,FIZ_2024,0.0226977950713358,0.022697795071336152,3.5041414214731503e-16
1951-12-31,STR,FIZ_2024,0.0428015564202335,0.042801556420233686,1.8735013540549517e-16
1952-01-31,STR,FIZ_2024,0.0667963683527883,0.06679636835278879,4.996003610813204e-16
1952-02-29,STR,FIZ_2024,0.0194552529182878,0.019455252918288188,3.885780586188048e-16
1952-03-31,STR,FIZ_2024,-0.0110246433203632,-0.011024643320362904,2.96637714392034e-16
1952-04-30,STR,FIZ_2024,-0.0272373540856032,-0.02723735408560284,3.608224830031759e-16
1952-05-31,STR,FIZ_2024,0.0570687418936446,0.05706874189364482,2.1510571102112408e-16
1952-06-30,STR,FIZ_2024,-0.0012970168612193,-0.0012970168612189414,3.5865407865820487e-16
1952-07-31,STR,FIZ_2024,0.0214007782101166,0.021400778210116975,3.7470027081099033e-16
1952-08-31,STR,FIZ_2024,-0.0285343709468224,-0.028534370946822034,3.677613769070831e-16
1952-09-30,STR,FIZ_2024,-0.1271076523994811,-0.12710765239948085,2.498001805406602e-16
1952-10-31,STR,FIZ_2024,-0.0025940337224384,-0.0025940337224381327,2.671474153004283e-16
1952-11-30,STR,FIZ_2024,0.0674448767833981,0.06744487678339839,2.914335439641036e-16
1952-12-31,STR,FIZ_2024,0.0817120622568092,0.08171206225680952,3.191891195797325e-16
1953-01-31,STR,FIZ_2024,0.0875486381322956,0.08754863813229591,3.0531133177191805e-16
1953-02-28,STR,FIZ_2024,-0.0881971465629053,-0.08819714656290499,3.0531133177191805e-16
1953-03-31,STR,FIZ_2024,-0.003242542153048,-0.0032425421530477352,2.645453300864631e-16
1953-04-30,STR,FIZ_2024,-0.0045395590142671,-0.004539559014266933,1.6653345369377348e-16
1953-05-31,STR,FIZ_2024,-0.0304798962386511,-0.030479896238650824,2.7755575615628914e-16
1953-06-30,STR,FIZ_2024,-0.056420233463035,-0.05642023346303472,2.7755575615628914e-16
1953-07-31,STR,FIZ_2024,-0.0025940337224384,-0.0025940337224381327,2.671474153004283e-16
1953-08-31,STR,FIZ_2024,-0.0278858625162128,-0.027885862516212438,3.608224830031759e-16
1953-09-30,STR,FIZ_2024,-0.1011673151750972,-0.10116731517509694,2.498001805406602e-16
1953-10-31,STR,FIZ_2024,-0.0343709468223087,-0.03437094682230841,2.914335439641036e-16
1953-11-30,STR,FIZ_2024,-0.0648508430609599,-0.06485084306095949,4.0245584642661925e-16
1953-12-31,STR,FIZ_2024,-0.1335927367055771,-0.1335927367055768,2.7755575615628914e-16
1954-01-31,STR,FIZ_2024,0.2717250324254214,0.2717250324254216,2.220446049250313e-16
1954-02-28,STR,FIZ_2024,0.0311284046692605,0.031128404669260937,4.371503159461554e-16
1954-03-31,STR,FIZ_2024,-0.0421530479896239,-0.04215304798962358,3.2612801348363973e-16
1954-04-30,STR,FIZ_2024,-0.1426718547341116,-0.14267185473411118,4.163336342344337e-16
1954-05-31,STR,FIZ_2024,0.114137483787289,0.11413748378728938,3.885780586188048e-16
1954-06-30,STR,FIZ_2024,0.0739299610894941,0.07392996108949434,2.498001805406602e-16
1954-07-31,STR,FIZ_2024,0.0265888456549934,0.02658884565499374,3.400058012914542e-16
1954-08-31,STR,FIZ_2024,0.0830090791180284,0.08300907911802871,3.0531133177191805e-16
1954-09-30,STR,FIZ_2024,-0.0752269779507133,-0.07522697795071305,2.498001805406602e-16
1954-10-31,STR,FIZ_2024,-0.0278858625162128,-0.027885862516212438,3.608224830031759e-16
1954-11-30,STR,FIZ_2024,-0.0875486381322958,-0.08754863813229541,3.885780586188048e-16
1954-12-31,STR,FIZ_2024,-0.0609597924773023,-0.060959792477301905,3.95516952522712e-16
1955-01-31,STR,FIZ_2024,0.0635538261997405,0.0635538261997408,3.0531133177191805e-16
1955-02-28,STR,FIZ_2024,0.0590142671854734,0.05901426718547362,2.1510571102112408e-16
1955-03-31,STR,FIZ_2024,0.0298313878080414,0.02983138780804173,3.3306690738754696e-16
1955-04-30,STR,FIZ_2024,0.0317769130998701,0.03177691309987053,4.3021142204224816e-16
1955-05-31,STR,FIZ_2024,-0.0479896238651103,-0.04798962386510996,3.400058012914542e-16
1955-06-30,STR,FIZ_2024,-0.1031128404669261,-0.10311284046692573,3.7470027081099033e-16
1955-07-31,STR,FIZ_2024,-0.1446173800259403,-0.14461738002593996,3.3306690738754696e-16
1955-08-31,STR,FIZ_2024,0.1121919584954604,0.1121919584954606,1.942890293094024e-16
1955-09-30,STR,FIZ_2024,0.1134889753566796,0.11348897535667982,2.220446049250313e-16
1955-10-31,STR,FIZ_2024,-0.0473411154345007,-0.047341115434500355,3.469446951953614e-16
1955-11-30,STR,FIZ_2024,0.1848249027237352,0.18482490272373553,3.3306690738754696e-16
1955-12-31,STR,FIZ_2024,-0.0616083009079119,-0.0616083009079115,4.0245584642661925e-16
1956-01-31,STR,FIZ_2024,0.0155642023346302,0.0155642023346306,4.0072112295064244e-16
1956-02-29,STR,FIZ_2024,0.1381322957198443,0.1381322957198445,1.942890293094024e-16
1956-03-31,STR,FIZ_2024,-0.2081712062256809,-0.20817120622568053,3.608224830031759e-16
1956-04-30,STR,FIZ_2024,-0.1485084306095979,-0.14850843060959756,3.3306690738754696e-16
1956-05-31,STR,FIZ_2024,0.0739299610894941,0.07392996108949434,2.498001805406602e-16
1956-06-30,STR,FIZ_2024,0.0006485084306095,0.0006485084306098524,3.5236570605778894e-16
1956-07-31,STR,FIZ_2024,-0.1251621271076525,-0.12516212710765204,4.718447854656915e-16
1956-08-31,STR,FIZ_2024,0.0830090791180284,0.08300907911802871,3.0531133177191805e-16
1956-09-30,STR,FIZ_2024,-0.1407263294422828,-0.14072632944228236,4.440892098500626e-16
1956-10-31,STR,FIZ_2024,-0.0188067444876783,-0.018806744487678072,2.2898349882893854e-16
1956-11-30,STR,FIZ_2024,-0.1465629053177691,-0.14656290531776878,3.3306690738754696e-16
1956-12-31,STR,FIZ_2024,-0.0479896238651103,-0.04798962386510996,3.400058012914542e-16
1957-01-31,STR,FIZ_2024,0.183527885862516,0.18352788586251634,3.3306690738754696e-16
1957-02-28,STR,FIZ_2024,-0.0616083009079119,-0.0616083009079115,4.0245584642661925e-16
1957-03-31,STR,FIZ_2024,0.0181582360570686,0.018158236057068983,3.8163916471489756e-16
1957-04-30,STR,FIZ_2024,-0.0894941634241245,-0.0894941634241242,3.0531133177191805e-16
1957-05-31,STR,FIZ_2024,-0.0382619974059663,-0.038261997405965996,3.0531133177191805e-16
1957-06-30,STR,FIZ_2024,-0.1044098573281453,-0.10440985732814492,3.7470027081099033e-16
1957-07-31,STR,FIZ_2024,-0.0149156939040208,-0.014915693904020484,3.157196726277789e-16
1957-08-31,STR,FIZ_2024,-0.0298313878080415,-0.02983138780804123,2.706168622523819e-16
1957-09-30,STR,FIZ_2024,-0.3145265888456551,-0.3145265888456545,6.106226635438361e-16
1957-10-31,STR,FIZ_2024,-0.2782101167315175,-0.2782101167315171,4.440892098500626e-16
1957-11-30,STR,FIZ_2024,-0.0609597924773023,-0.060959792477301905,3.95516952522712e-16
1957-12-31,STR,FIZ_2024,-0.1290531776913099,-0.12905317769130964,2.498001805406602e-16
1958-01-31,STR,FIZ_2024,0.3041504539559012,0.30415045395590146,2.7755575615628914e-16
1958-02-28,STR,FIZ_2024,0.062905317769131,0.0629053177691312,2.0816681711721685e-16
1958-03-31,STR,FIZ_2024,0.0233463035019454,0.02334630350194576,3.608224830031759e-16
1958-04-30,STR,FIZ_2024,-0.0784695201037614,-0.07846952010376104,3.608224830031759e-16
1958-05-31,STR,FIZ_2024,0.0259403372243838,0.025940337224384144,3.434752482434078e-16
1958-06-30,STR,FIZ_2024,0.0752269779507133,0.07522697795071356,2.636779683484747e-16
1958-07-31,STR,FIZ_2024,0.1303501945525289,0.13035019455252933,4.440892098500626e-16
1958-08-31,STR,FIZ_2024,0.0603112840466926,0.06031128404669281,2.0816681711721685e-16
1958-09-30,STR,FIZ_2024,0.1147859922178988,0.11478599221789901,2.0816681711721685e-16
1958-10-31,STR,FIZ_2024,0.0363164721141373,0.036316472114137716,4.163336342344337e-16
1958-11-30,STR,FIZ_2024,-0.0058365758754864,-0.005836575875486125,2.749536709423239e-16
1958-12-31,STR,FIZ_2024,0.0719844357976653,0.07198443579766556,2.636779683484747e-16
1959-01-31,STR,FIZ_2024,0.020752269779507,0.02075226977950738,3.7816971776294395e-16
1959-02-28,STR,FIZ_2024,-0.0142671854734112,-0.014267185473410895,3.0531133177191805e-16
1959-03-31,STR,FIZ_2024,-0.0246433203631647,-0.02464332036316445,2.498001805406602e-16
1959-04-30,STR,FIZ_2024,-0.0473411154345007,-0.047341115434500355,3.469446951953614e-16
1959-05-31,STR,FIZ_2024,-0.0998702983138781,-0.09987029831387775,3.469446951953614e-16
1959-06-30,STR,FIZ_2024,0.0090791180285343,0.009079118028534623,3.226585665316861e-16
1959-07-31,STR,FIZ_2024,-0.0596627756160831,-0.059662775616082714,3.885780586188048e-16
1959-08-31,STR,FIZ_2024,-0.0843060959792477,-0.0843060959792474,2.914335439641036e-16
1959-09-30,STR,FIZ_2024,-0.0583657587548638,-0.058365758754863516,2.8449465006019636e-16
1959-10-31,STR,FIZ_2024,0.0246433203631646,0.024643320363164953,3.5388358909926865e-16
1959-11-30,STR,FIZ_2024,-0.1614785992217898,-0.1614785992217895,3.0531133177191805e-16
1959-12-31,STR,FIZ_2024,0.0408560311284045,0.040856031128404885,3.8163916471489756e-16
1960-01-31,STR,FIZ_2024,0.1893644617380023,0.1893644617380027,3.885780586188048e-16
1960-02-29,STR,FIZ_2024,-0.0849546044098573,-0.08495460440985701,2.914335439641036e-16
1960-03-31,STR,FIZ_2024,-0.1011673151750972,-0.10116731517509694,2.498001805406602e-16
1960-04-30,STR,FIZ_2024,-0.1997405966277562,-0.19974059662775576,4.440892098500626e-16
1960-05-31,STR,FIZ_2024,-0.280804150453956,-0.28080415045395546,5.551115123125783e-16
1960-06-30,STR,FIZ_2024,0.0214007782101166,0.021400778210116975,3.7470027081099033e-16
1960-07-31,STR,FIZ_2024,0.0181582360570686,0.018158236057068983,3.8163916471489756e-16
1960-08-31,STR,FIZ_2024,-0.1400778210116731,-0.1400778210116728,3.0531133177191805e-16
1960-09-30,STR,FIZ_2024,-0.0538261997405966,-0.05382619974059633,2.706168622523819e-16
1960-10-31,STR,FIZ_2024,-0.1893644617380027,-0.1893644617380022,4.996003610813204e-16
1960-11-30,STR,FIZ_2024,0.0168612191958494,0.01686121919584979,3.920475055707584e-16
1960-12-31,STR,FIZ_2024,-0.0006485084306097,-0.0006485084306093389,3.6114774365492153e-16
1961-01-31,STR,FIZ_2024,0.0246433203631646,0.024643320363164953,3.5388358909926865e-16
1961-02-28,STR,FIZ_2024,0.0343709468223085,0.034370946822308915,4.163336342344337e-16
1961-03-31,STR,FIZ_2024,0.0460440985732815,0.04604409857328168,1.8041124150158794e-16
1961-04-30,STR,FIZ_2024,0.0739299610894941,0.07392996108949434,2.498001805406602e-16
1961-05-31,STR,FIZ_2024,0.1763942931258104,0.17639429312581073,3.3306690738754696e-16
1961-06-30,STR,FIZ_2024,0.0343709468223085,0.034370946822308915,4.163336342344337e-16
1961-07-31,STR,FIZ_2024,0.0415045395590143,0.04150453955901448,1.8041124150158794e-16
1961-08-31,STR,FIZ_2024,0.0220492866407262,0.022049286640726556,3.5735303605122226e-16
1961-09-30,STR,FIZ_2024,-0.158236057068742,-0.1582360570687415,4.996003610813204e-16
1961-10-31,STR,FIZ_2024,-0.142023346303502,-0.14202334630350158,4.163336342344337e-16
1961-11-30,STR,FIZ_2024,-0.0817120622568093,-0.08171206225680902,2.7755575615628914e-16
1961-12-31,STR,FIZ_2024,0.0233463035019454,0.02334630350194576,3.608224830031759e-16
1962-01-31,STR,FIZ_2024,0.0097276264591439,0.009727626459144212,3.122502256758253e-16
1962-02-28,STR,FIZ_2024,0.0045395590142671,0.004539559014267433,3.3306690738754696e-16
1962-03-31,STR,FIZ_2024,-0.0051880674448768,-0.005188067444876529,2.706168622523819e-16
1962-04-30,STR,FIZ_2024,-0.1044098573281453,-0.10440985732814492,3.7470027081099033e-16
1962-05-31,STR,FIZ_2024,-0.062905317769131,-0.06290531776913069,3.0531133177191805e-16
1962-06-30,STR,FIZ_2024,-0.2341115434500649,-0.2341115434500644,4.996003610813204e-16
1962-07-31,STR,FIZ_2024,0.1776913099870296,0.17769130998702992,3.3306690738754696e-16
1962-08-31,STR,FIZ_2024,-0.0590142671854734,-0.05901426718547311,2.914335439641036e-16
1962-09-30,STR,FIZ_2024,0.1057068741893643,0.10570687418936464,3.469446951953614e-16
1962-10-31,STR,FIZ_2024,-0.185473411154345,-0.1854734111543446,4.163336342344337e-16
1962-11-30,STR,FIZ_2024,0.2924773022049285,0.2924773022049287,1.6653345369377348e-16
1962-12-31,STR,FIZ_2024,0.2743190661478596,0.27431906614785995,3.3306690738754696e-16
1963-01-31,STR,FIZ_2024,0.2444876783398184,0.24448767833981844,2.7755575615628914e-17
1963-02-28,STR,FIZ_2024,0.0486381322957198,0.04863813229572006,2.5673907444456745e-16
1963-03-31,STR,FIZ_2024,0.0408560311284045,0.040856031128404885,3.8163916471489756e-16
1963-04-30,STR,FIZ_2024,-0.1115434500648508,-0.1115434500648505,2.914335439641036e-16
1963-05-31,STR,FIZ_2024,-0.0421530479896239,-0.04215304798962358,3.2612801348363973e-16
1963-06-30,STR,FIZ_2024,0.0661478599221789,0.0661478599221792,2.914335439641036e-16
1963-07-31,STR,FIZ_2024,-0.056420233463035,-0.05642023346303472,2.7755575615628914e-16
1963-08-31,STR,FIZ_2024,0.0330739299610893,0.033073929961089724,4.2327252813834093e-16
1963-09-30,STR,FIZ_2024,0.0259403372243838,0.025940337224384144,3.434752482434078e-16
1963-10-31,STR,FIZ_2024,-0.0940337224383918,-0.09403372243839137,4.3021142204224816e-16
1963-11-30,STR,FIZ_2024,0.0214007782101166,0.021400778210116975,3.7470027081099033e-16
1963-12-31,STR,FIZ_2024,-0.0337224383916991,-0.03372243839169881,2.8449465006019636e-16
1964-01-31,STR,FIZ_2024,-0.0616083009079119,-0.0616083009079115,4.0245584642661925e-16
1964-02-29,STR,FIZ_2024,-0.0389105058365759,-0.03891050583657559,3.0531133177191805e-16
1964-03-31,STR,FIZ_2024,-0.0363164721141374,-0.0363164721141372,2.0122792321330962e-16
1964-04-30,STR,FIZ_2024,0.1725032425421531,0.17250324254215318,8.326672684688674e-17
1964-05-31,STR,FIZ_2024,-0.1303501945525292,-0.13035019455252883,3.608224830031759e-16
1964-06-30,STR,FIZ_2024,-0.0201037613488975,-0.020103761348897266,2.3245294578089215e-16
1964-07-31,STR,FIZ_2024,0.0667963683527883,0.06679636835278879,4.996003610813204e-16
1964-08-31,STR,FIZ_2024,-0.1232166018158236,-0.12321660181582327,3.3306690738754696e-16
1964-09-30,STR,FIZ_2024,0.0298313878080414,0.02983138780804173,3.3306690738754696e-16
1964-10-31,STR,FIZ_2024,0.020752269779507,0.02075226977950738,3.7816971776294395e-16
1964-11-30,STR,FIZ_2024,-0.0953307392996108,-0.09533073929961057,2.3592239273284576e-16
1964-12-31,STR,FIZ_2024,0.0038910505836575,0.0038910505836578374,3.37403716077489e-16
1965-01-31,STR,FIZ_2024,0.1400778210116731,0.14007782101167332,2.220446049250313e-16
1965-02-28,STR,FIZ_2024,-0.0843060959792477,-0.0843060959792474,2.914335439641036e-16
1965-03-31,STR,FIZ_2024,0.0389105058365757,0.0389105058365761,3.95516952522712e-16
1965-04-30,STR,FIZ_2024,-0.0252918287937743,-0.025291828793774045,2.5326962749261384e-16
1965-05-31,STR,FIZ_2024,-0.0376134889753566,-0.03761348897535639,2.0816681711721685e-16
1965-06-30,STR,FIZ_2024,-0.0259403372243839,-0.02594033722438364,2.6020852139652106e-16
1965-07-31,STR,FIZ_2024,0.116083009079118,0.1160830090791182,1.942890293094024e-16
1965-08-31,STR,FIZ_2024,-0.142023346303502,-0.14202334630350158,4.163336342344337e-16
1965-09-30,STR,FIZ_2024,-0.1400778210116731,-0.1400778210116728,3.0531133177191805e-16
1965-10-31,STR,FIZ_2024,-0.1335927367055771,-0.1335927367055768,2.7755575615628914e-16
1965-11-30,STR,FIZ_2024,-0.2081712062256809,-0.20817120622568053,3.608224830031759e-16
1965-12-31,STR,FIZ_2024,0.1316472114137481,0.13164721141374852,4.163336342344337e-16
1966-01-31,STR,FIZ_2024,-0.0181582360570687,-0.018158236057068476,2.255140518769849e-16
1966-02-28,STR,FIZ_2024,-0.2282749675745785,-0.22827496757457805,4.440892098500626e-16
1966-03-31,STR,FIZ_2024,-0.0719844357976654,-0.07198443579766506,3.469446951953614e-16
1966-04-30,STR,FIZ_2024,-0.1076523994811932,-0.10765239948119293,2.7755575615628914e-16
1966-05-31,STR,FIZ_2024,0.1744487678339816,0.17444876783398197,3.608224830031759e-16
1966-06-30,STR,FIZ_2024,0.1147859922178988,0.11478599221789901,2.0816681711721685e-16
1966-07-31,STR,FIZ_2024,0.0298313878080414,0.02983138780804173,3.3306690738754696e-16
1966-08-31,STR,FIZ_2024,-0.0317769130998702,-0.03177691309987002,1.8041124150158794e-16
1966-09-30,STR,FIZ_2024,0.0162127107652398,0.016212710765240196,3.95516952522712e-16
1966-10-31,STR,FIZ_2024,-0.1504539559014267,-0.15045395590142635,3.608224830031759e-16
1966-11-30,STR,FIZ_2024,0.5350194552529182,0.535019455252918,-1.1102230246251565e-16
1966-12-31,STR,FIZ_2024,-0.0330739299610896,-0.03307392996108921,3.885780586188048e-16
1967-01-31,STR,FIZ_2024,0.1776913099870296,0.17769130998702992,3.3306690738754696e-16
1967-02-28,STR,FIZ_2024,0.0330739299610893,0.033073929961089724,4.2327252813834093e-16
1967-03-31,STR,FIZ_2024,0.0674448767833981,0.06744487678339839,2.914335439641036e-16
1967-04-30,STR,FIZ_2024,-0.0149156939040208,-0.014915693904020484,3.157196726277789e-16
1967-05-31,STR,FIZ_2024,0.0661478599221789,0.0661478599221792,2.914335439641036e-16
1967-06-30,STR,FIZ_2024,-0.1219195849546044,-0.12191958495460407,3.3306690738754696e-16
1967-07-31,STR,FIZ_2024,-0.0376134889753566,-0.03761348897535639,2.0816681711721685e-16
1967-08-31,STR,FIZ_2024,-0.0077821011673152,-0.0077821011673149115,2.888314587501384e-16
1967-09-30,STR,FIZ_2024,-0.0927367055771726,-0.09273670557717217,4.3021142204224816e-16
1967-10-31,STR,FIZ_2024,-0.2055771725032426,-0.20557717250324212,4.718447854656915e-16
1967-11-30,STR,FIZ_2024,-0.0382619974059663,-0.038261997405965996,3.0531133177191805e-16
1967-12-31,STR,FIZ_2024,-0.0538261997405966,-0.05382619974059633,2.706168622523819e-16
1968-01-31,STR,FIZ_2024,0.2055771725032424,0.20557717250324264,2.498001805406602e-16
1968-02-29,STR,FIZ_2024,-0.1076523994811932,-0.10765239948119293,2.7755575615628914e-16
1968-03-31,STR,FIZ_2024,0.0486381322957198,0.04863813229572006,2.5673907444456745e-16
1968-04-30,STR,FIZ_2024,-0.0992217898832685,-0.09922178988326816,3.469446951953614e-16
1968-05-31,STR,FIZ_2024,-0.1783398184176394,-0.17833981841763905,3.608224830031759e-16
1968-06-30,STR,FIZ_2024,0.1913099870298313,0.1913099870298315,2.220446049250313e-16
1968-07-31,STR,FIZ_2024,-0.1374837872892348,-0.1374837872892344,3.885780586188048e-16
1968-08-31,STR,FIZ_2024,-0.0051880674448768,-0.005188067444876529,2.706168622523819e-16
1968-09-30,STR,FIZ_2024,-0.0609597924773023,-0.060959792477301905,3.95516952522712e-16
1968-10-31,STR,FIZ_2024,0.0356679636835277,0.03566796368352812,4.2327252813834093e-16
1968-11-30,STR,FIZ_2024,0.1621271076523995,0.1621271076523996,1.1102230246251565e-16
1968-12-31,STR,FIZ_2024,0.1037613488975355,0.10376134889753585,3.608224830031759e-16
1969-01-31,STR,FIZ_2024,0.1121919584954604,0.1121919584954606,1.942890293094024e-16
1969-02-28,STR,FIZ_2024,0.1037613488975355,0.10376134889753585,3.608224830031759e-16
1969-03-31,STR,FIZ_2024,-0.03242542153048,-0.032425421530479615,3.885780586188048e-16
1969-04-30,STR,FIZ_2024,-0.1134889753566796,-0.11348897535667929,3.0531133177191805e-16
1969-05-31,STR,FIZ_2024,0.0421530479896237,0.042153047989624076,3.7470027081099033e-16
1969-06-30,STR,FIZ_2024,-0.0583657587548638,-0.058365758754863516,2.8449465006019636e-16
1969-07-31,STR,FIZ_2024,-0.1556420233463035,-0.15564202334630312,3.885780586188048e-16
1969-08-31,STR,FIZ_2024,0.1614785992217897,0.16147859922179,3.0531133177191805e-16
1969-09-30,STR,FIZ_2024,-0.0103761348897535,-0.010376134889753308,1.9255430583342559e-16
1969-10-31,STR,FIZ_2024,-0.0823605706874189,-0.08236057068741862,2.7755575615628914e-16
1969-11-30,STR,FIZ_2024,0.0162127107652398,0.016212710765240196,3.95516952522712e-16
1969-12-31,STR,FIZ_2024,-0.2367055771725033,-0.2367055771725028,4.996003610813204e-16
1970-01-31,STR,FIZ_2024,-0.0680933852140078,-0.06809338521400748,3.191891195797325e-16
1970-02-28,STR,FIZ_2024,0.1316472114137481,0.13164721141374852,4.163336342344337e-16
1970-03-31,STR,FIZ_2024,-0.0103761348897535,-0.010376134889753308,1.9255430583342559e-16
1970-04-30,STR,FIZ_2024,-0.3456549935149158,-0.3456549935149152,6.106226635438361e-16
1970-05-31,STR,FIZ_2024,-0.2561608300907912,-0.2561608300907907,4.996003610813204e-16
1970-06-30,STR,FIZ_2024,-0.0577172503242542,-0.05771725032425392,2.7755575615628914e-16
1970-07-31,STR,FIZ_2024,0.206225680933852,0.20622568093385224,2.498001805406602e-16
1970-08-31,STR,FIZ_2024,0.0473411154345007,0.04734111543450087,1.6653345369377348e-16
1970-09-30,STR,FIZ_2024,-0.0142671854734112,-0.014267185473410895,3.0531133177191805e-16
1970-10-31,STR,FIZ_2024,0.3891050583657587,0.3891050583657587,0.0
1970-11-30,STR,FIZ_2024,-0.0849546044098573,-0.08495460440985701,2.914335439641036e-16
1970-12-31,STR,FIZ_2024,0.1024643320363163,0.10246433203631666,3.608224830031759e-16
1971-01-31,STR,FIZ_2024,0.0706874189364461,0.07068741893644637,2.636779683484747e-16
1971-02-28,STR,FIZ_2024,0.062905317769131,0.0629053177691312,2.0816681711721685e-16
1971-03-31,STR,FIZ_2024,-0.0447470817120623,-0.044747081712061966,3.3306690738754696e-16
1971-04-30,STR,FIZ_2024,0.0084306095979247,0.00843060959792502,3.209238430557093e-16
1971-05-31,STR,FIZ_2024,-0.0168612191958495,-0.016861219195849278,2.220446049250313e-16
1971-06-30,STR,FIZ_2024,-0.1154345006485084,-0.11543450064850809,3.0531133177191805e-16
1971-07-31,STR,FIZ_2024,0.0376134889753565,0.03761348897535691,4.0939474033052647e-16
1971-08-31,STR,FIZ_2024,0.3099870298313878,0.3099870298313878,0.0
1971-09-30,STR,FIZ_2024,-0.03242542153048,-0.032425421530479615,3.885780586188048e-16
1971-10-31,STR,FIZ_2024,-0.132295719844358,-0.13229571984435762,3.885780586188048e-16
1971-11-30,STR,FIZ_2024,-0.1044098573281453,-0.10440985732814492,3.7470027081099033e-16
1971-12-31,STR,FIZ_2024,0.185473411154345,0.18547341115434512,1.1102230246251565e-16
1972-01-31,STR,FIZ_2024,-0.0888456549935149,-0.0888456549935146,3.0531133177191805e-16
1972-02-29,STR,FIZ_2024,-0.0577172503242542,-0.05771725032425392,2.7755575615628914e-16
1972-03-31,STR,FIZ_2024,0.0434500648508429,0.04345006485084328,3.8163916471489756e-16
1972-04-30,STR,FIZ_2024,-0.0428015564202334,-0.04280155642023317,2.2898349882893854e-16
1972-05-31,STR,FIZ_2024,-0.1115434500648508,-0.1115434500648505,2.914335439641036e-16
1972-06-30,STR,FIZ_2024,-0.1640726329442283,-0.16407263294422791,3.885780586188048e-16
1972-07-31,STR,FIZ_2024,-0.201686121919585,-0.20168612191958454,4.440892098500626e-16
1972-08-31,STR,FIZ_2024,-0.0058365758754864,-0.005836575875486125,2.749536709423239e-16
1972-09-30,STR,FIZ_2024,0.0447470817120621,0.04474708171206247,3.7470027081099033e-16
1972-10-31,STR,FIZ_2024,-0.1115434500648508,-0.1115434500648505,2.914335439641036e-16
1972-11-30,STR,FIZ_2024,0.1614785992217897,0.16147859922179,3.0531133177191805e-16
1972-12-31,STR,FIZ_2024,0.2010376134889751,0.20103761348897548,3.885780586188048e-16
1973-01-31,STR,FIZ_2024,-0.1400778210116731,-0.1400778210116728,3.0531133177191805e-16
1973-02-28,STR,FIZ_2024,-0.1939040207522698,-0.1939040207522694,4.163336342344337e-16
1973-03-31,STR,FIZ_2024,-0.0233463035019455,-0.023346303501945255,2.463307335887066e-16
1973-04-30,STR,FIZ_2024,-0.0953307392996108,-0.09533073929961057,2.3592239273284576e-16
1973-05-31,STR,FIZ_2024,-0.1232166018158236,-0.12321660181582327,3.3306690738754696e-16
1973-06-30,STR,FIZ_2024,-0.0440985732814527,-0.04409857328145237,3.3306690738754696e-16
1973-07-31,STR,FIZ_2024,0.562905317769131,0.5629053177691309,-1.1102230246251565e-16
1973-08-31,STR,FIZ_2024,0.0596627756160828,0.05966277561608321,4.163336342344337e-16
1973-09-30,STR,FIZ_2024,0.0557717250324254,0.055771725032425626,2.2898349882893854e-16
1973-10-31,STR,FIZ_2024,0.0667963683527883,0.06679636835278879,4.996003610813204e-16
1973-11-30,STR,FIZ_2024,-0.3540856031128404,-0.35408560311283993,4.440892098500626e-16
1973-12-31,STR,FIZ_2024,-0.0259403372243839,-0.02594033722438364,2.6020852139652106e-16
1974-01-31,STR,FIZ_2024,0.5473411154345005,0.5473411154345005,0.0
1974-02-28,STR,FIZ_2024,-0.0038910505836575,-0.003891050583657331,1.691355389077387e-16
1974-03-31,STR,FIZ_2024,0.215953307392996,0.21595330739299623,2.220446049250313e-16
1974-04-30,STR,FIZ_2024,-0.1413748378728924,-0.14137483787289198,4.163336342344337e-16
1974-05-31,STR,FIZ_2024,-0.2276264591439689,-0.22762645914396845,4.440892098500626e-16
1974-06-30,STR,FIZ_2024,-0.11284046692607,-0.1128404669260697,3.0531133177191805e-16
1974-07-31,STR,FIZ_2024,0.0038910505836575,0.0038910505836578374,3.37403716077489e-16
1974-08-31,STR,FIZ_2024,0.0810635538261996,0.08106355382619992,3.191891195797325e-16
1974-09-30,STR,FIZ_2024,0.1601815823605705,0.1601815823605708,3.0531133177191805e-16
1974-10-31,STR,FIZ_2024,0.5142671854734111,0.5142671854734111,0.0
1974-11-30,STR,FIZ_2024,-0.0706874189364462,-0.07068741893644587,3.3306690738754696e-16
1974-12-31,STR,FIZ_2024,-0.075875486381323,-0.07587548638132265,3.608224830031759e-16
1975-01-31,STR,FIZ_2024,0.8936446173800259,0.8936446173800255,-3.3306690738754696e-16
1975-02-28,STR,FIZ_2024,0.2438391699092086,0.2438391699092089,3.0531133177191805e-16
1975-03-31,STR,FIZ_2024,0.175745784695201,0.17574578469520116,1.6653345369377348e-16
1975-04-30,STR,FIZ_2024,-0.0810635538261999,-0.08106355382619942,4.718447854656915e-16
1975-05-31,STR,FIZ_2024,0.1926070038910505,0.19260700389105068,1.6653345369377348e-16
1975-06-30,STR,FIZ_2024,0.1621271076523995,0.1621271076523996,1.1102230246251565e-16
1975-07-31,STR,FIZ_2024,0.027237354085603,0.02723735408560335,3.5041414214731503e-16
1975-08-31,STR,FIZ_2024,-0.009727626459144,-0.009727626459143705,2.949029909160572e-16
1975-09-30,STR,FIZ_2024,-0.0713359273670558,-0.07133592736705546,3.3306690738754696e-16
1975-10-31,STR,FIZ_2024,0.049935149156939,0.049935149156939265,2.636779683484747e-16
1975-11-30,STR,FIZ_2024,-0.2146562905317769,-0.21465629053177648,4.163336342344337e-16
1975-12-31,STR,FIZ_2024,0.1601815823605705,0.1601815823605708,3.0531133177191805e-16
1976-01-31,STR,FIZ_2024,0.1329442282749673,0.1329442282749677,4.163336342344337e-16
1976-02-29,STR,FIZ_2024,-0.2120622568093385,-0.2120622568093381,3.885780586188048e-16
1976-03-31,STR,FIZ_2024,0.2360570687418937,0.2360570687418937,0.0
1976-04-30,STR,FIZ_2024,0.086900129701686,0.08690012970168631,3.191891195797325e-16
1976-05-31,STR,FIZ_2024,-0.1011673151750972,-0.10116731517509694,2.498001805406602e-16
1976-06-30,STR,FIZ_2024,-0.0103761348897535,-0.010376134889753308,1.9255430583342559e-16
1976-07-31,STR,FIZ_2024,0.0577172503242542,0.05771725032425443,2.2898349882893854e-16
1976-08-31,STR,FIZ_2024,-0.1835278858625163,-0.1835278858625158,4.996003610813204e-16
1976-09-30,STR,FIZ_2024,-0.0719844357976654,-0.07198443579766506,3.469446951953614e-16
1976-10-31,STR,FIZ_2024,0.0226977950713358,0.022697795071336152,3.5041414214731503e-16
1976-11-30,STR,FIZ_2024,-0.01621271076524,-0.016212710765239682,3.191891195797325e-16
1976-12-31,STR,FIZ_2024,0.1848249027237352,0.18482490272373553,3.3306690738754696e-16
1977-01-31,STR,FIZ_2024,-0.01621271076524,-0.016212710765239682,3.191891195797325e-16
1977-02-28,STR,FIZ_2024,0.0382619974059663,0.03826199740596649,1.8735013540549517e-16
1977-03-31,STR,FIZ_2024,0.0155642023346302,0.0155642023346306,4.0072112295064244e-16
1977-04-30,STR,FIZ_2024,-0.1303501945525292,-0.13035019455252883,3.608224830031759e-16
1977-05-31,STR,FIZ_2024,-0.0719844357976654,-0.07198443579766506,3.469446951953614e-16
1977-06-30,STR,FIZ_2024,-0.0453955901426719,-0.04539559014267157,3.3306690738754696e-16
1977-07-31,STR,FIZ_2024,0.0155642023346302,0.0155642023346306,4.0072112295064244e-16
1977-08-31,STR,FIZ_2024,-0.0972762645914396,-0.09727626459143936,2.498001805406602e-16
1977-09-30,STR,FIZ_2024,0.0025940337224383,0.0025940337224386392,3.391384395534658e-16
1977-10-31,STR,FIZ_2024,0.062905317769131,0.0629053177691312,2.0816681711721685e-16
1977-11-30,STR,FIZ_2024,0.0927367055771724,0.0927367055771727,3.0531133177191805e-16
1977-12-31,STR,FIZ_2024,-0.0596627756160831,-0.059662775616082714,3.885780586188048e-16
1978-01-31,STR,FIZ_2024,0.0181582360570686,0.018158236057068983,3.8163916471489756e-16
1978-02-28,STR,FIZ_2024,0.0246433203631646,0.024643320363164953,3.5388358909926865e-16
1978-03-31,STR,FIZ_2024,-0.0687418936446173,-0.06874189364461708,2.220446049250313e-16
1978-04-30,STR,FIZ_2024,-0.036964980544747,-0.0369649805447468,2.0122792321330962e-16
1978-05-31,STR,FIZ_2024,-0.0460440985732815,-0.046044098573281164,3.3306690738754696e-16
1978-06-30,STR,FIZ_2024,0.0363164721141373,0.036316472114137716,4.163336342344337e-16
1978-07-31,STR,FIZ_2024,0.0077821011673151,0.007782101167315425,3.2526065174565133e-16
1978-08-31,STR,FIZ_2024,0.0051880674448767,0.005188067444877036,3.3566899260151217e-16
1978-09-30,STR,FIZ_2024,0.185473411154345,0.18547341115434512,1.1102230246251565e-16
1978-10-31,STR,FIZ_2024,-0.1705577172503243,-0.17055771725032387,4.163336342344337e-16
1978-11-30,STR,FIZ_2024,0.5421530479896237,0.5421530479896237,0.0
1978-12-31,STR,FIZ_2024,-0.0765239948119326,-0.07652399481193224,3.608224830031759e-16
1979-01-31,STR,FIZ_2024,0.3132295719844356,0.3132295719844358,2.220446049250313e-16
1979-02-28,STR,FIZ_2024,0.0337224383916989,0.03372243839169932,4.163336342344337e-16
1979-03-31,STR,FIZ_2024,0.0440985732814527,0.04409857328145288,1.734723475976807e-16
1979-04-30,STR,FIZ_2024,-0.0771725032425422,-0.07717250324254184,3.608224830031759e-16
1979-05-31,STR,FIZ_2024,0.0246433203631646,0.024643320363164953,3.5388358909926865e-16
1979-06-30,STR,FIZ_2024,0.0259403372243838,0.025940337224384144,3.434752482434078e-16
1979-07-31,STR,FIZ_2024,-0.0123216601815824,-0.012321660181582102,2.983724378680108e-16
1979-08-31,STR,FIZ_2024,0.0,2.5673907444456745e-16,2.5673907444456745e-16
1979-09-30,STR,FIZ_2024,-0.1569390402075228,-0.1569390402075223,4.996003610813204e-16
1979-10-31,STR,FIZ_2024,-0.1770428015564202,-0.17704280155641983,3.608224830031759e-16
1979-11-30,STR,FIZ_2024,0.0337224383916989,0.03372243839169932,4.163336342344337e-16
1979-12-31,STR,FIZ_2024,-0.1738002594033723,-0.17380025940337185,4.440892098500626e-16
1980-01-31,STR,FIZ_2024,-0.2723735408560311,-0.27237354085603066,4.440892098500626e-16
1980-02-29,STR,FIZ_2024,-0.3696498054474708,-0.3696498054474703,4.996003610813204e-16
1980-03-31,STR,FIZ_2024,0.4974059662775616,0.4974059662775615,-1.1102230246251565e-16
1980-04-30,STR,FIZ_2024,0.0395590142671853,0.039559014267185694,3.95516952522712e-16
1980-05-31,STR,FIZ_2024,0.1329442282749673,0.1329442282749677,4.163336342344337e-16
1980-06-30,STR,FIZ_2024,0.0940337224383915,0.09403372243839189,3.885780586188048e-16
1980-07-31,STR,FIZ_2024,0.1400778210116731,0.14007782101167332,2.220446049250313e-16
1980-08-31,STR,FIZ_2024,-0.1057068741893645,-0.10570687418936413,3.7470027081099033e-16
1980-09-30,STR,FIZ_2024,-0.1498054474708171,-0.14980544747081675,3.3306690738754696e-16
1980-10-31,STR,FIZ_2024,-0.1783398184176394,-0.17833981841763905,3.608224830031759e-16
1980-11-30,STR,FIZ_2024,-0.6809338521400778,-0.6809338521400771,7.771561172376096e-16
1980-12-31,STR,FIZ_2024,0.3625162127107653,0.36251621271076523,-5.551115123125783e-17
1981-01-31,STR,FIZ_2024,-0.1997405966277562,-0.19974059662775576,4.440892098500626e-16
1981-02-28,STR,FIZ_2024,-0.2023346303501946,-0.20233463035019414,4.718447854656915e-16
1981-03-31,STR,FIZ_2024,0.0518806744487678,0.05188067444876805,2.498001805406602e-16
1981-04-30,STR,FIZ_2024,-0.1485084306095979,-0.14850843060959756,3.3306690738754696e-16
1981-05-31,STR,FIZ_2024,-0.2963683527885862,-0.29636835278858575,4.440892098500626e-16
1981-06-30,STR,FIZ_2024,0.2587548638132295,0.25875486381322965,1.6653345369377348e-16
1981-07-31,STR,FIZ_2024,-0.0875486381322958,-0.08754863813229541,3.885780586188048e-16
1981-08-31,STR,FIZ_2024,-0.0933852140077822,-0.09338521400778177,4.3021142204224816e-16
1981-09-30,STR,FIZ_2024,-0.1232166018158236,-0.12321660181582327,3.3306690738754696e-16
1981-10-31,STR,FIZ_2024,0.2438391699092086,0.2438391699092089,3.0531133177191805e-16
1981-11-30,STR,FIZ_2024,0.1219195849546044,0.12191958495460456,1.5265566588595902e-16
1981-12-31,STR,FIZ_2024,0.0564202334630348,0.05642023346303522,4.2327252813834093e-16
1982-01-31,STR,FIZ_2024,-0.1400778210116731,-0.1400778210116728,3.0531133177191805e-16
1982-02-28,STR,FIZ_2024,-0.330739299610895,-0.33073929961089443,5.551115123125783e-16
1982-03-31,STR,FIZ_2024,-0.1738002594033723,-0.17380025940337185,4.440892098500626e-16
1982-04-30,STR,FIZ_2024,0.0557717250324254,0.055771725032425626,2.2898349882893854e-16
1982-05-31,STR,FIZ_2024,0.0778210116731517,0.07782101167315195,2.498001805406602e-16
1982-06-30,STR,FIZ_2024,-0.0415045395590143,-0.04150453955901398,3.191891195797325e-16
1982-07-31,STR,FIZ_2024,-0.2380025940337224,-0.23800259403372198,4.163336342344337e-16
1982-08-31,STR,FIZ_2024,0.0226977950713358,0.022697795071336152,3.5041414214731503e-16
1982-09-30,STR,FIZ_2024,0.2418936446173798,0.24189364461738005,2.498001805406602e-16
1982-10-31,STR,FIZ_2024,0.1413748378728923,0.1413748378728925,2.220446049250313e-16
1982-11-30,STR,FIZ_2024,-0.3417639429312581,-0.3417639429312576,4.996003610813204e-16
1982-12-31,STR,FIZ_2024,0.1952010376134887,0.19520103761348906,3.608224830031759e-16
1983-01-31,STR,FIZ_2024,0.154993514915694,0.15499351491569405,5.551115123125783e-17
1983-02-28,STR,FIZ_2024,0.119325551232166,0.11932555123216618,1.8041124150158794e-16
1983-03-31,STR,FIZ_2024,-0.029182879377432,-0.02918287937743163,3.712308238590367e-16
1983-04-30,STR,FIZ_2024,-0.0869001297016862,-0.08690012970168581,3.885780586188048e-16
1983-05-31,STR,FIZ_2024,0.1258106355382617,0.12581063553826216,4.718447854656915e-16
1983-06-30,STR,FIZ_2024,-0.0395590142671855,-0.039559014267185194,3.0531133177191805e-16
1983-07-31,STR,FIZ_2024,0.0810635538261996,0.08106355382619992,3.191891195797325e-16
1983-08-31,STR,FIZ_2024,-0.1037613488975357,-0.11413748378728888,-0.010376134889753183
1983-09-30,STR,FIZ_2024,0.1018158236057069,0.10181582360570704,1.3877787807814457e-16
1983-10-31,STR,FIZ_2024,-0.1569390402075228,-0.1569390402075223,4.996003610813204e-16
1983-11-30,STR,FIZ_2024,0.269130998702983,0.26913099870298324,2.220446049250313e-16
1983-12-31,STR,FIZ_2024,0.0765239948119325,0.07652399481193276,2.498001805406602e-16
1984-01-31,STR,FIZ_2024,-0.009727626459144,-0.009727626459143705,2.949029909160572e-16
1984-02-29,STR,FIZ_2024,-0.1848249027237355,-0.18482490272373503,4.718447854656915e-16
1984-03-31,STR,FIZ_2024,0.1115434500648506,0.111543450064851,4.0245584642661925e-16
1984-04-30,STR,FIZ_2024,0.053177691309987,0.05317769130998724,2.42861286636753e-16
1984-05-31,STR,FIZ_2024,0.0012970168612191,0.001297016861219455,3.5496779127175415e-16
1984-06-30,STR,FIZ_2024,0.0110246433203631,0.01102464332036341,3.1051550219984847e-16
1984-07-31,STR,FIZ_2024,-0.1452658884565499,-0.14526588845654959,3.0531133177191805e-16
1984-08-31,STR,FIZ_2024,0.4215304798962387,0.4215304798962386,-1.1102230246251565e-16
1984-09-30,STR,FIZ_2024,0.2263294422827495,0.22632944228274976,2.498001805406602e-16
1984-10-31,STR,FIZ_2024,-0.1297016861219195,-0.12970168612191924,2.7755575615628914e-16
1984-11-30,STR,FIZ_2024,-0.0946822308690013,-0.09468223086900097,3.191891195797325e-16
1984-12-31,STR,FIZ_2024,0.0006485084306095,0.0006485084306098524,3.5236570605778894e-16
1985-01-31,STR,FIZ_2024,0.0992217898832683,0.09922178988326866,3.608224830031759e-16
1985-02-28,STR,FIZ_2024,0.1108949416342413,0.1108949416342414,1.1102230246251565e-16
1985-03-31,STR,FIZ_2024,-0.1400778210116731,-0.1400778210116728,3.0531133177191805e-16
1985-04-30,STR,FIZ_2024,-0.2107652399481193,-0.2107652399481189,3.885780586188048e-16
1985-05-31,STR,FIZ_2024,-0.0862516212710766,-0.0862516212710762,4.0245584642661925e-16
1985-06-30,STR,FIZ_2024,-0.0946822308690013,-0.09468223086900097,3.191891195797325e-16
1985-07-31,STR,FIZ_2024,0.183527885862516,0.18352788586251634,3.3306690738754696e-16
1985-08-31,STR,FIZ_2024,0.0635538261997405,0.0635538261997408,3.0531133177191805e-16
1985-09-30,STR,FIZ_2024,-0.1712062256809339,-0.17120622568093347,4.440892098500626e-16
1985-10-31,STR,FIZ_2024,-0.0084306095979248,-0.008430609597924514,2.8622937353617317e-16
1985-11-30,STR,FIZ_2024,0.1050583657587547,0.10505836575875505,3.469446951953614e-16
1985-12-31,STR,FIZ_2024,-0.0732814526588846,-0.07328145265888425,3.469446951953614e-16
1986-01-31,STR,FIZ_2024,0.0032425421530479,0.0032425421530482418,3.41740524767431e-16
1986-02-28,STR,FIZ_2024,-0.1608300907911802,-0.1608300907911799,3.0531133177191805e-16
1986-03-31,STR,FIZ_2024,-0.0557717250324254,-0.055771725032425126,2.706168622523819e-16
1986-04-30,STR,FIZ_2024,0.1316472114137481,0.13164721141374852,4.163336342344337e-16
1986-05-31,STR,FIZ_2024,0.0168612191958494,0.01686121919584979,3.920475055707584e-16
1986-06-30,STR,FIZ_2024,-0.2120622568093385,-0.2120622568093381,3.885780586188048e-16
1986-07-31,STR,FIZ_2024,-0.2367055771725033,-0.2367055771725028,4.996003610813204e-16
1986-08-31,STR,FIZ_2024,0.0226977950713358,0.022697795071336152,3.5041414214731503e-16
1986-09-30,STR,FIZ_2024,-0.0713359273670558,-0.07133592736705546,3.3306690738754696e-16
1986-10-31,STR,FIZ_2024,0.1809338521400778,0.18093385214007793,1.3877787807814457e-16
1986-11-30,STR,FIZ_2024,-0.0051880674448768,-0.005188067444876529,2.706168622523819e-16
1986-12-31,STR,FIZ_2024,-0.0116731517509728,-0.011673151750972499,3.0010716134398763e-16
1987-01-31,STR,FIZ_2024,-0.0311284046692607,-0.031128404669260423,2.7755575615628914e-16
1987-02-28,STR,FIZ_2024,-0.1232166018158236,-0.12321660181582327,3.3306690738754696e-16
1987-03-31,STR,FIZ_2024,0.0661478599221789,0.0661478599221792,2.914335439641036e-16
1987-04-30,STR,FIZ_2024,-0.1744487678339819,-0.17444876783398144,4.440892098500626e-16
1987-05-31,STR,FIZ_2024,-0.0706874189364462,-0.07068741893644587,3.3306690738754696e-16
1987-06-30,STR,FIZ_2024,-0.0505836575875486,-0.05058365758754835,2.498001805406602e-16
1987-07-31,STR,FIZ_2024,-0.0654993514915694,-0.06549935149156909,3.0531133177191805e-16
1987-08-31,STR,FIZ_2024,0.1076523994811933,0.10765239948119343,1.249000902703301e-16
1987-09-30,STR,FIZ_2024,-0.0771725032425422,-0.07717250324254184,3.608224830031759e-16
1987-10-31,STR,FIZ_2024,-0.0596627756160831,-0.059662775616082714,3.885780586188048e-16
1987-11-30,STR,FIZ_2024,-0.1076523994811932,-0.10765239948119293,2.7755575615628914e-16
1987-12-31,STR,FIZ_2024,0.3249027237354083,0.32490272373540857,2.7755575615628914e-16
1988-01-31,STR,FIZ_2024,0.4617380025940334,0.46173800259403364,2.220446049250313e-16
1988-02-29,STR,FIZ_2024,0.2315175097276265,0.23151750972762658,8.326672684688674e-17
1988-03-31,STR,FIZ_2024,-0.1057068741893645,-0.10570687418936413,3.7470027081099033e-16
1988-04-30,STR,FIZ_2024,-0.0363164721141374,-0.0363164721141372,2.0122792321330962e-16
1988-05-31,STR,FIZ_2024,-0.0090791180285344,-0.00907911802853411,2.896988204881268e-16
1988-06-30,STR,FIZ_2024,0.0700389105058365,0.07003891050583679,2.914335439641036e-16
1988-07-31,STR,FIZ_2024,0.1666666666666667,0.1666666666666668,8.326672684688674e-17
1988-08-31,STR,FIZ_2024,-0.1763942931258106,-0.17639429312581023,3.608224830031759e-16
1988-09-30,STR,FIZ_2024,-0.0590142671854734,-0.05901426718547311,2.914335439641036e-16
1988-10-31,STR,FIZ_2024,-0.116083009079118,-0.11608300907911769,3.191891195797325e-16
1988-11-30,STR,FIZ_2024,-0.0946822308690013,-0.09468223086900097,3.191891195797325e-16
1988-12-31,STR,FIZ_2024,0.0972762645914397,0.09727626459143987,1.6653345369377348e-16
1989-01-31,STR,FIZ_2024,0.0116731517509727,0.011673151750972999,2.983724378680108e-16
1989-02-28,STR,FIZ_2024,0.0181582360570686,0.018158236057068983,3.8163916471489756e-16
1989-03-31,STR,FIZ_2024,-0.1089494163424125,-0.10894941634241212,3.7470027081099033e-16
1989-04-30,STR,FIZ_2024,-0.0933852140077822,-0.09338521400778177,4.3021142204224816e-16
1989-05-31,STR,FIZ_2024,-0.2289234760051881,-0.22892347600518764,4.440892098500626e-16
1989-06-30,STR,FIZ_2024,0.0979247730220491,0.09792477302204947,3.608224830031759e-16
1989-07-31,STR,FIZ_2024,0.0415045395590143,0.04150453955901448,1.8041124150158794e-16
1989-08-31,STR,FIZ_2024,0.0687418936446173,0.06874189364461758,2.7755575615628914e-16
1989-09-30,STR,FIZ_2024,0.0246433203631646,0.024643320363164953,3.5388358909926865e-16
1989-10-31,STR,FIZ_2024,-0.3313878080415046,-0.33138780804150403,5.551115123125783e-16
1989-11-30,STR,FIZ_2024,-0.1647211413748379,-0.1647211413748375,3.885780586188048e-16
1989-12-31,STR,FIZ_2024,-0.2172503242542154,-0.2172503242542149,4.996003610813204e-16
1990-01-31,STR,FIZ_2024,0.0149156939040207,0.01491569390402099,2.914335439641036e-16
1990-02-28,STR,FIZ_2024,-0.0194552529182879,-0.019455252918287667,2.3245294578089215e-16
1990-03-31,STR,FIZ_2024,-0.0402075226977951,-0.04020752269779479,3.122502256758253e-16
1990-04-30,STR,FIZ_2024,-0.1692607003891051,-0.16926070038910468,4.163336342344337e-16
1990-05-31,STR,FIZ_2024,-0.0739299610894942,-0.07392996108949385,3.608224830031759e-16
1990-06-30,STR,FIZ_2024,-0.0654993514915694,-0.06549935149156909,3.0531133177191805e-16
1990-07-31,STR,FIZ_2024,-0.0953307392996108,-0.09533073929961057,2.3592239273284576e-16
1990-08-31,STR,FIZ_2024,-0.2879377431906615,-0.287937743190661,4.996003610813204e-16
1990-09-30,STR,FIZ_2024,-0.4390402075226978,-0.43904020752269723,5.551115123125783e-16
1990-10-31,STR,FIZ_2024,-0.2250324254215304,-0.22503242542153007,3.3306690738754696e-16
1990-11-30,STR,FIZ_2024,0.3281452658884565,0.32814526588845655,5.551115123125783e-17
1990-12-31,STR,FIZ_2024,-0.2464332036316472,-0.24643320363164675,4.440892098500626e-16
1991-01-31,STR,FIZ_2024,-0.1763942931258106,-0.17639429312581023,3.608224830031759e-16
1991-02-28,STR,FIZ_2024,0.0739299610894941,0.07392996108949434,2.498001805406602e-16
1991-03-31,STR,FIZ_2024,-0.0175097276264591,-0.017509727626458874,2.255140518769849e-16
1991-04-30,STR,FIZ_2024,0.0505836575875484,0.05058365758754886,4.579669976578771e-16
1991-05-31,STR,FIZ_2024,-0.0460440985732815,-0.046044098573281164,3.3306690738754696e-16
1991-06-30,STR,FIZ_2024,0.0823605706874188,0.08236057068741914,3.469446951953614e-16
1991-07-31,STR,FIZ_2024,0.086900129701686,0.08690012970168631,3.191891195797325e-16
1991-08-31,STR,FIZ_2024,-0.2405966277561608,-0.2405966277561604,4.163336342344337e-16
1991-09-30,STR,FIZ_2024,-0.1005188067444877,-0.10051880674448735,3.469446951953614e-16
1991-10-31,STR,FIZ_2024,-0.1277561608300907,-0.12775616083009045,2.498001805406602e-16
1991-11-30,STR,FIZ_2024,-0.0771725032425422,-0.07717250324254184,3.608224830031759e-16
1991-12-31,STR,FIZ_2024,0.017509727626459,0.017509727626459387,3.885780586188048e-16
1992-01-31,STR,FIZ_2024,0.2872892347600517,0.2872892347600519,2.220446049250313e-16
1992-02-29,STR,FIZ_2024,-0.2392996108949416,-0.2392996108949412,3.885780586188048e-16
1992-03-31,STR,FIZ_2024,-0.1219195849546044,-0.12191958495460407,3.3306690738754696e-16
1992-04-30,STR,FIZ_2024,-0.2704280155642024,-0.2704280155642019,4.996003610813204e-16
1992-05-31,STR,FIZ_2024,-0.0616083009079119,-0.0616083009079115,4.0245584642661925e-16
1992-06-30,STR,FIZ_2024,0.0077821011673151,0.007782101167315425,3.2526065174565133e-16
1992-07-31,STR,FIZ_2024,0.0862516212710764,0.08625162127107672,3.191891195797325e-16
1992-08-31,STR,FIZ_2024,-0.1523994811932556,-0.15239948119325514,4.718447854656915e-16
1992-09-30,STR,FIZ_2024,-0.1238651102464332,-0.12386511024643286,3.3306690738754696e-16
1992-10-31,STR,FIZ_2024,-0.0642023346303501,-0.0642023346303499,2.0816681711721685e-16
1992-11-30,STR,FIZ_2024,-0.1186770428015565,-0.11867704280155608,4.163336342344337e-16
1992-12-31,STR,FIZ_2024,0.0285343709468222,0.02853437094682254,3.400058012914542e-16
1993-01-31,STR,FIZ_2024,-0.0804150453955901,-0.08041504539558983,2.7755575615628914e-16
1993-02-28,STR,FIZ_2024,-0.1478599221789883,-0.14785992217898797,3.3306690738754696e-16
1993-03-31,STR,FIZ_2024,-0.11284046692607,-0.1128404669260697,3.0531133177191805e-16
1993-04-30,STR,FIZ_2024,-0.1621271076523994,-0.1621271076523991,3.0531133177191805e-16
1993-05-31,STR,FIZ_2024,0.0453955901426716,0.04539559014267207,4.649058915617843e-16
1993-06-30,STR,FIZ_2024,0.0940337224383915,0.09403372243839189,3.885780586188048e-16
1993-07-31,STR,FIZ_2024,-0.22568093385214,-0.22568093385213964,3.608224830031759e-16
1993-08-31,STR,FIZ_2024,0.0317769130998701,0.03177691309987053,4.3021142204224816e-16
1993-09-30,STR,FIZ_2024,-0.006485084306096,-0.006485084306095727,2.723515857283587e-16
1993-10-31,STR,FIZ_2024,0.0719844357976653,0.07198443579766556,2.636779683484747e-16
1993-11-30,STR,FIZ_2024,-0.1413748378728924,-0.14137483787289198,4.163336342344337e-16
1993-12-31,STR,FIZ_2024,0.0181582360570686,0.018158236057068983,3.8163916471489756e-16
1994-01-31,STR,FIZ_2024,0.0583657587548636,0.05836575875486402,4.2327252813834093e-16
1994-02-28,STR,FIZ_2024,-0.0278858625162128,-0.027885862516212438,3.608224830031759e-16
1994-03-31,STR,FIZ_2024,-0.0453955901426719,-0.04539559014267157,3.3306690738754696e-16
1994-04-30,STR,FIZ_2024,-0.075875486381323,-0.07587548638132265,3.608224830031759e-16
1994-05-31,STR,FIZ_2024,-0.0473411154345007,-0.047341115434500355,3.469446951953614e-16
1994-06-30,STR,FIZ_2024,-0.0415045395590143,-0.04150453955901398,3.191891195797325e-16
1994-07-31,STR,FIZ_2024,0.0421530479896237,0.042153047989624076,3.7470027081099033e-16
1994-08-31,STR,FIZ_2024,0.0421530479896237,0.042153047989624076,3.7470027081099033e-16
1994-09-30,STR,FIZ_2024,-0.1011673151750972,-0.10116731517509694,2.498001805406602e-16
1994-10-31,STR,FIZ_2024,-0.0654993514915694,-0.06549935149156909,3.0531133177191805e-16
1994-11-30,STR,FIZ_2024,-0.1815823605706874,-0.18158236057068702,3.885780586188048e-16
1994-12-31,STR,FIZ_2024,0.0012970168612191,0.001297016861219455,3.5496779127175415e-16
1995-01-31,STR,FIZ_2024,0.2081712062256808,0.20817120622568103,2.220446049250313e-16
1995-02-28,STR,FIZ_2024,0.1037613488975355,0.10376134889753585,3.608224830031759e-16
1995-03-31,STR,FIZ_2024,-0.0538261997405966,-0.05382619974059633,2.706168622523819e-16
1995-04-30,STR,FIZ_2024,-0.0849546044098573,-0.08495460440985701,2.914335439641036e-16
1995-05-31,STR,FIZ_2024,-0.0810635538261999,-0.08106355382619942,4.718447854656915e-16
1995-06-30,STR,FIZ_2024,0.0285343709468222,0.02853437094682254,3.400058012914542e-16
1995-07-31,STR,FIZ_2024,-0.188715953307393,-0.1887159533073926,3.885780586188048e-16
1995-08-31,STR,FIZ_2024,0.0317769130998701,0.03177691309987053,4.3021142204224816e-16
1995-09-30,STR,FIZ_2024,-0.1089494163424125,-0.10894941634241212,3.7470027081099033e-16
1995-10-31,STR,FIZ_2024,-0.1173800259403372,-0.11738002594033688,3.191891195797325e-16
1995-11-30,STR,FIZ_2024,-0.0123216601815824,-0.012321660181582102,2.983724378680108e-16
1995-12-31,STR,FIZ_2024,-0.1147859922178988,-0.1147859922178985,3.0531133177191805e-16
1996-01-31,STR,FIZ_2024,0.0136186770428015,0.0136186770428018,3.0010716134398763e-16
1996-02-29,STR,FIZ_2024,0.0894941634241244,0.0894941634241247,2.914335439641036e-16
1996-03-31,STR,FIZ_2024,-0.0583657587548638,-0.058365758754863516,2.8449465006019636e-16
1996-04-30,STR,FIZ_2024,-0.006485084306096,-0.006485084306095727,2.723515857283587e-16
1996-05-31,STR,FIZ_2024,-0.1206225680933852,-0.12062256809338487,3.3306690738754696e-16
1996-06-30,STR,FIZ_2024,-0.062905317769131,-0.06290531776913069,3.0531133177191805e-16
1996-07-31,STR,FIZ_2024,-0.2094682230869001,-0.20946822308689972,3.885780586188048e-16
1996-08-31,STR,FIZ_2024,0.114137483787289,0.11413748378728938,3.885780586188048e-16
1996-09-30,STR,FIZ_2024,-0.01621271076524,-0.016212710765239682,3.191891195797325e-16
1996-10-31,STR,FIZ_2024,-0.1238651102464332,-0.12386511024643286,3.3306690738754696e-16
1996-11-30,STR,FIZ_2024,-0.0376134889753566,-0.03761348897535639,2.0816681711721685e-16
1996-12-31,STR,FIZ_2024,-0.009727626459144,-0.009727626459143705,2.949029909160572e-16
1997-01-31,STR,FIZ_2024,0.1186770428015562,0.11867704280155658,3.7470027081099033e-16
1997-02-28,STR,FIZ_2024,0.0298313878080414,0.02983138780804173,3.3306690738754696e-16
1997-03-31,STR,FIZ_2024,0.0058365758754863,0.005836575875486631,3.3133218391157016e-16
1997-04-30,STR,FIZ_2024,0.1063553826199741,0.10635538261997424,1.3877787807814457e-16
1997-05-31,STR,FIZ_2024,0.1348897535667963,0.13488975356679653,2.220446049250313e-16
1997-06-30,STR,FIZ_2024,-0.0038910505836575,-0.003891050583657331,1.691355389077387e-16
1997-07-31,STR,FIZ_2024,0.1997405966277561,0.19974059662775628,1.942890293094024e-16
1997-08-31,STR,FIZ_2024,-0.0616083009079119,-0.0616083009079115,4.0245584642661925e-16
1997-09-30,STR,FIZ_2024,0.0590142671854734,0.05901426718547362,2.1510571102112408e-16
1997-10-31,STR,FIZ_2024,-0.1134889753566796,-0.11348897535667929,3.0531133177191805e-16
1997-11-30,STR,FIZ_2024,-0.1815823605706874,-0.18158236057068702,3.885780586188048e-16
1997-12-31,STR,FIZ_2024,-0.2399481193255512,-0.2399481193255508,4.163336342344337e-16
1998-01-31,STR,FIZ_2024,0.2743190661478596,0.27431906614785995,3.3306690738754696e-16
1998-02-28,STR,FIZ_2024,0.0732814526588845,0.07328145265888476,2.636779683484747e-16
1998-03-31,STR,FIZ_2024,0.0680933852140077,0.06809338521400798,2.7755575615628914e-16
1998-04-30,STR,FIZ_2024,0.0590142671854734,0.05901426718547362,2.1510571102112408e-16
1998-05-31,STR,FIZ_2024,-0.003242542153048,-0.0032425421530477352,2.645453300864631e-16
1998-06-30,STR,FIZ_2024,-0.1446173800259403,-0.14461738002593996,3.3306690738754696e-16
1998-07-31,STR,FIZ_2024,-0.182230869001297,-0.18223086900129662,3.885780586188048e-16
1998-08-31,STR,FIZ_2024,-0.2237354085603113,-0.22373540856031088,4.163336342344337e-16
1998-09-30,STR,FIZ_2024,0.1271076523994811,0.12710765239948135,2.498001805406602e-16
1998-10-31,STR,FIZ_2024,0.5875486381322956,0.5875486381322955,-1.1102230246251565e-16
1998-11-30,STR,FIZ_2024,0.0343709468223085,0.034370946822308915,4.163336342344337e-16
1998-12-31,STR,FIZ_2024,-0.1569390402075228,-0.1569390402075223,4.996003610813204e-16
1999-01-31,STR,FIZ_2024,-0.201686121919585,-0.20168612191958454,4.440892098500626e-16
1999-02-28,STR,FIZ_2024,0.1083009079118026,0.10830090791180302,4.3021142204224816e-16
1999-03-31,STR,FIZ_2024,-0.0376134889753566,-0.03761348897535639,2.0816681711721685e-16
1999-04-30,STR,FIZ_2024,0.1024643320363163,0.10246433203631666,3.608224830031759e-16
1999-05-31,STR,FIZ_2024,0.027237354085603,0.02723735408560335,3.5041414214731503e-16
1999-06-30,STR,FIZ_2024,0.0590142671854734,0.05901426718547362,2.1510571102112408e-16
1999-07-31,STR,FIZ_2024,0.0486381322957198,0.04863813229572006,2.5673907444456745e-16
1999-08-31,STR,FIZ_2024,-0.2710765239948119,-0.27107652399481147,4.440892098500626e-16
1999-09-30,STR,FIZ_2024,-0.0907911802853437,-0.09079118028534339,3.191891195797325e-16
1999-10-31,STR,FIZ_2024,-0.1478599221789883,-0.14785992217898797,3.3306690738754696e-16
1999-11-30,STR,FIZ_2024,-0.0233463035019455,-0.023346303501945255,2.463307335887066e-16
1999-12-31,STR,FIZ_2024,-0.9597924773022048,-0.959792477302204,8.881784197001252e-16
2000-01-31,STR,FIZ_2024,0.1180285343709468,0.11802853437094699,1.8041124150158794e-16
2000-02-29,STR,FIZ_2024,-0.9247730220492868,-0.9247730220492857,1.1102230246251565e-15
2000-03-31,STR,FIZ_2024,0.5901426718547342,0.5901426718547339,-3.3306690738754696e-16
2000-04-30,STR,FIZ_2024,-0.1926070038910505,-0.1926070038910502,3.0531133177191805e-16
2000-05-31,STR,FIZ_2024,-0.6277561608300908,-0.6277561608300901,6.661338147750939e-16
2000-06-30,STR,FIZ_2024,0.7522697795071336,0.7522697795071333,-3.3306690738754696e-16
2000-07-31,STR,FIZ_2024,0.3709468223086898,0.37094682230868997,1.6653345369377348e-16
2000-08-31,STR,FIZ_2024,-0.01621271076524,-0.016212710765239682,3.191891195797325e-16
2000-09-30,STR,FIZ_2024,0.1199740596627754,0.11997405966277577,3.7470027081099033e-16
2000-10-31,STR,FIZ_2024,-0.3625162127107652,-0.3625162127107647,4.996003610813204e-16
2000-11-30,STR,FIZ_2024,-1.0,-0.999999999999999,9.992007221626409e-16
2000-12-31,STR,FIZ_2024,-0.4974059662775616,-0.49740596627756095,6.661338147750939e-16
2001-01-31,STR,FIZ_2024,1.0,0.9999999999999994,-5.551115123125783e-16
2001-02-28,STR,FIZ_2024,0.7392996108949415,0.7392996108949413,-1.1102230246251565e-16
2001-03-31,STR,FIZ_2024,-0.5402075226977952,-0.5402075226977945,6.661338147750939e-16
2001-04-30,STR,FIZ_2024,0.5888456549935148,0.5888456549935147,-1.1102230246251565e-16
2001-05-31,STR,FIZ_2024,0.1952010376134887,0.19520103761348906,3.608224830031759e-16
2001-06-30,STR,FIZ_2024,-0.0123216601815824,-0.012321660181582102,2.983724378680108e-16
2001-07-31,STR,FIZ_2024,0.0382619974059663,0.03826199740596649,1.8735013540549517e-16
2001-08-31,STR,FIZ_2024,-0.3041504539559014,-0.30415045395590096,4.440892098500626e-16
2001-09-30,STR,FIZ_2024,-0.3728923476005188,-0.37289234760051826,5.551115123125783e-16
2001-10-31,STR,FIZ_2024,0.9111543450064848,0.9111543450064846,-2.220446049250313e-16
2001-11-30,STR,FIZ_2024,-0.2542153047989625,-0.2542153047989619,5.551115123125783e-16
2001-12-31,STR,FIZ_2024,0.0577172503242542,0.05771725032425443,2.2898349882893854e-16
2002-01-31,STR,FIZ_2024,0.086900129701686,0.08690012970168631,3.191891195797325e-16
2002-02-28,STR,FIZ_2024,-0.0479896238651103,-0.04798962386510996,3.400058012914542e-16
2002-03-31,STR,FIZ_2024,0.1271076523994811,0.12710765239948135,2.498001805406602e-16
2002-04-30,STR,FIZ_2024,0.0856031128404668,0.0856031128404671,2.914335439641036e-16
2002-05-31,STR,FIZ_2024,-0.2250324254215304,-0.22503242542153007,3.3306690738754696e-16
2002-06-30,STR,FIZ_2024,-0.2833981841763943,-0.28339818417639384,4.440892098500626e-16
2002-07-31,STR,FIZ_2024,0.0317769130998701,0.03177691309987053,4.3021142204224816e-16
2002-08-31,STR,FIZ_2024,0.0473411154345007,0.04734111543450087,1.6653345369377348e-16
2002-09-30,STR,FIZ_2024,-0.166018158236057,-0.1660181582360567,3.0531133177191805e-16
2002-10-31,STR,FIZ_2024,0.4280155642023344,0.42801556420233455,1.6653345369377348e-16
2002-11-30,STR,FIZ_2024,-0.0395590142671855,-0.039559014267185194,3.0531133177191805e-16
2002-12-31,STR,FIZ_2024,0.6452658884565499,0.6452658884565498,-1.1102230246251565e-16
2003-01-31,STR,FIZ_2024,-0.0330739299610896,-0.03307392996108921,3.885780586188048e-16
2003-02-28,STR,FIZ_2024,-0.0959792477302204,-0.09597924773022015,2.498001805406602e-16
2003-03-31,STR,FIZ_2024,-0.0492866407263294,-0.04928664072632915,2.498001805406602e-16
2003-04-30,STR,FIZ_2024,0.143320363164721,0.1433203631647213,3.0531133177191805e-16
2003-05-31,STR,FIZ_2024,-0.1498054474708171,-0.14980544747081675,3.3306690738754696e-16
2003-06-30,STR,FIZ_2024,-0.0583657587548638,-0.058365758754863516,2.8449465006019636e-16
2003-07-31,STR,FIZ_2024,0.1102464332036317,0.11024643320363184,1.3877787807814457e-16
2003-08-31,STR,FIZ_2024,-0.1485084306095979,-0.14850843060959756,3.3306690738754696e-16
2003-09-30,STR,FIZ_2024,0.2483787289234758,0.24837872892347607,2.7755575615628914e-16
2003-10-31,STR,FIZ_2024,0.0894941634241244,0.0894941634241247,2.914335439641036e-16
2003-11-30,STR,FIZ_2024,-0.1530479896238651,-0.15304798962386473,3.608224830031759e-16
2003-12-31,STR,FIZ_2024,0.0680933852140077,0.06809338521400798,2.7755575615628914e-16
2004-01-31,STR,FIZ_2024,0.0992217898832683,0.09922178988326866,3.608224830031759e-16
2004-02-29,STR,FIZ_2024,0.0492866407263292,0.049286640726329656,4.579669976578771e-16
2004-03-31,STR,FIZ_2024,-0.1913099870298314,-0.19130998702983099,4.163336342344337e-16
2004-04-30,STR,FIZ_2024,-0.0642023346303501,-0.0642023346303499,2.0816681711721685e-16
2004-05-31,STR,FIZ_2024,0.0966277561608299,0.09662775616083025,3.469446951953614e-16
2004-06-30,STR,FIZ_2024,-0.0304798962386511,-0.030479896238650824,2.7755575615628914e-16
2004-07-31,STR,FIZ_2024,-0.1426718547341116,-0.14267185473411118,4.163336342344337e-16
2004-08-31,STR,FIZ_2024,-0.2062256809338521,-0.20622568093385174,3.608224830031759e-16
2004-09-30,STR,FIZ_2024,0.149805447470817,0.14980544747081725,2.498001805406602e-16
2004-10-31,STR,FIZ_2024,-0.0350194552529183,-0.03501945525291801,2.914335439641036e-16
2004-11-30,STR,FIZ_2024,0.04798962386511,0.047989623865110465,4.649058915617843e-16
2004-12-31,STR,FIZ_2024,0.0097276264591439,0.009727626459144212,3.122502256758253e-16
2005-01-31,STR,FIZ_2024,0.0434500648508429,0.04345006485084328,3.8163916471489756e-16
2005-02-28,STR,FIZ_2024,-0.2101167315175098,-0.21011673151750931,4.996003610813204e-16
2005-03-31,STR,FIZ_2024,-0.0453955901426719,-0.04539559014267157,3.3306690738754696e-16
2005-04-30,STR,FIZ_2024,-0.1705577172503243,-0.17055771725032387,4.163336342344337e-16
2005-05-31,STR,FIZ_2024,0.1543450064850842,0.15434500648508442,2.220446049250313e-16
2005-06-30,STR,FIZ_2024,-0.0492866407263294,-0.04928664072632915,2.498001805406602e-16
2005-07-31,STR,FIZ_2024,-0.0622568093385214,-0.062256809338521096,3.0531133177191805e-16
2005-08-31,STR,FIZ_2024,-0.1400778210116731,-0.1400778210116728,3.0531133177191805e-16
2005-09-30,STR,FIZ_2024,-0.2905317769130998,-0.2905317769130994,3.885780586188048e-16
2005-10-31,STR,FIZ_2024,0.053177691309987,0.05317769130998724,2.42861286636753e-16
2005-11-30,STR,FIZ_2024,-0.0447470817120623,-0.044747081712061966,3.3306690738754696e-16
2005-12-31,STR,FIZ_2024,0.0810635538261996,0.08106355382619992,3.191891195797325e-16
2006-01-31,STR,FIZ_2024,-0.116083009079118,-0.11608300907911769,3.191891195797325e-16
2006-02-28,STR,FIZ_2024,0.1686121919584953,0.16861219195849558,2.7755575615628914e-16
2006-03-31,STR,FIZ_2024,-0.056420233463035,-0.05642023346303472,2.7755575615628914e-16
2006-04-30,STR,FIZ_2024,-0.072632944228275,-0.07263294422827465,3.469446951953614e-16
2006-05-31,STR,FIZ_2024,-0.0538261997405966,-0.05382619974059633,2.706168622523819e-16
2006-06-30,STR,FIZ_2024,-0.0881971465629053,-0.08819714656290499,3.0531133177191805e-16
2006-07-31,STR,FIZ_2024,-0.036964980544747,-0.0369649805447468,2.0122792321330962e-16
2006-08-31,STR,FIZ_2024,0.0635538261997405,0.0635538261997408,3.0531133177191805e-16
2006-09-30,STR,FIZ_2024,-0.0019455252918288,-0.001945525291828537,2.630274470449834e-16
2006-10-31,STR,FIZ_2024,-0.0680933852140078,-0.06809338521400748,3.191891195797325e-16
2006-11-30,STR,FIZ_2024,-0.1102464332036317,-0.11024643320363131,3.885780586188048e-16
2006-12-31,STR,FIZ_2024,0.1050583657587547,0.10505836575875505,3.469446951953614e-16
2007-01-31,STR,FIZ_2024,0.0194552529182878,0.019455252918288188,3.885780586188048e-16
2007-02-28,STR,FIZ_2024,-0.0395590142671855,-0.039559014267185194,3.0531133177191805e-16
2007-03-31,STR,FIZ_2024,-0.1841763942931258,-0.1841763942931254,3.885780586188048e-16
2007-04-30,STR,FIZ_2024,-0.0713359273670558,-0.07133592736705546,3.3306690738754696e-16
2007-05-31,STR,FIZ_2024,-0.1154345006485084,-0.11543450064850809,3.0531133177191805e-16
2007-06-30,STR,FIZ_2024,-0.0933852140077822,-0.09338521400778177,4.3021142204224816e-16
2007-07-31,STR,FIZ_2024,-0.2840466926070039,-0.28404669260700344,4.440892098500626e-16
2007-08-31,STR,FIZ_2024,-0.2204928664072633,-0.22049286640726287,4.163336342344337e-16
2007-09-30,STR,FIZ_2024,-0.0278858625162128,-0.027885862516212438,3.608224830031759e-16
2007-10-31,STR,FIZ_2024,-0.308041504539559,-0.30804150453955853,4.440892098500626e-16
2007-11-30,STR,FIZ_2024,-0.1608300907911802,-0.1608300907911799,3.0531133177191805e-16
2007-12-31,STR,FIZ_2024,-0.1841763942931258,-0.1841763942931254,3.885780586188048e-16
2008-01-31,STR,FIZ_2024,0.398184176394293,0.39818417639429304,5.551115123125783e-17
2008-02-29,STR,FIZ_2024,0.2762645914396886,0.27626459143968873,1.1102230246251565e-16
2008-03-31,STR,FIZ_2024,-0.0752269779507133,-0.07522697795071305,2.498001805406602e-16
2008-04-30,STR,FIZ_2024,0.1517509727626458,0.15175097276264604,2.498001805406602e-16
2008-05-31,STR,FIZ_2024,-0.1990920881971465,-0.19909208819714613,3.608224830031759e-16
2008-06-30,STR,FIZ_2024,-0.5110246433203631,-0.5110246433203625,6.661338147750939e-16
2008-07-31,STR,FIZ_2024,0.4636835278858624,0.4636835278858624,0.0
2008-08-31,STR,FIZ_2024,-0.0843060959792477,-0.0843060959792474,2.914335439641036e-16
2008-09-30,STR,FIZ_2024,-0.2944228274967575,-0.29442282749675697,5.551115123125783e-16
2008-10-31,STR,FIZ_2024,-0.6588845654993514,-0.6588845654993507,6.661338147750939e-16
2008-11-30,STR,FIZ_2024,-0.6990920881971465,-0.6990920881971457,7.771561172376096e-16
2008-12-31,STR,FIZ_2024,0.302853437094682,0.30285343709468227,2.7755575615628914e-16
2009-01-31,STR,FIZ_2024,-0.0395590142671855,-0.039559014267185194,3.0531133177191805e-16
2009-02-28,STR,FIZ_2024,-0.5058365758754864,-0.5058365758754857,6.661338147750939e-16
2009-03-31,STR,FIZ_2024,0.1459143968871594,0.14591439688715968,2.7755575615628914e-16
2009-04-30,STR,FIZ_2024,-0.474059662775616,-0.47405966277561545,5.551115123125783e-16
2009-05-31,STR,FIZ_2024,-0.2269779507133592,-0.22697795071335886,3.3306690738754696e-16
2009-06-30,STR,FIZ_2024,0.2600518806744485,0.2600518806744488,2.7755575615628914e-16
2009-07-31,STR,FIZ_2024,0.2360570687418937,0.2360570687418937,0.0
2009-08-31,STR,FIZ_2024,-0.1861219195849546,-0.18612191958495422,3.885780586188048e-16
2009-09-30,STR,FIZ_2024,0.0214007782101166,0.021400778210116975,3.7470027081099033e-16
2009-10-31,STR,FIZ_2024,0.0875486381322956,0.08754863813229591,3.0531133177191805e-16
2009-11-30,STR,FIZ_2024,-0.0220492866407264,-0.022049286640726057,3.434752482434078e-16
2009-12-31,STR,FIZ_2024,0.0440985732814527,0.04409857328145288,1.734723475976807e-16
2010-01-31,STR,FIZ_2024,0.1848249027237352,0.18482490272373553,3.3306690738754696e-16
2010-02-28,STR,FIZ_2024,0.0544747081712062,0.054474708171206435,2.3592239273284576e-16
2010-03-31,STR,FIZ_2024,0.0006485084306095,0.0006485084306098524,3.5236570605778894e-16
2010-04-30,STR,FIZ_2024,-0.1718547341115435,-0.17185473411154306,4.440892098500626e-16
2010-05-31,STR,FIZ_2024,-0.0175097276264591,-0.017509727626458874,2.255140518769849e-16
2010-06-30,STR,FIZ_2024,-0.3670557717250323,-0.3670557717250319,3.885780586188048e-16
2010-07-31,STR,FIZ_2024,0.2153047989623864,0.21530479896238663,2.220446049250313e-16
2010-08-31,STR,FIZ_2024,0.0136186770428015,0.0136186770428018,3.0010716134398763e-16
2010-09-30,STR,FIZ_2024,0.1621271076523995,0.1621271076523996,1.1102230246251565e-16
2010-10-31,STR,FIZ_2024,-0.1381322957198444,-0.138132295719844,3.885780586188048e-16
2010-11-30,STR,FIZ_2024,-0.11284046692607,-0.1128404669260697,3.0531133177191805e-16
2010-12-31,STR,FIZ_2024,0.0959792477302206,0.09597924773022068,8.326672684688674e-17
2011-01-31,STR,FIZ_2024,-0.0570687418936446,-0.05706874189364432,2.8449465006019636e-16
2011-02-28,STR,FIZ_2024,-0.0959792477302204,-0.09597924773022015,2.498001805406602e-16
2011-03-31,STR,FIZ_2024,-0.1070038910505837,-0.10700389105058332,3.7470027081099033e-16
2011-04-30,STR,FIZ_2024,-0.1212710765239948,-0.12127107652399446,3.3306690738754696e-16
2011-05-31,STR,FIZ_2024,-0.1303501945525292,-0.13035019455252883,3.608224830031759e-16
2011-06-30,STR,FIZ_2024,-0.1115434500648508,-0.1115434500648505,2.914335439641036e-16
2011-07-31,STR,FIZ_2024,-0.1206225680933852,-0.12062256809338487,3.3306690738754696e-16
2011-08-31,STR,FIZ_2024,-0.138780804150454,-0.1387808041504536,3.885780586188048e-16
2011-09-30,STR,FIZ_2024,-0.6718547341115435,-0.6718547341115427,7.771561172376096e-16
2011-10-31,STR,FIZ_2024,0.7405966277561609,0.7405966277561605,-3.3306690738754696e-16
2011-11-30,STR,FIZ_2024,0.0298313878080414,0.02983138780804173,3.3306690738754696e-16
2011-12-31,STR,FIZ_2024,-0.1511024643320364,-0.15110246433203595,4.440892098500626e-16
2012-01-31,STR,FIZ_2024,0.3715953307392994,0.37159533073929957,1.6653345369377348e-16
2012-02-29,STR,FIZ_2024,-0.0732814526588846,-0.07328145265888425,3.469446951953614e-16
2012-03-31,STR,FIZ_2024,-0.1031128404669261,-0.10311284046692573,3.7470027081099033e-16
2012-04-30,STR,FIZ_2024,-0.0810635538261999,-0.08106355382619942,4.718447854656915e-16
2012-05-31,STR,FIZ_2024,-0.267833981841764,-0.26783398184176344,5.551115123125783e-16
2012-06-30,STR,FIZ_2024,-0.1024643320363165,-0.10246433203631614,3.608224830031759e-16
2012-07-31,STR,FIZ_2024,0.0440985732814527,0.04409857328145288,1.734723475976807e-16
2012-08-31,STR,FIZ_2024,0.1452658884565498,0.14526588845655006,2.498001805406602e-16
2012-09-30,STR,FIZ_2024,-0.0635538261997405,-0.06355382619974029,2.0816681711721685e-16
2012-10-31,STR,FIZ_2024,-0.0350194552529183,-0.03501945525291801,2.914335439641036e-16
2012-11-30,STR,FIZ_2024,0.0077821011673151,0.007782101167315425,3.2526065174565133e-16
2012-12-31,STR,FIZ_2024,-0.0395590142671855,-0.039559014267185194,3.0531133177191805e-16
2013-01-31,STR,FIZ_2024,-0.1433203631647212,-0.14332036316472077,4.163336342344337e-16
2013-02-28,STR,FIZ_2024,-0.1284046692607003,-0.12840466926070004,2.498001805406602e-16
2013-03-31,STR,FIZ_2024,-0.1718547341115435,-0.17185473411154306,4.440892098500626e-16
2013-04-30,STR,FIZ_2024,-0.1284046692607003,-0.12840466926070004,2.498001805406602e-16
2013-05-31,STR,FIZ_2024,0.0551232166018156,0.05512321660181603,4.3021142204224816e-16
2013-06-30,STR,FIZ_2024,-0.0188067444876783,-0.018806744487678072,2.2898349882893854e-16
2013-07-31,STR,FIZ_2024,0.0745784695201037,0.07522697795071356,0.0006485084306098593
2013-08-31,STR,FIZ_2024,-0.1037613488975357,-0.10440985732814492,-0.0006485084306092209
2013-09-30,STR,FIZ_2024,-0.0810635538261999,-0.08106355382619942,4.718447854656915e-16
2013-10-31,STR,FIZ_2024,-0.0603112840466927,-0.059662775616082714,0.0006485084306099842
2013-11-30,STR,FIZ_2024,-0.0077821011673152,-0.0077821011673149115,2.888314587501384e-16
2013-12-31,STR,FIZ_2024,0.0363164721141373,0.036316472114137716,4.163336342344337e-16
2014-01-31,STR,FIZ_2024,-0.0298313878080415,-0.02983138780804123,2.706168622523819e-16
2014-02-28,STR,FIZ_2024,-0.0635538261997405,-0.0642023346303499,-0.0006485084306094013
2014-03-31,STR,FIZ_2024,0.1212710765239946,0.12127107652399499,3.885780586188048e-16
2014-04-30,STR,FIZ_2024,-0.1874189364461738,-0.1874189364461734,3.885780586188048e-16
2014-05-31,STR,FIZ_2024,-0.0207522697795071,-0.020752269779506866,2.3592239273284576e-16
2014-06-30,STR,FIZ_2024,-0.0849546044098573,-0.08495460440985701,2.914335439641036e-16
2014-07-31,STR,FIZ_2024,0.1212710765239946,0.12127107652399499,3.885780586188048e-16
2014-08-31,STR,FIZ_2024,0.053177691309987,0.05317769130998724,2.42861286636753e-16
2014-09-30,STR,FIZ_2024,-0.0635538261997405,-0.06355382619974029,2.0816681711721685e-16
2014-10-31,STR,FIZ_2024,-0.2198443579766537,-0.21984435797665328,4.163336342344337e-16
2014-11-30,STR,FIZ_2024,-0.264591439688716,-0.26459143968871546,5.551115123125783e-16
2014-12-31,STR,FIZ_2024,-0.1167315175097276,-0.11673151750972728,3.191891195797325e-16
2015-01-31,STR,FIZ_2024,-0.0784695201037614,-0.07846952010376104,3.608224830031759e-16
2015-02-28,STR,FIZ_2024,0.1783398184176394,0.17833981841763955,1.3877787807814457e-16
2015-03-31,STR,FIZ_2024,-0.0590142671854734,-0.05901426718547311,2.914335439641036e-16
2015-04-30,STR,FIZ_2024,0.215953307392996,0.21595330739299623,2.220446049250313e-16
2015-05-31,STR,FIZ_2024,0.1044098573281451,0.10440985732814542,3.191891195797325e-16
2015-06-30,STR,FIZ_2024,-0.2833981841763943,-0.28404669260700344,-0.0006485084306091515
2015-07-31,STR,FIZ_2024,-0.37094682230869,-0.3715953307392991,-0.000648508430609096
2015-08-31,STR,FIZ_2024,0.0466926070038908,0.04734111543450087,0.0006485084306100675
2015-09-30,STR,FIZ_2024,-0.2568093385214007,-0.2581063553826195,-0.0012970168612188027
2015-10-31,STR,FIZ_2024,0.0071335927367055,0.007782101167315425,0.0006485084306099252
2015-11-30,STR,FIZ_2024,-0.0460440985732815,-0.04409857328145237,0.0019455252918291269
2015-12-31,STR,FIZ_2024,0.0233463035019454,0.022049286640726556,-0.0012970168612188443
2016-01-31,STR,FIZ_2024,-0.2360570687418937,-0.23605706874189322,4.718447854656915e-16
2016-02-29,STR,FIZ_2024,-0.1115434500648508,-0.1108949416342409,0.0006485084306098871
2016-03-31,STR,FIZ_2024,0.0486381322957198,0.047989623865110465,-0.0006485084306093389
2016-04-30,STR,FIZ_2024,-0.0239948119325551,-0.023346303501945255,0.0006485084306098454
2016-05-31,STR,FIZ_2024,-0.0440985732814527,-0.043450064850842775,0.0006485084306099287
2016-06-30,STR,FIZ_2024,0.0421530479896237,0.04345006485084328,0.0012970168612195798
2016-07-31,STR,FIZ_2024,0.2425421530479894,0.24059662775616092,-0.0019455252918284816
2016-08-31,STR,FIZ_2024,-0.0739299610894942,-0.07328145265888425,0.0006485084306099564
2016-09-30,STR,FIZ_2024,-0.0492866407263294,-0.04928664072632915,2.498001805406602e-16
2016-10-31,STR,FIZ_2024,0.114137483787289,0.11413748378728938,3.885780586188048e-16
2016-11-30,STR,FIZ_2024,-0.0311284046692607,-0.03177691309987002,-0.0006485084306093181
2016-12-31,STR,FIZ_2024,-0.1271076523994811,-0.12775616083009045,-0.0006485084306093458
2017-01-31,STR,FIZ_2024,0.1653696498054473,0.16536964980544758,2.7755575615628914e-16
2017-02-28,STR,FIZ_2024,-0.1199740596627757,-0.11932555123216568,0.0006485084306100258
2017-03-31,STR,FIZ_2024,-0.1063553826199741,-0.10570687418936413,0.0006485084306099703
2017-04-30,STR,FIZ_2024,-0.1874189364461738,-0.1887159533073926,-0.0012970168612188027
2017-05-31,STR,FIZ_2024,-0.2697795071335926,-0.2691309987029827,0.0006485084306099287
2017-06-30,STR,FIZ_2024,0.2133592736705576,0.2140077821011674,0.0006485084306097899
2017-07-31,STR,FIZ_2024,0.0784695201037612,0.07976653696498073,0.0012970168612195382
2017-08-31,STR,FIZ_2024,-0.0739299610894942,-0.07392996108949385,3.608224830031759e-16
2017-09-30,STR,FIZ_2024,0.1309987029831387,0.12970168612191973,-0.0012970168612189692
2017-10-31,STR,FIZ_2024,-0.0992217898832685,-0.09922178988326816,3.469446951953614e-16
2017-11-30,STR,FIZ_2024,-0.0239948119325551,-0.022697795071335656,0.0012970168612194445
2017-12-31,STR,FIZ_2024,-0.1005188067444877,-0.09922178988326816,0.0012970168612195382
1950-01-31,STR,CIZ_2026,-0.0051880674448768,-0.004539559014266933,0.0006485084306098662
1950-02-28,STR,CIZ_2026,0.0220492866407262,0.021400778210116975,-0.0006485084306092244
1950-03-31,STR,CIZ_2026,0.0110246433203631,0.00843060959792502,-0.002594033722438079
1950-04-30,STR,CIZ_2026,0.0791180285343708,0.08171206225680952,0.0025940337224387156
1950-05-31,STR,CIZ_2026,-0.116083009079118,-0.12321660181582327,-0.00713359273670526
1950-06-30,STR,CIZ_2026,0.0116731517509727,0.016212710765240196,0.0045395590142674955
1950-07-31,STR,CIZ_2026,-0.0090791180285344,-0.011673151750972499,-0.0025940337224380997
1950-08-31,STR,CIZ_2026,0.2840466926070037,0.2911802853437095,0.007133592736705774
1950-09-30,STR,CIZ_2026,-0.0272373540856032,-0.028534370946822034,-0.0012970168612188339
1950-10-31,STR,CIZ_2026,0.1277561608300907,0.12516212710765257,-0.0025940337224381327
1950-11-30,STR,CIZ_2026,0.0168612191958494,0.018158236057068983,0.0012970168612195833
1950-12-31,STR,CIZ_2026,-0.4202334630350194,-0.4202334630350189,4.996003610813204e-16
1951-01-31,STR,CIZ_2026,0.1491569390402072,0.1426718547341117,-0.006485084306095484
1951-02-28,STR,CIZ_2026,0.1089494163424125,0.11348897535667982,0.004539559014267322
1951-03-31,STR,CIZ_2026,-0.0745784695201038,-0.07328145265888425,0.001297016861219552
1951-04-30,STR,CIZ_2026,0.0622568093385214,0.0629053177691312,0.0006485084306098038
1951-05-31,STR,CIZ_2026,0.0693904020752269,0.06939040207522719,2.914335439641036e-16
1951-06-30,STR,CIZ_2026,-0.1815823605706874,-0.17963683527885824,0.0019455252918291754
1951-07-31,STR,CIZ_2026,0.215953307392996,0.20752269779507143,-0.008430609597924577
1951-08-31,STR,CIZ_2026,-0.0402075226977951,-0.04020752269779479,3.122502256758253e-16
1951-09-30,STR,CIZ_2026,0.0278858625162126,0.030479896238651327,0.002594033722438726
1951-10-31,STR,CIZ_2026,0.1108949416342413,0.10440985732814542,-0.006485084306095873
1951-11-30,STR,CIZ_2026,0.0226977950713358,0.018158236057068983,-0.004539559014266819
1951-12-31,STR,CIZ_2026,0.0428015564202335,0.040856031128404885,-0.0019455252918286134
1952-01-31,STR,CIZ_2026,0.0667963683527883,0.06485084306095999,-0.0019455252918283011
1952-02-29,STR,CIZ_2026,0.0194552529182878,0.018158236057068983,-0.0012970168612188165
1952-03-31,STR,CIZ_2026,-0.0110246433203632,-0.006485084306095727,0.004539559014267473
1952-04-30,STR,CIZ_2026,-0.0272373540856032,-0.02594033722438364,0.001297016861219559
1952-05-31,STR,CIZ_2026,0.0570687418936446,0.055771725032425626,-0.0012970168612189761
1952-06-30,STR,CIZ_2026,-0.0012970168612193,-0.0032425421530477352,-0.0019455252918284351
1952-07-31,STR,CIZ_2026,0.0214007782101166,0.020103761348897783,-0.0012970168612188165
1952-08-31,STR,CIZ_2026,-0.0285343709468224,-0.027885862516212438,0.0006485084306099634
1952-09-30,STR,CIZ_2026,-0.1271076523994811,-0.12905317769130964,-0.001945525291828537
1952-10-31,STR,CIZ_2026,-0.0025940337224384,-0.0012970168612189414,0.0012970168612194584
1952-11-30,STR,CIZ_2026,0.0674448767833981,0.06225680933852161,-0.005188067444876487
1952-12-31,STR,CIZ_2026,0.0817120622568092,0.08300907911802871,0.0012970168612195104
1953-01-31,STR,CIZ_2026,0.0875486381322956,0.08690012970168631,-0.0006485084306092903
1953-02-28,STR,CIZ_2026,-0.0881971465629053,-0.0888456549935146,-0.0006485084306093042
1953-03-31,STR,CIZ_2026,-0.003242542153048,-0.020103761348897266,-0.016861219195849268
1953-04-30,STR,CIZ_2026,-0.0045395590142671,-0.0077821011673149115,-0.0032425421530478116
1953-05-31,STR,CIZ_2026,-0.0304798962386511,-0.02983138780804123,0.0006485084306098732
1953-06-30,STR,CIZ_2026,-0.056420233463035,-0.05706874189364432,-0.0006485084306093181
1953-07-31,STR,CIZ_2026,-0.0025940337224384,0.0038910505836578374,0.006485084306096237
1953-08-31,STR,CIZ_2026,-0.0278858625162128,-0.027885862516212438,3.608224830031759e-16
1953-09-30,STR,CIZ_2026,-0.1011673151750972,-0.10181582360570654,-0.0006485084306093458
1953-10-31,STR,CIZ_2026,-0.0343709468223087,-0.0369649805447468,-0.002594033722438098
1953-11-30,STR,CIZ_2026,-0.0648508430609599,-0.06290531776913069,0.0019455252918292032
1953-12-31,STR,CIZ_2026,-0.1335927367055771,-0.14072632944228236,-0.007133592736705274
1954-01-31,STR,CIZ_2026,0.2717250324254214,0.27302204928664076,0.0012970168612193578
1954-02-28,STR,CIZ_2026,0.0311284046692605,0.02853437094682254,-0.002594033722437959
1954-03-31,STR,CIZ_2026,-0.0421530479896239,-0.044747081712061966,-0.0025940337224380633
1954-04-30,STR,CIZ_2026,-0.1426718547341116,-0.14332036316472077,-0.0006485084306091793
1954-05-31,STR,CIZ_2026,0.114137483787289,0.11738002594033739,0.0032425421530483944
1954-06-30,STR,CIZ_2026,0.0739299610894941,0.07328145265888476,-0.0006485084306093319
1954-07-31,STR,CIZ_2026,0.0265888456549934,0.030479896238651327,0.0038910505836579276
1954-08-31,STR,CIZ_2026,0.0830090791180284,0.08365758754863833,0.0006485084306099287
1954-09-30,STR,CIZ_2026,-0.0752269779507133,-0.07328145265888425,0.0019455252918290505
1954-10-31,STR,CIZ_2026,-0.0278858625162128,-0.02983138780804123,-0.0019455252918284295
1954-11-30,STR,CIZ_2026,-0.0875486381322958,-0.0843060959792474,0.0032425421530483944
1954-12-31,STR,CIZ_2026,-0.0609597924773023,-0.06809338521400748,-0.007133592736705184
1955-01-31,STR,CIZ_2026,0.0635538261997405,0.060959792477302405,-0.002594033722438091
1955-02-28,STR,CIZ_2026,0.0590142671854734,0.05317769130998724,-0.005836575875486159
1955-03-31,STR,CIZ_2026,0.0298313878080414,0.029182879377432136,-0.0006485084306092626
1955-04-30,STR,CIZ_2026,0.0317769130998701,0.035019455252918524,0.003242542153048422
1955-05-31,STR,CIZ_2026,-0.0479896238651103,-0.04669260700389076,0.0012970168612195382
1955-06-30,STR,CIZ_2026,-0.1031128404669261,-0.10376134889753534,-0.0006485084306092348
1955-07-31,STR,CIZ_2026,-0.1446173800259403,-0.14461738002593996,3.3306690738754696e-16
1955-08-31,STR,CIZ_2026,0.1121919584954604,0.11543450064850858,0.0032425421530481724
1955-09-30,STR,CIZ_2026,0.1134889753566796,0.11413748378728938,0.0006485084306097899
1955-10-31,STR,CIZ_2026,-0.0473411154345007,-0.05512321660181553,-0.007782101167314828
1955-11-30,STR,CIZ_2026,0.1848249027237352,0.18093385214007793,-0.0038910505836572684
1955-12-31,STR,CIZ_2026,-0.0616083009079119,-0.05382619974059633,0.007782101167315571
1956-01-31,STR,CIZ_2026,0.0155642023346302,0.009727626459144212,-0.005836575875485988
1956-02-29,STR,CIZ_2026,0.1381322957198443,0.1387808041504541,0.0006485084306097899
1956-03-31,STR,CIZ_2026,-0.2081712062256809,-0.20557717250324212,0.002594033722438771
1956-04-30,STR,CIZ_2026,-0.1485084306095979,-0.14850843060959756,3.3306690738754696e-16
1956-05-31,STR,CIZ_2026,0.0739299610894941,0.07652399481193276,0.00259403372243866
1956-06-30,STR,CIZ_2026,0.0006485084306095,0.006485084306096227,0.005836575875486727
1956-07-31,STR,CIZ_2026,-0.1251621271076525,-0.12645914396887126,-0.0012970168612187472
1956-08-31,STR,CIZ_2026,0.0830090791180284,0.08365758754863833,0.0006485084306099287
1956-09-30,STR,CIZ_2026,-0.1407263294422828,-0.1394293125810632,0.0012970168612196076
1956-10-31,STR,CIZ_2026,-0.0188067444876783,-0.020752269779506866,-0.0019455252918285648
1956-11-30,STR,CIZ_2026,-0.1465629053177691,-0.14461738002593996,0.0019455252918291477
1956-12-31,STR,CIZ_2026,-0.0479896238651103,-0.04928664072632915,-0.0012970168612188512
1957-01-31,STR,CIZ_2026,0.183527885862516,0.18158236057068752,-0.0019455252918284816
1957-02-28,STR,CIZ_2026,-0.0616083009079119,-0.05706874189364432,0.004539559014267586
1957-03-31,STR,CIZ_2026,0.0181582360570686,0.022049286640726556,0.0038910505836579554
1957-04-30,STR,CIZ_2026,-0.0894941634241245,-0.08754863813229541,0.0019455252918290922
1957-05-31,STR,CIZ_2026,-0.0382619974059663,-0.046044098573281164,-0.007782101167314863
1957-06-30,STR,CIZ_2026,-0.1044098573281453,-0.10570687418936413,-0.0012970168612188304
1957-07-31,STR,CIZ_2026,-0.0149156939040208,-0.017509727626458874,-0.0025940337224380737
1957-08-31,STR,CIZ_2026,-0.0298313878080415,-0.028534370946822034,0.0012970168612194653
1957-09-30,STR,CIZ_2026,-0.3145265888456551,-0.3093385214007777,0.005188067444877376
1957-10-31,STR,CIZ_2026,-0.2782101167315175,-0.2749675745784691,0.003242542153048422
1957-11-30,STR,CIZ_2026,-0.0609597924773023,-0.058365758754863516,0.002594033722438785
1957-12-31,STR,CIZ_2026,-0.1290531776913099,-0.12970168612191924,-0.0006485084306093458
1958-01-31,STR,CIZ_2026,0.3041504539559012,0.30415045395590146,2.7755575615628914e-16
1958-02-28,STR,CIZ_2026,0.062905317769131,0.06485084306095999,0.001945525291828995
1958-03-31,STR,CIZ_2026,0.0233463035019454,0.023994811932555357,0.0006485084306099564
1958-04-30,STR,CIZ_2026,-0.0784695201037614,-0.07846952010376104,3.608224830031759e-16
1958-05-31,STR,CIZ_2026,0.0259403372243838,0.03761348897535691,0.011673151750973106
1958-06-30,STR,CIZ_2026,0.0752269779507133,0.07652399481193276,0.001297016861219455
1958-07-31,STR,CIZ_2026,0.1303501945525289,0.12386511024643337,-0.006485084306095512
1958-08-31,STR,CIZ_2026,0.0603112840466926,0.05966277561608321,-0.0006485084306093875
1958-09-30,STR,CIZ_2026,0.1147859922178988,0.1121919584954606,-0.002594033722438202
1958-10-31,STR,CIZ_2026,0.0363164721141373,0.03696498054474731,0.000648508430610012
1958-11-30,STR,CIZ_2026,-0.0058365758754864,-0.005188067444876529,0.0006485084306098706
1958-12-31,STR,CIZ_2026,0.0719844357976653,0.061608300907912014,-0.01037613488975328
1959-01-31,STR,CIZ_2026,0.020752269779507,0.02075226977950738,3.7816971776294395e-16
1959-02-28,STR,CIZ_2026,-0.0142671854734112,-0.011673151750972499,0.0025940337224387017
1959-03-31,STR,CIZ_2026,-0.0246433203631647,-0.02464332036316445,2.498001805406602e-16
1959-04-30,STR,CIZ_2026,-0.0473411154345007,-0.0012970168612189414,0.04604409857328176
1959-05-31,STR,CIZ_2026,-0.0998702983138781,-0.10181582360570654,-0.00194552529182844
1959-06-30,STR,CIZ_2026,0.0090791180285343,0.005836575875486631,-0.0032425421530476693
1959-07-31,STR,CIZ_2026,-0.0596627756160831,-0.058365758754863516,0.0012970168612195868
1959-08-31,STR,CIZ_2026,-0.0843060959792477,-0.08300907911802821,0.0012970168612194827
1959-09-30,STR,CIZ_2026,-0.0583657587548638,-0.05706874189364432,0.0012970168612194827
1959-10-31,STR,CIZ_2026,0.0246433203631646,0.019455252918288188,-0.005188067444876411
1959-11-30,STR,CIZ_2026,-0.1614785992217898,-0.1575875486381319,0.003891050583657907
1959-12-31,STR,CIZ_2026,0.0408560311284045,0.04345006485084328,0.002594033722438778
1960-01-31,STR,CIZ_2026,0.1893644617380023,0.1874189364461739,-0.0019455252918283983
1960-02-29,STR,CIZ_2026,-0.0849546044098573,-0.08495460440985701,2.914335439641036e-16
1960-03-31,STR,CIZ_2026,-0.1011673151750972,-0.10440985732814492,-0.0032425421530477283
1960-04-30,STR,CIZ_2026,-0.1997405966277562,-0.20038910505836535,-0.0006485084306091515
1960-05-31,STR,CIZ_2026,-0.280804150453956,-0.28145265888456505,-0.0006485084306090405
1960-06-30,STR,CIZ_2026,0.0214007782101166,0.023994811932555357,0.002594033722438757
1960-07-31,STR,CIZ_2026,0.0181582360570686,0.020103761348897783,0.0019455252918291824
1960-08-31,STR,CIZ_2026,-0.1400778210116731,-0.1582360570687415,-0.0181582360570684
1960-09-30,STR,CIZ_2026,-0.0538261997405966,-0.05317769130998674,0.0006485084306098662
1960-10-31,STR,CIZ_2026,-0.1893644617380027,-0.19325551232165977,-0.003891050583657074
1960-11-30,STR,CIZ_2026,0.0168612191958494,0.02334630350194576,0.006485084306096362
1960-12-31,STR,CIZ_2026,-0.0006485084306097,0.0006485084306098524,0.0012970168612195525
1961-01-31,STR,CIZ_2026,0.0246433203631646,0.03177691309987053,0.0071335927367059335
1961-02-28,STR,CIZ_2026,0.0343709468223085,0.035019455252918524,0.0006485084306100258
1961-03-31,STR,CIZ_2026,0.0460440985732815,0.04409857328145288,-0.0019455252918286203
1961-04-30,STR,CIZ_2026,0.0739299610894941,0.07457846952010394,0.0006485084306098454
1961-05-31,STR,CIZ_2026,0.1763942931258104,0.18028534370946833,0.0038910505836579345
1961-06-30,STR,CIZ_2026,0.0343709468223085,0.03696498054474731,0.0025940337224388127
1961-07-31,STR,CIZ_2026,0.0415045395590143,0.03566796368352812,-0.00583657587548618
1961-08-31,STR,CIZ_2026,0.0220492866407262,0.0136186770428018,-0.0084306095979244
1961-09-30,STR,CIZ_2026,-0.158236057068742,-0.15629053177691274,0.0019455252918292587
1961-10-31,STR,CIZ_2026,-0.142023346303502,-0.14267185473411118,-0.0006485084306091793
1961-11-30,STR,CIZ_2026,-0.0817120622568093,-0.07976653696498023,0.0019455252918290644
1961-12-31,STR,CIZ_2026,0.0233463035019454,0.024643320363164953,0.001297016861219552
1962-01-31,STR,CIZ_2026,0.0097276264591439,0.00843060959792502,-0.001297016861218879
1962-02-28,STR,CIZ_2026,0.0045395590142671,0.004539559014267433,3.3306690738754696e-16
1962-03-31,STR,CIZ_2026,-0.0051880674448768,0.0025940337224386392,0.007782101167315439
1962-04-30,STR,CIZ_2026,-0.1044098573281453,-0.10570687418936413,-0.0012970168612188304
1962-05-31,STR,CIZ_2026,-0.062905317769131,-0.06874189364461708,-0.005836575875486083
1962-06-30,STR,CIZ_2026,-0.2341115434500649,-0.2399481193255508,-0.005836575875485889
1962-07-31,STR,CIZ_2026,0.1776913099870296,0.17704280155642035,-0.0006485084306092348
1962-08-31,STR,CIZ_2026,-0.0590142671854734,-0.06031128404669231,-0.0012970168612189067
1962-09-30,STR,CIZ_2026,0.1057068741893643,0.10505836575875505,-0.0006485084306092487
1962-10-31,STR,CIZ_2026,-0.185473411154345,-0.1835278858625158,0.0019455252918292032
1962-11-30,STR,CIZ_2026,0.2924773022049285,0.2898832684824903,-0.002594033722438216
1962-12-31,STR,CIZ_2026,0.2743190661478596,0.27626459143968873,0.00194552529182912
1963-01-31,STR,CIZ_2026,0.2444876783398184,0.24773022049286647,0.0032425421530480614
1963-02-28,STR,CIZ_2026,0.0486381322957198,0.0389105058365761,-0.009727626459143705
1963-03-31,STR,CIZ_2026,0.0408560311284045,0.04669260700389127,0.00583657587548677
1963-04-30,STR,CIZ_2026,-0.1115434500648508,-0.11348897535667929,-0.0019455252918284954
1963-05-31,STR,CIZ_2026,-0.0421530479896239,-0.04539559014267157,-0.003242542153047666
1963-06-30,STR,CIZ_2026,0.0661478599221789,0.0654993514915696,-0.0006485084306093042
1963-07-31,STR,CIZ_2026,-0.056420233463035,-0.055771725032425126,0.0006485084306098732
1963-08-31,STR,CIZ_2026,0.0330739299610893,0.04020752269779529,0.007133592736705989
1963-09-30,STR,CIZ_2026,0.0259403372243838,0.025940337224384144,3.434752482434078e-16
1963-10-31,STR,CIZ_2026,-0.0940337224383918,-0.15304798962386473,-0.05901426718547294
1963-11-30,STR,CIZ_2026,0.0214007782101166,0.01686121919584979,-0.0045395590142668085
1963-12-31,STR,CIZ_2026,-0.0337224383916991,-0.035667963683527606,-0.0019455252918285093
1964-01-31,STR,CIZ_2026,-0.0616083009079119,-0.06355382619974029,-0.0019455252918283844
1964-02-29,STR,CIZ_2026,-0.0389105058365759,-0.0369649805447468,0.0019455252918290991
1964-03-31,STR,CIZ_2026,-0.0363164721141374,-0.03307392996108921,0.003242542153048193
1964-04-30,STR,CIZ_2026,0.1725032425421531,0.17704280155642035,0.004539559014267253
1964-05-31,STR,CIZ_2026,-0.1303501945525292,-0.1342412451361864,-0.003891050583657213
1964-06-30,STR,CIZ_2026,-0.0201037613488975,-0.018158236057068476,0.0019455252918290228
1964-07-31,STR,CIZ_2026,0.0667963683527883,0.0661478599221792,-0.000648508430609096
1964-08-31,STR,CIZ_2026,-0.1232166018158236,-0.12516212710765204,-0.00194552529182844
1964-09-30,STR,CIZ_2026,0.0298313878080414,0.030479896238651327,0.0006485084306099287
1964-10-31,STR,CIZ_2026,0.020752269779507,0.01491569390402099,-0.00583657587548601
1964-11-30,STR,CIZ_2026,-0.0953307392996108,-0.09338521400778177,0.0019455252918290367
1964-12-31,STR,CIZ_2026,0.0038910505836575,0.004539559014267433,0.000648508430609933
1965-01-31,STR,CIZ_2026,0.1400778210116731,0.14656290531776925,0.0064850843060961505
1965-02-28,STR,CIZ_2026,-0.0843060959792477,-0.08560311284046661,-0.0012970168612189137
1965-03-31,STR,CIZ_2026,0.0389105058365757,0.042153047989624076,0.0032425421530483736
1965-04-30,STR,CIZ_2026,-0.0252918287937743,-0.025291828793774045,2.5326962749261384e-16
1965-05-31,STR,CIZ_2026,-0.0376134889753566,-0.038261997405965996,-0.0006485084306093944
1965-06-30,STR,CIZ_2026,-0.0259403372243839,-0.0369649805447468,-0.011024643320362897
1965-07-31,STR,CIZ_2026,0.116083009079118,0.11997405966277577,0.003891050583657768
1965-08-31,STR,CIZ_2026,-0.142023346303502,-0.14461738002593996,-0.002594033722437966
1965-09-30,STR,CIZ_2026,-0.1400778210116731,-0.1387808041504536,0.0012970168612194966
1965-10-31,STR,CIZ_2026,-0.1335927367055771,-0.13099870298313843,0.00259403372243866
1965-11-30,STR,CIZ_2026,-0.2081712062256809,-0.20752269779507093,0.0006485084306099564
1965-12-31,STR,CIZ_2026,0.1316472114137481,0.12127107652399499,-0.010376134889753114
1966-01-31,STR,CIZ_2026,-0.0181582360570687,-0.022049286640726057,-0.003891050583657355
1966-02-28,STR,CIZ_2026,-0.2282749675745785,-0.22762645914396845,0.0006485084306100397
1966-03-31,STR,CIZ_2026,-0.0719844357976654,-0.07522697795071305,-0.003242542153047645
1966-04-30,STR,CIZ_2026,-0.1076523994811932,-0.09338521400778177,0.014267185473411437
1966-05-31,STR,CIZ_2026,0.1744487678339816,0.17250324254215318,-0.001945525291828426
1966-06-30,STR,CIZ_2026,0.1147859922178988,0.1108949416342414,-0.0038910505836573933
1966-07-31,STR,CIZ_2026,0.0298313878080414,0.033073929961089724,0.003242542153048325
1966-08-31,STR,CIZ_2026,-0.0317769130998702,-0.035667963683527606,-0.003891050583657407
1966-09-30,STR,CIZ_2026,0.0162127107652398,0.014267185473411395,-0.0019455252918284052
1966-10-31,STR,CIZ_2026,-0.1504539559014267,-0.14526588845654959,0.005188067444877126
1966-11-30,STR,CIZ_2026,0.5350194552529182,0.530479896238651,-0.004539559014267169
1966-12-31,STR,CIZ_2026,-0.0330739299610896,-0.0369649805447468,-0.003891050583657199
1967-01-31,STR,CIZ_2026,0.1776913099870296,0.17898832684824914,0.001297016861219552
1967-02-28,STR,CIZ_2026,0.0330739299610893,0.02983138780804173,-0.0032425421530475687
1967-03-31,STR,CIZ_2026,0.0674448767833981,0.07068741893644637,0.0032425421530482695
1967-04-30,STR,CIZ_2026,-0.0149156939040208,-0.01556420233463008,-0.0006485084306092799
1967-05-31,STR,CIZ_2026,0.0661478599221789,0.0654993514915696,-0.0006485084306093042
1967-06-30,STR,CIZ_2026,-0.1219195849546044,-0.12191958495460407,3.3306690738754696e-16
1967-07-31,STR,CIZ_2026,-0.0376134889753566,-0.05058365758754835,-0.012970168612191746
1967-08-31,STR,CIZ_2026,-0.0077821011673152,-0.010376134889753308,-0.0025940337224381075
1967-09-30,STR,CIZ_2026,-0.0927367055771726,-0.0888456549935146,0.003891050583658004
1967-10-31,STR,CIZ_2026,-0.2055771725032426,-0.20752269779507093,-0.0019455252918283428
1967-11-30,STR,CIZ_2026,-0.0382619974059663,-0.0369649805447468,0.0012970168612195035
1967-12-31,STR,CIZ_2026,-0.0538261997405966,-0.05252918287937714,0.0012970168612194619
1968-01-31,STR,CIZ_2026,0.2055771725032424,0.1913099870298315,-0.014267185473410882
1968-02-29,STR,CIZ_2026,-0.1076523994811932,-0.10246433203631614,0.00518806744487707
1968-03-31,STR,CIZ_2026,0.0486381322957198,0.04474708171206247,-0.003891050583657331
1968-04-30,STR,CIZ_2026,-0.0992217898832685,-0.09533073929961057,0.0038910505836579345
1968-05-31,STR,CIZ_2026,-0.1783398184176394,-0.1874189364461734,-0.009079118028534006
1968-06-30,STR,CIZ_2026,0.1913099870298313,0.18677042801556432,-0.004539559014266975
1968-07-31,STR,CIZ_2026,-0.1374837872892348,-0.1394293125810632,-0.0019455252918283983
1968-08-31,STR,CIZ_2026,-0.0051880674448768,-0.00907911802853411,-0.00389105058365731
1968-09-30,STR,CIZ_2026,-0.0609597924773023,-0.07133592736705546,-0.010376134889753162
1968-10-31,STR,CIZ_2026,0.0356679636835277,0.03566796368352812,4.2327252813834093e-16
1968-11-30,STR,CIZ_2026,0.1621271076523995,0.1673151750972764,0.005188067444876904
1968-12-31,STR,CIZ_2026,0.1037613488975355,0.10376134889753585,3.608224830031759e-16
1969-01-31,STR,CIZ_2026,0.1121919584954604,0.10570687418936464,-0.006485084306095762
1969-02-28,STR,CIZ_2026,0.1037613488975355,0.09987029831387825,-0.0038910505836572407
1969-03-31,STR,CIZ_2026,-0.03242542153048,-0.04020752269779479,-0.007782101167314787
1969-04-30,STR,CIZ_2026,-0.1134889753566796,-0.11867704280155608,-0.005188067444876487
1969-05-31,STR,CIZ_2026,0.0421530479896237,0.03761348897535691,-0.004539559014266795
1969-06-30,STR,CIZ_2026,-0.0583657587548638,-0.038261997405965996,0.020103761348897804
1969-07-31,STR,CIZ_2026,-0.1556420233463035,-0.1575875486381319,-0.0019455252918283983
1969-08-31,STR,CIZ_2026,0.1614785992217897,0.15629053177691324,-0.00518806744487646
1969-09-30,STR,CIZ_2026,-0.0103761348897535,-0.016212710765239682,-0.005836575875486182
1969-10-31,STR,CIZ_2026,-0.0823605706874189,-0.07328145265888425,0.009079118028534644
1969-11-30,STR,CIZ_2026,0.0162127107652398,0.012321660181582608,-0.003891050583657192
1969-12-31,STR,CIZ_2026,-0.2367055771725033,-0.23476005188067403,0.0019455252918292587
1970-01-31,STR,CIZ_2026,-0.0680933852140078,-0.06874189364461708,-0.0006485084306092764
1970-02-28,STR,CIZ_2026,0.1316472114137481,0.1342412451361869,0.002594033722438799
1970-03-31,STR,CIZ_2026,-0.0103761348897535,-0.008430609597924514,0.0019455252918289864
1970-04-30,STR,CIZ_2026,-0.3456549935149158,-0.3463035019455248,-0.000648508430608985
1970-05-31,STR,CIZ_2026,-0.2561608300907912,-0.26134889753566753,-0.005188067444876321
1970-06-30,STR,CIZ_2026,-0.0577172503242542,-0.05512321660181553,0.002594033722438667
1970-07-31,STR,CIZ_2026,0.206225680933852,0.20687418936446184,0.0006485084306098454
1970-08-31,STR,CIZ_2026,0.0473411154345007,0.04409857328145288,-0.0032425421530478254
1970-09-30,STR,CIZ_2026,-0.0142671854734112,-0.01556420233463008,-0.001297016861218879
1970-10-31,STR,CIZ_2026,0.3891050583657587,0.3871595330739299,-0.0019455252918287869
1970-11-30,STR,CIZ_2026,-0.0849546044098573,-0.08236057068741862,0.002594033722438688
1970-12-31,STR,CIZ_2026,0.1024643320363163,0.11024643320363184,0.007782101167315536
1971-01-31,STR,CIZ_2026,0.0706874189364461,0.07392996108949434,0.0032425421530482418
1971-02-28,STR,CIZ_2026,0.062905317769131,0.05642023346303522,-0.006485084306095776
1971-03-31,STR,CIZ_2026,-0.0447470817120623,-0.046044098573281164,-0.0012970168612188651
1971-04-30,STR,CIZ_2026,0.0084306095979247,-0.0006485084306093389,-0.009079118028534039
1971-05-31,STR,CIZ_2026,-0.0168612191958495,-0.018806744487678072,-0.0019455252918285718
1971-06-30,STR,CIZ_2026,-0.1154345006485084,-0.1147859922178985,0.0006485084306099009
1971-07-31,STR,CIZ_2026,0.0376134889753565,0.03566796368352812,-0.0019455252918283775
1971-08-31,STR,CIZ_2026,0.3099870298313878,0.3138780804150454,0.0038910505836575737
1971-09-30,STR,CIZ_2026,-0.03242542153048,-0.031128404669260423,0.0012970168612195798
1971-10-31,STR,CIZ_2026,-0.132295719844358,-0.13164721141374802,0.0006485084306099842
1971-11-30,STR,CIZ_2026,-0.1044098573281453,-0.10311284046692573,0.001297016861219566
1971-12-31,STR,CIZ_2026,0.185473411154345,0.1874189364461739,0.0019455252918288979
1972-01-31,STR,CIZ_2026,-0.0888456549935149,-0.0894941634241242,-0.0006485084306092903
1972-02-29,STR,CIZ_2026,-0.0577172503242542,-0.060959792477301905,-0.0032425421530477075
1972-03-31,STR,CIZ_2026,0.0434500648508429,0.042801556420233686,-0.000648508430609214
1972-04-30,STR,CIZ_2026,-0.0428015564202334,-0.04280155642023317,2.2898349882893854e-16
1972-05-31,STR,CIZ_2026,-0.1115434500648508,-0.10894941634241212,0.002594033722438674
1972-06-30,STR,CIZ_2026,-0.1640726329442283,-0.1634241245136183,0.000648508430610012
1972-07-31,STR,CIZ_2026,-0.201686121919585,-0.20363164721141333,-0.0019455252918283428
1972-08-31,STR,CIZ_2026,-0.0058365758754864,-0.001945525291828537,0.0038910505836578626
1972-09-30,STR,CIZ_2026,0.0447470817120621,0.04474708171206247,3.7470027081099033e-16
1972-10-31,STR,CIZ_2026,-0.1115434500648508,-0.11024643320363131,0.0012970168612194827
1972-11-30,STR,CIZ_2026,0.1614785992217897,0.16147859922179,3.0531133177191805e-16
1972-12-31,STR,CIZ_2026,0.2010376134889751,0.19909208819714663,-0.0019455252918284538
1973-01-31,STR,CIZ_2026,-0.1400778210116731,-0.14332036316472077,-0.003242542153047673
1973-02-28,STR,CIZ_2026,-0.1939040207522698,-0.19195849546044058,0.001945525291829231
1973-03-31,STR,CIZ_2026,-0.0233463035019455,-0.02464332036316445,-0.0012970168612189484
1973-04-30,STR,CIZ_2026,-0.0953307392996108,-0.09403372243839137,0.001297016861219441
1973-05-31,STR,CIZ_2026,-0.1232166018158236,-0.12256809338521367,0.0006485084306099287
1973-06-30,STR,CIZ_2026,-0.0440985732814527,-0.048638132295719554,-0.00453955901426685
1973-07-31,STR,CIZ_2026,0.562905317769131,0.5661478599221788,0.003242542153047756
1973-08-31,STR,CIZ_2026,0.0596627756160828,0.05642023346303522,-0.0032425421530475756
1973-09-30,STR,CIZ_2026,0.0557717250324254,0.055771725032425626,2.2898349882893854e-16
1973-10-31,STR,CIZ_2026,0.0667963683527883,0.07263294422827515,0.00583657587548686
1973-11-30,STR,CIZ_2026,-0.3540856031128404,-0.3566796368352783,-0.0025940337224379384
1973-12-31,STR,CIZ_2026,-0.0259403372243839,-0.016212710765239682,0.009727626459144219
1974-01-31,STR,CIZ_2026,0.5473411154345005,0.5492866407263293,0.0019455252918287869
1974-02-28,STR,CIZ_2026,-0.0038910505836575,-0.0006485084306093389,0.003242542153048161
1974-03-31,STR,CIZ_2026,0.215953307392996,0.21919584954604415,0.0032425421530481446
1974-04-30,STR,CIZ_2026,-0.1413748378728924,-0.1374837872892344,0.00389105058365799
1974-05-31,STR,CIZ_2026,-0.2276264591439689,-0.22114137483787247,0.006485084306096428
1974-06-30,STR,CIZ_2026,-0.11284046692607,-0.11348897535667929,-0.0006485084306092903
1974-07-31,STR,CIZ_2026,0.0038910505836575,0.005188067444877036,0.0012970168612195356
1974-08-31,STR,CIZ_2026,0.0810635538261996,0.07846952010376154,-0.0025940337224380633
1974-09-30,STR,CIZ_2026,0.1601815823605705,0.15693904020752283,-0.003242542153047673
1974-10-31,STR,CIZ_2026,0.5142671854734111,0.517509727626459,0.003242542153047867
1974-11-30,STR,CIZ_2026,-0.0706874189364462,-0.07782101167315143,-0.007133592736705233
1974-12-31,STR,CIZ_2026,-0.075875486381323,-0.08690012970168581,-0.011024643320362806
1975-01-31,STR,CIZ_2026,0.8936446173800259,0.8988326848249023,0.005188067444876432
1975-02-28,STR,CIZ_2026,0.2438391699092086,0.24189364461738005,-0.001945525291828537
1975-03-31,STR,CIZ_2026,0.175745784695201,0.17639429312581073,0.0006485084306097344
1975-04-30,STR,CIZ_2026,-0.0810635538261999,-0.08106355382619942,4.718447854656915e-16
1975-05-31,STR,CIZ_2026,0.1926070038910505,0.19584954604409868,0.0032425421530481724
1975-06-30,STR,CIZ_2026,0.1621271076523995,0.15953307392996122,-0.0025940337224382715
1975-07-31,STR,CIZ_2026,0.027237354085603,0.02983138780804173,0.002594033722438733
1975-08-31,STR,CIZ_2026,-0.009727626459144,-0.011024643320362904,-0.0012970168612189033
1975-09-30,STR,CIZ_2026,-0.0713359273670558,-0.07587548638132265,-0.00453955901426685
1975-10-31,STR,CIZ_2026,0.049935149156939,0.049286640726329656,-0.0006485084306093458
1975-11-30,STR,CIZ_2026,-0.2146562905317769,-0.21789883268482446,-0.0032425421530475618
1975-12-31,STR,CIZ_2026,0.1601815823605705,0.17509727626459157,0.01491569390402106
1976-01-31,STR,CIZ_2026,0.1329442282749673,0.1374837872892349,0.0045395590142676134
1976-02-29,STR,CIZ_2026,-0.2120622568093385,-0.20881971465629012,0.0032425421530483667
1976-03-31,STR,CIZ_2026,0.2360570687418937,0.23670557717250335,0.0006485084306096511
1976-04-30,STR,CIZ_2026,0.086900129701686,0.08625162127107672,-0.0006485084306092764
1976-05-31,STR,CIZ_2026,-0.1011673151750972,-0.10830090791180252,-0.00713359273670533
1976-06-30,STR,CIZ_2026,-0.0103761348897535,-0.009727626459143705,0.0006485084306097951
1976-07-31,STR,CIZ_2026,0.0577172503242542,0.05836575875486402,0.0006485084306098246
1976-08-31,STR,CIZ_2026,-0.1835278858625163,-0.18093385214007743,0.002594033722438882
1976-09-30,STR,CIZ_2026,-0.0719844357976654,-0.06939040207522668,0.0025940337224387294
1976-10-31,STR,CIZ_2026,0.0226977950713358,0.022697795071336152,3.5041414214731503e-16
1976-11-30,STR,CIZ_2026,-0.01621271076524,-0.013618677042801293,0.0025940337224387086
1976-12-31,STR,CIZ_2026,0.1848249027237352,0.18223086900129715,-0.0025940337224380494
1977-01-31,STR,CIZ_2026,-0.01621271076524,-0.014915693904020484,0.0012970168612195174
1977-02-28,STR,CIZ_2026,0.0382619974059663,0.03826199740596649,1.8735013540549517e-16
1977-03-31,STR,CIZ_2026,0.0155642023346302,0.01880674448767858,0.003242542153048379
1977-04-30,STR,CIZ_2026,-0.1303501945525292,-0.12451361867704244,0.005836575875486749
1977-05-31,STR,CIZ_2026,-0.0719844357976654,-0.07328145265888425,-0.0012970168612188443
1977-06-30,STR,CIZ_2026,-0.0453955901426719,-0.04215304798962358,0.003242542153048325
1977-07-31,STR,CIZ_2026,0.0155642023346302,0.01491569390402099,-0.0006485084306092088
1977-08-31,STR,CIZ_2026,-0.0972762645914396,-0.09792477302204895,-0.0006485084306093458
1977-09-30,STR,CIZ_2026,0.0025940337224383,-0.003891050583657331,-0.006485084306095631
1977-10-31,STR,CIZ_2026,0.062905317769131,0.05058365758754886,-0.012321660181582136
1977-11-30,STR,CIZ_2026,0.0927367055771724,0.09079118028534389,-0.0019455252918285093
1977-12-31,STR,CIZ_2026,-0.0596627756160831,-0.058365758754863516,0.0012970168612195868
1978-01-31,STR,CIZ_2026,0.0181582360570686,0.0155642023346306,-0.002594033722438001
1978-02-28,STR,CIZ_2026,0.0246433203631646,0.02334630350194576,-0.0012970168612188374
1978-03-31,STR,CIZ_2026,-0.0687418936446173,-0.07068741893644587,-0.0019455252918285648
1978-04-30,STR,CIZ_2026,-0.036964980544747,-0.04150453955901398,-0.004539559014266982
1978-05-31,STR,CIZ_2026,-0.0460440985732815,-0.04928664072632915,-0.003242542153047652
1978-06-30,STR,CIZ_2026,0.0363164721141373,0.03242542153048013,-0.0038910505836571713
1978-07-31,STR,CIZ_2026,0.0077821011673151,0.005188067444877036,-0.002594033722438064
1978-08-31,STR,CIZ_2026,0.0051880674448767,0.0006485084306098524,-0.0045395590142668476
1978-09-30,STR,CIZ_2026,0.185473411154345,0.1913099870298315,0.005836575875486499
1978-10-31,STR,CIZ_2026,-0.1705577172503243,-0.17185473411154306,-0.001297016861218775
1978-11-30,STR,CIZ_2026,0.5421530479896237,0.5330739299610894,-0.009079118028534339
1978-12-31,STR,CIZ_2026,-0.0765239948119326,-0.07911802853437064,-0.0025940337224380355
1979-01-31,STR,CIZ_2026,0.3132295719844356,0.31517509727626464,0.0019455252918290644
1979-02-28,STR,CIZ_2026,0.0337224383916989,0.02983138780804173,-0.0038910505836571713
1979-03-31,STR,CIZ_2026,0.0440985732814527,0.04734111543450087,0.0032425421530481655
1979-04-30,STR,CIZ_2026,-0.0771725032425422,-0.07846952010376104,-0.0012970168612188443
1979-05-31,STR,CIZ_2026,0.0246433203631646,0.022697795071336152,-0.0019455252918284469
1979-06-30,STR,CIZ_2026,0.0259403372243838,0.02853437094682254,0.00259403372243874
1979-07-31,STR,CIZ_2026,-0.0123216601815824,-0.009727626459143705,0.0025940337224386947
1979-08-31,STR,CIZ_2026,0.0,0.0025940337224386392,0.0025940337224386392
1979-09-30,STR,CIZ_2026,-0.1569390402075228,-0.1575875486381319,-0.000648508430609096
1979-10-31,STR,CIZ_2026,-0.1770428015564202,-0.17704280155641983,3.608224830031759e-16
1979-11-30,STR,CIZ_2026,0.0337224383916989,0.03826199740596649,0.004539559014267586
1979-12-31,STR,CIZ_2026,-0.1738002594033723,-0.17833981841763905,-0.004539559014266753
1980-01-31,STR,CIZ_2026,-0.2723735408560311,-0.27237354085603066,4.440892098500626e-16
1980-02-29,STR,CIZ_2026,-0.3696498054474708,-0.37224383916990866,-0.002594033722437883
1980-03-31,STR,CIZ_2026,0.4974059662775616,0.4999999999999999,0.0025940337224382715
1980-04-30,STR,CIZ_2026,0.0395590142671853,0.03826199740596649,-0.0012970168612188096
1980-05-31,STR,CIZ_2026,0.1329442282749673,0.1342412451361869,0.0012970168612196076
1980-06-30,STR,CIZ_2026,0.0940337224383915,0.09338521400778227,-0.0006485084306092348
1980-07-31,STR,CIZ_2026,0.1400778210116731,0.1394293125810637,-0.0006485084306094013
1980-08-31,STR,CIZ_2026,-0.1057068741893645,-0.10181582360570654,0.0038910505836579623
1980-09-30,STR,CIZ_2026,-0.1498054474708171,-0.14656290531776878,0.003242542153048311
1980-10-31,STR,CIZ_2026,-0.1783398184176394,-0.18287937743190621,-0.0045395590142668085
1980-11-30,STR,CIZ_2026,-0.6809338521400778,-0.684176394293125,-0.003242542153047201
1980-12-31,STR,CIZ_2026,0.3625162127107653,0.3657587548638132,0.0032425421530479226
1981-01-31,STR,CIZ_2026,-0.1997405966277562,-0.19779507133592694,0.0019455252918292587
1981-02-28,STR,CIZ_2026,-0.2023346303501946,-0.20492866407263255,-0.0025940337224379384
1981-03-31,STR,CIZ_2026,0.0518806744487678,0.05512321660181603,0.003242542153048228
1981-04-30,STR,CIZ_2026,-0.1485084306095979,-0.14526588845654959,0.003242542153048311
1981-05-31,STR,CIZ_2026,-0.2963683527885862,-0.29701686121919535,-0.0006485084306091515
1981-06-30,STR,CIZ_2026,0.2587548638132295,0.2574578469520104,-0.0012970168612190802
1981-07-31,STR,CIZ_2026,-0.0875486381322958,-0.08819714656290499,-0.0006485084306091932
1981-08-31,STR,CIZ_2026,-0.0933852140077822,-0.09079118028534339,0.0025940337224388127
1981-09-30,STR,CIZ_2026,-0.1232166018158236,-0.1329442282749672,-0.009727626459143615
1981-10-31,STR,CIZ_2026,0.2438391699092086,0.24643320363164728,0.002594033722438688
1981-11-30,STR,CIZ_2026,0.1219195849546044,0.12840466926070054,0.006485084306096137
1981-12-31,STR,CIZ_2026,0.0564202334630348,0.05512321660181603,-0.001297016861218768
1982-01-31,STR,CIZ_2026,-0.1400778210116731,-0.1400778210116728,3.0531133177191805e-16
1982-02-28,STR,CIZ_2026,-0.330739299610895,-0.3326848249027232,-0.0019455252918282318
1982-03-31,STR,CIZ_2026,-0.1738002594033723,-0.17055771725032387,0.003242542153048422
1982-04-30,STR,CIZ_2026,0.0557717250324254,0.049935149156939265,-0.005836575875486132
1982-05-31,STR,CIZ_2026,0.0778210116731517,0.0843060959792479,0.006485084306096206
1982-06-30,STR,CIZ_2026,-0.0415045395590143,-0.040856031128404385,0.0006485084306099148
1982-07-31,STR,CIZ_2026,-0.2380025940337224,-0.2373540856031124,0.0006485084306099842
1982-08-31,STR,CIZ_2026,0.0226977950713358,0.034370946822308915,0.011673151750973113
1982-09-30,STR,CIZ_2026,0.2418936446173798,0.23151750972762658,-0.010376134889753225
1982-10-31,STR,CIZ_2026,0.1413748378728923,0.14721141374837887,0.005836575875486583
1982-11-30,STR,CIZ_2026,-0.3417639429312581,-0.34370946822308635,-0.0019455252918282318
1982-12-31,STR,CIZ_2026,0.1952010376134887,0.19779507133592747,0.002594033722438771
1983-01-31,STR,CIZ_2026,0.154993514915694,0.15564202334630364,0.0006485084306096511
1983-02-28,STR,CIZ_2026,0.119325551232166,0.11997405966277577,0.000648508430609776
1983-03-31,STR,CIZ_2026,-0.029182879377432,-0.02918287937743163,3.712308238590367e-16
1983-04-30,STR,CIZ_2026,-0.0869001297016862,-0.08819714656290499,-0.0012970168612187888
1983-05-31,STR,CIZ_2026,0.1258106355382617,0.12645914396887176,0.0006485084306100675
1983-06-30,STR,CIZ_2026,-0.0395590142671855,-0.0363164721141372,0.0032425421530482973
1983-07-31,STR,CIZ_2026,0.0810635538261996,0.07717250324254235,-0.0038910505836572545
1983-08-31,STR,CIZ_2026,-0.1037613488975357,-0.09468223086900097,0.009079118028534727
1983-09-30,STR,CIZ_2026,0.1018158236057069,0.10246433203631666,0.0006485084306097622
1983-10-31,STR,CIZ_2026,-0.1569390402075228,-0.1575875486381319,-0.000648508430609096
1983-11-30,STR,CIZ_2026,0.269130998702983,0.2684824902723736,-0.0006485084306094291
1983-12-31,STR,CIZ_2026,0.0765239948119325,0.07911802853437114,0.0025940337224386323
1984-01-31,STR,CIZ_2026,-0.009727626459144,-0.005188067444876529,0.004539559014267471
1984-02-29,STR,CIZ_2026,-0.1848249027237355,-0.18806744487678298,-0.0032425421530474785
1984-03-31,STR,CIZ_2026,0.1115434500648506,0.111543450064851,4.0245584642661925e-16
1984-04-30,STR,CIZ_2026,0.053177691309987,0.05188067444876805,-0.0012970168612189484
1984-05-31,STR,CIZ_2026,0.0012970168612191,0.005836575875486631,0.004539559014267531
1984-06-30,STR,CIZ_2026,0.0110246433203631,0.019455252918288188,0.008430609597925088
1984-07-31,STR,CIZ_2026,-0.1452658884565499,-0.14721141374837837,-0.0019455252918284816
1984-08-31,STR,CIZ_2026,0.4215304798962387,0.41958495460440975,-0.0019455252918289534
1984-09-30,STR,CIZ_2026,0.2263294422827495,0.22632944228274976,2.498001805406602e-16
1984-10-31,STR,CIZ_2026,-0.1297016861219195,-0.12645914396887126,0.0032425421530482557
1984-11-30,STR,CIZ_2026,-0.0946822308690013,-0.09014267185473379,0.004539559014267502
1984-12-31,STR,CIZ_2026,0.0006485084306095,-0.0012970168612189414,-0.0019455252918284414
1985-01-31,STR,CIZ_2026,0.0992217898832683,0.09014267185473432,-0.009079118028533978
1985-02-28,STR,CIZ_2026,0.1108949416342413,0.10830090791180302,-0.0025940337224382715
1985-03-31,STR,CIZ_2026,-0.1400778210116731,-0.1374837872892344,0.002594033722438688
1985-04-30,STR,CIZ_2026,-0.2107652399481193,-0.20752269779507093,0.0032425421530483667
1985-05-31,STR,CIZ_2026,-0.0862516212710766,-0.09273670557717217,-0.006485084306095568
1985-06-30,STR,CIZ_2026,-0.0946822308690013,-0.10376134889753534,-0.009079118028534047
1985-07-31,STR,CIZ_2026,0.183527885862516,0.18352788586251634,3.3306690738754696e-16
1985-08-31,STR,CIZ_2026,0.0635538261997405,0.0661478599221792,0.0025940337224387017
1985-09-30,STR,CIZ_2026,-0.1712062256809339,-0.17055771725032387,0.0006485084306100397
1985-10-31,STR,CIZ_2026,-0.0084306095979248,-0.006485084306095727,0.001945525291829073
1985-11-30,STR,CIZ_2026,0.1050583657587547,0.10894941634241265,0.0038910505836579484
1985-12-31,STR,CIZ_2026,-0.0732814526588846,-0.07457846952010344,-0.0012970168612188443
1986-01-31,STR,CIZ_2026,0.0032425421530479,-0.0012970168612189414,-0.0045395590142668415
1986-02-28,STR,CIZ_2026,-0.1608300907911802,-0.1621271076523991,-0.001297016861218886
1986-03-31,STR,CIZ_2026,-0.0557717250324254,-0.060959792477301905,-0.005188067444876508
1986-04-30,STR,CIZ_2026,0.1316472114137481,0.13035019455252933,-0.001297016861218775
1986-05-31,STR,CIZ_2026,0.0168612191958494,0.0155642023346306,-0.0012970168612187992
1986-06-30,STR,CIZ_2026,-0.2120622568093385,-0.2107652399481189,0.0012970168612195798
1986-07-31,STR,CIZ_2026,-0.2367055771725033,-0.24124513618677,-0.0045395590142666975
1986-08-31,STR,CIZ_2026,0.0226977950713358,0.02723735408560335,0.0045395590142675475
1986-09-30,STR,CIZ_2026,-0.0713359273670558,-0.07003891050583627,0.0012970168612195243
1986-10-31,STR,CIZ_2026,0.1809338521400778,0.18223086900129715,0.0012970168612193578
1986-11-30,STR,CIZ_2026,-0.0051880674448768,-0.005836575875486125,-0.000648508430609325
1986-12-31,STR,CIZ_2026,-0.0116731517509728,-0.022697795071335656,-0.011024643320362857
1987-01-31,STR,CIZ_2026,-0.0311284046692607,-0.022049286640726057,0.009079118028534644
1987-02-28,STR,CIZ_2026,-0.1232166018158236,-0.12451361867704244,-0.0012970168612188443
1987-03-31,STR,CIZ_2026,0.0661478599221789,0.06939040207522719,0.0032425421530482834
1987-04-30,STR,CIZ_2026,-0.1744487678339819,-0.17444876783398144,4.440892098500626e-16
1987-05-31,STR,CIZ_2026,-0.0706874189364462,-0.06679636835278828,0.0038910505836579207
1987-06-30,STR,CIZ_2026,-0.0505836575875486,-0.04409857328145237,0.006485084306096227
1987-07-31,STR,CIZ_2026,-0.0654993514915694,-0.06614785992217868,-0.0006485084306092903
1987-08-31,STR,CIZ_2026,0.1076523994811933,0.11413748378728938,0.006485084306096081
1987-09-30,STR,CIZ_2026,-0.0771725032425422,-0.07911802853437064,-0.00194552529182844
1987-10-31,STR,CIZ_2026,-0.0596627756160831,-0.06874189364461708,-0.009079118028533978
1987-11-30,STR,CIZ_2026,-0.1076523994811932,-0.09987029831387775,0.007782101167315453
1987-12-31,STR,CIZ_2026,0.3249027237354083,0.32295719844357973,-0.0019455252918285648
1988-01-31,STR,CIZ_2026,0.4617380025940334,0.4559014267185473,-0.0058365758754861385
1988-02-29,STR,CIZ_2026,0.2315175097276265,0.23216601815823612,0.0006485084306096234
1988-03-31,STR,CIZ_2026,-0.1057068741893645,-0.1108949416342409,-0.005188067444876404
1988-04-30,STR,CIZ_2026,-0.0363164721141374,-0.031128404669260423,0.00518806744487698
1988-05-31,STR,CIZ_2026,-0.0090791180285344,-0.010376134889753308,-0.0012970168612189085
1988-06-30,STR,CIZ_2026,0.0700389105058365,0.07133592736705596,0.0012970168612194688
1988-07-31,STR,CIZ_2026,0.1666666666666667,0.1673151750972764,0.0006485084306096789
1988-08-31,STR,CIZ_2026,-0.1763942931258106,-0.17769130998702945,-0.0012970168612188582
1988-09-30,STR,CIZ_2026,-0.0590142671854734,-0.06031128404669231,-0.0012970168612189067
1988-10-31,STR,CIZ_2026,-0.116083009079118,-0.11348897535667929,0.0025940337224387156
1988-11-30,STR,CIZ_2026,-0.0946822308690013,-0.09468223086900097,3.191891195797325e-16
1988-12-31,STR,CIZ_2026,0.0972762645914397,0.09857328145265906,0.0012970168612193578
1989-01-31,STR,CIZ_2026,0.0116731517509727,0.02075226977950738,0.009079118028534679
1989-02-28,STR,CIZ_2026,0.0181582360570686,0.018158236057068983,3.8163916471489756e-16
1989-03-31,STR,CIZ_2026,-0.1089494163424125,-0.10894941634241212,3.7470027081099033e-16
1989-04-30,STR,CIZ_2026,-0.0933852140077822,-0.09143968871595298,0.001945525291829217
1989-05-31,STR,CIZ_2026,-0.2289234760051881,-0.22762645914396845,0.0012970168612196353
1989-06-30,STR,CIZ_2026,0.0979247730220491,0.09987029831387825,0.0019455252918291477
1989-07-31,STR,CIZ_2026,0.0415045395590143,0.04409857328145288,0.0025940337224385768
1989-08-31,STR,CIZ_2026,0.0687418936446173,0.0856031128404671,0.01686121919584979
1989-09-30,STR,CIZ_2026,0.0246433203631646,0.01686121919584979,-0.0077821011673148074
1989-10-31,STR,CIZ_2026,-0.3313878080415046,-0.3398184176394288,-0.008430609597924243
1989-11-30,STR,CIZ_2026,-0.1647211413748379,-0.1627756160830087,0.0019455252918292032
1989-12-31,STR,CIZ_2026,-0.2172503242542154,-0.20946822308689972,0.007782101167315675
1990-01-31,STR,CIZ_2026,0.0149156939040207,0.01491569390402099,2.914335439641036e-16
1990-02-28,STR,CIZ_2026,-0.0194552529182879,-0.020752269779506866,-0.0012970168612189657
1990-03-31,STR,CIZ_2026,-0.0402075226977951,-0.038261997405965996,0.001945525291829106
1990-04-30,STR,CIZ_2026,-0.1692607003891051,-0.16990920881971427,-0.0006485084306091793
1990-05-31,STR,CIZ_2026,-0.0739299610894942,-0.07263294422827465,0.001297016861219552
1990-06-30,STR,CIZ_2026,-0.0654993514915694,-0.05706874189364432,0.008430609597925076
1990-07-31,STR,CIZ_2026,-0.0953307392996108,-0.09597924773022015,-0.0006485084306093458
1990-08-31,STR,CIZ_2026,-0.2879377431906615,-0.2892347600518802,-0.0012970168612186916
1990-09-30,STR,CIZ_2026,-0.4390402075226978,-0.44163424124513556,-0.002594033722437772
1990-10-31,STR,CIZ_2026,-0.2250324254215304,-0.23086900129701643,-0.0058365758754860275
1990-11-30,STR,CIZ_2026,0.3281452658884565,0.32490272373540857,-0.0032425421530479226
1990-12-31,STR,CIZ_2026,-0.2464332036316472,-0.2405966277561604,0.005836575875486805
1991-01-31,STR,CIZ_2026,-0.1763942931258106,-0.17574578469520064,0.0006485084306099564
1991-02-28,STR,CIZ_2026,0.0739299610894941,0.07846952010376154,0.004539559014267447
1991-03-31,STR,CIZ_2026,-0.0175097276264591,-0.017509727626458874,2.255140518769849e-16
1991-04-30,STR,CIZ_2026,0.0505836575875484,0.05836575875486402,0.007782101167315619
1991-05-31,STR,CIZ_2026,-0.0460440985732815,-0.04669260700389076,-0.0006485084306092626
1991-06-30,STR,CIZ_2026,0.0823605706874188,0.0843060959792479,0.001945525291829106
1991-07-31,STR,CIZ_2026,0.086900129701686,0.09143968871595351,0.004539559014267516
1991-08-31,STR,CIZ_2026,-0.2405966277561608,-0.23800259403372198,0.0025940337224388266
1991-09-30,STR,CIZ_2026,-0.1005188067444877,-0.09727626459143936,0.003242542153048339
1991-10-31,STR,CIZ_2026,-0.1277561608300907,-0.12451361867704244,0.0032425421530482557
1991-11-30,STR,CIZ_2026,-0.0771725032425422,-0.07846952010376104,-0.0012970168612188443
1991-12-31,STR,CIZ_2026,0.017509727626459,0.0025940337224386392,-0.01491569390402036
1992-01-31,STR,CIZ_2026,0.2872892347600517,0.2872892347600519,2.220446049250313e-16
1992-02-29,STR,CIZ_2026,-0.2392996108949416,-0.2405966277561604,-0.0012970168612188027
1992-03-31,STR,CIZ_2026,-0.1219195849546044,-0.11997405966277527,0.0019455252918291338
1992-04-30,STR,CIZ_2026,-0.2704280155642024,-0.27237354085603066,-0.0019455252918282873
1992-05-31,STR,CIZ_2026,-0.0616083009079119,-0.0616083009079115,4.0245584642661925e-16
1992-06-30,STR,CIZ_2026,0.0077821011673151,0.010376134889753807,0.0025940337224387077
1992-07-31,STR,CIZ_2026,0.0862516212710764,0.08300907911802871,-0.0032425421530476867
1992-08-31,STR,CIZ_2026,-0.1523994811932556,-0.14915693904020716,0.00324254215304845
1992-09-30,STR,CIZ_2026,-0.1238651102464332,-0.11932555123216568,0.004539559014267516
1992-10-31,STR,CIZ_2026,-0.0642023346303501,-0.05901426718547311,0.005188067444876994
1992-11-30,STR,CIZ_2026,-0.1186770428015565,-0.11673151750972728,0.001945525291829217
1992-12-31,STR,CIZ_2026,0.0285343709468222,0.027885862516212945,-0.0006485084306092556
1993-01-31,STR,CIZ_2026,-0.0804150453955901,-0.08106355382619942,-0.0006485084306093181
1993-02-28,STR,CIZ_2026,-0.1478599221789883,-0.14461738002593996,0.003242542153048339
1993-03-31,STR,CIZ_2026,-0.11284046692607,-0.11348897535667929,-0.0006485084306092903
1993-04-30,STR,CIZ_2026,-0.1621271076523994,-0.1614785992217895,0.0006485084306099009
1993-05-31,STR,CIZ_2026,0.0453955901426716,0.042801556420233686,-0.0025940337224379176
1993-06-30,STR,CIZ_2026,0.0940337224383915,0.0927367055771727,-0.0012970168612188027
1993-07-31,STR,CIZ_2026,-0.22568093385214,-0.22373540856031088,0.00194552529182912
1993-08-31,STR,CIZ_2026,0.0317769130998701,0.03242542153048013,0.0006485084306100258
1993-09-30,STR,CIZ_2026,-0.006485084306096,-0.0032425421530477352,0.0032425421530482643
1993-10-31,STR,CIZ_2026,0.0719844357976653,0.07263294422827515,0.0006485084306098593
1993-11-30,STR,CIZ_2026,-0.1413748378728924,-0.1394293125810632,0.0019455252918292032
1993-12-31,STR,CIZ_2026,0.0181582360570686,0.019455252918288188,0.0012970168612195868
1994-01-31,STR,CIZ_2026,0.0583657587548636,0.05706874189364482,-0.0012970168612187818
1994-02-28,STR,CIZ_2026,-0.0278858625162128,-0.02399481193255485,0.0038910505836579484
1994-03-31,STR,CIZ_2026,-0.0453955901426719,-0.047341115434500355,-0.0019455252918284538
1994-04-30,STR,CIZ_2026,-0.075875486381323,-0.07652399481193224,-0.0006485084306092348
1994-05-31,STR,CIZ_2026,-0.0473411154345007,-0.04798962386510996,-0.0006485084306092556
1994-06-30,STR,CIZ_2026,-0.0415045395590143,-0.04539559014267157,-0.0038910505836572684
1994-07-31,STR,CIZ_2026,0.0421530479896237,0.04345006485084328,0.0012970168612195798
1994-08-31,STR,CIZ_2026,0.0421530479896237,0.04020752269779529,-0.0019455252918284122
1994-09-30,STR,CIZ_2026,-0.1011673151750972,-0.09792477302204895,0.0032425421530482418
1994-10-31,STR,CIZ_2026,-0.0654993514915694,-0.0642023346303499,0.0012970168612194966
1994-11-30,STR,CIZ_2026,-0.1815823605706874,-0.18287937743190621,-0.0012970168612188027
1994-12-31,STR,CIZ_2026,0.0012970168612191,0.0006485084306098524,-0.0006485084306092476
1995-01-31,STR,CIZ_2026,0.2081712062256808,0.2107652399481194,0.0025940337224386045
1995-02-28,STR,CIZ_2026,0.1037613488975355,0.10181582360570704,-0.0019455252918284538
1995-03-31,STR,CIZ_2026,-0.0538261997405966,-0.05252918287937714,0.0012970168612194619
1995-04-30,STR,CIZ_2026,-0.0849546044098573,-0.08560311284046661,-0.0006485084306093042
1995-05-31,STR,CIZ_2026,-0.0810635538261999,-0.08106355382619942,4.718447854656915e-16
1995-06-30,STR,CIZ_2026,0.0285343709468222,0.021400778210116975,-0.007133592736705226
1995-07-31,STR,CIZ_2026,-0.188715953307393,-0.19195849546044058,-0.0032425421530475895
1995-08-31,STR,CIZ_2026,0.0317769130998701,0.03177691309987053,4.3021142204224816e-16
1995-09-30,STR,CIZ_2026,-0.1089494163424125,-0.10700389105058332,0.0019455252918291754
1995-10-31,STR,CIZ_2026,-0.1173800259403372,-0.11738002594033688,3.191891195797325e-16
1995-11-30,STR,CIZ_2026,-0.0123216601815824,-0.016861219195849278,-0.004539559014266878
1995-12-31,STR,CIZ_2026,-0.1147859922178988,-0.11543450064850809,-0.0006485084306092903
1996-01-31,STR,CIZ_2026,0.0136186770428015,0.017509727626459387,0.0038910505836578877
1996-02-29,STR,CIZ_2026,0.0894941634241244,0.09338521400778227,0.003891050583657865
1996-03-31,STR,CIZ_2026,-0.0583657587548638,-0.05901426718547311,-0.0006485084306093111
1996-04-30,STR,CIZ_2026,-0.006485084306096,-0.009727626459143705,-0.0032425421530477058
1996-05-31,STR,CIZ_2026,-0.1206225680933852,-0.11673151750972728,0.0038910505836579207
1996-06-30,STR,CIZ_2026,-0.062905317769131,-0.06549935149156909,-0.002594033722438091
1996-07-31,STR,CIZ_2026,-0.2094682230869001,-0.21011673151750931,-0.000648508430609207
1996-08-31,STR,CIZ_2026,0.114137483787289,0.11024643320363184,-0.0038910505836571574
1996-09-30,STR,CIZ_2026,-0.01621271076524,-0.018806744487678072,-0.0025940337224380702
1996-10-31,STR,CIZ_2026,-0.1238651102464332,-0.12386511024643286,3.3306690738754696e-16
1996-11-30,STR,CIZ_2026,-0.0376134889753566,-0.04020752269779479,-0.002594033722438188
1996-12-31,STR,CIZ_2026,-0.009727626459144,-0.0077821011673149115,0.0019455252918290887
1997-01-31,STR,CIZ_2026,0.1186770428015562,0.11932555123216618,0.0006485084306099703
1997-02-28,STR,CIZ_2026,0.0298313878080414,0.029182879377432136,-0.0006485084306092626
1997-03-31,STR,CIZ_2026,0.0058365758754863,0.005188067444877036,-0.0006485084306092643
1997-04-30,STR,CIZ_2026,0.1063553826199741,0.10376134889753585,-0.0025940337224382437
1997-05-31,STR,CIZ_2026,0.1348897535667963,0.1374837872892349,0.0025940337224386045
1997-06-30,STR,CIZ_2026,-0.0038910505836575,-0.0077821011673149115,-0.0038910505836574115
1997-07-31,STR,CIZ_2026,0.1997405966277561,0.20168612191958507,0.0019455252918289812
1997-08-31,STR,CIZ_2026,-0.0616083009079119,-0.05188067444876754,0.009727626459144365
1997-09-30,STR,CIZ_2026,0.0590142671854734,0.060959792477302405,0.001945525291829002
1997-10-31,STR,CIZ_2026,-0.1134889753566796,-0.1108949416342409,0.002594033722438688
1997-11-30,STR,CIZ_2026,-0.1815823605706874,-0.17898832684824864,0.002594033722438771
1997-12-31,STR,CIZ_2026,-0.2399481193255512,-0.2386511024643316,0.0012970168612196076
1998-01-31,STR,CIZ_2026,0.2743190661478596,0.27431906614785995,3.3306690738754696e-16
1998-02-28,STR,CIZ_2026,0.0732814526588845,0.07263294422827515,-0.0006485084306093458
1998-03-31,STR,CIZ_2026,0.0680933852140077,0.0654993514915696,-0.002594033722438105
1998-04-30,STR,CIZ_2026,0.0590142671854734,0.061608300907912014,0.0025940337224386115
1998-05-31,STR,CIZ_2026,-0.003242542153048,-0.009727626459143705,-0.0064850843060957055
1998-06-30,STR,CIZ_2026,-0.1446173800259403,-0.1400778210116728,0.004539559014267502
1998-07-31,STR,CIZ_2026,-0.182230869001297,-0.1887159533073926,-0.006485084306095595
1998-08-31,STR,CIZ_2026,-0.2237354085603113,-0.23216601815823562,-0.008430609597924327
1998-09-30,STR,CIZ_2026,0.1271076523994811,0.1407263294422829,0.013618677042801786
1998-10-31,STR,CIZ_2026,0.5875486381322956,0.5577172503242541,-0.02983138780804151
1998-11-30,STR,CIZ_2026,0.0343709468223085,0.03826199740596649,0.00389105058365799
1998-12-31,STR,CIZ_2026,-0.1569390402075228,-0.1582360570687415,-0.0012970168612186916
1999-01-31,STR,CIZ_2026,-0.201686121919585,-0.20168612191958454,4.440892098500626e-16
1999-02-28,STR,CIZ_2026,0.1083009079118026,0.10830090791180302,4.3021142204224816e-16
1999-03-31,STR,CIZ_2026,-0.0376134889753566,-0.040856031128404385,-0.003242542153047784
1999-04-30,STR,CIZ_2026,0.1024643320363163,0.08625162127107672,-0.016212710765239585
1999-05-31,STR,CIZ_2026,0.027237354085603,0.022049286640726556,-0.005188067444876442
1999-06-30,STR,CIZ_2026,0.0590142671854734,0.036316472114137716,-0.022697795071335687
1999-07-31,STR,CIZ_2026,0.0486381322957198,0.049286640726329656,0.0006485084306098524
1999-08-31,STR,CIZ_2026,-0.2710765239948119,-0.2736705577172499,-0.002594033722437994
1999-09-30,STR,CIZ_2026,-0.0907911802853437,-0.08041504539558983,0.010376134889753877
1999-10-31,STR,CIZ_2026,-0.1478599221789883,-0.14332036316472077,0.00453955901426753
1999-11-30,STR,CIZ_2026,-0.0233463035019455,-0.012970168612191697,0.010376134889753804
1999-12-31,STR,CIZ_2026,-0.9597924773022048,-0.9760051880674439,-0.016212710765239002
2000-01-31,STR,CIZ_2026,0.1180285343709468,0.12191958495460456,0.003891050583657754
2000-02-29,STR,CIZ_2026,-0.9247730220492868,-0.9130998702983129,0.011673151750973942
2000-03-31,STR,CIZ_2026,0.5901426718547342,0.6018158236057067,0.011673151750972499
2000-04-30,STR,CIZ_2026,-0.1926070038910505,-0.20298313878080373,-0.010376134889753225
2000-05-31,STR,CIZ_2026,-0.6277561608300908,-0.6199740596627749,0.007782101167315925
2000-06-30,STR,CIZ_2026,0.7522697795071336,0.7490272373540853,-0.003242542153048311
2000-07-31,STR,CIZ_2026,0.3709468223086898,0.3702983138780804,-0.0006485084306094291
2000-08-31,STR,CIZ_2026,-0.01621271076524,-0.02723735408560284,-0.011024643320362838
2000-09-30,STR,CIZ_2026,0.1199740596627754,0.09857328145265906,-0.021400778210116336
2000-10-31,STR,CIZ_2026,-0.3625162127107652,-0.36316472114137427,-0.000648508430609096
2000-11-30,STR,CIZ_2026,-1.0,-0.999999999999999,9.992007221626409e-16
2000-12-31,STR,CIZ_2026,-0.4974059662775616,-0.5077821011673145,-0.010376134889752864
2001-01-31,STR,CIZ_2026,1.0,1.0239948119325546,0.023994811932554594
2001-02-28,STR,CIZ_2026,0.7392996108949415,0.7574578469520101,0.018158236057068677
2001-03-31,STR,CIZ_2026,-0.5402075226977952,-0.5415045395590136,-0.001297016861218414
2001-04-30,STR,CIZ_2026,0.5888456549935148,0.5862516212710763,-0.0025940337224384935
2001-05-31,STR,CIZ_2026,0.1952010376134887,0.1945525291828795,-0.000648508430609207
2001-06-30,STR,CIZ_2026,-0.0123216601815824,-0.003891050583657331,0.00843060959792507
2001-07-31,STR,CIZ_2026,0.0382619974059663,0.021400778210116975,-0.016861219195849327
2001-08-31,STR,CIZ_2026,-0.3041504539559014,-0.29507133592736656,0.009079118028534838
2001-09-30,STR,CIZ_2026,-0.3728923476005188,-0.37613488975356624,-0.003242542153047423
2001-10-31,STR,CIZ_2026,0.9111543450064848,0.9150453955901422,0.0038910505836573517
2001-11-30,STR,CIZ_2026,-0.2542153047989625,-0.2548638132295715,-0.0006485084306090405
2001-12-31,STR,CIZ_2026,0.0577172503242542,0.05382619974059685,-0.0038910505836573447
2002-01-31,STR,CIZ_2026,0.086900129701686,0.07263294422827515,-0.01426718547341084
2002-02-28,STR,CIZ_2026,-0.0479896238651103,-0.04669260700389076,0.0012970168612195382
2002-03-31,STR,CIZ_2026,0.1271076523994811,0.12840466926070054,0.001297016861219441
2002-04-30,STR,CIZ_2026,0.0856031128404668,0.0881971465629055,0.0025940337224387017
2002-05-31,STR,CIZ_2026,-0.2250324254215304,-0.21919584954604368,0.005836575875486721
2002-06-30,STR,CIZ_2026,-0.2833981841763943,-0.2898832684824898,-0.006485084306095512
2002-07-31,STR,CIZ_2026,0.0317769130998701,0.03177691309987053,4.3021142204224816e-16
2002-08-31,STR,CIZ_2026,0.0473411154345007,0.040856031128404885,-0.006485084306095817
2002-09-30,STR,CIZ_2026,-0.166018158236057,-0.1660181582360567,3.0531133177191805e-16
2002-10-31,STR,CIZ_2026,0.4280155642023344,0.42996108949416334,0.0019455252918289534
2002-11-30,STR,CIZ_2026,-0.0395590142671855,-0.044747081712061966,-0.005188067444876467
2002-12-31,STR,CIZ_2026,0.6452658884565499,0.6485084306095976,0.003242542153047756
2003-01-31,STR,CIZ_2026,-0.0330739299610896,-0.03177691309987002,0.0012970168612195798
2003-02-28,STR,CIZ_2026,-0.0959792477302204,-0.09662775616082976,-0.0006485084306093597
2003-03-31,STR,CIZ_2026,-0.0492866407263294,-0.05058365758754835,-0.0012970168612189484
2003-04-30,STR,CIZ_2026,0.143320363164721,0.14785992217898847,0.004539559014267475
2003-05-31,STR,CIZ_2026,-0.1498054474708171,-0.14591439688715918,0.003891050583657907
2003-06-30,STR,CIZ_2026,-0.0583657587548638,-0.058365758754863516,2.8449465006019636e-16
2003-07-31,STR,CIZ_2026,0.1102464332036317,0.11543450064850858,0.005188067444876876
2003-08-31,STR,CIZ_2026,-0.1485084306095979,-0.15110246433203595,-0.0025940337224380494
2003-09-30,STR,CIZ_2026,0.2483787289234758,0.24643320363164728,-0.0019455252918285093
2003-10-31,STR,CIZ_2026,0.0894941634241244,0.09014267185473432,0.0006485084306099148
2003-11-30,STR,CIZ_2026,-0.1530479896238651,-0.14785992217898797,0.005188067444877126
2003-12-31,STR,CIZ_2026,0.0680933852140077,0.07003891050583679,0.0019455252918290783
2004-01-31,STR,CIZ_2026,0.0992217898832683,0.09922178988326866,3.608224830031759e-16
2004-02-29,STR,CIZ_2026,0.0492866407263292,0.04734111543450087,-0.001945525291828329
2004-03-31,STR,CIZ_2026,-0.1913099870298314,-0.1926070038910502,-0.0012970168612188027
2004-04-30,STR,CIZ_2026,-0.0642023346303501,-0.06290531776913069,0.0012970168612194133
2004-05-31,STR,CIZ_2026,0.0966277561608299,0.09533073929961106,-0.0012970168612188443
2004-06-30,STR,CIZ_2026,-0.0304798962386511,-0.03177691309987002,-0.0012970168612189172
2004-07-31,STR,CIZ_2026,-0.1426718547341116,-0.1394293125810632,0.0032425421530483944
2004-08-31,STR,CIZ_2026,-0.2062256809338521,-0.20168612191958454,0.004539559014267558
2004-09-30,STR,CIZ_2026,0.149805447470817,0.14915693904020766,-0.0006485084306093458
2004-10-31,STR,CIZ_2026,-0.0350194552529183,-0.03501945525291801,2.914335439641036e-16
2004-11-30,STR,CIZ_2026,0.04798962386511,0.04474708171206247,-0.003242542153047527
2004-12-31,STR,CIZ_2026,0.0097276264591439,0.009727626459144212,3.122502256758253e-16
2005-01-31,STR,CIZ_2026,0.0434500648508429,0.042801556420233686,-0.000648508430609214
2005-02-28,STR,CIZ_2026,-0.2101167315175098,-0.2107652399481189,-0.000648508430609096
2005-03-31,STR,CIZ_2026,-0.0453955901426719,-0.046044098573281164,-0.0006485084306092626
2005-04-30,STR,CIZ_2026,-0.1705577172503243,-0.17185473411154306,-0.001297016861218775
2005-05-31,STR,CIZ_2026,0.1543450064850842,0.15434500648508442,2.220446049250313e-16
2005-06-30,STR,CIZ_2026,-0.0492866407263294,-0.04669260700389076,0.0025940337224386392
2005-07-31,STR,CIZ_2026,-0.0622568093385214,-0.05901426718547311,0.0032425421530482904
2005-08-31,STR,CIZ_2026,-0.1400778210116731,-0.1400778210116728,3.0531133177191805e-16
2005-09-30,STR,CIZ_2026,-0.2905317769130998,-0.2918287937743186,-0.0012970168612188027
2005-10-31,STR,CIZ_2026,0.053177691309987,0.0389105058365761,-0.014267185473410902
2005-11-30,STR,CIZ_2026,-0.0447470817120623,-0.04798962386510996,-0.003242542153047659
2005-12-31,STR,CIZ_2026,0.0810635538261996,0.0881971465629055,0.007133592736705899
2006-01-31,STR,CIZ_2026,-0.116083009079118,-0.11867704280155608,-0.002594033722438077
2006-02-28,STR,CIZ_2026,0.1686121919584953,0.16407263294422839,-0.0045395590142669195
2006-03-31,STR,CIZ_2026,-0.056420233463035,-0.055771725032425126,0.0006485084306098732
2006-04-30,STR,CIZ_2026,-0.072632944228275,-0.06809338521400748,0.004539559014267516
2006-05-31,STR,CIZ_2026,-0.0538261997405966,-0.05447470817120593,-0.000648508430609325
2006-06-30,STR,CIZ_2026,-0.0881971465629053,-0.09143968871595298,-0.0032425421530476867
2006-07-31,STR,CIZ_2026,-0.036964980544747,-0.0369649805447468,2.0122792321330962e-16
2006-08-31,STR,CIZ_2026,0.0635538261997405,0.05512321660181603,-0.008430609597924466
2006-09-30,STR,CIZ_2026,-0.0019455252918288,-0.0006485084306093389,0.0012970168612194612
2006-10-31,STR,CIZ_2026,-0.0680933852140078,-0.06874189364461708,-0.0006485084306092764
2006-11-30,STR,CIZ_2026,-0.1102464332036317,-0.1121919584954601,-0.0019455252918283983
2006-12-31,STR,CIZ_2026,0.1050583657587547,0.10505836575875505,3.469446951953614e-16
2007-01-31,STR,CIZ_2026,0.0194552529182878,0.02075226977950738,0.0012970168612195798
2007-02-28,STR,CIZ_2026,-0.0395590142671855,-0.03761348897535639,0.001945525291829106
2007-03-31,STR,CIZ_2026,-0.1841763942931258,-0.1854734111543446,-0.0012970168612188027
2007-04-30,STR,CIZ_2026,-0.0713359273670558,-0.07133592736705546,3.3306690738754696e-16
2007-05-31,STR,CIZ_2026,-0.1154345006485084,-0.11348897535667929,0.001945525291829106
2007-06-30,STR,CIZ_2026,-0.0933852140077822,-0.10376134889753534,-0.010376134889753141
2007-07-31,STR,CIZ_2026,-0.2840466926070039,-0.2866407263294418,-0.0025940337224379384
2007-08-31,STR,CIZ_2026,-0.2204928664072633,-0.22114137483787247,-0.0006485084306091793
2007-09-30,STR,CIZ_2026,-0.0278858625162128,-0.02983138780804123,-0.0019455252918284295
2007-10-31,STR,CIZ_2026,-0.308041504539559,-0.3086900129701681,-0.0006485084306091515
2007-11-30,STR,CIZ_2026,-0.1608300907911802,-0.1621271076523991,-0.001297016861218886
2007-12-31,STR,CIZ_2026,-0.1841763942931258,-0.18612191958495422,-0.001945525291828426
2008-01-31,STR,CIZ_2026,0.398184176394293,0.39753566796368345,-0.0006485084306095401
2008-02-29,STR,CIZ_2026,0.2762645914396886,0.2671854734111544,-0.009079118028534228
2008-03-31,STR,CIZ_2026,-0.0752269779507133,-0.07717250324254184,-0.001945525291828537
2008-04-30,STR,CIZ_2026,0.1517509727626458,0.15239948119325566,0.0006485084306098732
2008-05-31,STR,CIZ_2026,-0.1990920881971465,-0.1900129701686118,0.0090791180285347
2008-06-30,STR,CIZ_2026,-0.5110246433203631,-0.5142671854734104,-0.003242542153047312
2008-07-31,STR,CIZ_2026,0.4636835278858624,0.464332036316472,0.0006485084306095956
2008-08-31,STR,CIZ_2026,-0.0843060959792477,-0.07652399481193224,0.007782101167315453
2008-09-30,STR,CIZ_2026,-0.2944228274967575,-0.30804150453955853,-0.013618677042801008
2008-10-31,STR,CIZ_2026,-0.6588845654993514,-0.6692607003891042,-0.010376134889752864
2008-11-30,STR,CIZ_2026,-0.6990920881971465,-0.7068741893644609,-0.00778210116731437
2008-12-31,STR,CIZ_2026,0.302853437094682,0.2918287937743191,-0.011024643320362904
2009-01-31,STR,CIZ_2026,-0.0395590142671855,-0.031128404669260423,0.008430609597925076
2009-02-28,STR,CIZ_2026,-0.5058365758754864,-0.4935149156939034,0.012321660181582983
2009-03-31,STR,CIZ_2026,0.1459143968871594,0.14980544747081725,0.0038910505836578513
2009-04-30,STR,CIZ_2026,-0.474059662775616,-0.4597924773022043,0.014267185473411714
2009-05-31,STR,CIZ_2026,-0.2269779507133592,-0.22762645914396845,-0.0006485084306092626
2009-06-30,STR,CIZ_2026,0.2600518806744485,0.2568093385214008,-0.0032425421530477005
2009-07-31,STR,CIZ_2026,0.2360570687418937,0.2347600518806745,-0.0012970168612191912
2009-08-31,STR,CIZ_2026,-0.1861219195849546,-0.18612191958495422,3.885780586188048e-16
2009-09-30,STR,CIZ_2026,0.0214007782101166,0.02075226977950738,-0.0006485084306092209
2009-10-31,STR,CIZ_2026,0.0875486381322956,0.09533073929961106,0.007782101167315453
2009-11-30,STR,CIZ_2026,-0.0220492866407264,-0.020103761348897266,0.0019455252918291338
2009-12-31,STR,CIZ_2026,0.0440985732814527,0.047989623865110465,0.003891050583657761
2010-01-31,STR,CIZ_2026,0.1848249027237352,0.1880674448767835,0.003242542153048311
2010-02-28,STR,CIZ_2026,0.0544747081712062,0.05836575875486402,0.0038910505836578235
2010-03-31,STR,CIZ_2026,0.0006485084306095,-0.0006485084306093389,-0.0012970168612188389
2010-04-30,STR,CIZ_2026,-0.1718547341115435,-0.17055771725032387,0.0012970168612196353
2010-05-31,STR,CIZ_2026,-0.0175097276264591,-0.018806744487678072,-0.0012970168612189727
2010-06-30,STR,CIZ_2026,-0.3670557717250323,-0.36316472114137427,0.003891050583658018
2010-07-31,STR,CIZ_2026,0.2153047989623864,0.2120622568093386,-0.0032425421530478116
2010-08-31,STR,CIZ_2026,0.0136186770428015,0.016212710765240196,0.0025940337224386965
2010-09-30,STR,CIZ_2026,0.1621271076523995,0.16407263294422839,0.0019455252918288979
2010-10-31,STR,CIZ_2026,-0.1381322957198444,-0.12840466926070004,0.00972762645914435
2010-11-30,STR,CIZ_2026,-0.11284046692607,-0.10635538261997372,0.006485084306096275
2010-12-31,STR,CIZ_2026,0.0959792477302206,0.0843060959792479,-0.011673151750972693
2011-01-31,STR,CIZ_2026,-0.0570687418936446,-0.05642023346303472,0.0006485084306098801
2011-02-28,STR,CIZ_2026,-0.0959792477302204,-0.09727626459143936,-0.0012970168612189553
2011-03-31,STR,CIZ_2026,-0.1070038910505837,-0.10505836575875452,0.0019455252918291754
2011-04-30,STR,CIZ_2026,-0.1212710765239948,-0.11867704280155608,0.0025940337224387156
2011-05-31,STR,CIZ_2026,-0.1303501945525292,-0.13229571984435762,-0.001945525291828426
2011-06-30,STR,CIZ_2026,-0.1115434500648508,-0.11348897535667929,-0.0019455252918284954
2011-07-31,STR,CIZ_2026,-0.1206225680933852,-0.12386511024643286,-0.003242542153047659
2011-08-31,STR,CIZ_2026,-0.138780804150454,-0.14137483787289198,-0.002594033722437994
2011-09-30,STR,CIZ_2026,-0.6718547341115435,-0.6699092088197138,0.001945525291829675
2011-10-31,STR,CIZ_2026,0.7405966277561609,0.7380025940337221,-0.0025940337224387156
2011-11-30,STR,CIZ_2026,0.0298313878080414,0.02983138780804173,3.3306690738754696e-16
2011-12-31,STR,CIZ_2026,-0.1511024643320364,-0.14980544747081675,0.0012970168612196353
2012-01-31,STR,CIZ_2026,0.3715953307392994,0.37613488975356674,0.004539559014267336
2012-02-29,STR,CIZ_2026,-0.0732814526588846,-0.07522697795071305,-0.0019455252918284538
2012-03-31,STR,CIZ_2026,-0.1031128404669261,-0.10116731517509694,0.0019455252918291616
2012-04-30,STR,CIZ_2026,-0.0810635538261999,-0.08236057068741862,-0.0012970168612187194
2012-05-31,STR,CIZ_2026,-0.267833981841764,-0.2801556420233458,-0.012321660181581817
2012-06-30,STR,CIZ_2026,-0.1024643320363165,-0.09987029831387775,0.0025940337224387433
2012-07-31,STR,CIZ_2026,0.0440985732814527,0.039559014267185694,-0.00453955901426701
2012-08-31,STR,CIZ_2026,0.1452658884565498,0.14591439688715968,0.0006485084306098732
2012-09-30,STR,CIZ_2026,-0.0635538261997405,-0.06355382619974029,2.0816681711721685e-16
2012-10-31,STR,CIZ_2026,-0.0350194552529183,-0.03307392996108921,0.0019455252918290922
2012-11-30,STR,CIZ_2026,0.0077821011673151,0.006485084306096227,-0.001297016861218873
2012-12-31,STR,CIZ_2026,-0.0395590142671855,-0.039559014267185194,3.0531133177191805e-16
2013-01-31,STR,CIZ_2026,-0.1433203631647212,-0.15175097276264554,-0.008430609597924354
2013-02-28,STR,CIZ_2026,-0.1284046692607003,-0.12710765239948085,0.001297016861219441
2013-03-31,STR,CIZ_2026,-0.1718547341115435,-0.17380025940337185,-0.0019455252918283428
2013-04-30,STR,CIZ_2026,-0.1284046692607003,-0.12970168612191924,-0.0012970168612189414
2013-05-31,STR,CIZ_2026,0.0551232166018156,0.05317769130998724,-0.0019455252918283567
2013-06-30,STR,CIZ_2026,-0.0188067444876783,-0.020103761348897266,-0.0012970168612189657
2013-07-31,STR,CIZ_2026,0.0745784695201037,0.07328145265888476,-0.0012970168612189414
2013-08-31,STR,CIZ_2026,-0.1037613488975357,-0.10376134889753534,3.608224830031759e-16
2013-09-30,STR,CIZ_2026,-0.0810635538261999,-0.08171206225680902,-0.0006485084306091238
2013-10-31,STR,CIZ_2026,-0.0603112840466927,-0.05901426718547311,0.0012970168612195868
2013-11-30,STR,CIZ_2026,-0.0077821011673152,-0.02399481193255485,-0.01621271076523965
2013-12-31,STR,CIZ_2026,0.0363164721141373,0.035019455252918524,-0.001297016861218775
2014-01-31,STR,CIZ_2026,-0.0298313878080415,-0.03177691309987002,-0.0019455252918285197
2014-02-28,STR,CIZ_2026,-0.0635538261997405,-0.060959792477301905,0.0025940337224385907
2014-03-31,STR,CIZ_2026,0.1212710765239946,0.11478599221789901,-0.006485084306095595
2014-04-30,STR,CIZ_2026,-0.1874189364461738,-0.18612191958495422,0.0012970168612195798
2014-05-31,STR,CIZ_2026,-0.0207522697795071,-0.01556420233463008,0.005188067444877022
2014-06-30,STR,CIZ_2026,-0.0849546044098573,-0.08819714656290499,-0.0032425421530476867
2014-07-31,STR,CIZ_2026,0.1212710765239946,0.11932555123216618,-0.001945525291828426
2014-08-31,STR,CIZ_2026,0.053177691309987,0.05512321660181603,0.0019455252918290297
2014-09-30,STR,CIZ_2026,-0.0635538261997405,-0.07068741893644587,-0.007133592736705371
2014-10-31,STR,CIZ_2026,-0.2198443579766537,-0.22762645914396845,-0.007782101167314759
2014-11-30,STR,CIZ_2026,-0.264591439688716,-0.2658884565499347,-0.0012970168612186916
2014-12-31,STR,CIZ_2026,-0.1167315175097276,-0.11608300907911769,0.0006485084306099148
2015-01-31,STR,CIZ_2026,-0.0784695201037614,-0.08171206225680902,-0.0032425421530476173
2015-02-28,STR,CIZ_2026,0.1783398184176394,0.1906614785992219,0.012321660181582483
2015-03-31,STR,CIZ_2026,-0.0590142671854734,-0.060959792477301905,-0.0019455252918285024
2015-04-30,STR,CIZ_2026,0.215953307392996,0.22503242542153057,0.00907911802853456
2015-05-31,STR,CIZ_2026,0.1044098573281451,0.09987029831387825,-0.00453955901426685
2015-06-30,STR,CIZ_2026,-0.2833981841763943,-0.28274967574578425,0.0006485084306100397
2015-07-31,STR,CIZ_2026,-0.37094682230869,-0.37483787289234705,-0.0038910505836570186
2015-08-31,STR,CIZ_2026,0.0466926070038908,0.04734111543450087,0.0006485084306100675
2015-09-30,STR,CIZ_2026,-0.2568093385214007,-0.2574578469520099,-0.000648508430609207
2015-10-31,STR,CIZ_2026,0.0071335927367055,0.011673151750972999,0.004539559014267499
2015-11-30,STR,CIZ_2026,-0.0460440985732815,-0.044747081712061966,0.0012970168612195312
2015-12-31,STR,CIZ_2026,0.0233463035019454,0.024643320363164953,0.001297016861219552
2016-01-31,STR,CIZ_2026,-0.2360570687418937,-0.2425421530479892,-0.006485084306095512
2016-02-29,STR,CIZ_2026,-0.1115434500648508,-0.10894941634241212,0.002594033722438674
2016-03-31,STR,CIZ_2026,0.0486381322957198,0.05058365758754886,0.0019455252918290575
2016-04-30,STR,CIZ_2026,-0.0239948119325551,-0.02399481193255485,2.498001805406602e-16
2016-05-31,STR,CIZ_2026,-0.0440985732814527,-0.04150453955901398,0.0025940337224387225
2016-06-30,STR,CIZ_2026,0.0421530479896237,0.04345006485084328,0.0012970168612195798
2016-07-31,STR,CIZ_2026,0.2425421530479894,0.2431906614785993,0.0006485084306099009
2016-08-31,STR,CIZ_2026,-0.0739299610894942,-0.07328145265888425,0.0006485084306099564
2016-09-30,STR,CIZ_2026,-0.0492866407263294,-0.049935149156938745,-0.0006485084306093458
2016-10-31,STR,CIZ_2026,0.114137483787289,0.1121919584954606,-0.0019455252918283983
2016-11-30,STR,CIZ_2026,-0.0311284046692607,-0.035667963683527606,-0.004539559014266906
2016-12-31,STR,CIZ_2026,-0.1271076523994811,-0.12970168612191924,-0.0025940337224381327
2017-01-31,STR,CIZ_2026,0.1653696498054473,0.164721141374838,-0.0006485084306092903
2017-02-28,STR,CIZ_2026,-0.1199740596627757,-0.11348897535667929,0.006485084306096414
2017-03-31,STR,CIZ_2026,-0.1063553826199741,-0.1108949416342409,-0.0045395590142668085
2017-04-30,STR,CIZ_2026,-0.1874189364461738,-0.1867704280155638,0.000648508430610012
2017-05-31,STR,CIZ_2026,-0.2697795071335926,-0.26394293125810586,0.005836575875486749
2017-06-30,STR,CIZ_2026,0.2133592736705576,0.21595330739299623,0.0025940337224386323
2017-07-31,STR,CIZ_2026,0.0784695201037612,0.07911802853437114,0.0006485084306099426
2017-08-31,STR,CIZ_2026,-0.0739299610894942,-0.07717250324254184,-0.003242542153047631
2017-09-30,STR,CIZ_2026,0.1309987029831387,0.13683527885862531,0.00583657587548661
2017-10-31,STR,CIZ_2026,-0.0992217898832685,-0.09079118028534339,0.008430609597925118
2017-11-30,STR,CIZ_2026,-0.0239948119325551,-0.02464332036316445,-0.0006485084306093493
2017-12-31,STR,CIZ_2026,-0.1005188067444877,-0.10181582360570654,-0.0012970168612188443
