Date,RV,MKT,DP,IP,RV_q,STR,DEF,EP,INF
1950-01-31,-1.9896102800684499,0.8416976758728113,2.828922294701709,0.0,0.0,-0.016298794571153324,0.3593324930576568,2.8929294894893993,0.0
1950-02-28,-2.3347364114634277,0.806560391491024,2.794181143714144,0.012065797027636204,0.0,0.069269876927401,0.3490658503988665,2.855185973509875,0.013362793082049119
1950-03-31,-2.279476724552986,0.7714231071092373,2.794181143714144,0.10209986222891361,0.0,0.0346349384637005,0.3490658503988665,2.85296576668755,0.003991858517903003
1950-04-30,-2.1111972541962816,1.1994591168510085,2.729661863308667,0.10472841036018558,-2.5750334161201334,0.24855661721008696,0.3182659224224958,2.8396445257536005,0.0013289309025333097
1950-05-31,-2.1126175232954534,1.2585536405840134,2.650253518194233,0.0731854475451001,-2.6064549311297234,-0.3646855285295544,0.32853256508128614,2.810781837063377,0.015940427840625087
1950-06-30,-1.1693360876021146,-0.37852438174925374,2.6254384103459723,0.09353790649973562,-2.549053124492562,0.03667228778509467,0.3490658503988659,2.8285434916419763,0.014538291623679879
1950-07-31,-1.4370197098295683,0.7873946000100488,2.997665028069881,0.10150451803696922,-2.262161367074259,-0.028522890499518314,0.3593324930576565,3.141592653589793,0.024995921448160374
1950-08-31,-1.920386742315402,1.3447997022484004,2.9132936613857954,0.09834681478897477,-2.087934810476384,0.8923590027706411,0.30799927976370584,3.0239216920065703,0.0169674717476803
1950-09-30,-1.8755469550140762,1.338411105088076,2.908330639816143,-0.020083973687177445,-2.0382569365659804,-0.08556867149855495,0.2566660664697545,2.9861781760270465,0.01817450295465154
1950-10-31,-1.7429517065302236,0.5414336093375383,2.8884785535375346,0.020213195176024483,-2.220761810377467,0.401357816314649,0.23613278115217476,2.904030523601024,0.020651389670269513
1950-11-30,-1.5321089015182232,1.0109955006214226,3.012554092778838,-0.005020993421793969,-2.2998232961591336,0.05297108235624767,0.23613278115217476,2.955095280514498,0.012822827157509282
1950-12-31,-1.4469083758367414,1.455003003264006,3.141592653589793,0.05530064548933318,-2.199481313886651,-1.3202023602634148,0.2155994958345944,3.012820657894946,0.04852866700667124
1951-01-31,-1.7184250546891053,1.4805573919053057,2.928182726094752,0.009865703245483477,-2.0887089746132874,0.4685903439206555,0.19506621051701342,2.788579768840127,0.05030572703906745
1951-02-28,-2.16059588224564,0.7953803464604555,2.8388483378410134,0.019706265675991517,-2.0823705936766053,0.34227468599421884,0.18479956785822343,2.679789634546205,0.055701997404074
1951-03-31,-1.932799630973286,0.22679519919153518,2.9381087692340557,0.014669368348810904,-2.244789415593302,-0.2342951719603284,0.13346635456427303,2.724193770992704,0.006081286592314686
1951-04-30,-2.096650738002763,1.346396851538482,2.9232197045251,0.004873101700596159,-2.370357466577528,0.19558553485383925,0.16426628254064307,2.648706739033656,0.004855630067372398
1951-05-31,-1.8038622970533786,0.1964493626799918,2.94803481237336,-0.00971302136576882,-2.4681016868815684,0.21799637738917477,0.19506621051701342,2.610963223054132,0.008484239419416511
1951-06-30,-1.932858332405104,0.1517291825577167,3.0423322221967504,-0.014641932598985786,-2.375911632955573,-0.5704578099903644,0.23613278115217476,2.622064257165756,-0.007252618669310623
1951-07-31,-1.8320976712328367,1.6786039038753793,2.94803481237336,-0.04901674932404386,-2.3759268030667973,0.6784373240242546,0.27719935178733485,2.5021730887602094,-0.002423133554638798
1951-08-31,-2.2293256415133405,1.252165043423689,2.7743290574355357,-0.029868786361971163,-2.307558803797364,-0.12631565792643795,0.30799927976370584,2.322336336151889,-0.006062509945175147
1951-09-30,-2.5771485830357146,0.6819827468646875,2.6601795613335373,0.020116123917012254,-2.417510572561044,0.08760602081994849,0.30799927976370584,2.193564340457043,0.02065238790062896
1951-10-31,-1.8017398685646888,0.16610352616844776,2.6006233024977115,-0.00499703416440384,-2.5840134066511307,0.34838673395840136,0.29773263710491543,2.182463306345418,0.015689859583813397
1951-11-30,-2.040371302810698,0.6612198060936316,2.610549345637016,0.025006369753002466,-2.5761680913199636,0.07130722624879517,0.2874659944461255,2.2290876496142413,0.019214633966909936
1951-12-31,-2.3764538685998677,1.102033010156053,2.4368435906991914,0.019843425420604948,-2.5273369428169175,0.1344650552120146,0.2874659944461255,2.133618756254269,0.01790421345130975
1952-01-31,-2.2124493333358797,0.8017689436207801,2.3475092024454534,0.03452178675558766,-2.4754717489733626,0.20984698010359745,0.29773263710491543,2.0470306901835964,-0.002373700531612882
1952-02-29,-2.1123146495120424,0.1517291825577167,2.4070654612812787,0.01952268954815218,-2.58161069769266,0.061120479641824335,0.28746599444612486,2.0758933788738205,-0.004750990780475829
1952-03-31,-2.16592371245109,1.2793165813550702,2.4070654612812787,0.009701059816740456,-2.6002028944672895,-0.03463493846370081,0.23613278115217412,2.058131724295221,-0.0023790932628468373
1952-04-30,-2.1160060396023197,-0.2236009006113732,2.4368435906991914,-0.02901358713976503,-2.545795944143441,-0.08556867149855495,0.2566660664697545,2.0470306901835964,0.00833313701217419
1952-05-31,-2.2663567037345826,1.0812700693849966,2.4616586985474527,-0.029265890558707944,-2.520872267710492,0.17928674028268593,0.24639942381096477,2.0292690356049965,0.001187298810880431
1952-06-30,-2.472851775006918,1.181890474660115,2.402102439711627,-0.029541084140683033,-2.5606810938909415,-0.004074698642788645,0.24639942381096477,1.9515617968236239,0.0071211015948392745
1952-07-31,-2.4422756762295674,0.7155228819563931,2.317731073027541,-0.04971482925015241,-2.639999991278114,0.06723252760600683,0.23613278115217412,1.8982768330878255,0.01776249144509863
1952-08-31,-2.5483220247795804,0.4487989505128264,2.3078050298882364,0.20203802427337644,-2.7243172987692765,-0.08964337014134328,0.2566660664697545,1.8960566262655003,0.0011775084908512232
1952-09-30,-2.344207298471994,0.24596099067250948,2.3524722240151053,0.11389795715273267,-2.797185117307834,-0.39932046699325485,0.2566660664697545,1.9338001422450242,-0.007062403867193103
1952-10-31,-1.9638373473507276,0.46477044341363943,2.3872133750026703,0.03205585126058489,-2.7639397439498863,-0.008149397285576662,0.2155994958345944,1.9915255196254726,0.007078316155290481
1952-11-30,-2.33207545467208,1.5188889748672558,2.273063878900672,0.06346413389567637,-2.6402977400274588,0.21188432942499225,0.23613278115217412,1.9382405558896743,0.0
1952-12-31,-2.547069878960008,1.038147038552803,2.134099274950412,0.017766478347557783,-2.5844135065629317,0.2567060144956636,0.2258661384933838,1.8671939375752762,0.0023541346223975965
1953-01-31,-2.354939549110722,0.5158792206962391,2.1241732318111075,0.008841501787111678,-2.6368389383446833,0.2750421583882111,0.1745329251994331,1.8649737307529515,-0.00823330160057233
1953-02-28,-1.789079593497894,0.5270592657268073,2.1539513612290206,0.017633377300510702,-2.7379108154189917,-0.27707950770960554,0.14373299722306274,1.8982768330878255,-0.00589638260808871
1953-03-31,-2.1323156586028933,0.3417899480773842,2.1440253180897164,0.026286137164201216,-2.5975853181819946,-0.010186746606970826,0.1334663545642724,1.8960566262655003,0.004725976161849744
1953-04-30,-1.8612028244055536,0.11818904746601039,2.287952943609628,0.013042091822393746,-2.490401090153257,-0.014261445249758845,0.10266642658790205,2.027048828782672,0.007078316155290481
1953-05-31,-2.234876970247352,0.6532340596432253,2.2780269004703237,0.017301468778415357,-2.3628055478067687,-0.09575541810552547,0.12319971190548239,2.0403700697166216,0.001177067311198327
1953-06-30,-1.9415942315091286,0.26832108073364674,2.3921763965723226,-0.012917035310240943,-2.4780122059644243,-0.17724939096129178,0.14373299722306274,2.146939997188219,0.008236385234130708
1953-07-31,-2.220781144955966,0.9534981261784974,2.3524722240151053,0.03889502123994558,-2.428724391812749,-0.008149397285576662,0.2669327091285451,2.1269581357872944,0.002347099479708038
1953-08-31,-2.1501560933275816,-0.15172918255771764,2.3375831593061496,-0.017066452920413366,-2.521649605860917,-0.08760602081994912,0.29773263710491543,2.1291783426096194,0.007036041777356991
1953-09-30,-1.9307277524316604,0.6021252823606257,2.4765477632564084,-0.06437670237907271,-2.499755333675466,-0.31782649413748854,0.27719935178733485,2.253509924659816,0.00468021251931434
1953-10-31,-2.2175308891358716,1.3048709699963696,2.412028482850931,-0.0262861371642009,-2.496947127961957,-0.10797951403389046,0.3490658503988659,2.169142065411468,0.007009875761077839
1953-11-30,-2.321743143222063,1.022175545651991,2.367361288724062,-0.07511950419563637,-2.4961071698762436,-0.2037349321394162,0.32853256508128614,2.10697627438637,-0.011657115597735569
1953-12-31,-2.3696082185633554,0.5749737444292445,2.3475092024454534,-0.07695970942023278,-2.5404501194593316,-0.41969396020719646,0.2977326371049158,2.064792344762196,0.002340106259656699
1954-01-31,-2.292634121004411,1.3895198823706754,2.287952943609628,-0.02319652201328769,-2.65386925216572,0.8536493656641522,0.33879920774007616,2.020388208315697,0.008184275614115255
1954-02-28,-2.457946257604134,0.8369062280025674,2.238322727913107,0.009354583806813385,-2.673278052691877,0.097792767426919,0.3490658503988659,1.9848648991584983,0.0058307213318290335
1954-03-31,-2.434744026229454,1.1531417874386525,2.193655533786238,-0.018653623530146775,-2.708476791977959,-0.13242770589062045,0.33879920774007616,1.9515617968236239,-0.006983903638954285
1954-04-30,-2.0889131263379266,1.252165043423689,2.0795060376842387,-0.018747603835933848,-2.7253097280134444,-0.44821685070671513,0.30799927976370584,1.8871757989762006,-0.008166041060203383
1954-05-31,-2.3065685761928285,1.0637014271941032,1.9653565415822403,0.018860152695703833,-2.6726624577149702,0.35857348056537125,0.27719935178733546,1.827230214773427,0.008187322626629781
1954-06-30,-1.9940380518624001,0.7410772705976932,1.9355784121643274,0.00938252173370506,-2.633542180870336,0.2322578226389339,0.27719935178733546,1.829450421595752,0.001166577294314679
1954-07-31,-2.1874377229176907,1.3671597923095375,1.8462440239105893,0.004677291903406535,-2.5196512851742936,0.08353132217716015,0.29773263710491543,1.7539633896367042,-0.009329154130927584
1954-08-31,-1.8953277466179397,0.1964493626799918,1.8115028729230243,-0.004670338571388371,-2.545112829163291,0.26078071313845197,0.30799927976370584,1.7184400804795052,-0.0011696175180893854
1954-09-30,-2.120002315169873,1.5907606929209115,1.766835678796155,0.004677291903406535,-2.438836560741165,-0.23633252128172225,0.2669327091285451,1.676256150855331,-0.004680212519314655
1954-10-31,-2.2611487879133136,0.30345836511543495,1.7519466140871989,0.03734534671768464,-2.4713892911514668,-0.08760602081994912,0.27719935178733485,1.6673753235660314,-0.010546189437638165
1954-11-30,-1.8850380116828669,2.068308330655201,1.7023163983906777,0.050735883192507936,-2.4904383163595267,-0.2750421583882117,0.24639942381096477,1.6274116007641826,0.0070544745215338775
1954-12-31,-1.6905602472364831,1.445420107523519,1.632834096415548,0.04086218247026299,-2.487779157654194,-0.19151083621105125,0.23613278115217476,1.5785670506730338,-0.0011731115211313073
1955-01-31,-1.550164632929429,0.6660112539638754,1.603055966997635,0.07170744071257479,-2.376799174147642,0.19966023349662726,0.2053328531758041,1.5874478779623338,0.0
1955-02-28,-2.126809514494445,1.0525213821635344,1.5434997081618096,0.0394373539599291,-2.1930607477441773,0.18539878824686845,0.2258661384933844,1.5674660165614092,0.0058677486992708815
1955-03-31,-1.5565104834583552,0.5446279079177012,1.56831481601007,0.0735513602952151,-2.2555413461715883,0.09371806878413098,0.14373299722306274,1.6207509802972073,-0.0035140857422704857
1955-04-30,-2.1733848108708504,1.0668957257742655,1.5037955356045927,0.038057417712983634,-2.220899093621097,0.09983011674831317,0.1642662825406437,1.6118701530079078,0.0
1955-05-31,-2.116421801926266,0.718717180536556,1.518684600313549,0.050125516353495526,-2.3819568246480847,-0.15076384978316792,0.14373299722306274,1.6695955303883563,-0.0023453472591188924
1955-06-30,-1.6485506175865317,1.6163150815622116,1.4094981257812025,0.004129368088198682,-2.379272345749603,-0.3239385421016714,0.14373299722306274,1.6163105666525577,-0.007041298439125371
1955-07-31,-1.6227663576131401,0.8736406616744355,1.2953486296792038,0.024636767810039966,-2.403058121131698,-0.4543288986708973,0.14373299722306274,1.5319427074042102,0.005880929714694252
1955-08-31,-1.9022472715757728,0.603722431650707,1.3251267590971163,-0.0040767035886467564,-2.2607627303819915,0.3524614326011894,0.13346635456427303,1.5807872574953585,-0.004695953144379335
1955-09-30,-1.1594523146624685,0.5126849221160762,1.2606074786916388,0.02039482836343173,-2.2054139706291207,0.3565361312439777,0.14373299722306274,1.5430437415158345,0.015284694796657415
1955-10-31,-1.5239556955763824,0.14214628681722954,1.3648309316543334,0.05269357842846612,-2.0790171277375804,-0.14872650046177377,0.1745329251994331,1.6651551167437066,-0.003510159389485834
1955-11-30,-1.667157482324511,1.6929782474861106,1.2506814355523344,0.007977537075766171,-2.0534816563388825,0.5806445565973346,0.16426628254064307,1.5785670506730338,0.007028171484540971
1955-12-31,-2.0253518703255593,0.8081575407811049,1.2407553924130306,0.011935996193342784,-1.9927278017870491,-0.1935481855324454,0.15399963988185336,1.5918882916069834,-0.0011687472669601445
1956-01-31,-1.8862828258834716,0.086246061664386,1.3251267590971163,0.01980329684269479,-2.2165007518109525,0.04889638371345934,0.17453292519943372,1.651833875809757,-0.004676728922351978
1956-02-29,-1.9166567945042459,1.1723075789196273,1.3499418669453769,-0.027556802765040467,-2.310136336091191,0.4339554054569557,0.18479956785822343,1.651833875809757,0.0035127759823962382
1956-03-31,-1.9464105016482793,1.630689425172942,1.255644457121987,0.0,-2.374614019155296,-0.6539891321675249,0.18479956785822343,1.5452639483381594,0.0035088525542703555
1956-04-30,-2.0529868514277614,0.6149024766812758,1.2606074786916388,0.02382702610681314,-2.3542133354590074,-0.4665529945992623,0.12319971190548239,1.5119608460032856,0.004673250507384807
1956-05-31,-1.6943121463830053,-0.2603353342832418,1.344978845375725,-0.02759139553055433,-2.397294373361076,0.2322578226389339,0.13346635456427303,1.5519245688051346,0.011665772943148047
1956-06-30,-1.9108654536088705,1.1259902495072711,1.3797199963632898,-0.02783586720677952,-2.3398342239630137,0.002037349321393851,0.18479956785822343,1.5474841551604848,0.01394713719684643
1956-07-31,-2.276098642989147,1.3432025529583194,1.2953486296792038,-0.09629682929473211,-2.3306483776295686,-0.39320841902907305,0.2053328531758041,1.4364738140442377,0.01619974112348285
1956-08-31,-1.7354159814590417,0.06228882231316779,1.3201637375274644,0.1283146702977942,-2.3883067786026198,0.26078071313845197,0.18479956785822343,1.4253727799326128,0.0023023764408861137
1956-09-30,-1.720811969888532,-0.25075243854275464,1.3995720826418985,0.07158639600468202,-2.3989291728192526,-0.44210480274253267,0.19506621051701406,1.460896089089812,0.004601380671680141
1956-10-31,-1.762419797525502,0.6532340596432253,1.3896460395025938,0.02721571209489769,-2.349813974137978,-0.059083130320430485,0.2669327091285451,1.4742173300237618,0.018378604189190604
1956-11-30,-1.7164787883265697,0.6276796710019252,1.3747569747936377,-0.026981966503698745,-2.2170648234281733,-0.46044094663507984,0.23613278115217476,1.4830981573130613,0.0
1956-12-31,-1.9742893009217304,1.0748814722246716,1.31023769438816,0.04665137471739603,-2.212170916802733,-0.15076384978316792,0.30799927976370584,1.4497950549781868,0.013703784748483029
1957-01-31,-2.002452675270272,-0.0015971492900819261,1.344978845375725,-0.011485064606199356,-2.27767663251597,0.5765698579545463,0.4106657063516075,1.485318364135386,0.004548089256011054
1957-02-28,-1.9489132023302318,0.24116954280226624,1.429350212059811,0.030763051910279775,-2.3397079210232623,-0.1935481855324454,0.4927988476219286,1.558585189272109,0.014759922116612374
1957-03-31,-2.408236900460886,0.910375095346304,1.3995720826418985,-0.003809862335519742,-2.399775551464355,0.05704578099903601,0.4619989196455579,1.534162914226535,0.006780415799114146
1957-04-30,-2.543162551749381,1.2505678941336082,1.3549048885150288,-0.041945190272576593,-2.511919891843773,-0.2811542063523939,0.4619989196455589,1.4986396050693358,0.007893448878366153
1957-05-31,-2.2749828178922225,1.1211988016370278,1.2854225865398994,-0.01159832046190308,-2.651654625942503,-0.12020360996225546,0.47226556230434763,1.4409142276888873,0.007873665798470342
1957-06-30,-2.348373484348539,0.4519932490929894,1.255644457121987,0.007760865671319505,-2.7359202423298346,-0.3280132407444597,0.4106657063516072,1.416491952643313,0.012341971139102983
1957-07-31,-2.2596398037342333,0.6755941497043626,1.2308293492737257,0.019354351956202675,-2.7204498414798075,-0.046859034392065804,0.43119899166918785,1.3920696775977384,0.008940854225798234
1957-08-31,-1.6199177476529767,-0.24596099067251076,1.344978845375725,0.0,-2.6471795397371896,-0.09371806878413129,0.4106657063516082,1.491978984602361,0.010029916240620296
1957-09-30,-1.7683191425179123,-0.3849129789095783,1.4343132336294628,-0.02691588270346153,-2.47789218733429,-0.9881144208761674,0.5030654902807187,1.571906430206059,0.004443553965473181
1957-10-31,-1.286276708688318,-0.11978619675609326,1.5782408591493746,-0.04655055487863717,-2.3279897299456684,-0.8740228588780943,0.5851986315510409,1.6695955303883563,0.0
1957-11-30,-1.432557658612176,0.9375266332776854,1.6377971179852,-0.07479285256313802,-2.0764451601415823,-0.19151083621105125,0.7083983434565221,1.6917975986116058,0.009983874958441778
1957-12-31,-1.857252376369145,-0.054303075862762555,1.6526861826941566,-0.0605075472889748,-2.0280260108682064,-0.4054325149574373,0.9239978392911162,1.676256150855331,0.006634831369777751
1958-01-31,-2.094995700613209,1.3144538657368576,1.603055966997635,-0.057566449940666065,-2.05100887529388,0.9555168317338598,0.9342644819499062,1.5985489120739582,0.01875907099087729
1958-02-28,-2.111059896273224,0.3274156044666532,1.5881669022886786,-0.06700714110136187,-2.2600047494455957,0.1976228841752334,0.7699981994092637,1.5519245688051346,0.00658154885528586
1958-03-31,-2.258990181917602,1.0924501144155656,1.5335736650225056,-0.0385239054755144,-2.4353489291789643,0.07334457557018934,0.7494649140916827,1.4764375368460865,0.018608736972482807
1958-04-30,-2.1023647452282876,1.0637014271941032,1.508758557174245,-0.05200826707741859,-2.5391693472583627,-0.2465192678886934,0.7699981994092631,1.4298131935772627,0.007617301203716027
1958-05-31,-2.337481963023453,0.9391237825677664,1.429350212059811,0.030842022378775015,-2.5410737169298674,0.081493972855766,0.7494649140916834,1.3432251275065898,0.0
1958-06-30,-2.1600883707148317,1.038147038552803,1.3697939532239856,0.08291179471025567,-2.5995875866920564,0.23633252128172225,0.6775984154801517,1.2743987160145167,-0.0032566613547923423
1958-07-31,-2.1744148111351134,1.2713308349046644,1.3152007159578119,0.04675398467316454,-2.5740285597693515,0.409507213600225,0.5543987035746699,1.2277743727456927,-0.0021733605351709263
1958-08-31,-2.2291758979427323,0.8752378109645176,1.2506814355523344,0.06283185307179587,-2.592648335806816,0.18947348688965676,0.513332132939509,1.1678287885429193,0.00543716277879852
1958-09-30,-2.3166558164762896,1.3144538657368576,1.2010512198558134,0.028760855134889282,-2.564658983542934,0.360610829886766,0.4722655623043486,1.1256448589187456,-0.0032566613547923423
1958-10-31,-2.0163748454915305,0.9742610669495543,1.1414949610199878,0.03661251182290757,-2.605120442365279,0.11409156199807233,0.5030654902807187,1.0768003088275968,0.0
1958-11-30,-1.8174373057924271,1.0509242328734532,1.096827766893119,0.09251903216800864,-2.5642784427332788,-0.018336143892547487,0.4722655623043486,1.0412769996703974,0.004346721070341853
1958-12-31,-2.1004482998017893,1.3927141809508383,1.0720126590448584,0.0039093876726803605,-2.457873538375052,0.22614577467475142,0.4619989196455579,1.0190749314471483,0.002170357619060278
1959-01-31,-2.2065961238060745,0.6835798961547688,1.0174194217786847,0.0468398316983811,-2.401999397422819,0.06519517828461267,0.4414656343279779,1.0035334836908738,0.00433771854137376
1959-02-28,-1.903527551779287,0.721911479116718,1.0471975511965976,0.0615118020762965,-2.451157958975801,-0.04482168507067164,0.4414656343279779,1.0501578269596976,-0.0010829343859322257
1959-03-31,-2.284871197765403,0.6149024766812758,1.0124564002090328,0.04526543981289269,-2.4734061148811475,-0.07741927421297798,0.4106657063516072,1.0501578269596976,-0.0032499234347480948
1959-04-30,-2.2773826527912946,1.1547389367287335,0.992604313930424,0.06691300722610705,-2.5210662108580673,-0.14872650046177377,0.3182659224224958,1.067919481538297,0.00108442963534344
1959-05-31,-2.274250985667268,0.8464891237430551,0.9777152492214679,0.047334022535468936,-2.5393594531970645,-0.31375179549470056,0.27719935178733485,1.085681136116897,0.006504332616127934
1959-06-30,-2.0104454289865603,0.5302535643069701,0.9975673355000761,0.0035880592703016086,-2.635164879936864,0.028522890499518005,0.2669327091285451,1.134525686208045,0.0075727095644378024
1959-07-31,-2.297421035748682,1.0764786215147526,0.9429740982339029,-0.07523663878175497,-2.5642454950721922,-0.1874361375682629,0.2977326371049158,1.0879013429392217,0.004316856961305317
1959-08-31,-1.902273026515857,0.34817854523770847,0.9578631629428594,-0.10643057970905795,-2.5694239803119143,-0.26485541178124056,0.3490658503988665,1.099002377050846,0.0032331999865416305
1959-09-30,-1.7251658192070511,-0.1964493626799924,1.0223824433483368,-0.003800661218042954,-2.473294348741149,-0.18336143892547427,0.3490658503988665,1.1545075476089697,0.007536377167624898
1959-10-31,-2.185488257830093,0.7746174056893996,1.0323084864876413,-0.022817442725456747,-2.3995700241996696,0.07741927421297766,0.4003990636928172,1.1500671339643198,0.01074048770458043
1959-11-30,-2.2744759050788246,0.825726182971999,1.0323084864876413,0.019165523443347453,-2.3706434267029977,-0.5072999810271454,0.3901324210340272,1.14118630667502,0.0
1959-12-31,-2.4981258046708246,0.9614838726289037,0.9876412923607721,0.19420383771244304,-2.466831183814898,0.1283530072478315,0.3901324210340272,1.0945619634061963,0.006422335918752252
1960-01-31,-1.9977904373400752,-0.5446279079177024,1.0471975511965976,0.08248534768604693,-2.6665859187220047,0.5949060018470935,0.42093234901039717,1.1167640316294458,-0.004272822378224832
1960-02-29,-1.9022554889450383,0.7570487634985054,1.1414949610199878,-0.02795709686681502,-2.618079490084397,-0.26689276110263477,0.4722655623043486,1.1700489953652442,0.004278641680067786
1960-03-31,-1.995870079586824,0.30984696227575925,1.2010512198558134,-0.028208121513400027,-2.5218872007678854,-0.31782649413748854,0.4517322769867679,1.1878106499438439,0.0
1960-04-30,-2.006523739017842,0.29706976795510914,1.1811991335772047,-0.024904078910138096,-2.392090107636946,-0.6275035909894011,0.4414656343279779,1.1545075476089697,0.013886672729230155
1960-05-31,-2.369180832398127,1.0684928750643474,1.2010512198558134,-0.0035880592703019226,-2.39434703994174,-0.8821722561636712,0.5133321329395093,1.1478469271419949,0.003190513866204939
1960-06-30,-2.2704471365070917,0.9023893488958987,1.1414949610199878,-0.03950042748340587,-2.51501376261422,0.06723252760600683,0.5030654902807187,1.0834609292945716,0.0042497026088462245
1960-07-31,-1.9892253724216322,0.1916579148097479,1.1811991335772047,-0.010900184152428579,-2.58597224461607,0.05704578099903601,0.5030654902807187,1.1167640316294458,-0.006365942560465116
1960-08-31,-2.1588678733136275,1.0509242328734532,1.1613470472985965,-0.0036505687976661197,-2.5815018571461694,-0.4400674534211382,0.4927988476219286,1.1034427906954962,0.0063788683321614565
1960-09-30,-1.7117508445951004,-0.3865101281996593,1.2159402845647698,-0.03287975496564913,-2.527151036690377,-0.16909999367571513,0.4517322769867679,1.1456267203196702,0.0
1960-10-31,-1.869608635917926,0.45678469696323265,1.2506814355523344,-0.0036934714291392582,-2.382768103830661,-0.5949060018470947,0.5030654902807196,1.1722692021875694,0.014853865974419652
1960-11-30,-2.011025545611863,1.3192453136071007,1.1960881982861615,-0.04434633298100819,-2.3518557539806038,0.05297108235624767,0.4619989196455589,1.1300852725633954,0.003167992591855449
1960-12-31,-2.3331927967968933,1.3224396121872637,1.1514210041592923,-0.05998433984911212,-2.3136491125845478,-0.0020373493213944795,0.4414656343279779,1.099002377050846,0.0031648011956915438
1961-01-31,-2.1243264079844724,1.5604148564093672,1.0670496374752059,0.003823773800232601,-2.474247299756866,0.07741927421297766,0.47226556230434763,1.0146345178024982,0.0031616162230023366
1961-02-28,-2.2413166327746485,1.1403645931180024,1.0025303570697284,-0.0038191253708710774,-2.5400735805374337,0.10797951403388982,0.49279884762192955,0.9458081063104253,0.0
1961-03-31,-2.231588032515392,1.0317584413924783,0.9529001413732071,0.01910465422867244,-2.5995873146669832,0.14465180181898543,0.4927988476219286,0.8903029357523016,0.0
1961-04-30,-1.4140193421354348,0.6164996259713571,0.9131959688159902,0.06458298300251865,-2.573329768175527,0.2322578226389339,0.4517322769867679,0.8547796265951025,-0.0031584376544133114
1961-05-31,-2.369032786415073,0.9534981261784974,0.8983069041070341,0.048385654775591445,-2.3897663207660376,0.5541590154192105,0.43119899166918785,0.8392381788388279,0.0031616162230023366
1961-06-30,-1.910163074216413,0.07826031521397983,0.9181589903856425,0.04399775840158267,-2.4227717892166343,0.10797951403388982,0.3901324210340272,0.8458987993058029,0.0
1961-07-31,-2.1756568002610646,1.022175545651991,0.9231220119552946,0.03614271612974065,-2.339706483709239,0.1303903565692263,0.3695991357164465,0.8503392129504526,0.00842250041176862
1961-08-31,-2.375271233522384,0.9806496641098785,0.8784548178284252,0.028593286610778153,-2.5365351571261736,0.069269876927401,0.3490658503988665,0.8170361106155785,0.002099995089298108
1961-09-30,-1.8842355275246307,0.22679519919153518,0.893343882537382,-0.0035303974302873077,-2.538147348405914,-0.49711323442017513,0.3593324930576565,0.8259169379048785,0.004197184573934335
1961-10-31,-2.1812238571971925,0.9806496641098785,0.893343882537382,0.06026890787351618,-2.5314469365946852,-0.446179501385321,0.4003990636928172,0.8303573515495283,0.0
1961-11-30,-2.413735955518811,1.2809137306451515,0.8437136668408608,0.0487050573058355,-2.5328856216539406,-0.2567060144956639,0.4106657063516082,0.8014946628593039,0.0
1961-12-31,-2.43139916356999,0.5414336093375383,0.8486766884105127,0.02740838933069265,-2.542825994364258,0.07334457557018934,0.3695991357164465,0.8081552833262787,0.003143688445886721
1962-01-31,-2.0569553329553973,-0.04791447870243768,0.903269925676686,-0.02717133677200639,-2.684228562575433,0.030560239820912168,0.3490658503988665,0.8658806607067271,0.0031405458049879632
1962-02-28,-2.5622608488576084,0.8592663180637046,0.8883808609677296,0.05138913722486475,-2.652114059128888,0.014261445249758845,0.3387992077400765,0.8658806607067271,0.007320622029003955
1962-03-31,-2.532177742334427,0.4615761448334766,0.8883808609677296,0.01686237796139562,-2.69049709480207,-0.016298794571153324,0.3387992077400765,0.8836423152853269,0.0062602311263826975
1962-04-30,-1.9813376454052847,-0.4823390856045337,0.9429740982339029,0.006696471049293929,-2.716541131574978,-0.3280132407444597,0.3798657783752362,0.9302666585541507,0.004165187475757122
1962-05-31,-0.9334899898748406,-0.8113518393612689,1.0670496374752059,-0.0033473355771296742,-2.696999381141677,-0.1976228841752334,0.4106657063516072,1.0323961723810982,0.0031197543729789097
1962-06-30,-1.1606177910206745,-0.7826031521398067,1.2854225865398994,-0.006689354968447819,-2.2760788971850445,-0.7354831050232916,0.4311989916691869,1.2055723045224433,-0.0031166593785606996
1962-07-31,-1.6991247193814214,1.573192050730018,1.2506814355523344,0.030197538858116626,-1.9216289908040591,0.5582337140619988,0.4003990636928172,1.1811500294768693,0.0010399181243257796
1962-08-31,-2.063811735643961,0.910375095346304,1.2060142414254655,0.0033260852877079554,-1.8486971841317743,-0.18539878824686845,0.4003990636928172,1.1522873407866447,0.006237444050807508
1962-09-30,-1.8865230148724024,-0.2635296328634044,1.2308293492737257,0.019935405597425453,-2.140804311191369,0.3320879393872474,0.4003990636928172,1.1722692021875694,0.014525197209464314
1962-10-31,-1.4136179298781357,0.5621965501085945,1.300311651248856,0.0033016167392648735,-2.3283987640545196,-0.5826819059187295,0.4003990636928172,1.2344349932126677,-0.004130956809454133
1962-11-30,-1.8599471719362093,2.3062835748773054,1.1960881982861615,0.013180341576971554,-2.2546157298432608,0.9188445439487652,0.4003990636928172,1.15894796125362,0.0
1962-12-31,-2.179339656729449,0.7314943748572061,1.136531939450336,0.0,-2.2019313572415387,0.8617987629497282,0.3695991357164465,1.1212044452740957,0.0
1963-01-31,-2.1272351596854207,1.3575768965690505,1.0769756806145103,0.022978389054495424,-2.2776034641688447,0.7680806941655979,0.3901324210340272,1.0768003088275968,0.006204593785891882
1963-02-28,-2.379519964169037,0.19006076551966689,1.0620866159055535,0.035853631608402624,-2.4620223516223385,0.1528011991045618,0.39013242103402623,1.0656992747159724,0.0041282426459785405
1963-03-31,-2.4226481063180696,1.0621042779040222,1.0720126590448584,0.019330407293036294,-2.5962946649751983,0.1283530072478315,0.3798657783752362,1.0745801020052719,0.0030921187535331443
1963-04-30,-2.472518112738618,1.2904966263856394,1.0124564002090328,0.02882424570038259,-2.6591724539451835,-0.3504240832797952,0.3490658503988665,1.0323961723810982,-0.003089078322113929
1963-05-31,-2.4972998069432,0.8512805716132991,0.992604313930424,0.0380750468687638,-2.7484033404751003,-0.13242770589062045,0.3182659224224958,1.0212951382694733,0.0030921187535331443
1963-06-30,-2.564759445154921,0.25075243854275336,1.0074933786393807,0.009410609570895066,-2.7788409850015987,0.20780963078220396,0.2977326371049148,1.036836586025748,0.010296927740379451
1963-07-31,-2.2481837003706215,0.507893474245833,1.0323084864876413,-0.012510005829728698,-2.815566576688751,-0.17724939096129178,0.2669327091285451,1.067919481538297,0.008210630914315249
1963-08-31,-2.4653412635719003,1.3799369866301883,0.992604313930424,0.006280010283393123,-2.757592215899267,0.1039048153911015,0.2258661384933844,1.0457174133150475,0.006141921121387579
1963-09-30,-2.458537287687319,0.3194298580162464,0.9529001413732071,0.03131410908300146,-2.7493332238696593,0.081493972855766,0.2155994958345944,1.027955758736448,-0.003064968442526436
1963-10-31,-2.198802058388078,0.9742610669495543,0.9677892060821638,0.021719692786473566,-2.72188241230731,-0.29541565160215333,0.19506621051701342,1.0301759655587732,0.0030679615757712823
1963-11-30,-1.4629948068035612,0.4344246069020954,0.992604313930424,0.015396089359604565,-2.7091207985252175,0.06723252760600683,0.19506621051701342,1.0434972064927224,0.003064968442526436
1963-12-31,-2.544239128745647,0.8624606166438675,0.9727522276518158,-0.006132961938362225,-2.4500861078268317,-0.10594216471249628,0.18479956785822343,1.0235153450917982,0.010206603812832006
1964-01-31,-2.722613127733835,0.9279437375371982,0.938011076664251,0.027640889223043683,-2.47223388890684,-0.1935481855324454,0.12319971190548303,1.0035334836908738,0.006104130803606953
1964-02-29,-3.141592653589793,0.8161432872315112,0.9330480550945989,0.02130845160054911,-2.6076014930083504,-0.1222409592836496,0.15399963988185275,1.0035334836908738,-0.0030461467229376173
1964-03-31,-2.9319442404988525,0.7953803464604555,0.9181589903856425,0.0,-3.0413986807104276,-0.11409156199807265,0.13346635456427303,0.9968728632238989,0.0030491031901550905
1964-04-30,-2.5748255412728818,0.5861537894598137,0.9082329472463383,0.05140528299162279,-3.141592653589793,0.5419349194908465,0.13346635456427208,0.9946526564015741,0.001015382240979101
1964-05-31,-2.569355288777687,0.7969774957505361,0.903269925676686,0.017847694982601827,-3.1034001588795315,-0.40950721360022596,0.12319971190548208,0.9968728632238989,0.0030451625075186245
1964-06-30,-2.3751764655852248,0.7730202563993177,0.9231220119552946,0.008878937830988178,-2.9555178295718902,-0.06315782896321881,0.12319971190548208,1.0190749314471483,0.0030422136735855873
1964-07-31,-2.6864857736404626,0.8480862730331354,0.8784548178284252,0.02064816225957575,-2.8116332800813217,0.20984698010359745,0.11293306924669205,0.9879920359345992,0.0010130901817444762
1964-08-31,-2.3427062245816828,0.34019279878730263,0.9131959688159902,0.02051333805435983,-2.8404894440946102,-0.3870963710648902,0.09239978392911204,1.0168547246248234,0.0030382907674947
1964-09-30,-2.7555587087546316,0.9998154555908538,0.903269925676686,0.011641223622268054,-2.7819169117684357,0.09371806878413098,0.08213314127032231,1.0101941041578486,0.0030353552208589904
1964-10-31,-2.713166705468106,0.6644141046737935,0.8883808609677296,-0.043512303849907584,-2.8802184481695545,0.06519517828461267,0.07186649861153137,0.9968728632238989,0.004043233788404207
1964-11-30,-2.653866411447506,0.5701822965590008,0.8883808609677296,0.09707592413478025,-2.8871135560205876,-0.2994903502449411,0.061599855952741346,0.9946526564015741,0.009085582867065758
1964-12-31,-2.4304700027426174,0.5749737444292445,0.9280850335249465,0.03709126089626909,-2.9675261540980093,0.01222409592836468,0.051333213293950394,1.0235153450917982,0.004026392378839238
1965-01-31,-2.7671694934094777,1.135573145247759,0.8983069041070341,0.03383695771366235,-2.8835140324979993,0.4400674534211382,0.05133321329395133,1.0035334836908738,0.0030159289474462015
1965-02-28,-2.379578865002374,0.6404568653225753,0.8983069041070341,0.019540003985907713,-2.89746988117366,-0.26485541178124056,0.05133321329395133,1.0057536905131983,0.0
1965-03-31,-2.826465276132475,0.3561642916881153,0.9082329472463383,0.041591990112260224,-2.826586216871693,0.12224095928364899,0.041066570635161635,1.0168547246248234,0.0030130364324705014
1965-04-30,-2.77691688847649,1.0668957257742655,0.8983069041070341,0.013679454825454098,-2.9289226021284245,-0.07945662353437213,0.05133321329395133,1.0146345178024982,0.007023682074457821
1965-05-31,-2.453603516556458,0.4472018012227455,0.8883808609677296,0.024524374594157745,-2.9314416048637044,-0.11816626064086097,0.051333213293950394,1.0101941041578486,0.010011448864212118
1965-06-30,-1.638796313158739,-0.3098469622757605,0.9727522276518158,0.024334411638309787,-2.9505716697129287,-0.0814939728557663,0.07186649861153137,1.0834609292945716,0.012973540183185151
1965-07-31,-2.254432096912301,0.7985746450406177,0.9826782707911198,0.02950569004543525,-2.6436443988091543,0.3646855285295544,0.08213314127032138,1.099002377050846,-0.002981581132796526
1965-08-31,-2.96110979858979,1.0062040527511786,0.9677892060821638,0.013285988799357488,-2.508619542419883,-0.446179501385321,0.07186649861153137,1.085681136116897,-0.0029844135404584722
1965-09-30,-2.5045517080548425,1.0269669935222348,0.9280850335249465,0.00794392915899376,-2.6397735280565833,-0.4400674534211382,0.07186649861153231,1.0568184474266722,0.0069702531141456045
1965-10-31,-2.7112848137010355,0.9854411119801226,0.903269925676686,0.031685751278736136,-2.8635092228585663,-0.41969396020719646,0.05133321329395133,1.0479376201373727,0.0029806381912614757
1965-11-30,-2.836772948238551,0.5653908486887568,0.903269925676686,0.013064897553444485,-2.981572893747002,-0.6539891321675249,0.030799927976371617,1.0545982406043473,0.009926043139304463
1965-12-31,-2.499800770517553,0.7314943748572061,0.9231220119552946,0.039042049937685674,-2.9494407329001584,0.4135819122430134,0.020533285317580658,1.0768003088275968,0.00989478001130644
1966-01-31,-2.806242984433026,0.6851770454448497,0.9082329472463383,0.030846424659663613,-2.948212956189631,-0.05704578099903632,0.0,1.067919481538297,0.002959113959425195
1966-02-28,-2.4561421431253696,0.37692723245917087,0.9280850335249465,0.0203674876812841,-2.9727528348101937,-0.717146961130744,0.020533285317580658,1.0879013429392217,0.019708862318630893
1966-03-31,-1.9933688783674866,0.16929782474861002,1.0025303570697284,0.04300329712714482,-2.874387062968534,-0.22614577467475175,0.08213314127032231,1.1545075476089697,0.009792994556077466
1966-04-30,-2.4330186244452405,0.9119722446363859,0.9628261845125116,0.004993077918226262,-2.7435107300827584,-0.33819998735143025,0.13346635456427303,1.1234246520964206,0.009762562627687071
1966-05-31,-1.6667409480485829,-0.333804201626979,1.0571235943359016,0.02989239651866281,-2.647058993262899,0.548046967455028,0.18479956785822343,1.2077925113447683,0.006812623474327163
1966-06-30,-2.272393335793974,0.34019279878730263,1.0819387021841622,0.014805324921524489,-2.443055384507777,0.360610829886766,0.19506621051701342,1.2277743727456927,0.002913378040422999
1966-07-31,-1.9564085647711151,0.30984696227575925,1.096827766893119,0.017193381937519268,-2.5151632006612683,0.09371806878413098,0.20533285317580344,1.2366552000349926,0.0067915838712567355
1966-08-31,-1.445876052290642,-0.6931627918952571,1.2159402845647698,0.0024441262477926697,-2.39199367324111,-0.09983011674831348,0.2053328531758044,1.3321240933949652,0.019362666586069284
1966-09-30,-1.7561520398523174,0.40088447181039005,1.2903856081095513,0.029297635747948678,-2.334915933730517,0.05093373303485351,0.28746599444612486,1.3920696775977384,0.00962202956689055
1966-10-31,-1.5506836909759947,1.1866819225303584,1.305274672818508,0.021758960052665175,-2.201504573300191,-0.4726650425634449,0.3798657783752362,1.409831332176338,0.009592649323938562
1966-11-30,-2.077487630516117,0.7937831971703739,1.2109772629951174,-0.021618225256305964,-2.096653783952362,1.6808131901501808,0.4722655623043486,1.33878471386194,0.0028690343868399307
1966-12-31,-2.173221284354808,0.590945237330057,1.2010512198558134,0.0072590041500748825,-2.2598800902882443,-0.10390481539110244,0.48253220496313864,1.33434430021729,0.0038218888729804404
1967-01-31,-2.1060110972125314,1.8718589679752091,1.1414949610199878,0.01481658969356154,-2.367662586071018,0.5582337140619988,0.4619989196455579,1.2699583023698668,-0.0019086225112939564
1967-02-28,-2.3524541030080983,0.6947599411853376,1.0918647453234667,-0.03563048907405266,-2.5111749035331865,0.1039048153911015,0.48253220496313864,1.2144531318117435,0.009548913840698616
1967-03-31,-2.2757381355760624,1.207444863301414,1.0571235943359016,-0.01770791914644476,-2.582234021539176,0.21188432942499225,0.4106657063516072,1.1722692021875694,0.0
1967-04-30,-2.0440085282051066,1.1914733704006024,1.0323084864876413,0.029629009255817032,-2.6087272771078016,-0.046859034392065804,0.4106657063516072,1.14118630667502,0.009519977738151107
1967-05-31,-2.0131019492527993,-0.12138334604617455,1.0025303570697284,-0.027407971939732247,-2.5927040586119476,0.20780963078220396,0.4106657063516072,1.107883204340146,0.0
1967-06-30,-1.9360168555950876,0.9550952754685793,1.0223824433483368,-0.0003904483286875961,-2.5050058584614274,-0.3830216724221019,0.4003990636928172,1.1145438248071207,0.01898243295220402
1967-07-31,-2.487266696406482,1.3016766714162076,1.0025303570697284,-0.007156082011414433,-2.41721226564797,-0.11816626064086097,0.3695991357164465,1.0901215497615466,0.009434212172942312
1967-08-31,-2.506552403506145,0.42803600974177053,0.9777152492214679,0.06019189289990851,-2.531762720457542,-0.024448191856729987,0.4003990636928172,1.067919481538297,0.009405966028711627
1967-09-30,-2.423881233270522,1.0668957257742655,0.9628261845125116,-0.005099567623838887,-2.659284282417864,-0.2913409529593651,0.4414656343279779,1.0479376201373727,0.00937788851817889
1967-10-31,-2.185753826031005,0.07666316592389884,0.9628261845125116,0.02558402190603152,-2.7853622441052415,-0.6458397348819486,0.39013242103402623,1.0523780337820225,0.00934997813568367
1967-11-30,-2.0457249882291495,0.6292768202920072,1.0124564002090328,0.04493389482332814,-2.707442785626679,-0.12020360996225546,0.33879920774007555,1.0945619634061963,0.018644466786882707
1967-12-31,-2.549173415672347,1.0573128300337784,0.9677892060821638,0.03382882170047611,-2.5883519401654462,-0.16909999367571513,0.4311989916691869,1.061258861071322,0.009267234966341789
1968-01-31,-2.2864385069690636,-0.07826031521398076,0.9777152492214679,-0.003375404313951883,-2.6207309858499297,0.6458397348819479,0.3593324930576565,1.0745801020052719,0.009239978392911045
1968-02-29,-2.023582405313905,-0.02874868722146242,1.0571235943359016,0.01125478524803994,-2.6467507567672057,-0.33819998735143025,0.3901324210340272,1.14118630667502,0.00921288168208121
1968-03-31,-1.815166802207966,0.6021252823606257,1.0918647453234667,0.009807386916183916,-2.641028486709798,0.1528011991045618,0.4311989916691869,1.1767096158322192,0.009185943431548367
1968-04-30,-1.7176496315694532,2.0156024040825207,0.9876412923607721,0.004544176974756363,-2.4513404055025054,-0.3117144461733064,0.4517322769867679,1.0923417565838713,0.009159162255364043
1968-05-31,-2.375526066930603,0.9343323346975232,0.9578631629428594,0.0352438504214695,-2.304349263450838,-0.5602710633833936,0.4517322769867688,1.0745801020052719,0.009132536783691114
1968-06-30,-2.082815781991159,0.6803855975746065,0.9280850335249465,0.011541130673336824,-2.395301465570717,0.6010180498112766,0.48253220496313864,1.0501578269596976,0.018212131325158337
1968-07-31,-2.087464273442241,0.13575768965690435,0.9330480550945989,-0.004818017017798478,-2.4644695363766993,-0.43191805613556183,0.43119899166918785,1.0590386542489973,0.018107162268528387
1968-08-31,-2.4795690541418756,0.7842003014298867,0.9727522276518158,0.008768860417148229,-2.5600401055410806,-0.016298794571153324,0.49279884762192955,1.0945619634061963,0.009001698147821497
1968-09-30,-2.553726291831606,1.2138334604617398,0.9330480550945989,0.011898883024213066,-2.58692775783897,-0.19151083621105125,0.5133321329395093,1.061258861071322,0.008975979010256372
1968-10-31,-2.551332050240984,0.637262566742413,0.903269925676686,0.006234505613350494,-2.708624360285614,0.11205421267667814,0.4414656343279779,1.036836586025748,0.017900812840967176
1968-11-30,-2.5629070569975845,1.437434361073112,0.8883808609677296,0.04063741651424116,-2.828500921205888,0.5093373303485398,0.5133321329395086,1.025735551914123,0.008899695902520348
1968-12-31,-2.450737383574813,-0.05909452373300614,0.8784548178284252,0.009919630560107594,-2.8500378195980365,0.3259758914230649,0.4722655623043486,1.0212951382694733,0.017749111037230487
1969-01-31,-2.191253437485953,0.3705386352988466,0.9479371198035552,0.019007257406805592,-2.8234225711322773,0.3524614326011894,0.4209323490103979,1.0790205156499217,0.008824698465140045
1969-02-28,-2.1916078728882935,-0.3625528888484411,0.9578631629428594,0.02010203439517186,-2.7303680674202337,0.3259758914230649,0.32853256508128553,1.0879013429392217,0.008799979421819294
1969-03-31,-2.2389080436936277,0.9918297091404477,0.9975673355000761,0.02463269907210654,-2.634413850529594,-0.10186746606970828,0.3490658503988665,1.1212044452740957,0.02632619542114344
1969-04-30,-2.2312426714672,0.8033660929108617,0.9727522276518158,-0.011555577863786776,-2.579671154362566,-0.3565361312439777,0.3387992077400765,1.0967821702285212,0.01740494544925046
1969-05-31,-2.3432299965387227,0.5542108036581883,0.9280850335249465,-0.011874969057474361,-2.590005504113245,0.1324277058906198,0.42093234901039717,1.0590386542489973,0.008654525216501063
1969-06-30,-2.085189235669332,-0.5765708937193268,1.0174194217786847,0.030694679189907106,-2.629188951750152,-0.18336143892547427,0.4106657063516072,1.1278650657410703,0.01726149809664692
1969-07-31,-1.5846014881615726,-0.5478222064978644,1.0918647453234667,0.01657834669689918,-2.589463661535153,-0.4889638371345982,0.4517322769867679,1.1922510635884935,0.01716717297043527
1969-08-31,-2.0048908352072115,1.31764816431702,1.1067538100324228,0.007219480266310758,-2.422353279910765,0.507299981027145,0.5851986315510409,1.2055723045224433,0.008536936558667834
1969-09-30,-2.007954350057603,0.09423180811479218,1.101790788462771,-0.0007066417372749329,-2.3349168656701,-0.03259758914230634,0.6057319168686216,1.2033520977001186,0.01702760245848125
1969-10-31,-2.09485748351553,1.3783398373401066,1.086901723753814,0.0009236600301234121,-2.31495718549119,-0.25874336381705804,0.5851986315510409,1.1811500294768693,0.016935809453313543
1969-11-30,-2.2637049608973454,-0.03513728438178761,1.0769756806145103,-0.02961266915037935,-2.446821774866455,0.05093373303485351,0.5954652742098309,1.1633883748982696,0.016845000823537556
1969-12-31,-1.912969366405883,0.1501320332676354,1.171273090437901,-0.008430106457500112,-2.513706669349613,-0.7436325023088681,0.6262652021862016,1.2277743727456927,0.016755160819145774
1970-01-31,-1.9107381582869964,-0.7235086284068006,1.1861621551468569,-0.05817794275837772,-2.4891598615117903,-0.21392167874638676,0.6467984875037808,1.2277743727456927,0.01666627402434838
1970-02-28,-1.9422098014566764,1.3895198823706754,1.2506814355523344,-0.00207025864691493,-2.441578217320682,0.4135819122430134,0.5441320609158793,1.2677380955475417,0.01657832534875891
1970-03-31,-1.9841199095241433,0.40088447181039005,1.2258663277040738,-0.00407695566484163,-2.3584947698515917,-0.03259758914230634,0.4825322049631395,1.2299945795680178,0.016491300018843753
1970-04-30,-1.748053846799537,-1.1866819225303595,1.2804595649702475,-0.008081534069134408,-2.3768820837441167,-1.085907188303087,0.564665346233459,1.2655178887252165,0.016405183569659473
1970-05-31,-1.0317136200941646,-0.5350450121772143,1.523647621883201,-0.003660211323477673,-2.3348398537116988,-0.8047529819506929,0.564665346233461,1.4431344345112123,0.00815998091841537
1970-06-30,-1.5250853957997872,-0.3545671423980346,1.5385366865921575,-0.010160605693765588,-2.0995418735285774,-0.18132408960408009,0.4619989196455579,1.4409142276888873,0.016277682142951458
1970-07-31,-1.6348053266761056,1.6770067545852982,1.5335736650225056,0.007712023583397601,-1.9809143645674174,0.6478770842033421,0.6570651301625723,1.4231525731102879,0.008096888282447713
1970-08-31,-1.6960430942093678,1.2873023278054758,1.478980427756332,-0.005601071485418066,-1.9516477420496883,0.14872650046177377,1.0163976232202263,1.3632069889075145,0.00807607365961418
1970-09-30,-1.9430376612234268,1.2377906998129582,1.3648309316543334,-0.021651068980638368,-2.123329278595514,-0.04482168507067164,1.0061309805614382,1.261077475080567,0.016110731556870643
1970-10-31,-1.9454992568346854,0.20603225842047893,1.3152007159578119,-0.06284799596841904,-2.231339971973686,1.2224095928364953,1.0061309805614382,1.2100127181670934,0.01602853394688629
1970-11-30,-2.0061067898031317,1.3048709699963696,1.31023769438816,-0.01902908824826707,-2.311632076122954,-0.26689276110263477,1.0369309085378078,1.1922510635884935,0.01594717083040537
1970-12-31,-2.246327990283697,1.4837516904854684,1.1811991335772047,0.0721521618837104,-2.3917613098251205,0.32190119278027657,1.1909305484196602,1.085681136116897,0.015866629563584343
1971-01-31,-2.238938509184647,1.3432025529583194,1.1117168316020754,0.024166097335305812,-2.4701401139296735,0.2220710760319631,1.0882641218317586,1.0457174133150475,0.007893448878366153
1971-02-28,-2.314883963109914,0.7953803464604555,1.0422345296269453,-0.005987032355635474,-2.5459731210281418,0.1976228841752334,1.016397623220228,1.0057536905131983,0.0
1971-03-31,-2.283514675858172,1.229804953362552,0.9975673355000761,-0.0034061207132161982,-2.6257698809629453,-0.1405771031761971,0.9547977672674874,0.9835516222899491,0.007873665798470342
1971-04-30,-2.477903985391964,1.0732843229345903,0.9479371198035552,0.017645386379278344,-2.6353799728935727,0.026485541178123836,0.9034645539735349,0.9524687267773999,0.007853981633974168
1971-05-31,-2.236042384552906,-0.06548312089333133,0.9628261845125116,0.01594331295845102,-2.6971354146362687,-0.052971082356247985,0.7905314847268429,0.9746707950006497,0.01566879128972426
1971-06-30,-2.039436378870384,0.5542108036581883,0.992604313930424,0.013170536790354914,-2.676760519531105,-0.36264817920816017,0.8110647700444245,1.0035334836908738,0.015591030538907025
1971-07-31,-2.1700102014227634,-0.14853488397755535,1.0025303570697284,-0.009118825638484708,-2.6136837802065975,0.11816626064086065,0.8213314127032144,1.0212951382694733,0.007757018897752464
1971-08-31,-1.5694866014987645,1.1755018774997896,1.0273454649179894,-0.01823265001726779,-2.5341153130764247,0.973852975626408,0.8726646259971651,1.0523780337820225,0.0077379129398762805
1971-09-30,-2.2539016874444164,0.4344246069020954,0.992604313930424,0.05106061569408132,-2.361858435296534,-0.10186746606970828,0.8521313406795842,1.0323961723810982,0.007718900868770497
1971-10-31,-2.1458495194314287,-0.13575768965690496,1.0223824433483368,0.02351619387158319,-2.417282340371352,-0.41561926156440854,0.7905314847268444,1.0790205156499217,0.007699981994092432
1971-11-30,-1.6875101818546883,0.49671342921526385,1.096827766893119,0.013329831625190244,-2.4110385364007514,-0.3280132407444597,0.8213314127032153,1.1633883748982696,0.007681155632248805
1971-12-31,-1.9036552386427525,1.9612993282197582,0.9876412923607721,0.03626469577693948,-2.4415391696161177,0.5826819059187295,0.8315980553620052,1.0967821702285212,0.007662421106316561
1972-01-31,-2.286342523578234,0.9678724697892285,0.9231220119552946,0.07529722812883471,-2.3510255753185367,-0.27911685703099975,0.739198271432893,1.0523780337820225,0.007643777745960881
1972-02-29,-2.5274243145595867,1.028564142812316,0.8983069041070341,0.031563043078880394,-2.387332943523127,-0.18132408960408009,0.6570651301625723,1.0390567928480727,0.015250449774707624
1972-03-31,-2.234564392906861,0.6708027018341187,0.863565753119469,0.022255372929468706,-2.604390524870671,0.13650240453340814,0.698131700797732,1.0168547246248234,0.0
1972-04-30,-2.3849101475255114,0.6164996259713571,0.8486766884105127,0.03113714850253467,-2.689906815016922,-0.1344650552120143,0.6365318448449916,1.0168547246248234,0.007588388052149046
1972-05-31,-2.080957259631005,0.7698259578191554,0.863565753119469,0.0002517797001853559,-2.715379478495353,-0.3504240832797952,0.6262652021862016,1.0390567928480727,0.007570102779734544
1972-06-30,-2.4128811954287053,0.1820750190692607,0.8586027315498169,0.008178369965050636,-2.5999997565444097,-0.5154493783127223,0.6673317728213604,1.0479376201373727,0.007551905417283301
1972-07-31,-2.1969133077429475,0.44241035335250156,0.8734917962587733,-0.0029600050918615786,-2.6460818646574995,-0.6336156389535835,0.718664986115313,1.067919481538297,0.007533795332348737
1972-08-31,-2.197077310948034,1.0908529651254846,0.8238615805622521,0.04339849673351007,-2.5974981609724916,-0.018336143892547487,0.6981317007977315,1.036836586025748,0.007515771898540315
1972-09-30,-2.295492319214418,0.38810727748974,0.8486766884105127,0.0240555456157966,-2.6275068684145926,0.14057710317619646,0.56466534623346,1.0656992747159724,0.014995668990882161
1972-10-31,-2.032770319023098,0.6532340596432253,0.853639709980165,0.04049122444769149,-2.5971702607114664,-0.3504240832797952,0.5441320609158802,1.0834609292945716,0.007462215329191863
1972-11-30,-2.2867273605066702,1.3048709699963696,0.7990464727139918,0.037039062789332486,-2.5547510672018303,0.507299981027145,0.56466534623346,1.0412769996703974,0.014889064708956066
1972-12-31,-2.2583558235506502,0.6692055525440377,0.7791943864353831,0.03529797645232156,-2.5779191770920846,0.6315782896321884,0.5441320609158793,1.0323961723810982,0.007409416635825185
1973-01-31,-2.2584039910298714,0.04472018012227445,0.7742313648657309,0.022906022599624463,-2.5683220556547517,-0.4400674534211382,0.4414656343279779,1.0479376201373727,0.014783965428658239
1973-02-28,-1.858030020969543,-0.20443510913039825,0.8238615805622521,0.04571612456209764,-2.626632181903767,-0.6091674470968537,0.4414656343279779,1.1167640316294458,0.0220720795334175
1973-03-31,-1.7662818083308618,0.36255288884843984,0.8486766884105127,0.0011544926226850366,-2.5158446572905233,-0.07334457557018964,0.4311989916691869,1.1633883748982696,0.029224117707811876
1973-04-30,-1.775881288358885,-0.3369985002071413,0.8834178393980777,-0.00464442208536746,-2.3886788061295112,-0.2994903502449411,0.5235987755982993,1.2166733386340682,0.02171607825062049
1973-05-31,-1.4638563614299955,0.10062040527511706,0.9330480550945989,0.02076875211736998,-2.2639812844319653,-0.3870963710648902,0.4619989196455589,1.2877199569484665,0.014377998414598277
1973-06-30,-1.6197539894869117,0.3194298580162464,0.9727522276518158,0.0038016179381164367,-2.162115655745581,-0.13853975385480294,0.4517322769867688,1.3521059547958898,0.02146874250744743
1973-07-31,-1.6884749109710768,1.3767426880500253,0.9677892060821638,0.011551901118773824,-2.1242487206388065,1.76841921097013,0.48253220496313864,1.3698676093744893,0.0
1973-08-31,-1.9224289912734285,-0.03992873225203151,1.0025303570697284,-0.004291707582062419,-2.1016604391331137,0.18743613756826197,0.5441320609158793,1.4320334003995874,0.05686140549483752
1973-09-30,-1.999078298500214,1.328828209347589,0.9876412923607721,0.02516455447196444,-2.220168584228191,0.1752120416398976,0.698131700797733,1.4364738140442377,0.013962634015954498
1973-10-31,-1.8318035281369125,0.43761890548225835,0.9429740982339029,0.025123771419417944,-2.318196720503979,0.20984698010359745,0.5030654902807196,1.407611125354013,0.02780170489902474
1973-11-30,-1.2990929865972045,-1.4661830482945757,1.0769756806145103,0.014171916975947878,-2.355236891360152,-1.1123927294812106,0.4414656343279779,1.5630256029167588,0.020668372720985317
1973-12-31,-1.2174798066967618,0.6676084032539564,1.220903306134422,-0.008783494035897696,-2.1941492274270105,-0.0814939728557663,0.49279884762192955,1.7317613214134546,0.02737771375677327
1974-01-31,-1.4146405318617228,0.5430307586276196,1.2060142414254655,-0.020728214907140042,-1.9921620580131676,1.7195228272566696,0.3387992077400765,1.7206602873018302,0.03392648653984636
1974-02-28,-1.680632817902542,0.49511627992518287,1.2655705002612907,-0.009073625214904736,-1.884355334119166,-0.01222409592836468,0.3695991357164465,1.789486698793903,0.03356402407681377
1974-03-31,-1.7277686534331418,0.12138334604617329,1.2010512198558134,-0.0005190061478628141,-1.9829560240541966,0.6784373240242546,0.2977326371049148,1.7251007009464798,0.0332092246679676
1974-04-30,-1.717605242998053,-0.2747096778939728,1.305274672818508,-0.009530527363519831,-2.11482910315637,-0.4441421520639268,0.30799927976370484,1.8583131102859762,0.01971710870453888
1974-05-31,-1.6330401873712947,-0.17728357119901778,1.3747569747936377,0.025374055087774385,-2.193123758374434,-0.7151096118093498,0.36959913571644815,1.9537820036459486,0.032656888290953895
1974-06-30,-1.5936001611546586,0.11818904746601039,1.384683017932942,-0.005722817486618055,-2.180824475780139,-0.35449878192258355,0.4927988476219276,1.9804244855138482,0.02585672965917488
1974-07-31,-1.2534670074460166,-0.7155228819563944,1.6576492042638085,0.0058091529103124736,-2.146151540425155,0.01222409592836468,0.4517322769867679,2.3023544747509646,0.019234240736263293
1974-08-31,-1.2653326218950056,-0.9231522896669553,1.7717987003658073,-0.032951890957893,-2.0262050853090843,0.25466866517426945,0.4619989196455579,2.444447711379761,0.0382343933499768
1974-09-30,-1.044623913492038,-1.3096624178666143,2.064616972975282,0.00044540768795989645,-1.9311790443155354,0.5032252823843567,0.6365318448449907,2.788579768840127,0.04407043802630988
1974-10-31,-0.9431415258052974,3.141592653589793,2.014986757278761,-0.00982541409129775,-1.789308045965797,1.6156180118655679,0.9137311966323267,2.708652323236429,0.02483472453430651
1974-11-30,-1.397452834656678,-0.15013203326763697,1.9355784121643274,-0.10359522238425783,-1.709111159340587,-0.2220710760319634,1.4270633295718336,2.593201568475532,0.03079992797637036
1974-12-31,-1.3659017163971627,0.019165791480974317,2.1142471886718037,-0.11296746264821204,-1.743254761302393,-0.23836987060311676,1.4578632575482051,2.761937286972228,0.024400719639531946
1975-01-31,-1.350358140765152,2.7518882268099705,1.9256523690250231,-0.04347307958286584,-1.8262820376915387,2.807467364881151,1.7042626813591697,2.495512468293235,0.02421266014327415
1975-02-28,-1.6166439455620272,1.4581973018441683,1.7072794199603296,-0.07174322922562532,-1.9315183351724092,0.766043344844203,1.7555958946531212,2.2024451677463426,0.018020607955582253
1975-03-31,-1.5979736724016567,0.9950240077206098,1.6229080532762434,-0.034172999133075685,-1.9881635213092077,0.552121666097817,1.5297297561597365,2.060351931117546,0.011945219215170024
1975-04-30,-1.5939781653380534,1.2457764462633643,1.608018988567287,0.005820979139050862,-2.0481374823458025,-0.25466866517427034,1.3449301883015137,1.9915255196254726,0.011899972172688648
1975-05-31,-1.701366286099023,1.3991027781111636,1.483943449325984,-0.008930949015221835,-2.111095791109255,0.605092748454065,1.5091964708421548,1.8227898011287773,0.0059275333086600225
1975-06-30,-1.8319355837456195,1.341605403668239,1.444239276768767,0.019878670278345945,-2.1329904415348184,0.5093373303485398,1.5707963267948966,1.7317613214134546,0.02366548138297409
1975-07-31,-1.8648051469528186,-0.4823390856045337,1.4392762551991152,0.03233414434696849,-2.193452820516613,0.08556867149855432,1.4270633295718353,1.713999666834855,0.02936067900551157
1975-08-31,-1.5838157857808148,0.11499474888584811,1.598092945427983,0.03106888622597549,-2.2634421769328963,-0.030560239820912483,1.3551968309603037,1.8472120761743518,0.011635528346628852
1975-09-30,-1.5922275034880369,-0.1102033010156061,1.6229080532762434,0.04075912497782759,-2.233063800987377,-0.22410842535335757,1.3757301162778839,1.8538726966413266,0.023185185635348687
1975-10-31,-1.6255039982207335,1.4182685695921378,1.523647621883201,0.013435044125828579,-2.171116449342499,0.1568758977473501,1.4783965428657853,1.7828260783269283,0.01726149809664692
1975-11-30,-2.058329653412001,0.9918297091404477,1.483943449325984,0.004358900238983387,-2.109274260319915,-0.6743626253814666,1.4989298281833667,1.7650644237483286,0.022889563960580887
1975-12-31,-1.8332907433947203,0.3146384101460031,1.508758557174245,0.042438512617232055,-2.231902072394226,0.5032252823843567,1.4886631855245767,1.8116887670171526,0.017042998120740605
1976-01-31,-1.6648935295557477,2.512315833297785,1.3350528022364205,0.041924792700558836,-2.2941996356432677,0.4176566108858017,1.5297297561597365,1.6984582190785809,0.011300692998524205
1976-02-29,-1.8753990494340214,0.6212910738416003,1.2655705002612907,0.0314028237259978,-2.304379005258656,-0.6662132280958899,1.4065300442542534,1.6806965644999814,0.005630094361272025
1976-03-31,-1.8592745043576624,0.940720931857848,1.2606074786916388,0.006718488265314839,-2.2571045602793425,0.741595152987474,1.3141302603251421,1.722880494124155,0.00562002263611785
1976-04-30,-1.9618336399147622,0.33220705233689707,1.255644457121987,0.01566471534653929,-2.263819499449095,0.2730048090668169,1.2525304043724008,1.7495229759920543,0.005609986881410076
1976-05-31,-1.9915006014090835,0.3561642916881153,1.2804595649702475,0.013370561685097697,-2.3405572273309114,-0.31782649413748854,0.9855976952438563,1.8072483533725026,0.01679996071438392
1976-06-30,-1.980263548676223,1.2170277590419019,1.2804595649702475,0.0033822173543509733,-2.370561154019519,-0.03259758914230634,0.9753310525850681,1.8383312488850518,0.016710599221222578
1976-07-31,-2.2857542732980054,0.3992873225203088,1.255644457121987,0.01743690863388848,-2.40182814704506,0.18132408960408009,0.9650644099262765,1.8116887670171526,0.016622183352326975
1976-08-31,-2.0955829855320616,0.48074193631445183,1.2854225865398994,0.021675827570833237,-2.4855384056214973,-0.5765698579545473,0.8931979113147468,1.8516524898190019,0.016534698176788255
1976-09-30,-2.0194469300805284,0.9007921996058168,1.2606074786916388,0.010427836893881331,-2.5124362391962984,-0.22614577467475175,0.718664986115312,1.829450421595752,0.01644812907638686
1976-10-31,-1.857120843515381,0.18367216835934172,1.3549048885150288,-0.00099353269310617,-2.5225623338355763,0.07130722624879517,0.6673317728213604,1.9271395217780498,0.01636246173744642
1976-11-30,-1.9128894025001801,0.6276796710019252,1.4045351042115504,0.048183958026101446,-2.411791325311533,-0.05093373303485414,0.6775984154801523,1.9671032445798986,0.010851788095301075
1976-12-31,-2.2127418130514007,1.4725716454549,1.3697939532239856,0.03387044006174954,-2.364578133252352,0.5806445565973346,0.8418646980207936,1.9226991081333997,0.016221648813716745
1977-01-31,-2.123306907495774,-0.07666316592389978,1.4094981257812025,-0.021490097575285864,-2.414531001231126,-0.05093373303485414,0.8213314127032144,1.9515617968236239,0.01613831842597508
1977-02-28,-2.451562117403731,0.2603353342832405,1.483943449325984,0.04955535954906719,-2.4833210131933448,0.12020360996225546,0.7802648420680537,2.022608415138022,0.032111679593762515
1977-03-31,-2.1450507748727015,0.35137284381787137,1.518684600313549,0.039860583468451546,-2.622529287089553,0.04889638371345934,0.718664986115312,2.0448104833612715,0.01589338610585077
1977-04-30,-1.9702070882393792,0.5941395359102188,1.5782408591493746,0.030695660853924982,-2.605036007176932,-0.40950721360022596,0.728931628774104,2.1047560675640447,0.021084514453622288
1977-05-31,-2.1646026057080157,0.3385956494972213,1.6129820101369396,0.02423369767539759,-2.5654706811768584,-0.22614577467475175,0.6570651301625707,2.138059169898919,0.010471975511966186
1977-06-30,-2.2220101345452856,1.3224396121872637,1.6278710748458958,0.02401516086767923,-2.4913122224392334,-0.14261445249759128,0.6570651301625714,2.1491602040105438,0.015655777343470616
1977-07-31,-2.1932883083497727,0.30026406653527205,1.632834096415548,0.0040519336329959054,-2.5112006989181213,0.04889638371345934,0.6262652021861997,2.1513804108328687,0.015578145389700784
1977-08-31,-2.2045640505604642,0.2906811707947849,1.7122424415299815,0.0032282041261589537,-2.5688511993630683,-0.3056023982091236,0.5338654182570893,2.2313078564365667,0.015501279540739458
1977-09-30,-2.306769754796621,0.5270592657268073,1.7717987003658073,0.012513621089806847,-2.5791783676164375,0.008149397285576348,0.574931988892251,2.2912534406393403,0.01028344567459805
1977-10-31,-2.1062688076237905,-0.1293690924965804,1.8611330886195456,0.005023379151555003,-2.601082652175196,0.1976228841752334,0.5441320609158812,2.3711808862430384,0.015374841697829792
1977-11-30,-1.819601296768446,1.2090420125914956,1.8760221533285015,0.005678870248646241,-2.5785943505474758,0.2913409529593644,0.564665346233459,2.3711808862430384,0.020399952296037638
1977-12-31,-2.171411786880693,0.6133053273911941,1.920689347455371,0.0055582378503558245,-2.479109080573641,-0.1874361375682629,0.49279884762192955,2.397823368110937,0.015201254775434311
1978-01-31,-2.004140767782619,-0.3897044267798222,2.0398018651270218,-0.045858739545447204,-2.444128751051942,0.05704578099903601,0.4517322769867679,2.5021730887602094,0.02017073934889162
1978-02-28,-2.1426683508963453,0.3497756945277904,2.104321145532499,0.017543043205509336,-2.4177359753472394,0.07741927421297766,0.42093234901039633,2.5421368115620586,0.01503154379708
1978-03-31,-2.1764060955916014,1.025369844232154,2.1291362533807603,0.06010138713597769,-2.5012256448879184,-0.2159590280677806,0.4414656343279779,2.548797432029033,0.019946620022792183
1978-04-30,-1.7213933777663157,1.8287359371430159,2.0398018651270218,0.06250977273543017,-2.5025163155970795,-0.1161289113194668,0.4517322769867679,2.4599891591360357,0.024775967299603782
1978-05-31,-1.9282239939849228,0.8512805716132991,1.9306153905946752,0.015129044465782702,-2.4294463883038895,-0.14465180181898543,0.49279884762192955,2.3556394384867634,0.029498522568917784
1978-06-30,-1.952609077778933,0.30026406653527205,1.9455044553036318,0.02019229332254087,-2.3740278977316196,0.11409156199807233,0.5338654182570893,2.373401093065363,0.024353431423176614
1978-07-31,-2.0394732718276805,1.3863255837905126,1.9752825847215443,-0.0022527693514189564,-2.3161924149034263,0.02444819185672967,0.41066570635160626,2.411144609044887,0.024166097335305812
1978-08-31,-1.9671318786389098,1.1691132803394644,1.8313549592016327,0.012872419072461259,-2.398393261146956,0.01629879457115301,0.4825322049631395,2.2690513724160906,0.019185298647876492
1978-09-30,-1.9876422362023702,0.3417899480773842,1.8462440239105893,0.007399191827810203,-2.4084481596294305,0.5826819059187295,0.4209323490103979,2.2934736474616653,0.02860327150461103
1978-10-31,-1.6272382459188133,-1.3320225079277521,1.9355784121643274,0.02428632714888409,-2.417501719199702,-0.5358228715266639,0.39013242103402623,2.4289062636234866,0.028345196874493925
1978-11-30,-1.4544913358448837,1.0030097541710166,2.099358123962847,0.02414914112324778,-2.310968522309254,1.7032240326855164,0.49279884762192955,2.6509269458559808,0.018727825058657777
1978-12-31,-1.7377537779216095,0.7107314340861499,2.069579994544935,0.015665858607126205,-2.1784876983931043,-0.24040721992451092,0.47226556230434763,2.6686886004345802,0.01861684535460673
1979-01-31,-1.9644392106213617,1.2457764462633643,1.9951346710001527,-0.016940189237792478,-2.113909448963713,0.9840397222333781,0.574931988892251,2.637605704922031,0.027760759825535327
1979-02-28,-2.0520850205988146,0.0015971492900809835,2.0546909298359783,0.01606277690349621,-2.201051720984642,0.10594216471249567,0.5133321329395093,2.753056459682928,0.032103866533034126
1979-03-31,-2.06733638396614,1.4773630933251434,2.0249128004180657,0.009400627445615536,-2.3554868409456833,0.13853975385480294,0.5851986315510409,2.7708181142615276,0.0317791164380474
1979-04-30,-2.159982023485487,0.5605994008185136,2.0000976925698044,-0.03751451431037798,-2.4406603134908593,-0.24244456924590504,0.6467984875037808,2.761937286972228,0.03146087063680732
1979-05-31,-1.9980210089188013,0.2172123034510474,2.0844690592538906,0.028041410251973608,-2.491194110170163,0.07741927421297766,0.6673317728213624,2.8818284553777747,0.03559878361008296
1979-06-30,-2.2168561723177507,1.1850847732402776,2.0546909298359783,0.00023656479834814888,-2.477222439547813,0.081493972855766,0.7905314847268456,2.8729476280884754,0.03519991768728032
1979-07-31,-2.1194934568141663,0.7011485383456627,2.0546909298359783,-0.005076662241084956,-2.5158625842477,-0.03870963710648914,0.7905314847268436,2.8884890758447495,0.034809890898501235
1979-08-31,-2.2716899639477006,1.4534058539739252,1.9703195631518922,-0.02040026788691766,-2.505399192798858,0.0,0.8213314127032134,2.7996808029517517,0.030124861061820215
1979-09-30,-1.8714503419021398,0.4392160547723393,1.9653565415822403,-0.00015287079397996003,-2.5761229955728178,-0.4930385357773868,0.8007981273856335,2.810781837063377,0.029838736194204216
1979-10-31,-1.5340027820715476,-0.7235086284068006,2.0894320808235434,0.02156806112264949,-2.4868603540550405,-0.5561963647406053,0.9753310525850665,2.943994246402873,0.03378056616763215
1979-11-30,-1.7706255437543776,1.4022970766913254,2.1291362533807603,-0.00513812450206985,-2.3355529943944724,0.10594216471249567,0.9342644819499065,2.9861781760270465,0.033421198442444525
1979-12-31,-2.3031991393471545,0.8560720194835423,2.049727908266326,0.0020744334960053315,-2.2060637681610515,-0.5460096181336348,1.026664265879018,2.8796082485554497,0.03720307089777357
1980-01-31,-1.678277219584114,1.450211555393763,2.0000976925698044,0.016912802894725316,-2.3176398758535406,-0.8556867149855467,1.0369309085378078,2.824103077997326,0.044938256423260346
1980-02-29,-1.6777695463533668,0.37533008316909056,1.9256523690250231,0.001414954779546949,-2.354924473453898,-1.1612891131946705,0.8931979113147449,2.7375150119266536,0.04027682889217646
1980-03-31,-1.275589130693713,-1.4901402876457945,2.19861855535589,-0.013381622064468593,-2.330927855913282,1.56264692950932,1.201197191078449,3.061665207986094,0.043743695176566136
1980-04-30,-1.520821007341487,1.2042505647212518,2.2681008573310195,-0.06188919014230379,-2.065364348452678,0.12427830860504314,1.8787956065586024,3.090527896676319,0.03137670565383117
1980-05-31,-1.7810524332381408,1.4102828231417315,2.163877404368325,-0.07720715849334708,-2.024673207219627,0.4176566108858017,1.9095955345349724,2.924012385001949,0.031066429207315224
1980-06-30,-1.8250671090449802,1.0589099793238592,2.0199497788484133,-0.0405950394417191,-2.0513644280824126,0.29541565160215244,1.8582623212410225,2.715312943703404,0.030762229166117976
1980-07-31,-1.8305161912321333,1.6067321858217236,1.9256523690250231,-0.022560070068459545,-2.193365087841008,0.4400674534211382,1.2935969750075624,2.570999500252283,0.003807991095260317
1980-08-31,-1.7254748573230456,0.8576691687736233,1.8710591317588496,0.010085546429440368,-2.2733990876902577,-0.33208793938724807,1.2217304763960306,2.4710901932476603,0.022820285619296297
1980-09-30,-1.5273632726764272,0.919957991086792,1.8313549592016327,0.05244876647835564,-2.259036269235899,-0.4706276932420506,1.3962634015954638,2.3889425408216374,0.026431668960491244
1980-10-31,-1.6145065945086337,0.7394801213076113,1.7767617219354597,0.03981949016834855,-2.1821011729398747,-0.5602710633833936,1.6426628254064282,2.3267767497965393,0.02995559145258417
1980-11-30,-1.5745836957114199,2.101848465746907,1.692390355251373,0.05245321551905707,-2.1262781801040886,-2.139216787463867,1.3859967589366737,2.2357482700812166,0.03338174012078861
1980-12-31,-1.4764810554013583,-0.15172918255771764,1.7370575493782427,0.020559006804122777,-2.087283633744136,1.138878270659335,1.652929468065218,2.284592820172365,0.0293606790055122
1981-01-31,-1.7493371495916028,-0.234780945641942,1.761872657226503,-0.019555134084481274,-2.0741342288403763,-0.6275035909894011,1.950662105170132,2.2801524065277152,0.029088820866572287
1981-02-28,-1.7720816708468636,0.6612198060936316,1.8611330886195456,-0.013079357699854586,-2.108978259960327,-0.6356529882749777,1.7453292519943293,2.3556394384867634,0.028821950950364744
1981-03-31,-1.6430847841339578,1.1387674438279212,1.786687765074764,0.016038264830126315,-2.160017325901367,0.1629879457115326,1.7350626093355395,2.251289717837491,0.02141994991083944
1981-04-30,-2.044962094861576,0.23318379635186004,1.7817247435051116,-0.013196707465042002,-2.203072444268909,-0.4665529945992623,1.3962634015954638,2.251289717837491,0.017729078180529274
1981-05-31,-1.99855242238763,0.5877509387498946,1.8412810023409372,0.017861629034057393,-2.2794702962727227,-0.9310686398771305,1.3449301883015121,2.3267767497965393,0.021155506084780274
1981-06-30,-1.9652734115176174,0.19325506409982887,1.8462440239105893,0.016536414244213142,-2.33799674756256,0.8129023792362692,1.776129179970701,2.340097990730489,0.028018663577166217
1981-07-31,-1.9191681477890046,0.3242213058864903,1.920689347455371,0.020140022835978932,-2.421259406773169,-0.2750421583882117,1.5091964708421568,2.4155850226895366,0.0347137309788925
1981-08-31,-1.6887830943726954,-0.5542108036581896,1.9306153905946752,-0.0036302048485672925,-2.388750690897892,-0.2933783022807592,1.1601306204432893,2.422245643156512,0.02403404215861039
1981-09-30,-1.5098241588754824,-0.5749737444292452,2.1837294906469333,-0.015353380536254197,-2.308697530108657,-0.3870963710648902,1.1395973351257112,2.6864502550131797,0.030666305729183725
1981-10-31,-1.6424398954258308,1.3559797472789694,2.163877404368325,-0.024140356030092094,-2.1909965540735485,0.766043344844203,1.4270633295718336,2.6553673595006306,0.01012328459803424
1981-11-30,-1.784448967816491,1.1068244580262967,2.109284167102152,-0.03666355596244466,-2.119482142290711,0.3830216724221019,1.8993288918761824,2.5887611548308826,0.013454358259484328
1981-12-31,-2.005296625895029,-0.012777194320649754,2.109284167102152,-0.03401498854331707,-2.144204911319895,0.17724939096129114,2.0533285317580354,2.5754399138969326,0.010047737698048183
1982-01-31,-1.5505345346269803,0.05270592657268032,2.2681008573310195,-0.06433510762538744,-2.272249018601692,-0.4400674534211382,1.64266282540643,2.6931108754801545,0.010015704527916568
1982-02-28,-1.6683630221763568,-0.3657471874286037,2.3475092024454534,0.06414146430013361,-2.2484980724619623,-1.0390481539110212,1.632396182747638,2.726413977815029,0.009983874958441778
1982-03-31,-1.7027842102159898,0.27151537931380965,2.4566956769778,-0.021148283484487638,-2.218498178891957,-0.5460096181336348,1.971195390487714,2.788579768840127,0.0
1982-04-30,-1.8689828042883705,1.0924501144155656,2.327657116166845,-0.028697942960672247,-2.1403204096199575,0.1752120416398976,2.0533285317580354,2.6065228094094817,0.009952247054666312
1982-05-31,-2.0325631658244676,-0.067080270183412,2.3375831593061496,-0.021077630725695174,-2.222616454543514,0.2444819185672989,2.114928387710777,2.564338879785308,0.029762456718219046
1982-06-30,-1.7867197743565806,0.07666316592389884,2.531141000522582,-0.008099483097750193,-2.3167360784770965,-0.1303903565692263,1.8377290359234426,2.6886704618355046,0.036034952230956506
1982-07-31,-1.9827016301725398,0.06069167302308586,2.5460300652315384,-0.010805656781561666,-2.3384274036161625,-0.7477072009516562,1.919862177193764,2.6553673595006306,0.01619377656489574
1982-08-31,-1.1470711992257743,2.349406605709498,2.5410670436618865,-0.028334515510232944,-2.3678155664520566,0.07130722624879517,2.3510611688629495,2.6065228094094817,0.0064442926227484465
1982-09-30,-1.629582212206538,0.7762145549794806,2.228396684773802,-0.008104672858925396,-2.1389793829798087,0.7599312968800206,2.4331943101332727,2.2801524065277152,0.0
1982-10-31,-1.1565056321805514,2.3749609943507988,2.014986757278761,-0.030229728288539107,-2.098370589948436,0.4441421520639265,2.3510611688629512,2.0381498628942967,0.012862201242946777
1982-11-30,-1.2113152012525843,1.3160510150269382,1.915726325885719,-0.010002030422106714,-1.8848581628320695,-1.0736830923747218,2.361327811521741,1.9004970399101502,-0.003202438994484518
1982-12-31,-1.5587933556414122,0.6580255075134692,1.8958742396071104,-0.022296985229587313,-1.9014606310523843,0.613242145739641,2.043061889099245,1.8338908352404022,-0.009617120368131647
1983-01-31,-1.4338605554658685,1.1451560409882462,1.8164658944926761,0.058261905537598684,-1.8831667872008684,0.48692648781320425,1.8787956065586024,1.7539633896367042,0.006431100621473389
1983-02-28,-1.6760461475348096,0.9838439626900414,1.7817247435051116,-0.01936310250772212,-1.9548431484846909,0.37487227513652516,1.6631961107240079,1.7095592531902053,0.0032089812600505255
1983-03-31,-1.7646325626863995,1.02057839636191,1.7072794199603296,0.026268869849718796,-2.074942776827076,-0.09168071946273745,1.6015962547712663,1.6362924280534823,0.0032057067893770065
1983-04-30,-1.8102083568571548,1.635480873043186,1.6278710748458958,0.03935886774584471,-2.1281374531492796,-0.27300480906681757,1.498929828183365,1.576346843850709,0.02241707296139508
1983-05-31,-1.9257187675728507,0.6532340596432253,1.5434997081618096,0.019653149945059307,-2.2253963756207735,0.3952457683504659,1.3449301883015121,1.5164012596479353,0.012718998597529788
1983-06-30,-1.8268661425897201,1.0605071286139405,1.518684600313549,0.019034800486326022,-2.289918846340054,-0.12427830860504378,1.3449301883015121,1.5008598118916605,0.0063338561564308315
1983-07-31,-1.5901868921872917,-0.07985746450406238,1.518684600313549,0.046608677216884366,-2.3060017645889843,0.25466866517426945,0.9445311246086965,1.525282086937235,0.012642223958106902
1983-08-31,-1.8232534263220308,0.49032483205493893,1.5832038807190265,0.037577455304875176,-2.2491419915405366,-0.32597589142306554,0.8315980553620052,1.605209532540933,0.009443665291351782
1983-09-30,-1.9432181376200857,0.7155228819563931,1.5286106434528532,0.04523476310876085,-2.2226620476059966,0.319863843458883,0.8829312686559571,1.5852276711400088,0.009415362598171217
1983-10-31,-1.914622584657475,0.020762940771055304,1.5286106434528532,0.024672612076511516,-2.2527306958675983,-0.4930385357773868,0.9137311966323267,1.614090359830233,0.012516305392787957
1983-11-30,-2.046561779578272,0.9151665432165481,1.56831481601007,0.013890298454976647,-2.336574060288204,0.8454999683785756,0.9034645539735349,1.6740359440330062,0.00934997813568367
1983-12-31,-2.2469917465025944,0.2858897229245407,1.5881669022886786,0.01588803986658971,-2.3942832583658755,0.2404072199245106,0.8829312686559551,1.713999666834855,0.00932223339344214
1984-01-31,-2.0697717453955358,0.2635296328634034,1.5732778375797227,0.0621748745163081,-2.4727869556532487,-0.030560239820912483,1.1601306204432908,1.7473027691697294,0.02168752324963333
1984-02-29,-1.6486226342654084,-0.199643661260155,1.7072794199603296,0.014671728033739968,-2.512881889488273,-0.5806445565973356,1.2217304763960306,1.9160384876664247,0.015384880771742358
1984-03-31,-1.829835472112202,0.6708027018341187,1.7122424415299815,0.014709691858370354,-2.410043152715324,0.3504240832797946,1.1293306924669193,1.9737638650468732,0.009185943431549309
1984-04-30,-1.949504552269778,0.48872768276485795,1.7221684846692862,0.018633108937753218,-2.3022381659465823,0.16706264435432094,1.2114638337372408,2.0137275878487224,0.012212216340484658
1984-05-31,-1.9922678011291464,-0.38331582961949706,1.7519466140871989,0.016836661543817646,-2.2711577196975528,0.004074698642788016,1.170397263102081,2.071452965229171,0.0060824639953337796
1984-06-30,-1.7364731316139828,0.8608634673537863,1.8164658944926761,0.011197500810737948,-2.359965355926985,0.0346349384637005,1.2114638337372408,2.169142065411468,0.006070710441719238
1984-07-31,-2.0269702220832038,0.13256339107674237,1.856170067049893,0.008739933864401502,-2.33583788500061,-0.4563662479922915,1.4270633295718353,2.217986615502617,0.01211800444971924
1984-08-31,-1.4644327242103747,2.212051766762512,1.6675752474031127,0.0037839116574404866,-2.355857206348399,1.3242770589062034,1.4783965428657868,2.0403700697166216,0.009053581134264665
1984-09-30,-1.992638179952174,0.44241035335250156,1.6526861826941566,-0.008785858787318157,-2.219449684811151,0.711034913166561,1.4065300442542534,2.033709449249647,0.009027565096522066
1984-10-31,-1.855159191187715,0.4360217561921773,1.6874273336817212,-0.001427011880715915,-2.2856499827380343,-0.4074698642788316,1.0163976232202263,2.053691310650571,0.01200226419709533
1984-11-30,-1.9546128112928791,0.28908402150470297,1.6824643121120693,0.01049648271831194,-2.241249150125654,-0.2974530009235472,0.8931979113147468,2.0381498628942967,0.005978292395032762
1984-12-31,-1.8941660769428856,0.8640577659339486,1.7221684846692862,0.0015208390677221503,-2.3679255566580815,0.002037349321393851,0.9753310525850665,2.067012551584521,0.005966937613655934
1985-01-31,-1.7511109630087394,1.846304579333909,1.6377971179852,-0.0015316191218877277,-2.342477578493255,0.31171444617330574,0.8829312686559551,1.9626628309352487,0.005955625883582552
1985-02-28,-2.0985584046178807,0.7650345099489115,1.5385366865921575,0.00966081996264744,-2.3155885717809936,0.34838673395840136,0.8007981273856335,1.8427716625297017,0.01783307088130385
1985-03-31,-2.063589861642147,0.4360217561921773,1.56831481601007,0.004135042312212753,-2.352788186737038,-0.4400674534211382,0.8315980553620036,1.8494322829966765,0.014777011540873798
1985-04-30,-2.310263105510752,0.41685596471120206,1.563351794440418,-0.006177203536567468,-2.3965720873735683,-0.6621385294531016,0.9855976952438563,1.8028079397278527,0.005883132310093363
1985-05-31,-2.0484859725409983,1.3831312852103506,1.518684600313549,0.004654960559555042,-2.541072824926256,-0.2709674597454234,1.1395973351257092,1.7251007009464798,0.005872135801102188
1985-06-30,-2.0991479414818373,0.7730202563993177,1.483943449325984,-0.0014977125452752492,-2.5281326914345197,-0.2974530009235472,1.170397263102081,1.6540540826320818,0.008791770485792435
1985-07-31,-2.1101775033943184,0.4519932490929894,1.4541653199080715,-0.016247310835599042,-2.537321905553956,0.5765698579545463,1.1703972631020794,1.605209532540933,0.0058448235415621864
1985-08-31,-2.1689547157403752,0.4072730689707149,1.508758557174245,0.010439638985093262,-2.4856141235715334,0.19966023349662726,1.1601306204432893,1.6318520144088322,0.005833969644549371
1985-09-30,-2.02754251594703,-0.15492348113788024,1.563351794440418,0.011561180603298204,-2.516746656063426,-0.5378602208480582,1.1190640498081292,1.6562742894544067,0.005823155984410608
1985-10-31,-2.0091133211334906,1.212236311171658,1.5434997081618096,-0.01086548644875241,-2.498241787681354,-0.026485541178124152,1.047197551196598,1.6118701530079078,0.01162476467563303
1985-11-30,-1.9961038955857375,1.6051350365316426,1.429350212059811,0.01076518101189091,-2.472123942882438,0.33005059006585324,1.1498639777844994,1.485318364135386,0.014477385500413869
1985-12-31,-1.8749451736535723,1.1898762211105207,1.3400158238060729,0.03106198042682783,-2.427454399299598,-0.23022047331754006,1.1293306924669193,1.3854090571307638,0.014410975475182688
1986-01-31,-1.6693274056928098,0.6739970004142807,1.3400158238060729,0.016542284599624976,-2.3880189275667765,0.010186746606970514,1.0985307644905475,1.374308023019139,0.01147613754736035
1986-02-28,-1.9291505587862996,1.7089497403869227,1.255644457121987,-0.021513698027227725,-2.300208631121356,-0.5052626317057511,1.1498639777844994,1.2921603705931162,-0.0057171840829657265
1986-03-31,-1.826848724433246,1.3495911501186442,1.1613470472985965,-0.022008769232313423,-2.282905994121986,-0.1752120416398976,1.2114638337372408,1.2077925113447683,-0.017182822170955937
1986-04-30,-1.5619163055296712,0.36095573955835947,1.1266058963110315,0.0035947877776900446,-2.2704765105204325,0.4135819122430134,1.1087974071493396,1.1811500294768693,-0.011518213212061406
1986-05-31,-1.8277393691078456,1.3080652685765326,1.131568917880684,0.006169335621457367,-2.2427184425186386,0.05297108235624767,0.9034645539735349,1.183370236299194,0.008670448905951518
1986-06-30,-1.7538866758421683,0.7346886734373681,1.086901723753814,-0.012354433587367972,-2.216510921182745,-0.6662132280958899,0.9137311966323248,1.1522873407866447,0.011528780380146339
1986-07-31,-1.562031238038449,-0.45997899554339655,1.131568917880684,0.01916911760109265,-2.1976554630106833,-0.7436325023088681,0.9855976952438563,1.183370236299194,0.002871656904560345
1986-08-31,-1.866538642692364,1.539651915638312,1.1067538100324228,-0.005261459903132863,-2.197685164823526,0.07130722624879517,1.1703972631020794,1.1611681680759447,0.0028690343868399307
1986-09-30,-1.3086597591461735,-0.8033660929108624,1.1613470472985965,0.008698254144439428,-2.2077119951319717,-0.22410842535335757,1.0163976232202263,1.2033520977001186,0.011465666618941321
1986-10-31,-1.9716536515584997,1.3144538657368576,1.171273090437901,0.013241721144844667,-2.092652759996073,0.5684204606689702,1.0882641218317597,1.1966914772331438,0.00571198664289079
1986-11-30,-1.7163997476557815,0.7570487634985054,1.1216428747413791,0.012512108054304324,-2.198510783908673,-0.016298794571153324,1.0985307644905495,1.1434065134973452,0.005701620060961586
1986-12-31,-1.8619351323322415,0.047914478702436425,1.101790788462771,0.029709092354196456,-2.1597106445207537,-0.03667228778509497,1.190930548419661,1.1123236179847957,0.011382582078223884
1987-01-31,-1.5655252757805191,2.561827461290304,1.0074933786393807,-0.011781251892420382,-2.3026926585704226,-0.09779276742691963,1.0677308365141795,1.0523780337820225,0.017012234586226485
1987-02-28,-1.8140629517931426,1.2713308349046644,0.9181589903856425,0.041658869891284145,-2.197737592891171,-0.3870963710648902,0.9753310525850665,0.9968728632238989,0.011280404501219816
1987-03-31,-1.659965241954052,0.8321147801323241,0.863565753119469,0.00441255140634028,-2.222976528695761,0.20780963078220396,0.9547977672674866,0.9657899677113497,0.011240045272235384
1987-04-30,-1.3228388622430676,0.23318379635186004,0.8883808609677296,0.020561181691905878,-2.1707817933013973,-0.5480469674550289,0.8931979113147449,0.9613495540666999,0.013999967261986128
1987-05-31,-1.556390886292547,0.5877509387498946,0.903269925676686,0.0194662584129526,-2.1080647560505708,-0.2220710760319634,0.8829312686559551,0.9458081063104253,0.00836271336359252
1987-06-30,-1.936500755048882,1.1994591168510085,0.853639709980165,0.01694992022456463,-2.041475002240539,-0.15891324706874427,0.9034645539735349,0.8814221084630021,0.013900852449511898
1987-07-31,-2.0558236445672082,1.1850847732402776,0.8188985589926,0.021164646854048494,-2.1129396047419418,-0.20577228146081006,0.8931979113147449,0.8858625221076517,0.008303769128431168
1987-08-31,-1.7097897505324062,1.1323788466675961,0.7444532354478182,0.02366572514717014,-2.302363615864914,0.33819998735143053,0.8315980553620052,0.8569998334174277,0.013803131166914537
1987-09-30,-1.5508550332209143,0.15652063042796058,0.7990464727139918,0.01203345144528142,-2.3420062235516483,-0.24244456924590504,0.8315980553620052,0.9258262449095007,0.010994200012562816
1987-10-31,0.0,-3.141592653589793,0.992604313930424,0.042372309370187974,-2.2423444553094214,-0.1874361375682629,0.8007981273856335,1.1212044452740957,0.008216894473207507
1987-11-30,-1.1028832650773996,-0.6708027018341196,1.2258663277040738,0.01546374760108804,-1.7110614460215743,-0.33819998735143025,0.9239978392911167,1.3565463684405394,0.010927278795095191
1987-12-31,-1.1053205449898935,1.6578409631043232,1.2655705002612907,0.017351427204329962,-1.5542196348083719,1.0207120100184728,0.8829312686559551,1.4320334003995874,0.005444701306048077
1988-01-31,-0.9626796476692528,1.242582147683202,1.2060142414254655,-0.0007810554948455144,-1.43908091448359,1.4505927168326402,0.8931979113147449,1.4031707117093635,0.010870562815189761
1988-02-29,-1.6665732412593337,1.328828209347589,1.1613470472985965,0.015744786171763937,-1.6878645791454279,0.7273337077377149,0.923997839291115,1.3876292639530887,0.005416539057913176
1988-03-31,-1.7325402203997429,0.20762940771056024,1.1216428747413791,0.007162020107357229,-1.833538021341088,-0.33208793938724807,0.8829312686559551,1.374308023019139,0.008110824406857743
1988-04-30,-1.4015506840077838,0.6596226568035496,1.1563840257289442,0.01837104021982677,-1.9956293356991552,-0.11409156199807265,0.9342644819499065,1.4786577436684116,0.018876522382084517
1988-05-31,-1.5505688799622952,0.5238649671466452,1.220903306134422,-0.006127489500148998,-2.109046031480129,-0.028522890499518314,0.8418646980207936,1.6096499461855829,0.00804161942045157
1988-06-30,-1.5834934946418877,1.3352168065079133,1.1414949610199878,0.008987722280628885,-2.0790672216132062,0.22003372671056892,0.8418646980207951,1.5985489120739582,0.01336847937697731
1988-07-31,-1.6770842088096818,0.3705386352988466,1.1663100688682484,0.0002670649324528052,-2.040549329675153,0.523598775598299,0.8521313406795835,1.6362924280534823,0.01331183327792279
1988-08-31,-1.8145696033700356,0.041525881542111544,1.2159402845647698,0.015930096185585316,-2.111754990045528,-0.5541590154192111,0.8007981273856354,1.7051188395455554,0.013255665205019841
1988-09-30,-1.8909605035464716,1.0972415622858094,1.2010512198558134,-0.010254803937465714,-2.1799802481589308,-0.18539878824686845,0.7802648420680537,1.7028986327232305,0.013199969132729885
1988-10-31,-1.7492722111127863,0.7538544649183427,1.1563840257289442,0.014102318681467923,-2.25943842453473,-0.3646855285295544,0.5954652742098309,1.6673753235660314,0.010515791309087068
1988-11-30,-1.8262635564679226,0.20443510913039795,1.2159402845647698,0.007823425365626965,-2.278093847240575,-0.2974530009235472,0.728931628774104,1.7384219418804299,0.01048070943649593
1988-12-31,-2.1751069323677,0.8081575407811049,1.2010512198558134,0.014533852014491042,-2.2811158956583637,0.3056023982091239,0.7802648420680537,1.7273209077688045,0.010445860859816488
1989-01-31,-1.9840523919179944,1.544443363508555,1.1613470472985965,0.009151406300467705,-2.354547374171355,0.03667228778509467,0.728931628774104,1.6984582190785809,0.013014054074522956
1989-02-28,-1.8878440610974485,0.2108237062907222,1.1266058963110315,-0.01371755379155312,-2.4152212171388507,0.05704578099903601,0.6673317728213604,1.6740359440330062,0.010368292586104614
1989-03-31,-1.849112564554212,0.820934735101755,1.14645798258964,0.007703340227741773,-2.43113536225509,-0.34227468599421884,0.564665346233459,1.713999666834855,0.015501279540739458
1989-04-30,-1.9887681372440547,1.261747939164177,1.1117168316020754,-0.0008504582169973625,-2.3468891920154733,-0.2933783022807592,0.5133321329395093,1.6607147030990563,0.02313775276784585
1989-05-31,-1.9374951015149788,1.1052273087362157,1.0720126590448584,-0.017601150284124924,-2.3481078740626833,-0.7191843104521382,0.5851986315510409,1.5985489120739582,0.015312393112541987
1989-06-30,-1.8038779226695527,0.35456714239803366,1.0372715080572934,-0.00016804099789365619,-2.360939108024316,0.3076397475305174,0.6262652021862007,1.5497043619828097,0.010158747465124024
1989-07-31,-1.959869068588454,1.7201297854174917,1.0174194217786847,-0.030233720341315207,-2.3492491964270594,0.1303903565692263,0.6365318448449907,1.4742173300237618,0.010126003718258801
1989-08-31,-1.822621798902664,0.8001717943306988,0.9677892060821638,0.030702332546481758,-2.34178085924671,0.2159590280677806,0.6159985595274107,1.3698676093744893,0.0
1989-09-30,-2.2303022287893453,0.4487989505128264,0.9826782707911198,-0.010744422146845529,-2.3120943469527275,0.07741927421297766,0.5954652742098309,1.33434430021729,0.007570102779734544
1989-10-31,-1.176518005818096,-0.01597149290081235,0.9975673355000761,-0.003750459889068291,-2.4222944554043937,-1.0410855032324153,0.5851986315510409,1.3165826456386907,0.015103810834565976
1989-11-30,-2.0387865067668165,0.7346886734373681,1.0471975511965976,0.010574204761351834,-2.21985437205518,-0.5174867276341164,0.6159985595274107,1.3299038865726402,0.012526286497566352
1989-12-31,-1.9953636656445037,0.7554516142084243,1.0223824433483368,0.017656328686440896,-2.275717449999336,-0.6825120226670436,0.6570651301625723,1.2766189228368416,0.00998123162379582
1990-01-31,-1.4859307166488909,-0.6835798961547697,1.0769756806145103,-0.016198872769000325,-2.2150026765530795,0.04685903439206549,0.6467984875037808,1.2877199569484665,0.029848861316767453
1990-02-28,-1.9607702885238842,0.7474658677580182,1.136531939450336,0.02888609947528838,-2.2949636773697137,-0.06112047964182465,0.6159985595274107,1.3032614047047408,0.012319971190547955
1990-03-31,-1.9516410820609653,0.8624606166438675,1.1067538100324228,0.014947749031720753,-2.2748020787272933,-0.12631565792643795,0.5338654182570911,1.2410956136796423,0.014726215563701841
1990-04-30,-1.9780732400304073,0.033540135091705364,1.1266058963110315,-0.0073932480840971735,-2.2635029257860926,-0.5317481728838757,0.5338654182570893,1.2344349932126677,0.007328754246321597
1990-05-31,-1.8329435319394367,1.914981998807402,1.086901723753814,0.009456058016295996,-2.3906864813948667,-0.23225782263893427,0.6365318448449907,1.1767096158322192,0.004874464939626848
1990-06-30,-1.8283476586467895,0.39609302394014584,1.0571235943359016,0.010382001514003824,-2.3576524300134865,-0.20577228146081006,0.6570651301625723,1.1300852725633954,0.01946765393394168
1990-07-31,-1.845857309022699,0.2667239314435664,1.0670496374752059,-0.005226467641711963,-2.3257899202160206,-0.2994903502449411,0.6570651301625707,1.14118630667502,0.014510820570853228
1990-08-31,-1.1726543743328117,-1.0509242328734543,1.2159402845647698,0.011352912731788482,-2.2916215819506256,-0.9045830986990067,0.698131700797732,1.2677380955475417,0.026480857616465184
1990-09-30,-1.6548151459354656,-0.40727306897071586,1.31023769438816,0.0009942998024119079,-2.1209841775310285,-1.3792854905838456,0.7802648420680537,1.3498857479735646,0.021485056141571257
1990-10-31,-1.2946690824256055,0.2635296328634034,1.3747569747936377,-0.019480112167705455,-2.0761384652997332,-0.7069602145237729,0.9137311966323267,1.3831888503084389,0.021339119911176332
1990-11-30,-1.5689819860043763,1.5843720957605858,1.3400158238060729,-0.03914802607559401,-1.9336958289946218,1.0308987566254442,1.0266642658790164,1.3321240933949652,0.007065050945103884
1990-12-31,-2.069076086274755,0.9630810219189855,1.2754965434005954,-0.02204765714791543,-2.0361180998684745,-0.7741927421297804,1.0882641218317577,1.261077475080567,0.011748663625989942
1991-01-31,-1.4526551724456014,1.3192453136071007,1.2953486296792038,-0.01029191819807237,-2.143174850380848,-0.5541590154192111,1.1190640498081292,1.2677380955475417,0.011704890661660914
1991-02-28,-1.5727045005702693,1.7185326361274107,1.1067538100324228,-0.022672416377098704,-2.1840029270270405,0.2322578226389339,0.9445311246086965,1.1123236179847957,0.002332288532732053
1991-03-31,-1.8259223429231943,0.9934268584305286,1.0620866159055535,-0.017885450870447427,-2.184964930137527,-0.055008431677642154,0.8623979833383751,1.067919481538297,0.0
1991-04-30,-1.6404929078003005,0.5254621164367262,1.0323084864876413,0.00827764439318591,-2.1221271216373636,0.15891324706874366,0.7802648420680537,1.0146345178024982,0.0069916750450807405
1991-05-31,-1.7576758078515424,1.1531417874386525,1.0422345296269453,0.031241456535819032,-2.170669708235577,-0.14465180181898543,0.698131700797732,0.9902122427569238,0.01162691581639466
1991-06-30,-1.8872972448083718,-0.21880945274113026,1.0422345296269453,0.025413795167502216,-2.2184715287000905,0.25874336381705776,0.6467984875037825,0.959129347244375,0.009267234966341789
1991-07-31,-1.9228395144127872,1.2473735955534453,1.0422345296269453,0.008262098153154764,-2.23433254024866,0.2730048090668169,0.5851986315510409,0.9236060380871759,0.0046199891964555225
1991-08-31,-1.6496454994600422,0.940720931857848,1.0074933786393807,0.0006616772434368875,-2.3072988937681873,-0.755856598237233,0.5954652742098309,0.8658806607067271,0.009226410142701228
1991-09-30,-2.294803589962497,0.31623555943608406,1.0223824433483368,0.025972996151228573,-2.279380804836676,-0.3157891448160947,0.5954652742098309,0.8414583856611527,0.00919939283628042
1991-10-31,-1.9131316000965348,0.7762145549794806,1.0223824433483368,-0.0032250502930994914,-2.3846919767990715,-0.401357816314649,0.6365318448449907,0.8081552833262787,0.0045862666475759
1991-11-30,-1.632545452700602,-0.09902325598503733,1.0223824433483368,-0.0042539637588106865,-2.382183177007087,-0.24244456924590504,0.6673317728213604,0.7748521809914047,0.013738743383046065
1991-12-31,-1.6516166942698878,2.3014921270070614,1.0074933786393807,-0.014544808600348968,-2.3777640409954324,0.055008431677641835,0.6467984875037808,0.7326682513672309,0.00911928201332258
1992-01-31,-2.0263026588423334,0.4759504884442079,0.9082329472463383,-0.01631513007115755,-2.211546345046121,0.9025457493776118,0.6262652021862025,0.6771630808091073,0.002273221891165526
1992-02-29,-2.0056961365592647,0.7442715691778555,0.9280850335249465,0.022485272790688682,-2.240792949351724,-0.7517818995944445,0.6365318448449926,0.6882641149207319,0.006814734606485063
1992-03-31,-2.2996720374746196,0.1453405853973915,0.9529001413732071,0.026333011138051924,-2.3372256461747942,-0.3830216724221019,0.5954652742098309,0.7015853558546816,0.011333306831131987
1992-04-30,-1.7381560626239239,0.7410772705976932,0.9479371198035552,0.02425781001394735,-2.5047014867376456,-0.8495746670213644,0.574931988892251,0.7171268036109563,0.006775541308964618
1992-05-31,-2.1310975812415918,0.618096775261438,0.9231220119552946,0.010218842421403375,-2.4302362517650242,-0.1935481855324454,0.5441320609158812,0.7171268036109563,0.006760959799690288
1992-06-30,-2.0896886958982743,0.1964493626799918,0.9479371198035552,0.0018759223047480939,-2.4626435339148975,0.02444819185672967,0.5235987755982993,0.7482096991235051,0.008995254555733013
1992-07-31,-2.0150475259864313,1.1723075789196273,0.9231220119552946,0.028206582387518407,-2.408377895951344,0.27096745974542275,0.4619989196455579,0.7504299059458303,0.008969572172989864
1992-08-31,-2.4068210138980755,0.19006076551966689,0.9181589903856425,-0.01720609084555225,-2.479934486075259,-0.4787770905276277,0.3901324210340272,0.7615309400574549,0.006708027018340948
1992-09-30,-2.024695823909877,0.7602430620786683,0.9181589903856425,0.009961242928830417,-2.551189224009626,-0.38913372038628435,0.39013242103402623,0.7770723878137296,0.006693734347136658
1992-10-31,-1.9891311435783525,0.7330915241472871,0.938011076664251,0.021514475728162712,-2.534393226598318,-0.20169758281802147,0.5441320609158793,0.8103754901486039,0.013359004905413585
1992-11-30,-2.268398047628939,1.229804953362552,0.903269925676686,0.012021112574295702,-2.527695699953946,-0.37283492581513134,0.5543987035746709,0.8037148696816288,0.008868292600112302
1992-12-31,-2.3029899891929833,0.8145461379414302,0.8586027315498169,0.004575049513265034,-2.491923288118738,0.08964337014134266,0.5235987755982993,0.7926138355700041,0.00442166453707234
1993-01-31,-2.434971647721235,0.718717180536556,0.863565753119469,0.012631421458718574,-2.5638423761152103,-0.25263131585287557,0.4517322769867679,0.8059350765039539,0.01103862492477065
1993-02-28,-1.8990465151311993,0.5893480880399756,0.8486766884105127,0.014748941767644885,-2.6790601796118265,-0.46451564527786815,0.36959913571644715,0.8059350765039539,0.0065999845663643145
1993-03-31,-1.9661190726799285,0.9375266332776854,0.8238615805622521,-0.0027579476236289906,-2.5836092910158897,-0.35449878192258355,0.2566660664697551,0.7992744560369791,0.004390765413822297
1993-04-30,-1.9597560705389097,0.08305176308422371,0.8486766884105127,0.009157651541401416,-2.4965523127874443,-0.5093373303485395,0.36959913571644715,0.8059350765039539,0.010961593348184797
1993-05-31,-2.0558481101504644,1.0317584413924783,0.8437136668408608,-0.012105502032011729,-2.373743159106834,0.14261445249759033,0.4722655623043495,0.7926138355700041,0.008738783459219652
1993-06-30,-2.2121946989492907,0.6196939245515191,0.8337876237015563,0.007023822959048425,-2.4142651287237884,0.29541565160215244,0.43119899166918785,0.7770723878137296,0.0021786356821015826
1993-07-31,-2.1860906463477123,0.5158792206962391,0.8387506452712084,0.00795611738403984,-2.477858034458804,-0.7089975638451671,0.4517322769867679,0.7970542492146541,0.004354251772126641
1993-08-31,-2.5326676464412152,1.1627246831791402,0.8188985589926,-0.003396326813237861,-2.5363492940857473,0.09983011674831317,0.4414656343279779,0.8014946628593039,0.006522337689113605
1993-09-30,-2.301403068984293,0.5510165050780257,0.8040094942836437,0.016362512045248644,-2.659572956191801,-0.020373493213941652,0.3695991357164465,0.8059350765039539,0.0043392163723610915
1993-10-31,-2.4841923222996054,0.7953803464604555,0.7891204295746872,0.023157812250990877,-2.682626923593678,0.22614577467475142,0.32853256508128553,0.8214765242602285,0.01299969373899175
1993-11-30,-2.2081219046905063,0.26832108073364674,0.7940834511443394,0.014675347266435225,-2.7596648328968434,-0.4441421520639268,0.4209323490103979,0.8458987993058029,0.00863074904832346
1993-12-31,-2.550057628743313,0.833711929422405,0.7891204295746872,0.01814851893860931,-2.675793028627771,0.05704578099903601,0.4517322769867688,0.8636604538844023,0.006455327370390158
1994-01-31,-2.350502843472696,1.028564142812316,0.7742313648657309,0.010006244611059128,-2.7400524037599836,0.18336143892547363,0.4209323490103979,0.8614402470620774,0.0
1994-02-28,-1.946400407936615,0.16290922758828547,0.784157408005035,0.0016279096063061182,-2.705503259036902,-0.08760602081994912,0.3695991357164465,0.8769816948183521,0.00858945359833134
1994-03-31,-2.010463322430608,-0.19325506409983043,0.8089725158532958,0.03180773919553298,-2.637867017592661,-0.14261445249759128,0.3387992077400765,0.9080645903309013,0.008566033138622477
1994-04-30,-1.825685932164924,0.6787884482845249,0.863565753119469,0.01833750246356168,-2.498420578395415,-0.23836987060311676,0.32853256508128553,0.9879920359345992,0.0021356850126369653
1994-05-31,-2.0922176575076112,0.6628169553837124,0.8586027315498169,0.014764450109022791,-2.3627930362657277,-0.14872650046177377,0.31826592242249485,1.0190749314471483,0.006402702419001032
1994-06-30,-2.0630242453625547,0.086246061664386,0.8486766884105127,0.02102960501207165,-2.4004763401633564,-0.1303903565692263,0.36959913571644715,1.0501578269596976,0.008519573297870434
1994-07-31,-2.4650831143987295,1.02057839636191,0.863565753119469,0.0037844118424039783,-2.4140595701159966,0.1324277058906198,0.3798657783752381,1.0945619634061963,0.010620664819438002
1994-08-31,-2.2267337982313045,1.2106391618815768,0.8288246021319041,0.02102917685551222,-2.579297896859174,0.1324277058906198,0.3593324930576565,1.0923417565838713,0.012701857089985627
1994-09-30,-2.060157370524576,0.20124081055023504,0.8238615805622521,0.009366382222453644,-2.614060674410804,-0.31782649413748854,0.3285325650812865,1.1189842384517705,0.006325354336087
1994-10-31,-1.9004186889236512,0.7842003014298867,0.8387506452712084,0.025679853841929626,-2.613319792820499,-0.20577228146081006,0.31826592242249485,1.1811500294768693,0.002104214771325905
1994-11-30,-2.040013377530138,-0.07506601663381848,0.8586027315498169,0.020999626750189165,-2.4673945253507075,-0.5704578099903644,0.3285325650812865,1.2410956136796423,0.008411225310816124
1994-12-31,-2.119912827241673,0.707537135505987,0.8834178393980777,0.03142631871906748,-2.41914068447882,0.004074698642788016,0.3285325650812846,1.3121422319940408,0.006291574072608813
1995-01-31,-2.5196280385903633,0.8576691687736233,0.853639709980165,0.005957170433619607,-2.434583185565878,0.6539891321675246,0.30799927976370484,1.3121422319940408,0.008371999076854635
1995-02-28,-2.30758425761578,1.1499474888584895,0.8040094942836437,-0.0037817483210105195,-2.5946044050607817,0.3259758914230649,0.27719935178733485,1.2899401637707912,0.00834974791651741
1995-03-31,-2.291234131721285,0.919957991086792,0.7742313648657309,0.004355575961215624,-2.663752292694706,-0.16909999367571513,0.2669327091285451,1.2854997501261414,0.0062457110409335406
1995-04-30,-2.5729167639341846,0.9071807967661419,0.7444532354478182,-0.005587866146089168,-2.708026566142032,-0.26689276110263477,0.2566660664697551,1.2699583023698668,0.012466637514245624
1995-05-31,-1.961811866842292,1.033355590682559,0.7097120844602534,0.015102643489503102,-2.721797880834611,-0.25466866517427034,0.2361327811521732,1.2521966477912676,0.00620868113357655
1995-06-30,-2.1274217162696987,1.0046069034610972,0.6799339550423407,0.01048304729704064,-2.6324405097467496,0.08964337014134266,0.28746599444612575,1.2366552000349926,0.006196435214181041
1995-07-31,-2.0799238926795836,1.1643218324692206,0.6451928040547756,-0.0130098710310625,-2.590106745724811,-0.5928686525257002,0.31826592242249485,1.2011318908777937,0.004122825004710545
1995-08-31,-2.668969492132219,0.6580255075134692,0.6501558256244279,0.041073899240099,-2.462703436160901,0.09983011674831317,0.30799927976370484,1.2077925113447683,0.006176132346506776
1995-09-30,-2.3970114448306394,1.1052273087362157,0.6154146746368628,0.012157503485361947,-2.645452979001174,-0.34227468599421884,0.2977326371049148,1.1700489953652442,0.004109342908554028
1995-10-31,-2.2845019891677696,0.3274156044666532,0.6104516530672106,-0.005071680582136152,-2.7151225942142543,-0.3687602271723427,0.3182659224224958,1.1456267203196702,0.008207949454186464
1995-11-30,-2.2366560978880248,1.2026534154311708,0.5905995667886024,0.007578680646158784,-2.767991363879322,-0.03870963710648914,0.3490658503988665,1.101222583873171,0.004093280330409509
1995-12-31,-2.0512172595646776,0.7346886734373681,0.5608214373706896,0.010774710013302284,-2.6562693483959117,-0.360610829886766,0.3593324930576565,1.0479376201373727,0.004087954005972884
1996-01-31,-1.8185522248386357,0.9311380361173608,0.5707474805099937,-0.016386680096759487,-2.5669063449944134,0.04278433574927716,0.3490658503988665,1.0479376201373727,0.01633056610053165
1996-02-29,-1.8594792101568771,0.7826031521398055,0.5211172648134726,0.0455441906546459,-2.4464917395763206,0.2811542063523936,0.32853256508128553,0.9835516222899491,0.006092293445875235
1996-03-31,-1.7107165543848764,0.6867741947349317,0.5310433079527768,-0.005063995360891131,-2.3490185577315743,-0.18336143892547427,0.3695991357164465,0.9879920359345992,0.01013416985028933
1996-04-30,-1.9703924049569013,0.8991950503157359,0.536006329522429,0.03188588222160298,-2.2610235393891123,-0.020373493213941652,0.3798657783752362,0.9968728632238989,0.012121900914172385
1996-05-31,-1.9116582162987936,0.9471095290181725,0.5161542432438205,0.02318554465320129,-2.3002633389882763,-0.3789469737793135,0.36959913571644715,0.9835516222899491,0.0060376540427736995
1996-06-30,-2.3801137857328,0.38810727748974,0.5111912216741685,0.023658158525853484,-2.3137478708341797,-0.1976228841752334,0.37986577837523716,0.9791112086452995,0.006026072864941317
1996-07-31,-1.576287663937044,-0.38331582961949706,0.5608214373706896,-0.00010419475249329928,-2.486739059265786,-0.6580638308103133,0.39013242103402623,1.036836586025748,0.00601453603112278
1996-08-31,-1.9165860314128524,1.0125926499115039,0.536006329522429,0.015896478666502917,-2.3848912410752736,0.35857348056537125,0.4106657063516072,1.0146345178024982,0.004002028858075945
1996-09-30,-2.13566066709896,1.370354090889701,0.5260802863831247,0.019639930418656755,-2.3861647279572487,-0.05093373303485414,0.3798657783752362,1.0035334836908738,0.009992343045769243
1996-10-31,-2.1902086934553298,0.707537135505987,0.4913391353955599,-0.0004574510753562481,-2.322991124112,-0.38913372038628435,0.36959913571644715,0.9879920359345992,0.009960661552281865
1996-11-30,-2.125556440113583,1.5684006028597741,0.44667194126869075,0.027813778434627026,-2.4816456920218033,-0.11816626064086097,0.37986577837523716,0.9613495540666999,0.009929180321079971
1996-12-31,-1.7244816858542755,0.29866691724519073,0.4417089196990386,0.019570069499083367,-2.535649559464435,-0.030560239820912483,0.3798657783752362,0.9768910018229747,0.007918317967460134
1997-01-31,-1.829907101177891,1.3671597923095375,0.416893811850778,0.00571286514770744,-2.429389274401133,0.3728349258151304,0.3593324930576565,0.9569091404220499,0.005923807643475325
1997-02-28,-1.791992171770825,0.4919219813450205,0.38215266086321303,0.03691423448327334,-2.336277146470209,0.09371806878413098,0.3182659224224964,0.9258262449095007,0.005912658695588576
1997-03-31,-1.6494917463500194,-0.23318379635186132,0.3920787040025175,0.02010950023464669,-2.2500746997066647,0.018336143892547174,0.3182659224224958,0.9480283131327499,0.001967183878265565
1997-04-30,-1.47454494036486,1.2154306097518208,0.43178287655973446,0.0026191017553810233,-2.2306951771335983,0.33412528870864217,0.2977326371049148,0.9924324495792493,0.0019659528495551536
1997-05-31,-1.6561884625374492,1.6466609180737541,0.3523745314453006,0.017845167682786718,-2.1388595380783206,0.4237686588499849,0.30799927976370484,0.8991837630416015,0.0
1997-06-30,-1.6622272326835041,1.2250135054923081,0.3077073373184314,0.014382948475166897,-2.103764016385774,-0.01222409592836468,0.2977326371049148,0.8481190061281277,0.005894170081781269
1997-07-31,-1.6557306775558114,1.7408927261885478,0.2630401431915623,0.026579896944843123,-2.107055226466891,0.6275035909894008,0.2977326371049158,0.7948340423923289,0.0039220882067287
1997-08-31,-1.5571364042640174,-0.09263465882471245,0.2680031647612142,0.03147057650750533,-2.1538787484889417,-0.1935481855324454,0.28746599444612575,0.7926138355700041,0.007834395644861972
1997-09-30,-1.5415303966160152,1.424657166752462,0.2630401431915623,0.029055969610693722,-2.1282808934712065,0.18539878824686845,0.23613278115217412,0.7837330082807044,0.007814907098481361
1997-10-31,-0.9551234284321038,-0.036734433671868905,0.25311410005225815,0.027866805309945168,-2.097089415327196,-0.3565361312439777,0.2566660664697551,0.7615309400574549,0.005846636452090409
1997-11-30,-1.5301498560134452,1.0461327850032092,0.2630401431915623,0.02529498746887025,-1.9160326750630359,-0.5704578099903644,0.23613278115217412,0.7659713537021049,0.0038905172180673624
1997-12-31,-1.6049113329522622,0.7810060028497245,0.24815107848260592,0.013197896554002879,-1.909058587279415,-0.7538192489158387,0.24639942381096508,0.7371086650118805,0.001942852599622752
1998-01-31,-1.5578605851900287,0.5941395359102188,0.24815107848260592,0.0143613350066112,-1.9254380149006454,0.8617987629497282,0.2669327091285451,0.7348884581895557,0.003883303650913893
1998-02-28,-1.9467117869899455,1.6945753967761916,0.2034838843557368,0.00519582462882336,-2.081202353587082,0.23022047331753975,0.2669327091285451,0.6793832876314322,0.0
1998-03-31,-1.9116976245535293,1.33042535863767,0.16874273336817178,0.001371340773622596,-2.1888537451978354,0.21392167874638646,0.28746599444612575,0.6349791511849332,0.0
1998-04-30,-1.7494979051120256,0.6867741947349317,0.1538536686592154,0.01060462960718087,-2.2681360049582504,0.18539878824686845,0.32853256508128553,0.6061164624947092,0.0038785094488757604
1998-05-31,-1.9818525488854823,0.07985746450406081,0.15881669022886763,0.020699854107312142,-2.3176605117363844,-0.010186746606970826,0.2977326371049148,0.603896255672384,0.0077474541395559735
1998-06-30,-1.634501103830033,1.0780757708048345,0.16377971179851988,-0.018550701538150638,-2.32674187908901,-0.4543288986708973,0.28746599444612486,0.6016760488500591,0.0038641976058921288
1998-07-31,-1.6033913860122135,0.17728357119901683,0.1340015823806071,-0.012469037183963262,-2.2551064535099337,-0.5724951593117587,0.28746599444612575,0.5617123260482102,0.007718900868770497
1998-08-31,-0.9465479863427617,-1.9980337618916275,0.19355784121643263,0.06480236954400853,-2.217348394179771,-0.7028855158809849,0.30799927976370584,0.6127770829616838,0.003849990997046216
1998-09-30,-0.9453994173989969,1.552429109958962,0.23326201377364952,-0.003288131652913451,-1.9497963962393396,0.39932046699325485,0.3798657783752362,0.648300392118883,0.0019226393228818435
1998-10-31,-1.2364267294793796,1.7089497403869227,0.2282989922039973,0.021999861572446197,-1.7717130189808377,1.8458384851831078,0.5030654902807187,0.6371993580072584,0.007685853586763597
1998-11-30,-1.6689004148086384,1.544443363508555,0.14889064708956348,-0.003094550408401549,-1.6768789666824995,0.10797951403388982,0.6262652021862007,0.5550517055812353,0.0038335480824765508
1998-12-31,-1.4352031250053123,1.554026259249043,0.12407553924130296,0.01268818298125158,-1.8635552766743173,-0.4930385357773868,0.7083983434565231,0.5239688100686861,0.005743313809122574
1999-01-31,-1.429132126284409,1.1291845480874338,0.09429740982339019,0.013270086674334963,-1.990134416098609,-0.6336156389535835,0.7494649140916827,0.49510612137846205,0.005732833309469875
1999-02-28,-1.4076951323918838,-0.08145461379414368,0.09926043139304212,0.017968381315521816,-2.03993494416975,0.34023733667282374,0.6878650581389414,0.4995465350231117,0.0
1999-03-31,-1.4443688252349138,1.1211988016370278,0.08437136668408574,0.00693662466116655,-1.9724321071190212,-0.11816626064086097,0.6057319168686206,0.48400508726683744,0.0019074636633818717
1999-04-30,-1.5187405040533872,1.261747939164177,0.0595562588358252,0.006967794325656553,-1.9748007834464292,0.32190119278027657,0.5338654182570902,0.47290405315521256,0.020969368440222826
1999-05-31,-1.4585277684602416,0.17728357119901683,0.0595562588358252,0.019256294788803297,-1.9979581241669304,0.08556867149855432,0.48253220496313864,0.48844550091148714,0.0018936664578594385
1999-06-30,-1.5759811416803902,1.3320225079277508,0.06451928040547744,-0.0021119855322289196,-2.0110947158837345,0.18539878824686845,0.48253220496313765,0.5084273623124117,0.0
1999-07-31,-1.746591820732425,0.012777194320649124,0.04466719412686883,0.018712156143963685,-2.0451070630640378,0.1528011991045618,0.4517322769867679,0.49510612137846205,0.013247679864534902
1999-08-31,-1.517379318713526,0.3497756945277904,0.06948230197512936,0.013680478312209114,-2.103990291455412,-0.8516120163427584,0.4414656343279779,0.539510257824961,0.007538314705674043
1999-09-30,-1.5200613450833118,0.12457764462633619,0.07444532354478159,-0.013178940399042879,-2.1191991975317896,-0.2852289049951822,0.5030654902807187,0.5594921192258853,0.013160471918089995
1999-10-31,-1.2602493414237796,1.547637662088718,0.08437136668408574,0.0404646661182888,-2.104747939568408,-0.46451564527786815,0.5235987755983003,0.5950154283830845,0.0056166733973591
1999-11-30,-1.8303339744136975,1.108421607316378,0.04466719412686883,0.016664141918565124,-1.9790632794885286,-0.07334457557018964,0.48253220496313864,0.5661527396928602,0.005606649589987758
1999-12-31,-1.9060080629388443,1.8031815485017157,0.029778129417912445,0.025250259640687812,-2.0599396190959713,-3.015276995663355,0.32853256508128553,0.5683729465151851,0.007462215329191863
2000-01-31,-1.2219642201537042,-0.18686646693950493,0.029778129417912445,-0.002317755797925541,-2.1596791732298675,0.3707975764937369,0.23613278115217412,0.5839143942714596,0.009305665443097817
2000-02-29,-1.4673785152060344,0.9614838726289037,0.04963021569652106,0.010672984532748394,-2.1497852144299157,-2.9052601323080713,0.2977326371049148,0.6194377034286589,0.012989455744316276
2000-03-31,-1.1255401280791277,1.400699927401244,0.024815107848260215,0.012246415876520476,-2.055987252180145,1.853987882468685,0.3798657783752362,0.603896255672384,0.01847995678582209
2000-04-30,-1.0315147662295996,-0.45199324909299093,0.019852086278608298,0.02014381569500469,-1.8542922506751727,-0.605092748454065,0.4517322769867688,0.5994558420277343,-0.0018371886863094216
2000-05-31,-1.2308687125388782,-0.13575768965690496,0.03474115098756468,0.008602757067373627,-1.8050747220873413,-1.9721541431095457,0.6057319168686206,0.6283185307179586,0.00551479108295409
2000-06-30,-1.5837717435472982,1.311259567156695,0.014889064708956066,0.002366227293918573,-1.743953895882653,2.3633252128172244,0.5030654902807196,0.608336669317034,0.018350424378445043
2000-07-31,-1.6376710319375603,0.16929782474861002,0.009926043139303835,-0.005465248983425347,-1.8623739132125017,1.1653638118374583,0.39013242103402623,0.6127770829616838,0.009121929888472186
2000-08-31,-1.9501307185823342,1.6929782474861106,0.0,-0.008411796049820112,-2.0190218464119494,-0.05093373303485414,0.4003990636928172,0.6149972897840089,0.0
2000-09-30,-1.754848116290116,-0.3002640665352727,0.0,0.012488717323918711,-2.2048995037912755,0.3769096244579187,0.42093234901039717,0.6327589443626083,0.016371936237584185
2000-10-31,-1.200916194319121,0.12936909249657946,0.029778129417912445,-0.010932092118632103,-2.249110479946279,-1.1388782706593346,0.48253220496313864,0.6571812194081826,0.005429019562655672
2000-11-30,-1.4310601759206658,-1.1419617424080846,0.03474115098756468,0.0006782235780369348,-2.136240669802716,-3.141592653589793,0.5235987755982983,0.6460801852965581,0.0054196538014773385
2000-12-31,-1.2219849721206935,0.7602430620786683,0.05459323726617298,-0.01071022923436616,-2.002098151952639,-1.56264692950932,0.5030654902807187,0.6549610125858578,0.00721376039859842
2001-01-31,-1.2590711414260947,1.0700900243544278,0.04963021569652106,-0.01549943866458093,-1.8643912355441967,3.141592653589793,0.47226556230434763,0.6260983238956335,0.017993085072106237
2001-02-28,-1.5458604335659436,-1.034952739972642,0.0595562588358252,-0.020472081176898548,-1.8794201196537932,2.3225782263893406,0.4619989196455589,0.6194377034286589,0.007156247502482685
2001-03-31,-1.07892765182801,-0.589348088039977,0.11911251767165074,-0.008221208819469146,-1.9090877550611305,-1.6971119847213347,0.5543987035746694,0.6705024603421323,0.0017849958259029202
2001-04-30,-1.0758284739823363,1.838318832883503,0.10918647453234658,-0.011154836928386022,-1.8721176949946443,1.849913183825896,0.56466534623346,0.6149972897840089,0.005351946598960681
2001-05-31,-1.5519799436785826,0.6851770454448497,0.06451928040547744,-0.01632962114149344,-1.8247626039844194,0.613242145739641,0.4722655623043486,0.5128677759570615,0.01602853394688629
2001-06-30,-1.7794270244863557,0.2603353342832405,0.07940834511443381,-0.017055391398838545,-1.8263440585788355,-0.03870963710648914,0.48253220496313864,0.47956467362218735,0.0070876314801792215
2001-07-31,-1.4876442927901425,0.22998949777169747,0.09429740982339019,-0.01895782938016235,-2.007372920511457,0.12020360996225546,0.5338654182570893,0.44626157128731336,-0.005303757997055796
2001-08-31,-1.604903422970296,-0.46157614483347814,0.10918647453234658,-0.0032885566297412893,-2.113797782423487,-0.9555168317338605,0.5235987755982993,0.40629784848546435,0.0
2001-09-30,-1.077683052094096,-0.9071807967661428,0.19852086278608455,-0.016378946716724664,-2.1274747071997866,-1.1714758598016415,0.5543987035746694,0.42183929624173894,0.012396363345618689
2001-10-31,-1.438604821924801,0.9630810219189855,0.17370575493782403,-0.009754155196336808,-1.9461242054739178,2.8624757965587926,0.57493198889225,0.3796553666175649,-0.008819743553031252
2001-11-30,-1.618714042458505,1.7744328612802533,0.13896460395025903,-0.0183109053826843,-1.933451018391906,-0.7986409339865106,0.5338654182570893,0.3285906097040913,-0.001768914782426487
2001-12-31,-1.7033895573732325,0.825726182971999,0.12903856081095488,-0.0015372380623951778,-1.9370200733063265,0.18132408960408009,0.9855976952438582,0.29972792101386697,-0.0017699113541349665
2002-01-31,-1.6107180824144913,0.34019279878730263,0.1340015823806071,0.02260846224638708,-2.0987203416801075,0.2730048090668169,1.026664265879018,0.30194812783619185,0.005312727148122161
2002-02-28,-1.5410050008143836,0.20443510913039795,0.15881669022886763,-1.4204665737217471e-05,-2.143199278972687,-0.15076384978316792,1.0882641218317586,0.3174895755924667,0.005303757997056424
2002-03-31,-1.6548277555717776,1.2473735955534453,0.12407553924130296,0.023320615417797574,-2.123117063456455,0.39932046699325485,1.0061309805614373,0.2952875073692173,0.008824698465140045
2002-04-30,-1.5868811585011229,-0.2603353342832418,0.1538536686592154,0.01517166738595574,-2.110567319578522,0.2689301104240286,0.9753310525850665,0.32637040288176616,0.014079967074912127
2002-05-31,-1.3391061012530303,0.3497756945277904,0.18363179807712818,0.01335874633722682,-2.1044071838575777,-0.7069602145237729,1.047197551196598,0.3552330915719905,0.003504286283981594
2002-06-30,-1.377096085592528,-0.5813623415895708,0.23326201377364952,0.0259511328568935,-2.0522307944993154,-0.8903216534492474,1.026664265879018,0.40629784848546435,0.0017501908933643085
2002-07-31,-0.7495566555870501,-0.7362858227274507,0.32755942359703977,-0.001087884668782662,-1.980457071207901,0.09983011674831317,1.0779974791729685,0.5039869486677617,0.006996865598195217
2002-08-31,-0.9650358957327593,0.6500397610630624,0.31267035888808337,-0.003396484988794717,-1.76406872348448,0.14872650046177377,0.9137311966323258,0.5239688100686861,0.008726646259971403
2002-09-30,-1.063988674078554,-1.0828672186750792,0.3523745314453006,0.0031434141684219315,-1.6673983962417114,-0.5215614262769045,0.9547977672674866,0.5883548079161096,0.0052214836347751386
2002-10-31,-0.8785769477512547,1.8223473399826908,0.37222661772390886,-0.008110636486642895,-1.5864825802090123,1.3446505521201442,1.1190640498081292,0.5794739806268095,0.006950426224755634
2002-11-30,-1.3005787911327704,1.522083273447418,0.3225964020273878,0.017180674415593716,-1.6198250749610983,-0.12427830860504378,1.016397623220228,0.5128677759570615,0.0052013123403803025
2002-12-31,-1.5294000120788624,-0.34977569452779134,0.3374854667363442,-0.017609107488066548,-1.7065388549511147,2.0271625747871878,0.9445311246086965,0.5017667418454369,0.00519271512990089
2003-01-31,-1.2312417533299542,0.15971492900812287,0.3424484883059961,0.025945622984044032,-1.8268143157684469,-0.10390481539110244,0.8829312686559551,0.5261890168910113,0.013824390114806254
2003-02-28,-1.5447017064569497,0.26991823002372867,0.4069677687114739,0.003953900262431089,-1.9179528818963836,-0.30152769956633524,0.8110647700444235,0.5994558420277343,0.01720477904485072
2003-03-31,-1.1559584590409804,0.7442715691778555,0.40200474714182166,-0.008410842773736426,-1.981041151861708,-0.15483854842595596,0.7597315567504738,0.6149972897840089,0.0051333213293948505
2003-04-30,-1.4698523827335264,1.8830390130057781,0.3523745314453006,-0.01994609399219349,-1.8845332862111694,0.4502542000281087,0.8110647700444235,0.6127770829616838,-0.011958210209423066
2003-05-31,-1.6071624364106003,1.5364576170581492,0.3077073373184314,-0.0007226197077529324,-1.946197025497661,-0.4706276932420506,0.8623979833383751,0.6061164624947092,-0.005144529454568318
2003-06-30,-1.6570980493397778,0.7969774957505361,0.2630401431915623,0.0039787977169541446,-1.962338645747912,-0.18336143892547427,0.9239978392911167,0.5972356352054093,0.003435311813657342
2003-07-31,-1.6462426814561038,0.9455123797280921,0.2630401431915623,0.016235172558977405,-2.0918472980638905,0.3463493846370072,0.8315980553620044,0.6238781170733085,0.010294678275007248
2003-08-31,-1.977317595185686,0.9439152304380102,0.27296618633086644,-0.0070365908059997866,-2.137431543075452,-0.4665529945992623,0.8315980553620044,0.6549610125858578,0.013681405132671517
2003-09-30,-1.6841533677910958,0.37213578458892765,0.25807712162191004,0.02066231694228045,-2.2330901114439707,0.7803047900939623,0.7699981994092637,0.6594014262305075,0.010216561475088435
2003-10-31,-1.8152230399946039,1.541249064928393,0.25311410005225815,0.004042893102124871,-2.240081971393652,0.2811542063523936,0.728931628774103,0.7171268036109563,-0.003394481527379347
2003-11-30,-2.0041345220949323,0.7857974507199684,0.25807712162191004,0.021493183109897358,-2.2837512781613407,-0.48081443984902145,0.7083983434565221,0.7792925946360547,0.0016990766109191014
2003-12-31,-2.017399601046968,1.2553593420038514,0.24815107848260592,0.0015584091902884818,-2.290681530990102,0.21392167874638646,0.6775984154801514,0.8214765242602285,0.008490790955647767
2004-01-31,-1.9742311751955082,0.9135693939264669,0.21837294906469315,0.005276195455632454,-2.376801788486845,0.31171444617330574,0.5954652742098309,0.7970542492146541,0.013548647562651213
2004-02-29,-2.1867745155114906,0.7937831971703739,0.22333597063434538,0.01906521779984581,-2.417893990531524,0.15483854842595532,0.4619989196455579,0.8081552833262787,0.006745233824131962
2004-03-31,-1.658205805007437,0.3593585902682776,0.24318805691295367,-0.01199988667442843,-2.465093333517528,-0.6010180498112769,0.4722655623043486,0.8481190061281277,0.006730782332275865
2004-04-30,-1.8693871177258836,0.2779039764741339,0.24815107848260592,0.012803010722380851,-2.3722674914849624,-0.20169758281802147,0.42093234901039717,0.8658806607067271,0.005037294473954517
2004-05-31,-1.9746265423864293,0.7570487634985054,0.27792920790051867,0.022797017391638977,-2.345172819962135,0.30356504888772906,0.4003990636928172,0.9236060380871759,0.013411281338696566
2004-06-30,-2.0821012833105277,0.8672520645141107,0.2630401431915623,-0.024227349371319994,-2.290347779947612,-0.09575541810552547,0.4619989196455589,0.9213858312648511,0.011684988615902454
2004-07-31,-2.074475886356969,-0.07826031521398076,0.292818272609475,0.023309373127716977,-2.399894367725956,-0.44821685070671513,0.4927988476219286,0.959129347244375,0.00332619656282644
2004-08-31,-1.7996099799906287,0.5829594908796508,0.31267035888808337,0.0027436141295854983,-2.4528951095247016,-0.6478770842033424,0.5030654902807187,0.9879920359345992,0.0016613393197195934
2004-09-30,-2.1191102576313354,0.825726182971999,0.29778129417912697,0.0036571970425026044,-2.4076658768565316,0.47062769324205034,0.5030654902807187,0.9680101745336746,0.009962767400390876
2004-10-31,-1.8733251494825645,0.7985746450406177,0.30274431574877925,0.027658487643800446,-2.417230043170007,-0.11001686335528463,0.43119899166918785,0.9724505881783249,0.016552121462538157
2004-11-30,-2.036093617863884,1.2952880742558825,0.27296618633086644,0.007737119241480893,-2.3652470002229555,0.15076384978316698,0.36959913571644715,0.9280464517318255,0.014818833271649427
2004-12-31,-2.108139155293919,1.118004503056865,0.25311410005225815,0.02460914245311994,-2.4263610647044396,0.030560239820912168,0.36959913571644715,0.9036241766862515,0.0
2005-01-31,-2.050622413045336,0.12936909249657946,0.27792920790051867,0.011196181583370445,-2.423525821379736,0.13650240453340814,0.3490658503988655,0.9302666585541507,-0.0016388068093838673
2005-02-28,-2.0445644010380652,0.8720435123843546,0.27296618633086644,0.02223093136809977,-2.4693444517729857,-0.6601011801317078,0.30799927976370584,0.9236060380871759,0.013117297092232827
2005-03-31,-2.0314603633844515,0.2555438864129976,0.28785525103982285,-0.004050557212928176,-2.471533541867215,-0.14261445249759128,0.3490658503988655,0.9391474858434505,0.011429910901833533
2005-04-30,-1.695305354946571,0.15332633184779831,0.3225964020273878,0.006218872587108492,-2.4517175720383464,-0.5358228715266639,0.4106657063516072,0.9879920359345992,0.00976155148707294
2005-05-31,-2.0331779300680033,1.1531417874386525,0.3225964020273878,0.003335755746350018,-2.359893588800836,0.4848891384918095,0.5543987035746694,0.9924324495792493,-0.0016218857272014245
2005-06-30,-2.2376265563167177,0.6612198060936316,0.31267035888808337,0.013582196820150345,-2.3569510024665807,-0.15483854842595596,0.5954652742098309,0.9879920359345992,0.001622723478093478
2005-07-31,-2.157934606529948,1.1962648182708455,0.3077073373184314,-0.010040932249699182,-2.4102301811957134,-0.19558553485383925,0.5851986315510409,0.9879920359345992,0.01946262872642118
2005-08-31,-2.1249965187082793,0.37533008316909056,0.31267035888808337,0.010446206040955903,-2.5297866721502396,-0.4400674534211382,0.56466534623346,1.0057536905131983,0.019342797251450664
2005-09-30,-2.1510842018190988,0.6484426117729815,0.3176333804577356,-0.06102741525484549,-2.5535151939085536,-0.912732495984583,0.5954652742098309,1.0235153450917982,0.04325497279292431
2005-10-31,-1.6980132914767225,0.24755813996259143,0.3523745314453006,0.038428683061956376,-2.5311502003694164,0.16706264435432094,0.6467984875037813,1.0790205156499217,0.0047408339842903244
2005-11-30,-2.2410547324748364,1.1467531902783272,0.33252244516669194,0.034426520545402184,-2.412293516848519,-0.1405771031761971,0.6673317728213614,1.0523780337820225,-0.015778968626769176
2005-12-31,-2.3387540225901433,0.5302535643069701,0.3225964020273878,0.015586305019856287,-2.4422862437175836,0.25466866517426945,0.6467984875037813,1.0479376201373727,0.0
2006-01-31,-1.9752461218531294,1.0557156807436965,0.3176333804577356,0.004864109435403844,-2.490785436435421,-0.3646855285295544,0.6467984875037813,1.0479376201373727,0.019030344191356973
2006-02-28,-2.157508216014357,0.522267817856564,0.32755942359703977,0.001517484286537995,-2.5624302454563677,0.5297108235624809,0.6159985595274107,1.067919481538297,0.0015763134237781363
2006-03-31,-2.2377634132830346,0.8033660929108617,0.3225964020273878,0.0067805838513114594,-2.54083946124784,-0.17724939096129178,0.57493198889225,1.067919481538297,0.0047265686864435014
2006-04-30,-2.2017126720343456,0.6867741947349317,0.32755942359703977,0.00916712149883076,-2.51474062978227,-0.2281831239961459,0.5338654182570893,1.070139688360622,0.015731560608862098
2006-05-31,-1.8267932036635544,-6.975736996017264e-16,0.3424484883059961,0.0009009917427139103,-2.5732659953219015,-0.16909999367571513,0.4927988476219286,1.0923417565838713,0.009391906288758982
2006-06-30,-1.6353499980381065,0.5142820714061572,0.37718963929356114,0.01074196213154444,-2.487799876940239,-0.27707950770960554,0.5851986315510409,1.1389660998526956,0.007803260441107171
2006-07-31,-1.8009171783280062,0.4456046519326645,0.38215266086321303,-0.0019761297129279416,-2.332119202222602,-0.1161289113194668,0.6057319168686206,1.1567277544312944,0.017124637854056945
2006-08-31,-2.309536979003332,0.8944036024454927,0.36726359615425697,0.01365435136223277,-2.2285423041905044,0.19966023349662726,0.6057319168686206,1.1522873407866447,0.013935107876938376
2006-09-30,-2.258943946323821,0.8640577659339486,0.3573375530149525,-0.006001255851153882,-2.353296957321992,-0.006112047964182497,0.6159985595274107,1.1434065134973452,-0.015415076808585683
2006-10-31,-2.3228887782180823,1.0860615172552404,0.3374854667363442,-0.003020619075983516,-2.514451281183595,-0.21392167874638676,0.6057319168686206,1.1145438248071207,-0.013941979231907344
2006-11-30,-2.198883733651172,0.8432948251628922,0.32755942359703977,-0.0009000853602654764,-2.649343514321021,-0.3463493846370072,0.56466534623346,1.107883204340146,0.0015560141919711507
2006-12-31,-2.4253014750936512,0.7091342847960689,0.3225964020273878,0.03218727347868291,-2.6207475842501133,0.33005059006585324,0.5954652742098301,1.0967821702285212,0.017107682767072988
2007-01-31,-2.3199965898382873,0.7937831971703739,0.3225964020273878,-0.011143292738445033,-2.6637390775798493,0.061120479641824335,0.6365318448449907,1.099002377050846,0.005212785446872796
2007-02-28,-1.7774875976970557,0.2571410357030786,0.3176333804577356,0.030560245947842825,-2.6629916542539696,-0.12427830860504378,0.5851986315510409,1.0901215497615466,0.012184197582948643
2007-03-31,-1.7576151289041582,0.6787884482845249,0.34741150987564834,0.0054518418093115785,-2.5540909672696515,-0.5786072072759411,0.6673317728213614,1.1323054793857203,0.01633666329513553
2007-04-30,-2.2097062010823456,1.1275873987973524,0.3225964020273878,0.021330585397700268,-2.3815419199808026,-0.22410842535335757,0.6159985595274107,1.0901215497615466,0.009426859215400967
2007-05-31,-2.125198531461727,1.0876586665453216,0.30274431574877925,0.0013143134658194105,-2.3530397623231503,-0.36264817920816017,0.6159985595274107,1.0590386542489973,0.012984183639972238
2007-06-30,-1.7896445860352086,0.2571410357030786,0.3077073373184314,0.0005656912538601808,-2.442898107780439,-0.2933783022807592,0.6057319168686206,1.0656992747159724,0.007278290155350746
2007-07-31,-1.5644199118804105,-0.02555438864130045,0.31267035888808337,-0.0048121459717329436,-2.451175425932416,-0.8923590027706416,0.6159985595274107,1.0301759655587732,0.005593906835628071
2007-08-31,-1.2318853674623191,0.717120031246475,0.36230057458460474,0.006032922710393309,-2.2844151872877414,-0.6926987692740141,0.5543987035746699,1.0523780337820225,0.0009684924101760386
2007-09-30,-1.6904209757976958,1.0844643679651589,0.3424484883059961,0.0077977997841039,-2.0535577850683175,-0.08760602081994912,0.5441320609158793,0.9857718291122739,0.013312666601621842
2007-10-31,-1.72925742355218,0.8576691687736233,0.32755942359703977,-0.009408771030951127,-2.027915596168166,-0.9677409276622254,0.5133321329395093,0.8947433493969515,0.009686277320019688
2007-11-30,-1.1907493710172912,-0.2012408105502366,0.38215266086321303,0.017690188623443848,-2.070514274063485,-0.5052626317057511,0.6570651301625714,0.8880827289299768,0.024689413081416568
2007-12-31,-1.5806778175509364,0.43123030832193315,0.37718963929356114,0.0016475358413769097,-2.0598835684389423,-0.5786072072759411,0.8623979833383751,0.8125956969709287,0.00910438122571914
2008-01-31,-1.2564132397585275,-0.4456046519326654,0.45659798440799493,-0.003698868335075783,-2.0315228306314124,1.2509324833360131,0.9137311966323258,0.8547796265951025,0.010831284941554126
2008-02-29,-1.4342141435519828,0.07666316592389884,0.47645007068660356,-0.011469550621926972,-1.9093265121125476,0.8679108109139114,0.9958643379026472,0.8414583856611527,0.0075958271573873075
2008-03-31,-1.1466567244667307,0.42164741258144595,0.5161542432438205,-0.010236629754904322,-1.9722446993557161,-0.23633252128172225,1.0882641218317586,0.8392381788388279,0.011240705870042826
2008-04-30,-1.4964463619036834,1.3048709699963696,0.4814130922562558,-0.021466230936931084,-1.8600813661644,0.4767397412062328,1.1293306924669193,0.7504299059458303,0.007270842410672683
2008-05-31,-1.7417740427723778,0.8672520645141107,0.4615610059776471,-0.019034965970149448,-1.9221127178316693,-0.6254662416680066,1.067730836514178,0.681603494453757,0.018590348316107175
2008-06-30,-1.4068262663403983,-0.7778117042695628,0.5111912216741685,-0.00837385730079418,-2.001594899693858,-1.6054312652585971,1.0985307644905495,0.6705024603421323,0.03291834612953496
2008-07-31,-1.295894275956111,0.4472018012227455,0.58563654521895,-0.013958076048566822,-2.0688300720769357,1.4567047647968234,1.201197191078451,0.6949247353877068,0.02243551036739576
2008-08-31,-1.4140870560370322,0.8145461379414302,0.5657844589403418,-0.04981860019723768,-2.0170017374711176,-0.26485541178124056,1.2217304763960315,0.648300392118883,-0.004676184411505085
2008-09-30,-0.5345604840306392,-0.9055836474760619,0.6253407177761674,-0.1376081078887701,-1.932318146601206,-0.9249565919129483,1.3757301162778828,0.6594014262305075,0.0026863497472280015
2008-10-31,-0.15663283657353025,-2.18170593025097,0.9181589903856425,0.031449841055934756,-1.7068999834484484,-2.069946910536465,2.3407945262041605,0.6349791511849332,-0.027012785144423387
2008-11-30,-0.3589904335639887,-0.6851770454448507,1.0521605727662497,-0.0407827635165931,-1.412482586567013,-2.1962625684629034,2.843860016484879,0.45514239857661304,-0.055623396737675745
2008-12-31,-0.6130163264997897,0.8480862730331354,1.0521605727662497,-0.08895389608824875,-1.1398157602279615,0.9514421330910715,3.141592653589793,0.1975984071869196,-0.0258663734831321
2009-01-31,-0.8503381053571362,-0.7267029269869631,1.0571235943359016,-0.07788811993369471,-1.160090970211744,-0.12427830860504378,2.843860016484879,0.1332124093394963,0.007950652653622402
2009-02-28,-0.9290104153999418,-1.0429384864230482,1.1514210041592923,-0.01919127362833344,-1.339364043430909,-1.589132470687444,2.556394022038754,0.08214765242602276,0.011443755944432227
2009-03-31,-0.6286234759771173,1.9996309111817077,1.2357923708433785,-0.048704034959205604,-1.4866733382258737,0.45840359731368535,2.6693270912854454,0.022202068223249175,-0.003101640569116183
2009-04-30,-1.0620377355673316,2.196080273861701,1.0124564002090328,-0.025106033146574485,-1.4907066673310392,-1.48930235393913,2.7514602325557678,0.004440413644649709,0.003163843045098245
2009-05-31,-1.1411431602126656,1.4022970766913254,0.8883808609677296,-0.03064019887628692,-1.545415842848317,-0.7130722624879554,2.258661384933839,0.0,0.004622834485487096
2009-06-30,-1.4059953868712716,0.6388597160324944,0.8188985589926,-0.009570675287445828,-1.6002369474359728,0.8169770778790569,1.6118628974300575,0.0,0.026074000861632498
2009-07-31,-1.374377612180829,1.8031815485017157,0.7742313648657309,0.037524265679862015,-1.801131848731184,0.741595152987474,1.3962634015954638,0.03774351597952378,-0.0009360860832894649
2009-08-31,-1.616488768272828,1.102033010156053,0.6501558256244279,0.035090924704933024,-1.8818493120244653,-0.5847192552401237,1.026664265879018,0.05994558420277327,0.010519476532562104
2009-09-30,-1.6750382008790978,1.2218192069121456,0.58563654521895,0.026883907330483882,-2.0046920693637653,0.06723252760600683,0.8829312686559551,0.08658806607067246,0.006066061147361331
2009-10-31,-1.3536161599006586,0.15652063042796058,0.536006329522429,0.007195916507141903,-2.074220346378713,0.2750421583882111,0.8418646980207943,0.34635226428269084,0.009430846885385138
2009-11-30,-1.6578665199184555,1.4581973018441683,0.4913391353955599,0.012637591547427555,-2.0688549995632193,-0.06926987692740162,0.8315980553620044,0.5994558420277343,0.010519907596693806
2009-12-31,-1.9947722635532021,1.009398351331341,0.451634962838343,0.010390312678618022,-2.0795481815732373,0.13853975385480294,0.8110647700444245,0.8392381788388279,0.0016341823556882947
2010-01-31,-1.652789081574893,0.033540135091705364,0.43178287655973446,0.033617150341823755,-2.162176511799047,0.5806445565973346,0.6878650581389423,0.8925231425746267,0.0020380523501869023
2010-02-28,-1.5748540616003635,1.113213055186621,0.45659798440799493,0.010781810194782339,-2.239491261312975,0.17113734299710925,0.6878650581389423,0.9946526564015741,-0.0029900945307009675
2010-03-31,-2.1716669885429667,1.5779834986002614,0.3920787040025175,0.022630705583742652,-2.218038492842213,0.002037349321393851,0.698131700797732,0.9946526564015741,0.0010410237022951577
2010-04-30,-1.6992885474694377,0.8896121545752487,0.3573375530149525,0.011054938821110335,-2.2637530958764116,-0.5398975701694523,0.6570651301625714,0.9879920359345992,0.0007226936489464724
2010-05-31,-1.029536530712692,-0.6899684933150949,0.416893811850778,0.043165204044112025,-2.2757698737921706,-0.055008431677642154,0.7905314847268436,1.1034427906954962,-0.0016329120106696464
2010-06-30,-1.1929039181292904,-0.3194298580162476,0.45659798440799493,0.006772947892245782,-2.13484439139827,-1.1531397159090935,1.0574641938553888,1.1944712704108191,-0.0013156837934401749
2010-07-31,-1.4275896343575312,1.6770067545852982,0.46652402754729905,0.012050217904850691,-1.8819043151405803,0.6763999747028605,0.9958643379026472,1.232214786390343,0.005872433194247386
2010-08-31,-1.5169887820080674,-0.19165791480974853,0.46652402754729905,0.01150016844169859,-1.8116896269498923,0.04278433574927716,0.8726646259971651,1.2544168546135923,0.00459100877204868
2010-09-30,-1.5929639427281022,2.093862719296501,0.43674589812938663,0.009042394928406314,-1.937661083517541,0.5093373303485398,0.8315980553620044,1.2410956136796423,0.005074455720890372
2010-10-31,-1.9325688992990875,1.1898762211105207,0.40200474714182166,-0.008549550311686745,-2.0410479155185763,-0.433955405456956,0.739198271432893,1.2166733386340682,0.010938542740708964
2010-11-30,-1.7185784262954615,0.6660112539638754,0.38711568243286526,0.0024968896416035125,-2.1715488484245187,-0.35449878192258355,0.7494649140916827,1.2188935454563932,0.007960298229699882
2010-12-31,-2.0531585463119324,1.6594381123944042,0.3573375530149525,0.03077277619146001,-2.2236453174681072,0.30152769956633585,0.7802648420680537,1.2033520977001186,0.012618446743778001
2011-01-31,-2.0281705215500243,0.8880150052851667,0.3374854667363442,-0.0064016784620579805,-2.342572626479341,-0.17928674028268593,0.7494649140916827,1.1811500294768693,0.010188317551964384
2011-02-28,-1.9348988456458043,1.1275873987973524,0.3225964020273878,-0.013502258070622447,-2.36727879118199,-0.30152769956633524,0.6262652021862016,1.1633883748982696,0.010098569882960144
2011-03-31,-1.5818352845705794,0.6436511639027381,0.3424484883059961,0.03341149478348146,-2.4231821093807913,-0.3361626380300363,0.5954652742098309,1.2033520977001186,0.016253181039581715
2011-04-30,-2.167391388479978,1.033355590682559,0.33252244516669194,-0.011014394026066965,-2.30137884016213,-0.3809843231007077,0.5543987035746694,1.1900308567661688,0.014746946855395024
2011-05-31,-1.9933748698611307,0.3673443367186837,0.3424484883059961,0.004193151081911537,-2.337357452108574,-0.40950721360022596,0.5133321329395093,1.1966914772331438,0.009995651635747475
2011-06-30,-1.5904633905977892,0.2906811707947849,0.38711568243286526,0.009018333207287236,-2.3524693116294073,-0.3504240832797952,0.4517322769867679,1.2677380955475417,0.0
2011-07-31,-1.6929228393503093,0.19485221338991016,0.37222661772390886,0.014911814668270615,-2.3546990584010747,-0.3789469737793135,0.5235987755982993,1.2433158205019674,0.008231088462782468
2011-08-31,-0.6359942499536523,-0.3865101281996593,0.4913391353955599,0.02007441436716015,-2.2320829579100643,-0.43599275477835014,0.6878650581389423,1.4298131935772627,0.00991003516804793
2011-09-30,-1.095720956245684,-0.6420540146126575,0.5161542432438205,-0.0022728561558473565,-1.8812973920376246,-2.110693896964349,0.8829312686559551,1.4653365027344618,0.006822118797876288
2011-10-31,-1.0746003460349056,2.3829467408012044,0.5012651785348641,0.02196150401596663,-1.7534419458569206,2.3266529250321297,1.098530764490549,1.418712159465638,0.0021212270065323648
2011-11-30,-1.0552494720903638,0.5254621164367262,0.5012651785348641,-3.611312830460014e-05,-1.5936499151411099,0.09371806878413098,0.9753310525850665,1.3942898844200635,0.00580519215812185
2011-12-31,-1.5127690004190957,0.6883713440250121,0.5062282001045163,0.016497323251213582,-1.7019973294074384,-0.47470239188483926,1.0266642658790175,1.3720878161968142,0.0007467832463662413
2012-01-31,-2.162026970033728,1.3767426880500253,0.47148704911695133,0.019112042781143104,-1.8097743464252123,1.1674011611588524,1.0882641218317592,1.3143624388163657,0.008558314310488181
2012-02-29,-2.1785866540868644,1.2761222827749075,0.4417089196990386,0.010287053099563284,-2.0907961600932046,-0.23022047331754006,0.995864337902647,1.2655178887252165,0.006714985043574638
2012-03-31,-1.9021514549573217,1.0668957257742655,0.4268198549900821,-0.01630720449997644,-2.381098278211742,-0.3239385421016714,0.9445311246086965,1.2344349932126677,0.006576831188398716
2012-04-30,-1.7465875992257849,0.4344246069020954,0.4417089196990386,0.02284187929439356,-2.4817257239353303,-0.25466866517427034,0.9342644819499065,1.2344349932126677,0.005217520479548877
2012-05-31,-1.7819584628050535,-0.41845311400128465,0.4863761138259077,0.006170546200091665,-2.374364433640433,-0.8414252697357878,0.9753310525850672,1.2788391296591664,-0.006497379510188516
2012-06-30,-1.4130593161447753,1.1914733704006024,0.5111912216741685,0.00034159901162610226,-2.27186448448893,-0.3219011927802772,1.088264121831758,1.2943805774154413,-0.0025960964681865446
2012-07-31,-1.7713471062168715,0.6963570904754188,0.49630215696521185,0.006325339197849674,-2.145469234578249,0.13853975385480294,1.1806639057608705,1.247756234146617,0.0009073231482770927
2012-08-31,-2.109630781785429,0.9774553655297166,0.4814130922562558,-0.01241623101487119,-2.1518677918754516,0.4563662479922912,1.1395973351257098,1.1966914772331438,0.018251170409760396
2012-09-30,-1.9498951323859937,1.0062040527511786,0.46652402754729905,-0.002188968439937137,-2.2365475921823843,-0.19966023349662726,1.057464193855388,1.1500671339643198,0.014989375085847608
2012-10-31,-1.995492188471658,0.28908402150470297,0.4913391353955599,0.009828148838698895,-2.3752811594802616,-0.11001686335528463,0.8110647700444241,1.1567277544312944,0.00847223004214636
2012-11-30,-1.6754242323915112,0.6947599411853376,0.5409693510920813,0.012609206488252285,-2.433206592010475,0.02444819185672967,0.7083983434565221,1.1966914772331438,-0.005275816326537072
2012-12-31,-1.950850623113159,0.7586459127885866,0.5409693510920813,0.008481600849645495,-2.320995331660341,-0.12427830860504378,0.6775984154801517,1.1700489953652442,-0.0003803890797384409
2013-01-31,-2.0163931842635967,1.45979445113425,0.5062282001045163,0.0001439653491411841,-2.3212422575044984,-0.4502542000281093,0.6262652021862016,1.1234246520964206,0.006222831989066785
2013-02-28,-1.8656481257780289,0.7762145549794806,0.4913391353955599,0.015048488224366453,-2.3266436663124956,-0.40339516563604316,0.646798487503781,1.101222583873171,0.017058617993930873
2013-03-31,-2.2893297336948173,1.2138334604617398,0.47645007068660356,0.012910441031471077,-2.375802903674082,-0.5398975701694523,0.6159985595274103,1.0768003088275968,-0.008833904395185234
2013-04-30,-1.72936625129324,0.817740436521593,0.47645007068660356,-0.003583006353080962,-2.4632754847615295,-0.40339516563604316,0.5543987035746697,1.0745801020052719,-0.006559580324739302
2013-05-31,-1.9573219955588237,1.0173840977817472,0.44667194126869075,0.0028855500810517167,-2.3890996024585243,0.1731746923185028,0.5338654182570896,1.036836586025748,0.0013011078432621113
2013-06-30,-1.5993922291936,0.37852438174925246,0.47148704911695133,0.005889493146567763,-2.4127907247680236,-0.059083130320430485,0.6159985595274117,1.067919481538297,0.007478272930970366
2013-07-31,-2.2756799343248306,1.4725716454549,0.451634962838343,-0.01002221060883799,-2.2344913484666487,0.2342951719603281,0.6775984154801523,1.0457174133150475,0.006149517767142413
2013-08-31,-1.9845273515019821,0.13735483894698564,0.4615610059776471,0.018422271018757357,-2.3756742647655087,-0.32597589142306554,0.57493198889225,1.0590386542489973,0.007499894870741744
2013-09-30,-2.178444753301715,1.1723075789196273,0.4615610059776471,0.016834149561926078,-2.3827048986491226,-0.25466866517427034,0.5235987755982993,1.061258861071322,0.0011842066749879513
2013-10-31,-1.8054140474329992,1.2377906998129582,0.44667194126869075,-0.0037307533479055137,-2.5323484579869406,-0.18947348688965707,0.47226556230434763,1.0634790678936472,0.0016814779300635984
2013-11-30,-2.161468075306103,1.0700900243544278,0.416893811850778,0.00772819411323194,-2.410818444352961,-0.024448191856729987,0.4414656343279779,1.0434972064927224,0.00579463443459403
2013-12-31,-2.0983430106785543,1.0189812470718282,0.41193079028112606,0.006636586684512706,-2.4565449347825488,0.11409156199807233,0.4517322769867679,1.0501578269596976,0.008306902403127274
2014-01-31,-1.842132697760531,0.039928732252030245,0.41193079028112606,-0.011852444695529598,-2.4358443776202185,-0.09371806878413129,0.3901324210340272,1.0434972064927224,0.007615771283502933
2014-02-28,-1.8613702750318868,1.3128567164467764,0.4268198549900821,0.023854351562223212,-2.445333515997701,-0.19966023349662726,0.33879920774007555,1.0501578269596976,0.0034581980265875733
2014-03-31,-2.028344913055278,0.6388597160324944,0.41193079028112606,0.03175319510567183,-2.3677797516795986,0.38098432310070707,0.3695991357164465,1.0212951382694733,0.006415305932050212
2014-04-30,-1.8228212644488546,0.5398364600474573,0.4218568334204303,0.0020310817368430906,-2.3496902623170284,-0.5887939538829119,0.3490658503988665,1.0301759655587732,0.005856511801902464
2014-05-31,-2.2271697209842456,0.8991950503157359,0.4218568334204303,0.0128603478634317,-2.344699641438335,-0.06519517828461299,0.28746599444612486,1.0235153450917982,0.005978469366321576
2014-06-30,-2.529993530410592,0.9870382612702038,0.40200474714182166,0.010420833958517544,-2.439232570347375,-0.26689276110263477,0.23613278115217412,0.9968728632238989,0.004150459233040862
2014-07-31,-1.9835419066799627,0.24436384138242853,0.3970417255721694,0.006666023909550667,-2.5688727696601554,0.38098432310070707,0.2566660664697551,0.9902122427569238,0.003535816307769184
2014-08-31,-2.235987027651433,1.2473735955534453,0.41193079028112606,-0.004891918731171016,-2.6104075319851576,0.16706264435432094,0.2977326371049158,1.0079738973355234,-0.0005026590574925341
2014-09-30,-2.1079695332203463,0.2555438864129976,0.4069677687114739,0.009835819744581756,-2.6126861735565474,-0.19966023349662726,0.3798657783752362,1.0013132768685489,0.0002249097747453312
2014-10-31,-1.4822285433854663,0.9726639176594726,0.4417089196990386,0.0003538873966926016,-2.503623229460425,-0.6906614199526199,0.4619989196455589,1.0212951382694733,-0.0006217648644655209
2014-11-30,-2.8122208034653613,0.9774553655297166,0.3970417255721694,0.019858167822324416,-2.374069669284605,-0.8312385231288171,0.56466534623346,0.9435878994881002,-0.005914551304193111
2014-12-31,-1.658788297189898,0.5605994008185136,0.40200474714182166,-0.00017278120001146496,-2.5229847842930098,-0.36672287785094854,0.6467984875037813,0.9258262449095007,-0.009690586370220876
2015-01-31,-1.6063600888575587,0.07346886734373656,0.4268198549900821,-0.024572656837249077,-2.4069036411343845,-0.2465192678886934,0.6878650581389423,0.9280464517318255,-0.020012939334492767
2015-02-28,-2.0610179439348078,1.5492348113787993,0.41193079028112606,-0.020550039619236626,-2.438982745390357,0.5602710633833936,0.5954652742098303,0.8903029357523016,0.007962817965238466
2015-03-31,-1.721106890627833,0.3913015760699019,0.4218568334204303,-0.010065885363376945,-2.2448506675481217,-0.18539878824686845,0.5954652742098303,0.8792019016406769,0.008463299123725376
2015-04-30,-2.210966799793779,0.6644141046737935,0.4218568334204303,-0.017894835589665273,-2.2609555557002685,0.6784373240242546,0.657065130162572,0.8569998334174277,0.003275044041695197
2015-05-31,-2.019060982895905,0.7873946000100488,0.4218568334204303,-0.014304790538746611,-2.417203040094507,0.3280132407444591,0.6057319168686204,0.8325775583718531,0.010360172537470912
2015-06-30,-1.9381338286954342,0.3258184551765712,0.43674589812938663,-0.009504297352524888,-2.40636017398572,-0.8903216534492474,0.6365318448449907,0.8236967310825534,0.00869567968386164
2015-07-31,-1.8981219810700576,0.8161432872315112,0.44667194126869075,0.019607185576420903,-2.462446076615445,-1.165363811837459,0.7494649140916827,0.8103754901486039,0.0049835705676805975
2015-08-31,-1.1728743403930928,-0.3944958746500658,0.47645007068660356,-0.005002674612462571,-2.381598121991088,0.14668915114037867,0.8521313406795851,0.8214765242602285,-1.3198083692196243e-05
2015-09-30,-1.3365475268886102,0.07985746450406081,0.536006329522429,-0.009134328112250008,-2.162919546600582,-0.8067903312720867,0.9753310525850665,0.8547796265951025,-0.00706100443917646
2015-10-31,-1.7547255416554766,1.8079729963719595,0.49630215696521185,-0.014470265524275612,-2.0074526214025497,0.022410842535335505,1.0985307644905487,0.7992744560369791,0.0031085494344944018
2015-11-30,-1.9156662658434838,0.6596226568035496,0.47645007068660356,-0.023483449848068372,-1.9703949233579399,-0.14465180181898543,1.1087974071493396,0.7593107332351301,0.003753001533735064
2015-12-31,-1.4976189677937968,0.2236009006113729,0.49630215696521185,-0.01577143444543459,-2.1623533778055615,0.07334457557018934,1.2011971910784505,0.75487031959048,-0.0033789507443541364
2016-01-31,-1.3104824804342405,-0.35137284381787265,0.5757105020796459,0.01640985944243598,-2.203978796435501,-0.741595152987474,1.1601306204432902,0.8214765242602285,-0.001440242929838179
2016-02-29,-1.537389111673563,0.5590022515284325,0.5905995667886024,-0.017126920066766735,-2.0891738173972576,-0.3504240832797952,1.0882641218317586,0.8281371447272033,-0.004177298228225785
2016-03-31,-1.8622438001030517,1.6817982024555422,0.5260802863831247,-0.02296001085068204,-1.9914162955673405,0.1528011991045618,1.0163976232202276,0.770411767346755,0.009848252832569526
2016-04-30,-2.053925646218613,0.7155228819563931,0.5012651785348641,0.008836966137541038,-2.085645671069595,-0.07538192489158381,0.8726646259971651,0.7459894923011803,0.012034326697218265
2016-05-31,-1.9676866183008739,0.8544748701934614,0.5111912216741685,-0.006862779063696706,-2.2777724244495308,-0.13853975385480294,0.7289316287741024,0.7526501127681552,0.007427026215430776
2016-06-30,-1.4882051249550237,0.5621965501085945,0.5062282001045163,0.015210465612972693,-2.3889734775233915,0.1324277058906198,0.728931628774103,0.7459894923011803,0.008720927022116978
2016-07-31,-2.2978791254055446,1.2010562661410897,0.4814130922562558,0.0034525618790556545,-2.292311298621116,0.7619686462014148,0.636531844844991,0.726007630900256,-0.0015824225553210292
2016-08-31,-2.534498729360447,0.6484426117729815,0.47645007068660356,-0.0025619447152792434,-2.3553557814935555,-0.23225782263893427,0.6159985595274112,0.7237874240779312,0.005809501577226752
2016-09-30,-1.7308752687679692,0.6101110288110319,0.4863761138259077,-0.0030475758916865183,-2.501836071697593,-0.15483854842595596,0.5954652742098301,0.7371086650118805,0.008241056618991001
2016-10-31,-2.4132295820283165,0.24755813996259143,0.49630215696521185,0.0023117834113522183,-2.5645489043911764,0.35857348056537125,0.56466534623346,0.7615309400574549,0.007359769833143489
2016-11-30,-1.994692951484783,1.346396851538482,0.4913391353955599,-0.012314081494580681,-2.594358726784855,-0.09779276742691963,0.5441320609158796,0.770411767346755,0.003703773485974548
2016-12-31,-2.2543358774315814,0.8608634673537863,0.45659798440799493,0.021920346685890692,-2.4548576373511235,-0.39932046699325485,0.4619989196455589,0.75487031959048,0.007931020267835641
2017-01-31,-2.4535733726463516,0.8800292588347615,0.451634962838343,-0.007381988041069385,-2.5901346724943783,0.51952407695551,0.43119899166918785,0.7615309400574549,0.01270170004233279
2017-02-28,-2.634741365143168,1.1403645931180024,0.43178287655973446,-0.011653935806247046,-2.600560649713908,-0.3769096244579197,0.3798657783752362,0.7570905264128052,0.005003480652467409
2017-03-31,-2.2120933459711094,0.5973338344903818,0.4218568334204303,0.020238132457074925,-2.7659672730869582,-0.33412528870864217,0.3593324930576565,0.7615309400574549,-0.0014677571965821378
2017-04-30,-2.386439602795234,0.7442715691778555,0.43178287655973446,0.029869553222601933,-2.7550506074996335,-0.5887939538829119,0.3901324210340272,0.7748521809914047,0.003877205438187697
2017-05-31,-2.266268702859886,0.7394801213076113,0.4218568334204303,0.0037821674171938,-2.7377013414934783,-0.8475373176999698,0.39013242103402684,0.7726319741690798,-0.0024315234733529724
2017-06-30,-2.323538052236456,0.6947599411853376,0.41193079028112606,0.006108824947656684,-2.642477577832866,0.6702879267386779,0.3798657783752369,0.7681915605244298,0.002047151816858596
2017-07-31,-2.5679167839194204,0.8688492138041923,0.41193079028112606,-0.007158537255160298,-2.671278043801978,0.24651926788869274,0.3798657783752362,0.770411767346755,0.0010293427435245175
2017-08-31,-2.0879805586746953,0.5957366852003009,0.416893811850778,-0.013511760736286915,-2.7181768831842006,-0.23225782263893427,0.3695991357164465,0.7792925946360547,0.012090815680999366
2017-09-30,-2.572200107131955,0.9710667683693913,0.4069677687114739,0.00329087348350553,-2.6721021811963293,0.4115445629216199,0.3593324930576565,0.7748521809914047,0.01604219706217134
2017-10-31,-2.645570204333514,0.9295408868272792,0.38711568243286526,0.03871546927178083,-2.73636349328392,-0.3117144461733064,0.4106657063516075,0.7570905264128052,0.00243489843908363
2017-11-30,-2.4289057159434,1.0684928750643474,0.38215266086321303,0.008137189097409498,-2.7564313347002387,-0.07538192489158381,0.39013242103402684,0.7526501127681552,0.008381792536318223
2017-12-31,-2.59535544336932,0.7394801213076113,0.36230057458460474,0.006130560413958868,-2.8445360434744096,-0.3157891448160947,0.4003990636928172,0.7348884581895557,0.00661898777324997
2018-01-31,-2.0804354161192338,1.4597944511342489,0.32602266995040036,-5.882877188235593e-05,-2.8505200376510365,-0.02648554117812321,0.4003990636928175,0.7093774766135995,0.013362275405595281
2018-02-28,-1.2046586303392695,-0.012777194320645986,0.35999743849451926,0.00761692046601525,-2.7044732151382322,-0.3707975764937356,0.37986577837523716,0.7524096913152644,0.008458070947424125
2018-03-31,-1.4373602838829371,0.19485221338991363,0.36735163715698854,0.015388502042783041,-2.3880931221908313,-0.09779276742691868,0.4619989196455583,0.7684581865885549,0.0006043243365395532
2018-04-30,-1.5776917322040371,0.6164996259713587,0.39052386882857937,0.03461672910359896,-2.088834401872823,-0.32597589142306427,0.5133321329395093,0.8056520084674902,0.008181984817644424
2018-05-31,-2.0019938821396233,0.9934268584305294,0.37991085081112097,-0.028289653771115437,-1.9589112063707335,-0.18539878824686748,0.5235987755982996,0.8074789907016514,0.007093558446043584
2018-06-30,-2.174687097920448,0.6468454624829021,0.3679965507110604,0.024408130231283527,-2.16496519991596,-0.02852289049951737,0.5646653462334605,0.807446910750901,0.0028310310524709333
2018-07-31,-2.1554165438791393,1.0796729200949158,0.3630695483713453,0.005071700382643374,-2.355511314912578,0.1955855348538399,0.6159985595274112,0.8145162084035557,0.002453019943205464
2018-08-31,-2.301148179263559,1.1196016523469465,0.350362384371233,0.02030577249719284,-2.504811755783623,0.15076384978316826,0.5851986315510403,0.812669449378559,0.005615033801706394
2018-09-30,-2.6213756003774598,0.5797651922994903,0.3444939872195311,0.002044413176318237,-2.5821216921866816,-0.14261445249759,0.5954652742098309,0.8179035872595403,0.006478849045004677
2018-10-31,-1.2790962281152365,-0.656428358223382,0.3901613071985373,-0.003464490401882017,-2.6975586424459066,0.09371806878413193,0.626265202186202,0.8647816752897015,0.007350007794441662
2018-11-30,-1.4998321737641822,0.8401005265827309,0.42022677078721504,0.002492473899474195,-2.471092673105849,0.08964337014134359,0.6981317007977327,0.8940875963972992,-0.002212284162561331
2018-12-31,-1.1099986551609264,-0.9582895740487347,0.48827998014897434,0.0007697902879605182,-2.264009940150003,-0.4869264878132027,0.811064770044425,0.9650742949511878,0.0021516565281476854
2019-01-31,-1.4765857451730366,1.911787700227237,0.4798586249031724,-0.020869787575386923,-1.8734273657424814,1.4913397032605238,0.8931979113147461,0.9531519710016761,-0.00256033456360741
2019-02-28,-2.248418706090241,1.1132130551866215,0.4318367523055141,-0.01716599420396874,-1.924464245876896,-0.195585534853838,0.8623979833383757,0.8978757874698793,0.00942872110666707
2019-03-31,-1.9180497179783278,0.7458687184679385,0.4216448889078412,0.0011791996898832546,-2.1179201907277823,-0.14668915114037834,0.7699981994092637,0.8842754048847783,0.01188085284616988
2019-04-30,-2.4059272269203205,1.2042505647212518,0.3946981312853999,-0.018374565613307487,-2.3267434530958195,0.012224095928365621,0.7083983434565233,0.8499392048795761,0.01181138119779534
2019-05-31,-1.6887078231595938,-0.538239310757371,0.4175457433506736,0.0036246546837273605,-2.5669115922178243,8.065695901644961e-16,0.657065130162572,0.8699284174446096,0.00077544963690471
2019-06-30,-1.941662184938672,1.6770067545852962,0.4121752794202308,0.0013960315819434598,-2.422266460326098,0.6152794950610361,0.7391982714328934,0.8593022114317203,-0.0010213720162002174
2019-07-31,-2.197106181447323,0.7602430620786695,0.38443635647716634,-0.015232986660530296,-2.4283685900182794,-0.2016975828180208,0.6878650581389427,0.8167044263108345,0.007250406809074547
2019-08-31,-1.3068700544768952,0.15811777971804533,0.4227878965466276,0.021516998009985706,-2.374403322260653,-0.645839734881947,0.5851986315510409,0.8445675197126259,0.0028738347664992595
2019-09-30,-2.1905462800344897,0.7985746450406191,0.40149072164204425,-0.010630219785770539,-2.2757256368757237,0.8719855095567003,0.574931988892251,0.8096056215289171,0.004834427602033627
2019-10-31,-1.7788515115754662,0.8991950503157368,0.4085885528392719,-0.02652296731445603,-2.3400443304347847,-0.2424445692459038,0.6057319168686213,0.827421720740336,0.008882169300988157
2019-11-30,-2.4951608880907186,1.1898762211105207,0.3747150718377712,0.01576865602276477,-2.2319554871891882,-0.19354818553244416,0.5749319888922503,0.8018093924707759,0.00884491097275624
2019-12-31,-2.2727532118725433,1.012592649911504,0.3590970473707267,-0.007300998061898852,-2.5390434670652158,-0.02648554117812321,0.5646653462334605,0.794914544958587,0.009149004311501962
2020-01-31,-1.9110037011191823,0.5526136543681096,0.3377051440402767,-0.020588646283418915,-2.5602880646972452,0.3606108298867666,0.5235987755982996,0.712509622854957,0.006037085987063059
2020-02-29,-1.2519446507668521,-0.7283000762770375,0.3447126999161154,0.010562792099519828,-2.59443993036447,-0.658063830810312,0.5235987755982996,0.6604984272385722,0.0014912220509306685
2020-03-31,-0.038017640282030425,-1.5684006028597646,0.5640420194187875,-0.1228981339930167,-2.273157671788255,-2.530387857171543,0.9753310525850677,0.7939183648820339,-0.014226537223970149
2020-04-30,-0.7863295902712476,2.750291077519883,0.5204092481239632,-0.4143054772692649,-1.6956387573741978,3.0519492834484487,1.416796686913045,0.7094664355153493,-0.02488187736921543
2020-05-31,-1.3383866817118524,1.4613916004243297,0.4631388382368903,0.05195622763969741,-1.404991139005544,-0.8312385231288151,1.1601306204432908,0.618106025495669,-0.0028221718782243887
2020-06-30,-1.0695112652871261,0.9630810219189858,0.4032400962558591,0.20586911435581134,-1.4273302060995412,-0.5521216660978158,0.9034645539735364,0.529786150107163,0.015228867993414053
2020-07-31,-1.754339559629369,1.4917374369358731,0.3683396073107412,0.11772217545861255,-1.693897349931232,-0.8230891258432387,0.8726646259971659,0.5046789432569462,0.016010949090820372
2020-08-31,-2.1000415866845117,1.788807204890982,0.3144082292776106,0.03072311096147758,-1.9440585205648575,-0.6275035909893996,0.718664986115313,0.4653228017321241,0.011722360647723142
2020-09-30,-1.2480078178429421,-0.00958289574048339,0.31706175188240715,0.00039288365516580796,-2.140891702740808,-0.07538192489158287,0.7494649140916834,0.468122914451207,0.008250260674600534
2020-10-31,-1.379492602182012,0.2347809456419445,0.30079810227149845,0.025288722725211772,-2.187020263349577,-0.034634938463699874,0.7905314847268441,0.44918908335492574,0.0038907865646752478
2020-11-30,-1.5624362946749766,2.561827461290298,0.26687502953812614,0.011112876512139045,-2.0901492014268754,0.46655299459926264,0.6981317007977327,0.41756806289036585,0.007144399183022
2020-12-31,-2.140788327221886,1.3096624178666132,0.23194538876321044,0.04146652739870303,-1.9512167798144047,-0.7945662353437204,0.5954652742098313,0.3857231616653765,0.013654334501691727
2021-01-31,-1.6333894331730971,0.5653908486887593,0.20882283795632067,0.016582606322944275,-2.1819365290058466,-0.022410842535334877,0.48253220496313887,0.4375103184916895,0.007696779116581707
2021-02-28,-1.7811753909915313,1.0141897992015851,0.18853268306247375,-0.10380559571969372,-2.2475506553799933,0.7538192489158391,0.4106657063516075,0.48818048767685457,0.010667831476250951
2021-03-31,-1.5637005428414874,1.0621042779040222,0.18068376221504823,0.0910361331267528,-2.304079028155095,-0.3422746859942176,0.3901324210340275,0.5480324838659344,0.016472029438085043
2021-04-30,-1.9416417456802755,1.3575768965690498,0.1408694275492735,0.005527330100506298,-2.154943213164788,0.10797951403389108,0.3901324210340275,0.5621034354441332,0.019599309545117394
2021-05-31,-1.7828843055353538,0.6164996259713587,0.13736287749662787,0.027878177520904743,-2.2346043342154838,0.11816626064086191,0.3490658503988668,0.6116188832031096,0.0208446570855256
2021-06-30,-2.187929942383036,1.0093983513313416,0.12679926009810163,0.011544803960259257,-2.2350459660956585,0.47062769324205095,0.33879920774007616,0.6517877247321178,0.026583490445752606
2021-07-31,-1.9127688432077572,0.7730202563993196,0.11262411921804193,0.014266416201883111,-2.3963645085449534,-0.30763974753051676,0.35933249305765713,0.6561948493444854,0.014497658354702703
2021-08-31,-2.1914380811546588,1.0349527399726415,0.10430758795506224,-0.006524361039315892,-2.3889029334468113,-0.46859034392065524,0.3798657783752375,0.6669070112579727,0.008931314186400129
2021-09-30,-1.8117991575780903,-0.1277719432064944,0.11075422883937701,-0.037236733233844445,-2.49448479108355,-0.010186746606969886,0.3901324210340275,0.6963079851163319,0.014217332418437631
2021-10-31,-1.9043591207268802,1.6322865744630217,0.11274298128679451,0.04220869917829424,-2.397281951839506,-0.48896383713459685,0.3593324930576568,0.7305590874549147,0.03027930563132728
2021-11-30,-1.8325866061074791,0.32262415659641214,0.08741369938729385,0.021301197367534285,-2.3951086415564364,-0.71103491316656,0.3490658503988662,0.7258268642083343,0.02691170853861535
2021-12-31,-1.5555351956604764,1.065298576484185,0.09044879426119977,-0.009119661737038199,-2.302371264955933,-0.19354818553244416,0.33879920774007616,0.759920588194205,0.02169342156975342
2022-01-31,-1.5067529845410756,-0.4280360097417658,0.11028968349218875,-0.012088743424543533,-2.236145404960886,-1.163326462516063,0.33879920774007616,0.78072807697502,0.018994193686180216
2022-02-28,-1.380245916696478,0.20443510913040108,0.13669376978613243,0.01946687667038519,-2.133392727170482,-0.8373505710929976,0.4106657063516078,0.8106409955975721,0.021759862474296322
2022-03-31,-1.2701375551316532,1.0589099793238597,0.1496185506775938,0.01820948459118158,-2.0164950918462186,-0.16706264435432,0.5543987035746699,0.8207940574931053,0.03504891065902973
2022-04-30,-1.2445215575441466,-0.940720931857841,0.15733615435430673,0.0015275613820789357,-1.9427402648188614,-0.5663831113475749,0.5954652742098313,0.8112651578532248,0.00968663377202707
2022-05-31,-1.0449294595711378,0.5158792206962413,0.2272290589316749,-0.0032983006467593758,-1.8749722429688624,-0.5826819059187281,0.6878650581389427,0.8869994974183197,0.029797994506795197
2022-06-30,-1.076633660075819,-0.7778117042695553,0.26414249259342726,-0.009781291302555993,-1.7883169810371935,0.17317469231850408,0.7289316287741027,0.9149683500488934,0.03946160811088639
2022-07-31,-1.45366671175846,2.098654167166741,0.26697003440607936,0.006375363737016222,-1.7383100984206519,1.1368409213379405,0.8521313406795857,0.9018745158123707,-0.0004686448423256557
2022-08-31,-1.4201826967885978,-0.03194298580162062,0.2236004048265184,-0.003932305792258927,-1.7923591250492679,0.17521204163989823,0.7802648420680541,0.8287185972527967,0.001960079915976457
2022-09-30,-1.243089907240944,-0.9231522896669474,0.29112345462447003,0.006075211098494857,-1.8893351811622277,-0.5052626317057503,0.800798127385635,0.8997343823761212,0.013328749537590548
2022-10-31,-1.1334189711044518,1.820750190692607,0.3263561227687546,-0.0012064940520815544,-1.9323521861190252,-0.08964337014134202,0.8623979833383757,0.9070372468047725,0.017576440681939153
2022-11-30,-1.1513553090511655,1.3064681192864505,0.2902592882826364,-0.009236793543430703,-1.8495911069661901,-0.04889638371345872,0.8726646259971659,0.8265708739969146,0.008212225475060708
2022-12-31,-1.5172553884645088,-0.45359039838306564,0.29812939511069286,-0.036993887849140095,-1.7801185021960466,-0.8516120163427569,0.8623979833383757,0.8004945540094384,0.00048366811719761135
2023-01-31,-1.5987818543830379,1.6306894251729402,0.2931708606745636,0.02325813434123523,-1.850970621390332,1.7684192109701296,0.800798127385634,0.7930675651519343,0.016694494344315487
2023-02-28,-1.7149596272796805,0.15652063042796435,0.2737804229313132,0.004269852808122148,-1.9712335601363085,-0.43395540545695477,0.7289316287741033,0.7690726689658527,0.010771055299904447
2023-03-31,-1.4911052781025746,0.9710667683693921,0.3022446422316046,0.011827608627497656,-2.116884865892697,-0.6662132280958887,0.811064770044425,0.8001559205734801,0.0038664152412733696
2023-04-30,-1.9540708330176475,0.667608403253958,0.27260629380617885,0.00723041651901951,-2.1101269373305795,-0.31578914481609344,0.7597315567504743,0.7745721339871833,0.010658605190744996
2023-05-31,-1.8261862872454717,0.6260825217118461,0.2696952368199787,-0.010065209493293929,-2.201943664039907,0.6621385294531019,0.800798127385634,0.7795947409826324,0.005072690015041778
2023-06-30,-1.920034370077416,1.6035378872415595,0.23398958165237255,-0.025181647786198344,-2.2306877806745327,0.00814939728557729,0.800798127385634,0.7458320573717171,0.007042675745024212
2023-07-31,-2.243104361203999,1.082867218675078,0.20794037280979957,0.024697937043700394,-2.3415351966762445,-0.5358228715266623,0.7802648420680541,0.7169373812829632,0.006148557727228906
2023-08-31,-1.834066894829921,0.18846361622958877,0.21879731852287773,-0.0020984071905232383,-2.4162296399694365,0.29745300092354754,0.7699981994092634,0.7325214570437281,0.015191822890124072
2023-09-30,-1.949848701004804,-0.26672393144356166,0.21103520002215043,0.005663878511876103,-2.4182662119893896,-0.7069602145237717,0.7289316287741033,0.7260399376739283,0.012255087291595867
2023-10-31,-1.7313637852656656,0.06228882231317155,0.2587537033630092,-0.0171725259704386,-2.425971078842568,-0.6845493719884358,0.7186649861153127,0.7925122103445142,0.004294083867622909
2023-11-30,-1.8395712926514114,1.9804651197007301,0.22790925444140497,0.012351375382510526,-2.29372283183087,0.5072999810271459,0.7083983434565226,0.7644968623366944,0.004614944228792869
2023-12-31,-2.0664087041569252,1.3479940008285625,0.19396526832751557,-0.008123098195253196,-2.2951453240016586,-0.9942264688403479,0.5954652742098303,0.7320983343174988,0.006045680788382929
2024-01-31,-1.973926127705453,0.6819827468646891,0.1772139758303172,-0.043119060308049684,-2.3252677274485243,0.28930360363797086,0.5030654902807189,0.7078272508022967,0.009737949185516204
2024-02-29,-1.8669559052699614,1.3799369866301874,0.14882392619850754,0.033647380810259926,-2.38795270121652,-0.48488913849180854,0.43119899166918724,0.6695160443458271,0.012872802140812864
2024-03-31,-2.076001090747276,1.0221755456519914,0.12905519405057264,0.00540384636530115,-2.395029660097994,-0.12631565792643668,0.4311989916691882,0.6419964906746488,0.013921460079837312
2024-04-30,-1.7641671927646156,-0.17568642190893144,0.14045689872918787,-0.006695517877048362,-2.3975086042561866,-0.9371806878413114,0.4106657063516075,0.6579123365542886,0.006819381834617795
2024-05-31,-2.05111796273883,1.2633450884542574,0.12795950935759134,0.019418044561180372,-2.3433009593179253,-0.5093373303485386,0.3901324210340275,0.6446569014137731,0.0015255175605165593
2024-06-30,-2.4290142759211615,1.012592649911504,0.10890956624455746,0.0009655609317714966,-2.390893646729252,-0.5582337140619982,0.3798657783752375,0.6234745168310452,-0.0013141171473467132
2024-07-31,-1.7127348563265299,0.7682288085290757,0.09848602034088311,-0.028593618389512916,-2.4821222440036808,0.5460096181336348,0.4106657063516075,0.6114752969732917,0.005268703898284708
2024-08-31,-1.4453810658218145,0.8273233322620814,0.1099486948549655,0.014304005632508873,-2.4688306727398994,-0.195585534853838,0.42093234901039756,0.6259587709294515,0.004939280280319997
2024-09-30,-1.791560744692465,0.8480862730331374,0.09725335100640305,-0.01947250723492086,-2.312291116304112,-0.04685903439206455,0.4311989916691882,0.6111510366367372,0.006702074997628007
2024-10-31,-1.9344831442474422,0.41525881542112364,0.08224307049904221,-0.010667296042232726,-2.147555083985716,-0.4421048027425311,0.3695991357164465,0.6004518380711575,0.008973640416535252
2024-11-30,-1.8654423402927363,1.6099264844018846,0.07156963207711955,-0.0055902754078924815,-2.2048611170311,-1.0940565855886615,0.3285325650812868,0.5947034270920126,0.008928174388036081
2024-12-31,-1.735514140856591,0.06388597160325285,0.06707054761075268,0.032740842238182126,-2.313416838031761,-0.09371806878413036,0.28746599444612514,0.5964781673966999,0.010679477629980401
2025-01-31,-1.7767255446933579,1.0173840977817479,0.07398423779628065,-0.008222908728059442,-2.298932809489247,0.3748722751365255,0.3079992797637061,0.608593680937695,0.013422819709202217
2025-02-28,-1.8590870755951328,0.18047786977918256,0.07147449765740406,0.03248190180357304,-2.2581637812456954,0.5072999810271459,0.28746599444612514,0.6088680930064265,0.00707191012467784
2025-03-31,-1.397221575425856,-0.45039609980290335,0.11412901840305975,-0.0018302778287923233,-2.2565214009947017,-0.8740228588780928,0.3285325650812858,0.6665905191961583,0.0010416975193260122
2025-04-30,-0.6512895332051543,0.43602175619217953,0.15676883800649863,0.002720588568424737,-2.169097028453455,0.3178264941374892,0.42093234901039756,0.7241968839131009,0.0050790481164091714
2025-05-31,-1.5855433055442205,1.5380547663482287,0.10644642632473293,-0.005045043424642702,-1.8782525133976706,-1.189812003694187,0.44146563432797814,0.6629701736044459,0.0031190141299194656
2025-06-30,-2.0323921346665426,1.3463968515384812,0.08584804874246328,0.015962254743368185,-1.8075610619647409,-1.3018662163708656,0.3798657783752375,0.6395362663480458,0.007985771357606185
2025-07-31,-2.4079793805272756,0.8864178559950867,0.06187954596548665,0.012863136009761807,-1.9717071097136363,-1.2203722435150994,0.3387992077400758,0.6183839261800125,0.007173857880239421
2025-08-31,-1.9059248778001305,0.8640577659339495,0.054062026157868696,-0.00830304926307434,-2.425685480347263,0.0774192742129786,0.33879920774007677,0.6176893853174729,0.010941049440907836
2025-09-30,-2.312944854077662,1.1116159058965402,0.040797895495600874,0.0013385620021552985,-2.508481145373445,-0.6438023855605528,0.3079992797637061,0.6094459447779372,0.009270531476361882
2025-10-31,-1.7380637567418638,0.8832235574149243,0.02859295991986149,-0.013858876983269592,-2.580983907673373,-1.7500830670775804,0.2977326371049161,0.6015013853193748,0.00396028320420132
2025-11-30,-1.7265737555730198,0.549419355787947,0.029185177558602237,-0.005745027392739909,-2.4078587519654837,-0.19762288417523216,0.2874659944461261,0.6068290161668732,0.00396028320420132
2025-12-31,-2.1564236572784288,0.5126849221160787,0.02077096720867347,0.01429404383908041,-2.361509346369445,0.11409156199807359,0.27719935178733607,0.5997679116444689,0.009355299399424193
2026-01-31,-2.044098492498183,0.7346886734373697,0.020840351273155363,-0.014093106251293805,-2.321059839587779,-0.22207107603196213,0.2258661384933844,0.6137196827304784,0.0053671801394634105
2026-02-28,-1.8440706944207153,0.3833158296194989,0.02577104991789109,0.026942026571332458,-2.40014787604893,-1.5320866896884056,0.19506621051701376,0.640422472071001,0.008388148964230839
2026-03-31,-1.4969043881102122,-0.25714103570307417,0.0486448777018161,-0.005293262064106133,-2.430512410194686,-0.09575541810552451,0.24639942381096447,0.6933945702140295,0.027179295143284047
2026-04-30,-1.7708471144678386,2.1593458401898276,0.0257420770582207,0.026084826591089454,-2.2600739667353125,-0.4380301040997431,0.2977326371049161,0.6912227236242983,0.020107380022249297
2026-05-31,-2.0161076954651076,1.3543825979888875,-0.006670800734293465,0.0018773915113140813,-2.1894580776751518,-1.4526300661540332,0.2258661384933844,0.6712916511145008,0.014857038664778745
2026-06-30,-1.5739392539305912,0.39928732252031124,-0.006502680570739383,0.006195058759840735,-2.233917307368934,-0.154838548425955,0.1642662825406437,0.7004713065368214,-0.013272652574608412
2026-07-31,-1.8909732476784522,0.47435333915412914,-0.008780252386686699,0.006213414225123163,-2.253825296773226,1.7806433068984941,0.112933069246693,0.6967872183146514,0.0023143844270329624
2026-08-31,-2.012387709852502,,-0.02494274643434717,0.0006951141196194091,-2.2848692891482054,,0.12319971190548303,0.6706435623627444,0.012441278187544287
