target_month,v1_q0,v1_q1,v1_q2,v1_q3,v1_q4,v1_q5,v1_q6,v1_q7,v1_q8,v1_q9
1950-04-30,-0.4694592075040967,0.6257621279419269,-0.6746813656039542,0.8496789806994435,0.8599181138484865,0.8622378650830386,0.836249473466676,0.6828220555089489,0.7173192842174797,0.7041979650974134
1950-05-31,-0.3946009335201258,0.2790964684134326,-0.7239195275465584,0.8568584541605173,-0.6869761206225506,0.8270351247305763,0.8494201704092679,0.6769961819778172,0.7190281712631568,0.6776021172819542
1950-06-30,-0.35214766123603175,0.21299968430542965,-0.721054156114456,0.8569973340376693,-0.6854739356854392,0.8267918686461474,0.8391044641469237,0.6660339638524778,0.7100734620695414,0.6548459298022876
1950-07-31,0.39885176398992067,0.842642202659771,-0.7248461474361102,0.8390453735683784,-0.5801257492352102,0.8583206524740695,0.7955792137978775,0.6752314695218672,0.7178861096958763,0.6714132809658776
1950-08-31,0.19811829173528503,0.5293652068655353,-0.7903587402934202,0.8396078587201302,-0.43583446732419634,0.8592039456144066,0.7969476562438768,0.6922902458375327,0.7303666289495444,0.7062468412232296
1950-09-30,-0.3100027258649103,0.15923341075548644,-0.7777509397369775,0.8616421019691323,-0.4407511954596425,0.49155422702804585,0.8585468377434435,0.6777593906495625,0.7151871545206092,0.6990276558883788
1950-10-31,-0.20177564358362887,0.13848491123020498,-0.7796492968476751,0.8623849552260815,-0.3550200336781591,0.8663741742138654,0.8573066506181722,0.6785967835421159,0.7213379329340198,0.6913435234729687
1950-11-30,-0.042054044221945606,0.6881024196057559,-0.7800909070362403,0.851830424964469,-0.4231620330749955,0.7357224334290431,0.8440619439773818,0.6816737846063929,0.7233350126500977,0.6956904886538486
1950-12-31,0.08299435663305453,0.38291519630514476,-0.7910558852013941,0.8575427929724981,-0.490560753295789,0.8517713520075959,0.8512514799453009,0.6895419421833987,0.7312964659534734,0.7062157899114584
1951-01-31,0.21499645005844462,-0.026963199701707338,-0.8126134042393279,0.8469794074384244,-0.39681814862854253,0.32085234885859376,0.8444790727989303,0.6839813890084417,0.72810101908452,0.7041575187661372
1951-02-28,-0.08223766576234194,-0.010120346412337212,-0.7928461754239975,0.8592216958845172,-0.3842559723765324,0.7191698343874791,0.8718419593248972,0.6742964114956507,0.7193581243085083,0.7004242352525059
1951-03-31,-0.4175725223894321,0.5938555987410865,-0.7502755882602626,0.8629966314871406,-0.4160997483008077,0.7960078705588166,0.8782470894521145,0.6802041689163435,0.7207454266618171,0.6953925613156781
1951-04-30,-0.1267015837549194,0.8205455761053377,-0.7789651155223308,0.847719559559094,-0.40751705898606916,0.8522190607722765,0.8570931298281846,0.6741000779094396,0.7164506859115675,0.6840999349250573
1951-05-31,-0.3242332255846384,0.10115843415972385,-0.7943979994167161,0.8586860627003254,-0.5575059043809004,0.8200527558218031,0.8739341251342644,0.6643187018937412,0.7098037664053217,0.6796819041360825
1951-06-30,-0.15217262918002644,0.8526464237303478,-0.7730517782763547,0.8561123608244517,-0.5972571373770718,0.8229400854037338,0.8626345492222177,0.6730224975093123,0.7137335799851406,0.6786047379432537
1951-07-31,-0.08439426233898326,0.833041251888742,-0.781207870271228,0.8465323472581701,-0.45647311486588216,0.7799764477979327,0.8111080723772572,0.6692290481028811,0.7106612730077486,0.6769616705299071
1951-08-31,-0.21020323457539378,-0.15594704857347622,-0.800421580513267,0.8636035497940292,-0.5938992360052818,0.6177805132212599,0.8588135089820627,0.6549240121537773,0.7023524622612393,0.675479594651838
1951-09-30,-0.48425763554458207,0.2773670404428875,-0.7343953575984644,0.8605942319048002,-0.5838188070825137,0.8601622453412031,0.8599967886185574,0.657136517035617,0.7002095423050542,0.663736074723655
1951-10-31,-0.5856748474493085,0.6605512287372477,-0.7107084055446402,0.861532201648006,-0.6107907849073816,0.8538087172555968,0.8460937016779368,0.6678073065751999,0.7100026379629745,0.6621969969796995
1951-11-30,-0.1565560168554563,0.8636715171303794,-0.6852809436669912,0.8586289004764435,-0.6586041447949759,0.7928095691345726,0.8430634620738929,0.674652236242096,0.7142864998696045,0.6677169773755686
1951-12-31,-0.2915058918219191,0.6534352842200717,-0.7028345780311511,0.8587836952182731,-0.6558596033244787,0.8562728255352955,0.8439504475903946,0.6772086635286073,0.7165315995978804,0.6734647784399047
1952-01-31,-0.5449472517104257,0.392190814917092,-0.5932909204623633,0.8636942706314215,-0.6880611287441284,0.857374964537793,0.864723757237678,0.6697924742720736,0.710359003784329,0.6628111827843415
1952-02-29,-0.46008392793967257,0.6083996005788486,-0.5401116586251462,0.8621160386609359,-0.6561079004181624,0.8465376792896273,0.8612460591354478,0.6747460742019848,0.7131006015471457,0.6598679629290034
1952-03-31,-0.3266156250064722,0.8648789463518625,-0.6174321983754364,0.8587921101748702,-0.652982197296589,0.8599806062909924,0.8429404988428676,0.6779293130513592,0.7159377266204293,0.6625114539833096
1952-04-30,-0.398426323025033,0.2068646343182954,-0.6093453550311717,0.8641810479455363,-0.6952313915628383,0.8690816434712667,0.8695777918321772,0.6766146640225688,0.7195526165197921,0.6676179929439887
1952-05-31,-0.3223354561657762,0.8674876192746519,-0.6359526374529374,0.8592266030583682,-0.6340616642171928,0.8648946378032563,0.8480619818988222,0.6729025012863981,0.715174503129993,0.6595236102804238
1952-06-30,-0.4433769331950427,0.35974977582555695,-0.6422730891783224,0.8647668723915577,-0.6554043977945073,0.8407563155606197,0.8639772669762837,0.6695428174463305,0.7153481610250167,0.6650080803457654
1952-07-31,-0.6066272532556406,0.3586212188662836,-0.5564986226882659,0.8584195951904533,-0.7185908383787091,0.866028088548998,0.8786123833127503,0.6595909110195927,0.700098599090529,0.6462191450011564
1952-08-31,-0.551567004012562,0.6563425896150479,-0.5371891914647479,0.8596592512452073,-0.7157157974397794,0.8622754013185712,0.8712782719641736,0.6724974950479663,0.7114191634265608,0.6496142104009046
1952-09-30,-0.5858371920222125,0.792736757324138,-0.5330076459385674,0.8439381578420354,-0.7398716095634961,0.8604461053858388,0.8664583469168046,0.6727322896615313,0.7110209670830916,0.6480535533900915
1952-10-31,-0.47837361425643377,0.8520638297482657,-0.578353794060914,0.8531350994547675,-0.746609280596974,0.802636929737494,0.8596848573537066,0.6710438443082889,0.708700338573075,0.6464103584380445
1952-11-30,-0.2436427475825495,0.7640286529931097,-0.6026027927993692,0.8570146366066025,-0.7223142329021028,0.8671421271722082,0.8648177612752928,0.6755664255490774,0.7127428312626649,0.6580292534366377
1952-12-31,-0.5421762091830294,0.0482304688661064,-0.49042778399614345,0.8652346947508466,-0.7400166508210538,0.8494372688053208,0.8792144983540146,0.6692605403926607,0.7127635633798496,0.6557361800532883
1953-01-31,-0.6331865550877132,0.4738230228567852,-0.3722481987971146,0.8605556776897466,-0.7255278411123391,0.8439916308214382,0.8816198473712241,0.6684482319078014,0.7072151353884514,0.6432447571958247
1953-02-28,-0.5108844545174004,0.7602117867592685,-0.4143185641686378,0.8614295860967791,-0.7089640335587877,0.8285976940963986,0.8820614227294141,0.6827388187602652,0.7173007033792911,0.6504934500972304
1953-03-31,-0.09853329911809229,0.7293366725183815,-0.4851131981932026,0.8578927075946996,-0.7035989233036541,0.8534861383932082,0.8794839149026006,0.6843560252190215,0.7188982598141882,0.6621053979967013
1953-04-30,-0.3309818419023006,0.8130952946261761,-0.4776347344488892,0.8588779720954575,-0.6615265409642775,0.8676984214851179,0.8816065504475737,0.6897026403010801,0.7263969467986265,0.6742109095389935
1953-05-31,-0.14565913044111178,0.8688990659171419,-0.5645393813875924,0.8574896918917394,-0.5989284832423685,0.8670063725393392,0.8825718454296562,0.692187352947918,0.7282382783184121,0.6818518608828349
1953-06-30,-0.39253058045864464,0.6637501250214767,-0.5584619053567633,0.8602679098584195,-0.5588382111877284,0.8661702345772783,0.884322573667455,0.6866711614767455,0.7232405292066987,0.6820974832865464
1953-07-31,-0.21610750407269766,0.8383795398379551,-0.6105808628297659,0.8588215485604839,-0.6047354726548285,0.8606702820409792,0.8771590060669082,0.6873563258879004,0.7240886765226798,0.6820351837187068
1953-08-31,-0.41926090449313186,0.4737348982536729,-0.5806421960177278,0.862131033537553,-0.61345454028773,0.8676262196738919,0.8612550367233694,0.6791947282463099,0.7197452187569885,0.6776192113720699
1953-09-30,-0.3640120855669414,0.875643089582598,-0.5734429456267288,0.8599514449383274,-0.6370453673561849,0.8654869162848848,0.8441995507313083,0.6806411169357851,0.7193512677858802,0.6710371188318136
1953-10-31,-0.16731183228667054,0.6733998444062621,-0.6739893664624645,0.8611982768587827,-0.5958219841640541,0.8446437647101529,0.8363576302116394,0.6805509525906411,0.7189443382153259,0.6773974134622155
1953-11-30,-0.4559587448778519,0.2176784645237656,-0.5944158102405122,0.8639914786676461,-0.6695478936325372,0.8657538172629076,0.8468730331540402,0.6723990955983683,0.7122719242517448,0.6712796247321322
1953-12-31,-0.5120068605476199,0.4592406281664606,-0.5616715282807111,0.8573523967946842,-0.670678342579369,0.8502244869650838,0.8543662091209997,0.6729005429604517,0.713314127938656,0.660698522591301
1954-01-31,-0.47528642752324457,0.7183876758106981,-0.5919359200346993,0.8611811556840608,-0.6538486993861393,0.8020920969431881,0.8457923510664717,0.6761777034356725,0.7153539456181245,0.6588176046830566
1954-02-28,-0.5498479075753382,0.16178918307433868,-0.48369602242987797,0.8643987328341453,-0.752846211130102,0.5607624604408148,0.8592633817662786,0.6627140819204654,0.7109944437965713,0.6522724625055528
1954-03-31,-0.6040824807236329,0.6183861730547486,-0.4375951411813173,0.8584825638771274,-0.7486570814648119,0.8649654564865215,0.8583498315717251,0.6664419104219379,0.7061283187429113,0.6414287975655113
1954-04-30,-0.5492982767375241,0.3347162088854975,-0.4698785044305994,0.8641270998860867,-0.7416198145284159,0.8625453522318234,0.8475692773804722,0.6822200130404319,0.7194797263269421,0.6500938230960407
1954-05-31,-0.36154204381048866,0.25183256450099983,-0.40092122776176364,0.8633015143344183,-0.7416605287523907,0.7933983463340271,0.8573657388567748,0.6809857439927753,0.7190403384752055,0.6510781160474013
1954-06-30,-0.5174164804556187,0.4237539816826224,-0.2763941452121014,0.8640259005382935,-0.7362147591874393,0.8125717365788452,0.8703131322641114,0.686566331504502,0.7253438943083627,0.6591352276952774
1954-07-31,-0.3459556972776557,0.6565977998776797,-0.24762253501132583,0.8619398249089514,-0.7136320475469002,0.851194252580173,0.871275512330004,0.6956446971122487,0.7299764952210617,0.6667071876793849
1954-08-31,-0.4313928863506633,0.1534713493027614,-0.2124626199606316,0.8664237082628691,-0.6726911010006333,0.8707992357756421,0.8637852829718505,0.7002107227318032,0.7366323699672538,0.6718850519927441
1954-09-30,-0.22821731735699533,0.8658031844734493,-0.19804173119713447,0.860890564264075,-0.6517219126257943,0.836485525690017,0.8520788080823916,0.7003359476924074,0.7347510366195784,0.6734433346275044
1954-10-31,-0.3636227373747037,-0.057483463455751976,-0.18105246577232176,0.8681233799469211,-0.625231967332344,0.8602926297333204,0.868579936271394,0.7020234261331639,0.741454934387419,0.6814717565815605
1954-11-30,-0.4459580809595101,0.8432888285807739,-0.15503243080677007,0.8608734393763339,-0.6325928278901344,0.8694083578850634,0.8622292559606163,0.6962549211434327,0.7313516342096883,0.671802717637385
1954-12-31,-0.21624958362959226,-0.4330403322516094,-0.1229642832118609,0.8661570327741932,-0.6516536092074438,0.854921881781183,0.874038586958052,0.6957819806341325,0.7401483559321722,0.6760085818562402
1955-01-31,-0.10411117018022464,0.09676778971946354,-0.03761063342381705,0.8632521629200546,-0.6510100675188492,0.867146515225102,0.8797705232637206,0.6969458429006666,0.7375852929730232,0.6792025077763352
1955-02-28,0.014534161692707154,0.6794391391975149,-0.023535283567025125,0.8598502962923246,-0.5764305401656413,0.8556188960959054,0.879490470072868,0.7184075218741565,0.7518146264092135,0.7017208594839596
1955-03-31,-0.38972432748295627,0.4160049417150293,0.031814060779002076,0.8664403936861725,-0.498756760193324,0.8584819440590928,0.8798695648015874,0.7214439139137793,0.7548896537544395,0.7055456770738852
1955-04-30,0.03381850730355962,0.7360114491921889,-0.016556738688263097,0.85638322996585,-0.4970625907608149,0.8700294760520355,0.8855170730982651,0.7183659019723678,0.7499222649317141,0.7033962353136474
1955-05-31,-0.3924113349021918,0.38676672987332983,0.039226387111709275,0.8647588731624123,-0.5003947734862585,0.8678542172724726,0.8869759335133145,0.7186020719010393,0.7537152680167629,0.7058846980268669
1955-06-30,-0.3701187773577882,0.6537385114831765,0.03864348658956694,0.8615723491253641,-0.5909622587040446,0.8677260728154829,0.889447355948246,0.7103593999430827,0.7438746502958414,0.6897010491722134
1955-07-31,-0.01936625993073745,-0.09054879855689005,0.10622466027708843,0.8642143391694566,-0.5720035240496743,0.8488404614786678,0.8902541525981045,0.7125102570778508,0.7500729439885379,0.6946702728553193
1955-08-31,0.01684849809659152,0.5175736772904428,0.1862581954842931,0.8589886606202941,-0.559007297177658,0.8085802201880052,0.8842753319948085,0.7176908330684362,0.7523898292269835,0.701786256281647
1955-09-30,-0.2147679154423095,0.6999275888498894,0.18320510428953368,0.8627441183594858,-0.5026732125133874,0.8011354724137362,0.8877745513834406,0.7244139235530594,0.7573840298242213,0.7115945037637047
1955-10-31,0.3146009796288098,0.7554107293101651,0.2554048660255616,0.8562454698071889,-0.47007693569917963,0.8078539966773486,0.8836874345982757,0.7268735167008555,0.7567016423912645,0.7208997499230545
1955-11-30,0.1355390661201788,0.8614813949373051,0.08620857155220295,0.8512593016523494,-0.3243769076675065,0.8760472769380386,0.8656678781023562,0.7306438033780703,0.76162898990337,0.7253483706777925
1955-12-31,-0.06982408293418502,-0.15036746410104262,0.2686863283183165,0.8662341355383156,-0.39891741171983186,0.7012749820125295,0.8902928598506971,0.7173263740735972,0.755747399768849,0.7228942814396256
1956-01-31,-0.3227069353973739,0.6021987205782547,0.2768752370627387,0.8620635338676594,-0.36161854970642654,0.8635205702365141,0.8889559776264526,0.7160864383298586,0.749413655146264,0.7076332809232144
1956-02-29,-0.11980261019287627,0.8705853570833307,0.11113136241185545,0.8542655435685976,-0.4152368477560935,0.8635146928318952,0.8650105885237448,0.7182194501897426,0.7518391665562151,0.7053065840553273
1956-03-31,-0.2668215023560256,0.3154426571046189,0.19840232306478073,0.8648523558947497,-0.5642024643281176,0.7815369045949577,0.8874252043870435,0.710604744677568,0.7493224018473926,0.706673203234549
1956-04-30,-0.28081904146154474,-0.057129549507453074,0.26963196430740083,0.86553734076814,-0.6016663656806733,0.6974871489322255,0.8903487922355015,0.7093515126285851,0.7480180481697022,0.6906531878184731
1956-05-31,-0.24912256725485,0.6710532554616495,0.17923237993502397,0.8565025484975501,-0.51849393136894,0.807416182066726,0.8815165738079072,0.7096416585749012,0.7449735669198787,0.6872796451963141
1956-06-30,-0.0025310562262522767,0.8694549778712414,0.1090830587637611,0.8578179986399889,-0.5229258574089227,0.825600772372849,0.8750762827415298,0.7179256490864993,0.7519190898380875,0.7018557869749341
1956-07-31,-0.22513226271662776,0.3375923363297734,0.14246440700988258,0.8642028579973879,-0.5572781187373991,0.8771700881648101,0.8835715398944572,0.7119870665810419,0.7482124455488486,0.7055772478405118
1956-08-31,-0.48577314241221964,0.2016125207639604,0.24461472332100231,0.8560017559588704,-0.5897563355539097,0.8047219328126188,0.8867636617462612,0.7056942623989363,0.7393014314159739,0.686610773443885
1956-09-30,-0.08113292897927883,0.8802561358876985,0.17403210234871425,0.8459325886417269,-0.5508736209025197,0.8284908653299753,0.874024355534058,0.7136305731526599,0.746857961692233,0.6911845116444789
1956-10-31,0.02624891891813889,0.8744761180929171,0.026853602996148977,0.8459854119587024,-0.4977969601777927,0.8242435763822538,0.8519642207713936,0.7133479433231706,0.7471935117391615,0.6996673967071438
1956-11-30,-0.07539583411766335,0.6572297988048155,0.09603758227114165,0.8579550212750923,-0.525989584678614,0.8767746888519588,0.8525424072795402,0.7133010163268478,0.745177856834514,0.7121240333024383
1956-12-31,-0.07787217090317114,0.69799522654836,0.1366858715079278,0.8605121638097537,-0.47262897488117867,0.7968974311877365,0.868439823381345,0.7217744605573003,0.7519080799674779,0.715274225900462
1957-01-31,-0.25357439379421187,0.3729282845255994,0.19038941128300513,0.862026082437416,-0.47657373251523033,0.874159008928503,0.8518390378492551,0.7187898772824066,0.7524186893965685,0.7116829920661629
1957-02-28,-0.32457842796390957,0.8890361547939285,0.20470657967976225,0.8616840394117424,-0.537108954699931,0.7213166684331707,0.8263941516987419,0.7171337994503919,0.7480057388560242,0.7037334009708485
1957-03-31,-0.216979088192341,0.8511315337496463,0.07529740411791877,0.8606509047752222,-0.5269027396976578,0.8681106306298694,0.7683955577958368,0.7189720239611574,0.7515278593776304,0.7022453684329104
1957-04-30,-0.5461229017904352,0.5434989706657181,0.16601821102120104,0.8641932238284666,-0.6220201871817128,0.8728618166515179,0.814199980102335,0.7047321254003482,0.7396703116377665,0.6881047077770874
1957-05-31,-0.6320228359421337,0.32003420524493703,0.24184076306177818,0.855335205431895,-0.6970568493374127,0.8226339900887549,0.8298818960717003,0.6946289707676694,0.7302556694084819,0.6610768703539927
1957-06-30,-0.49689803837841445,0.388846581324771,0.2755613891886234,0.8603481993251311,-0.7187658762611357,0.8671226112932278,0.8132501998753685,0.7033750623244739,0.7373707157316591,0.6606299456141749
1957-07-31,-0.49548910619905906,0.7922245218150978,0.2622369561027758,0.8598892663498512,-0.7209192175294037,0.8245267549648936,0.8212006683496633,0.7042018879472507,0.7361245086912589,0.6613144713093362
1957-08-31,-0.46313515938734573,0.6829885452535603,0.2958420303505484,0.8607154166642635,-0.7197390372896185,0.8726157537987559,0.8174369587696607,0.7067179164260026,0.73962691508579,0.6687878401842872
1957-09-30,0.007782916225909889,0.863588166835234,0.15324419524485386,0.8571954985555476,-0.6531614654703244,0.8760628046831548,0.8009257252860015,0.7047341561785173,0.7376945596780243,0.6739629421086529
1957-10-31,0.038175158707646664,0.85641409802663,-0.038711447670680216,0.8577877228534107,-0.5177706602271386,0.5619370014393014,0.6991057481307036,0.6983540837741046,0.732117417698179,0.6804801510774593
1957-11-30,0.3571598598757242,0.8859538677411473,-0.13020053450662722,0.8587040631290322,-0.44248535359100283,0.6255822237218146,0.6635495908421519,0.718784708697099,0.7481959893563609,0.7192964586568354
1957-12-31,0.11187772568829801,0.508913324515544,-0.05617368875837177,0.8619448505644336,-0.40351508863885027,0.8712834191999594,0.676874040305012,0.7158924110136713,0.7463046893095171,0.7351177662265951
1958-01-31,-0.17868579167174184,0.8910041448493915,-0.09045467532860604,0.8633175488412774,-0.350388412461154,0.8137014021783759,0.5111685538799642,0.7262097567847265,0.7569751785543091,0.7297681103424758
1958-02-28,-0.4395545915030064,0.23243068580184123,0.03984316280007065,0.868758411466895,-0.45407268730509837,0.5020664252768917,0.5742770263612901,0.6973881314676191,0.7465366889597516,0.7085373792760692
1958-03-31,-0.45196357652258073,0.8614727464806468,0.06630779606708462,0.8499226209417942,-0.5781439835250476,0.8699360247996931,0.6847691382471685,0.702121810354099,0.7380734838603052,0.683569401374906
1958-04-30,-0.46659796333742715,0.3871645262745056,0.04276325599337506,0.8680102782837621,-0.6290173736457555,0.8744935242432094,0.6604343095675227,0.7182118851129565,0.755273708238282,0.6912377172309457
1958-05-31,-0.41903212294867925,0.45026106977185876,0.10356584844533175,0.8578807746830013,-0.6896771801053329,0.8458991400355842,0.6700631462277227,0.7080601022624853,0.7437233863335899,0.6752458344911711
1958-06-30,-0.5330218743162913,0.5324448817542782,0.167094004293497,0.864280187673753,-0.6866469729449395,0.8734829277376698,0.6807418060497074,0.7120828727145768,0.7460686610398087,0.6751695485910377
1958-07-31,-0.47699784733965156,0.47994763276690944,0.25137406400106,0.8631820739999686,-0.7164520753754596,0.8597863208112358,0.7377648867810739,0.7121313377661506,0.744853781214374,0.6718567420484315
1958-08-31,-0.479512047035137,0.2818422850404243,0.28818385179249817,0.8637271915436946,-0.7082377440854024,0.8104535243894757,0.7922545926973181,0.716982939418265,0.7489149788083502,0.6717743334341346
1958-09-30,-0.47991511371227685,0.572518814533566,0.31469844521372153,0.8615364006963104,-0.6969800675212542,0.861111820968975,0.7987723580667041,0.7183576018270261,0.7474901545107828,0.6704109609258362
1958-10-31,-0.5340300803168688,0.23099879255308436,0.3616325925685423,0.8640952928138367,-0.6987230446128357,0.8204012687612757,0.8185113959704792,0.7174705846239816,0.7497143270491528,0.6720137184809819
1958-11-30,-0.35845753027528987,0.49958468747551243,0.39872163804159655,0.8606871168889052,-0.6947425913541581,0.8730291121463236,0.8015368507704623,0.7149633342188004,0.744848452768968,0.6702429904451959
1958-12-31,-0.1874248081943382,0.41340728044214237,0.40280818664059914,0.8580122520820684,-0.6605486524433543,0.8804747474919329,0.8011578451862599,0.7230904382825519,0.7527322240459208,0.6854528866891737
1959-01-31,-0.40740480701016746,0.15237991663193606,0.44787489279927917,0.8645888101896511,-0.6457874161782482,0.8551232633109618,0.8178661649653072,0.7203908517285409,0.7535860097082734,0.6875002136879713
1959-02-28,-0.43928960811926704,0.6784041327161862,0.4667097235337866,0.8603478093106731,-0.5989752971474043,0.872490141906707,0.8146249595419568,0.7163722198020448,0.7462664088906383,0.6802949932511537
1959-03-31,-0.21997287508303,0.6344574880305677,0.41728741402069885,0.8576569864978439,-0.5958377741534503,0.8778834569846773,0.8017888327776456,0.7203240791363515,0.750129230406677,0.6898048266435476
1959-04-30,-0.4601573095259302,0.7083573106635876,0.4505037457663005,0.8594628704083914,-0.6199568811789168,0.8715009555852815,0.8180872985746079,0.7148333220670706,0.7461306357477142,0.6868767537771954
1959-05-31,-0.4843000625873907,0.3473955496017697,0.4875847913744886,0.8607618805187179,-0.6617432930391854,0.8650027603762814,0.8579960931697886,0.7089900810423689,0.7426316479931617,0.6778457541637796
1959-06-30,-0.46234867955045433,0.5690810571598,0.4802461714336372,0.8586547982237835,-0.6538138436692784,0.832685921506735,0.8624423929127922,0.7060806887890827,0.7379763219514899,0.6701189779970362
1959-07-31,-0.2887633113785037,0.7403351752836286,0.4497852087337962,0.857735567935665,-0.6660574526383113,0.8710728227498923,0.8570979039377664,0.7105760795363552,0.7419085371723886,0.6780463746334178
1959-08-31,-0.4770487140047821,0.39514801255952936,0.5073720478749649,0.8583209366057017,-0.665691760812265,0.8600978293401453,0.8579306947333105,0.7088085231323846,0.7418819739860432,0.6782161168473482
1959-09-30,-0.19420106090535608,0.8127919249481436,0.4607342698519794,0.8535368372338784,-0.6233585822520044,0.8530354616950789,0.8222088152109382,0.7074381455190629,0.7388257313091574,0.676865013218163
1959-10-31,0.011519158094849904,0.8788320334261118,0.35018344622623665,0.8519452148098942,-0.527924313232559,0.8704520437247719,0.7932831622538018,0.7103874366150541,0.7427013424227603,0.6894937898075463
1959-11-30,-0.40568714555337876,0.6080608066834972,0.4327596518580978,0.8614194505374905,-0.5848380602451013,0.8682878036293176,0.8213836123848652,0.7056874624878817,0.7397915013394438,0.6957667392281826
1959-12-31,-0.48200114145607575,0.6053988613109781,0.4558668484163049,0.8606350263963993,-0.5958391612879297,0.7547182714082332,0.836817246123976,0.7047393352128091,0.7348892561137534,0.6826062903658718
1960-01-31,-0.5901036124519523,0.5079911500410278,0.5046149853541164,0.8496162557482517,-0.649702984977977,0.8650883324998403,0.8405447857590141,0.7012222855954283,0.7359397703332075,0.6734027028597426
1960-02-29,-0.33067438270445804,0.744495867581924,0.4486157494352414,0.8581276903162924,-0.6980657510169451,0.7137362764742753,0.8211589750605292,0.7056414667966858,0.7383731516849273,0.6690986242019364
1960-03-31,-0.18600221045601667,0.5967442867727548,0.31722246109506846,0.861466898118697,-0.6531858902796911,0.8580970608008978,0.7764291542199158,0.7111658504262388,0.741523202680658,0.6823988499256806
1960-04-30,-0.27302201210928717,0.8361564045654668,0.2838448758278898,0.8599376132095716,-0.6246623371738198,0.8381699313236112,0.792219790439565,0.7150598992693847,0.7465367451133699,0.6900386899669041
1960-05-31,-0.21837120165708335,0.8243244301346447,0.24789108304071053,0.8600429618529277,-0.5287944935247654,0.7382186496790939,0.7739330333301664,0.7134660008502689,0.7448278880502646,0.6920120685309621
1960-06-30,-0.49601863571017135,0.40047193802777326,0.28152379735181404,0.8654262866863924,-0.5939425738730979,0.5568161818666362,0.7749909269870181,0.7045643337828436,0.738858703107832,0.6869323649578425
1960-07-31,-0.5149913447503799,0.5719593448408944,0.41035481157838316,0.855092692505065,-0.6786245432276268,0.8745098541775109,0.8081934347692141,0.6939649502219505,0.7274176178487743,0.6699405128022429
1960-08-31,-0.30449878951950654,0.8699750828746436,0.33314070448333394,0.8592957023489732,-0.6631613460682364,0.8741056293485409,0.7834434529129434,0.7122191196644844,0.7446033717742789,0.6793408449553106
1960-09-30,-0.3859483860226495,0.4081614602797749,0.3279072421220683,0.8639041847694665,-0.6688155355556694,0.8001133854692489,0.7846801349181246,0.712661819838066,0.7461640050765831,0.6834563216172208
1960-10-31,-0.03455550492939943,0.8321049683158066,0.23601674931231856,0.8576658632566406,-0.5915642827136897,0.8708929974713161,0.7700131335483337,0.7068996572668983,0.7421057454692558,0.6797642499725302
1960-11-30,-0.1052131477428194,0.7517365297093123,0.1774321634056261,0.8598710007005863,-0.512415682630543,0.763934109225319,0.7377568185222462,0.7142295524349277,0.7470152558101874,0.7001596183940398
1960-12-31,-0.35666468042431465,0.22806382185021554,0.35105400955456056,0.8607564245441642,-0.6019435928112565,0.879250335893938,0.8198744903295004,0.7029222108280099,0.7355106591770381,0.6954382068123007
1961-01-31,-0.5452527557688915,0.24377179831260543,0.40137061729552,0.8563580278318275,-0.5992484555164665,0.8767542861590799,0.8335767504626418,0.7046864934374736,0.7390557508982024,0.6804560097239775
1961-02-28,-0.423819238288935,0.013712321027174504,0.45257561376569155,0.8639235094059732,-0.6564409284962898,0.8767008244128309,0.814781986542227,0.7109835603377541,0.7475666997432657,0.6772203716329266
1961-03-31,-0.4855327494114342,0.37134192073891187,0.5011288069547306,0.8612053462739894,-0.676802724025366,0.8712984614125459,0.8054911699047214,0.7113658494401489,0.7455963373536176,0.6733450434034627
1961-04-30,-0.47941890826839806,0.4548169853413447,0.5358416159204862,0.8613034212397315,-0.6935238084933613,0.8664231564253553,0.8040304457105099,0.7151690170593574,0.7469435577877805,0.6741233590085443
1961-05-31,0.10064032099114277,0.7096119010985925,0.5418594179860482,0.8544006809529824,-0.6452023691449102,0.8486885838985558,0.8057913080483459,0.7213086153880437,0.7500805113862945,0.6883102961629823
1961-06-30,-0.5466978362490715,0.5070654315645761,0.5735415066689674,0.8635664407851451,-0.6146540734693958,0.7357591906120557,0.8274756776921763,0.7229514151330592,0.7541265270273312,0.6934359506459806
1961-07-31,-0.22559190841724908,0.8792697693750079,0.5096302308164867,0.8551588175440947,-0.5711175389212206,0.8640343644281899,0.815989046873662,0.7098986134889592,0.7388453419347857,0.6764629522459976
1961-08-31,-0.37979019199431974,0.4021464382901075,0.49809074490595345,0.8594217908648205,-0.541086176069731,0.8578843268985974,0.8261251533476444,0.7137415421502367,0.7466454886394138,0.691509282748181
1961-09-30,-0.5565419321639798,0.5081397179396622,0.5927670213169219,0.8594702202083786,-0.6797070016881277,0.8713316230137256,0.8555400774697024,0.7025036402087932,0.7343751743081375,0.6734077635215854
1961-10-31,-0.15664434141655606,0.8447875789876413,0.49016751726228325,0.8553175948872838,-0.5956663821754593,0.791481371628945,0.8094006043574167,0.7044608974521414,0.7375137510424603,0.6711254579576302
1961-11-30,-0.3592199869761908,0.42729978749327796,0.4999139014347576,0.8549740609187644,-0.6188375368354103,0.8086627800368191,0.8050638258244416,0.7062009488203289,0.7401693969833296,0.683423323721642
1961-12-31,-0.5762272597221986,0.2763748372485206,0.6151033035758567,0.8612577470452752,-0.6841181845576012,0.8357029694447721,0.8393421672903499,0.6940898211757999,0.7272714315911782,0.6669669636626957
1962-01-31,-0.5522244833175463,0.7575050558152655,0.5890602095436906,0.8576188897010099,-0.6606624359718979,0.8672321048083983,0.8392382928574723,0.7034198912092514,0.7344411944504806,0.6651152273782454
1962-02-28,-0.2933036178073787,0.8827796279436094,0.4983471546560421,0.8562178266181047,-0.663688886072732,0.8674840807729605,0.8195688415472637,0.7039402914564235,0.7345924767686576,0.6682860851133037
1962-03-31,-0.5952907250275957,0.5637323095366846,0.5516474641925833,0.8586503770958108,-0.7001972291322679,0.8681359675579584,0.8467726541855046,0.6966567251338943,0.7318803781493349,0.6678600540924681
1962-04-30,-0.609996353513807,0.8061927602189173,0.5845534869127939,0.8546158713664858,-0.7210063068263397,0.8662454411194336,0.8561370872601679,0.6923930354914374,0.722365072279576,0.6530791969714111
1962-05-31,-0.19089274541006704,0.8080687159679968,0.42800601173607433,0.8524872211659317,-0.6505549631680766,0.8450710353427041,0.7860891785101632,0.6881286426120911,0.7209304204875863,0.6498872201591582
1962-06-30,0.5853332257884883,0.6676653483788897,0.2946776574622076,0.8456013496904744,-0.5942345827601851,0.8715256343407642,0.7466003762516931,0.7017265242266091,0.7337337647912385,0.6870185101924915
1962-07-31,0.459223835406772,0.6876596684707447,0.09180168000224655,0.8513713661435336,-0.3791537575964574,0.7162346513085176,0.7316360589782294,0.7302046178931325,0.7599741814658847,0.7252866595585494
1962-08-31,-0.11052688877699124,-0.03164665913244796,0.2838053963822656,0.866805089940677,-0.3177922551389066,0.7238164354935113,0.8365870940122355,0.6938884480607641,0.7295435101746557,0.7165419948589942
1962-09-30,-0.40786022751806866,0.5784653670864912,0.36233252578757935,0.86039709632542,-0.31159547133701004,0.8586739969721132,0.8492818968434336,0.7049527079200434,0.7345176587154917,0.7062372578243828
1962-10-31,-0.13687662695154856,0.8731895891516155,0.20463973265251897,0.856601129069289,-0.37296833104794713,0.7920053710384913,0.7910695408010744,0.7210175166915131,0.7551871542560533,0.7059973101991168
1962-11-30,0.21313207154821873,0.7016369348278381,0.1509748045385549,0.8577306095503268,-0.48499236649896105,0.7671813864409798,0.7930835535093239,0.7255662351593324,0.7586908930233236,0.7226097898186765
1962-12-31,-0.28822287867054697,-0.5526210131963315,0.37085238676584686,0.8702961457962708,-0.5766086209055026,0.5234739332488323,0.8476289000996843,0.6983553773379146,0.7406686344739998,0.702187975768703
1963-01-31,-0.5054408220449642,0.6906804575488269,0.44567422611816737,0.8589944864247129,-0.5581595485756853,0.5864957948908959,0.8614605501532316,0.6984448406406892,0.7335865414456152,0.6795744086946488
1963-02-28,-0.44982512950904757,0.1917489205878906,0.4642514428988079,0.86695663901725,-0.5795278360725011,0.624130772880148,0.8488350714595823,0.7242101273103303,0.7569497461020422,0.6912210405680876
1963-03-31,-0.5103728044113262,0.8677278218387072,0.4178894624627683,0.8591619968066644,-0.6183676121388286,0.8584610300254492,0.8268886759227745,0.71240017005831,0.7451243385807598,0.6744679500748723
1963-04-30,-0.5475071391101725,0.41289657246257505,0.4244832530195636,0.8627747011207072,-0.6894393189463658,0.863667955091791,0.8377695591402923,0.7105675096272035,0.7466526085522198,0.6755038400721041
1963-05-31,-0.597202361166735,0.2673737004721662,0.49658118531221657,0.8600869680777294,-0.7283119326524354,0.8065145687935465,0.85770432934426,0.6971230889461565,0.7315950847508018,0.6543656562026862
1963-06-30,-0.5783673362064193,0.5776379772076756,0.48729715974289434,0.8583202935950652,-0.7308189554572349,0.8606285010799883,0.8557436558100586,0.7024168284119403,0.734051026633177,0.6553197758876517
1963-07-31,-0.6005499409399938,0.8573292810555843,0.4788560588205404,0.8567309303665515,-0.7322681241734389,0.849112140564395,0.8594028761586127,0.7014980292104657,0.7317532715602847,0.6551100227513936
1963-08-31,-0.441411512506943,0.7609884677435387,0.4355958780696672,0.8570245344656024,-0.7292519470249971,0.8595277756412179,0.8609772072955553,0.7013964676525313,0.7306619591329571,0.6589796447678025
1963-09-30,-0.5868933475645955,0.17105146283787107,0.5045315719606586,0.8604614106325459,-0.747151857297005,0.8669805859695587,0.8801871202499303,0.6960358190166223,0.7308534396640474,0.6570971300265318
1963-10-31,-0.5680296672533522,0.8426897150909314,0.5238943335681696,0.8557560752824052,-0.7255898861123358,0.8658137355079059,0.8772336490783594,0.6953701320089574,0.7258307275685512,0.6508493729065186
1963-11-30,-0.40215855054087774,0.45531289646992457,0.4717133017370492,0.8585533017705568,-0.7060692439430505,0.8433639577822493,0.876577552019843,0.7043073341480018,0.7339746647460218,0.6633470646594598
1963-12-31,0.09952605012287308,0.7821253932089582,0.4553049600679694,0.8527035993602143,-0.6722582082696442,0.868610521721741,0.8708388142156063,0.7093147377407194,0.7392826279535345,0.6806544954304412
1964-01-31,-0.5749018601507654,0.5526929856438072,0.4760393652050588,0.8613999375032466,-0.6178419997965445,0.8661103545260165,0.8803839779825093,0.7125514523577317,0.7442434821642576,0.6849245229271519
1964-02-29,-0.6500011352987142,0.5332580254601366,0.5251230636643168,0.8584628506046359,-0.6502957260157499,0.8468044448220613,0.8895042465275951,0.696967693533723,0.7269344840698508,0.6612005165733315
1964-03-31,-0.694333340858448,0.6287356200724089,0.5451690696693413,0.8559009751685512,-0.7103372133077618,0.8471529107582898,0.8857309388104162,0.6904400206711725,0.7228056290735809,0.6482757338553309
1964-04-30,-0.6944581566248055,0.653922347296751,0.5812518986398032,0.8499020292977999,-0.7672918999644087,0.8439416400495741,0.8868384589296137,0.68859090544068,0.7213941988159602,0.6373550186345631
1964-05-31,-0.6351586432178281,0.752722047046265,0.5914895447938701,0.8536083762738575,-0.7600905649518164,0.754691418569255,0.8855137750608661,0.6960806128507555,0.7261996831621025,0.6421959752420396
1964-06-30,-0.6084217407606819,0.6182357480552771,0.5548923320112049,0.8554353611458071,-0.7725869618984456,0.7847026055647145,0.8892090419242067,0.6952903181087435,0.7218669338640746,0.6435159540117716
1964-07-31,-0.5115479945621043,0.61152250119842,0.5221022654708907,0.8563805288423163,-0.7570764938907792,0.8679614370033588,0.8867778748458164,0.6990628803364582,0.7272976821116559,0.6495513233519388
1964-08-31,-0.6504242593462816,0.5910325475133165,0.5856815571106292,0.8568549920558277,-0.747659086490039,0.8496991401584653,0.8878694982955029,0.6967024141446849,0.727196478735378,0.6515250438331406
1964-09-30,-0.4795208153125444,0.8234242761524778,0.5111045035948837,0.8551512654108527,-0.7294201770370164,0.808506131556047,0.8877354085555683,0.6929911041832765,0.7220943613611545,0.6480501840229046
1964-10-31,-0.6536302960253336,0.4584265050113284,0.538919874653581,0.858686335640964,-0.738955308500854,0.8610556565846369,0.8899111639785545,0.6912765962037261,0.7260806398119172,0.651403657629337
1964-11-30,-0.6654502077890204,0.7206050065017692,0.5955472848789206,0.8471392605242838,-0.759999425369402,0.8642477169989187,0.8885738598404871,0.6848085050041919,0.715612929029199,0.6389762662759251
1964-12-31,-0.615087690350882,0.7334061116531351,0.5399511548490482,0.8514530134188449,-0.7487808345703726,0.8254311596843901,0.8899257007167466,0.6936950907444824,0.7231069508673899,0.6448498099129011
1965-01-31,-0.5427989991702106,0.7333211459679452,0.52549309693132,0.8550607963185846,-0.7574832096962356,0.86708431011348,0.8904479007807518,0.6945354305673381,0.7245911407546279,0.6498478903873759
1965-02-28,-0.68593817458539,0.40266798920718044,0.5974742697320103,0.8572395143339047,-0.7681658498277644,0.7961579413509534,0.8853756860853708,0.688031576417456,0.7221414321506676,0.6442391889547909
1965-03-31,-0.5323074004497839,0.708326238293461,0.5555953428696011,0.8554209880160184,-0.75281069605244,0.8355055061977849,0.8921528675472655,0.6903003499937391,0.7198827916484726,0.6417013734902167
1965-04-30,-0.6492359583392306,0.8151939890844765,0.5113696274265871,0.8542434319714426,-0.7326401677392679,0.8541364332471536,0.8884634257412009,0.6942659213829855,0.7251340093146174,0.6488915453924115
1965-05-31,-0.6805892620908823,0.456436857761318,0.5854890474763373,0.8549906652826684,-0.7704215775531342,0.8565501675421523,0.888875062991642,0.6860189091252948,0.7198416488656574,0.6404750117674192
1965-06-30,-0.550995167448575,0.7917313298152603,0.5511573970429778,0.854022917218187,-0.7516804359106477,0.8604404589784928,0.8899853346802832,0.6887047421455773,0.7192556175231001,0.639878235042055
1965-07-31,0.04720005305278784,0.8577890391501329,0.41107785605477304,0.8471632819583191,-0.7080845471209339,0.8717650585603044,0.8786414778007675,0.690587700284682,0.7203590345460419,0.6539359092206635
1965-08-31,-0.4481312071334392,0.5838769603491303,0.47172072157602685,0.8589457681025909,-0.6873071760713232,0.7970089938644178,0.8919729325924424,0.7015878185920814,0.7359074511325814,0.6772396414864139
1965-09-30,-0.7033624729978507,0.5103890255742948,0.5263835048188636,0.8574239043255093,-0.6889985462907208,0.7504864848643654,0.8927271812482748,0.6888648545343373,0.7174485844618667,0.6530998336217712
1965-10-31,-0.5686371013820526,0.4356363982545644,0.5105255203058848,0.8585722632990548,-0.6967079873095857,0.7877039758759462,0.8934239250871511,0.6966667883458794,0.7280179092574571,0.6520923835347489
1965-11-30,-0.6430560313571698,0.47598413206525286,0.5346720546629032,0.8578422657164433,-0.7563346862293194,0.7855915854341604,0.8930356082079355,0.6928937774746989,0.72633272195737,0.6485566179125962
1965-12-31,-0.6759613834626778,0.7521105601883127,0.5398148489310989,0.8560064195416763,-0.7708664957227677,0.6594337290573565,0.8924389157599014,0.6904311629789749,0.7228075073908616,0.6423234456780805
1966-01-31,-0.5984538413537486,0.661678853802415,0.5577926543635693,0.8565433920185067,-0.7641635971550716,0.7959634080663157,0.888300941821713,0.6912905707053992,0.7242036262616262,0.646398186669141
1966-02-28,-0.6742870451973086,0.7003314181253077,0.5692293459474383,0.8549193530036358,-0.76392450368434,0.8581450639821243,0.8849870617884378,0.69056518469526,0.7208299081862389,0.6437220550035782
1966-03-31,-0.5200600500568973,0.8060555927273212,0.48166590678698096,0.855026386331251,-0.7562786348293553,0.6622752233753165,0.8925368383311316,0.6889586970245027,0.7179716578221085,0.6410294885150822
1966-04-30,-0.21952795266617892,0.853962168864778,0.399886362674932,0.8482464933985802,-0.7102030319215082,0.860375751130794,0.882041208152064,0.6933825921565991,0.7229747522014575,0.654470921901417
1966-05-31,-0.5381170176032237,0.5242948449962044,0.48975550030910586,0.8593954593246416,-0.7237530997436097,0.8204644617258845,0.888583728834923,0.699021374783376,0.7319228735782808,0.6661843318135681
1966-06-30,-0.07095239397578788,0.8361228678566651,0.4157234213158095,0.8549653757911565,-0.6677374148940237,0.7213424194422732,0.8768977057772084,0.7061894761310908,0.7361863586223233,0.676133095035422
1966-07-31,-0.4346196137060711,0.8180975835583385,0.3770507672577659,0.8591791099105818,-0.5928591217515023,0.7951279847700602,0.8739529933008482,0.7109825676643381,0.7423106704474419,0.6855250593180412
1966-08-31,-0.26878563422850676,0.8361215463512729,0.38285670525898263,0.8573489652502129,-0.6273815363139394,0.8666709285277073,0.8738433802421545,0.711461006652185,0.7415576033651966,0.6879086091151224
1966-09-30,0.2388371079652865,0.7330057642250295,0.16943017893248485,0.8488924224870396,-0.47073682085833457,0.8734474300725614,0.8395386774213889,0.7049117155734834,0.7407622946882628,0.6885311834483157
1966-10-31,-0.04609369507698883,0.7775577670074665,0.15933344176327088,0.8545787883583968,-0.49555820008566764,0.8657938481787972,0.8376914161767197,0.7141469557968605,0.7462848873217629,0.7129311064066808
1966-11-30,0.003928861157522525,0.3247369250804828,0.23458123438765044,0.8632687181082365,-0.4951100839530315,0.7845845585737815,0.8411544673537811,0.718290009109605,0.7474799874978596,0.7185791883601435
1966-12-31,-0.4432577639533239,0.6352999395200725,0.3722597607095214,0.8667301074292351,-0.4894414834118225,-0.10046199190709888,0.8275143348977057,0.7123740246367671,0.7455076159932408,0.7083851613451904
1967-01-31,-0.43183381483933975,0.7425602813940958,0.334564993879489,0.8620184458087025,-0.5391788808608494,0.872099193487332,0.8055261018167835,0.7169822339426332,0.7488639719284859,0.6940703960557758
1967-02-28,-0.4108760224472321,-0.2667015839434538,0.38910296298655694,0.8688705613647862,-0.6117416101053333,0.7317561170422173,0.8164257195088631,0.7150957961474629,0.7570601971382254,0.6900291483663772
1967-03-31,-0.5436644672092934,0.6958357477446794,0.44256683794567137,0.8549816505933459,-0.670347659191549,0.8705997596342728,0.8127266660256419,0.7031474445634661,0.7377964239373117,0.6675057587589258
1967-04-30,-0.4946067163922922,0.30426536294522555,0.4510450885030939,0.862651748388848,-0.6903573875311473,0.8537625434870827,0.8322913597125786,0.7148965856058876,0.748201939923642,0.6744070593746806
1967-05-31,-0.36910346851996567,0.3257222308469134,0.4740829609537491,0.8609319686561743,-0.6951219934202977,0.8768572337043233,0.8340124752325487,0.7103605419968119,0.7427602971475716,0.6707388344180204
1967-06-30,-0.2680625158709602,0.882365146776683,0.42758937656748586,0.8583785834857061,-0.6347348949629162,0.8406064406104763,0.7989111143020597,0.7083475748075481,0.7403139282272941,0.671848352311889
1967-07-31,-0.21014062164417496,0.4533471625573583,0.4112545750465245,0.8610043150689061,-0.6078807760454338,0.8303562315224909,0.8087231780918546,0.7149192504434242,0.7471180633252089,0.6906333860648887
1967-08-31,-0.5923840813185981,0.24537081431721147,0.49382429300424696,0.8615010639992514,-0.635787960373673,0.8645553067310366,0.8492300589788296,0.7011995104663867,0.7332719477027493,0.6754118450543621
1967-09-30,-0.5837803887939048,0.8105750746438816,0.5043740342951052,0.8581243917109371,-0.6638783863871025,0.8684397628287475,0.8328571981068722,0.7025938734696611,0.7335377373891416,0.6653888784227164
1967-10-31,-0.5488027156815567,0.4172748628349976,0.5056496582502125,0.8604430269486348,-0.708092599838149,0.8335656271799526,0.815927646202279,0.7042085044636904,0.7373921944806273,0.6644069151786806
1967-11-30,-0.37342161465369533,0.8775738863512464,0.45475472290459906,0.8553697979742528,-0.7060372846133557,0.7073642684244604,0.8065658480818468,0.6955632029850775,0.7294429376011501,0.6565933952977808
1967-12-31,-0.2973075809615615,0.682290849031621,0.42877652146231404,0.8559124943751962,-0.6877254157913281,0.8713058217304043,0.8328089357026675,0.7044226338258074,0.7382207323327828,0.675787589291403
1968-01-31,-0.625515709148118,0.46296181997575747,0.5371438655327537,0.8601083727320076,-0.706304961289391,0.8503969152489812,0.8352953161894179,0.694520783098723,0.7265508210794345,0.66446339841321
1968-02-29,-0.4983706286262989,0.880557507318256,0.5055755479499022,0.8573199993106323,-0.6900279116027367,0.6866847677756635,0.8439131480090843,0.7036268882969657,0.7330402284837206,0.6627825413797105
1968-03-31,-0.2359467250714971,0.8832413843119938,0.3549696677582759,0.854979477937016,-0.639736375699912,0.84084458875596,0.794386550319227,0.700973652303864,0.7303289089675874,0.6665929139921806
1968-04-30,-0.16702337671156234,0.7072775742105486,0.386696664002878,0.8590654692880924,-0.6714984280022716,0.8594210371317916,0.805446792374424,0.709202343094057,0.7413187348879913,0.6900092591661182
1968-05-31,-0.14175558680852632,-0.3553188671441204,0.5029290764967326,0.8638647041077343,-0.6361814099713394,0.8389511970490036,0.8184883520089177,0.7072197274078773,0.7458339833756105,0.6885879443238476
1968-06-30,-0.49208013969558334,0.49344731325498004,0.47444751574906396,0.8607053533865643,-0.5328489465985234,0.7482578581801326,0.7980506197595209,0.7084402427669833,0.7420599515978444,0.6809025318517471
1968-07-31,-0.39849420694302,0.6864791653976174,0.550669137420701,0.8613757731883909,-0.608321330157065,0.7114939496716345,0.8056494914567173,0.7125544674723495,0.7447917203094315,0.6876690697592264
1968-08-31,-0.31054697572048623,0.870655242646429,0.4762990068357542,0.8582869310363779,-0.5798770472215592,0.8063800309696085,0.7899059360242727,0.7088621117106281,0.7423855610494584,0.6817168496608125
1968-09-30,-0.5467545566758055,0.6001108034607212,0.4725213409687996,0.8617077756961796,-0.6578742430616472,0.8706862251041341,0.781532964051346,0.7012801884689333,0.7385698599086028,0.6797373085787275
1968-10-31,-0.6458214434425189,0.3620006620168107,0.5810680895585051,0.8562848764062071,-0.7187513222077045,0.8418454296389749,0.8144970197794926,0.6857968164447902,0.719756894866954,0.652108325379544
1968-11-30,-0.6094305617634476,0.7182224264017403,0.5679714030352117,0.8560051251354159,-0.7226366968378464,0.864049651792989,0.8216747579789063,0.7013805375148114,0.731689280463522,0.654041598979803
1968-12-31,-0.6544336730440165,0.163631529630101,0.619075243647321,0.8591044098080656,-0.769294732707869,0.7760269068317225,0.814151617291641,0.697806900767896,0.7349244517335229,0.6507726165466103
1969-01-31,-0.5750198672027154,0.8770496358379217,0.5855666760357923,0.8537439446606302,-0.7452275244326719,0.8257790796767908,0.8080033785201234,0.6944831777125572,0.7242560859445596,0.6401453002417307
1969-02-28,-0.40847978915634275,0.8101163444016236,0.4973734115193984,0.8575005591522252,-0.7262891122762652,0.8027912094378562,0.8088362484539813,0.7078642800401356,0.735150404652567,0.6614991497989846
1969-03-31,-0.4045535280993636,0.8288367192069219,0.48125814658566296,0.8565447947348523,-0.6983193393377602,0.8121570450052351,0.8378566618596837,0.7020485048064233,0.7335785299297688,0.6639028849087334
1969-04-30,-0.43791505828304583,0.45226283760961095,0.46169992677433136,0.8599988467577816,-0.68572314475444,0.8708603832656671,0.8402157508129787,0.7035998191545089,0.7371709499395028,0.672821769964293
1969-05-31,-0.45583470533166,0.6115171478276208,0.4976311721124511,0.8581654732260656,-0.6754026555685321,0.8157682619178649,0.8494699514964331,0.7032016672664109,0.7349271579374027,0.6695730179851341
1969-06-30,-0.4963421414548261,0.7398265051326941,0.5187677172966091,0.8589640486019451,-0.6670751546995803,0.8602257016742982,0.8147660317233045,0.7073042602042361,0.7388345604401412,0.6728736735988159
1969-07-31,-0.2926618781311699,0.7558637452240229,0.39653410058581545,0.8555093672495824,-0.6400148782114375,0.8644018590297728,0.7891006183194578,0.7005451007224262,0.7348626606208739,0.6677708193956957
1969-08-31,0.15861490351300814,0.8028828102835561,0.2601097137414084,0.8458180361621501,-0.5567937854558829,0.8177774258131436,0.7216902758533337,0.6988769715198455,0.7303610949101065,0.680253744376391
1969-09-30,-0.36991303516553325,0.2291859404144647,0.4352760848512314,0.8661204131935852,-0.6423710681933995,0.7674453575803698,0.772110834717252,0.682444496467289,0.7217481453838211,0.6880510628037378
1969-10-31,-0.36079398030522586,0.8878314590089558,0.43096960943745044,0.8574324198007403,-0.5819644154173526,0.8769105151418007,0.7546133046428952,0.7015910478831219,0.7338156132905483,0.6849577477213408
1969-11-30,-0.3294436759705277,0.10995249036175263,0.37342118572249583,0.8664005631484909,-0.5332169555318043,0.8611282423348625,0.7320059943114231,0.7165359169162937,0.751667154255494,0.6947497695242366
1969-12-31,-0.45631837451185203,0.8847590860665754,0.40634070734863775,0.8581319929505501,-0.6084360716924019,0.8711482605406159,0.7341744117640233,0.7083985756450865,0.7405271330968753,0.6817743111890205
1970-01-31,-0.15581171658041953,0.8656225760051713,0.25908008399797,0.8603886799636002,-0.5857956020666379,0.6778120722419058,0.6709357889466323,0.7116971832626621,0.7443246421247872,0.6875056036486477
1970-02-28,-0.13322927578945284,0.6991821696515267,0.22457761430400439,0.8609011735447641,-0.5548441716874607,0.8674898412342894,0.6382374605732054,0.7085481169206823,0.7426837432701273,0.6912226397535389
1970-03-31,-0.32351374624013823,0.16474085026257593,0.3166478065904841,0.8659460527981421,-0.6495436344825604,0.8050286474222447,0.789279369866739,0.6852557638698219,0.7310908106239268,0.6864126431760896
1970-04-30,-0.35374913716262574,0.8337723848073152,0.33968793717705903,0.8578647054312508,-0.6034425951628707,0.8776417515667166,0.8140822242256956,0.7033877232894558,0.7367604694144086,0.6828562422175407
1970-05-31,0.09063507676880841,0.4446362198062027,0.05804050196441318,0.8538567794760417,-0.4323575172366897,0.5162677789317092,0.6359313974170335,0.6755291498647175,0.7197722350436032,0.65705309964472
1970-06-30,0.5723585668355804,0.8193857259067567,-0.1403145269318254,0.846611527122658,-0.3922657435800059,0.6971862456121846,0.6358776362666915,0.7045978842249747,0.7384658903625436,0.7134748770768684
1970-07-31,0.1233766371172651,0.8450865330998528,-0.052798813840614314,0.8603586536823832,-0.3435940588129052,0.872199055560161,0.7603382117448979,0.7376648363896464,0.760503726390141,0.7506776167947166
1970-08-31,-0.13003127754642552,-0.06575721483572718,0.10182001070995263,0.8689980212885874,-0.41033238596528626,0.7091817568714845,0.7481051431105432,0.6856244463248763,0.725463560992971,0.7163722671438914
1970-09-30,-0.22558841996405835,0.32175471142038686,0.19359594575868952,0.8581940341826219,-0.4222442613904153,0.8879060148599555,0.5514597195811637,0.6988252255992355,0.7355071941104405,0.7065226103500726
1970-10-31,-0.29121933499599884,0.2804173935098365,0.2015024097463999,0.8689053236343472,-0.4598426261953561,0.8860691771328267,0.49262711458507435,0.734822209361473,0.768553265531679,0.7152589490631162
1970-11-30,-0.3343779812932965,0.8787914427567178,0.2710145137513249,0.8634150703158165,-0.5427352886506509,0.286410563824676,0.5080843544712824,0.7315262839242509,0.7654020161975956,0.7087508554314554
1970-12-31,-0.34358112587226736,0.23729741870139395,0.2552090150370244,0.8671256975533956,-0.5770411196938983,0.8506616568935024,0.4751138629264238,0.7268084633240861,0.761950038601048,0.701038353669323
1971-01-31,-0.5283360680990873,0.11263342809164772,0.4033189534736975,0.8679535390839572,-0.6477732985341829,0.8429818372282335,0.39248729482349876,0.7156640082634907,0.7552110580785586,0.6862129888695162
1971-02-28,-0.53690941522712,0.25095755361906324,0.4714205056452068,0.8614792551268117,-0.6836303889115397,0.8664134383373344,0.48556044005272253,0.7140802408912125,0.7492374621486545,0.671137517703262
1971-03-31,-0.5264884951631934,0.6283003656012867,0.48035679577226087,0.8613632971424763,-0.6798067469003606,0.8605218918426714,0.4992276854091136,0.7232533523510625,0.752709029844687,0.6710777816255482
1971-04-30,-0.5103356468676365,0.30370912957961815,0.5082969052436143,0.8627749716309775,-0.7094294987126945,0.8661512374036408,0.5402781306379295,0.7202813394396558,0.7514558027809907,0.6709365402858053
1971-05-31,-0.6046802396002727,0.44419067846522703,0.5569712727114832,0.8601353916484129,-0.7177406437477969,0.8723730193379675,0.5904393086379391,0.7127239640581191,0.7445511636383022,0.6631033600355702
1971-06-30,-0.44313911028588454,0.8829080581896341,0.49616265417267097,0.8586999085048997,-0.6961684304363341,0.8722779588555523,0.6160698583475801,0.7073361337847625,0.7365143353096716,0.6567565771556231
1971-07-31,-0.293834277696964,0.7291268286696906,0.44874833838844563,0.8608146169967273,-0.6780943526627522,0.8303642754279783,0.5819233825075942,0.7106260184677132,0.7408125721727558,0.6742817794127641
1971-08-31,-0.4104387539330743,0.874947187917041,0.46830553287562665,0.8596722370636395,-0.6698691780842682,0.8667315396383969,0.5954434537808856,0.7101681856030857,0.7409795256897109,0.6789986639116996
1971-09-30,-0.10699151975085669,0.37231317639714645,0.5268817551772003,0.8601075254379207,-0.694866246197123,0.5090706622968724,0.6307164326573188,0.7053536192112559,0.7465533498527339,0.69035888839889
1971-10-31,-0.5024283888456814,0.8216842195432876,0.5214307658334055,0.8615985976736731,-0.6048812332783905,0.8688520777691926,0.6195468974188881,0.7130879598530453,0.7441653092932099,0.680864344591809
1971-11-30,-0.29840294524916766,0.8862406645101846,0.37086789524168895,0.8574094158733754,-0.5298773851522699,0.8248787811825985,0.5541480647573728,0.7069360549665787,0.7365267281686892,0.6720956049249583
1971-12-31,-0.03182287008484293,0.7526853901694214,0.35462665260179377,0.8601489479169798,-0.5513000198345155,0.8465643043141381,0.5638396134423785,0.7150026109392652,0.7474247156408774,0.7007205606245243
1972-01-31,-0.35054751357240715,-0.2778009700398479,0.5566833964994594,0.8670380284846883,-0.6744778486095527,0.7520411386459839,0.657201152052473,0.6951016205920147,0.7368004008600936,0.6878003807421041
1972-02-29,-0.5222810501188281,0.5277222137646563,0.5705228013338639,0.8624917459825493,-0.6068792530852409,0.8330084470698241,0.6921792379961691,0.7079998224677125,0.7422006429324332,0.6747622442341233
1972-03-31,-0.5835293858145101,0.4391589302108366,0.5454349213202992,0.8629725637335013,-0.5969496091485229,0.8595251636526877,0.7106863651045119,0.7170266300868171,0.7478440199120526,0.6767256110137656
1972-04-30,-0.4810463293919599,0.6996281743553681,0.5968856590307056,0.858964511549142,-0.6885434754894917,0.8669642335360995,0.7011147657414962,0.7108187442700172,0.7423709983153856,0.6710072807708084
1972-05-31,-0.5324622434425466,0.7207001313613761,0.5899286657799538,0.8589085230947602,-0.7068628635170544,0.8625328816447195,0.7239593443661598,0.7106810278143048,0.7415837084488468,0.6690848036191088
1972-06-30,-0.35871075809355546,0.6212448878484893,0.5682367064403195,0.8589894188661048,-0.7049275251182181,0.8243136573537924,0.7185439410645008,0.7110437573311417,0.7412513774434177,0.6709652122983398
1972-07-31,-0.49812331886182715,0.8640354578844031,0.5367405445995499,0.8585238462230845,-0.65005619936909,0.7645541116761151,0.6715425904907687,0.704637510789048,0.7357312489827225,0.6672972611127025
1972-08-31,-0.3912678296437851,0.7848064322022427,0.5323292433583451,0.8596974680962928,-0.667652159680033,0.7133950483281112,0.6405603884336094,0.7057579849376683,0.7376261649179414,0.6740004057378939
1972-09-30,-0.46791005598917706,0.417513028300419,0.6259470900084777,0.8611530773210271,-0.6934044553879742,0.8752237204009846,0.7046550814405627,0.6988778630286957,0.7329957522430582,0.6725834290846707
1972-10-31,-0.5133749879033191,0.8280484791798441,0.6083329452410943,0.8574455371288514,-0.6949004252345776,0.8654746037775316,0.7711979208462625,0.7060705097758351,0.7361924418986121,0.6696341076534271
1972-11-30,-0.2986990314734638,0.6752140555765338,0.5533129943181965,0.8573585878581187,-0.6498333070119111,0.831682868630188,0.7475413066347623,0.7135039954085975,0.7426343445893424,0.6770845077445851
1972-12-31,-0.5285889947614152,0.2405980882132173,0.6504259271931605,0.862910828366821,-0.6912826799185643,0.764282773861122,0.7803081210845999,0.7037375788732654,0.7391360970339571,0.6751435008428437
1973-01-31,-0.537046353311932,0.7209812730249545,0.6805654522861957,0.8578608624761965,-0.7020272423517626,0.7192844925343758,0.7997903910265445,0.7053290842189284,0.7351576450337807,0.6663968237310667
1973-02-28,-0.3869823101331446,0.877532565992956,0.5683130130430392,0.8541453555838768,-0.6104754388352227,0.8082746045388998,0.7717304356599853,0.6978421949581332,0.7276515987226045,0.6585186079064481
1973-03-31,-0.0503863979792152,0.8792994155708075,0.4778618572664471,0.8402749365667335,-0.5801750735380367,0.7701855686698373,0.7292485113425202,0.6935742748066176,0.7249414295123007,0.669683068528564
1973-04-30,-0.09013340730843394,0.8015958272138112,0.533978466164884,0.8546522276573467,-0.5882037075440281,0.872354813204265,0.782959017119866,0.7109195556867697,0.7402268372812936,0.6994570472446205
1973-05-31,-0.07502208484839666,0.8454930824169488,0.4915327676692586,0.8555105676457307,-0.5086650460379828,0.8489196739203001,0.7242705929778311,0.7205489434101239,0.7507030144512025,0.706772072515203
1973-06-30,0.21428124691474032,0.8596570179317098,0.41351900317848483,0.8466424814388126,-0.3969432702399562,0.8421433375771766,0.7329000249478327,0.7211504490243151,0.7492970282172448,0.71723287550286
1973-07-31,0.02625706955030297,0.8178785455276829,0.43592446927913314,0.8558779340470757,-0.39526476503487046,0.8730669206595736,0.7726140501066197,0.7291430501777161,0.754605966899007,0.7322249052347578
1973-08-31,-0.20413210630016834,0.19767344733313874,0.5715454363720158,0.8679738402401259,-0.5224578789846099,-0.1610964819196426,0.8322442242412531,0.6961559167367348,0.7338274686506554,0.7104548329265379
1973-09-30,-0.27146721574863475,0.88677836608318,0.4765479226067918,0.859125147394678,-0.423361551162191,0.8605764184504604,0.7666388511041328,0.7119237019498758,0.7457784032207518,0.6985302862312105
1973-10-31,-0.2850439584876803,0.15484757200809396,0.46626051775129473,0.8667168729529147,-0.4840369665569022,0.8575416053625409,0.6735818802186585,0.7245203191935556,0.762695283090385,0.711279729636878
1973-11-30,-0.23090344930153675,0.8068135889949678,0.5337003109702488,0.8588979500509201,-0.5586574365122771,0.8576256774959009,0.792344821813484,0.7159836604277842,0.7482336708401217,0.6976585577355142
1973-12-31,0.41991184388954467,0.23582192527726153,0.22404405554556533,0.8442671398893294,-0.39315262596550254,0.5168155475357284,0.6962177557134882,0.6775735899996252,0.7262333384422625,0.6677449225118205
1974-01-31,0.3863265681237988,0.6132799837993379,0.19408119556475045,0.855124981690581,-0.3813326949007566,0.8790254170012135,0.7357750413424383,0.6985423871354812,0.7380519933043643,0.7199604712036873
1974-02-28,-0.024133037108483912,0.800249497199732,0.4140014110850697,0.8568484538916556,-0.45614823539591876,-0.08353113859262105,0.8770652500876062,0.7025345734131478,0.7206880654190082,0.721374006602151
1974-03-31,-0.056473921269877825,0.762563927986311,0.23470199503325934,0.8610109032368017,-0.24908611043088508,0.8804729144564524,0.828381675613512,0.7318998883566284,0.7606764143271972,0.7258736754001273
1974-04-30,-0.05284162390014964,0.8700490143968733,0.25396675248647554,0.8597098054197911,-0.28759678566609487,0.615735310074967,0.8407999328556084,0.7342351030287266,0.7655673813726458,0.730423898739784
1974-05-31,0.03044839348446052,0.8705501403094532,0.1013073087432225,0.855496168560225,-0.318924279487287,0.8246882332355331,0.8103996374075985,0.724065264797043,0.7582795370634322,0.7211362536761591
1974-06-30,0.15011682260577014,0.8843167176325237,-0.0038132533438289813,0.8446811672266525,-0.33013117334643266,0.7337819859445213,0.7626913569944668,0.7186068331765426,0.7497483320201491,0.7228100174285362
1974-07-31,0.07196246473005104,0.8706155200904734,0.079345659142793,0.8583569880893968,-0.3986534689798924,0.8414692418760593,0.7470515195490782,0.7261837117888935,0.7520440196282588,0.7358289335495921
1974-08-31,0.3278447085475904,0.6935855962404319,-0.15234280643700765,0.8579504087769885,-0.3680146320407647,0.8742919016560687,0.7635714734360811,0.7331990253616368,0.7620128497204522,0.7412935456396718
1974-09-30,0.35915646729290335,0.5930876007403055,-0.2757103418662996,0.8594274939817925,-0.25860667369234336,0.8140728566907918,0.7433800890723494,0.7296888400556072,0.7612626041447659,0.7437429889760441
1974-10-31,0.4825359278750863,0.27597530712688323,-0.4592387762755367,0.8614394332435663,-0.22218202280341276,0.7204012546029547,0.6629893965243777,0.7284445341551217,0.7588261887281599,0.7534120731448356
1974-11-30,0.43038029359854973,-0.8254256338158535,-0.3217784239801852,0.8707830280105329,-0.2595694458262543,-0.03851208869083597,0.5798849468876156,0.6778092292734166,0.7297062406220367,0.7248621314374784
1974-12-31,0.13133502201676137,0.8791004540967056,-0.2893401223822969,0.8541430096905874,-0.13054196454009104,0.863830347881255,0.11381629180105231,0.7022509887828625,0.748059125149954,0.7267955371073276
1975-01-31,0.27973806512184013,0.8886399387013387,-0.5008619488551915,0.8702229014868033,-0.05458113187949475,0.876250648888548,-0.007158729907813296,0.7150198897290205,0.7499156419066562,0.7396723748071372
1975-02-28,0.1368793452973365,-0.785731946595485,-0.27078920799395295,0.8757278095860099,-0.27064383361091315,-0.8156925023316757,-0.09467882998475756,0.6774807752890308,0.7389406112341974,0.7267658416328391
1975-03-31,-0.1766262119499753,0.16428414706459427,0.0033410592083732427,0.8496240236470017,-0.41629598784645333,0.6664506642605815,-0.052414184424485526,0.6590054878872159,0.7183278102860834,0.6903220268472919
1975-04-30,-0.12719473002490814,0.520148610032821,0.04989388906603363,0.861131081615942,-0.42613092834210026,0.7695928485756508,0.11717530052864461,0.7153808054197983,0.7551726828702467,0.7121125268565018
1975-05-31,-0.026042788591315334,0.26991894101884933,-0.013559519508753736,0.8712004142917994,-0.4016943710291286,0.8638038489251584,0.20800687413501417,0.7348433890618314,0.7705888684648748,0.7212595312117321
1975-06-30,-0.1716046709896678,0.1637829497993497,0.14218263060164232,0.870176419413138,-0.4858787949678503,0.7301426503430656,0.11281465870198805,0.7290957969123543,0.7710851444307109,0.7226243116972003
1975-07-31,-0.3059166518470671,0.24800551600974577,0.2101338220064792,0.8664464522657146,-0.5257274916462845,0.7893962783497145,0.093426357626055,0.7222145565794239,0.762196085236528,0.7081459721460556
1975-08-31,-0.17411528812667296,0.8000668360844218,0.08051194577340859,0.8670997865720658,-0.4451104778253641,0.8772862664898253,0.08180380736302914,0.7132812025408342,0.7521149224489216,0.6845644391107482
1975-09-30,0.06601890913775348,0.8800555199516578,-0.07643268657985952,0.8656797250679193,-0.4660050137015426,0.8854465273057777,0.1230558023528643,0.7185758351771809,0.7570000489683868,0.7131329757195664
1975-10-31,0.0014052015677016663,0.8876844925652919,-0.05358105269669431,0.8673365701152526,-0.48429374563183014,0.8657140426790184,0.14431870409759506,0.7248675286012257,0.761176031024099,0.724981980227113
1975-11-30,-0.09448861632900755,0.1465649279865825,0.0920228315908048,0.8709420141329957,-0.5096609825301053,0.879712601426872,0.12275701015123677,0.7110707153261081,0.7562709863047491,0.7211867903608103
1975-12-31,-0.3965856391289378,0.5174922429828868,0.12163788931251053,0.8673587162448075,-0.47832765948192524,0.6641651241421712,0.10430110917729825,0.7135271891822942,0.7531063552213323,0.7031035468802386
1976-01-31,-0.2167554142777549,0.8482051670819656,0.07876289653399232,0.8681745034223911,-0.5159789379568898,0.763364204606403,0.08574623344473842,0.7226222723784363,0.7604839790450317,0.7085323098283463
1976-02-29,-0.14945383397026046,-0.6631238123267152,0.26901962561757026,0.8714021224483812,-0.5956453783360742,0.8200074912808345,0.09260839489759404,0.7062582408368394,0.7582861812569444,0.6962876417358528
1976-03-31,-0.21342262881507953,0.7174673323654691,0.2563901562945509,0.8658791123456304,-0.539546299322275,0.6955365784843922,0.13035874175046386,0.7095138509678158,0.7515395961958453,0.6868420773407611
1976-04-30,-0.27697165218663305,0.5293845201576032,0.32029395046334125,0.8698005923420428,-0.5609434702754955,0.6464059853394903,0.2687522781531813,0.7206212189568583,0.7594803628577652,0.7073480922369585
1976-05-31,-0.3552962986480394,0.8573996885072748,0.33511628249167524,0.8633384505447177,-0.5649009232754916,0.8577462633189648,0.32873088715973076,0.7239132078035503,0.7562078992473963,0.6997008850174612
1976-06-30,-0.2535937794800779,0.8194495615501972,0.209924230861267,0.8653147447428041,-0.5316563540604605,0.8476555654459285,0.45260243198454403,0.7254061036837515,0.7564170065146786,0.6974432152843478
1976-07-31,-0.3233290828484151,0.3034909188493149,0.27565729100457526,0.8675647079454933,-0.6023245481244278,0.8832119463374559,0.5162522793606802,0.7186788315216651,0.7561187728908013,0.7008283647031704
1976-08-31,-0.5225540253220428,0.8341540295451689,0.3258207556702174,0.8616606863063546,-0.6315681133387865,0.8671893964021428,0.5466258782434159,0.713325702476277,0.7452224040519281,0.6844744256403706
1976-09-30,-0.34621356430953987,0.7796139409238877,0.22693305131722313,0.8643421012086993,-0.6236908743570934,0.7402165190491927,0.5414721193220353,0.7184435204222771,0.7493913448865904,0.6836695334984387
1976-10-31,-0.31601567494010957,0.5323775131364671,0.2632098556070654,0.8640701173106795,-0.6451292943816269,0.8599950691392624,0.6700028014871233,0.71503712689753,0.7484574707145626,0.6878306123697759
1976-11-30,-0.22190667398899838,0.8739319053573203,0.19562067982323547,0.8611917711992138,-0.6429574053098582,0.876281133354616,0.7021523047258443,0.7178266100232523,0.7498938866526205,0.6907925422173277
1976-12-31,-0.24146894853547998,0.7054205742597587,0.14124557661325793,0.8634208828327669,-0.5939067435215462,0.8802633009098079,0.6934196105752368,0.721262877888018,0.7539001758272622,0.7000570990940939
1977-01-31,-0.5280836600174552,0.1347705055154477,0.2689933758937218,0.8663818358775351,-0.6482269854359841,0.7524160854048058,0.656258633675587,0.7015819668335536,0.7402459656090877,0.6841309047196044
1977-02-28,-0.3917207066864887,0.8845794010925356,0.15143043518034888,0.860449966738156,-0.6049606447266616,0.8764761870933451,0.6105118169884697,0.7053865642206549,0.7396345088941794,0.6701668417656823
1977-03-31,-0.5263782660765417,0.8513745321988653,0.051625638611451176,0.8632253532436982,-0.6277678749115638,0.8632957473686165,0.6196525804769024,0.7078023701562746,0.7443512149110734,0.6797609366639459
1977-04-30,-0.44525967959749946,0.8459368804531173,0.10185139670941172,0.8608223906967658,-0.7104861596559806,0.8758545346114939,0.69952298461878,0.7018329140271524,0.7356899083586617,0.671986764527019
1977-05-31,-0.27993199908388666,0.7281734573090389,-0.005336273039988176,0.8629663323755307,-0.6813464933900192,0.8078994602681803,0.6621300981576937,0.7100150047443533,0.7426001731845361,0.6781906069309437
1977-06-30,-0.3914732807873465,0.833455883574197,-0.04223158327589281,0.8631177793692659,-0.6644258158563356,0.8552530660899753,0.701043817390314,0.7090619266715108,0.741957024081441,0.6809545066270413
1977-07-31,-0.47833506294542993,0.2296506181581524,-0.00517730782653153,0.8664284734895031,-0.675074300851046,0.8666351046566882,0.7332109063125718,0.7018104124564402,0.7401923948124414,0.6773023939596357
1977-08-31,-0.44621921647407664,0.8529897620762118,-0.018237120155697624,0.8608666489925191,-0.6627071313561077,0.8744925111309586,0.7384584389921907,0.701910197017727,0.7350186208224895,0.6696925423424581
1977-09-30,-0.38915298917994096,0.8411479446711627,-0.14919165219593103,0.8634463065131857,-0.6560880562838318,0.8406157943059,0.7552081766553719,0.7048388607029002,0.7380654875571077,0.6751949497204383
1977-10-31,-0.49138978526585936,0.7665695819872194,-0.14786722271378905,0.8631834893098994,-0.6886561374052557,0.872636397188945,0.7581238060695052,0.697623244366935,0.7331468872578439,0.6739111597539942
1977-11-30,-0.3795302432511434,0.8782109111346953,-0.22280043480402312,0.8616310108617439,-0.68585734090484,0.8549424600256711,0.7664333408511942,0.6973849930211785,0.7317599307518451,0.6708255472486931
1977-12-31,-0.2219263555465002,0.30233826917155865,-0.21173824011346287,0.8654355317919774,-0.6955035161956419,0.8380705571090731,0.7710445826197966,0.6991272278046551,0.7390148345447608,0.6821324615448535
1978-01-31,-0.43384442170133714,0.7321459932192527,-0.25352115964368144,0.8628807222708715,-0.6559056860728958,0.8576468319013164,0.8011178640184373,0.6991788457230759,0.7350713617382474,0.6752881526999919
1978-02-28,-0.21183463840527186,0.8425194952836718,-0.43916369585730175,0.8632034856710823,-0.5615400654299094,0.8637628879472959,0.7660178095812041,0.6912554215501937,0.7283100183279559,0.6697459233604043
1978-03-31,-0.345341543439406,0.8146497827173566,-0.44629311286652745,0.8618458955466585,-0.5838629142148934,0.8630667132494501,0.8009634036110924,0.6914858426595427,0.7295512161802931,0.6850844356657468
1978-04-30,-0.4513506254804474,0.47124398295551917,-0.3996333976101316,0.8649991314623519,-0.6791239269821517,0.8501242375263603,0.8251458846388086,0.6840906366904022,0.7221855403602647,0.6749807033773229
1978-05-31,-0.14928941129835374,-0.21845781478921394,-0.3446661069780488,0.8655677214435038,-0.6740962389460924,0.8755703886620637,0.819953832166428,0.6877347969226012,0.7311361253616849,0.6742164084435444
1978-06-30,-0.25777309409935245,0.5665546356144242,-0.2842013516126975,0.8643282048691545,-0.615017340346987,0.8714806595564694,0.7914980123812977,0.6997989285309686,0.7377173190042051,0.6816437377145527
1978-07-31,-0.25052162851765325,0.8393500861295634,-0.31252283454270247,0.8638728005371716,-0.5683631656777605,0.865681089001506,0.760264351221993,0.7084913735716422,0.742809004082665,0.6912050413301819
1978-08-31,-0.34354148111984445,0.13949430616855812,-0.31356781612999696,0.8677930428266769,-0.5744742020503241,0.8772083236402397,0.8297837380757125,0.702764225026161,0.7418580922611071,0.6918240184684541
1978-09-30,-0.3246485038093852,0.34877851615528893,-0.1751618357996861,0.8647047062168132,-0.6267199276803544,0.879487150789124,0.810511348551157,0.7001213207056216,0.7374681759102166,0.6836921519545784
1978-10-31,-0.3191923116704156,0.8343048964047516,-0.20160717069054473,0.8644150538014771,-0.61206899192906,0.7150355453901199,0.8240684130885568,0.7101664215758753,0.7447158548080061,0.6890658918082923
1978-11-30,0.13151451584354296,0.2957202202961369,-0.4246096218764613,0.8552321833555282,-0.4986473576827642,0.8004844702473036,0.764682789662044,0.6766069564233571,0.7242574584503781,0.6642728538714145
1978-12-31,0.07343929878969765,0.4330283398831679,-0.41162456951363324,0.8693398386908737,-0.5773204153324965,-0.17789402415887456,0.7983941108948756,0.665983711892381,0.7240570054074245,0.6927210607098844
1979-01-31,-0.21310442744740082,0.7101950039133039,-0.32465779139860734,0.8626308346519826,-0.5321777197192835,0.8458829480491151,0.8273939360052786,0.6861283197276443,0.7263408469419034,0.6925188142617965
1979-02-28,-0.3174473496914919,0.2470022135826723,-0.3157324265966104,0.8722960480331929,-0.46142280725165774,0.4428388290297185,0.7643058427383205,0.7118410435006453,0.7526725010842472,0.7090651425559775
1979-03-31,-0.33774147030122154,0.8892462337422959,-0.3727291385535516,0.8637509413478928,-0.48872749385761305,0.8685491877323781,0.7787713242657757,0.6992421644010096,0.7368639527426235,0.6891498897096502
1979-04-30,-0.3407623810724601,0.03475539866822195,-0.37008339693153863,0.8699149957713732,-0.5834458227135905,0.8627992510978799,0.743892947616871,0.6980783313673415,0.7428974689281957,0.6923799918949318
1979-05-31,-0.430666290133504,0.7611568397894779,-0.31221362730829433,0.8595397028472065,-0.6407946216552147,0.8454395684699527,0.7270029744836872,0.6912394726528964,0.7298238399498856,0.6744927702290134
1979-06-30,-0.2728421665026216,0.8592941907938336,-0.4178824458360259,0.8630772494844315,-0.6213406717864947,0.8679784534024638,0.6805050102048789,0.699959769857648,0.7365240912334207,0.681990311226259
1979-07-31,-0.48320038111781444,0.34243842471432506,-0.3365207890516697,0.8661039068145403,-0.6721566958363433,0.873182533899283,0.6544874983507482,0.6897940602991292,0.7313581954772944,0.6776963956880254
1979-08-31,-0.42758281088861677,0.6910533630140805,-0.33249228774747275,0.8614231894628084,-0.6795593704632412,0.8740369274908528,0.6517619963038912,0.6918798773370132,0.7286217930461885,0.6691232412132866
1979-09-30,-0.5029181173627779,0.10370958754714815,-0.28570699653020826,0.8666648594794744,-0.6818261643339851,0.8758999008045874,0.62988587055603,0.6963239949045714,0.7362242413023081,0.6704366081515536
1979-10-31,-0.21267959550516288,0.7998530818363125,-0.3161049035984302,0.8628103133140018,-0.6708286012933659,0.7759107713639304,0.6117463015901158,0.6951976335898857,0.7317543731634928,0.6672405257272345
1979-11-30,0.17630994976619102,0.7141033731951495,-0.5040601815185037,0.8599812897034551,-0.5445431853624182,0.7874924129147824,0.38252287093193604,0.686637023458156,0.7286439102509936,0.6714472408015877
1979-12-31,-0.16145477326107555,0.12227949980360156,-0.42541136594991197,0.8711782838534122,-0.5783890938095894,0.8737811760927328,0.531620075677734,0.6858809835218772,0.7363792164433259,0.6987387650435785
1980-01-31,-0.5456193805136081,0.6250270823670759,-0.3227549298399762,0.8632624158776008,-0.5564680773397747,0.718773702558921,0.5088318973385605,0.6863476249193885,0.7237031359708053,0.6812179874238242
1980-02-29,-0.05111707851579632,0.0729749630985289,-0.36591775415075795,0.8702922926423734,-0.552380244420939,0.5927990515618605,0.43463620760331045,0.7035382957437327,0.7432563699221967,0.6911945421066975
1980-03-31,-0.0007955338009766369,0.8108841196722629,-0.34579111321803435,0.8669522817866212,-0.5319819678579414,0.3810009104329818,0.5062822521458902,0.7041726918242096,0.7448119570327331,0.6955743693230682
1980-04-30,0.25972638167780393,0.09358868113190759,-0.5194837243837366,0.8745552201897585,-0.5518837892277325,-0.05750340031735041,0.27902245125862685,0.7053097824414715,0.7538772101151779,0.7133057771181016
1980-05-31,-0.014330363504749307,0.3242312132011411,-0.49575631185746394,0.8638709441960405,-0.4352548457525959,0.876737708344128,-0.22895476445345814,0.6853310225688855,0.738596918314618,0.7142290014402067
1980-06-30,-0.25004707187574743,0.16605687379335,-0.40226292821723114,0.8614763178724851,-0.4402510460919767,0.8104258708963956,-0.22964513191747937,0.6897558956129815,0.7395549279146634,0.7106958303409321
1980-07-31,-0.2436775740978421,0.43726355075516987,-0.3163965716813857,0.8661845228553884,-0.43114400038240974,0.8428530263741421,-0.2050638040972016,0.6971392743195819,0.7437639852381808,0.7057232597631686
1980-08-31,-0.26354628778229,-0.020620796888373514,-0.22825699681410508,0.8691795528596739,-0.5340153873963752,0.7998174660557157,0.2875421557225256,0.7054149058930205,0.7518003543630113,0.702084119339908
1980-09-30,-0.13195458552055367,0.5783855585495379,-0.22594755040124664,0.8676678365984721,-0.5414494393291204,0.8370605575302922,0.3101886961681504,0.7136717418580919,0.7527416904038017,0.6964293786103858
1980-10-31,0.06417522089884431,0.5108132675158651,-0.22923305192801627,0.8685523203525606,-0.5064345484029262,0.8008703629955746,0.1310416716199738,0.7215765136629881,0.7592165293187729,0.7120511227908841
1980-11-30,-0.021963023052223113,0.6509085136319102,-0.1721800234092703,0.8701881105113217,-0.4719017876789771,0.7534704898599934,-0.068584077895207,0.7205694214515443,0.7598838170461057,0.7198856804059632
1980-12-31,0.02763320827386689,-0.4553525259327747,-0.12150402817753206,0.8771162055852394,-0.4493550659724434,-0.45862374444187265,0.14491037337753823,0.7043591058458856,0.7563026354343192,0.709163156315628
1981-01-31,0.02618200702667435,0.8812790460360193,-0.098474847847665,0.8677859571320082,-0.4436566781764586,0.3532600353702434,-0.04245363420809403,0.7017128286284232,0.7470118069466823,0.7116688900599487
1981-02-28,-0.06680062519814566,0.8753124587917069,-0.21070737380734153,0.8719843489557271,-0.3549316100751699,0.7307734134166552,-0.3657051486869983,0.7104189664544418,0.7542676689903951,0.7184845453518276
1981-03-31,-0.07393874418309986,0.6688834025979706,-0.2961469913492784,0.8726323773921457,-0.3827714480416092,0.7364338858330733,-0.2089241594735876,0.7034838779705546,0.7480283813390081,0.723569016214773
1981-04-30,-0.15280667423078073,0.4143415328409043,-0.0970159512290967,0.8670006784533066,-0.5300292604683882,0.8806953481051345,-0.06813532385470375,0.689991309321447,0.7350348114563984,0.7110143267279573
1981-05-31,-0.344247418226566,0.8732462099827974,-0.16447484497322096,0.8676805024004791,-0.49867679493060757,0.7813600227111984,0.15377184642581782,0.7113270264243344,0.752298375694778,0.7031280796698959
1981-06-30,-0.2450224183083475,0.7172509866291432,-0.27525886035429253,0.8707965860615694,-0.5036064923044746,0.5477373547813411,0.14375863065148203,0.7078929433635144,0.7481503490052097,0.6994793254770506
1981-07-31,-0.3579032294834692,0.8816937669597981,-0.16631149806968443,0.8678458030025756,-0.6085921062365937,0.6052810840422784,-0.12868189409318456,0.6940741059965742,0.7364472680710917,0.6980993505868175
1981-08-31,-0.2890106925651325,0.8534036032612612,-0.2509287417875315,0.8667862237600575,-0.6263279081924984,0.8429103154608201,0.07291608441429087,0.7027695952804925,0.7439935830146026,0.6935454921986685
1981-09-30,0.010870676287191548,0.7812664661358223,-0.36320625030775855,0.8664063639554659,-0.5243590123388759,0.8592243400344101,0.26377413723096305,0.6988518834453407,0.7413476371270052,0.6860627074483286
1981-10-31,0.1781120600835662,0.7812536258526978,-0.5510888189568494,0.8653574913535343,-0.4503018845934638,0.8408390622232876,0.25302015707240183,0.7018536762485087,0.7425628404108161,0.7080401383951825
1981-11-30,-0.15168462424138265,0.21058475271972743,-0.3967943446889597,0.8693258797817547,-0.5457553312850612,0.6376555963822758,0.1826957628332183,0.6693335547069024,0.7213077317719403,0.7059858548097326
1981-12-31,-0.3059251837808414,0.46084271599065324,-0.31697156972971435,0.8543331992270786,-0.5343611769374842,0.8360042327226778,-0.176668435102254,0.6727494390233404,0.7201802275055722,0.6882874047945642
1982-01-31,-0.2757192835971125,0.8922091704422105,-0.4528029440505284,0.8695298793521554,-0.4233384938754595,0.8538362045275115,-0.4255684681028308,0.6889297923130199,0.7352902340083106,0.6888846583279716
1982-02-28,0.1138761553135102,0.8856019237583049,-0.5823470432797246,0.8693553789569303,-0.4554090778185474,0.8213937183343768,-0.1509998559247927,0.6878768158328906,0.7336697729152225,0.6980052730948344
1982-03-31,0.04903757581904461,0.8500299310221451,-0.643884226465246,0.8626861812541269,-0.42850006587186507,0.4898715979648861,-0.1631585729680128,0.691253507194941,0.7387127974598622,0.7087740267293381
1982-04-30,-0.03210474403413943,0.8450814365282269,-0.6696996479065818,0.8682986446665992,-0.4454420100326763,0.7684132565175157,-0.39288108288793383,0.684916130517762,0.7328034632570466,0.7192477997613813
1982-05-31,-0.29206208427371827,0.4257965066792805,-0.5280190384432788,0.8662921805802377,-0.49966981129966304,0.8663612822842555,-0.36053044444880433,0.6649774563001252,0.7159603333316302,0.7041425895290994
1982-06-30,-0.3595863430761145,0.8871269238071957,-0.5557243647262621,0.8654741610017678,-0.5156685349616752,0.8460063114192702,-0.43288604859498414,0.6740528237806592,0.7246843475714192,0.6922169250566442
1982-07-31,-0.09868306169807077,0.8821652681075324,-0.6973648810467464,0.8674909100076765,-0.5026440759658836,0.8731599069508983,-0.2932321519901738,0.6751667152683519,0.7254997081088116,0.6915366817623402
1982-08-31,-0.2322372958848715,0.8849923019158025,-0.7138694859503532,0.868410249619403,-0.5216018540588154,0.6616097052450018,-0.3609421679870896,0.6735679043260225,0.7235925446965505,0.6933660724615016
1982-09-30,0.3197757438704319,-0.6177010247750925,-0.6941657606675811,0.8665668110063365,-0.5970334824178092,0.8736910975187973,-0.601188931643206,0.6490304992036786,0.7155817358517094,0.6891994672458406
1982-10-31,-0.13737816249807658,0.6478698291154499,-0.4546132186161811,0.8634642101443086,-0.5095229681540905,0.6315690599578361,-0.5937564834769395,0.6517463030019068,0.7112880451653387,0.6894935731734904
1982-11-30,0.28831010502783,-0.6161725931357898,-0.33517992076235403,0.8662060604457337,-0.4632514380875238,0.7937852364989045,-0.5648145182775715,0.6667149615195415,0.729716473213807,0.6972727867526377
1982-12-31,0.34132950501965553,0.17645255855628356,-0.3279376972663332,0.8688463310399638,-0.24079183901568785,0.44732465003092076,-0.6216594405184194,0.6806774286658251,0.7394269648740551,0.7092497476311049
1983-01-31,-0.0017787484588634834,0.6897674177196607,-0.25392209664951365,0.8701516227916578,-0.29333016138005175,0.6994404039468464,-0.3725798163939069,0.6966741370932469,0.7465198826657783,0.7274062825461386
1983-02-28,-0.0008687783151204013,0.4072971711051473,-0.11146928899400294,0.8691801369569563,-0.356184570959997,0.7984274325804055,-0.170618347479855,0.7043711141446192,0.7525156213705233,0.7297374076686534
1983-03-31,-0.15022823583400607,0.5074730411601428,-0.1111987356277889,0.8668149419530776,-0.3772474633242225,0.8280127981497528,-0.024205878787768125,0.7213236702022655,0.7629140823198358,0.7242421062688459
1983-04-30,-0.1641502083797525,0.4567014366321854,-0.09029242572245916,0.8706371447415785,-0.4254144840448197,0.8849241697766599,-0.008119821298809435,0.7251683457481132,0.7644120995182991,0.7178800238991817
1983-05-31,-0.20068338058716728,-0.0594323289294874,-0.02295589232773105,0.8726167977029305,-0.46844148125014107,0.856307217546208,0.08270915703000169,0.7194282692413981,0.7630320472008006,0.7112916251520832
1983-06-30,-0.31652913113211834,0.7188440881804686,0.082519751195046,0.8673051372201448,-0.5401148800157228,0.8175273013572026,0.2403268255775163,0.7193297646772596,0.7582464232599055,0.7046699562830248
1983-07-31,-0.23585541952263506,0.44503440039603503,0.09210797162897179,0.8687941305836286,-0.5700747432979673,0.8783486764536603,0.2322807914288393,0.7268145581381548,0.7632613822331965,0.7060462780453881
1983-08-31,0.0007055178478666431,0.8895696119130531,0.03573126914340999,0.8628129983676812,-0.5239048588034397,0.8453880227666014,0.5014614823217081,0.7252184053470235,0.7595893573078002,0.702720500868092
1983-09-30,-0.13374819655914105,0.7630728137391021,-0.04852641342547334,0.8653044959607024,-0.481295439677675,0.8481013618200408,0.568846154738717,0.7280547057560443,0.7614049402731167,0.7152977717279647
1983-10-31,-0.31304686993642933,0.6780285087732696,0.08071101815315183,0.8669553369329822,-0.5312663151482274,0.8373948834975414,0.5906710325353537,0.7179173579204882,0.7514111968549596,0.7109269030750217
1983-11-30,-0.21885327991559714,0.8911904367491591,0.013552198911419707,0.8652380963183736,-0.494675652409454,0.7810037254899845,0.5194888998821956,0.7184862055242783,0.7530102118515923,0.7004388347761433
1983-12-31,-0.387719396677964,0.5374484542680915,0.05136074277600536,0.8705852118507788,-0.6012555192398016,0.5687487732332822,0.5797771406083343,0.7080198575018346,0.7519448411070269,0.70274863281148
1984-01-31,-0.5295517316937591,0.8707973486627344,0.0786035162942713,0.8594725900104085,-0.6485975283862492,0.8621908655353957,0.6218928092606756,0.7027506261655417,0.7362976345361013,0.6772464001381192
1984-02-29,-0.34003380660817795,0.8560341904057739,-0.002691157089155103,0.8640824103138918,-0.6236326352376409,0.8796724304571385,0.3410980040581599,0.7173775254878528,0.7503248009444207,0.6844798315215924
1984-03-31,0.0023911661695899763,0.877658520872273,-0.15637428613162846,0.8650807339633387,-0.6075511547331071,0.7510580546095974,0.2437895940530408,0.70760072040748,0.7442230229771379,0.6870961975198099
1984-04-30,-0.21780996581409937,0.6927022098896669,-0.08885882833965963,0.8688044331162776,-0.6146082495738889,0.8231958231184968,0.389769177271815,0.7075192412595734,0.7483945688927589,0.7045268082899077
1984-05-31,-0.36178644745076133,0.8124520810452606,-0.0399931046955812,0.8634270393803828,-0.5990650125437903,0.8762123189516112,0.37189699725309405,0.7081197819090025,0.7424214744358345,0.6957834278458955
1984-06-30,-0.2531305032551088,0.8356163899294671,-0.1874799400795989,0.8670698645818637,-0.4933424666446393,0.8797724718115475,0.2984005738492458,0.7112427176580187,0.7468427590889937,0.6891490080017155
1984-07-31,-0.1323621612408075,0.5654122997370593,-0.18861468171825738,0.8690197927805143,-0.5818118162030183,0.8829760991458144,0.3108668251998796,0.7090684243041052,0.7507137186041946,0.7061806306605303
1984-08-31,-0.3415052021777169,0.8880661465992558,-0.21771999837672557,0.867319543116945,-0.5779453295753424,0.7812723270979091,0.1302546437860569,0.7077782636396927,0.7469368992265183,0.6964022355010612
1984-09-30,-0.008131669999699876,-0.49221411925717573,-0.0008035647750548351,0.87170796978798,-0.6435966851133247,0.21825687795174614,0.15037587796598395,0.6877015562724103,0.7466609984584787,0.6920358482514983
1984-10-31,-0.4254575723511385,0.8343841295071791,0.05090773427409973,0.8566605587050561,-0.5799107880272237,0.6948118927888666,0.23965876354145327,0.6942343048770662,0.7350159390660654,0.6774621439038263
1984-11-30,-0.15362002081257503,0.7874870801541883,-0.13671231457565894,0.8677785989825234,-0.5025748150914889,0.8261213753037316,0.4274320842963291,0.7163482259847783,0.7457330238715906,0.688094326610109
1984-12-31,-0.20735434367566996,0.8380814419173928,-0.14715247674803963,0.8658397019715235,-0.46768068023206466,0.8548579562515425,0.5114609089502553,0.7166854216911478,0.7516820250946987,0.7019131887938619
1985-01-31,-0.2706319523583703,0.581321624178223,-0.0898075236983721,0.8670710119570776,-0.6027748073040035,0.8827006886809489,0.5178409482682517,0.7111551715736225,0.7494714509005501,0.7052856988911215
1985-02-28,-0.23421838019035493,-0.18934534653751806,0.03179962042359589,0.864889322920676,-0.6302681303608106,0.8523513403157826,0.6209864214177788,0.7034691460751193,0.7457604185873904,0.6910288628183939
1985-03-31,-0.42281700240501646,0.6537452460325544,0.08890557994063672,0.8641218695803288,-0.5917708291406933,0.8299155123514519,0.6549214097272062,0.7170274985105254,0.7512164295545083,0.6881905479592283
1985-04-30,-0.3153625078601466,0.7952922562185031,-0.02043564504306479,0.8660717060367359,-0.5568937829813798,0.8037920378450011,0.5820106551452426,0.7181322717747344,0.7487505320651605,0.6860167243120531
1985-05-31,-0.4455640403201623,0.8015266294283423,-0.03540263485527896,0.8674824524914768,-0.5789147233129213,0.6989931105608542,0.4589021394016732,0.7091214303337592,0.7441768754713303,0.6856566460183067
1985-06-30,-0.39836915419616387,0.19513184540018608,0.10397091983164142,0.8655575624901589,-0.6995567843242331,0.8404051686134613,0.4127355340229817,0.6965588196690209,0.7390102168317911,0.6793162286235566
1985-07-31,-0.4271093988524064,0.6621112569129302,0.1361771053236124,0.8614006671371057,-0.6870853745209733,0.828947392157334,0.38895064133501733,0.7052101648983071,0.7416420174496572,0.6753332952889299
1985-08-31,-0.43452803112469385,0.8104379323264969,0.16356875186673459,0.8634908489791201,-0.6851143278024803,0.7398366002076185,0.38673382222692976,0.718166934952475,0.7523880489171663,0.6850414553861045
1985-09-30,-0.4612207656629508,0.8288361360715701,0.11460170911729847,0.8630297016514025,-0.664460619000035,0.8645145327605555,0.3944230041254425,0.7165251681618654,0.7483142077329092,0.6812027112776267
1985-10-31,-0.27004746117150846,0.8834394056645215,-0.03763218062926865,0.8653251740192066,-0.6191072999092685,0.7665099571438804,0.33613836957985904,0.7060937627040055,0.740267313576951,0.6721797921093572
1985-11-30,-0.3331738032322158,0.29981727124609797,0.04690980350144969,0.8687403489855976,-0.6601298050000248,0.8822016375965438,0.4555296366910964,0.7039013203548354,0.7461172222948644,0.6881248830531985
1985-12-31,-0.43775505282208754,0.05148904976973013,0.24636202559339002,0.8593647517751162,-0.7039033975227622,0.8537743566150104,0.45830070003140155,0.6915245486507924,0.7324602347205422,0.6699026564904584
1986-01-31,-0.2698733872739944,0.3419036491685117,0.2447706366465186,0.8655554396018654,-0.6362383192228948,0.8574443545283323,0.41295971612315985,0.720505862553404,0.7536633908939505,0.6825502707447846
1986-02-28,-0.07766556261490436,0.6825095427434994,0.2073927085087943,0.8655829398882732,-0.5824976691516253,0.884943008751097,0.4018060007119666,0.7302989029444026,0.7610046095111925,0.69844744883019
1986-03-31,-0.27280468374514644,-0.1257579343437266,0.2827322095287411,0.8707674032451728,-0.5609670340234669,0.7752638572378953,0.3693819759560189,0.7257928603618796,0.7633847289821888,0.7017889072727762
1986-04-30,-0.22160463296656865,0.19497546641977476,0.37658761112201744,0.8658133736968084,-0.5552470186465339,0.8723008377540976,0.3318752717628344,0.7190686977158617,0.756683074044704,0.6972770938628204
1986-05-31,-0.03536807079020038,0.8372067137382571,0.4064678860506911,0.8635592378439971,-0.535610687838566,0.8072445889907593,0.41432331073101053,0.7318545599338384,0.7640883520762567,0.7111609015990381
1986-06-30,-0.22571579586071608,0.22679190179118144,0.40119147895928214,0.8683093949028164,-0.5336410507814826,0.8850883908993745,0.5721644953558744,0.7362214960379023,0.7705917929504587,0.716931189328911
1986-07-31,-0.10601739735884483,0.63610031564329,0.3838439684821057,0.8646502225667291,-0.4693477508653123,0.7058616027333049,0.5182425531298762,0.7281841676237123,0.7605362447567722,0.704098424023819
1986-08-31,0.1699333126203712,0.835317135529649,0.24059161005845378,0.8561610781297947,-0.34526514250502444,0.7111019763208544,0.3571157364434004,0.7140872237789824,0.7514978583159848,0.6999500101105411
1986-09-30,-0.2309404369004185,0.008446448277287001,0.404687635845626,0.872451291538367,-0.4966151790278331,0.8831747055113076,0.35019321646844054,0.7008126950727182,0.7513557820142972,0.7152309966790239
1986-10-31,0.2111085956271301,0.5936430440482989,0.33345320204516066,0.8621884890701709,-0.45710713191853564,0.8634560370569909,0.43683835407721144,0.7163540858520215,0.7567501425981521,0.711813920822172
1986-11-30,-0.30205773683606524,0.18824147210522357,0.351124727153482,0.8743708321882597,-0.4322584358252325,0.7225554254570483,0.4178116979473111,0.7094529789306052,0.7619235037573115,0.7189247006969319
1986-12-31,-0.2251722880939017,0.6955829590165573,0.46465526831129106,0.8582356124796474,-0.5517762913528194,0.884535734013577,0.47497722434725503,0.7079535772346331,0.7423335317610223,0.6992821801051544
1987-01-31,-0.1564284388559497,0.8881156343481788,0.35118778114555305,0.8640137242259166,-0.4079493966428488,0.883055505332889,0.2732183809394427,0.7302211643718967,0.7626237927153879,0.7071123240396965
1987-02-28,0.02082142301029171,-0.70858273431468,0.4609895103106713,0.8697020342348575,-0.5349539578896818,0.8864927012477422,0.4080813855023971,0.7130979549444744,0.7607889086860565,0.7057215003370935
1987-03-31,-0.20200515033863875,0.2562905458003603,0.5485278599378921,0.8648130731127368,-0.4954585302572897,0.817937519935262,0.5055533216417012,0.7116237286969017,0.7520075817313513,0.6998168355886519
1987-04-30,-0.1023822061920151,0.5925250987859485,0.5911709419133482,0.8632922187472157,-0.5059996206856262,0.8621356549869893,0.5246708331627857,0.728921059836496,0.759603622660676,0.7128342461517184
1987-05-31,0.2555243902744168,0.8492467899796762,0.5059051042611067,0.858614579211412,-0.3918391554282093,0.775197960998068,0.49737349332820724,0.733142450583511,0.7651521888864051,0.7196438930115173
1987-06-30,0.09257233846917892,0.6888881001929024,0.48689599440925546,0.8597029039362254,-0.3506385137448882,0.8734185133605024,0.5009999861171266,0.7343809427961181,0.7660824782639291,0.7335958184483911
1987-07-31,-0.28951117887541095,0.31554107634335177,0.5947210474896156,0.8658774931649474,-0.3987931172028935,0.8724625405330674,0.5605048430890577,0.7252359971658912,0.7572799246027387,0.7252720923060271
1987-08-31,-0.3666186029858107,0.3281479008530174,0.6175454533819689,0.8650668676750726,-0.446943744517412,0.863114691793655,0.5686882878210733,0.7235426687702041,0.7567134098900298,0.7093755234744922
1987-09-30,-0.15439344030724436,0.37155609720507055,0.6735109967111365,0.8633828888256866,-0.559167199108124,0.8283298695796258,0.619766681254536,0.7270426189439597,0.7617569869707966,0.7089436551059153
1987-10-31,0.05398828102655933,0.8689666237175445,0.5840406630266359,0.8585838850705659,-0.5067856153948903,0.8624770321970446,0.5565443621923079,0.7267161464741491,0.7600187373869621,0.7053902921193601
1987-11-30,0.8302205986467734,-0.7909777509443859,0.4398479440991163,0.8577172733472447,-0.48021940311122296,0.8643593822267464,0.5937093350606569,0.7090919185014869,0.7583548916136081,0.7120641649178167
1987-12-31,0.42357024145067285,0.7084903519095693,0.22511957449874515,0.8573646517369566,-0.058116667447449144,0.8480588816725378,0.4668486904435048,0.7202686020156228,0.7537396047112159,0.7148532533918341
1988-01-31,0.33675924770681864,-0.09067854870115095,0.294700609859388,0.8696730223712963,-0.04835462011747779,0.43479671754006693,0.5928472472824065,0.7101213133184154,0.7490811926628351,0.7312392437195698
1988-02-29,0.23237427511391154,0.4397087156292405,0.49418832563500137,0.837926364200936,-0.14784012442753755,0.25080759195725577,0.6955203478868541,0.6929026014636313,0.7221213917718132,0.7126269232329083
1988-03-31,-0.17662599322449737,0.24780444934331475,0.42914156816433197,0.8666182393362141,-0.20807922915129456,0.675766153238379,0.5982547163812958,0.7584062652083625,0.7858265778743296,0.7368811520276555
1988-04-30,-0.033720604119981706,0.855118840039475,0.3121051070060613,0.861619488652852,-0.15791270443908859,0.8551208926334203,0.5057170433130573,0.722727509892242,0.752640641645418,0.6971912457746957
1988-05-31,0.2117581095516438,0.6473191551409447,0.28916636435233767,0.8619709104333209,-0.28195139480710796,0.8856409525403433,0.4699252720098489,0.7363036931556186,0.7701604465910972,0.7378833302691834
1988-06-30,0.0004610316427523039,0.7688640618568812,0.3072149909302328,0.8630441393678905,-0.4278318772931535,0.8844733070868278,0.5939847809822747,0.7358201811848808,0.7672601027746968,0.7381496830561913
1988-07-31,-0.05067713042175238,0.20487819009664446,0.39584345723864883,0.8669198760538418,-0.43735696866078305,0.8646146672712448,0.6164844334469631,0.7329996231883417,0.7687706737587939,0.7315544076273147
1988-08-31,-0.1306158636207937,0.8361584844570561,0.3792728359990898,0.8628687549327422,-0.41013618087388104,0.7614792615644163,0.6082786041017397,0.7347984738087939,0.7647826959184149,0.7231287778512691
1988-09-30,-0.07678311212876376,0.8845307131676446,0.21697486873986777,0.8615502292621515,-0.3470369137558221,0.7803971039019663,0.553030597423899,0.7271203795283393,0.7585451000344575,0.7123817024434514
1988-10-31,-0.19690972764829384,0.3552322366565198,0.28446116663976306,0.8674690422839274,-0.45131746437155806,0.8747397029151047,0.6129642330640748,0.7210052538354531,0.7575166525606972,0.7205431730243742
1988-11-30,-0.1497975952629341,0.6461483226979744,0.35929599307518706,0.8622695126477976,-0.5239888699014071,0.8222893507984116,0.7455998488224193,0.7221026065246637,0.7545949758287994,0.7108901743850861
1988-12-31,-0.116647919699914,0.8577369030167731,0.24186184339604705,0.861922263472878,-0.4731631898488579,0.854931140102501,0.6200667208206933,0.7266703967117378,0.7598679888427518,0.71085281388815
1989-01-31,-0.44409492858384036,0.6148553245780582,0.34442035927979814,0.8660487252736165,-0.5582267679744887,0.837156071774951,0.6541033251998131,0.7122200145590948,0.7490632693265057,0.7041658360973079
1989-02-28,-0.3825081581964923,0.07063524435609807,0.4174972651321257,0.8625068331670567,-0.6278093453618218,0.884069491428587,0.7123117114094754,0.7073667814911332,0.7441714732003933,0.6856009551268004
1989-03-31,-0.20859958981641308,0.8615466233624433,0.3535435445310365,0.8605481282678548,-0.573982908616426,0.8742665418903023,0.6834208324745203,0.7174549149136272,0.750188396033817,0.6851878577983225
1989-04-30,-0.1558900115038783,0.5595119853113425,0.3188444847890281,0.8629655802548573,-0.5764111922375152,0.8425751185573365,0.7345852794077468,0.7239236888593068,0.7559948590531489,0.7023168135183679
1989-05-31,-0.3051512185877449,0.25091000298662874,0.38820951490880473,0.8643456054121699,-0.574852122142698,0.8453976638808134,0.7850439142969146,0.7180377537855214,0.7511203334785894,0.698491524094244
1989-06-30,-0.24293600353751874,0.36548157424608707,0.39780460272310714,0.8643806885994456,-0.555987317299151,0.672016775122784,0.7374530790247521,0.719632822931039,0.7530155813474909,0.6958515134861584
1989-07-31,-0.16087335130156813,0.8206947351659176,0.4312326877427466,0.8611058435820514,-0.5503490554430085,0.8228024369182916,0.7115650514344598,0.722503350339358,0.7548944388288644,0.7030745363683001
1989-08-31,-0.33062659536981753,-0.1171224915382308,0.49634918868217925,0.8647845912101467,-0.6012028423588774,0.8760000012185077,0.7430136815456309,0.7169662758343008,0.7565052163250042,0.7002088752969154
1989-09-30,-0.22725868975485677,0.6172077442716992,0.522124419236313,0.8606339688599454,-0.5768077008843354,0.8584143011553445,0.7441292692255402,0.7183068560038666,0.7503997728073402,0.6932802243487002
1989-10-31,-0.4272036114512321,0.786555664108433,0.47065236798920046,0.8623329698048117,-0.5345205660006739,0.8697821666662939,0.7309646773174703,0.724489677193566,0.75437900817189,0.6960548097129564
1989-11-30,0.4171445865878609,0.8806169031516654,0.37281400539651083,0.8527409456611026,-0.49366030865178273,0.5084842093409564,0.6669975255759745,0.711894914548777,0.7442814294224482,0.6948219157848035
1989-12-31,-0.2374405796877921,0.5945643506972255,0.3581846354956838,0.8607427967829195,-0.4303875050800372,0.7928027173717185,0.6819138133192684,0.7166123835815963,0.7489430311489038,0.712657212927468
1990-01-31,-0.2990652862670698,0.638294095990893,0.44823307077003705,0.8622805029536201,-0.5230834389044456,0.6788797153222641,0.702599180487106,0.7157346018953613,0.744870686794543,0.7062552403305674
1990-02-28,0.16670599363337876,0.7216837247428729,0.32477015656043057,0.8572886976143725,-0.39314837408730147,0.8679571723193911,0.6422930890229626,0.7206050378181756,0.7553676002717113,0.7076832949613783
1990-03-31,-0.24279296733130656,0.6146090300175515,0.3340939204518668,0.8633124548179529,-0.5123822416153924,0.8787491155571638,0.7112186250226897,0.7161251272882783,0.7543278418700428,0.7165242140082269
1990-04-30,-0.3211428464224236,0.5917558040158292,0.42275922137615024,0.8615401335387686,-0.5571115130197204,0.8709005918249432,0.7886846399594974,0.7126431465352553,0.7426754555815848,0.7014014165405104
1990-05-31,-0.19466684021104355,0.8814746296326558,0.2887608227124301,0.8590868948394761,-0.4477953674428255,0.7829626641610204,0.7223785472288458,0.7151009195952727,0.7485747040369854,0.6945019996193964
1990-06-30,-0.16985873816269084,-0.325612767766637,0.38835917244957435,0.8672712847465203,-0.5828292883313726,0.8670912167876239,0.7095304290564397,0.7046713345925983,0.7493288892486754,0.6984176847617676
1990-07-31,-0.2102037885575671,0.8218664672125341,0.43933833186397403,0.8590733674328329,-0.569589689338214,0.8595777630374011,0.7099927726727954,0.7088583714369913,0.7427001215495664,0.6937400106099331
1990-08-31,-0.1265100865374458,0.8373135084678202,0.35952664237644893,0.8608552255054812,-0.4934340586788458,0.8542267533068183,0.6614017707770274,0.7236270809328893,0.7548447457003551,0.705566390198435
1990-09-30,0.46040449148552703,0.5188916260172061,0.15041615094806668,0.8523414784201195,-0.38612949881908976,0.6231894485312564,0.561254363167875,0.7128999798072526,0.7522647990035476,0.7053724318069532
1990-10-31,0.15246541216761111,0.8584329173662492,0.04082479871441639,0.8533188594216519,-0.26483495501422566,0.28877688716104993,0.4889579107829946,0.7157487911312272,0.7482569325091732,0.7230762243687725
1990-11-30,0.2760586597650701,0.8472782366965365,0.11101232410552597,0.8623795156775524,-0.3434341317374594,0.6911905329299791,0.48628864249041936,0.7248232569748758,0.7482355202693376,0.7479620092241579
1990-12-31,-0.14605479141527286,0.06180101038069401,0.3178983930277015,0.8605445889283617,-0.4238271574772836,0.4934164122141422,0.5517126299168795,0.6829837538381179,0.7215421273508537,0.7188093282127818
1991-01-31,-0.40685741131516456,0.5434209107450598,0.301389244426247,0.862529928287644,-0.4320701249241203,0.5959594373331111,0.45235214679681307,0.7167121811422315,0.7539093762896307,0.7066579928413725
1991-02-28,0.15043789729704846,0.16131161001991903,0.19959899156586278,0.8697930854437679,-0.4155631031620796,0.7767683947544002,0.34909340438814346,0.7308426702342513,0.7661759376418152,0.7161485066045236
1991-03-31,-0.06611210774736855,-0.10432134234077355,0.4413860359480104,0.8659937591497362,-0.5186778858659015,0.8676540655150764,0.5600349071433577,0.7257652874609912,0.7663399647608635,0.7193946002094831
1991-04-30,-0.22544859017851887,0.4864047339018277,0.45369350114885487,0.8640530391874309,-0.4965556788093619,0.8837393012009113,0.598257507562297,0.73306605412298,0.767305762466025,0.7126398030859807
1991-05-31,-0.032791606086112576,0.7473280087266136,0.431433216742183,0.862631262384966,-0.4094820508806563,0.8632805975588009,0.6151435813715954,0.7362579371130801,0.7659037838858017,0.7167168557345746
1991-06-30,-0.1334666400187232,0.328053354324878,0.4369235607765611,0.8653638150001185,-0.46008912423543963,0.8783199127044666,0.6811555290324846,0.7352446073799251,0.7679656976474322,0.7232688287516263
1991-07-31,-0.19206869047754932,0.8723131735005067,0.40348377420984105,0.8597084374386219,-0.4532391806041852,0.8323223777818474,0.683079718552548,0.7259864868184263,0.7587314129439422,0.7081849295340634
1991-08-31,-0.2657107166902279,0.250549799918791,0.44672053961491126,0.8662877449681617,-0.512386811261482,0.8389546607067465,0.7508565831799555,0.7202356495219949,0.759398757669043,0.7120460612541185
1991-09-30,-0.05453572131720606,0.5072825079893774,0.4611156162566068,0.8621228531056805,-0.5365538951853529,0.6426866327278494,0.7365354721867324,0.7214936408914318,0.7562685134512547,0.7038097834555826
1991-10-31,-0.4051262295927323,0.8206608625463175,0.38722801939112356,0.8591662780786946,-0.47806286395566294,0.8448108731907144,0.7003799833858605,0.7183924363269169,0.7520614870688725,0.698934004754444
1991-11-30,-0.23402238796010447,0.6123671590373211,0.44160038068610263,0.8618326122524426,-0.5693900439507579,0.8147700567013832,0.7078465185880124,0.7179644349524129,0.7517595263869904,0.7015863267215995
1991-12-31,0.0214103408026553,0.8841419567932901,0.39777456956424817,0.8573022235042583,-0.5155267253538076,0.8629008572236734,0.6508931575143456,0.7181723038599314,0.7508468443956283,0.7012575440898577
1992-01-31,-0.05180653468778183,-0.5785771657760893,0.4617562826230936,0.8676855204555823,-0.5797582674143408,0.8801594111599117,0.7074836782755959,0.7073239253122799,0.754110216430539,0.7034279819003936
1992-02-29,-0.4089130377496254,0.8065362028188781,0.5946179700783835,0.85757495765721,-0.5441126698535954,0.5487683460491829,0.7583221106291915,0.7015688829833026,0.7335015239591646,0.6893441020269185
1992-03-31,-0.26886115092338186,0.6197894472828739,0.491967494147074,0.8626606363574421,-0.475693330620291,0.6598641797600694,0.6955937148441265,0.7224956691052546,0.7510641754925282,0.6974896730586029
1992-04-30,-0.3972126859965134,0.8639356585324974,0.42962487879463684,0.8561745672074191,-0.4993199455767936,0.8277918871654381,0.6898776908024596,0.7117748717666649,0.744898868070981,0.6912559940508555
1992-05-31,-0.07692073535924585,0.6181957715491488,0.47321723118782727,0.8594549140135974,-0.6036641733473475,0.6005318872780991,0.7226767344826137,0.7172229972031102,0.7510916493127505,0.7010561686520295
1992-06-30,-0.3719273315843686,0.7052245337655831,0.512213682525199,0.8601382415374008,-0.591213709841721,0.8616190833847288,0.7546536703767206,0.7128873948786849,0.7433791766548492,0.6950200837277654
1992-07-31,-0.3511713848107595,0.8654472115089263,0.4969837861900123,0.8589370135591216,-0.6017486690116528,0.8725133852544423,0.7640642950945259,0.7157860896829041,0.746856662482232,0.6928955947100456
1992-08-31,-0.34605888607491664,0.32902293811542516,0.5469762308805751,0.8625015599110191,-0.6114708242859694,0.8406488332875888,0.8119564708425844,0.7106000336942127,0.7455925964473236,0.6911942517772034
1992-09-30,-0.5037370954287251,0.8648966046743105,0.500474075336484,0.8578421863131782,-0.6105352017833318,0.7748575343918818,0.8160889648331211,0.705294944762497,0.7386117068685307,0.6753752394388863
1992-10-31,-0.25773458023998785,0.5863484017147906,0.4782906769172388,0.8572873091862654,-0.6177337971364529,0.8280565208700392,0.8044013742639204,0.7078182734941023,0.7408740221246479,0.6826133723605297
1992-11-30,-0.3074806163380782,0.6491068988607849,0.5208047599096859,0.8593876284237376,-0.6454458391000422,0.859625752705788,0.7655737004328131,0.7085139249837056,0.7394915362240717,0.6864040326490861
1992-12-31,-0.4846409150366315,0.2925583801402307,0.5559397486266341,0.862837145640349,-0.6647141600784537,0.811840081966162,0.7713302130689483,0.7098760820078827,0.7438535389084744,0.6818398006294133
1993-01-31,-0.506660214566676,0.6077100463253992,0.5924394004100392,0.8591466374003801,-0.647748113117245,0.8698521279151069,0.7861367814232757,0.7078731975314331,0.7393093023786409,0.6735462862232428
1993-02-28,-0.5432691283101032,0.6568763285935583,0.5676397973887428,0.8594193932556248,-0.6638547236959886,0.8430648646550157,0.8062986079694411,0.7093588430807379,0.7400531836547043,0.6710078273698484
1993-03-31,-0.1938845246339106,0.7024050327845248,0.5429130633117383,0.8555385444911984,-0.66691373417517,0.7979292030534932,0.8159166767273336,0.7078992925465655,0.7383767115355109,0.6738368776307582
1993-04-30,-0.23542539003342117,0.46490263067907867,0.557393110878149,0.8579278920493701,-0.6365766982192136,0.8354158110873077,0.8549478672245806,0.7115919547298813,0.7431762421200977,0.6854059444078561
1993-05-31,-0.19485125728279304,0.871454395723629,0.5112369093342918,0.8538509849132345,-0.566648137945287,0.7869017416592139,0.7982890731573525,0.7118146661928971,0.7437517327035014,0.6866616796938104
1993-06-30,-0.32993975186497543,0.41203982207601403,0.5716747995636007,0.8618433907890729,-0.5661970350012767,0.8592246391536594,0.7911627259155868,0.7065121933364621,0.7428416120544649,0.6930627755125877
1993-07-31,-0.4834021346172797,0.7348702555341947,0.6243086699004331,0.8575481701835704,-0.6249710635328983,0.8393506103810909,0.8298777849128937,0.7028464952122727,0.7318658736286746,0.6820673236735638
1993-08-31,-0.3640052863127568,0.739893439298549,0.5380238204390364,0.858281092064382,-0.5877769687737934,0.685031322898784,0.778704910914623,0.7109044013419151,0.7420782017459672,0.6805707513183753
1993-09-30,-0.5950363576838597,0.3348435306398567,0.6055104231960755,0.8614320705039007,-0.6669886661825677,0.865072486238788,0.8151877324855807,0.6968794840192305,0.7336580394933843,0.6712871391261301
1993-10-31,-0.518240391320751,0.765790840817174,0.6359058537680953,0.8556416143345579,-0.7058461916523805,0.8701626427549765,0.8458612094227589,0.6972074157647117,0.7289880726743232,0.6602013967938833
1993-11-30,-0.5715678500101903,0.6045379272454724,0.623330149392239,0.8583653534366762,-0.705939425838533,0.8430311976635307,0.8494680793686857,0.7050909042183322,0.7370278750298125,0.6653926933771932
1993-12-31,-0.41246392905297063,0.8457958694939605,0.5961627086495067,0.855479342822828,-0.7035260473784053,0.7904236942678613,0.8036630937150218,0.6996639645824241,0.7305004052943382,0.6596519369059917
1994-01-31,-0.5887073359062543,0.5754032885414769,0.6155810418989476,0.8589623555323319,-0.7016536561298573,0.8659722285584297,0.8047623424847186,0.6979198712943473,0.7319754605256921,0.663325959382737
1994-02-28,-0.5706479577612292,0.49183424656960856,0.6785466469426786,0.854696779908149,-0.7428411007669093,0.8632641906247712,0.8418810233459043,0.6918893485538916,0.7240862829367013,0.6535623638130076
1994-03-31,-0.23190531181775517,0.8624320348792368,0.589464013517924,0.8540902427255326,-0.6693940464316918,0.8714525096539476,0.8144753072052047,0.7000068656785086,0.7301414970002551,0.6594727123225101
1994-04-30,-0.19496664428215013,0.8781411354567717,0.5156537849735595,0.8467989699281783,-0.6081387229543285,0.8687883887942651,0.7969573347655168,0.7003211942050216,0.7313427530345431,0.6724407357080657
1994-05-31,-0.13745882685457483,0.6447421398487376,0.5282369583274635,0.8548995036185001,-0.5915918398066582,0.8593075765297914,0.8295871716357118,0.7112035975642991,0.7412880645997911,0.6950470837279455
1994-06-30,-0.3485704737762407,0.676738770494317,0.5557238387652295,0.8579652694557657,-0.5561142018674362,0.8664256705470555,0.8447924487216657,0.7127624734507013,0.7407652961265231,0.6951737398112029
1994-07-31,-0.2807909741765264,0.8728634492317067,0.5248109600309385,0.8539871441435636,-0.5343679700113004,0.8684476649442354,0.8067035109831393,0.7135448143515213,0.7440636641295157,0.6922043364028574
1994-08-31,-0.5634209226736874,0.4454446905580923,0.5725142106208735,0.861301753749989,-0.6116695788794725,0.8614772991425129,0.8360117843136231,0.6989105480188019,0.7351377891736054,0.6809862899575768
1994-09-30,-0.5110206880663618,0.3443441403149313,0.6411382307596201,0.8580789402456388,-0.7035451429722486,0.8706400551287008,0.8586352941865554,0.6934922796249465,0.7273595434760414,0.6629939245791978
1994-10-31,-0.28411538199427006,0.8519520405808154,0.5466677763867134,0.8544392035094699,-0.6336317321494538,0.8418646368580045,0.8239810402692751,0.7006853340820409,0.7336756396206763,0.6648853362133398
1994-11-30,-0.17596954604870782,0.5648738103544244,0.5381381589324142,0.8547306935190631,-0.6367976325047515,0.8663018421114219,0.8307531016808927,0.710011427364196,0.7422918676203001,0.6860329729806836
1994-12-31,-0.2463216072136215,0.8814324499432249,0.5007124407642863,0.8531343369654096,-0.5543372111220357,0.759292338251047,0.8135736888092544,0.709087867152923,0.7419700446054305,0.6860560458032388
1995-01-31,-0.330319342296364,0.6241066320376087,0.5123808939018772,0.8557704417988349,-0.5639765918814323,0.8692326896408409,0.8319431891741333,0.7046214936258026,0.7391340122417296,0.6903271085211466
1995-02-28,-0.6402285573311057,0.6153237619782748,0.6374370162302533,0.8569656294950532,-0.6658879884880442,0.7105044084219355,0.8724707843194346,0.6851547499415351,0.7146558415370479,0.6650221683505273
1995-03-31,-0.540753561713946,0.3797704562510588,0.6499737686416825,0.8574667697455209,-0.7037337206952826,0.8312955225418226,0.8739598647085816,0.7033155366130932,0.7361490005439826,0.6642558627098805
1995-04-30,-0.46547897556906687,0.5037282152893466,0.6157391151951827,0.8581042366378114,-0.688486162752863,0.8626033403332535,0.8607318767739608,0.7063867299713696,0.7372950066902538,0.6634904200476127
1995-05-31,-0.5899987886783568,0.519183296169422,0.6329831968734139,0.858328932437419,-0.7077317422373544,0.8392445460981537,0.8634760843666156,0.7029778892563412,0.7349837424079642,0.6622697440517844
1995-06-30,-0.28018658125522844,0.42099630135250615,0.6607886440182346,0.8566253496605265,-0.7010212657906183,0.8507634581088664,0.8688464920165805,0.7041924674592869,0.7356358691041186,0.6665038501541566
1995-07-31,-0.38438122158773863,0.4386048528075964,0.6794040580310158,0.858238853436783,-0.6760384467654222,0.8647772443778415,0.8567037840033679,0.7081094300535734,0.739629657710338,0.6749512338029834
1995-08-31,-0.3394724220799359,0.30681773156932124,0.6892682092330725,0.8595863904953854,-0.6557467953504766,0.7379536099959666,0.8445634176103788,0.7099772397643805,0.7421145252159281,0.6776216419845892
1995-09-30,-0.6171154469444691,0.6794870503914889,0.6885492855557862,0.8562933531778437,-0.6150859314663352,0.8589375694913408,0.8484650715049342,0.7016191250373562,0.7334664204434946,0.669795790776732
1995-10-31,-0.5467130032571315,0.3912148684035564,0.7273500368136577,0.8581658219748426,-0.6988764306793748,0.8168616148257534,0.8606748623282813,0.7002855230393655,0.7331013854733955,0.6635048117348713
1995-11-30,-0.4206554186434208,0.8135310281514074,0.6817235414063715,0.8530499342219421,-0.6715185892740315,0.8234542896528215,0.825630509751119,0.6947100774602346,0.7266634110528427,0.6570146180814191
1995-12-31,-0.4541133593771074,0.2865447150649565,0.7310620136965149,0.8587774105299217,-0.7224335496184614,0.8708346603606284,0.8399209338446093,0.6982922354999731,0.7344880900548801,0.6673644416998724
1996-01-31,-0.3417991795857456,0.6388026826498897,0.742097820477603,0.8553467741285027,-0.6757390850519487,0.81959585272275,0.832075851972643,0.7008682440124829,0.7328031698677291,0.6681645469186497
1996-02-29,-0.14746315062742524,0.4655379063734013,0.719756433321221,0.8565382884631646,-0.6223323634001475,0.8665289420285863,0.8247084003144708,0.712512647317528,0.7432219910250938,0.6852371019515148
1996-03-31,-0.2191498830771303,0.5966132755954697,0.7618178663089508,0.8555136318980264,-0.5915321218644469,0.8238175922323618,0.8424483280499757,0.7162109844342095,0.746241722857244,0.6952274631414355
1996-04-30,-0.047635319496810574,0.6272400237527292,0.728167887643271,0.8539967800558169,-0.4985129995507947,0.8672243404375376,0.8066227911167053,0.719944641507578,0.7493081107235676,0.7008989001819815
1996-05-31,-0.23247287407261483,0.47864388158636884,0.7281963466115665,0.8537088627133818,-0.46279640197813277,0.8690452692755171,0.8072119588243554,0.7194916515447729,0.7498501142759864,0.7056631348351525
1996-06-30,-0.2060038175757354,0.457772785176673,0.7438871055788551,0.8552282583855285,-0.49192519439243726,0.8277803360486696,0.8146140866441568,0.718560144138724,0.749414410102894,0.703435410400855
1996-07-31,-0.45606400175188044,0.7852980443230487,0.7272045180597684,0.8520996693830182,-0.48656862881820595,0.8581689347573404,0.7981842516501282,0.7110068981793188,0.742504108998001,0.6921230744858636
1996-08-31,0.14634333151233633,0.8463880548296587,0.6540657033877328,0.8434963489423817,-0.48941502621464206,0.7489165494089305,0.7438619285015966,0.7073828965499416,0.7414822864267314,0.6910993621737982
1996-09-30,-0.21688256184994142,0.39546915047809067,0.7385415162872371,0.8563296093851834,-0.5456479754076579,0.7827016864731081,0.8017968490360328,0.6973952078519658,0.7327605550187304,0.698236827989684
1996-10-31,-0.46049410736319707,0.20595711879143622,0.7925140704697942,0.8591018043633807,-0.6213766321934476,0.872659115838701,0.8501975843384361,0.6941027393735774,0.7243406582134845,0.6797635949740412
1996-11-30,-0.36119124972054584,0.6150530159700281,0.7428272353336204,0.8547846682780889,-0.4934756968850933,0.8253465998436398,0.8058291136408771,0.7087803293943535,0.7406007443876734,0.6814911264193086
1996-12-31,-0.36596154971250844,-0.05544923985411422,0.7856620862899456,0.8585069459757021,-0.6084442604965972,0.8705995134027218,0.8201812615564488,0.7051989246402028,0.7424030355410018,0.683365497817751
1997-01-31,-0.08661061825760905,0.8245955588046711,0.7766228600011851,0.8506199395505805,-0.592737423908908,0.8681285103182148,0.8045058038204684,0.7073341554316399,0.7407230493470567,0.6849916782793057
1997-02-28,-0.18478015152914368,0.11533142226490413,0.8030901183813604,0.8595263590472999,-0.5834153243281817,0.7849214344612563,0.8311791080089843,0.7141562889071402,0.7502584829504793,0.6993552746496703
1997-03-31,-0.14762333081365928,0.7509273021360847,0.8055139172076224,0.8516495826787556,-0.5117288674856096,0.8575945560954057,0.8328783475736563,0.71287881372994,0.743403890663842,0.6954663896414532
1997-04-30,0.10475009087858315,0.873797624458903,0.7402758120980883,0.8355011172708167,-0.3458332423343381,0.8456842350917518,0.7757472612385622,0.7086966681032069,0.7406433841212196,0.6966932490100312
1997-05-31,0.11872467642460592,0.21577592750366506,0.7831396153802503,0.8532746795443754,-0.44491371156919146,0.78524178983216,0.8389716704574038,0.7132668649640682,0.746705392427199,0.7186685197769002
1997-06-30,-0.12983577717707914,-0.062316312189665,0.8454232540285123,0.8597003577255856,-0.4717631184684281,0.7876610648067568,0.8633966226651172,0.7106567410069761,0.741078977194381,0.7093080145314948
1997-07-31,-0.02623175597722287,0.2149128712861557,0.8290670609860998,0.854339054685964,-0.36494585390674855,0.8685963791798869,0.8383075113113684,0.7232972028507773,0.755973033686527,0.7119955574000515
1997-08-31,-0.061967834686961605,-0.20588724807268008,0.8551033705568313,0.8588648649387913,-0.40473791659399355,0.6505799473923216,0.8524648358896127,0.7221965730869533,0.7594890671686689,0.7167368662006866
1997-09-30,0.13205094114434487,0.8739499999114481,0.8058420587745175,0.8392587195541049,-0.3079622585692859,0.8617738599761243,0.7992570457815179,0.7096929845934571,0.7484604195817907,0.7034038356083835
1997-10-31,0.1304889054021581,-0.018990289273354475,0.8279783241778302,0.8438530555874391,-0.33344057451035714,0.8140680292777911,0.8424364968127194,0.7143274824920574,0.7510935753352654,0.7219941971023245
1997-11-30,0.5311608329035304,0.8671475859493757,0.8132437425826429,0.8364712883887259,-0.2784643966204287,0.8360575118309947,0.8106704769002087,0.7234627416781716,0.7552761239712411,0.7264282113468179
1997-12-31,0.2163558828118102,0.2553531811560266,0.7975585551124411,0.8319036178569583,-0.10884908564636935,0.8049082744635327,0.8129570346956059,0.7290851539268262,0.7572976636863709,0.7370603186566271
1998-01-31,0.10909829666216399,0.5080138930255471,0.813404726992608,0.8399235625153473,-0.14129653809015705,0.7061592002102081,0.817672893886351,0.7342973953278568,0.7574991622491821,0.7387315187797553
1998-02-28,0.050562524191939406,0.6673249157230337,0.8455257273688785,0.8490991766990423,-0.23414019793249913,0.4623031757753445,0.8435168295869142,0.7257655693846812,0.7549647170644858,0.7383038586108919
1998-03-31,-0.2953399761176859,-0.1348303480431689,0.8708282418017699,0.8599367144630456,-0.40489544028413277,0.8347728984655869,0.8640993480437695,0.7183565698052286,0.7534392210730689,0.7181896467890412
1998-04-30,-0.23007589807444323,0.13603063964462897,0.8674833825430822,0.8558323259481772,-0.4378236045856354,0.8277169350411063,0.8462454580746844,0.7153425338663987,0.7502142611921271,0.7029524484247646
1998-05-31,-0.07844937366690892,0.6129572196144272,0.8598750579042441,0.8499316070264752,-0.44308076329742335,0.8260160423945143,0.8153322181884578,0.7190462504858607,0.7518576861506264,0.7056863268832402
1998-06-30,-0.1700985135533257,0.8536240382647321,0.8394781445678209,0.8402418120262759,-0.4167853268179384,0.8502692441883782,0.7966180889672342,0.7137969935967171,0.7469460763534265,0.7016520087515593
1998-07-31,0.06561253433611956,0.2847497365774844,0.8484553279472912,0.846931333724931,-0.43821446173061446,0.8211080404200101,0.8123525898091669,0.716701944394536,0.7467465759694972,0.7102871639126845
1998-08-31,0.12706764588003133,0.8205129830750912,0.8362427652124516,0.8382820300074278,-0.3438980005691678,0.7863676001189852,0.782456899000346,0.7203591673364396,0.7511430721679364,0.7130469645599695
1998-09-30,0.6443200345094672,-0.12665693449206725,0.779016893619134,0.8016108021714916,-0.21984376905264136,0.7783040482234195,0.7170421438563307,0.7088627245270869,0.7520745305317311,0.7103658243896414
1998-10-31,0.49769561894242714,-0.05998861323859216,0.8561852924168769,0.8497315073632621,-0.2687040791207906,0.7588659663585424,0.8113826834150835,0.683805432885219,0.7209430521073343,0.714867529762186
1998-11-30,0.0794725931396181,-0.028892413523111365,0.8867183575450044,0.8587770577375986,-0.3243493387197526,-0.17143668971807166,0.840397084761972,0.6802128774854912,0.6991855567794465,0.7078019144135017
1998-12-31,-0.08057794607314572,-0.019218108106754766,0.8788302932665285,0.8601749083931246,-0.09078894935533839,0.8647510326692044,0.7124439911043268,0.724802750836005,0.7582624136967709,0.7221201982981219
1999-01-31,0.20961532936777993,-0.10935216294901746,0.8705500046342581,0.8536907024874297,-0.13955098426057738,0.8181329272340193,0.6000499575172761,0.7268109877649384,0.7612765596144854,0.7248252937357499
1999-02-28,0.21267083861199848,0.25544895572764853,0.8729176775776825,0.8518232296092346,-0.2240470661493195,0.7601527097662931,0.5618429892041613,0.7328126449529716,0.7676049784883162,0.7366121583688766
1999-03-31,0.22099505071854245,0.876783893476998,0.8632972239933501,0.8446132363121164,-0.2447893155707302,0.7588038288137484,0.590490036855235,0.7346382128859954,0.7678260773968268,0.7388078873503634
1999-04-30,0.16940530372095533,0.2763734370093919,0.8757279428579196,0.8517583786453152,-0.23613750757016036,0.8691685680024125,0.6731386954726993,0.7350472020022257,0.7678074010550985,0.7450989087497638
1999-05-31,0.04128894759675733,0.20513621365979734,0.883400406918616,0.8556134807619379,-0.300338085287773,0.7982620659286895,0.7487617899878286,0.7271302540056767,0.7550260873763034,0.7343726730309527
1999-06-30,0.180225057918989,0.8345777834802814,0.8668513541398639,0.8425479971474736,-0.2193134287239194,0.8391062486272283,0.7172524426213795,0.7275666583380922,0.7609395794345546,0.7274012265430003
1999-07-31,0.07737712153562536,0.08053299438213629,0.8789999280616902,0.8518209517561877,-0.2634934917876113,0.8198409988493411,0.7429476767391419,0.7256589413442507,0.760314143141468,0.7339479065741144
1999-08-31,-0.047834671473076434,0.8685441100593622,0.8690669592610477,0.843971294051867,-0.26554545551497594,0.8239915965213905,0.7380549245014686,0.7233948868570222,0.7543812916652753,0.7221823459529056
1999-09-30,0.25030811520587964,0.7298881834514114,0.8439189058803537,0.8271014816092453,-0.19702124127931192,0.6902869110654979,0.6810280041977236,0.7190818090284207,0.7489480334665249,0.7218627236384328
1999-10-31,0.20594558046258996,0.830006498317579,0.8492725237912429,0.8357104786945646,-0.23668586823765692,0.8537920365971432,0.6607443668607721,0.7303930730347588,0.7544420298757015,0.7361111679316048
1999-11-30,0.3040200629732356,-0.07458372844215146,0.8775154469248984,0.8482470562143135,-0.33232661630126187,0.8116786727169772,0.7241057305465248,0.7268333950812885,0.7561428785518268,0.7383680419718314
1999-12-31,-0.16490577185270072,0.32367575344711863,0.8819155494727873,0.8537581949223754,-0.28278691609249273,0.8666513205087494,0.7614477721934587,0.7233983029184707,0.7504753727297295,0.726230132248618
2000-01-31,-0.25547190456652497,-0.27100333011887795,0.8838181100552623,0.8609693103821842,-0.37442333054469296,-0.7851404191365917,0.8365392787144633,0.7064418143640935,0.7494302572402375,0.7073246818089022
2000-02-29,0.3570428420489505,0.8671837316414212,0.8656302300929254,0.8363298315747947,-0.3146484975976707,0.7318426056803397,0.8168115198001503,0.7045634137232756,0.7412393238631417,0.7027915575583469
2000-03-31,0.15918954893509799,0.3750259703229615,0.8740688616615384,0.8491891679036373,-0.3616221848541751,-0.7175771009074082,0.8181352687940084,0.7135089186057755,0.7517985144975106,0.7233571979239168
2000-04-30,0.2487007857594688,0.15137625268522198,0.8843119666456929,0.8571221071435353,-0.44965143422737225,-0.244158599478366,0.8531493266545724,0.6845953978188195,0.7124493593480752,0.7017410780957198
2000-05-31,0.5232766225645643,0.8279696085250178,0.8623502253231666,0.8383201607057315,-0.0591180153494591,0.777401510088238,0.6987353864630598,0.6988402467680052,0.7460836064935311,0.7091732255577737
2000-06-30,0.5374100587847367,0.8608388377639888,0.8229887275525086,0.8005063667919062,0.12809198546914663,-0.022605097413162085,0.49702316525806506,0.6864109472407826,0.7143355829331163,0.7028647263416913
2000-07-31,-0.07011610627988642,0.17610325712964975,0.8901227102716829,0.8599474787199652,-0.17902223163609587,-0.6152560833144387,0.7909139657664171,0.6788383989650327,0.70191851814777,0.7199846016777883
2000-08-31,-0.13499033419876796,0.872502566266108,0.8821570712096439,0.8537457010750517,-0.2770459080747487,0.3028950149372388,0.8326120601699244,0.7075923149757993,0.7321321728014668,0.7192834806423308
2000-09-30,-0.2007375439406258,-0.21594506612035022,0.8862547263720326,0.8562624337973697,-0.2783817913313029,0.8648053621061598,0.7857773914229986,0.7238473641157952,0.7602372596657183,0.7220687337622147
2000-10-31,-0.02979381475445476,0.8603530716286049,0.8717296603590998,0.8406404756688021,-0.3475701234985526,0.7314572590652827,0.7394511314746965,0.7150871249786814,0.7508731036643723,0.7069202640764611
2000-11-30,0.4726979278342465,0.8168359097784904,0.8488522146675109,0.8297025312690011,-0.2747412081799898,0.5213068618147777,0.6427367287881508,0.7187027138983971,0.7491888691774248,0.7202340557210246
2000-12-31,0.2487132275752607,0.4957896101135484,0.8579861468143647,0.8363602545047865,-0.26700078834395014,-0.7506895588521394,0.650045545615942,0.7168524147136985,0.7488485513324796,0.7256349876606756
2001-01-31,0.3869327088624972,0.5177398366645786,0.8631163061118909,0.8415200388873258,-0.19307896338994954,0.1505021487475581,0.6859928973345595,0.7247254225446504,0.7498014491597664,0.7376753577984627
2001-02-28,0.2350856456710287,0.3566272211194806,0.8822860957715187,0.8579120844013045,-0.2301788540596844,-0.7705024894361542,0.7780220059444386,0.71837674515519,0.7404405161042725,0.7434733640051595
2001-03-31,0.048290139286816566,0.49991134600610804,0.8816197626725164,0.8560996126147458,-0.18734130573609528,-0.6216585703505508,0.7583725732495636,0.7246122361532723,0.759134194609576,0.7355272318039836
2001-04-30,0.5809388477776786,0.8228661975462741,0.8034308628923593,0.8203955449264873,0.01202484887344422,0.1448915621917627,0.5572547744120983,0.7079451166782258,0.7402541995619787,0.7232085935523442
2001-05-31,0.3521129835986046,-0.26514473422921375,0.8939070076320099,0.8643690911851345,-0.2808877187117441,-0.28929029923914285,0.7652946281167043,0.67474203728877,0.7123323469197247,0.7261768784381897
2001-06-30,-0.1123751864055162,0.7125695721114008,0.8826095795059351,0.8499230364864542,-0.29034777238058557,0.7194139492642452,0.819572543990761,0.6912049437912539,0.7189611059780888,0.7067053045590154
2001-07-31,0.012710023770792134,0.7890082411483013,0.8548938870135522,0.8419865841121734,-0.04666006743924337,0.8522823811204598,0.6905831138791291,0.7140365850734303,0.7451768968455215,0.7109094383174885
2001-08-31,0.20939278475928366,0.8022809410131981,0.853853992129817,0.8402864734373418,-0.18538599468777045,0.8187438234601127,0.6627392766545768,0.7257779377895903,0.7551157769584009,0.7327771870964095
2001-09-30,0.19313330749865776,0.8396758472555863,0.8230783317702701,0.8309468691651629,-0.18614025510311835,0.6287647927904549,0.6118201217850867,0.7246940300419398,0.7595568106712249,0.7290916624848482
2001-10-31,0.5973728798690128,0.6947260390279042,0.7604996866215041,0.8153851371721621,-0.11662870863847798,0.5451090933363667,0.533117445899469,0.7215830696841129,0.7497713789381851,0.732299306680999
2001-11-30,0.09139401339855206,0.44123829139773507,0.8732678146313665,0.8591274193126691,-0.29564295523593626,-0.7755894420047403,0.7328504830241523,0.685914467609669,0.7126364696736739,0.7267730982279282
2001-12-31,-0.05937738006588989,-0.17869373281004802,0.8839263851831661,0.8583130483391538,-0.2946314945496434,0.6182672960894996,0.7619904877404889,0.7067337740554501,0.7375333422957416,0.7192532598796725
2002-01-31,-0.04358995808716263,0.5237859541951114,0.873148591195639,0.8576054822956697,-0.22794547717534788,0.8357615497695307,0.4167664985502788,0.7239436237567379,0.7580492864922869,0.7277648797036681
2002-02-28,-0.026607788120363816,0.8196629852092253,0.8750789519595674,0.858017607702674,-0.3679900302652336,0.8232749604099302,0.41530756779080225,0.7318119998503991,0.7637554471792369,0.7339868272769074
2002-03-31,0.11043210467189524,0.84046778390882,0.8577316265796601,0.8538142340422318,-0.32838787879758774,0.8714843713752146,0.2971872747815811,0.7293891207566782,0.7621012420340584,0.7283098215477887
2002-04-30,-0.07119462285178148,0.22828198062097446,0.8818810423476448,0.8619034322712141,-0.4101622809570012,0.7799490576771049,0.4489457459731297,0.7196304075026537,0.7550683195311402,0.7282943921166974
2002-05-31,0.015514264109190936,0.861044751781795,0.8670167892190599,0.8550903966639103,-0.3513533859110123,0.8176377942195006,0.4285091969724638,0.7235638528190209,0.7570918423494684,0.7182523342015557
2002-06-30,0.33676792601385597,0.7631578789439898,0.8355445692032045,0.8448203217906544,-0.24086288257637242,0.7441309056218127,0.2728982630113957,0.7233419406912945,0.7536025731723662,0.7266085378469703
2002-07-31,0.333394576775589,0.8007473056547513,0.8004644218536537,0.838556314058131,-0.16612011035554095,0.6552409603436907,0.24932455616712412,0.7305015048418687,0.7645102124064193,0.7366828321373896
2002-08-31,0.6852947117782409,0.7172002062015126,0.7828318266890114,0.8443318765794942,-0.1589836811644528,0.840140659205388,0.2502672901628691,0.7308056635823087,0.7600140859181447,0.7545723850933485
2002-09-30,0.4447446698021596,0.683392561408165,0.8415508486686755,0.8527304225372604,-0.15988581983010908,0.8581935424071491,0.5156637798140394,0.7269034291439985,0.751514831641105,0.7588658782025929
2002-10-31,0.5161799992078802,0.49908364004768446,0.7640492684505849,0.8467298262743415,0.08385171867649789,0.8134410330577231,0.3424361393643348,0.7305182717303267,0.7729082205314068,0.7408408076440334
2002-11-30,0.5166664218184259,-0.24958134051539807,0.8426126325512167,0.8680546661945086,-0.04983328578987795,0.13815567473349935,0.39236695753502093,0.6763341014206079,0.7377533529839986,0.7278955283022877
2002-12-31,0.06736615076191765,0.13285397135103577,0.8754183876207018,0.8553437642826552,-0.16998245122326605,0.8694222019079123,0.5393026039605804,0.696100299020877,0.7329387932791068,0.7162548614056169
2003-01-31,0.08769052337249285,0.8624880303640876,0.8232188610897209,0.862613497802736,-0.05391678207757995,-0.4639253862451425,0.4542708968244009,0.7272892556599171,0.7633511787029748,0.7198130903906406
2003-02-28,0.3552634030237988,0.8470955511364837,0.7950331381009648,0.8468746672870879,-0.10094695585312657,0.8722188620077036,0.4580325643518881,0.7336684343484332,0.7644867345409712,0.7430372095313436
2003-03-31,0.13988205281814092,0.8123115853203161,0.7604794179012487,0.8507019386674272,-0.16066840574904254,0.8591499431506194,0.5023786587009338,0.7413458946825772,0.7719364064459989,0.7513653869146163
2003-04-30,0.3731934270183853,0.5846998687479513,0.7878121987273207,0.8521873133995478,-0.25606190393013234,0.8711399371126775,0.5817639679658789,0.7324246541164671,0.7603245007484515,0.7478535058431569
2003-05-31,0.03060091701636885,-0.2631749453969767,0.8464649640706455,0.8626242425775749,-0.29106156857467297,0.7788704032939459,0.6245322131645633,0.7219376577115423,0.7574944691800213,0.737744230549381
2003-06-30,-0.01250314292759656,-0.012255283675172987,0.8452806848087807,0.862043455466873,-0.2810154293684391,0.8006558904586375,0.5508847957609414,0.7254142571637835,0.7615672452057075,0.7231310398119929
2003-07-31,0.014396119872820553,0.5384553572094581,0.8368403000977227,0.8566019552358408,-0.23159789144572077,0.8729410647025103,0.4529812885705815,0.7296416085527077,0.7624167559073373,0.7255131775625038
2003-08-31,-0.05927068626928984,0.4730917484099981,0.8549972475397015,0.8604078396982062,-0.3855197008681581,0.8009837835946294,0.5761262761732996,0.731201793463679,0.7655154263982491,0.7333260127786718
2003-09-30,-0.26366640452745393,0.4700799950284338,0.8462344932444568,0.8607694220584449,-0.39632662569305843,0.7999480119318949,0.5565861133323434,0.727609305502679,0.7608821313705899,0.7180914062585168
2003-10-31,-0.07365731904339426,0.7995317603181795,0.8496262383025355,0.8562656328807734,-0.45705143425118133,0.5545623765777188,0.603608584249571,0.7231631944478016,0.7557318186901605,0.715317990121173
2003-11-30,-0.22471329561502387,0.011260399891760756,0.8654909661845349,0.8629762871789117,-0.5130835944733901,0.8342246450117337,0.6714507433148831,0.7202494351228339,0.7571051755160809,0.7116621077621359
2003-12-31,-0.2650610837998504,0.5720256107989719,0.8428118692524679,0.8563720559420228,-0.47130213224177786,0.7971849570006372,0.6282892567542765,0.7169050832199358,0.7505274944981711,0.6970269252262907
2004-01-31,-0.30289912232147614,0.2066647689198232,0.8540845041615566,0.8606615811756415,-0.5023443831197921,0.8353096324733765,0.6689643445833171,0.7152387758206181,0.7510418159061222,0.701097759520816
2004-02-29,-0.32479662012919475,0.5211260968205559,0.8654893867079152,0.8580185789349508,-0.5728987702624326,0.8193113142324284,0.7382981715951411,0.7126866472567865,0.7451976515156984,0.6940045118917404
2004-03-31,-0.40259257929318104,0.5725212333810568,0.8540868874491826,0.8559205564067935,-0.5637898599012318,0.8457743665625814,0.7796383011313004,0.7151937307989924,0.7472511724205047,0.690621211960063
2004-04-30,0.04905533320886285,0.7733462771689458,0.821751578548176,0.8474790578533992,-0.502669321127061,0.7677179073991957,0.7202332445693013,0.7069464364351712,0.7391440240278944,0.686976258017578
2004-05-31,-0.07540842444666486,0.7933259155417425,0.8102638407782715,0.8401528099487192,-0.43841061665563413,0.8613346733637548,0.7354962031684464,0.7104378724131097,0.740646123529094,0.6997463473896262
2004-06-30,-0.27997252673108564,0.5983757311315618,0.8421544936318504,0.8535543870971716,-0.5265454998836674,0.8047833890583571,0.8063552377297807,0.709228159330707,0.7384409622322217,0.7032328476160681
2004-07-31,-0.3476328015773204,0.5321521343296459,0.8472397712730289,0.8552992549522433,-0.5010413905164492,0.8673599711852442,0.7822795164511447,0.7113204375088418,0.7408576554001773,0.696257318977979
2004-08-31,-0.22591747956725725,0.8761563494615184,0.7956705649898753,0.843047707608433,-0.4656384116285848,0.8175334728800198,0.7016518006338776,0.7041908824833542,0.7377912664801943,0.6854632670280215
2004-09-30,-0.04476299663455034,0.6548691504695825,0.7962264499336922,0.8465055408538132,-0.500730995095987,0.7492356875185234,0.7032896466280676,0.7104354479111934,0.7414378520627203,0.699883312437019
2004-10-31,-0.4102248979237499,0.5798577833159775,0.8483599772988877,0.8571661583629933,-0.5906746160436509,0.7562849514911401,0.7813064305649888,0.6988724350000017,0.7259721627246982,0.6918201302180269
2004-11-30,-0.2276328215668744,0.5890796867209457,0.8399232325588503,0.8550398460069337,-0.5693307041803595,0.8683028606822134,0.8008243129282924,0.7118930104432168,0.7430578523500775,0.6935010012901464
2004-12-31,-0.30364633467287006,0.16304345429323855,0.8424783059366755,0.8569647135633668,-0.5368446060455118,0.8448464192773647,0.8178887891926049,0.7130496323206613,0.7461634023766085,0.6942664076991077
2005-01-31,-0.3758699014156145,0.3425908738951769,0.8527150152762515,0.8564606203910902,-0.5829368003424138,0.8661156305332399,0.8259564108548877,0.7092793217172421,0.7419203193385339,0.6866991287809162
2005-02-28,-0.2669004901567831,0.8560176704309264,0.820792110938776,0.8486442495065014,-0.5188589398424485,0.8370563787685674,0.7995734219053026,0.7076465392418996,0.7403380847076775,0.6836752026532877
2005-03-31,-0.23497511087196257,0.4665738625495058,0.8173895628043398,0.8471506693254174,-0.5347969701415174,0.7371860412887568,0.8107564458976383,0.7082975803445496,0.7394243649541762,0.6897965625189239
2005-04-30,-0.2472183494405351,0.8218585021536776,0.8137157893178321,0.8477190349816005,-0.5369836031689977,0.8610725399834177,0.7942572882113067,0.7083310109858115,0.7369063363727016,0.6898972776136377
2005-05-31,0.033800172615591456,0.840161965132187,0.7864854684497191,0.8434207804213889,-0.4849084114848666,0.7919142738138614,0.7447140971835293,0.7158387966680289,0.7464066574279229,0.7006791531451155
2005-06-30,-0.3431744386703167,0.3139009211096457,0.8408557594386694,0.8596180428765026,-0.561081495249617,0.7424080724716549,0.7532534727812012,0.6964498121652494,0.7300634222580971,0.6949684086940531
2005-07-31,-0.47277640398382803,0.6974463068599752,0.8458929817275899,0.8563096377677502,-0.5667861319660972,0.8596781723296283,0.7393774410471544,0.7013311674176544,0.7310554126494114,0.6834974253042453
2005-08-31,-0.3712653804933227,0.252808437485868,0.8312359513734217,0.8589589480072763,-0.5566537048792112,0.86415272814432,0.713860046843598,0.7102982206413573,0.7434046251884328,0.6859219921266599
2005-09-30,-0.33017932461487826,0.7932486349727287,0.8174099849533444,0.8526472376161903,-0.5854421435875542,0.8059699967119224,0.705041964581273,0.7053757589825359,0.7381140380352201,0.6800258217056393
2005-10-31,-0.3155276666119243,0.6380570699463962,0.8057775790212722,0.8572603999022252,-0.5836887295743862,0.5857519550027336,0.6685409367744075,0.7058637300048157,0.7386897512450957,0.6832348372725731
2005-11-30,-0.06757769712326799,0.8389506415257154,0.8125237536959599,0.8500974336214996,-0.5873635042387909,0.8434587279417126,0.6679477663940413,0.7083192187599824,0.7375184026435698,0.6933681981549124
2005-12-31,-0.4669057074943635,0.3435479143365967,0.8405037580738399,0.8606564230608256,-0.5925495815910141,0.8654111522698309,0.6982283137015534,0.7087923632567275,0.7423936997275074,0.6917334199470455
2006-01-31,-0.5152207281323553,0.7551775244199074,0.8394326117146157,0.8562749636148944,-0.6035310364845464,0.8344758109503523,0.7075442873346062,0.7041777061125816,0.7334788817975679,0.6771300869159986
2006-02-28,-0.2674350121142702,0.38200416049093533,0.8316582880840858,0.8578819181631093,-0.5952124059693152,0.8304390438720882,0.6828286642810496,0.7112889353290118,0.7427920245211198,0.6833105181411933
2006-03-31,-0.41283059472312655,0.746742428844012,0.8337998499308895,0.8572122061912214,-0.6421472414231445,0.7232706984867145,0.7153902190313227,0.7084667771099388,0.7396691501468534,0.6833445696481956
2006-04-30,-0.4503160607253647,0.5907016288739343,0.8354856919314385,0.8574691561766093,-0.6334703117705175,0.8598471950411185,0.7372564364328383,0.7101544061178579,0.7418283215843756,0.6808766083580117
2006-05-31,-0.38799828477581977,0.6361567186941304,0.8183394462890439,0.8542968954724044,-0.5947651567604981,0.8563061673638135,0.7337710080353943,0.7061438804751234,0.736568580713848,0.676534041547759
2006-06-30,-0.0982326666543211,0.8736553590942705,0.7928948372174477,0.8480682340142424,-0.5700932921943329,0.8641407489324656,0.7212238344855376,0.7053896558107365,0.7370880308026678,0.6819394296686613
2006-07-31,0.03937317980558939,0.7111821858305885,0.7852425202729947,0.8492433021921191,-0.5365463981581782,0.8560873718805868,0.6765110860971715,0.7143000879848291,0.7446074312647777,0.7020393596910517
2006-08-31,-0.12633512223966153,0.7654826265522483,0.7983325422293506,0.8535168642591939,-0.48889952324734737,0.8684892592939699,0.6884228153909278,0.7196219866948914,0.7467457780575624,0.7102402364040794
2006-09-30,-0.48543188531878295,0.5217105363127166,0.8235014012439782,0.8589400356861906,-0.4872002291994736,0.8435628848752531,0.7235669411216686,0.7096778602156811,0.7403799749720742,0.6986728826945873
2006-10-31,-0.47622195190159455,0.5605771795465921,0.8313537670794037,0.8571202330056448,-0.5642306706339277,0.8705583133233971,0.7260462069279582,0.7065172910664607,0.7373260151245907,0.6844032278013884
2006-11-30,-0.4868216652540716,0.3722655669393272,0.8293100163862097,0.85878647366044,-0.6251929526166593,0.8561744855504132,0.7180127216170626,0.7068593976330995,0.7401249431647714,0.6777906972411469
2006-12-31,-0.4151837705253339,0.5531119608291195,0.8285684462817116,0.8564173896444076,-0.665655203541583,0.8273710478162482,0.7325804084258352,0.7047497787403914,0.737530539542081,0.6725930940768863
2007-01-31,-0.5559242615184495,0.6569919765850989,0.8396170314998151,0.8572454074059997,-0.6769423589451851,0.812632284528814,0.7378128752859936,0.7015058789646916,0.7344693497155802,0.670286586265432
2007-02-28,-0.5209932538355131,0.6176613198114199,0.8438789440285971,0.855443269648434,-0.6941080024737802,0.8678416071960402,0.7238957597496628,0.7015907767167356,0.7325641376383824,0.6660319191175202
2007-03-31,-0.09864856943248496,0.8306082869527255,0.8159188277895738,0.8488749226106255,-0.6272938105407094,0.8684859149117868,0.6919012466416142,0.7030992430656099,0.7331016669109697,0.6712392731422857
2007-04-30,-0.04889327472187644,0.6170276331857263,0.799741929668762,0.8527141224112993,-0.5745648366419243,0.7706680241183796,0.6276577848093692,0.7123012616455151,0.7421462434813055,0.691820593932835
2007-05-31,-0.4229566689800084,0.33446115381828895,0.833841572293026,0.8585579907443549,-0.5579654880790165,0.8560520018682137,0.7093054093542283,0.7090185449405583,0.7395780407783169,0.6919463004723588
2007-06-30,-0.37979048279982136,0.3729991865303394,0.8413696277399623,0.8585012329876651,-0.5438618176223573,0.824826037692465,0.7110788094612532,0.7098602284904727,0.7416899261120147,0.6870768079238068
2007-07-31,-0.07219562354606146,0.8220586083839878,0.8088777033177326,0.849991953968708,-0.5112136970838324,0.8523437301030323,0.6594664443492821,0.7102746505398312,0.7426989550540255,0.6895355642897771
2007-08-31,0.17191788006735115,0.870035011638396,0.7775398184788646,0.8432459752212224,-0.452920768830208,0.6385540191190663,0.5981878268493611,0.7123522026248966,0.7454620581583055,0.7018264039279475
2007-09-30,0.37188252825205226,0.5679405120246982,0.7794917697154669,0.8453433778505304,-0.39968095816832727,0.7310444457039467,0.6751723805033256,0.7237067165619347,0.7512039086652259,0.7270665912978383
2007-10-31,-0.07268914329394652,0.3585396096687447,0.826189343263783,0.8567737547568093,-0.34829846346828786,0.8720353242084318,0.7414840266337717,0.7257810863003404,0.7513078066865337,0.7311322689314832
2007-11-30,-0.019581814704312302,0.48701209019753233,0.8043183740625954,0.8540167547864328,-0.26498580037788305,0.5620949980052926,0.7181482124391569,0.7288294300443707,0.7598333061084335,0.7252345201295491
2007-12-31,0.45722873147118204,0.8756932924685574,0.7342839419133506,0.8333772174228078,-0.19152953523457603,0.8223534585890089,0.5558536563638015,0.723333949862888,0.7563245094264502,0.724498058492704
2008-01-31,0.1223034338459963,0.7417550202336736,0.7732429004769767,0.8515382515906963,-0.250668437500064,0.7827123820903266,0.4583975525316716,0.7364778512116984,0.7665476016394238,0.7463492670808897
2008-02-29,0.23618705327785572,0.8029513525375521,0.7960113442164304,0.8581885760594942,-0.34537553713205926,0.21062207745935527,0.5149073094379362,0.72723574170588,0.7469722643662043,0.7436204255988358
2008-03-31,0.07489342095788076,0.8848273707868599,0.7949140680713273,0.8595838941878063,-0.2817928914719516,0.530391961673943,0.47315851403919124,0.7322544008517945,0.7620088340112746,0.7444488497350644
2008-04-30,0.3605404659591034,0.7851069727742883,0.7489970168832893,0.8572128207378795,-0.27028817373154645,0.864001493387395,0.35185615880382276,0.7421132787953486,0.7723772263778705,0.7467023028867825
2008-05-31,0.029033449861307153,0.20612216635617428,0.7982673105450419,0.8654265585758786,-0.26137063773966884,0.7663655999639704,0.3809605382207939,0.7352863700876698,0.7695846578681153,0.7478692878905443
2008-06-30,-0.11063111393958612,0.5439206961775115,0.788692125528786,0.8625321271488058,-0.2624320454000755,0.7280701961367273,0.39099429540711905,0.7315997787742438,0.7649319579719117,0.7280883941108024
2008-07-31,0.3523402588526121,0.7344123265671004,0.649322036675665,0.8463405789751015,-0.11520899091516791,0.1514058307994157,0.1732432500890177,0.6924456773829927,0.7386611780418181,0.6908660899569387
2008-08-31,0.21126309313352898,0.7837137859834356,0.7450384230654621,0.8675142808617526,-0.3889742539093499,0.034069249881133065,0.302084695876488,0.6838804022973903,0.7373206332372082,0.7264136981165554
2008-09-30,0.01653232029196758,0.6551886480235973,0.7911930029755061,0.8488931401619295,-0.42042361176581045,0.8389621852675319,0.35505739872861275,0.7112419182216887,0.74411699603225,0.7247252755296516
2008-10-31,0.7853490998354828,0.6329340857347666,0.6021362960831235,0.8614001963966799,-0.10219579958725679,0.624033277764809,-0.027138385757884312,0.7084426861900818,0.7522309221494469,0.710216994784936
2008-11-30,0.8063948439832654,-0.37979633877164104,0.3942375212408324,0.8546889164043346,0.0429258478694099,-0.28490704201781764,-0.6874322480532048,0.6968288991313701,0.7558593097313046,0.7447367501367012
2008-12-31,0.7856671788272377,0.721527982903841,0.31720905787679043,0.8538988557018857,0.2303434844387138,-0.39912271534033944,-0.7889990537630812,0.6987699118695899,0.7450458879879852,0.760437481874641
2009-01-31,0.6647568918582077,0.5614606170010226,0.4355127468549785,0.8516591617088074,0.2916222249826948,0.47315243555954084,-0.7830490923509352,0.6770939459608254,0.7219256919439627,0.7458764650242302
2009-02-28,0.5624894723710571,0.6583415110086737,0.38067757846052946,0.8519929854124056,0.35441087552421974,0.8737794007028025,-0.7506951636953932,0.7068205704717252,0.7606384654171783,0.7466488948135421
2009-03-31,0.6739523303089474,0.5953669141796901,0.13063688034449553,0.845309280322308,0.422426857768234,0.1811872869349815,-0.7716031197364174,0.6759122926846083,0.725681683548634,0.7010037379180726
2009-04-30,0.6606809518170015,-0.3551447570255732,0.30345800137152396,0.8603487467022212,0.0034613434502788667,0.7850531474291135,-0.7031865960796447,0.6489062276717451,0.7062250959465469,0.7173993511977376
2009-05-31,0.37241834059595386,-0.46831219855302686,0.48829306679701234,0.863980155349293,0.009737747252866615,0.04288254806836817,-0.7633088335427973,0.6802683521859962,0.7487427026641398,0.7267812278908534
2009-06-30,0.4393799628062914,0.04119111105758521,0.4915844417485919,0.8641212359334552,0.09634654282937755,0.7204445834234345,-0.5818605337393763,0.6927031314416381,0.7447849832190241,0.724301719584447
2009-07-31,0.03848984295578717,0.7361015971249362,0.656329031332025,0.8631689590192844,-0.11589081182439315,0.6137447708504435,0.032975362731209074,0.7170346026024599,0.7567810780925512,0.7496041109131313
2009-08-31,0.023974383719117986,-0.13134227209301405,0.7040222217171074,0.8673231020071038,-0.31239281754376624,0.6829303342907486,0.25202582192162465,0.7276077485075038,0.7714134245159666,0.7379644338339829
2009-09-30,-0.016516461686101973,0.3650449802807841,0.6981966685735781,0.8643166040386921,-0.24498121646023263,0.7510623196512841,0.4352999709826491,0.7341303274921941,0.7695882803389266,0.7184429369917867
2009-10-31,-0.033153311828278006,0.2255438894017853,0.7171004935526298,0.8623613463893853,-0.3099880269776048,0.8725030630588181,0.5245248129264032,0.7368279402559266,0.7705933584241658,0.7290380216810208
2009-11-30,0.17957624990746177,0.8679407741734544,0.7466239862074884,0.8566536163587426,-0.35711240404062833,0.8273043236292903,0.556393025844388,0.7361948891250332,0.7688237906857007,0.7312037911546834
2009-12-31,-0.036814806835607394,0.03696080039500455,0.7712886957175735,0.8636084229002434,-0.3626874702636911,0.8812708768373895,0.569381754791976,0.7343801645903516,0.7701243186974542,0.7336893731256278
2010-01-31,-0.32585128855010204,0.45200235107899284,0.8033727116016124,0.8613368160565099,-0.40926706719746114,0.8646923875421965,0.6114335434316519,0.7222531899714016,0.753299197151526,0.713385831385838
2010-02-28,-0.03754209587490622,0.8808602014229072,0.7875878021191809,0.8546819219525732,-0.4053814121983961,0.6818258197210332,0.6513456728320415,0.7281684461969764,0.7596685274351325,0.7141246412081581
2010-03-31,0.014024973951635468,0.33251610294454476,0.7857304561140444,0.8595294141744677,-0.4696759955689786,0.8517575050058305,0.6659679903807918,0.7283404983046456,0.7625237134795254,0.7234125013781784
2010-04-30,-0.4447300780154051,-0.013086909384930396,0.8290111824610297,0.863695678169719,-0.5089325151370223,0.8762846115395247,0.6907550842573674,0.7168988264668598,0.7512244234564897,0.7021581439214409
2010-05-31,-0.03840089610920302,0.4895372321396518,0.8087197992320873,0.8553613968150796,-0.44998866744018245,0.7803585404055219,0.6572736570562338,0.7162284593600606,0.7488317269622352,0.6954181342486913
2010-06-30,0.5323475606270317,0.7417079044708371,0.7396380210029468,0.8369551480991566,-0.35693153990820997,0.866012257566675,0.4869906198390354,0.7151350997885987,0.7513738453706907,0.7070002814996917
2010-07-31,0.45802062728676557,0.8708450835943221,0.704469823177425,0.845805111807784,-0.23701714598684084,0.4775729096197895,0.24095735832528095,0.7318812862991925,0.762468067150822,0.7357305246871321
2010-08-31,0.07189830068458851,-0.10637721608658067,0.8106785543813961,0.8657188943786538,-0.28879219070809653,0.6612528977876402,0.4946620373388441,0.6914545560509187,0.7251475595779757,0.7269323006104316
2010-09-30,0.025837400126098253,0.8667920284033502,0.7884566615062533,0.8568669459434631,-0.1921810474084863,0.8752627939547469,0.5449790463086353,0.7210463232719074,0.7548196218535835,0.7296116468083925
2010-10-31,0.02289645774075106,-0.48384134950972435,0.7941173720103876,0.8652697693807241,-0.26677486335747014,0.7167671884381812,0.5654850535255898,0.7178451798965706,0.7642884965149099,0.7299547529263302
2010-11-30,-0.2824888634661414,0.3145612335558713,0.8212579148315826,0.8601332342568508,-0.3801892955779169,0.7996715199598381,0.6531046589166277,0.7138149141509735,0.7504145651824334,0.709065113799066
2010-12-31,-0.016337066600010424,0.6223649833546689,0.7833645333655261,0.8543590544644942,-0.3653019840855156,0.8470579523737136,0.5726215510770264,0.7229911049074219,0.7552237642485612,0.7115588182114342
2011-01-31,-0.3694102004428973,-0.10041491459717228,0.8385902949290028,0.8651734120391632,-0.5034356442820587,0.8253146655441307,0.6348655343196605,0.7116191443535529,0.7522995110650832,0.7080766552223479
2011-02-28,-0.3474384518399099,0.5456140728346419,0.8390290274009168,0.8581453071423905,-0.5529977396701486,0.8626069957636332,0.6463090818722351,0.7105575608479106,0.7448685493732633,0.6907844166455298
2011-03-31,-0.21136102090848494,0.297830326221817,0.8223642511779227,0.8589231108524863,-0.5178435947375356,0.8522820253371753,0.6797719650751867,0.717116726679134,0.7498436410739954,0.6956953841965218
2011-04-30,0.05258802871617795,0.65105074403397,0.808843538932968,0.8503322714330087,-0.5228241268878213,0.8430805461655522,0.6860237560742898,0.7190435522378821,0.7510400671537983,0.7032833975009364
2011-05-31,-0.36115985711229986,0.3808043424533548,0.8178917957944811,0.8587267244906889,-0.4863068632080376,0.82817815601566,0.722317277575991,0.7187500981155288,0.7516084588430418,0.7040307119706606
2011-06-30,-0.22518039135624437,0.7874430453463205,0.7991993983824454,0.8508229926786743,-0.4729736617071561,0.8211529749284675,0.7220323413415696,0.7125726744272407,0.7433371413120566,0.6944212965151115
2011-07-31,0.11111324212976925,0.7966592625483406,0.7617721602724787,0.8435607034706973,-0.4357029999191038,0.8459041672688956,0.7284491747153976,0.7164357765653053,0.7473394484990297,0.7064005419028385
2011-08-31,0.0228108364702909,0.8337948627222294,0.7728262077052134,0.8454049196723528,-0.4449474804465571,0.8366010756612963,0.6931072884056344,0.7230016717616998,0.751721968610567,0.7171890780600534
2011-09-30,0.7130590019507907,0.8367241580395156,0.7078367793405448,0.8397661458563571,-0.3484889370507794,0.8217741969886497,0.5776484711624364,0.7274429137416708,0.7542335299016406,0.7304805618809701
2011-10-31,0.5140898220507596,0.7785862616139387,0.6671842973302796,0.8466061227583933,-0.06342881238594059,-0.2674366523000108,0.3906546334230014,0.7315562253535931,0.7622215297910516,0.7391459427119683
2011-11-30,0.34797264327850636,-0.6081078479095605,0.8020362521373684,0.868944578845102,-0.20492543455045564,-0.5823831131998368,0.42700401590705384,0.6578049304059416,0.706185007334796,0.70571308051602
2011-12-31,0.28360686283798253,0.7990859830920762,0.8130867288706654,0.8461996243496632,-0.12837815794168866,0.8808156352174588,0.5467300262297985,0.6933155871943677,0.725378391578213,0.7174682431683703
2012-01-31,0.1474665557594756,0.6101863864132013,0.7302985222013201,0.8570004533275697,-0.024111989623484043,0.8203790157480693,0.36340049427113974,0.7412958514138093,0.7683033365712131,0.7414425843027881
2012-02-29,-0.4838996861743911,0.17097816314789369,0.8209419207558439,0.8700152389992969,-0.2716981053610161,0.3241288084135086,0.4536258664698139,0.7126822852413149,0.7521069511029862,0.7268103959025184
2012-03-31,-0.4784634273492934,0.2842243304748308,0.8270737640251965,0.8619791445915507,-0.45776144453106093,0.8508268068078165,0.5162761863745727,0.7113688829766539,0.7482557222959832,0.6941842136718922
2012-04-30,-0.19475214446369948,0.35773706793918975,0.7884330403643568,0.862615381802797,-0.532642972646615,0.8500365470604593,0.46617701654196625,0.7206653839752767,0.7543716221083535,0.6944450661188989
2012-05-31,-0.09157724259872518,0.7777145734412504,0.7808357224998795,0.8570796114491671,-0.5691742505348519,0.8583943241519613,0.47049573759720265,0.7209197187887554,0.7551253723149157,0.7009839858929691
2012-06-30,-0.011584223203066254,0.8410891372416294,0.7103269453060355,0.8530190116759722,-0.43983041656007876,0.6506951126296258,0.3511334708769705,0.7116324734849806,0.7484899497524062,0.6956556546722155
2012-07-31,0.17753101218616837,0.2538589338851599,0.7526197775731036,0.8612357798075521,-0.4624520898149491,0.8524965611717705,0.34803240144745584,0.7078833808948057,0.7464289315605945,0.7167475396168841
2012-08-31,-0.22402235837687254,0.6997723989137729,0.8050642904767017,0.8603579202702971,-0.4767100715724388,0.8752403081682467,0.36618671498018124,0.7132826485491814,0.7408154260725739,0.7170079316840086
2012-09-30,-0.4231013567138205,0.4921139946742162,0.8043247445808225,0.864573656144305,-0.47691638753146887,0.7819382597872963,0.39137961928921966,0.7254531620943611,0.7594699493013742,0.7132027023650095
2012-10-31,-0.29145137986408765,0.45694358197786683,0.7974210187624556,0.8624843798395339,-0.4979294919288629,0.8654028615398007,0.42765918738439784,0.7234037988026172,0.7560730420858379,0.7009230995356455
2012-11-30,-0.24193619134783637,0.8252167330918153,0.7467593202737679,0.8565748199430054,-0.5106939949183928,0.8725315039874972,0.5496608561616911,0.7179101189213728,0.7508686735961629,0.6956744635092504
2012-12-31,-0.05383062185767509,0.640827004688943,0.7405878585263949,0.8572439096169314,-0.5611875361377727,0.8720676226580611,0.644105813673569,0.7214239585599352,0.7550797139431268,0.7084911545783562
2013-01-31,-0.26734859247588616,0.615954741236776,0.7498207968212124,0.8589422860532788,-0.5251831459523347,0.8714840947350223,0.6769294289067308,0.7207938425817296,0.7510248228993727,0.7052232315800363
2013-02-28,-0.2955921871684539,0.046604479268201854,0.7621692356366223,0.8620192959909894,-0.5257795225378327,0.8050731750615878,0.7031646097382869,0.7172900148781844,0.7507160664938952,0.6983155427822325
2013-03-31,-0.17091938943180462,0.5814929784114052,0.7558379274548093,0.8562534857457673,-0.4996409970227783,0.8225690396123315,0.6724729531766608,0.7159730372559212,0.7482855498584251,0.6964690523336452
2013-04-30,-0.453275406346363,0.2573541962921751,0.7713088002806822,0.8616775055980764,-0.5544040619702749,0.7646018108631037,0.7060003673869157,0.7148004089170169,0.7497514899805079,0.6946655971972683
2013-05-31,-0.09191515456685642,0.562416773648658,0.7687921070188934,0.8555539028888928,-0.5748906182478533,0.8181669915391385,0.7314045738408934,0.7138940911374645,0.7463903074653617,0.6926362029607531
2013-06-30,-0.27017300644827486,0.4158992427112538,0.790327000725365,0.8594726773401177,-0.5597107058744132,0.849046259943666,0.7551740998129349,0.7175159934968319,0.7508126197778436,0.70026979159434
2013-07-31,0.0011781869547761684,0.8013979782168397,0.7699850551354395,0.8539725629632038,-0.5402206281483484,0.8726892945497915,0.6950758491645286,0.7199731979607038,0.7505904190512112,0.7029452257407656
2013-08-31,-0.4788327778653236,0.04911280205205961,0.7991476333874178,0.8644431987653671,-0.5034206388196405,0.8400799692406405,0.6920482194357167,0.7125345881263487,0.7494216502970668,0.6987931604608992
2013-09-30,-0.25517645618831436,0.8663034843022056,0.7656680434747608,0.8532740419054675,-0.5200649597985046,0.8370960694486832,0.7093281545292756,0.7045581575158347,0.7380119271748421,0.6823130930671936
2013-10-31,-0.35628689878896574,0.25348077141592157,0.7611098694676948,0.8567785958838054,-0.5308135372117381,0.8588799492654229,0.7370420403183817,0.7061930804279968,0.741948140959324,0.6906325229628505
2013-11-30,-0.20183556144684947,0.2719872401246289,0.8023223745619087,0.8568629646130846,-0.6412794297127001,0.8613161940450006,0.7962176575005836,0.7061266196028594,0.7388714036579577,0.6868524398255668
2013-12-31,-0.39704033472856975,0.37904992735066656,0.801148843993745,0.8587072740188363,-0.5752958932078195,0.8707600377350732,0.7980153934266129,0.7135572111775846,0.7465996463009098,0.6888294428557934
2014-01-31,-0.3740355869150812,0.4278294521552722,0.8078211798075816,0.8581786287782373,-0.602391990307797,0.8605256285096474,0.7986875136855374,0.7122713862234678,0.7444033553107434,0.686371417728532
2014-02-28,-0.1110234821402891,0.8702052271777959,0.7650132738898409,0.8498181943114961,-0.5118152919852682,0.8663366829446072,0.7766291332108289,0.7059949834302105,0.7392279840468258,0.6831326983001934
2014-03-31,-0.1427285658204182,0.1231317401104198,0.7748803154496063,0.8527333747365998,-0.5521527056750949,0.8667147076107776,0.8177371062556257,0.7094141953596508,0.7442807139714044,0.6975538249611993
2014-04-30,-0.3482784505174453,0.6948869952107632,0.8110337932666737,0.8554116780334039,-0.5659225533524075,0.7926787272378434,0.8315557751761219,0.7066289968707057,0.7342782915138534,0.6913948566048195
2014-05-31,-0.08915974036136753,0.6964049550911785,0.7608748308518095,0.8507457487055653,-0.46922201479651865,0.7658648138119103,0.7969037660539652,0.714541345049866,0.7456170868593365,0.696360846657699
2014-06-30,-0.37674593972310744,0.46600114499931833,0.7713331277524438,0.8521664547227268,-0.5017691596339542,0.8652315433253623,0.8332361684457801,0.7079872996707179,0.7396792664089111,0.6951323796849054
2014-07-31,-0.5843230282808085,0.4674630670056242,0.8089564319300233,0.8563096496285769,-0.6073246415496382,0.8368688260159399,0.8675338415367005,0.6995923564451675,0.7304951037703263,0.6751382808804408
2014-08-31,-0.2721497114375003,0.8386782254707967,0.7954072317191687,0.8511119795758735,-0.6179115517403595,0.7742871381322258,0.8482641577555114,0.7041885027679189,0.7354842039219478,0.6760825150091099
2014-09-30,-0.45342629544624574,0.23901520528607154,0.8073596967100702,0.8585449353361931,-0.6709724336770799,0.8494129128203529,0.8532787552501464,0.7028086959419984,0.7377628659490618,0.6769348367579913
2014-10-31,-0.34228812276349735,0.839391657096044,0.790015437064912,0.8520578692782134,-0.6325494537336189,0.8566939447230232,0.8053766159117292,0.7009518724146971,0.7333093666966445,0.6709691123570051
2014-11-30,0.17135722845488,0.39282695575353926,0.7560727300273739,0.8508869627067378,-0.5474244673103138,0.7259985574614215,0.7467098766672906,0.7115972418740906,0.741555135484806,0.6916454900483402
2014-12-31,-0.6668638346245016,0.47029342619805603,0.8036500849896411,0.8601598325364537,-0.5725034999484238,0.5804340085798911,0.7420053880208839,0.7036945598421913,0.7329043227065102,0.6814346490029453
2015-01-31,-0.0515746122435167,0.7244954875426012,0.8017541978905353,0.8533571395294658,-0.5964247838483818,0.8250942065957855,0.6797575832431461,0.7096300999433968,0.7406456827732059,0.6850039019919155
2015-02-28,0.08614890046777288,0.8645599679610928,0.7533158556173135,0.8515292249792522,-0.47410136797592334,0.8630766861872946,0.595402393715444,0.7141516463371047,0.7457975959508965,0.6961876083306751
2015-03-31,-0.38921127551058393,-0.0007019172942150716,0.8230300195884115,0.863480434190676,-0.6248108886565756,0.7205680353912732,0.7491183091418623,0.6991967999472654,0.7401295527470001,0.6951507882926066
2015-04-30,-0.11216595820592223,0.8062640506539068,0.7986755591388909,0.8538822066998858,-0.4710735939920827,0.8630555678452797,0.7171748375682051,0.7070624271578893,0.7403680111621082,0.689794831106984
2015-05-31,-0.4145894201193154,0.649540773150575,0.7955416805351936,0.8620257349625262,-0.4857470452506685,0.6229854480727179,0.6804428324037519,0.7156593970199507,0.7501100256129969,0.7019531324017718
2015-06-30,-0.373373502317929,0.6273696489159917,0.8203199225507958,0.8559066140266213,-0.609182072643599,0.8244699417411859,0.7467130022902536,0.7083432886059828,0.7396778653827782,0.6895375978932994
2015-07-31,-0.15785689439951328,0.7987553756043585,0.7499789379677716,0.8538274013278785,-0.49529601597607786,0.6089084521859252,0.6359262053911003,0.7055205881525136,0.7392957659786242,0.6821774261326757
2015-08-31,-0.12773171020804483,0.5149353556762705,0.7495656955105098,0.853628525681897,-0.5334967221335433,0.42264021995374995,0.5619500454904919,0.708212570561097,0.7412455256195895,0.6949486535071675
2015-09-30,0.34462377363348295,0.8231823729236468,0.7572633177407891,0.8513957668912226,-0.49324965617482264,0.8497525230091479,0.5144343833751129,0.7209273210901755,0.7495829477293484,0.7145282940685745
2015-10-31,0.3015418307240796,0.867292055284056,0.6958295984349265,0.8547510964102727,-0.31917337111927485,0.6684070844040251,0.37108029275266846,0.735433968204567,0.7654837306567899,0.7342908862431969
2015-11-30,-0.13566142112446514,-0.23480992654092642,0.7824202739710784,0.8669410326141946,-0.3431356470677979,0.8802818743267029,0.3827032928003195,0.7108204974231234,0.7454378837893536,0.7261727437478322
2015-12-31,-0.28097027524697016,0.7021845528137269,0.797962935589098,0.8586700735800012,-0.3360669809867775,0.8704497869405026,0.39249187427118587,0.7151044235866966,0.7466459747714043,0.7148131060735039
2016-01-31,0.11014312930201482,0.8485361847511985,0.7532140531286465,0.8599263558104798,-0.3827331947724676,0.8679168803989508,0.2452235820370065,0.7303334739195737,0.7634083007502357,0.7243144999968412
2016-02-29,0.3268309884786955,0.8566652578856869,0.6699374815959637,0.8533347327718285,-0.338477025113191,0.7058261113317575,0.20694791540737079,0.7273798800451386,0.7634503003203509,0.7266193435308351
2016-03-31,0.12378737587993384,0.6941989847859377,0.6843899165360013,0.8596405195126939,-0.31000176318008815,0.8506314196909639,0.30992882434919117,0.7265557619590967,0.7585786053138427,0.739532587982766
2016-04-30,-0.27901055777433925,-0.0773225822498791,0.7934081262904982,0.8635895527342534,-0.3861195707759896,0.8734133140624705,0.4935457927553655,0.7107437900557709,0.7436011382494032,0.7221472217754181
2016-05-31,-0.35193579692744487,0.6569945143777459,0.7788306028703229,0.8605272778568808,-0.4044627166732676,0.8753612224029391,0.562241793595501,0.7203982354847585,0.7532128685751396,0.7077112091249895
2016-06-30,-0.24897650883330782,0.529099523255445,0.7516195535577924,0.8604982504991036,-0.48319507192969074,0.87306748333137,0.6282518187347131,0.7245600249727874,0.7574617091622563,0.7076622696257607
2016-07-31,0.07191464504449258,0.7228853177056302,0.7619764449355719,0.8554217948069033,-0.541563542061551,0.8598474404891109,0.6369523391393666,0.7234104465825436,0.7553786801002572,0.7109737984899726
2016-08-31,-0.5402758330964771,0.32176771710881663,0.8084314650738953,0.8639808644456037,-0.5758284702958736,0.6223906017468787,0.7438979499504129,0.714218259076389,0.7497405100860142,0.6995059898808766
2016-09-30,-0.5912890034037195,0.7028507075950952,0.7885053460802013,0.8567932795204259,-0.5728349927846527,0.8441997689440203,0.7299473798610512,0.7062714387084894,0.7362471342179833,0.6719739472046653
2016-10-31,-0.052802132070131146,0.6691272538380356,0.7468424971392024,0.8535695260661652,-0.567651295562049,0.8710313796003176,0.6889512660886954,0.7110086893065831,0.7403695675659204,0.6821285781181857
2016-11-30,-0.5254925641471431,0.848676126700565,0.7665002773834437,0.8572094174592693,-0.6410106707405974,0.7974045367535313,0.738746530134102,0.7082550757037895,0.739539728031718,0.6840407854452157
2016-12-31,-0.3382153006693858,0.18728939674531062,0.7893411681334086,0.8582220840674951,-0.6760131929481317,0.8717344723524004,0.7706768312243365,0.7052008225628749,0.7398268534927787,0.6784290937612364
2017-01-31,-0.42991745427382433,0.5327331873799528,0.7755858418848606,0.8559310099763394,-0.585439295345144,0.8149157981284229,0.7807216713774381,0.7049807464525719,0.7364920762576184,0.6734834911515934
2017-02-28,-0.5751645403345016,0.5468474913620308,0.8015028788910817,0.8588157995348181,-0.6778225809818182,0.7402940515343147,0.8169012737207028,0.702849532215336,0.7376055728692074,0.6732852095550742
2017-03-31,-0.6411504335175571,0.3728371359004188,0.8111246658277836,0.8563043610145525,-0.6900850639263393,0.7987539836569638,0.8386302048189594,0.6966152065369012,0.7293545385633248,0.6566691883499253
2017-04-30,-0.39223948223627053,0.6896564662076814,0.7806574235538504,0.8517745586049621,-0.6877168233925461,0.834065687818708,0.8124779659987327,0.6967810636153677,0.7269396404007664,0.6563233041821139
2017-05-31,-0.48920587911506613,0.6070622881802862,0.7790379472488179,0.8540809362043759,-0.6948272673246195,0.7388951577777626,0.8046546173535035,0.6993549530942752,0.731228892043221,0.6636873352234948
2017-06-30,-0.43299203363643396,0.6141473606857407,0.7846262321187996,0.855217992806296,-0.6903824662395163,0.5946444376645731,0.8040527779567984,0.6993343618835314,0.7307537033242183,0.6645931827706669
2017-07-31,-0.5221399723801247,0.6653356319437914,0.8152139939750153,0.8569555457430883,-0.6911487687881904,0.6590866355965036,0.8338245246906834,0.6948524299141295,0.7276709423852116,0.66587765654481
2017-08-31,-0.6329987677176557,0.5878379012838795,0.8271267969733078,0.8539110536372808,-0.7147577351757267,0.8452721528289943,0.8454289028437584,0.6943261422574064,0.7256115329061933,0.6582677638672633
2017-09-30,-0.33003411591125487,0.6953308870662076,0.7878916825389467,0.8536630914306074,-0.6739738223843125,0.8549548108006486,0.8125523727057455,0.700165013107056,0.7296147918757219,0.6606338591395293
2017-10-31,-0.6084356145309546,0.46996858614977205,0.8113069523729344,0.858003838697116,-0.6991680044018056,0.7805018342771994,0.8369066999809696,0.6973144576532504,0.7309896750582627,0.6640098929973479
2017-11-30,-0.6481697503486797,0.5428926115150219,0.8294671571479151,0.8555540484434745,-0.7279114198837227,0.8137087047307336,0.8313059616495577,0.6910959792946032,0.7220474805988215,0.6496759646018653
2017-12-31,-0.5445843793836067,0.3933927845997728,0.8159923937127606,0.8560633047732554,-0.7151748273366366,0.8663868106893909,0.8225563004138464,0.6972475967373567,0.7278951931082217,0.6526708940517972
2018-01-31,-0.6054505762018435,0.6364532159082,0.8208839540731341,0.8546087437718775,-0.7318757473265269,0.8226612536840209,0.8171027925870497,0.6947048837269479,0.7253595207664513,0.6512220827102674
2018-02-28,-0.38153819209596646,0.07348616526249993,0.8390154934135525,0.8574441376938071,-0.7404556826059794,0.8719470148565505,0.8238166491021834,0.6980760298664062,0.7321089054964347,0.658681012249422
2018-03-31,0.35740772848903124,0.8715243354320062,0.7863437316606688,0.8431808074945658,-0.6047175483810845,0.8332641572532861,0.775040496649214,0.6940721719502673,0.7285196840489926,0.6687183731233041
2018-04-30,0.2442463367141043,0.8220764986258573,0.7645946931457581,0.8395774371771152,-0.4371722225986472,0.8646847320662265,0.7146737765583595,0.7160708615825531,0.7446850018729783,0.7035181978061711
2018-05-31,0.08003185522591634,0.6537562447720998,0.7808970617860527,0.8467399995744587,-0.3102452228572345,0.847042888205204,0.721868625538592,0.7279009186679056,0.7518169783466523,0.725954592201682
2018-06-30,-0.2507001019478118,0.40629922610794056,0.7989084521862561,0.8566190152509161,-0.2592693248890595,0.8653122697678621,0.7366924812444171,0.7237384315129392,0.750029974373696,0.7229824182615199
2018-07-31,-0.38380126586289276,0.6693187231889748,0.8105798700665623,0.8551130468275596,-0.4197497357332555,0.8677077734856121,0.7260093188080594,0.7162182234277662,0.7459118983347613,0.7082748518413945
2018-08-31,-0.4205041760375779,0.3900398640017923,0.8300992944153704,0.8596728110433828,-0.5647281401872556,0.848555357556276,0.725665750041567,0.7092549422443684,0.7446680807401165,0.6952695500909052
2018-09-30,-0.5185866778999242,0.38147942018698644,0.8399486342137007,0.8589823627975076,-0.6494989639349924,0.8603099107682289,0.7550088025458738,0.7041477492487963,0.7380199458352737,0.6775718507391265
2018-10-31,-0.611210196540209,0.7277719938492452,0.8273785551481843,0.8562219308833114,-0.6565115464972411,0.8577570468958355,0.729122519824096,0.7038486004098179,0.7356171057722805,0.6664224935414531
2018-11-30,0.30518276575880854,0.7314578369645236,0.7766296593157259,0.8472155910327003,-0.6076709747590096,0.8509460724535235,0.6398066783724331,0.6990873694782843,0.7319179330838533,0.6700824966692315
2018-12-31,0.10575256400237322,0.5215184046292892,0.7863029819775471,0.855126407440881,-0.558495088529957,0.8595662128826288,0.6357272387750487,0.7135466950927232,0.7456562339882629,0.704275001302425
2019-01-31,0.4463140451849917,0.5525923252731902,0.7214618729175256,0.8510423013144844,-0.3802513913158579,0.8081516553208073,0.49645768341807034,0.7173308837245512,0.7563395173315001,0.711317730971163
2019-02-28,0.05496579009521394,-0.33150156979236717,0.8031732612896931,0.8719232919090044,-0.27296245076384057,-0.0022385931795099803,0.5648984271031401,0.6856746804987579,0.7437096434393056,0.7130475873244688
2019-03-31,-0.5376708230604367,0.4456112843671194,0.8405214526961448,0.854268508441596,-0.37548598169689695,0.8509211307612103,0.6289534819739062,0.6885979658024974,0.7222851751432056,0.6882940971236973
2019-04-30,-0.18044269227731607,0.5807863940119368,0.777915541973484,0.8576383852064364,-0.3552889148440779,0.8741467605984251,0.5773411860409556,0.7225932102545898,0.7534584023096893,0.7017633344691903
2019-05-31,-0.5372390666574305,0.2848014650551703,0.8173768253530248,0.8622745604224785,-0.5508784448405453,0.8708113981524473,0.6694821049348594,0.7123062849527267,0.7486506562381335,0.6956146880102742
2019-06-30,-0.03060487394282466,0.7748044147570348,0.7759142739718672,0.8520772828946113,-0.5828670971266019,0.8669088963495526,0.6389848093046178,0.7057642032788285,0.7431272822337194,0.681030851781605
2019-07-31,-0.2836175811359463,-0.13963512560658128,0.8154912505133706,0.8658773286285614,-0.6016072133849377,0.6770179685079029,0.6531425669524152,0.6952704821423888,0.7428919542151541,0.6894160150266034
2019-08-31,-0.4757990257574813,0.65659347863906,0.834622186669942,0.8546008100219219,-0.6184671485280361,0.8512951079246601,0.7043106670167318,0.6964898628025432,0.7299200338524915,0.6742634051741335
2019-09-30,0.3430904314250717,0.8372400237011698,0.7379975208512718,0.8407635259970049,-0.4290518529089859,0.7607542890871298,0.6393171099917284,0.7045763183892962,0.7355920532577817,0.685578794525311
2019-10-31,-0.4314928683523556,0.5748957698832352,0.8138825342857313,0.8625693580893056,-0.5159853320748212,0.5031082064719541,0.7406683249501801,0.7068712690960789,0.7436641323181662,0.7052024473291422
2019-11-30,-0.18844349145095457,0.5434689948677474,0.8184640695871845,0.8546366474943086,-0.5520624933082865,0.8510347545393618,0.7335716377285338,0.7094628278653271,0.7407890116372721,0.6952729982698088
2019-12-31,-0.5427195597298416,0.2638262596825814,0.8083906475786613,0.8596161875851203,-0.47078804983757355,0.8614873796754763,0.7248661195328512,0.7125053354218807,0.7457091645923792,0.6912327223227179
2020-01-31,-0.4910925078652703,0.4563212224587955,0.8323507680386131,0.8571043994263762,-0.6516599024152586,0.8702969308049631,0.7560834254953878,0.7034538827806687,0.7370097074937483,0.6754285038834218
2020-02-29,-0.24916025267530847,0.7268748754621771,0.8269170727636047,0.8552066079215319,-0.6284295241038811,0.7933509821287185,0.7570919520588911,0.7100593596675565,0.741966256450911,0.6805162036753686
2020-03-31,0.39981488209943483,0.7267604416420952,0.7602201123796235,0.8387789716231343,-0.5115011636222895,0.7595978089310632,0.64989193565075,0.6907359668120907,0.7294898093110238,0.6762011957116536
2020-04-30,0.7909197319642736,0.13036071577202743,0.636558657141774,0.8632814819602626,-0.3676955382295347,-0.561546335932004,0.32378402792597827,0.696268628332853,0.7396235671778328,0.7084481334533606
2020-05-31,0.5618069623368032,-0.7528608985220272,0.7800172741709555,0.7767209506595685,-0.13192820620209195,-0.7951742676743857,0.1307198947305684,0.6752827806320782,0.7252475714733198,0.7142161708491279
2020-06-30,0.18920514004100036,0.07231243592275707,0.7971942648276807,0.8597201579496717,0.13491504660494674,0.6018335402209314,0.32907804926603,0.7055995289754448,0.7412797536786676,0.7327295274926781
2020-07-31,0.423925868339162,0.4438408473844266,0.8001916010853473,0.8301159693215382,0.14546633185014565,0.7701300171319638,0.4992701032200219,0.7422895903357927,0.7711276718601481,0.7598264530484042
2020-08-31,-0.07778336830643276,-0.005960197259298353,0.8149162950953552,0.8533726225564607,-0.05611094078583226,0.6403934863563133,0.5190060436618176,0.7469052788520609,0.7832327153593504,0.7569076867192155
2020-09-30,-0.32001826881683243,-0.25470107184970175,0.829412231709005,0.8601621604259025,-0.25498481644431115,0.7430916817198585,0.626087997695217,0.7200941780618535,0.7590806800477239,0.7191885803300546
2020-10-31,0.32717866337185014,0.8745327884111237,0.8053842360110522,0.8478509866888561,-0.32569258891423675,0.8684917824522319,0.5588064845684897,0.7227167980293178,0.7590530927193598,0.7191023497168479
2020-11-30,0.2438845558450955,0.8253729822478287,0.8113470316699153,0.8477345500559038,-0.3495151272446613,0.8665340880699045,0.5273913647817312,0.7326348438462641,0.7648333749771977,0.7368012523448745
2020-12-31,-0.0046661838577436825,-0.6956434910767578,0.8571114895941278,0.8619364500670017,-0.3998332751842551,0.7518185251063906,0.6690037440639753,0.7091184839910533,0.749016228355681,0.7188459770590859
2021-01-31,-0.360084204865578,0.1644348252525076,0.8546832764016605,0.8565467349082864,-0.2705772202262871,0.6421153964934464,0.7064592617892341,0.7078420535784096,0.7438585751661064,0.7007622123666368
2021-02-28,0.04360656165693943,0.6723285006205253,0.8398141123052892,0.8458317448319573,-0.36251694161744447,0.8610147082122529,0.7291905756407829,0.7172966973697484,0.7475702962468392,0.7095410518901327
2021-03-31,-0.16640976783027048,0.4088024236835432,0.8689467207030221,0.8565352169723194,-0.48690162269447174,0.574155188815914,0.81083237095543,0.7221286884946229,0.7571135835618757,0.7197090515501966
2021-04-30,0.035990047024702605,0.3639583924297541,0.8623604384868722,0.8472561553206427,-0.4827652037930706,0.8375456464424419,0.803153595557056,0.7216290063836909,0.7537796113051417,0.7112599504538545
2021-05-31,-0.2174403024773892,0.08611508908107018,0.8692261710455919,0.8554898820357898,-0.3911338029436063,0.8468305157271397,0.7997773981501827,0.7210135528544471,0.7548137312341486,0.7109829749857345
2021-06-30,-0.10665587825242694,0.6604544626773878,0.8627882853849563,0.8483119007403509,-0.424434545278453,0.8422415457375424,0.8073770603329858,0.718863643366522,0.750184267363675,0.7072738861524331
2021-07-31,-0.40373588787515824,0.3984980835127958,0.8734148663710112,0.8559541865784644,-0.466273258343051,0.7278269964369405,0.8286644493557153,0.7148202058902996,0.7487234214189477,0.7039254296529717
2021-08-31,-0.20150507306095095,0.5691352423228154,0.8676330769653101,0.8507559670206674,-0.5200981547719639,0.8433125316626623,0.8050048545703096,0.711405595765105,0.7436075660322695,0.6934009197283645
2021-09-30,-0.3378634180666615,0.3394707481517736,0.8650790314094626,0.8513619242434838,-0.499465154597183,0.8097793382181557,0.7835101066707028,0.707586824361761,0.7403526938347466,0.6896606081603284
2021-10-31,-0.07526745487506249,0.8732075299816727,0.8531007432462127,0.8459771719447332,-0.513509805166618,0.8523229711612387,0.7567387938388744,0.7096100815778631,0.7418836399408985,0.6910920722084982
2021-11-30,-0.16515868934182773,-0.15902822569564873,0.8700422707211953,0.8483826562668263,-0.5144937638173105,0.8052801471174565,0.800987681299785,0.7078316480587806,0.7443289261674723,0.6959349514540661
2021-12-31,-0.09357022852391023,0.790632213954191,0.859159873940296,0.8430278264289669,-0.47224757472494566,0.7085688363817327,0.7794501706376044,0.7110985816797114,0.7427579256217632,0.6959216090915609
2022-01-31,0.11988641597708952,0.2929040903589545,0.866154877839386,0.8464241553819646,-0.42287525939932424,0.8628371708725936,0.7928822857555206,0.7178733841963213,0.750660390008988,0.7124213028929788
2022-02-28,0.24111077917532875,0.8423752504377332,0.8262812564197581,0.8347028262584814,-0.28357727724809423,0.48478946025698555,0.7288703923388956,0.7165127756378588,0.7568102314742103,0.7119317679798395
2022-03-31,0.38741423999843355,0.7759662629518449,0.8089798567943411,0.8134546176787391,-0.1739592267497579,0.7151819026262048,0.6716197791358428,0.7188327667047841,0.7451251062260967,0.7244321527385623
2022-04-30,0.2644921136180534,0.35955937125284115,0.8682713117752108,0.8500530468705508,-0.29319665842922626,0.8640950434306954,0.717841764975488,0.7246597948659951,0.7412755891164317,0.7423578065783044
2022-05-31,0.410418367831958,0.6107214990829107,0.8219444011824025,0.8377707836872629,-0.09176955086510821,0.7991764338799606,0.5874383558053983,0.730817775908929,0.770127984734193,0.7379092806125277
2022-06-30,0.5722897736625083,0.6377751097307442,0.7998713076303929,0.8320008350878945,-0.032971636551162406,0.8096834123316508,0.52331485099595,0.7236193047991561,0.7522281807566684,0.7462876031868162
2022-07-31,0.4549694025944548,0.6683128718388073,0.8180718780734674,0.8463816315266649,-0.06113043282227999,0.8233308805167264,0.5559611450488183,0.7509788115214157,0.7694914187399288,0.7699667013981198
2022-08-31,0.05233455359344443,-0.44410109537707665,0.8709043396455607,0.8666795930780409,-0.1736070799770957,0.30899993672781534,0.5957304683033233,0.6942095850688983,0.7437025501274561,0.7313016461858959
2022-09-30,0.1012367886131665,0.8811210738530469,0.8592438453776495,0.8523108597548726,-0.1691804372558808,0.8507624532389568,0.5993089964073892,0.712623327521994,0.7491798962104494,0.7236213947417678
2022-10-31,0.4950464685115349,0.6782016758842705,0.7438248929787123,0.8245292424104741,0.01644457885220657,0.8433675290592326,0.3835094330259216,0.6961897516549875,0.7333459674815019,0.7042065859814961
2022-11-30,0.40243597672742426,-0.2933102918724338,0.8249977416542199,0.8576394648789151,-0.22632938598806168,0.8776391146908241,0.5137821001225662,0.7040035121824931,0.7430329647749613,0.741372448839786
2022-12-31,0.24692685178942117,0.2579442198406766,0.8664767790965353,0.8537881851386642,-0.28620403073419654,0.877905260121404,0.5958107793061103,0.7106271605276632,0.7356697613303035,0.7311461269159644
2023-01-31,0.24024316955795974,0.8451068699236006,0.772681400128914,0.8486206407396997,0.02825783004357498,0.6809968670241124,0.393590823220913,0.709231760063215,0.7510955927075205,0.7095745126987818
2023-02-28,-0.03079788593631108,-0.12810091876966312,0.8615612296491327,0.8677166092078499,-0.23898796746314582,-0.25483601855333826,0.6158747536486423,0.6814698792488512,0.7406140935090362,0.7204894349819924
2023-03-31,-0.12575790506704745,0.8745968194003632,0.8516576640540192,0.8560626204998631,-0.306532697218763,0.7965104347288431,0.6397217291099357,0.7040002106134944,0.7437521322423595,0.7113090882598554
2023-04-30,0.2260261457359798,0.3469991867054555,0.7988348341401901,0.847208722587873,-0.27318823143032045,0.7664457320545734,0.48315408103645585,0.7175734695776932,0.7506072674933721,0.7228276726680924
2023-05-31,-0.2345546988229426,0.6514003236667671,0.8390019544094969,0.8564344043245202,-0.36378574543744663,0.8427548108553407,0.5928409985286274,0.7249361640473615,0.7529712740754237,0.725945674009008
2023-06-30,-0.20915478496311976,0.6938632185510534,0.8547788180612172,0.8596179808927976,-0.46561389942557047,0.650369068239542,0.6046167092294922,0.7191328600583216,0.7524110096969965,0.7183101281939177
2023-07-31,-0.2873404674145507,-0.04270361187186305,0.8686067258160656,0.8619317862318622,-0.502021721906585,0.8770869039044571,0.6195523254809451,0.7165520046105411,0.7527679335249648,0.7056310240859298
2023-08-31,-0.42632211371686385,0.35817609979227827,0.860576522656672,0.8591329479089396,-0.5226742527418105,0.7705299696583228,0.5920755285436381,0.7131575316604157,0.7477414172309638,0.6904976936194667
2023-09-30,-0.1550809120959689,0.8518732170653219,0.8497554653800184,0.8544226728791556,-0.5301949830578057,0.8030862089463046,0.5806243684875823,0.7147039484935821,0.7476908353392663,0.6937438103507984
2023-10-31,-0.12943540437831566,0.869813721484027,0.8221031987634322,0.8470507150523968,-0.4549952092927519,0.7242244903484023,0.532941056034108,0.7067197927209616,0.7418263984366464,0.6915157310081863
2023-11-30,0.04718802313734675,0.8555921891417333,0.799520039231324,0.8442032635275825,-0.44289965747975524,0.7452220341627394,0.5252244893577536,0.7094638142207479,0.7384299856752263,0.7046816966124767
2023-12-31,-0.25593665569584556,-0.34175889812474153,0.8727526298805875,0.8631679857337838,-0.5550010881054446,0.7477238009394841,0.6874016814765886,0.6848764870756269,0.7212540792263283,0.6941915147694394
2024-01-31,-0.3642106483801692,0.17306971102734958,0.8729553529327019,0.8606207584790739,-0.5259660690582726,0.483791005913797,0.727996826523527,0.7022255014314036,0.7402405273362695,0.6865994129447479
2024-02-29,-0.2269019632978864,0.6116219895046792,0.8551248315654226,0.8552525574804065,-0.47707050084373875,0.7926723367414324,0.7344791875484896,0.7103583183967487,0.7434830955245794,0.6934171689586549
2024-03-31,-0.18374155892461974,0.09586242767583483,0.870515874491924,0.8560830185341947,-0.5357813696763205,0.795878711672153,0.7874521585727291,0.7188315286278507,0.7542216436896875,0.702460104697001
2024-04-30,-0.31167453770568493,0.3824968850441656,0.8680837877730625,0.8537258205428027,-0.5314853303406921,0.8654009835010814,0.7796891983103611,0.7104271910854258,0.7430746961136241,0.6926284535900102
2024-05-31,0.026889644436804652,0.8737075712899652,0.8309315846089188,0.8405297305340552,-0.4175674073989048,0.6125948778869783,0.7145940598704618,0.7020292524697075,0.741028575015961,0.6863771699509228
2024-06-30,-0.22094081798831403,0.11970319949799497,0.8574617612819133,0.8443511160204602,-0.45374734827912205,0.805833489241361,0.768184628366628,0.6986786468504986,0.7344417524208455,0.6939660848301921
2024-07-31,-0.5463256457655574,0.44417732830104545,0.8767782478606329,0.855377230304,-0.5722962940619457,0.738533260471035,0.8198556373587526,0.6987976207347658,0.7242092951158466,0.6789787876598791
2024-08-31,-0.11665935021314498,0.5916707759832334,0.8745103738094577,0.8534524881195149,-0.5927583414827311,0.700612402979192,0.804813375616847,0.7080031745642195,0.7410176470360774,0.6903242813239341
2024-09-30,0.13735835606443206,0.5306237025063113,0.8691583136109586,0.8501198035912606,-0.5462106968552479,0.8622007882461746,0.7808497354695729,0.718763199571749,0.7506817431359154,0.7042724301126613
2024-10-31,-0.08375006865476435,0.48740563332790404,0.8677543459662326,0.8517185132916694,-0.45117838302254903,0.8627588160724207,0.7623792196774277,0.721118949165779,0.7513751902160897,0.7091137094251339
2024-11-30,-0.1289923637926431,0.734594043481827,0.8566441107155465,0.8437297478849832,-0.3034769462502111,0.8225088807761756,0.7620522688810978,0.7162822068832695,0.7466774379685679,0.70520154006027
2024-12-31,-0.08741845384922915,-0.17991072329234664,0.8688057086584453,0.8478837743715035,-0.361940273690358,0.5064031350680169,0.7929251492817084,0.7121451903308049,0.746192964722469,0.7067834820022478
2025-01-31,-0.00857999953475298,0.8537076275060644,0.8577999023955212,0.8351970965943658,-0.4074789388292893,0.8541502575236637,0.7956005651484503,0.7164893519225899,0.7454761460404189,0.7077254652450038
2025-02-28,-0.11776426655037193,0.3763754594889806,0.8774431942342024,0.853340496837761,-0.4771385136060931,0.7603051287590937,0.8305228412171403,0.717354488351264,0.752651792626501,0.7153826592513762
2025-03-31,-0.19180777883507324,0.8502777609327455,0.8728541688238901,0.848272023262391,-0.45473222294434285,0.7049380193295297,0.8339842846855765,0.7158784094018591,0.7428530120741061,0.706519241121244
2025-04-30,0.3646769819639045,0.8478288303126122,0.8135956390847086,0.8221840438481067,-0.25570182556180704,0.6897029500826957,0.713884637366462,0.6973605014474475,0.7328523130055999,0.6940038359597438
2025-05-31,0.7113480501188815,0.7225461284373744,0.8467052618302736,0.8363483481168014,-0.3250445481430656,0.7622771325716132,0.7454143208711558,0.7056191726642523,0.7333351014430952,0.7267641365942407
2025-06-30,0.021754253534716887,-0.030774340533214217,0.8809838230710627,0.8590885002415863,-0.20658033257656916,0.37283178152197904,0.7825739778479665,0.7348597502375155,0.7642276836842866,0.7430192287927334
2025-07-31,-0.1753612275849861,0.020754209598376955,0.859901214161674,0.8400570827986351,-0.0522077651476793,0.36771352221329523,0.7604781465212287,0.7085256241099986,0.7371802982975564,0.7070677355020911
2025-08-31,-0.44807683230000683,0.45509636340423226,0.8667775054316402,0.8486123754383956,-0.22503345511678724,0.3782292655756232,0.7934753730716744,0.7194903952596539,0.7524583905778568,0.7131970323175274
2025-09-30,-0.2109356235444871,0.5045677898673692,0.8758723040443587,0.8515456774283013,-0.542338509564999,0.8496005788395656,0.8157015377979985,0.7100738596579926,0.7446558149196928,0.7013940157406854
2025-10-31,-0.4630132646882042,0.3294341936083399,0.8799649868513526,0.8557835751056044,-0.600132278743102,0.7171362929103358,0.8323532834386551,0.7099568039793571,0.7444142738884656,0.6877872041269675
2025-11-30,-0.027163639726853216,0.4504714249323345,0.8727447435104936,0.8495997753649395,-0.5853316368923072,-0.03468600804148417,0.8057208518501844,0.7032559616181515,0.738032792021267,0.6823544375575084
2025-12-31,0.0043569344251155025,0.6612596503908418,0.86739124086388,0.8413300115248805,-0.4630841910789213,0.8576547892123367,0.8005578660745574,0.7115011492334236,0.7427644381047793,0.6955590797106703
2026-01-31,-0.345720851643553,0.7147798788169117,0.8747644487703015,0.848689229569141,-0.49317630518905936,0.8371511726802107,0.8285316910778834,0.7181221831157963,0.7482384078089012,0.7035227433461594
2026-02-28,-0.26002181923257656,0.5725203834110932,0.8733975716546818,0.847707481590865,-0.4591677289366263,0.8536729908987362,0.8393970667772452,0.7122701928920787,0.741237250367135,0.6961311004994555
2026-03-31,-0.03396293618549043,0.7310314178720468,0.8564249468740522,0.8309353376873531,-0.43219596704583135,0.18938956764280773,0.8135876215329066,0.704145685759577,0.7370923252825542,0.6911464400490103
2026-04-30,0.2385213378000822,0.8648836893266726,0.8465534992763902,0.8266757899881395,-0.4064016050967888,0.846214046672615,0.7785740670702791,0.7149924841249181,0.74360148323598,0.7062781183585515
2026-05-31,-0.07569744895499905,-0.5327353940900001,0.8809945346076473,0.8495716943205087,-0.43394199146451123,0.8190326595904542,0.822466377968794,0.715616088730588,0.7504779961342218,0.710675676915625
2026-06-30,-0.25859637469807634,0.08865438549740116,0.8814152697425048,0.8515283495480837,-0.39990040429346657,0.18732495608995398,0.8454727162972657,0.7093968839768681,0.7395654003173289,0.6973448342421951
2026-07-31,0.1384471623599683,0.7268141310737629,0.8664618655115145,0.8332723888342511,-0.3377338198737377,0.8539596477717762,0.8318695540409385,0.7174082666914691,0.7484868430860047,0.7084846774885488
2026-08-31,-0.2483941950368177,0.7413884531721846,0.886352677329487,0.8548774454415662,-0.48673336264428846,-0.27495033802928714,0.8875994348184635,0.7174293584097717,0.7505299044610305,0.715507250246715
