target_month,v1_q0,v1_q1,v1_q2,v1_q3,v1_q4,v1_q5,v1_q6,v1_q7,v1_q8,v1_q9,v2_q0,v2_q1,v2_q2,v2_q3,v2_q4,v2_q5,v2_q6,v2_q7,v2_q8,v2_q9
1950-04-30,-0.6377909374953921,0.6858151244764491,0.9481416741082382,0.9397204006033818,-0.8994574363118957,0.9539099703215954,0.9041573986215423,0.7157691672731379,0.7546936714356383,0.7113230144215184,-0.5119772215175191,0.6354393612719484,0.8701376670178074,0.8528644034389253,-0.7196781384298179,0.8679264427418811,0.8425677757330758,0.7022410144282778,0.7317187896368429,0.6639312007972251
1950-05-31,-0.5141263118724161,0.33840923349959434,0.9330798307095742,-0.7976123319503978,-0.9053652317526011,0.9567460345110759,0.9142079358937407,0.7174713169321081,0.7542965087549351,0.712986354478178,-0.41383960496680394,0.2988522783650507,0.8634114997449442,-0.6493068596419984,-0.7644964502871784,0.8770729599590672,0.849559475606817,0.6674240746497435,0.7021892256525313,0.6477936157915651
1950-06-30,-0.5096975518103154,0.2596684929985062,0.8786285802018629,-0.8014883469819899,-0.9048177471179254,0.9533727960994333,0.9011537616345252,0.6731023361240195,0.7170764373215138,0.6883342296754859,-0.39230109188662304,0.20841520547817222,0.8201834771391425,-0.6383314591116602,-0.7722685764065442,0.8698968533796332,0.8283685659032347,0.6259754536141466,0.6658147188114063,0.6211051492046804
1950-07-31,0.37594045918733876,0.8978403173692414,0.9528660582009486,-0.7593357791277179,-0.9038918424662677,0.949998871991003,0.8660648573396547,0.6589669778656692,0.7157937811532057,0.6795518657431087,0.375550075803679,0.8413328024000941,0.8777125973137336,-0.5756147300132892,-0.7339386281489826,0.8664182299413685,0.7801422566967826,0.6277908661312228,0.6733641919968938,0.6322795503165353
1950-08-31,0.13163058840702124,0.6262177819756126,0.9557911549528807,-0.5704718202484371,-0.934319032038686,0.9456308485705229,0.8737214882605253,0.6801684146362892,0.7332822865849873,0.7060054910167635,0.1633488409764218,0.5429290753361297,0.8852012444150473,-0.42935522833829703,-0.7491827704186582,0.8626956736117454,0.7932050208976458,0.6516087182868261,0.6949227764012308,0.655140014210435
1950-09-30,-0.34353608751907994,0.20332345501157761,0.6139627657261421,-0.48076223939013235,-0.944932585151416,0.9603951787228132,0.9211699821850231,0.6862535118182828,0.7323010469362653,0.710995472611703,-0.308869624549018,0.20531117686767675,0.5801791396986292,-0.43141731482600704,-0.7923853679789167,0.8800515570390043,0.8645286546117871,0.6443770288689493,0.6879116819873948,0.6453621388818843
1950-10-31,-0.3102878901367696,0.18647233741356012,0.9511102032106312,-0.42839526097896696,-0.9384579588295691,0.9533867123856751,0.9242552405858689,0.6944485397604004,0.7442637615011464,0.7060637774774486,-0.26037013907781664,0.16992580311051175,0.8801392106309247,-0.3637782828963079,-0.7790058583850172,0.8725351626365909,0.859968063702546,0.6548242760551795,0.7007568699008782,0.6435381634863218
1950-11-30,-0.15883822203970635,0.7998043742993727,0.8772718014120285,-0.5547394902748137,-0.9240187677816832,0.9540529228647282,0.9224191841522195,0.6918966440952995,0.7457434665230446,0.7072097734114094,-0.08950918578241467,0.7188524817959194,0.7967302512915279,-0.4240567567963218,-0.7619667015353646,0.8715277665271224,0.8486124532556922,0.6574108318636347,0.7021406796386878,0.6516680258576624
1950-12-31,0.015660800454739547,0.4715173019583345,0.9555158428102427,-0.6169549697613329,-0.9319469217769328,0.9526480669730827,0.9262546790453569,0.6993172103747659,0.7486118850841578,0.7141993260271905,0.02415021454476634,0.42317252676466904,0.8845341825299938,-0.5006038903929645,-0.7621867052389898,0.8728140676878283,0.8590422906413447,0.6613920646691948,0.7058078575769035,0.6584006739211578
1951-01-31,0.0989152279523804,0.029752999989156058,0.22513966167590643,-0.5182270795695715,-0.9388748270733556,0.936350047191381,0.918584902194076,0.6979903188802046,0.7458496030028516,0.7174991613674098,0.12470140236424064,-0.011037340038844436,0.23683331131870727,-0.3949618704845969,-0.7869434967531379,0.8526082532931231,0.8436709241395286,0.6518697338162404,0.6994650355401979,0.6577682592548637
1951-02-28,-0.1563668349202173,0.0523593096398971,0.8605576613245138,-0.45970514736714374,-0.8996266534868995,0.9556194489536636,0.9429734870944388,0.6795081085186054,0.7350862464915147,0.7099292910875858,-0.1254807411883496,0.04163657399024872,0.7942014802497626,-0.37882100243904393,-0.7534658729117234,0.8764067299895608,0.8782924334928557,0.6411795731087371,0.6934072637169535,0.6468710123097607
1951-03-31,-0.5499241067816493,0.6685695733541706,0.9104686469727692,-0.4844157546973671,-0.852054748650964,0.955308318739384,0.9459648469403255,0.6924789377593152,0.7446565587438336,0.7062485355395185,-0.4772660061341354,0.6379379546369243,0.8525998730414591,-0.4461422440109405,-0.6996590514999068,0.8754175454692662,0.8879084331107011,0.6554406131243796,0.7004754628147457,0.6439349526722266
1951-04-30,-0.32669352407504443,0.9180656831572848,0.9301217641834293,-0.5647403246665973,-0.8796966669747753,0.9489008562756082,0.934163956597312,0.6901246051486419,0.742757485726005,0.7054409780740837,-0.21480615825857158,0.8373398383973069,0.8698151640951933,-0.4217544098195438,-0.7394908578158349,0.8645131795172626,0.8591446782463726,0.6524064725666415,0.6947992522398797,0.6476010895598404
1951-05-31,-0.4842309581835526,0.17851078254370198,0.9430199895654496,-0.6640794281642004,-0.8490192280088134,0.9555272603759244,0.9465291214463818,0.6801490183332872,0.734340720345457,0.7018336076958029,-0.3868951773762329,0.15019278402565012,0.8736197993348512,-0.5387601343000771,-0.7248090741691998,0.8755645158165558,0.8813156978866447,0.6357755270422237,0.6872195253715422,0.6356140697088645
1951-06-30,-0.2449957218273874,0.9383050643305519,0.9361455398774315,-0.7395804641002862,-0.8289320613060467,0.9573945382080153,0.9353061689916466,0.6748241098049337,0.7259582382307355,0.6951649034902829,-0.22329498708602427,0.8710278462124549,0.8688389179514262,-0.6189822345049197,-0.6781580951920151,0.8760492999500183,0.872812679877066,0.6408279812849526,0.6824490264199149,0.6415916055408398
1951-07-31,-0.3224046124085411,0.9320717315432654,0.8063445150536536,-0.6468610379928126,-0.8476693266838309,0.9476614522286542,0.901190304493787,0.6763563888038329,0.7284222121814699,0.7028148107399752,-0.19905891754258934,0.8520157117468419,0.7714888917929672,-0.48159289272323524,-0.7288729901617628,0.8630864726341627,0.818693432029558,0.6402033437391526,0.680712160570736,0.6463372896611417
1951-08-31,-0.27817624131819585,-0.1127274337155281,0.7644908229206354,-0.6848069034935833,-0.7715362447841018,0.9622521253453463,0.9288974035074532,0.6676289386903761,0.7220011872783841,0.7024868435000734,-0.2525491113477027,-0.08506245115635565,0.7168427628266589,-0.5812215001189693,-0.6505133106490067,0.8842154377102174,0.8700633390436018,0.6189267777481003,0.6738162300578766,0.6349233001745348
1951-09-30,-0.623651158070505,0.3093436236280858,0.9337078564088456,-0.6611305869325664,-0.6538155405535304,0.9581407486794882,0.9196221207633388,0.6650890634041913,0.7210044026267548,0.6898770887792534,-0.5514977146752753,0.32709601829508966,0.854445208688846,-0.595034965154246,-0.5290824128170651,0.8769223859637629,0.8683917380175142,0.6264919627525992,0.6750096083523566,0.6255646177370643
1951-10-31,-0.8020101149062274,0.7473054198736404,0.9539502937258366,-0.7152061998178829,-0.5639373273026899,0.9544302383245462,0.9129138096105223,0.6866256181941663,0.7339527200556031,0.70680045286898,-0.6296038014159846,0.6849983950771147,0.8846949387032629,-0.5844359771367945,-0.4867424544292042,0.871876251508549,0.8483556701131305,0.6431231444797819,0.6827294514116451,0.6414413974449547
1951-11-30,-0.2558147667438457,0.9475957578881419,0.9082206018428524,-0.8038353599199836,-0.5692372413755543,0.960856370246152,0.9126623679786513,0.682907759703936,0.7276391996594255,0.7046573234465973,-0.2108844105034746,0.877250381933193,0.8408105819194294,-0.650945134417707,-0.4834364881120056,0.8808263327539257,0.8487595070773833,0.6462990957402464,0.6823025646354023,0.6530343673094169
1951-12-31,-0.4580242447413626,0.7505578645939092,0.9538269107498499,-0.7941896532529095,-0.6051844371966649,0.9585101274536195,0.9162651203140023,0.6845445124051203,0.7286737270110345,0.7142471520106594,-0.3607714264501592,0.6845408793109861,0.8838420147740293,-0.6383760109495792,-0.5249602922030552,0.8781607159953362,0.8495045593287007,0.6451173933297278,0.6825030121007061,0.6554367692403351
1952-01-31,-0.7092741288827257,0.4435569430315661,0.950285899263803,-0.7822321649036281,-0.5085690480438974,0.9566466920331829,0.9251732280363973,0.6818476034474936,0.726735277853177,0.7119442086619914,-0.5853019221060847,0.42298976934439925,0.8826047783268873,-0.6552223042145029,-0.42187974609827805,0.8758670473412011,0.8663209556380556,0.6367080440406323,0.6775733339828656,0.6444541096923317
1952-02-29,-0.6042185206256325,0.6777545757690211,0.942019026806403,-0.7569331473063061,-0.4434711022651275,0.9581943182621715,0.9209760929177688,0.679838271511493,0.7232521029683281,0.7069482838060537,-0.499278030990842,0.6314240743340808,0.875072857179909,-0.6294443571273802,-0.3707929300559513,0.877316387571533,0.8608226069502655,0.6405229248915618,0.6766068073020987,0.6470594018505559
1952-03-31,-0.5066396323606198,0.9476128702657022,0.954638305016535,-0.7969150925942471,-0.49674849409417554,0.9587975803076798,0.9100630096282005,0.680258950965255,0.7245367453600264,0.7098565361960212,-0.38352737519924696,0.8740351684604836,0.8838131870685034,-0.6308246070702214,-0.44768051373149215,0.8775312411776371,0.8393553803274977,0.6416163931131601,0.6763197639425135,0.6525479270043758
1952-04-30,-0.5652024187454068,0.2660268217205254,0.9505684545466512,-0.8078300322927373,-0.46692643964886227,0.9592636252972889,0.9349063468116997,0.6840287449092622,0.7289112023700107,0.7170944698555047,-0.4571563494490525,0.2376564303249044,0.8821372445075848,-0.6560972657748394,-0.40977243027412236,0.8802368010395536,0.8703835681394283,0.6385224376634087,0.6810764292169178,0.6523305269110362
1952-05-31,-0.5063524916212376,0.9346352449913747,0.9505112674134634,-0.7794547919194678,-0.4826560733430914,0.9583432291470028,0.9130053938185215,0.6726400701134309,0.7223904564121203,0.7063312556471851,-0.3933790863638109,0.867030977018186,0.8808966367332619,-0.6240525864324967,-0.4296944398190439,0.8760649765512686,0.8439695253210485,0.6348556017106599,0.6753737153413001,0.6485341201983005
1952-06-30,-0.6275250300631058,0.442816137975838,0.9476981039508774,-0.7668611112994291,-0.44330170802854824,0.9587528343053608,0.9319575712426165,0.6755201038647014,0.7268974439047515,0.7101346693617123,-0.4983055090774433,0.3967897734649469,0.8793377413269641,-0.6210429395154556,-0.3929966858468708,0.8790484410046924,0.8669238545614062,0.6333760667516862,0.6803037715071425,0.6473381092514001
1952-07-31,-0.7685547369986733,0.38572896695451664,0.9467745524819541,-0.8051865239147361,-0.34654677609449647,0.9552889431287442,0.9373737776348546,0.6668067519030269,0.7147994244940171,0.6982910052320269,-0.6413557827611408,0.3928624803078472,0.8726624579204726,-0.688329341908421,-0.26287576442882615,0.8735125662970881,0.8814084089481159,0.6231782263251274,0.6651477956552524,0.6320527422864891
1952-08-31,-0.7426425830117812,0.7325156995399479,0.9518535453333314,-0.8322385911831025,-0.3148071843257516,0.9560153999803354,0.9349821330521471,0.6792616617350944,0.7208124006161436,0.7088382328199512,-0.5883399442585255,0.6751512783806618,0.88182255428432,-0.6771701684019147,-0.2717481924795409,0.8742837330049337,0.8711819702379028,0.6370428745774231,0.6711297406873437,0.6470641780078138
1952-09-30,-0.789855530519053,0.8671424656095468,0.942630591050992,-0.8610097005219715,-0.3236080513563218,0.9549621821934997,0.9259285170561158,0.6758870910228738,0.716856697395788,0.7076600877149786,-0.6132361665830983,0.7980105466166214,0.872433694835387,-0.6936924660714736,-0.2887578045469412,0.8723134317459209,0.8600345759788894,0.6332753096618902,0.6662212182668024,0.6455663425654623
1952-10-31,-0.6738110784974894,0.9279420492819632,0.8609720026068559,-0.8798179073884569,-0.38115515582882636,0.957398819650422,0.9181751123933521,0.6680538874368167,0.7109094404656437,0.7023764359106766,-0.514086121122794,0.8529271893170767,0.8011368731863631,-0.7008579667818504,-0.35596862289184844,0.8746041051856754,0.847257125988317,0.6265802861204051,0.6604242728603649,0.6423832938010803
1952-11-30,-0.39493089331946263,0.8527156724004743,0.9529446039770214,-0.8687374847853011,-0.4247882202620793,0.959522574746713,0.9325829051909224,0.6673599515708147,0.7121308741148539,0.7044316782661136,-0.3033246389210804,0.779928736121058,0.8827806402398084,-0.6908010336236516,-0.38135713587966236,0.8785638084487347,0.8639972800741768,0.6314391329975758,0.6679120496422152,0.6498530228858413
1952-12-31,-0.6873748258324471,0.06622278274538217,0.942465532063364,-0.8353910723638832,-0.3395746767166608,0.957107985971604,0.9401088658199229,0.6731132300993018,0.718635658151393,0.711485424405132,-0.5789309040339043,0.08977507409569033,0.8787103445011609,-0.6985478462702621,-0.2731471610947993,0.8773676502967135,0.8812693766238934,0.6240873585670951,0.6690316194043927,0.6414876804605049
1953-01-31,-0.8007357274737285,0.5138626591790527,0.9348742954651058,-0.8165761026029384,-0.2625978380756625,0.952549838364746,0.9420051645627275,0.6696180503620018,0.7140921994855017,0.703559994567526,-0.6489253260667546,0.4954189197057258,0.8724035647845898,-0.6850142576425913,-0.1996514719450568,0.8699249298676552,0.8825471254222992,0.6273035512208354,0.6645803126606644,0.638274298935563
1953-02-28,-0.6889395717300321,0.8416585662888441,0.9293711346453051,-0.8305674707604883,-0.28747014241213353,0.9563833783609198,0.9464300429130793,0.678542741185607,0.7174727844538783,0.7091532594089359,-0.5410241834402185,0.7736769412372013,0.860817376312208,-0.6699022175476078,-0.25531375934290007,0.8751368396409894,0.8810029717272586,0.6387060544452252,0.6685155364555456,0.6500042671698273
1953-03-31,-0.24672934953798614,0.8187771404314623,0.9050739519800206,-0.8578590140944518,-0.3553815834758121,0.96014896169561,0.9452299559662558,0.674073821349713,0.7142495357172944,0.7116697978817741,-0.1639911760909605,0.7373710514736326,0.8458477500473338,-0.6709441952623849,-0.3397984075194344,0.879488545886746,0.8737197077037987,0.6373346893279002,0.6679988322045877,0.6601228031578247
1953-04-30,-0.5199532650393249,0.8988131427032442,0.9552297183293808,-0.7989077112987777,-0.34987406751064243,0.9583641040288216,0.9456988230259411,0.6783198037917864,0.7235091775311044,0.7217024515493531,-0.38913333768576563,0.8222018052345794,0.8859003830799093,-0.6281492807828273,-0.3295610814972097,0.8766045843625194,0.876082023910107,0.6430053377669711,0.679179433536766,0.6646966667697769
1953-05-31,-0.29131021098324955,0.9502158362461623,0.955810290529959,-0.7423869510617689,-0.46952449197884316,0.9585046840785016,0.9472734636262472,0.6828908548509729,0.7285799532634858,0.7219119880594282,-0.213701173461075,0.8767319158130823,0.8856627848644218,-0.5855699580785522,-0.42194288952740644,0.8770829926097032,0.8780327287670777,0.6500063562498715,0.686838569327787,0.667845167497843
1953-06-30,-0.5960912642866659,0.7480183093384589,0.9495337461083874,-0.6658971974418066,-0.4703965932494376,0.95721564078274,0.9486474802741603,0.686079849260023,0.732540370318708,0.7211379132045929,-0.46206312605416633,0.6804594993882291,0.8816884338315757,-0.5330725365221184,-0.42022523517736754,0.8756205876867659,0.8813713609847594,0.6500698543556237,0.6894118890160886,0.6611810205777623
1953-07-31,-0.3674704614636396,0.9194565116881587,0.9356280421324606,-0.7371307176333021,-0.5597990837444698,0.957550934347324,0.9411968235726259,0.6875141438302682,0.733636224254761,0.7180233721720329,-0.2896953391953944,0.8485817887887341,0.866900951940738,-0.5933739706974459,-0.4858553358159149,0.8761772504435232,0.873609522151934,0.6519396735376648,0.6907534679287197,0.6620800007565502
1953-08-31,-0.5963052949128391,0.5447028847624314,0.9546953633359206,-0.7148690166764734,-0.5278594687294288,0.9582881310111498,0.9235636502797181,0.6853538284783919,0.7339647608488512,0.7156423945017146,-0.48063379284929625,0.49897476572187094,0.8854829356475844,-0.5868897407609892,-0.45688005670041665,0.8779414111515619,0.8600979964717422,0.6441957352573375,0.6883871128319267,0.6527245954111055
1953-09-30,-0.533345294678533,0.9473513111685197,0.9496722677143932,-0.7681856592878438,-0.5442891418016406,0.9579207430536079,0.9013763659152456,0.6813616550612938,0.7290017748636342,0.7110933098905925,-0.4258072912493465,0.8769647511960448,0.879068211616661,-0.6249118702123706,-0.47120778476032543,0.8759483419671639,0.8360795710748106,0.6431366967079821,0.6828110505182774,0.6527815897012166
1953-10-31,-0.35301404444361184,0.7685069233360943,0.8995683636277364,-0.7405886707890192,-0.6420554750091976,0.956356861989116,0.9077231675017089,0.6788801306415227,0.727767857811375,0.7097646760242892,-0.25318722759119744,0.6904230552749586,0.8418634432836655,-0.5794487029619387,-0.5711180289748468,0.8749410795016486,0.8340368265357543,0.6429118230112361,0.6832127915188801,0.6536003597274427
1953-11-30,-0.6076084269578061,0.2494121533709705,0.9400083918833952,-0.7615294709681515,-0.550246962957069,0.9587598962061712,0.9030566126257711,0.6791599724874733,0.7263499406031415,0.7102826680034844,-0.5161303004048307,0.24897003189311617,0.8668833745834863,-0.6429561128493732,-0.4593037410475155,0.879043888198664,0.846977414264133,0.6328112333044591,0.6778826419923457,0.6427098706650195
1953-12-31,-0.6779120502246738,0.5042655362206949,0.9172927826696061,-0.7655212755850664,-0.49955175161470117,0.9578496543307021,0.9096752807062748,0.6782437779828557,0.7251882248995584,0.7062267527109786,-0.5617315765585169,0.47797700092173007,0.8420445941588176,-0.6438094371372446,-0.4178291121770605,0.8765778042389825,0.8517650354094609,0.634844121103673,0.6762728282287528,0.6413444888456626
1954-01-31,-0.6926281005638669,0.7980565935454436,0.8518184212318092,-0.7759637645686843,-0.4868817437928443,0.957280459517851,0.9082193106071164,0.6802193533751437,0.7254321869113993,0.7079533656435482,-0.5359772369376725,0.7259432134980014,0.7919580952858124,-0.6218142637008134,-0.44034462500156374,0.8748711427548452,0.8386410920082228,0.6373912562137811,0.6746279694563204,0.6455463898354639
1954-02-28,-0.6614659684180066,0.20200023887509194,0.6729667791469143,-0.8444843368047776,-0.3963235978516272,0.9572868020034835,0.9188142570028464,0.6728423742429637,0.7212637006267448,0.7071765235647447,-0.5601864173212584,0.20900999596911532,0.6446386914415176,-0.7080468546951806,-0.32488251742398966,0.8771778844805111,0.8633682576729886,0.6195424703927416,0.6688904909832638,0.6389173376999318
1954-03-31,-0.7610797012858191,0.6673294455781034,0.947222138408498,-0.854249903113915,-0.3704228079437165,0.9537174834102442,0.9107699373130429,0.6616106760834144,0.7068282953402141,0.6989647264997145,-0.6298158831987279,0.6396662609352972,0.8771317082578871,-0.7153501746197826,-0.28718110504575994,0.8713030287427561,0.8580563226490798,0.6215515015781301,0.6578946357031901,0.634928634923688
1954-04-30,-0.740890735416656,0.3935894667204293,0.9317395303153639,-0.8567315635516612,-0.3645392047737276,0.9566384901915641,0.907860478653838,0.6826531395436344,0.718407039910056,0.7116752228819729,-0.5819714652476904,0.34412813301232986,0.8651938610416483,-0.6896267522865778,-0.33245208489152395,0.8765726605728447,0.840466567320686,0.6356450861970296,0.6670939358591238,0.6453684904643707
1954-05-31,-0.5198110998945124,0.2923641590089193,0.8239659224148054,-0.8615705713696463,-0.32551470630587775,0.9613173707999804,0.9149550437435464,0.6753576910019633,0.7142250489741927,0.7085501503478496,-0.4139383574717227,0.2532238277779326,0.7631352431792786,-0.693386025561813,-0.300053727295293,0.88185808613497,0.8475547455481484,0.6294273457407861,0.6640581284218935,0.6466998867418116
1954-06-30,-0.667105413387454,0.4803445374529839,0.9115959795960904,-0.8466850380474837,-0.242007381612108,0.9576969569926039,0.9296902278856793,0.6780989653551379,0.7206489284255149,0.7158082733931719,-0.5396783265482006,0.4437856232197354,0.8482723695003848,-0.6904588206356831,-0.20635817768386877,0.8776768649715113,0.8677412799239407,0.6343694806242809,0.6723611401928983,0.6534703376101901
1954-07-31,-0.44766455412852896,0.7208340435926304,0.9380624501056398,-0.8335560659667399,-0.2528443917806026,0.9604422335054075,0.9279281796569789,0.6817293625840195,0.7214406195988696,0.7211463236314621,-0.38257010791040685,0.6730471260453155,0.8719801203353975,-0.6828084522589166,-0.20534370505427993,0.8808367305728436,0.8678533036659911,0.6441674360321975,0.6764499771682028,0.664960637535929
1954-08-31,-0.5887166953473055,0.19872874818185832,0.952783816987871,-0.7755253180452623,-0.18924841247755175,0.959616008565446,0.9221439972714441,0.692308569923802,0.7289214738821291,0.7302259450412604,-0.47048691579360835,0.17275216662029075,0.8844156402656392,-0.6270606640188494,-0.1749698293138251,0.8813931225278367,0.8570635212499834,0.6485529606120882,0.6825629053089254,0.6677964931186314
1954-09-30,-0.34371406520437686,0.9439756681751699,0.9321847868805613,-0.7866114884460516,-0.17588435367228564,0.9618093367840312,0.9095450768924449,0.683963152768545,0.7280669470880896,0.7218921909813958,-0.26809396258760665,0.8709300763330873,0.8606515357637196,-0.6262223412626761,-0.16515071855554522,0.8811966194345439,0.8421156587224491,0.6500986424319871,0.6836774303820009,0.6706791371033248
1954-10-31,-0.5340642011948513,-0.03354264642822784,0.9136464152916443,-0.7223811171359269,-0.13867363458150184,0.9609158599905037,0.9257164604697099,0.6963136442217703,0.7363904960885441,0.7366286221698684,-0.42047768683193265,-0.04573003887284031,0.8511326528092031,-0.5785825632511802,-0.14152999129259816,0.8831312844055306,0.8584114179205098,0.6511020526324638,0.6899183248289509,0.6741449995952695
1954-11-30,-0.6239295056841184,0.9165771919100528,0.9471697120015198,-0.7443063019005439,-0.13381565209580593,0.9587965497488219,0.9149292869341851,0.6831000394825756,0.7304741052980318,0.722172426518327,-0.48438684978479507,0.8445147996807191,0.8766831779086134,-0.598040621576653,-0.12811512366848612,0.876334962889722,0.8474326991604418,0.6468105802217975,0.6843645005561033,0.6652174426812044
1954-12-31,-0.3427013276906545,-0.47160477954039487,0.903325096567546,-0.7492549669865308,-0.10097149772811975,0.9617227540071328,0.9285186523763923,0.6919934561318929,0.7361101440350456,0.7303247035394923,-0.272729038460315,-0.42349670335372214,0.840694281062291,-0.602626446170709,-0.10627111157798715,0.8853768779699298,0.8619847146339281,0.6422552714003901,0.6888289766910822,0.6670096122420355
1955-01-31,-0.1841442193220907,0.11093493223714013,0.9224160511304371,-0.7547120198916101,-0.041209324873939294,0.9631275672989948,0.9353396099273189,0.6806203625048094,0.7305277346220008,0.7243892788959297,-0.1642528081472583,0.10992911255076229,0.8516678051568429,-0.6161022929947351,-0.030336973285527376,0.8849466840106714,0.8716737183190215,0.6424289812349009,0.6869063358773753,0.6711758348136414
1955-02-28,-0.04072114973595371,0.7553206801872432,0.9442994948136665,-0.690724446448932,-0.051230003992934245,0.9627473507992705,0.9396687527843377,0.6959969471239031,0.741726589338298,0.7430028084249416,-0.035600308233643414,0.6942808667929344,0.8746102959464528,-0.5581397541964411,-0.04528149684885069,0.8837386317775363,0.8740019633954034,0.666400598235004,0.702625890502376,0.6967986994127654
1955-03-31,-0.5386084487217343,0.4767977610020734,0.9476710449921696,-0.569288302660409,-0.02247759964206735,0.9606339948729105,0.9386807690350957,0.7107772697050673,0.7519063522274997,0.7545578921367281,-0.4326499216966299,0.4355105845842474,0.8802727087621554,-0.4711734105683729,-0.021544159516384078,0.881765147999748,0.8751990146029204,0.6750509717323648,0.711433803017233,0.6973862567927552
1955-04-30,-0.039017285099402436,0.8184459497791157,0.9551197914729423,-0.6062211127832344,-0.09332635116312962,0.9624888382401495,0.948298083422132,0.7047886150850091,0.7475131307852934,0.7438890429264127,-0.020430365909793694,0.74711055754039,0.8833921816349009,-0.4814674807899342,-0.09295533804216619,0.8823668932704611,0.8796732449022096,0.6750701003644723,0.7091835086588443,0.697910573437156
1955-05-31,-0.5654940614681265,0.45485336638149226,0.9560173212911875,-0.5798170331774088,-0.07389129237399727,0.9601806799089064,0.9486479871947237,0.7119024501108105,0.7552315660042769,0.7522867259883091,-0.4413933659188016,0.40490257634721166,0.88767135833248,-0.4668330992253466,-0.07846188583035779,0.8810677166340377,0.8828862552751575,0.6749017927409691,0.713736622858357,0.6952650897925192
1955-06-30,-0.5279435530404751,0.7184987612164214,0.9358804900322758,-0.6918915014830797,-0.13312462973405587,0.960295843311563,0.9491623970273969,0.7018485979356713,0.7454552314890327,0.7384551450739075,-0.42200962217354454,0.6602718567023592,0.8657760748124569,-0.5643604535933475,-0.12075112209819193,0.8794795166576397,0.8834344208679745,0.6641673190592314,0.701111133459591,0.6817319502743464
1955-07-31,-0.13084530107543735,-0.07002815198498873,0.88962246854167,-0.6800367749570184,-0.09472761829130653,0.962158797248932,0.9506396017298901,0.7012279694536341,0.7437395288482278,0.7397326248830514,-0.09077482969609259,-0.07774900519308503,0.8295830783876159,-0.5388289450763761,-0.1024946679065763,0.885169028798626,0.8831630144852818,0.6601095681975946,0.7014898491859547,0.6853863768575035
1955-08-31,-0.10279594465260346,0.5941209198261906,0.8378661076033965,-0.6928987960999861,-0.024956004618434044,0.9608174822409538,0.9462351485807504,0.6978756022870286,0.7446601178921389,0.7414378032514192,-0.06439967791757084,0.5292000150932713,0.7805180787253475,-0.5454824384067827,-0.04425738195219539,0.8807185003224495,0.8765003747442573,0.6641211941520414,0.7033258944826509,0.6933175939055506
1955-09-30,-0.34099108359704927,0.7876176961206887,0.9091899451803062,-0.6077623009108206,-0.05067491200372965,0.9622974181383827,0.9517102503968734,0.7048617860213305,0.7510963368634406,0.7503798081506489,-0.2653900694172491,0.7203996915236818,0.8397881005950607,-0.48902415524631565,-0.05718351948291261,0.882851274822659,0.8854699050574574,0.6736581550469835,0.7122911033438318,0.6990811730263816
1955-10-31,0.32144764295767,0.8393046870687693,0.9090790894577108,-0.5769182743490328,-0.00692399207016728,0.9613994307131541,0.950797567627746,0.7077078867165321,0.7509577708263493,0.7478641566412645,0.25864880233796406,0.7772953174253122,0.8428135434952254,-0.4779294739137909,0.0076219074554185985,0.8813150742223071,0.8842043265725444,0.6823402020928243,0.7177317623375131,0.7083035048530925
1955-11-30,0.01551936558963741,0.9467882011939394,0.9444853792720121,-0.45596234505788513,-0.16628904354780802,0.9599720344153223,0.9306777650723906,0.7144616085740855,0.7580938486790915,0.7611650328033676,0.056642119736168235,0.869407492417576,0.8799831188491017,-0.33552834297579837,-0.18368356465916666,0.8789194647355397,0.8556742403208589,0.6883039430205183,0.7225774622990154,0.7166764598575172
1955-12-31,-0.13890850063507332,-0.12395074429340706,0.8226418049543253,-0.45211787637636086,-0.035427724009639255,0.9654780954590937,0.9540169404874276,0.7125265168453166,0.7597501722798993,0.756512774859405,-0.11346158444431234,-0.11054136391149755,0.7610638172420486,-0.3710088832537565,-0.03493165056505598,0.8898240640822211,0.8900073510942709,0.6757775646351142,0.7228885504279535,0.702302396893899
1956-01-31,-0.4649061724121742,0.6619178826995785,0.9261678147104174,-0.41392071882471804,-0.05946744757672522,0.9616336731757441,0.9493473731865624,0.7075852874660008,0.7561819754825881,0.7457727283718808,-0.39260111198658343,0.6201490857402492,0.8518776132308232,-0.3691971441845076,-0.03835029931318417,0.8810005197048247,0.8863631554006826,0.6776073970647731,0.7178863528678552,0.6936495724711689
1956-02-29,-0.30189872717993116,0.9543096377357596,0.9580826719096605,-0.5567087724081923,-0.15336666400785556,0.959979212654795,0.9309371608616757,0.7062093587387333,0.755203102594564,0.7441997001611973,-0.1821767358879513,0.8778393011309016,0.8858310162468752,-0.4026457985859476,-0.1905149068829469,0.8781048625505419,0.8543655139405641,0.676216038491039,0.713932747074457,0.6945663516902636
1956-03-31,-0.3673257113376671,0.3716728204294799,0.8872440783618984,-0.6484955543247269,-0.10061555538303443,0.9631930796907365,0.949111286911737,0.7040594145920244,0.7536401059683727,0.7401768165353267,-0.3160929044100054,0.3515639700483917,0.828516379442389,-0.5442628271087274,-0.07710458302709677,0.8854252213813355,0.8876219863637286,0.6645516468512042,0.7117153649801021,0.6842431936007717
1956-04-30,-0.41229747068412237,-0.07096644129042458,0.7119795445934649,-0.6907155799611067,-0.018007551599093622,0.9632188453646799,0.9456937815606612,0.7017330749490049,0.7466046719422188,0.7396186980014217,-0.35584980067391264,-0.049494613329897436,0.6444616987252734,-0.5795318989026226,-0.00987819166713682,0.8855975145126465,0.8826335165763883,0.6564858773102553,0.7006932940249211,0.6797989140950493
1956-05-31,-0.4584983920141689,0.7620303326436105,0.8421541664096905,-0.6514967821291389,-0.018775091969216444,0.9580182742376879,0.9443213802502988,0.6874642119681367,0.737367094304308,0.733790666907653,-0.3118715044784182,0.6697526846303781,0.7987838197571817,-0.4850329963739499,-0.07290967024899336,0.8741786674459502,0.8695727566482956,0.6538849209328168,0.6928610619949085,0.6801625351140119
1956-06-30,-0.12287869990141648,0.9311844307829223,0.9332861404496472,-0.6826310265903772,-0.06258921855740224,0.960292255285562,0.9390458499182173,0.6981844138200146,0.7466487438870466,0.7360198280774841,-0.05491370072030519,0.8689667262388994,0.8559500925755206,-0.5205958035990789,-0.0996112336300691,0.8787977009523531,0.8663115907416938,0.6687993301511468,0.7076292348589364,0.6910636859840669
1956-07-31,-0.35906680464105345,0.39759607816425757,0.9561914313733536,-0.658737837267326,-0.0208592027951368,0.9613838846955239,0.9442158961192307,0.6992803479885398,0.7478645820501587,0.7369597816098835,-0.29626284508887507,0.36561635478261606,0.8873476957287734,-0.5407950178884677,-0.018482221990707644,0.8830476089641668,0.8800556461637883,0.6632103455964566,0.7073399711020067,0.6833000188801412
1956-08-31,-0.6517622302603748,0.21262351764420304,0.8538807132650225,-0.6645949618350849,0.09870617758575721,0.9599160307177047,0.9419591111711713,0.6977789369123152,0.7420957979756359,0.7357280061661186,-0.5347165082040833,0.21126177663768983,0.7787956214958465,-0.5635314254789785,0.10115251975391826,0.8802152782940964,0.8799229876622814,0.6559299486343346,0.6966849877460184,0.675143075471768
1956-09-30,-0.1822566303885482,0.9583448803678725,0.9299293141494875,-0.6880744834161691,0.07842034966310191,0.9619053608769161,0.9355858509587054,0.6927169429160784,0.7399614606661638,0.7314951142827215,-0.11486397148204133,0.8833600355939742,0.852997840616485,-0.5308042650073614,0.03590086050652684,0.8802022211411523,0.8632860155899761,0.6628401646932488,0.6992333759761414,0.6866983440645155
1956-10-31,-0.1412704580755351,0.9370028506635008,0.8653171809305923,-0.6696500920233689,-0.008705675913232467,0.9551856162108606,0.912858835172467,0.69427620431893,0.7418840167156217,0.7379325343811808,-0.03319605786026248,0.8786459336458501,0.8255809413169972,-0.4841752884768982,-0.08398579033741939,0.8701984534565129,0.8292648896785256,0.6627187925365795,0.6982217884893792,0.6950147001786166
1956-11-30,-0.2096789342486931,0.7448166321949737,0.9549361046557877,-0.6521215578432192,0.026178736979351743,0.9601070150497474,0.9141417248925637,0.6905174599022134,0.7397426537425499,0.7410902711846182,-0.14312972842025665,0.6705654423989372,0.8867345039946566,-0.5074679050916993,-0.00352013552478993,0.8792999510685995,0.8423211066198164,0.6632507058577002,0.7034020199593338,0.6948201430529846
1956-12-31,-0.19067341635896393,0.7661583601568859,0.8343817048577943,-0.5741128860760512,0.02002553142436198,0.9613024095481894,0.9235701130825694,0.7047043746828964,0.7489902896241994,0.7457187932663,-0.16488801760986163,0.7091560116905783,0.7655838738973236,-0.47858381704549297,0.018068329859502713,0.8809477749290574,0.858332242557997,0.6755843187261071,0.713386320801585,0.6997138459371771
1957-01-31,-0.41062884884441403,0.4387218592073631,0.9390774815432875,-0.56696586353834,0.06457477348622097,0.961075729144376,0.9086588242531627,0.7071435928206612,0.7524190902085218,0.7512941375398464,-0.3150214442389442,0.3856690104960933,0.8732676813179452,-0.45094505395846723,0.03825370467290374,0.881453456855314,0.8405294189104303,0.6732170447384961,0.7133849301288794,0.6985711624612109
1957-02-28,-0.42694893320696387,0.9601678982891608,0.8199221424422123,-0.6346782335008245,0.04491849208748575,0.9622188825502742,0.8737421213930734,0.7053589770076172,0.749454155784798,0.7454462683957184,-0.35482586683496675,0.8887806966807047,0.7645665877218972,-0.5325742905639761,0.047267391468034804,0.8810484053375165,0.8168095726683271,0.6720062325590863,0.708433356101295,0.6951750238591186
1957-03-31,-0.3820027072539921,0.9312812570282419,0.9299100993429338,-0.6598120151352127,-0.053280793678869995,0.9611975424116154,0.8220036902504652,0.707094287634935,0.7498144841730513,0.7452140199400753,-0.2840350996101166,0.8567541102960703,0.8647492127301848,-0.5197920229627366,-0.07315039762762472,0.8799391542015674,0.750770696247179,0.6723220796202337,0.7066157672200012,0.6956440548799959
1957-04-30,-0.7245632849834898,0.5962781465850053,0.9547340919358315,-0.7091366096553585,0.01513940601439857,0.9577812955067176,0.8583610599352157,0.6969982379473466,0.7416058823475421,0.7376305899077834,-0.5754962214996747,0.5538094150326891,0.8857088435156842,-0.587328194135087,0.02166609669698113,0.8768051930764326,0.8004229707351728,0.6553383301946484,0.6955002358836843,0.6782410089563221
1957-05-31,-0.8016119296380715,0.32359415326220814,0.88447754368026,-0.7818006152137492,0.06547272327086925,0.956119141888386,0.8659353479748816,0.6850787841606286,0.7281202113937991,0.7194325735455541,-0.6468843014034964,0.32601333379204145,0.802617100391931,-0.6626858559717059,0.08639954800790806,0.8746660680094259,0.8156492705595614,0.639339759124591,0.6788362124114823,0.6562155057686995
1957-06-30,-0.6534402974644347,0.4287595825463917,0.9302568974697994,-0.8390463084166394,0.11012117134563482,0.9589878176575383,0.8586462056367371,0.6860696099332911,0.725036803565659,0.7218651763481555,-0.5223924021649243,0.3928212425793118,0.8590921812378652,-0.6794809071092024,0.09709309454901255,0.8789496029176819,0.7983680171376645,0.6427770651927098,0.6767825297572833,0.6649105250564221
1957-07-31,-0.6857572555930938,0.8646422133090901,0.8795657608181762,-0.864715719447877,0.10776259084487637,0.958330968053001,0.8723461754030757,0.680957672452988,0.7212941147691465,0.7219721394595997,-0.5223327742591907,0.7905442557485731,0.8143256759307289,-0.686945535747798,0.07468203784181957,0.8757959787954719,0.8033835172864958,0.6399365309063552,0.6711090691253494,0.6667448058175502
1957-08-31,-0.6307924760528822,0.751720954915606,0.9462210607205291,-0.8593510751546062,0.14089818513281868,0.9587102762294856,0.8686733573274449,0.6804422622039671,0.7218061909999206,0.7240370299906304,-0.48724069111820184,0.6841242723390131,0.8764001518959565,-0.6838575424756694,0.11151761203654179,0.8775296906562474,0.8023557816839747,0.6421135721317416,0.6759124070570482,0.6701992575465655
1957-09-30,-0.08484766825311642,0.930508616452228,0.9482255021928161,-0.8264291281503708,0.005735710155030321,0.9615603133250787,0.8571638595300766,0.6757517776111626,0.7195738321052227,0.7219921351902341,-0.04014426421604248,0.8638366415928507,0.8792344203660922,-0.6434063382985156,-0.0255697272260958,0.879776747771938,0.7830635589123118,0.6434087633726409,0.6775688810879086,0.6771885659411785
1957-10-31,-0.18271816102994268,0.9059586955104776,0.5243835089989699,-0.7130653790144446,-0.1302675886070678,0.9552753166904626,0.7717891408707762,0.6697554619830419,0.718082386313647,0.7250676565792737,-0.04600072538535736,0.8638351987352159,0.5466804882132369,-0.5119243279234822,-0.21036616022991522,0.8679096658392964,0.6659062429997875,0.6366772051011993,0.6717394726712191,0.6775384858390241
1957-11-30,0.2545744650146521,0.95757407060928,0.6089118923027718,-0.6195310286715174,-0.20887663657897787,0.9571166636472045,0.7285311965978138,0.6882147452904904,0.7333297475343895,0.7372515930057263,0.2801472876117267,0.888232701845455,0.5975083495895064,-0.4531579018142382,-0.2440293495246812,0.8740457700637682,0.6348633057611283,0.6649236515478185,0.7008062750406887,0.6975847091599139
1957-12-31,0.06288411223457319,0.562942245205766,0.9271912173454122,-0.4742774157921082,-0.16243254988973402,0.9642594052851787,0.7076385988107232,0.6990658902213955,0.7478857645913268,0.7439829042224699,0.019327652553273133,0.5388512111105409,0.8522803790547732,-0.42359739675961827,-0.11536871704767429,0.8862041911421342,0.6680560120080355,0.6680559143032393,0.712187602826483,0.6953819689867843
1958-01-31,-0.3145138178784292,0.9613826649389374,0.8598671651550718,-0.4422644629288947,-0.1691357570633739,0.9647640863058831,0.5258175135802522,0.7187994591058036,0.7630658522087428,0.7572711668839287,-0.2695198312538324,0.8901416383415792,0.7878373490885955,-0.3862426272803424,-0.1456702268262635,0.8845229501472629,0.48512380884323436,0.6867578448443692,0.7258960292498227,0.7089622500360382
1958-02-28,-0.5272827867106321,0.2762569486251674,0.605166633179836,-0.48315563296606345,-0.02278175670053808,0.9625381405775545,0.5850832177559121,0.707940091583107,0.761451462774711,0.7473452270862458,-0.4563501396797517,0.27415391475246703,0.5826413649628217,-0.43433517044134023,0.0012422446772192618,0.8840900858722811,0.5586271925531185,0.6604220578893136,0.7165658599048816,0.6884836426211769
1958-03-31,-0.5493519793628633,0.9223508713487804,0.9444513530173407,-0.6482676923741627,0.010537398205343027,0.9592590027518596,0.6914252086628575,0.6923491442969011,0.7400966629740423,0.7311135832474048,-0.4915944972763116,0.8669856434763561,0.8811462556002808,-0.5825277605066869,0.05830271247726225,0.8774657393095059,0.6692186754732364,0.6610592612379398,0.698056003461319,0.681701948865324
1958-04-30,-0.6394501947794758,0.45425100289962134,0.9524151859604617,-0.7338040871110136,0.07283864603320855,0.959981040325871,0.7011806987320826,0.7161263187746053,0.7534035502039614,0.7494377244194107,-0.5008600877619166,0.40296876540269494,0.8851603011038488,-0.5903188114379835,0.051582463452383195,0.8816505334633322,0.6407110515993409,0.6723620989201133,0.7068587033752762,0.693462089262685
1958-05-31,-0.5443296746019152,0.48407028365170196,0.8933676604458438,-0.7952894129972661,0.11880448825202657,0.9619768808850135,0.6891819313996852,0.6988310711335799,0.7375931373969755,0.7341830622925789,-0.4567937764800286,0.45581412179617753,0.8189546716172086,-0.6580103927328208,0.11811886800168583,0.882748575064814,0.6449565933149287,0.6557807879691783,0.6903048144326044,0.6792692259211189
1958-06-30,-0.6907259702644689,0.5856317032697037,0.9500489643716481,-0.7936459648858738,0.20654570386363827,0.9572952533408939,0.7060086310134093,0.6984402418594088,0.7358931201089903,0.7366531449857509,-0.5474697233028221,0.537825299526168,0.8809520843046709,-0.6468175497372007,0.18505999791870026,0.8772247099936162,0.6547440680614417,0.6561254783808855,0.6888358513302525,0.680786179291308
1958-07-31,-0.5820039954903057,0.5140222363532388,0.9372682853184542,-0.8237514591983806,0.2808494334754093,0.9578011110312166,0.7592234571135439,0.6960673607114198,0.7318332876363098,0.7350702376862541,-0.4851005014548847,0.48617573862210967,0.8724399797778758,-0.6772595947858525,0.2675945276964171,0.878361275583735,0.7139417887854241,0.6548307848185279,0.6861229050903873,0.681490449822414
1958-08-31,-0.5905224108814222,0.31308105471393166,0.8986435750570108,-0.8121705738341896,0.3294170185219004,0.9572055054454087,0.8302558538784262,0.6991181073985617,0.7325859779106652,0.737991169378778,-0.48730167531109353,0.29885677368002767,0.8389563786437426,-0.6655577047200754,0.3066272098864939,0.8785573255455605,0.776834371682757,0.6570992310776522,0.687071212104392,0.6833246247153815
1958-09-30,-0.6211660930339262,0.6322283646355897,0.9431483583045859,-0.8165623327536659,0.3692460766604632,0.9575937822276177,0.8422098505649716,0.6959491359056795,0.7305763288531344,0.7359477896094593,-0.4922307238795317,0.5796970212205003,0.8743073282329563,-0.6575358614426245,0.33106602188348677,0.8774239070780068,0.7818867909833052,0.6575237919365782,0.6844127216019229,0.6831894453839376
1958-10-31,-0.6767077537278672,0.2663282603959132,0.911640618849935,-0.8038636031083989,0.4153104595791518,0.9558768662991738,0.8653754885721571,0.6992669100132082,0.7334186667049291,0.7390983780675361,-0.53698654145664,0.2457092307197086,0.8478864223415804,-0.6517298096330791,0.3747329937922447,0.8769481169607918,0.8050468277383036,0.6565065735717299,0.6873255460944583,0.6831658429622574
1958-11-30,-0.467499054477024,0.5524358465166254,0.9484657350851431,-0.8206203972795155,0.4430817985714088,0.959946518306439,0.8456459189792477,0.690281014058029,0.7268446303389567,0.7315638894903983,-0.37877463368573805,0.5059963371528764,0.8780951637807333,-0.6584360494289088,0.3983489312367935,0.8801705391743733,0.7850776183464927,0.6535992875036853,0.6823092656781709,0.6829253427072071
1958-12-31,-0.29088947355610034,0.47371291734817567,0.9484629672428058,-0.7937419889065862,0.45601251720455305,0.9614639092051993,0.8524069756862567,0.695587671858138,0.7316837695603675,0.7413230550987837,-0.2144613838603229,0.41289711630054543,0.8795265734300727,-0.6209403285369925,0.3910549007886143,0.8822036750441248,0.7821662430403069,0.6604103179684334,0.6892386425019418,0.6953560688529808
1959-01-31,-0.5257118728882629,0.17955142167580007,0.9402400003779792,-0.7452462396308583,0.4917997534275915,0.9596534283239067,0.8647997217884964,0.700060914890041,0.7391544652757351,0.7476584917794531,-0.4224062029360843,0.16532594558969985,0.8727773392491341,-0.6042136344065204,0.4430744353612227,0.8812064988117666,0.8035313359216004,0.6602511599634907,0.6957026368348654,0.6940550049716933
1959-02-28,-0.5940496457456889,0.7487575337578057,0.9525743140076155,-0.711204146866734,0.4904951448030927,0.958219727591475,0.8647857607327021,0.6942261139358878,0.7356473476035399,0.7385779935043455,-0.4577467401881421,0.6827916007164991,0.8809836698291558,-0.5707533601756631,0.43355955954069325,0.8763071379936125,0.7991570547099773,0.6594679427250261,0.6911335209594511,0.6882436733810688
1959-03-31,-0.3503109853463734,0.713231616879765,0.9498718619482193,-0.7286072897701302,0.4336287062656882,0.960477300805055,0.8573921692044534,0.6961333242255171,0.7369564368321059,0.7400679412853451,-0.2490636521874198,0.6339368963834683,0.881044830577283,-0.5632465755678357,0.36145618491570575,0.8794574381791288,0.782973117365155,0.6637559910481928,0.6950846755255772,0.6954986332001963
1959-04-30,-0.6384432015014276,0.7810343227211395,0.9465675667591232,-0.743320743443202,0.4386381543469304,0.9574829673385624,0.8712271389875604,0.6951584091202497,0.7381049850297575,0.7399984949413093,-0.48061077512257877,0.7091800752916223,0.8765911559855643,-0.5882891858470701,0.3784137716282991,0.8749955147194511,0.8019672808948851,0.6593151260553313,0.6936203243892999,0.6894361864269031
1959-05-31,-0.6440835993330584,0.3839674710434973,0.9319271551124451,-0.7720068656378226,0.4365050655184571,0.9580031265551401,0.9117853157117766,0.6917324449612161,0.7339953060196036,0.7345372857376147,-0.5040133162355042,0.3484582355319248,0.8616024757185725,-0.6224022644360727,0.38959384559424093,0.8771750885020093,0.8465149920838142,0.6516188287940246,0.6885046499787746,0.6802397140781846
1959-06-30,-0.6379066195438754,0.6283999925488715,0.8881870162250722,-0.7782207082268722,0.41000161862092277,0.9578144871852008,0.9194677357794487,0.6849789603633059,0.7278557000535135,0.7275705101881094,-0.48608842828553467,0.5653421200326183,0.8214758075260269,-0.6184257370576745,0.3537132167750152,0.8753023964208397,0.8501453725632253,0.6469268093816848,0.6815923018493826,0.6754061921836803
1959-07-31,-0.4343441557466556,0.823095103349068,0.9538364715920552,-0.8200227674204789,0.36135370608729434,0.959307253393893,0.9202599559075378,0.6843221260145659,0.7284368944430905,0.7293175110501117,-0.3215299373165133,0.7461993750892613,0.882120760440585,-0.6404946522265242,0.30010015283237607,0.8772567591199094,0.8489712357060968,0.6509209094505657,0.6852167600523889,0.6827375460361003
1959-08-31,-0.6552477575748974,0.4495442709180968,0.9235182386368357,-0.7922079812368061,0.41616325069439825,0.9576886378353544,0.9172299781986275,0.6885045939994641,0.7309402750378482,0.7331858741985633,-0.5101205505692562,0.4076428314900678,0.8534742664846318,-0.6370276302510529,0.3691640560724963,0.8766667416510339,0.8515688925307099,0.6487399442230405,0.685321334773193,0.6791123565923054
1959-09-30,-0.3446702268480899,0.8975482180976886,0.9088713722081869,-0.7889061615676789,0.3778416798035566,0.9594780149172037,0.8869214919490296,0.6817091348952002,0.7260666001033715,0.7275196916572022,-0.24581160969163174,0.817261589296954,0.8443915402941161,-0.6121334796357661,0.30949913687814035,0.876061247418568,0.8121305271155176,0.649114131903158,0.6829526444750899,0.6815159890764667
1959-10-31,-0.14969155529049244,0.9449604252735169,0.9401590672721181,-0.7208889565115766,0.2896740173580724,0.9568443579391468,0.8678815727246907,0.680330723346728,0.7284767172324906,0.7286228299793518,-0.040588122925864174,0.8812441987910791,0.8793673651239067,-0.5254254438601413,0.18902476105290544,0.8708594081431098,0.7783924751835185,0.6534127103704566,0.6883099659478562,0.6886023136930302
1959-11-30,-0.5678829696964679,0.6788622669676979,0.9557853085922864,-0.6966667903630287,0.35035108084806865,0.959056009046004,0.8764256654100854,0.6863373219868677,0.7361902848018044,0.7341644156471429,-0.43900568901837383,0.6186867989881986,0.8852647699888775,-0.5602557193782516,0.30600035779293416,0.8775990450107157,0.8109735019098404,0.6532280758923036,0.6948164683862182,0.6842937162859258
1959-12-31,-0.6447592677961788,0.6478760871405237,0.8005490459855076,-0.68903470822258,0.36013692981372203,0.9593137660361128,0.8804853748937258,0.690338144070284,0.7349314328110801,0.7301252764986963,-0.5139575464269358,0.6027888530288146,0.7265881721992059,-0.5745893364452339,0.32942065398679204,0.8773836636141837,0.8196728736151525,0.6535647174982461,0.6912553519250405,0.6776737129536855
1960-01-31,-0.7671313916609229,0.5543786526053708,0.9516628417352754,-0.745147041661114,0.4227237633443875,0.9554364256020779,0.8888578413488631,0.6881958572291781,0.7328472884305549,0.7301044981531958,-0.5876630332892148,0.5050930729078849,0.8820995298080666,-0.6023919175249001,0.37687621171170854,0.8732703682446706,0.8251540594756196,0.6483112547781523,0.6868964942812371,0.675512742229529
1960-02-29,-0.41352077061401143,0.8027915180183953,0.8056461010586508,-0.8427153809742227,0.37815421602070914,0.9610218325335541,0.8662982640760003,0.6862519715679732,0.7282245637442036,0.7264422080151017,-0.32582457602145337,0.7392139702778291,0.7424592752757139,-0.6725768770843049,0.3303108975237609,0.8796658676375089,0.8032458157670568,0.6487005215736792,0.6822944792151451,0.6799230920395551
1960-03-31,-0.3470292806878496,0.6832613629245379,0.9064115739329734,-0.8098761442580347,0.31763261523546926,0.9606206414069576,0.8401375881125008,0.6841220008660978,0.7261485947782922,0.7284363897222343,-0.24063420977187555,0.6018451037992899,0.8468993761476712,-0.6260384611783242,0.24933764575626136,0.8791389568575111,0.7631557072282978,0.6508576377264615,0.6826383077442767,0.6851231795059062
1960-04-30,-0.42540698321608406,0.9118447799885867,0.8919078066634957,-0.7667741228258033,0.2997728221949688,0.9600844466531329,0.8427329511736668,0.6906312886435024,0.7335981096551993,0.739367389812144,-0.3213641360106988,0.8367426491257481,0.8272660465176563,-0.6046758309571235,0.24879528929233488,0.8776419700679626,0.7716479115384758,0.6564511821048683,0.691381720278989,0.6896325158486868
1960-05-31,-0.4158322247098827,0.9066843316040045,0.757192999932428,-0.6759768897354209,0.2992618948655152,0.95690777176975,0.8329845986649974,0.6882745663332631,0.7338472259982952,0.7361509428629226,-0.27005297165402226,0.8191488520303124,0.7246272159288268,-0.503536836229615,0.21085261736551797,0.8709403114712487,0.7459335865214086,0.6568111829265414,0.6910611515942705,0.6899540179734017
1960-06-30,-0.694321424567122,0.43543021433739604,0.5669541661517806,-0.6861597837799729,0.3320875057944449,0.9590445037498043,0.8146579349318641,0.6932111325507135,0.7381516786113218,0.7338365237414557,-0.5230121961224452,0.37482320305913697,0.5312149395671208,-0.5442692025628213,0.2709217051977463,0.8760944293929391,0.7420710446496256,0.6524123011122331,0.6921902105162647,0.6798260290907072
1960-07-31,-0.6433263230205851,0.6042415518984886,0.9524471895551655,-0.776276309173738,0.4324609512437703,0.9580815414117602,0.8419451426672125,0.677652665693865,0.7246069774842084,0.72204575384595,-0.5245680857465566,0.5728761321972766,0.8812616180354038,-0.6453203305622341,0.40763947253794525,0.8761068993574712,0.7913336504150406,0.6385782012754604,0.6783764986708511,0.6696264302366548
1960-08-31,-0.42296097833121943,0.9435753404446933,0.9529936981913962,-0.8061994777047901,0.3776791995442428,0.9601215477227829,0.8288080576314407,0.6898504029036885,0.7326167347382666,0.7330664606823591,-0.33413447547351155,0.8714788734377689,0.8812180957312282,-0.6446102357656229,0.33144418592301383,0.8785375264512926,0.7669666114749668,0.6548474238791241,0.6884805462059046,0.6878900604323205
1960-09-30,-0.5587333099808672,0.46107424360539206,0.8359936908879635,-0.7958723290771841,0.38652684442646823,0.9596754387882925,0.8345277367107663,0.6914424703805612,0.732449540197799,0.7371934433062434,-0.41802368447303545,0.3968210625419729,0.7807125852165275,-0.6248054432689092,0.3211622749933736,0.8785505085110661,0.7616623145672244,0.652178178218499,0.6866012237261769,0.6861192114199148
1960-10-31,-0.15207436414355407,0.891737652326145,0.9408683403989764,-0.7624706436504467,0.30982168641625796,0.9597281911668964,0.8267966488551786,0.6807936371952967,0.7281946365876681,0.7279482097823664,-0.07214304977622206,0.8342370647689361,0.8755511532846848,-0.5779248471219057,0.22973806290750085,0.8754501669105135,0.7437549430856863,0.6487469920785852,0.6865822238924789,0.6823580843826657
1960-11-30,-0.2956021215589427,0.8406359742559172,0.7780905838604495,-0.6640969099200481,0.27786806671731035,0.9568525118435773,0.8012038331979938,0.6858009055326435,0.7352699685585469,0.7331680888397079,-0.1679250116795115,0.7465487645489652,0.7476959014099989,-0.48827488111766987,0.1863299352909883,0.8716985880089514,0.7109313816263296,0.6594698850644092,0.6951912757828889,0.6939631232690848
1960-12-31,-0.4545672622919694,0.2392027383609316,0.9548476122515697,-0.6781477430750391,0.3851629408251817,0.9612848608843314,0.859048243539914,0.6891184671232213,0.7342103311813413,0.7380438115158212,-0.3905811985818555,0.24077028636944425,0.8850487093432046,-0.572775439525175,0.3647761660848024,0.8820236939804535,0.8058791283119938,0.6508333602216791,0.6915172331270854,0.6850096668826289
1961-01-31,-0.6890759177722695,0.2517060627569088,0.9490058309679319,-0.6653902957464906,0.4266470501273986,0.9574187757491581,0.8737951150163754,0.6922367789985135,0.7374712808096373,0.7347055343741009,-0.5650820443330333,0.2600070972471068,0.8766572676755182,-0.5746483406108641,0.40795411312935287,0.8767756449269729,0.8224795227623999,0.6522729798031889,0.6926492420642499,0.6781575653095123
1961-02-28,-0.5461651753244793,0.019093624930724674,0.951626715847375,-0.7547787198569071,0.49377995650273077,0.9596245161942158,0.8595629081192997,0.700162860816381,0.7406314434016867,0.7394872404193704,-0.4411935303172517,0.024155322911687316,0.8828700913667273,-0.614545488901576,0.4459128945890334,0.88132858894667,0.7995464553621459,0.656326021069163,0.6942016392554076,0.6849301360986242
1961-03-31,-0.6246710796912622,0.41046718419963996,0.9502289247858332,-0.7886442842131131,0.549999215623991,0.9576402164037799,0.8501573571623174,0.693485591324959,0.7348796153869085,0.7349690661984137,-0.49323692497727356,0.3763020842709843,0.8806618756056941,-0.6376036272292129,0.49664869793052746,0.8774728126719227,0.7901136886388151,0.6533121008388343,0.6880361187998738,0.6835074915844097
1961-04-30,-0.6165448046170285,0.5023183470956923,0.9476735344707621,-0.8155034231570844,0.5931450705205974,0.9572611918524865,0.8497641108282952,0.6934428691530516,0.7324493120216349,0.7357679820334246,-0.48437388340697685,0.45916643911384825,0.8782087518109543,-0.6547496665567405,0.5353807087180147,0.8769451480859085,0.7887481698403305,0.6542291543588541,0.6861788662544981,0.6851664816436407
1961-05-31,0.08415253002869981,0.7844314994371525,0.9363009425693344,-0.7981818856235224,0.6042349607515003,0.9603590329679735,0.8596682310876794,0.6895982702393645,0.7292719709063448,0.7337003958275737,0.08120263725918295,0.7112327467493977,0.8616687208283311,-0.6208649151347247,0.5344236541467337,0.8786884911144119,0.7905994900470503,0.6615533650974708,0.6907060418842288,0.6989111115907534
1961-06-30,-0.6951435589572887,0.5680724469218073,0.8355172522550132,-0.7062085135507946,0.6362774282910205,0.9555160849096509,0.8784694717954289,0.7015148880056186,0.741497554704591,0.7485263113952922,-0.5372505456497784,0.5209635482367623,0.7757264225754709,-0.5752151956427772,0.5770985286190811,0.8747848408584561,0.8167199412500555,0.6653246643089091,0.6987507289009275,0.697974337863904
1961-07-31,-0.34365255134824424,0.9557183905722456,0.9514961469342477,-0.7150627091194498,0.591264030201843,0.9591632493752701,0.8725666381113707,0.6862376213481706,0.7294075451257792,0.7293393811675749,-0.2426330390123146,0.8780556575959028,0.8752681024674968,-0.5517662624747481,0.5092807495793407,0.8750066847959846,0.7968208131452145,0.6542695960987209,0.6853704372603214,0.6845652237902381
1961-08-31,-0.5533687652403015,0.4823178557974277,0.9519837646032878,-0.6522817540297925,0.5976611027120092,0.9576247904353321,0.8887123614884722,0.6887924300803774,0.7345046140251605,0.735867484503802,-0.3949960573526737,0.4054645712416357,0.8785098326717221,-0.49477712801563667,0.5110390736234267,0.8758774523472626,0.8122668531051351,0.6586124775324982,0.6946279176349208,0.6922702999735582
1961-09-30,-0.7037695891861626,0.5409114630146323,0.951974381034236,-0.7851469623216552,0.6460329673492674,0.9554353799734397,0.9046694395073679,0.6861294845547358,0.7304325515842612,0.7276011981032379,-0.5575854344899139,0.5126258130696689,0.8808439399580931,-0.6456507252477605,0.5992015763411244,0.8730053472401679,0.845476216702418,0.6475049503957627,0.6835910235893675,0.6758712733107296
1961-10-31,-0.31445154765474037,0.9265639294256525,0.8243803709856543,-0.7647179757858555,0.5824126492531514,0.9559475202109238,0.8733127828729914,0.6807199457183211,0.7265565100745517,0.7255147899054057,-0.18979766422794075,0.8397187701984162,0.7799743712819819,-0.5739772721235935,0.4807781192602864,0.8695371260871471,0.7880647385865841,0.6458460506854921,0.6797416358682212,0.681837034853573
1961-11-30,-0.5529126038375346,0.49734374334216014,0.8484028816902383,-0.7551112890382434,0.5908661916107978,0.9553553254002309,0.8656236118976155,0.6765309162303634,0.7251448918001009,0.7260348698961305,-0.3802727298772175,0.40793179714873806,0.8036268903538354,-0.5698237857204661,0.4934142171182997,0.8712986210507802,0.7829306378926956,0.6450851154665344,0.68288838925816,0.6819933011316911
1961-12-31,-0.726066160713496,0.27154617123250735,0.9038509215725024,-0.7795572091774672,0.649102540458437,0.9559643808343343,0.879689769974958,0.6774551012935994,0.7234819109803148,0.7208323900711873,-0.574148879716211,0.26646961513133194,0.8266436120433106,-0.6433577981752233,0.6002866234332885,0.8739888894395065,0.8222444251474353,0.6362117553441737,0.6762707602968632,0.6663807757574949
1962-01-31,-0.7254324901491292,0.8233698878418114,0.9522744120571256,-0.7835923080496536,0.639906043168961,0.9544326084405022,0.8911964535831292,0.6788428918304865,0.724007079645671,0.7204646992733741,-0.5488310042418714,0.7568116101355488,0.8796407511546321,-0.628504035814241,0.576136435185786,0.870354358924505,0.8261134804611635,0.6431283362206907,0.6778663589838075,0.6715769658240546
1962-02-28,-0.4511541716171767,0.9564359560780015,0.9541492076788197,-0.8359091315096857,0.5650661923068624,0.9567394861292736,0.8837436567726317,0.6779816043676937,0.7226908320112456,0.7199306754342977,-0.3095545711188797,0.8831027623128914,0.8799664456333683,-0.640567132489155,0.4748863914590604,0.8719793718860603,0.8052026795920778,0.6449161985573916,0.6772563994881186,0.6771267403410562
1962-03-31,-0.791031023340019,0.622797535374837,0.9530050442563326,-0.8285336615859233,0.5997561423332953,0.9536608772845436,0.9035859773610262,0.6741995398910039,0.721232414944988,0.7182281987659669,-0.5939419294010515,0.5650392450971599,0.8816694056691063,-0.6581815982224951,0.5365956612588498,0.8701795136895308,0.8363235805854646,0.6360353293813914,0.6746053593110043,0.6668131338061328
1962-04-30,-0.7820739353258981,0.8642826569318867,0.94797879101125,-0.8512003414105782,0.5935599882464345,0.9531015206134105,0.9040539870612715,0.666373157924698,0.7112396383210996,0.7079460916312806,-0.6014395781695318,0.8041560306291065,0.872679577181902,-0.6878680674992856,0.5492367787364401,0.8683929777885846,0.8432915376000769,0.6310420234060834,0.6645173421320005,0.657638056473425
1962-05-31,-0.3752962324955114,0.8571843113680762,0.9027555906990349,-0.8416100113861587,0.4835393112093827,0.9550555914645883,0.854761802078935,0.6592483099129333,0.7061021495854435,0.7032880291256755,-0.21568760614715804,0.8162929450237516,0.8524853656646002,-0.6297571356449111,0.3699480369163457,0.8670983427350999,0.7626888835763427,0.623612796541625,0.6575650335003366,0.657763239831579
1962-06-30,0.5722860857009201,0.6786511427050601,0.9430576108962367,-0.8231961781462263,0.3786946184932647,0.9531749775575422,0.8295933567970213,0.6580542311763429,0.7089917702485242,0.7077127798780274,0.5703150295864525,0.6708012359946819,0.8828907317773994,-0.5945115161475694,0.25557428712204927,0.8659146897207305,0.7282844988101634,0.6405164609816772,0.6764950336847989,0.6834455269219725
1962-07-31,0.3846930517962086,0.7057735530196952,0.7199526167435155,-0.5781176862031604,0.2010603308012156,0.9523573167546727,0.8013584959146242,0.7019655669825197,0.7422532035884902,0.7550124737045979,0.39988465059556383,0.6847821314500422,0.7032280757116367,-0.40503445216708656,0.10416892398001346,0.8669444582866651,0.7043140517374052,0.6791057038629741,0.7121919324697695,0.7216799157684936
1962-08-31,-0.16203987035687792,-0.012878568087486216,0.8326153364788073,-0.33670372429244233,0.33246276447776235,0.965402652888937,0.8847515277507623,0.6825904404868668,0.7337182630273817,0.7416071603392966,-0.144514811852419,0.0007120592241204261,0.7741682525067272,-0.29168264358116336,0.30564102246595226,0.888100324481149,0.8258139376896583,0.6521563366377119,0.6983202471921446,0.6925502717494549
1962-09-30,-0.5058793718298121,0.5980497718474745,0.922344837422194,-0.3061155641989004,0.36370452882917387,0.9611763276520021,0.883504825719034,0.6959426423484362,0.7486648654265854,0.7373519076652825,-0.4508354521371786,0.5854384583821973,0.8392540367812666,-0.3227731019429062,0.3666260255834764,0.8799419387314955,0.8364059421269396,0.6727750989401389,0.7147301314460843,0.6918932087944569
1962-10-31,-0.2959117662456928,0.9289600128863036,0.9069842633362079,-0.5066455736036303,0.29506453270212823,0.9609082307783706,0.8563694951368713,0.7140473319836235,0.7625942204839934,0.7498084675404127,-0.16920124065305506,0.8719042844396313,0.8194006139112086,-0.3567258301299745,0.20391280429404737,0.877095845700885,0.7710484798195284,0.684501471853915,0.7215500765408772,0.7051634564800556
1962-11-30,0.11083994845042988,0.7901091564414603,0.7808073644974295,-0.6340662772692661,0.22869310551535543,0.959087693996664,0.8558305782502252,0.7132842325840977,0.759081168377593,0.7499593244328554,0.14102260267418298,0.703469728628789,0.7401442896644561,-0.47540900283111004,0.15960144024820558,0.8770499039112194,0.774539332553025,0.6839628193747029,0.7199084300748797,0.7143092629156012
1962-12-31,-0.32102269626858143,-0.6257005551188759,0.6161488319094632,-0.6220464621801121,0.3761923912521475,0.9640602131678313,0.8919621009974781,0.6987112992233613,0.7453672199109922,0.7529909106624091,-0.2974786304922433,-0.5166119719069514,0.5889451738027132,-0.5402957857372389,0.3588626547023899,0.8877965029666773,0.8375092612771159,0.6480703535979367,0.6991119530304862,0.6924781935139416
1963-01-31,-0.586499856591227,0.7400507078775906,0.6663828913213623,-0.6026892206981819,0.42421277932368817,0.957591728075321,0.9077594370117952,0.6813396597439021,0.7336429095158925,0.7290620530483995,-0.5049965984880763,0.7080547121546286,0.6492727906526248,-0.5421497385946961,0.4178038977768116,0.8744822274252554,0.8576202754094894,0.6504479654673533,0.6906016967668159,0.6792702190594445
1963-02-28,-0.5491404032411834,0.23043353630609237,0.727722543997339,-0.6457590442270262,0.46251547750653,0.9591030231265585,0.9011689330855253,0.715802252087141,0.7525926340731246,0.7513976423522752,-0.4554858103807091,0.22429875498107768,0.6847192444493596,-0.5439674988704176,0.42756981424468943,0.8813690090175608,0.843227596293066,0.674499871033051,0.7074218786095656,0.6994634031588425
1963-03-31,-0.6965038197374861,0.9433232702256089,0.9482100475965085,-0.7447427424211677,0.43288905653392884,0.956184397051298,0.8809113138663978,0.6989501053225298,0.7411769183491328,0.7383586436584151,-0.520102122014244,0.8683360921674752,0.8754715403576424,-0.588140365432899,0.37226006557451574,0.872883372575307,0.8112196811918037,0.6604975539516772,0.6918669471985689,0.6859174827762083
1963-04-30,-0.727904412800381,0.47088087843174964,0.9506759912667281,-0.808960739883488,0.44035770137652636,0.956033014873053,0.8935369567754113,0.693738679775579,0.7360709320190343,0.7354634523063402,-0.5555076813136361,0.4190980309466632,0.881301943774349,-0.6433313694639258,0.38525714052568866,0.8754463565895819,0.8265541527409092,0.6527800256327781,0.6894977450294807,0.682025644117873
1963-05-31,-0.7631990831094204,0.2737255384987764,0.8625786034497084,-0.8409186532947502,0.47954594742892903,0.95629122220958,0.9057773978035278,0.6784890254941763,0.7200562688731801,0.7182609897720088,-0.600365092802947,0.2619332367493125,0.786586660544525,-0.6843494455883201,0.44015955897913206,0.8748038092637758,0.8440880300116498,0.6343815106702673,0.6704700003325248,0.6609702866130736
1963-06-30,-0.7662856831160135,0.6338623931570766,0.9332294385901213,-0.8677751379175894,0.48107256682678023,0.9549498721182533,0.9114973754569268,0.6760716288907377,0.7172020977427119,0.7183727109558377,-0.5777129055459076,0.5703230586025813,0.8628805915750993,-0.6862350261851043,0.42024202546361156,0.8719776607793589,0.8426859262945462,0.6362750919262322,0.6686697397474314,0.6647387998969686
1963-07-31,-0.7922508381542399,0.9306040928178397,0.9397382125547699,-0.8783471293820733,0.46905604218656183,0.9528328189028292,0.9159979303159782,0.673420520552646,0.7147075549567763,0.7158213805312794,-0.596387941188008,0.8584849916006979,0.8692415494402262,-0.6974072456831543,0.4181248986652627,0.8686374896128021,0.8501260512052718,0.6357559061887411,0.6666915773079843,0.6638714307373378
1963-08-31,-0.6159176579807683,0.8353986814905578,0.9259867914951113,-0.8856244226342054,0.4250336583470515,0.9570014617281002,0.9212842843706992,0.6715712509539138,0.7110832256727886,0.7154805002804594,-0.46173743362374037,0.7597269515859105,0.8569915490853055,-0.6949540090549768,0.36219695077965514,0.8738050178832566,0.8501920928543352,0.6356893298226086,0.6648106746610967,0.6668609719092149
1963-09-30,-0.7547392878721717,0.1905528965653049,0.9507463363590185,-0.8724925639026611,0.4753936434915578,0.9550141868019331,0.9399634170588886,0.6729941493046592,0.7139196044781666,0.7187281108718844,-0.5899753539805037,0.17990415035096355,0.8813921495059935,-0.6999964933157972,0.431608173039872,0.8740555560993433,0.8746245966634445,0.6295236698190658,0.6662122826258976,0.6613057702942002
1963-10-31,-0.7439286101018333,0.9135692166659583,0.951042255366288,-0.8704212886562447,0.47542299794935255,0.9541931702800143,0.9361913354918981,0.6654900607555793,0.7096458238906554,0.710925586834685,-0.568420068079796,0.8432459150223477,0.8782772787604385,-0.6932088795057254,0.4282368632553249,0.8698997154591128,0.869443769633629,0.6302464321716652,0.662171042058483,0.6594051946011601
1963-11-30,-0.5813383151370456,0.5212888732014463,0.8957713709998677,-0.8520824645218396,0.45345550440225457,0.9573059903853175,0.939528827221667,0.6744257368830057,0.7129273211004569,0.7200145197385716,-0.4248018203364233,0.44650145762102555,0.8361772569037074,-0.6624529856626549,0.37644202398320603,0.8750571556872975,0.8665069178062392,0.637403987653361,0.6667447396637489,0.670534596958855
1963-12-31,0.052432373003262485,0.8653691139182081,0.9530763668645473,-0.8481171867165122,0.43784393916056985,0.9596981502285283,0.936740694112182,0.6740431050224297,0.7175864590193356,0.7224947201327315,0.0662933221241311,0.7855055546414262,0.8783046903756875,-0.653095637909074,0.3711221791068368,0.8766892706432796,0.8633450591103609,0.6472711535654814,0.679407870042757,0.685791773719646
1964-01-31,-0.7839618839385237,0.617896409180509,0.9433628999934731,-0.7284166911281327,0.46943035299176933,0.954332047383577,0.9423331166398077,0.6909741133259559,0.7337641395223065,0.7394905822771867,-0.5894734106053875,0.5586829991381826,0.8736299598809684,-0.5825177758782015,0.4130517597894882,0.8713906005052355,0.8741413381523085,0.6542534728411654,0.6893062751896416,0.6843830253655844
1964-02-29,-0.85705534588632,0.5762378443140691,0.9247568624014955,-0.7465136498450955,0.4981686736589089,0.9528831067496029,0.9531926506477231,0.6808196736384355,0.7229685705915891,0.719877685054352,-0.6443180214999472,0.5295984623291617,0.8511174334886006,-0.6062584689341083,0.4503794381247851,0.8683447962836897,0.8855537487057501,0.6417386034349757,0.6758748695047341,0.6627781092545293
1964-03-31,-0.909320918658712,0.6706880520720412,0.9368319810440006,-0.8176306624724294,0.5163146863800702,0.9466693653168106,0.9494179498104434,0.6736586936849258,0.7161912804081871,0.7090546748760238,-0.6654693924023243,0.6276240715390831,0.8601899282161628,-0.6660379787677658,0.4801591906929039,0.8601409567347975,0.8834336145998332,0.6317182011153426,0.66667604245334,0.6525503304100764
1964-04-30,-0.8988630359663731,0.6896235095534554,0.9295325942549897,-0.923767504120586,0.5300867447660054,0.9471847502412715,0.9510198850913968,0.6636594414826763,0.7034183403327458,0.7034502532499757,-0.669267095486606,0.6538582082481219,0.8489279848469446,-0.7310899339339865,0.5004809280695066,0.8612942336268473,0.884983945905437,0.6214028595234419,0.6531584483739824,0.6481388347918758
1964-05-31,-0.8036691967858186,0.8159085892784282,0.8442033362340483,-0.9226629477477092,0.5368124690767622,0.9493313352540927,0.9513194184363852,0.6625909875844919,0.6985716702772112,0.705603659768257,-0.6198655366635645,0.7613421694728314,0.7934803051442737,-0.7248966607936084,0.49788796824486176,0.8652704511605123,0.8850417172629855,0.6255796637721878,0.6517230072568146,0.6565105800783674
1964-06-30,-0.8006722546723757,0.6722325020649046,0.838283728524205,-0.928082386842125,0.5052259005620772,0.9544633767476428,0.9530006441336886,0.6625978472863073,0.6949819515552641,0.7100883455668116,-0.6012820681140325,0.6072030396086837,0.7699985267852,-0.7331187412695517,0.4422730599150194,0.8708649310034076,0.8834069595493095,0.6218184617626819,0.6449137719069005,0.6559331282828855
1964-07-31,-0.6966809637607757,0.6828070037139098,0.9444567682559293,-0.9152701136474461,0.4802985670752782,0.9556243459573439,0.9521518929009944,0.6627877842590266,0.6998746005088987,0.7085780098142476,-0.5149408588523608,0.6053145750233215,0.8745050750468226,-0.7165126978258491,0.4068397901536933,0.8724180244272828,0.8810451618425426,0.6270272037053133,0.6539944041183698,0.6575030848328858
1964-08-31,-0.8445109200902152,0.6460595352025923,0.9401895482069607,-0.8880668318015242,0.5271253214570533,0.9507170491028382,0.9541006203224968,0.6683499878225899,0.7082558921380268,0.7134437790842519,-0.6396708516641129,0.5985375060447033,0.8721252960054655,-0.709002279952557,0.48105937548891964,0.8668365952691532,0.8868490581498647,0.6288188281089571,0.6603944536418986,0.6582264026810389
1964-09-30,-0.6723040191590863,0.8995926440428168,0.8637445447998209,-0.8908714356935832,0.4599354714410803,0.9557270444268025,0.9518772464906935,0.6621176200372441,0.7031810418026057,0.7084087259370218,-0.4925600928666727,0.8192526493284519,0.8024302851062736,-0.6957638039115297,0.38534735623585437,0.8708337177059267,0.8800178238017246,0.6242013349954629,0.6537487737354729,0.6566733708242253
1964-10-31,-0.8647611302541611,0.5176062939943247,0.9528433624371646,-0.8752512839070681,0.49791597295376294,0.9518958798286644,0.9566883804644243,0.6633250424806453,0.7075802989497414,0.7094223354312824,-0.6464598204962261,0.4613676549578103,0.8820719368912802,-0.6919325909294748,0.4374158758956622,0.8682955558079792,0.888040337950275,0.6233315521502892,0.6603568731844993,0.6544287140832987
1964-11-30,-0.854752359604388,0.7689938776040077,0.9491042143570378,-0.9054949509827073,0.5239675439146916,0.9500449972543223,0.9558892132921277,0.6540208465256554,0.6982527952698308,0.6983531326470225,-0.6540256486729101,0.7273472104697227,0.8761114175808948,-0.7266421846834088,0.4981582889142827,0.8646834059810605,0.8883923381210251,0.6172245779227391,0.6501614514989856,0.6447053085292999
1964-12-31,-0.8285994023485889,0.803844097728979,0.8932109435069778,-0.902253459220696,0.49541415359333496,0.9529714014042973,0.9559696614942651,0.6632364464147796,0.7012585918079585,0.7065780030409284,-0.6104607165645012,0.7266701956350229,0.8266120124311751,-0.708423892304732,0.42492269299390084,0.86780008016603,0.8857601604345486,0.6241449686845516,0.6514775512368944,0.653734389828377
1965-01-31,-0.7242427196203945,0.802021339898365,0.9512913603453211,-0.9166542657554918,0.4742149532964532,0.9547493657837177,0.9570152669751556,0.6616910521546681,0.7027824072991721,0.7057885898237334,-0.5400265568289041,0.7277393515665955,0.8787626851310135,-0.7193451392845804,0.40943908140565205,0.8708396381378143,0.8874304059184281,0.6258093804135103,0.6564182289399141,0.6561019478082892
1965-02-28,-0.8714176189571803,0.43170256406360563,0.8853961572220572,-0.9062683242223762,0.5333900023896306,0.9479689120255369,0.9560142749190589,0.6616532628167401,0.7038957700855343,0.706504225309245,-0.669160239721216,0.42483710974009353,0.8341252115077388,-0.72978862572473,0.5060925828120774,0.8636174760285912,0.8880587694894705,0.6178048088492892,0.6541158841871219,0.6474362257176826
1965-03-31,-0.705784984956784,0.7706939549388082,0.8981108714206121,-0.9076679675501383,0.492790600193732,0.9560482240895909,0.9582319768798091,0.657494028845111,0.697960124951928,0.7040634058432154,-0.5399297940855126,0.7052023086109444,0.825557691309673,-0.7173500764515467,0.43653092984728814,0.8727046982712735,0.8892224384565607,0.6202183620634195,0.6494447966140452,0.652103032680997
1965-04-30,-0.8783533749059306,0.8967917808422304,0.949773707158992,-0.8859693925852473,0.4806342840391695,0.95081481009477,0.9559668288802377,0.6605223198770263,0.7027375167059116,0.7067505584451843,-0.64038940933972,0.8154195711550623,0.8754674620416085,-0.6903749525464788,0.40565505111147265,0.8653140178130816,0.8859382928864823,0.624877018097721,0.6555339916761513,0.6547119789385116
1965-05-31,-0.8733057914883902,0.47774583162961987,0.9381448652175546,-0.9132060823147283,0.5101204542829698,0.9505038213323032,0.9572189189338065,0.660989722882046,0.702824369256549,0.7029727827536301,-0.6659929241103725,0.4591095217271653,0.8613933652032173,-0.7304406835110653,0.47897359670918555,0.8664421302738161,0.889223651226378,0.618257872594191,0.6535872992512906,0.6450183951430444
1965-06-30,-0.7400528165757151,0.8648139199100365,0.9366147095956799,-0.9121272220809857,0.48606106970991947,0.9545446981722833,0.9567298377848336,0.6555061985073852,0.697102542968956,0.6992655473624277,-0.5549507883329959,0.7908171193270602,0.8637626178501046,-0.7170661986682124,0.4241900126724262,0.8699808670621471,0.8869739041647554,0.6194748090065048,0.6490798435417756,0.6493785143818219
1965-07-31,-0.07415480945222248,0.9182987816409256,0.951524647927567,-0.9082289259098311,0.3662406284223322,0.9558583670981062,0.9476317468108875,0.6519379872378277,0.6968753100720664,0.6981332484381029,0.02248191862658241,0.8617192591667837,0.8826372048818263,-0.6906643690602345,0.25941727329052006,0.8689106126118913,0.869791999682084,0.6231532982153342,0.6535066030196455,0.6601700136899002
1965-08-31,-0.6111284224595251,0.6629680616505363,0.9041125413870149,-0.8228086515208864,0.4074686924203185,0.9581106614276401,0.9578631445713478,0.6721245617808079,0.7197794606785456,0.7224921833840875,-0.4644891310647494,0.5992626710431435,0.83330433503578,-0.6508504798327417,0.35365837142823053,0.8766196277899427,0.8898459607095044,0.6384440160052491,0.6769300941676895,0.6725960002280209
1965-09-30,-0.9068773137224959,0.5242209397349865,0.8295166512068056,-0.7728270410944006,0.4411717032536736,0.9516697740800829,0.9589444927954586,0.6716650975567352,0.7164447696276063,0.7085363649849182,-0.6788578748919387,0.5061924500165856,0.7432444744519917,-0.6489462600227076,0.4233108884063892,0.8662319990829692,0.8924673203193074,0.6312051847556575,0.6676399239626418,0.6476025063247111
1965-10-31,-0.7686879806038441,0.48345728486313133,0.8390372905084196,-0.8219974873551852,0.43979541224949065,0.9555575855546037,0.9578458843003985,0.6754886461648861,0.7161436791913627,0.7137477064190023,-0.5757404871018241,0.42163926923142986,0.7785825844292719,-0.6479930109884932,0.3739296738005982,0.8719991861784561,0.8884239594911268,0.6341207137852497,0.6671895092144463,0.6576547636478697
1965-11-30,-0.8523473861782501,0.5209226063445849,0.8463251249132627,-0.8973853109678345,0.45388495353952685,0.953807312448312,0.9586648356888952,0.6709407527092863,0.7133643928611251,0.7093017858496444,-0.6392101786666246,0.46588617841189345,0.7795484422755381,-0.7117679813985645,0.3953973804327708,0.8697835353039334,0.890017021741186,0.6264657761682602,0.661922262202346,0.6531858885394428
1965-12-31,-0.8844540373012031,0.8072449885748229,0.719412666840194,-0.9200538347773413,0.44663652601829495,0.9535060976765719,0.9580791164201652,0.6648271226943538,0.7074763794396526,0.706133587398021,-0.6571909357536118,0.7416714386994299,0.6511644367242961,-0.7311042742697456,0.3958941831726458,0.8680339454099075,0.8891908109973485,0.6214630196425539,0.6551085396723255,0.6494104693901515
1966-01-31,-0.7663569051566649,0.7233462038071212,0.8909986390125424,-0.916228152048937,0.4535534868083306,0.9539475320554542,0.9578441663214832,0.6600077649343852,0.7025050407364115,0.7050089513694151,-0.5916492792736852,0.6701074974547794,0.8291847544766036,-0.7277786138164193,0.4131251080133515,0.8708870282122951,0.8896107131774722,0.6209975176786242,0.6553362931720528,0.6530297585776412
1966-02-28,-0.8788616463451338,0.7533002643969068,0.9421155652303063,-0.9159563424863527,0.46143551872919514,0.9499934586857662,0.9558896063942285,0.6601523147178278,0.700513868207605,0.706671864360625,-0.661853548432077,0.703944961622029,0.8660932534690637,-0.729189850820311,0.4293516625318082,0.8649270325345846,0.8865740335439776,0.6208674057381036,0.651428694458752,0.6501472972229774
1966-03-31,-0.7360232691044064,0.8830412250525563,0.6878563232474171,-0.9167218215658,0.3926423141905341,0.9546596827053919,0.9572590160779839,0.6568433278930732,0.6964641058300844,0.7024044305610311,-0.5296071284883491,0.7964407486986116,0.6517751268860146,-0.7184770113714705,0.3081592383159766,0.8676987978770372,0.8862456624590807,0.6158989951722114,0.6440230237285254,0.6475641433925683
1966-04-30,-0.39751481964588065,0.9382882411160496,0.9260276887596395,-0.891822531852698,0.3133333352451115,0.9556348248373139,0.9486424458978326,0.6516930767986562,0.6965358802194128,0.6977545888029204,-0.24724881007785843,0.8528248630380821,0.8665531389090477,-0.6817996912430313,0.21889712817134768,0.8691492174861941,0.8728077454449852,0.6229981919540171,0.6538879989195645,0.6550693448324683
1966-05-31,-0.7297180162317778,0.5742378527954688,0.8814234644302259,-0.8611594977133497,0.377647600553141,0.9557908950643166,0.9503708042462231,0.6735355517552761,0.7182721680787738,0.7170947733966422,-0.5589526169502594,0.5218711581483352,0.8125152082310868,-0.6868177970985204,0.33155651412488785,0.8731341997469572,0.8825606045941724,0.6337928469019395,0.6712072681849296,0.6623660771835723
1966-06-30,-0.11956565384060208,0.9012719824457897,0.8256062765318963,-0.8291840052053907,0.2911852924844704,0.9624786412947943,0.9384274350065325,0.674265655001834,0.7183000272000011,0.7203929986173216,-0.08927085305872902,0.8313968146456253,0.7559347115963643,-0.6530449963263669,0.24640486482912927,0.880511323365098,0.8691513031533714,0.645187473171086,0.6790031819114647,0.6786857717209004
1966-07-31,-0.6173051633201325,0.9033977834744232,0.9032935747352163,-0.7224762974072197,0.2791921070399262,0.9582221975158071,0.9381612401374481,0.6862993296840391,0.7311690237548961,0.729625563223803,-0.45953558739155903,0.8278599729966765,0.8292483139892752,-0.5681748804071612,0.2278181638580029,0.8757434299924163,0.8684693212781589,0.6542938135523229,0.6885668241622611,0.6806434265272745
1966-08-31,-0.3917698985662011,0.9139077690564171,0.9533370793467716,-0.7662349904837246,0.270140776956877,0.9600905373617786,0.9344993490578674,0.6900512955824026,0.7329133763843397,0.7343696100274527,-0.309310129544554,0.84239040665511,0.881136749090156,-0.610959132765195,0.23463300535104975,0.8780810867193083,0.8663970402522698,0.6580646549985145,0.6916941384688107,0.6867240552819716
1966-09-30,0.12142742721691778,0.7516366633192736,0.9553338985787195,-0.6689839097255922,0.11525956185593259,0.9559976548740404,0.9102363086638906,0.6814673505182017,0.7293244403519331,0.7310449734566381,0.1841091146254437,0.7280085982976853,0.8885679892337904,-0.4765031691985583,0.02483112475294217,0.8699863243465414,0.8240216464010323,0.652678679493549,0.6905978474837068,0.6895250208699862
1966-10-31,-0.19037294412435754,0.87199457418352,0.9583698612447604,-0.6378559952755045,0.09413592388413389,0.9600062279993393,0.9034156312918902,0.6873614174918392,0.7392803903828866,0.7389410272528023,-0.1090673993294352,0.7893643243621212,0.8862714902156278,-0.48222337487371986,0.042001614584777296,0.8782125196158256,0.8268509151331885,0.6646074111211749,0.704208154373129,0.6969830619688925
1966-11-30,-0.057276690211076724,0.34729600661082005,0.8190469048095513,-0.570598971127197,0.10547347605703301,0.9631257566665609,0.8845891596532275,0.7050496337318072,0.7486697462939526,0.746331320572904,-0.07880240595065846,0.3389280807563948,0.7437067054573597,-0.4923915660413296,0.11435215554650767,0.8847852191716123,0.8281405170952787,0.6736093754491559,0.7128304085908219,0.6994062268590748
1966-12-31,-0.5052378166416135,0.6990004570899665,-0.051138656889885316,-0.5177354374009794,0.2250437542917088,0.9614952351326439,0.8687588622099706,0.7051272760392685,0.7503979048774766,0.7527438508897256,-0.43682320462731,0.6602317189192332,0.0017593182230511881,-0.46449692616307187,0.2220702906319463,0.8794748367060963,0.8185458742126797,0.6624052597306829,0.7036920973967646,0.6996486251461926
1967-01-31,-0.5801303888190154,0.8061638200713097,0.9382405207367602,-0.6287223337135404,0.19411017968171712,0.9602729009980828,0.8466042559925422,0.7042504897610866,0.7447091655638325,0.7504330405680735,-0.4702595194709229,0.7491379598269319,0.8651283815210415,-0.5296697501371059,0.18072157720329804,0.8792038699594786,0.7901648684322475,0.6681123224528265,0.701072884958934,0.6961327048720927
1967-02-28,-0.5267205854688124,-0.2686051001102157,0.8385277585900394,-0.693410751882119,0.2763501387246451,0.9609580506921457,0.8671571336583795,0.7095741232730194,0.7515610108537846,0.7500749742191163,-0.4244050271155084,-0.23831735835290718,0.7774551737376987,-0.5652099638942841,0.24121765504951692,0.8850921403656875,0.8049903142264305,0.6614454862223567,0.7059094042803822,0.6911729652656522
1967-03-31,-0.6984618888753303,0.7536760946203236,0.9496807022591154,-0.7810151866815014,0.32585957655537423,0.9563836228650924,0.8548938361573122,0.6856203308430857,0.7313349318042219,0.7270066066254484,-0.5610172514098417,0.7062511904424977,0.879554411507667,-0.6473654181641382,0.30981306204164705,0.8742619911727565,0.8019101974168872,0.6484205089725799,0.6839139260734426,0.6738173107297358
1967-04-30,-0.6486551425676371,0.35474294553844077,0.9416015414240263,-0.808462895782274,0.3648770178560614,0.9574423078585984,0.8865303305558411,0.6981405456435362,0.7354199890501109,0.7377199510340365,-0.5125454209594964,0.3223884668295006,0.8742492833715843,-0.6518871517688751,0.3254189634259518,0.8784785690443786,0.8238994342271453,0.656090716707302,0.6886504444665262,0.6829508735058383
1967-05-31,-0.48946041748120617,0.3632090928691034,0.9423299104226299,-0.8201812204614152,0.38346037232262487,0.9604374638568768,0.8841801313150225,0.6890050576640571,0.72688946176145,0.731631958531393,-0.3969304421662979,0.3327704619290987,0.8714333940307577,-0.6597895334824695,0.34402976733878127,0.881080553736542,0.821664794156072,0.6497229073376625,0.6816608416560277,0.6800498032071784
1967-06-30,-0.42229303869941937,0.9511890647117136,0.9396797370793526,-0.8018632700199404,0.37226280252501454,0.9598314090160418,0.8627200707626681,0.6818214648750291,0.7263793255660691,0.7271836817363857,-0.2900523558062068,0.8830122520409497,0.8611289253912212,-0.6141350807622966,0.292303854157144,0.8768336060988563,0.7840193808884705,0.6483484386159516,0.6806108901108724,0.6797516847942949
1967-07-31,-0.37643736182618104,0.5312659464209386,0.8664563177909851,-0.7512090764219155,0.3657742217975956,0.9591469280493212,0.8712908251375984,0.6897115062490398,0.7322772239058566,0.737555447364797,-0.2637363561255528,0.454793632221515,0.8130007711188272,-0.5786783020498716,0.2932149632944641,0.8773776980192862,0.7945804347996395,0.6559802302733402,0.6895200276492015,0.6914526760297357
1967-08-31,-0.7674943630856329,0.2606942893596667,0.9373664722342313,-0.7193694904867599,0.4281740883461703,0.9561192108111977,0.8972106640681808,0.6877578907318039,0.7306614266339496,0.7323691182649595,-0.6030053925029777,0.25081124129403165,0.8645346684271848,-0.596877621789423,0.39562958475312127,0.874645342598149,0.8369496454820103,0.6457657230135139,0.6840223368580124,0.6734815816854508
1967-09-30,-0.7695981702789951,0.8773126323501367,0.9493558617174102,-0.782305551587659,0.4377277422786311,0.954686223260083,0.8798726684149714,0.683836366112589,0.727690768341047,0.7237427685896751,-0.586960877289085,0.8102529896415626,0.8762412831525223,-0.6337498452097611,0.39417622299382765,0.8707664711844648,0.8176486020444316,0.6462406978608461,0.6803645812277777,0.670847232106446
1967-10-31,-0.7311372700152974,0.4611282472344853,0.8903295382174979,-0.8354477111436457,0.4532245427978008,0.9567640982075858,0.866113525061327,0.6852379646353068,0.7254628967946453,0.7235137903684481,-0.559223943734751,0.41141768880328905,0.8229253080904956,-0.6665829853150709,0.3965977823147586,0.875173276082766,0.7999168623141849,0.6427879023506442,0.6771224753762398,0.6702244199184658
1967-11-30,-0.562797697237767,0.9548312014402045,0.736678846241699,-0.8736625456395839,0.4061288139184829,0.9573107628296487,0.8645571291826684,0.6698260368885047,0.7155802687389108,0.7135703732037959,-0.3994771306779135,0.8774986266297273,0.6943319804564096,-0.678550938783554,0.32338387748283104,0.8714960057348109,0.7847561513966697,0.630272258005239,0.6655775937154651,0.6637457986209414
1967-12-31,-0.4560560982903092,0.7620100620081164,0.942615621573048,-0.8440424220893067,0.38625414044318357,0.9579775252350514,0.89463135635608,0.6695403722554599,0.7181772913350318,0.7185229665071463,-0.3227867773279569,0.6784010332075744,0.8762383129847312,-0.6529317617802693,0.3112785991104088,0.8749324425641766,0.8188543311048814,0.6385746067392254,0.6759954305722199,0.6742084053671132
1968-01-31,-0.7972333699239625,0.4830864391685076,0.9223288094364491,-0.8116760967570459,0.4571131803550853,0.9546946679136111,0.8754632242805075,0.6734904869228883,0.718806969771805,0.7185249132714225,-0.6278100865329382,0.4661568714071048,0.843807979440624,-0.6730881196461033,0.4334086967529428,0.8721820288289986,0.8218261019355181,0.6323667932515412,0.6710948454491609,0.6609988370345302
1968-02-29,-0.6359764445095485,0.9506615498733251,0.7824359820007949,-0.8253518962784051,0.4355433006749852,0.9572126539923157,0.8971382614573574,0.6779237572975353,0.7201730681335422,0.7189174336845993,-0.49338050312212994,0.8779203673462217,0.7242430416151759,-0.6625690737556567,0.38996446922913824,0.8739337945637323,0.8339349854919641,0.6426537762197759,0.6741456394987654,0.6699906713368123
1968-03-31,-0.4279263853872335,0.9586413608976215,0.8918430968360793,-0.818253196188736,0.31955157495220826,0.9575928854589681,0.8610937924061379,0.6744384176296618,0.7159849892654264,0.7202069938623872,-0.28052322181638567,0.8852408024608687,0.8386624029996581,-0.6214414326139395,0.23147245268884234,0.872173553922907,0.7763857297748522,0.6395577797448408,0.6681165162163478,0.6752239035929462
1968-04-30,-0.26989524320184777,0.7870308033861393,0.9490990722406044,-0.8227020383994246,0.32581899570717787,0.9614530844358573,0.8630573710298541,0.6782111806594042,0.7235983759536886,0.7315188286238168,-0.1989239108765457,0.7137236193862612,0.8763004580830317,-0.6442728117407375,0.27358235661340224,0.8806752331331973,0.7932018520949223,0.6477496863523844,0.6839595612803382,0.6880676023222521
1968-05-31,-0.21375687702913013,-0.412980963564081,0.8820071536502707,-0.7388354021166859,0.4093874092322929,0.962524244519019,0.8604663913843984,0.6899171561620505,0.7339768365280723,0.7394564748128734,-0.2005121980797681,-0.33780681309895677,0.8092815338726763,-0.613380317776507,0.38237650951184954,0.8857305789370983,0.8044942885284262,0.6465791739738268,0.6914072343799357,0.6847299014621905
1968-06-30,-0.6986945491459948,0.555914405187646,0.7803390968280465,-0.6347455496392735,0.40850186946610123,0.9581145474691904,0.8494753284277706,0.68683097863427,0.734589409653578,0.7355295368542599,-0.5175735296885529,0.4831309780172309,0.72963008061186,-0.4944617013000483,0.3380845376441295,0.8742237836210515,0.7740646232591547,0.6503525927999682,0.688384033498476,0.680725844027355
1968-07-31,-0.5011927376841467,0.7568883682491305,0.8132377308157743,-0.7097266041229779,0.46312711290648356,0.9604716442241144,0.853362816035572,0.6922251273061293,0.7380682693108482,0.7357205570545888,-0.4037810671273085,0.6993667701883128,0.7561205676942918,-0.5818062203083959,0.4191819743335752,0.880056038105544,0.7955654452403849,0.6574101343367127,0.6949528220403705,0.6891696638176656
1968-08-31,-0.4920734902634686,0.9491378627905163,0.8489012063819937,-0.7354183137947481,0.4030325354399981,0.9582032901638722,0.8489496214592236,0.6943377531895638,0.7374836157087843,0.7395133164849774,-0.35831008459017377,0.8730374875892095,0.7909604084091295,-0.5747623979316528,0.3319720232691962,0.8742668148852746,0.7742170568811368,0.6555414586645791,0.689722964510463,0.6921087629002116
1968-09-30,-0.7518034285148092,0.6751194937742261,0.9535833309550693,-0.7858423876824264,0.4064021354232585,0.9563869902775203,0.8373001717263008,0.6807252877426885,0.7304224892787977,0.7318428314575095,-0.5610119655315342,0.6028606165173089,0.8846856539287884,-0.6177917253614122,0.34410472905306055,0.8738276986504326,0.7666245479213426,0.6439404435900755,0.6856777813332053,0.6795640068084521
1968-10-31,-0.8038049736336892,0.3587550794373576,0.9108028657870597,-0.8169260499715659,0.46748169673575135,0.9542139185012882,0.8445499157602098,0.6687110259434718,0.7146075114921783,0.709657350766998,-0.6430670881361605,0.3671324133676593,0.8274180752708549,-0.6873593544143681,0.4537601874636354,0.8718057977664438,0.7994705086739394,0.6265801765172807,0.6663423601907672,0.6523825548277933
1968-11-30,-0.793587117730861,0.7827006576893419,0.9488489241264476,-0.8589941339105115,0.4803529576704428,0.9530353643445041,0.8709745014430735,0.6773400174473193,0.7173754378677762,0.7161387531240312,-0.6059408341920648,0.7219101661773907,0.8777987235922168,-0.6883666375152456,0.43460048527668677,0.8696138297514157,0.8098918284464004,0.6385690289026986,0.6692484119256493,0.6639574078094986
1968-12-31,-0.8064051134553396,0.17108732791514375,0.8637107399502653,-0.8968930953735017,0.5202175053769711,0.9489328451096817,0.8554732099685736,0.6792272067420098,0.7168561042176771,0.7196332186062817,-0.6423319320073637,0.1893750422423504,0.8162716461429846,-0.7288498658081,0.49181645558327236,0.8677592608491398,0.8058210342277523,0.6305853997946973,0.6670132757200504,0.6607657062582191
1969-01-31,-0.7423041528660312,0.9485076231168763,0.9166484849229561,-0.9002463298465968,0.4892142575271874,0.9532803382314996,0.8557376868058484,0.6626719083794756,0.7030216739185953,0.7049106289291878,-0.5691921802278939,0.8749501310197347,0.8490110800502333,-0.7146909387252693,0.4402448731450818,0.8693173788087911,0.7946182751964663,0.6271204232611738,0.6537963474487694,0.6550979479848933
1969-02-28,-0.5715988942852844,0.8966296553302036,0.9076133965468014,-0.8890752261118109,0.42562517380396364,0.9581540361472614,0.8728943603256194,0.6728482519992884,0.709563067675087,0.7150248041833167,-0.4166468139091041,0.8155735544032605,0.8301703061287217,-0.693226031119821,0.3526399243985287,0.8763384059647887,0.7984489427084013,0.6407365319337082,0.6655868071128731,0.6703176005777719
1969-03-31,-0.5602483383843793,0.8882174857019544,0.9121996474406261,-0.860528111846106,0.3990733185734995,0.9581353380959793,0.8974478465131553,0.6729151553622671,0.715306108571745,0.7198664914463394,-0.4140455886776656,0.8260631822614866,0.8358767875431277,-0.6726031387006072,0.3345325200423573,0.8746397370632603,0.8249138567276662,0.6372924015278729,0.6692608488510303,0.6697131006414956
1969-04-30,-0.6128410733260798,0.5164646614798704,0.9416965034011576,-0.8208249742225974,0.3839594671395958,0.9578461434058277,0.8991994712566002,0.6769732614553025,0.7195985784851383,0.7253530572634427,-0.4644404828060048,0.4552808663199899,0.873694065579255,-0.6462410389269667,0.3268820414824033,0.8760389645876202,0.8285804821888626,0.6408268297522263,0.6755328256189669,0.6742790414984777
1969-05-31,-0.6153278827665396,0.6644624619329853,0.8680781414996779,-0.8016107716511911,0.4055408096236621,0.9584766244031642,0.901298278094435,0.6797968322150301,0.7231664336075729,0.723541295028056,-0.4832654707264375,0.6096668143691282,0.7971613381265058,-0.6455427059055918,0.362053198090428,0.8764477188118444,0.8356934031008977,0.642355333512371,0.6776731584509234,0.6712169166756822
1969-06-30,-0.6756027237666876,0.8177699796257007,0.9499775468492262,-0.8048763416244058,0.4411168193900893,0.9567321619557998,0.8713777190870655,0.6825631077349095,0.7260607597017426,0.7270331205868403,-0.509782846604069,0.7455334961269909,0.8780786644141757,-0.6372680151489546,0.3824324299961931,0.8740232510558475,0.8038299008334254,0.646846084359313,0.6811885485140289,0.6766412561183007
1969-07-31,-0.4707881232972591,0.8045850461124635,0.9383218932750121,-0.8137229096324676,0.3276595309349775,0.9574689859520653,0.8483480897122515,0.6786380584936131,0.7236634283040311,0.7240850213943748,-0.3258634880405125,0.7600341144903082,0.874310442122415,-0.6260713483793761,0.24781980202431572,0.8725864076306955,0.7681701562866458,0.6396919878179984,0.6756526890401976,0.6738389650533295
1969-08-31,-0.0010071974027956324,0.8390162701342821,0.8502931672701165,-0.7717199993151741,0.2244805799828598,0.9527670761919143,0.8025736631709741,0.6604241439805751,0.7116162506219705,0.7124269425391481,0.1107567916048486,0.8110755941866046,0.8222939072108516,-0.552455074146397,0.10481746386768563,0.8630151856170514,0.6971559782066467,0.6371464324289003,0.6718118336517304,0.6761551020163749
1969-09-30,-0.4483140034989055,0.25193876935976695,0.8621056361479096,-0.7254766450015855,0.3310418781227207,0.9627040349837708,0.8064888001408039,0.6654947163059546,0.7210475785769079,0.7240399382303846,-0.39795743725130833,0.2620223596676919,0.8128480661258327,-0.617590666919788,0.3256312169901403,0.8840254558906208,0.7634502422353854,0.6231128883872117,0.674631337392318,0.6681843305942486
1969-10-31,-0.45509151205202075,0.9577050673096246,0.9485643902107288,-0.6823410830228673,0.3102925155192029,0.9612692553292013,0.7769067199920563,0.675381825530049,0.7276574918206822,0.7279640448616886,-0.4017591366742725,0.8873675154518242,0.8731824386559844,-0.5887499465419725,0.3064049593059676,0.8794866673971174,0.7351963640496172,0.6479258316452413,0.6884930904247496,0.682400559383244
1969-11-30,-0.5102313901412736,0.16539510487878686,0.9089225787196759,-0.6411458774810315,0.3181714693956178,0.9609320191515364,0.7863124600666386,0.699266098246302,0.7415200098419424,0.7457404467618546,-0.37426338486499094,0.11374909702089175,0.8524054851834786,-0.4922800782191432,0.25077563378544987,0.8813237868555488,0.71048313090807,0.6619516401292223,0.6991268960264783,0.6943361572849664
1969-12-31,-0.6232954619423919,0.9571955347682426,0.9553737685925384,-0.7357257860612338,0.3349644059248113,0.9585166350619345,0.7743656136157719,0.6926778157046747,0.7381128674685995,0.7333840032352528,-0.4812550770553949,0.8843319433494975,0.8833597415316161,-0.594337297796101,0.2936560709731008,0.8751177842821649,0.7141090212242353,0.6564716632192784,0.6925269524909408,0.682518809294324
1970-01-31,-0.3426574901767595,0.9454867339668152,0.6788731847204655,-0.7520636871893354,0.22944194000665344,0.9592138499686449,0.7300973526332628,0.6917132505374268,0.7362783220423015,0.7335281467266199,-0.21596844823011158,0.8651894808607365,0.6544887011820856,-0.5710328626310847,0.1468617662965377,0.8743882711036111,0.6416433600565322,0.6556561497059991,0.6888605946495937,0.6892076836191229
1970-02-28,-0.30996914137986575,0.72978629791732,0.938497990230309,-0.7331802557817073,0.21355001573042978,0.9583212561694336,0.7005068953148657,0.6854186317442186,0.7311844243001215,0.7325204468119435,-0.180852165647143,0.7041440594386303,0.8796917761441752,-0.5480539640950317,0.12664417845904055,0.873165581923572,0.6094915358185731,0.6527141833911086,0.6910002013632378,0.6847594243721044
1970-03-31,-0.3983931049597362,0.18139384869425784,0.8973556266126737,-0.7357522667136907,0.27054593773163105,0.9632247658441939,0.8272527120108528,0.6726427257964749,0.7314296032725935,0.7201494561782376,-0.35690004317099683,0.19499115438529493,0.8419995694021563,-0.6213809471417727,0.2677128643848545,0.885289059207597,0.780793776794126,0.6293937555204621,0.6856359592607888,0.664417242518103
1970-04-30,-0.44088664147153145,0.8927435910238403,0.946810404882633,-0.6954729600823052,0.29422738631120376,0.9611767382645581,0.8458091119666994,0.6802662344404303,0.7314198522590497,0.7273087393835679,-0.39281704301045334,0.8371468498604955,0.871662069366955,-0.5965083856065424,0.29349622095600253,0.880034081350132,0.797374061345199,0.6515747339556812,0.6911351267013273,0.6815437096113659
1970-05-31,-0.1442305745275621,0.4030343950212261,0.4623338288496492,-0.6432359211209012,0.12834062407529592,0.9515567954796272,0.7151038776265451,0.658542067286317,0.7160591992060895,0.715938219058121,0.023542360210611974,0.4708752815487636,0.5201225454984015,-0.42309087424035413,-0.010277483858097899,0.8586804941694572,0.5902070114479184,0.6134094694012157,0.6596145530176657,0.6589332963095461
1970-06-30,0.5048696944016152,0.8517455741749543,0.6806025159149064,-0.6046219313418574,-0.027683067284503156,0.951499263025904,0.7205813928836906,0.6622776925243696,0.7217842572596309,0.7166247758109445,0.5304463613554493,0.822194387451729,0.6864428777386906,-0.4007100705775759,-0.12937270093364855,0.8640014563848222,0.6052016642118949,0.652066549067218,0.6932030575026069,0.6908658491119306
1970-07-31,0.030846321686083606,0.9061548701739345,0.9430346277412673,-0.46689061859754316,0.02255779577116017,0.9586611250301399,0.8113900075856776,0.7208852783812895,0.7585561229984642,0.762599359357964,0.03750330694970652,0.8371092737382441,0.875087952012748,-0.37742957155683066,0.0007374676860571631,0.8780784840549002,0.7424907072254053,0.6983664829862551,0.7304822330059425,0.723280247682195
1970-08-31,-0.13351294387392532,-0.08271868832884544,0.7988569254003847,-0.4171265780419856,0.13048070597227868,0.9656205825601086,0.7682233559435981,0.691471979134659,0.7456790439180961,0.739764161906921,-0.1715260296335917,-0.01965898361600776,0.7649408458664126,-0.40484473131897564,0.16196183073265064,0.8879889343836964,0.7382140568240274,0.6505173229921654,0.7041340874114262,0.6835098151860391
1970-09-30,-0.22931232292564768,0.3102315675020812,0.9474829702674965,-0.42299767458691123,0.20110462077705502,0.9629366903122003,0.517125479713966,0.6944684813104403,0.7468962075286298,0.7410865019243531,-0.2787700662424722,0.35296190654629805,0.8810674135929832,-0.4390741076581392,0.2491176461350688,0.8819841186602015,0.5290319979841099,0.6657106846923903,0.7100213350130876,0.6948646067140153
1970-10-31,-0.4155714842501169,0.3297889705589111,0.943841557069725,-0.5330561223837113,0.27112059398327826,0.963931767645136,0.5059033919663835,0.7372207090382967,0.77232746995828,0.7703671848868385,-0.34033752919943167,0.29948066310843324,0.8762344248181023,-0.4435837439983827,0.24057449091744307,0.8869342763974656,0.46435250476334483,0.6957699448356816,0.728872523356161,0.71890062364974
1970-11-30,-0.4007132614400987,0.9489614908099383,0.3778604659539349,-0.622792740029352,0.3338593033484694,0.9620535225908692,0.5172733394255962,0.728313267964925,0.7666304018578324,0.7598619786257453,-0.34221440762311633,0.8816011025289935,0.3668827104730935,-0.5274674809205475,0.30733453803065847,0.882179390096384,0.4870115465012635,0.6874874130215712,0.7207998496736844,0.7147981604443608
1970-12-31,-0.46985393585133545,0.26665918638131175,0.8887738559276894,-0.6665569075053142,0.3318144688837507,0.9639293047549069,0.4806208273430613,0.7232780479897671,0.7556547042373163,0.7605722351053927,-0.39055288942219624,0.24878440908378124,0.8197017402964648,-0.5557871540661027,0.30132547904077317,0.8864064141465113,0.44349537348189133,0.677785994755103,0.7098271798824678,0.7066455466480124
1971-01-31,-0.6426368761237276,0.12093983355809573,0.9241024067866718,-0.7228179663330767,0.45455712981285784,0.9579404354120241,0.36798127475086045,0.714250438977433,0.7524509501307831,0.750596173488116,-0.5308519933852667,0.12818079939636526,0.8631504355473307,-0.6091488394308393,0.42281291015112854,0.8798992635331523,0.3497315332179463,0.6644106436104934,0.7036335709519165,0.6950791501929389
1971-02-28,-0.6429792383994741,0.2591062017406167,0.9386540363975031,-0.7704008621412468,0.49171322535234063,0.9561316211457844,0.46498871248207396,0.7027133159900034,0.7388313197497178,0.7401399527394592,-0.5412116188995069,0.26650652697047555,0.8752081986524376,-0.6533533239593432,0.4670382316090972,0.8770569700243234,0.4504092193552425,0.6569665662514921,0.6908494672988748,0.685511710056963
1971-03-31,-0.6773196557043574,0.6944053097237083,0.9421916196468231,-0.7994591847741134,0.5099162378921205,0.9558907764939805,0.5102700578542099,0.7044046303930559,0.7379116895790597,0.7370317589536565,-0.5324766930567091,0.6371004863897931,0.874312275528659,-0.6488571763269335,0.45947378578553166,0.8758348757508392,0.4700382148576041,0.6630768252803894,0.6897716731478332,0.6868013941469671
1971-04-30,-0.6607395437086473,0.33922938534244035,0.9222923230913606,-0.8314651188130932,0.522241114105564,0.9586004902679183,0.5565044895402856,0.702776701522516,0.7345044779986364,0.7381867211092147,-0.5210694288868799,0.30587764910261034,0.8532854097402702,-0.6716866197998286,0.4676071549250363,0.8795153836264662,0.5091371996527497,0.6569021580973693,0.6855660679576758,0.6843348867834609
1971-05-31,-0.7669971794840332,0.4828381135237708,0.9457753106901239,-0.836542993112656,0.5558869141800271,0.9541925288056436,0.6025841977170394,0.6922220891820796,0.7281012864934737,0.7289546472923898,-0.5986705282946297,0.44635518089468496,0.8750447879972145,-0.6793018988725895,0.5062852456718293,0.8730799677745611,0.5596325867033197,0.6484303244094186,0.6792601202739873,0.6751026121881364
1971-06-30,-0.606371807432522,0.9543150884359098,0.9475828978519188,-0.8529526470088605,0.49747998206577104,0.9583301378332311,0.6512357788091249,0.6799853682187317,0.7197344946894687,0.7186604598175906,-0.4497606537761448,0.8834464456813456,0.8772604083409956,-0.6699741180876733,0.4242366990043984,0.8750007398078148,0.5839650827229884,0.6413916729179194,0.6699686854397136,0.6693990788285287
1971-07-31,-0.4607009015533065,0.8095039606991898,0.8711831080905761,-0.8374816869094708,0.46179706785041214,0.9603823759046158,0.6307218414625151,0.6780985239713243,0.7192763070776164,0.7223593030446377,-0.3214805022423142,0.7218770862221185,0.8181062320485247,-0.6480407711861733,0.37634212512755477,0.8774474851627595,0.5515826629135829,0.6439172460300303,0.6742286290420655,0.6795505794956557
1971-08-31,-0.5541583810317645,0.9449802384470987,0.9522762344321027,-0.8183490049654112,0.4551825110368537,0.9593819298350523,0.624667833054688,0.6833063252491052,0.7258662333282533,0.7296161808658592,-0.42309776450742853,0.8740855418414802,0.8799827158380907,-0.650736864420865,0.3971524080542158,0.8764594254927934,0.567151598095193,0.6475119209543522,0.6812870639213088,0.681553167067341
1971-09-30,-0.08772954695651806,0.40440673530937676,0.5945087852739523,-0.796958806935909,0.4866857155842319,0.9623144216789383,0.6382664083120102,0.684228612351929,0.731690631468404,0.732438530356261,-0.12248897744678419,0.4015957165531199,0.5765194280350614,-0.6667906625861216,0.4682735398276565,0.8834524524068814,0.6128500843637658,0.6431591110258659,0.6888507724064625,0.6878920125403758
1971-10-31,-0.6392192476795047,0.8826968351795943,0.9343804854609923,-0.7021168754210527,0.4733697755969734,0.958471895613987,0.6238470848202587,0.6890652669953359,0.7332941719022861,0.7371460797509006,-0.5172704955990525,0.821810440612228,0.8593535772540888,-0.5904144909796698,0.44099566728706,0.8765954124992559,0.5847025876941194,0.6549418868059464,0.6889270582384255,0.6867047461189808
1971-11-30,-0.5195263974650243,0.9535598653408526,0.8672587630093582,-0.6968935499289901,0.36580856290074687,0.9590213819810696,0.6143881599072998,0.6782081440059005,0.7238111146208888,0.7254880074328152,-0.3282879121710561,0.889563412900311,0.8296886421747856,-0.5017152642045447,0.25272354042433587,0.8723273977820623,0.5098294208619406,0.6441999103921475,0.6755213726619831,0.6735858150031457
1971-12-31,-0.15257930963921912,0.836125685524081,0.8905645181811755,-0.6991801061534736,0.30983642317854454,0.9625063504448857,0.6116873832115549,0.6885627312617056,0.7355106681247553,0.7330919305821589,-0.08592907619190203,0.754083369119598,0.8330301438699799,-0.5391230180144048,0.2424373195374172,0.8808398083988139,0.5379283264303988,0.6591607795604547,0.6965384702660159,0.6948402669256196
1972-01-31,-0.3836928612469611,-0.33090571514885186,0.8338904659662204,-0.749808277305284,0.44314689278180663,0.9615349708203597,0.6614986437442598,0.6849618044006566,0.7329887932047946,0.7377223279535811,-0.3700171207314488,-0.239116757313407,0.7949716304105312,-0.6500246106566576,0.43717937532255036,0.883966310634789,0.6394334600981237,0.6343977848132676,0.6844927589681155,0.6794118297005257
1972-02-29,-0.6640752563106004,0.5607553101236145,0.8859053357104483,-0.6931927558954476,0.4594920678965841,0.9593243199085091,0.7081080606930905,0.6883481027217004,0.7344072618179482,0.7333820336913595,-0.5375439129066133,0.5280800211621479,0.808248967122916,-0.5857603831145961,0.42734784521210495,0.8780867373131178,0.6634591639396619,0.6507555911259355,0.6879109846087961,0.6801963553085297
1972-03-31,-0.7832698811472493,0.49881618443694825,0.9246196436204357,-0.6993573655627323,0.4634501611900573,0.9561962034046421,0.7530325770212454,0.698378394986684,0.738150755731583,0.7383767734756645,-0.5890598871134836,0.4361423482587753,0.8596757883470021,-0.5532265489042052,0.3981323447668962,0.8743379835257918,0.6844586848981078,0.6580878180509713,0.6908013434097859,0.6832147518724496
1972-04-30,-0.6200368287977149,0.7643537609131323,0.9481128257947444,-0.8205901662644476,0.4901574305324509,0.957584499330807,0.7350922595891565,0.6911437218455204,0.7317317983782033,0.7282334172981447,-0.49354611991371133,0.7076238118481685,0.8784220241409617,-0.6648473208051388,0.44622147327412254,0.8762335242710696,0.6850804461310511,0.6521935162398251,0.6853508236075918,0.6800901053091506
1972-05-31,-0.7091352852633287,0.7894228694368004,0.9302190231140561,-0.8511679111722354,0.48094569654750774,0.9566041422096414,0.7669491783820934,0.6893075809560423,0.7276597193931158,0.7294469401208421,-0.5434258952881362,0.7234099978223703,0.8588574260995803,-0.6795641365955514,0.4265853372148952,0.8743845279865778,0.7069093578473524,0.6489918985451028,0.6793885346810671,0.6784062466985685
1972-06-30,-0.507584227657838,0.6875501986940591,0.8673461278157907,-0.8573800679595874,0.45079310105488135,0.9604246368280382,0.7661966232588646,0.6845226480819702,0.7231309024414077,0.7276865597100728,-0.3866478253607044,0.6179469830122044,0.8037576584656775,-0.6765877701599439,0.3878579149568114,0.878924565699977,0.6983546931621558,0.6464824526870504,0.6771115539420589,0.6790406303748249
1972-07-31,-0.712142796248758,0.9422322784095033,0.8075274693633754,-0.8048617385205854,0.4197576484329813,0.957498620936153,0.7218308089369608,0.6784851107560707,0.7214292291429655,0.724146630813017,-0.5173476463077511,0.8633267876573759,0.7565513529679307,-0.6265580337919335,0.34127773412077683,0.8722585400559283,0.6439818287295235,0.6398618543991238,0.6727937838113475,0.6721414083863452
1972-08-31,-0.576899158212663,0.8603399901149352,0.7383663600445977,-0.8232405187619168,0.39826805831861906,0.9595702362974391,0.6876067711459347,0.6794229015573342,0.7238653396785969,0.7229155729835436,-0.4186265907066743,0.7778045279611502,0.6943718332374643,-0.6433758093650729,0.3215957291808514,0.8755581129295343,0.6110164076547094,0.6422098199665235,0.6770519596385306,0.674879506555277
1972-09-30,-0.5966035411505786,0.45165570680127054,0.9471031370594744,-0.8149178278529142,0.47064939189360544,0.959338544413528,0.7346787582218689,0.6768394642343433,0.7219488012447474,0.7224988895274801,-0.48564449690823813,0.4252324436431712,0.8750164932053277,-0.6664191878603465,0.43421697668127385,0.8788640816115322,0.6875908043005108,0.6361665200772395,0.6760508586363203,0.6711781717093086
1972-10-31,-0.6569086507592543,0.896041038408469,0.9479221295913639,-0.830519785240519,0.4466439546612853,0.9567909474804525,0.8094671484914587,0.6809600290970778,0.7239270414468132,0.7263237431258002,-0.5248608040128055,0.8330066874952626,0.8781705301095057,-0.6760328852293027,0.41444462082927114,0.8742780423259522,0.7578940795128697,0.6447587180064582,0.677906377785475,0.6760375355375381
1972-11-30,-0.46196244812460624,0.75607352699273,0.873533154087801,-0.8053232323239371,0.4012303728952337,0.9601800471060232,0.8052466242480713,0.6875391142141912,0.7260728034755389,0.7322084234254548,-0.3374174902096277,0.6761093154397232,0.8148456716474485,-0.6274804583865639,0.3308563227630943,0.8781308436679467,0.7301534320370249,0.6515643823644702,0.6806696382761878,0.6846125069489052
1972-12-31,-0.6564260049085909,0.27539841303198953,0.8622072512861038,-0.7992360116512636,0.48810057520874994,0.9572543638395696,0.8229783925538128,0.6851924029070893,0.7278525965385039,0.7326279403219056,-0.5312383110599022,0.26595934365373025,0.8070196751421921,-0.6564409238631566,0.4513791349903249,0.8776775978488716,0.7704308202190759,0.6422974501458907,0.6817806529194614,0.6781510663783583
1973-01-31,-0.6440642693530472,0.7785369801016354,0.8072827201776739,-0.8179394783998764,0.5034353347466306,0.9545040493843938,0.8363348611986946,0.6805422523654817,0.7215150478112814,0.7260358918383948,-0.5394055274495948,0.7387639811554594,0.7694449953602983,-0.6824733825226906,0.484116150955404,0.8722068987683862,0.7928699708631466,0.6451712700745396,0.6762322197998799,0.6764212747069537
1973-02-28,-0.6104582244614019,0.9570885560078845,0.8481792741070425,-0.7864893657588033,0.41190677276424403,0.9569615315096961,0.8419337308880565,0.6752620648608799,0.7158000063265081,0.7245496372939594,-0.4200769583340655,0.8802690011310378,0.8030565515166019,-0.5934736884066212,0.3153152339312489,0.8705599130934254,0.753996649475594,0.6352636504038407,0.662789927083506,0.6710572510739701
1973-03-31,-0.2636905545069149,0.9458870503210824,0.7828333482654043,-0.7928466561484245,0.30657006345788584,0.9526867398768485,0.8159477431051926,0.6555631602080999,0.7073605506960897,0.711395185361963,-0.10021030364844569,0.88577317662406,0.769386865647685,-0.5721463412396022,0.18068930874913644,0.8614497466124822,0.7104583311037393,0.6297594811000014,0.6645593029487515,0.668201669179274
1973-04-30,-0.21296973814854303,0.8899843937393206,0.9511142330513069,-0.7551493902598556,0.31323547300545634,0.9588825598893143,0.850632275279898,0.6802825107920114,0.7282407517225229,0.7286793731913204,-0.14772902831701507,0.8131157145210813,0.8809146358759986,-0.5896740039087437,0.25644852863659884,0.8762143366068501,0.7785642484304235,0.6531759791481867,0.6905150803819776,0.6880954420292337
1973-05-31,-0.21522152810088746,0.9085868291677056,0.9083631855830537,-0.6846355592686156,0.24268118330401883,0.9590565474700309,0.7882770139770524,0.6987785009414179,0.7419403573408597,0.7466846432406525,-0.14921511487295178,0.8427223649107535,0.8445861875307671,-0.5377133158788062,0.1886196807976844,0.8760295163172904,0.7155906487083308,0.6678828283002327,0.7043144437566937,0.7026101967494258
1973-06-30,0.08522136940261095,0.9499461228528063,0.8828098251977528,-0.5817565389431456,0.1644433752862837,0.9571558210632598,0.8145496756286916,0.6911136580974919,0.7388951233005383,0.740661537602596,0.13999958079925207,0.8681626981905844,0.835021209501344,-0.4163433733769964,0.08329857391564846,0.8720635888127825,0.7236027001713948,0.6706421426619006,0.7054112591533054,0.7050891512769065
1973-07-31,-0.0833990811183519,0.9065410284763605,0.9438796967818565,-0.526251452136624,0.13546343183033369,0.960489751514444,0.8370981760598099,0.7092455253240216,0.7526463467895644,0.7553561450492904,-0.05646683952190826,0.8335982200731691,0.8746718894369798,-0.4212149048792249,0.1050032639698333,0.8792020317669891,0.7683671217492043,0.6843634555804983,0.7196656422475196,0.7139372123876053
1973-08-31,-0.18763447597213848,0.2174980604604646,-0.1238741312664269,-0.5413193315105913,0.20064452022391288,0.9643405268382945,0.8688526063193762,0.6973542434835258,0.7474448527489279,0.7481594187678362,-0.21957057105507,0.2420236164588774,-0.048666953566176945,-0.5018236641953885,0.2175324726561136,0.8840419053557099,0.8243271292080702,0.6504037828269235,0.7005408001630903,0.6937580746471171
1973-09-30,-0.3774176380004434,0.9581072271573939,0.9471004103071151,-0.5160911301397868,0.09291330617905798,0.9618861179207897,0.8090344907988233,0.6969645277553144,0.7448516172855927,0.749258721302189,-0.3215702516302884,0.8847708270818025,0.8782693733749828,-0.4436754171414548,0.09331074828913022,0.880904829155097,0.7553026432086632,0.6683418139925669,0.705483308757955,0.6999399977076671
1973-10-31,-0.44102145017285543,0.23012872631149986,0.9501316263045257,-0.5866637260681772,0.09782112781307913,0.9634281744772678,0.7288607902347536,0.7143151126585846,0.7592139422730749,0.7578168930866739,-0.3396906736681772,0.18985816426272095,0.882173417061986,-0.46504841883353665,0.0670575716261879,0.8869449661709391,0.6647130873815417,0.6756986169958147,0.7183189277056014,0.7049425770033634
1973-11-30,-0.3105947117546362,0.8798933957346274,0.9428818303899168,-0.6687997135152678,0.13131625063564115,0.9625652897213014,0.8384766340846114,0.7022005404670609,0.7474249189350258,0.7422038051028291,-0.28155635104903837,0.821008679863003,0.8760198426389976,-0.564568926221062,0.1376105394571301,0.8824174107119571,0.786833157659308,0.6705746079723571,0.7061939895365978,0.695897890583498
1973-12-31,0.2662573956929755,0.1425395594603316,0.43820072808309385,-0.6326782669710648,-0.14139640016493435,0.9523753992770166,0.7881341004142303,0.6706533643220519,0.7278840777034762,0.7301526171927982,0.3437239568722074,0.22971391897569365,0.48607046065707127,-0.42529109105879603,-0.23585363255608288,0.864931057878221,0.6765759274924902,0.6215932685871421,0.6719040086183418,0.6751019469801013
1974-01-31,0.3069142052417793,0.7297705439911605,0.9573744521223542,-0.5303148994538863,-0.22716548519755872,0.9600307605942411,0.8150587482213294,0.6580965373255723,0.7282998784206991,0.7258990513101675,0.312433096487367,0.6432702303107442,0.8920117271361173,-0.38710507571121433,-0.23795782919665062,0.8804166619420667,0.7330141430630532,0.6419167694218698,0.6979985055041896,0.6872934444695978
1974-02-28,0.0591442963374897,0.8468109787755541,-0.0795299561089063,-0.44892247056813744,-0.13181634400665307,0.9636619058959482,0.9196995550543975,0.6773021150988306,0.7276239681375426,0.732355871126443,-0.06536858971751429,0.8218008992436877,0.027035400906586887,-0.47484590316679937,-0.03182141467812927,0.8817966541626127,0.8789315678960611,0.6492408440540939,0.6878495572103643,0.6874446242531763
1974-03-31,-0.16144374051745908,0.846403521591716,0.9542631351843622,-0.31960545960299225,-0.2505012757942278,0.9624464885504587,0.8863938983485142,0.7177150875028282,0.7578159773661319,0.7616940212990364,-0.1291493521650319,0.7778544766109639,0.883495237226611,-0.26283409839280686,-0.2196997208925674,0.8821910123304714,0.82061461563239,0.6904595452331902,0.722151949892773,0.7118789478735744
1974-04-30,-0.17031847976195563,0.9556215633387579,0.7551657372316021,-0.38937016984713185,-0.19555761352284204,0.9642319319477467,0.9096178889082133,0.7235052851152471,0.7687376545901611,0.7591190430903237,-0.10399881177767038,0.8824417308325807,0.6780040449459545,-0.28838790350530424,-0.2001487697536671,0.8842469701800444,0.8379376505345735,0.6960891926948811,0.7327120122570108,0.712897741042011
1974-05-31,-0.14934540172744917,0.9309484163368964,0.8622755293380233,-0.4759124676499265,-0.3602064905569761,0.956830353399504,0.8779733700380785,0.7189138043807701,0.7643249772959859,0.7555542818156078,-0.06957359466089162,0.8709766919571325,0.8148485155535534,-0.34668982651861857,-0.35793532958814245,0.8739781766776888,0.7966549488342956,0.6844711598097002,0.7219579068892015,0.7062019245341264
1974-06-30,-0.0489546575972301,0.9508988484732573,0.7296228309267802,-0.5084118360473648,-0.4576740860631281,0.9492043069285839,0.8364833804011206,0.6973294945688185,0.7477277291908616,0.741429650490215,0.05114488291615296,0.8886810020229805,0.7180484228785478,-0.3404067426985946,-0.46462000266948233,0.8626307288523258,0.739844506089813,0.672803592567713,0.7120630458198428,0.6951183306258436
1974-07-31,-0.04352326661388635,0.9495097643945386,0.8926666218445586,-0.5283116182514278,-0.45081111111585526,0.9576272703018055,0.8025164325655779,0.7100942378012455,0.7548660954223779,0.7417997079754534,-0.021684444255266,0.8778265301039428,0.8291840694810535,-0.4242808033026935,-0.4003329015769472,0.8774165653857038,0.7333746741464283,0.6825142696850921,0.7208619456451013,0.6948117381465839
1974-08-31,0.29449258361233216,0.7315111440761389,0.9588088862305822,-0.5039706475884643,-0.6852271330851035,0.9563023026097358,0.8155156614865046,0.7186535318149939,0.7604311440303696,0.7476508596244927,0.26623954190529103,0.6773210780831553,0.8887890282805535,-0.40119844038007835,-0.5811294163508511,0.8774809695465571,0.7443857751914316,0.6898058158759379,0.729413483813304,0.7009304171939459
1974-09-30,0.3085469227193144,0.5962323120668509,0.9191887941604597,-0.39196701742855655,-0.7709744817506783,0.9537716572576211,0.8033308843482578,0.7124040958649611,0.7608027374142246,0.7399790357430229,0.3101321274476827,0.5754000502441614,0.8413762484486882,-0.278176194993184,-0.6607382996609712,0.87328802745044,0.7189534303753218,0.6865769185175539,0.7290327251360267,0.6928991458266744
1974-10-31,0.5005427477535467,0.2597464673541893,0.8186610183668973,-0.31775354412316825,-0.8990722486100424,0.954050129305465,0.7060913392955958,0.7222860667497958,0.7625922091496783,0.7440720991158473,0.4582623552988946,0.2588768420438573,0.745488548343928,-0.23730777377770831,-0.7347318904624512,0.8750996592111242,0.62865718658401,0.6917969419335253,0.7332866372279023,0.6946272997190768
1974-11-30,0.5378108076472334,-0.9560555081212294,-0.035125191032125205,-0.23542996198497992,-0.8710990500672857,0.9633958915897627,0.5657152796091393,0.7000207846441742,0.7539850006282596,0.724262923242057,0.44639158668386214,-0.8313405668780911,-0.004646795731347096,-0.23821593724935994,-0.7329862312587131,0.8880491949651365,0.5371772611696453,0.644967277391173,0.7086423885088573,0.6616567134107627
1974-12-31,0.11750287833406226,0.9499054009932036,0.9267651024515501,-0.16235214936687803,-0.8282450071239132,0.9617850435619327,0.06989146446167596,0.695717992577883,0.7570483114070289,0.7174011397548937,0.06384677196269319,0.8716737962140073,0.8487755231850606,-0.17661826413064086,-0.6626275086141671,0.8819305943973182,0.07415826303418632,0.6703344814917136,0.7207508051904328,0.6771395390429649
1975-01-31,0.18507656129992525,0.9591680416132866,0.9317773212830782,-0.15170473002185453,-0.8909258134291447,0.9568507207739434,0.015505613528146797,0.7114694383480673,0.759847683131005,0.7324006168296351,0.1983666355988169,0.8878330940049384,0.8709408854468469,-0.08836620474031669,-0.7293266168240423,0.8770560010475627,-0.03484890368046086,0.680939714206104,0.7226830883199744,0.6879582510410582
1975-02-28,0.15691882006241992,-0.8839873543568603,-0.8890657918256345,-0.27198797939870367,-0.7793857540576573,0.964287498614773,-0.1657103930784305,0.7151909656658729,0.7676833427932198,0.7363634070589972,0.10237709670094397,-0.7894816098658338,-0.7892137529041029,-0.26799086594932336,-0.6854143830238011,0.8843915028480579,-0.15060466011683768,0.6393394393036862,0.7095803471649077,0.6699248805547017
1975-03-31,-0.14486600611370365,0.1563889083585262,0.7425140048710444,-0.4057251493603623,-0.5473479741510526,0.9625693265288602,-0.15969789624104402,0.6583726715254596,0.7288453762361466,0.6978348146103608,-0.2073767297334518,0.2089900283656714,0.7246443208884535,-0.4239860355611202,-0.4117938884382069,0.8798363805276121,-0.0858247878676686,0.6122124334405643,0.6788977776062834,0.6424491124770222
1975-04-30,-0.13366422630577193,0.565760893934853,0.8519918335820246,-0.4547188759392081,-0.4352305845754513,0.9613120482445069,0.0528938043598205,0.7035716603794758,0.7552639468225709,0.7270321712901681,-0.18194264760934903,0.5617991220801165,0.8120170617985,-0.4448222106602037,-0.31940895396059904,0.8814540157103634,0.09764827938162719,0.6655179746127792,0.7109607042397078,0.6785299328849462
1975-05-31,-0.11661799619650434,0.32066307482452994,0.8956882412864637,-0.4752726624757263,-0.4125364185453446,0.9666314532845741,0.19445664868406348,0.7335581025216694,0.7688405385866609,0.7543944092609577,-0.10338435210009812,0.29514328280894103,0.8299063908546583,-0.4011148992186761,-0.3516330405509612,0.8904812326621433,0.17484625481988178,0.6894234816442707,0.7245146672961386,0.7006400993336425
1975-06-30,-0.21700527460128544,0.20437428528156115,0.827505206109984,-0.539067453089713,-0.23171072549768024,0.9631502633898151,0.0684606718954178,0.7321555692750331,0.7718532752317163,0.7572616085464897,-0.21180248625993828,0.2070997676953984,0.7782655536613632,-0.47546594291656685,-0.17927923053355432,0.8863598376807362,0.08225903007274123,0.6825511143814775,0.7267250721646432,0.703414404318581
1975-07-31,-0.3490258245872018,0.2728132236438807,0.8711779366600001,-0.5703793104772986,-0.13369071487996143,0.96037485760917,0.02366015801255107,0.7220787020569206,0.7592779097668563,0.7525790353924424,-0.34817021264018655,0.29263138375233316,0.8258892968568134,-0.5281492362916855,-0.07090563636864106,0.8819819384096221,0.06428365067758009,0.6750202883031708,0.7146238006122652,0.6971361457873249
1975-08-31,-0.3170707678779174,0.8375723621539917,0.9591279376239563,-0.580082027226646,-0.19416883915554634,0.9657097997146749,0.0821758598182426,0.7065145441798619,0.7513696082803678,0.7373489300760983,-0.23369137610847648,0.7883841873060619,0.8906482613080897,-0.4582551557243178,-0.20124548555330715,0.8867321858289443,0.04558563173502308,0.6638692418586706,0.7008040713327816,0.6830981768005452
1975-09-30,-0.05269543572035272,0.9581614200843152,0.9570275583700436,-0.610770425993942,-0.32203485729956666,0.9663199791106202,0.14606077176149107,0.7028706955213927,0.7514823000108904,0.7417754966151676,-0.0011222987776395366,0.8861169861369383,0.892001192084308,-0.4708694662229612,-0.31411493814411806,0.8888004903921417,0.09524948712352456,0.6677339684258653,0.7092767858260373,0.6963891523736595
1975-10-31,-0.0776322756300671,0.9560752434881964,0.9215026506650167,-0.6022409175351106,-0.32304861769416826,0.9660898481975565,0.12748013612205383,0.716205876950727,0.7602248195694242,0.7531164575796244,-0.07796472226096651,0.8853413580375278,0.8516042514130018,-0.5093013358581053,-0.2745075412965149,0.888069718802825,0.1142079115669449,0.6778301652626972,0.718808561345474,0.7056364873841887
1975-11-30,-0.14255822420918032,0.168752696028173,0.9507871493385562,-0.5722985830595632,-0.21469267317480098,0.9661355961605649,0.08063590352616412,0.7103876676024972,0.7579365434123129,0.7505676533605874,-0.1585955912784383,0.1860287908616851,0.885224152766192,-0.5093950511452973,-0.15665929115546484,0.8895650843759975,0.09860645198173237,0.6615608204746558,0.7135219182906208,0.6949500365712774
1975-12-31,-0.5211165358136075,0.5456929818322004,0.675464124215444,-0.5322136379908068,-0.21143554874564724,0.9671666251507018,0.04563098889115877,0.7094956826213183,0.7559404142784016,0.7424602048006952,-0.46445592208884656,0.526431547285205,0.5941387510337738,-0.4866366099893795,-0.16334931929832233,0.8880143519450899,0.05883063347918339,0.6642226243589434,0.709028416789404,0.6858918500121728
1976-01-31,-0.30398749485035786,0.9251330886314079,0.8639499440319223,-0.6129050182201338,-0.25099450980266874,0.965102044968325,0.058039797873033296,0.7147515388845243,0.7586914034241123,0.7449186941791031,-0.25169827547476625,0.8569963217351726,0.8024845892864232,-0.5087712082655269,-0.22134641230295177,0.8868430644383398,0.0515993342013359,0.6725217817421898,0.7140225761309016,0.6940292985221082
1976-02-29,-0.18011998986729827,-0.7452549454153305,0.8992685885841869,-0.6690517125682005,-0.12858048837794958,0.9636930239962667,0.040245386007504366,0.7151140460614096,0.7572429205093267,0.748579484233489,-0.19272459189212374,-0.627469817240367,0.8442389810908761,-0.5934179187496846,-0.08876909363785093,0.8885414385841217,0.05992184416909287,0.6522785334840946,0.7073267373873213,0.6824269051845036
1976-03-31,-0.3564923868632341,0.7889165388624044,0.696498513241917,-0.6560282047941393,-0.1541933371701875,0.9679605358877537,0.1148691978588366,0.6933666796856239,0.7443060295352182,0.7315695892085508,-0.28758794485712746,0.7223108834937296,0.6429490170806061,-0.5381152392309327,-0.15118882654068,0.8881970281383139,0.08601043319245297,0.6509969980170728,0.693711035696274,0.6798084953811993
1976-04-30,-0.34220907025928576,0.5969727150182423,0.7503061053752788,-0.637186221493157,-0.14429875711449247,0.9632414340833216,0.24892396793025612,0.7053411373739362,0.7512108494721597,0.7468220128178809,-0.30534687299835,0.5591889276846805,0.7063973208634656,-0.5451482410651077,-0.11057783946282318,0.8857115951858204,0.24126573682573446,0.6607019513880453,0.7053667271795881,0.6937692830087338
1976-05-31,-0.43512350351509366,0.9223981872852997,0.9339977183177174,-0.6512010993977809,-0.17849818360392736,0.9610389008478115,0.2970079552224729,0.7077603422198918,0.7477433258382123,0.745397657127877,-0.4005811333442384,0.8648484981781284,0.8741489531652091,-0.5767390944651064,-0.11868846934993336,0.8808228975015033,0.3031664895070197,0.6701483854424388,0.7045745459230852,0.6930020382170021
1976-06-30,-0.4310301350060057,0.9031299529846681,0.888074624850482,-0.6687831319741747,-0.27495638154786145,0.9639035989230028,0.49004680106293075,0.7090992409235907,0.747678251566937,0.7442540047204201,-0.31886046162947856,0.8256285150606021,0.8322685922967391,-0.5228822495914759,-0.2723652742562833,0.8838365919284906,0.4205370967702011,0.6687718575289104,0.7000736880649464,0.6889993929804267
1976-07-31,-0.4422588440244919,0.34514852419513864,0.9462704650622648,-0.6985998171605764,-0.2712501006776613,0.9637613940203269,0.530220451729069,0.7071317927576672,0.7492468083270216,0.7423843105147749,-0.37435114880111897,0.32167662206127245,0.8773953540780847,-0.5830971138923885,-0.23060333286176585,0.8861826139674738,0.49149873655033416,0.6613503810372588,0.7038278020744512,0.683547309545271
1976-08-31,-0.6615433378039163,0.8986081684405643,0.9460209982699043,-0.728571356915735,-0.2345570471375844,0.9579231573569083,0.5441825886638931,0.6961632822440109,0.73903090656168,0.7290532779757242,-0.5547270705951508,0.8412848253777567,0.8805872780839826,-0.6250687580917685,-0.1763833417628811,0.8764796988763667,0.5220505905767582,0.6551592986334024,0.6916016337510834,0.6712672394651006
1976-09-30,-0.5196175955651541,0.8536589202051195,0.760190866163287,-0.7569822814746991,-0.3119558434495217,0.9634235269705791,0.5693887931987069,0.6998446230825119,0.7377513171532237,0.7306265011066375,-0.40404680628109363,0.7805402725165786,0.7076319872207912,-0.6086640359038993,-0.29602547266754237,0.882760971045194,0.5056222351096034,0.6552599565066497,0.686957995914204,0.6731792098904581
1976-10-31,-0.4618070233169105,0.5958358777786436,0.9121512287543444,-0.7695144705583451,-0.2779063455452958,0.9626764810852831,0.7081729769853288,0.6921130407610808,0.7343120532595225,0.7286836087443788,-0.36723477140327293,0.5380219502668363,0.8465914681895208,-0.6206610547585517,-0.2541366325204071,0.8833151485189363,0.6469177986741796,0.6507478607980163,0.6887963411793117,0.672035901508818
1976-11-30,-0.3196679179478167,0.9473827030799559,0.9535393587830637,-0.7795473044689593,-0.36494229551137136,0.9624062020231688,0.7374341758653701,0.6927642353308506,0.7365350378836132,0.7294981610739918,-0.27220386559288573,0.8787160936123652,0.883593659137623,-0.6387392887413577,-0.3088213151979096,0.8825762922628553,0.6852506870309913,0.6556928413358996,0.6924628288414794,0.6763150899595471
1976-12-31,-0.367088140836096,0.778707978293273,0.9482662619809191,-0.7134978983624376,-0.4016112363842606,0.9623583843395477,0.7318788614230494,0.6978687002749678,0.7405499336447178,0.7343705020189434,-0.29473732710070333,0.7144416291851402,0.8796184191924186,-0.5788317038551116,-0.3530209040878827,0.8831982102535454,0.6720140568278807,0.6602522201826444,0.6973182697524283,0.6788288607988948
1977-01-31,-0.6217973407716336,0.13624089168536044,0.8368015191783096,-0.709653386986957,-0.3113778311110582,0.9574386770350702,0.6594397868322215,0.6926256339029822,0.7367866478520471,0.7284640429168787,-0.5437565737324461,0.16218168389553367,0.7949192735635959,-0.6221000770856814,-0.23793490323993075,0.877952259514416,0.6335190855776444,0.6423228573625941,0.6880052302898882,0.6619318121114057
1977-02-28,-0.5378378100079783,0.9542339223896591,0.9482601938633352,-0.7279510620019937,-0.38651991773385624,0.9612168077030699,0.6306724973302519,0.6841086033440399,0.7303026173438013,0.7162968538113231,-0.4389941504535465,0.8838433494386578,0.8772819568660388,-0.6017368879174717,-0.33407516898653616,0.880053902713394,0.5813301227265139,0.644824449197433,0.681252191097928,0.659579931911552
1977-03-31,-0.7361351717900126,0.9296945541799265,0.953162173219329,-0.7513924057496821,-0.4443112362454009,0.9574468950415287,0.6605294820586911,0.6856217677763858,0.7330325156103048,0.7178540393771766,-0.5644025386372392,0.8554234906651397,0.8835185648315573,-0.596986939603465,-0.40742202314551745,0.8753501939387203,0.5922284879637314,0.6451035207500928,0.6849563142748434,0.6579021864073697
1977-04-30,-0.5589794980933871,0.9090334223239526,0.9508145661292878,-0.8300611309090936,-0.44872130518131953,0.9596346069789282,0.7151773279167064,0.6817251635281029,0.7258593904934764,0.7102704287057185,-0.47553425451605813,0.848429380932623,0.8799172564400408,-0.6898507579031419,-0.36618309772789287,0.8787061794277428,0.6734644133338914,0.6407542947484647,0.6784559024244613,0.6526525438999361
1977-05-31,-0.41869560193313454,0.7944559544265996,0.8462409307684254,-0.8137978210345627,-0.5180856657711316,0.9616700472901881,0.6942519581301837,0.6847689598842225,0.725880221460434,0.7149079651217428,-0.3339797679361984,0.7273772884851925,0.78371511219978,-0.6580617864953936,-0.45605333818657395,0.881277880933076,0.6320588158740567,0.6427205464414066,0.6781346847033142,0.657772676516497
1977-06-30,-0.5567657585125354,0.9050861375181892,0.9181975690753178,-0.7924744921363088,-0.5444110875968292,0.9595672256809858,0.7358316242147064,0.6827523088709632,0.7274955539782678,0.716626643854242,-0.4369873918007025,0.833284763030097,0.8519181894452152,-0.6384372160997327,-0.47958518242154047,0.8780490023966181,0.6705494046154168,0.6421298109868872,0.680053965080303,0.656043659148321
1977-07-31,-0.616263812595174,0.2412662045799656,0.9295265011856104,-0.7635982988185408,-0.533007030369649,0.959755240067919,0.7584598250529913,0.6852758181014484,0.7303402313432108,0.7152838086572699,-0.5162411863644758,0.2320037813162483,0.8576779619959708,-0.640103231189733,-0.4530043202678913,0.8804373421235425,0.7091047008588282,0.6366679192792649,0.68150012233588,0.6477179845515239
1977-08-31,-0.5857404675739225,0.9215055064160452,0.9526729432844377,-0.775271196081733,-0.5391964700218979,0.9589341749377713,0.7670324388065559,0.6782247632216736,0.7248211494011936,0.7053543917529512,-0.48167576699414955,0.8550358263972953,0.8818410446101875,-0.6419870008517108,-0.4542721601038818,0.8773270009692032,0.7144321425580299,0.6387966786622983,0.67693281298174,0.6463519338543504
1977-09-30,-0.577569384888216,0.9155988750167694,0.8979753514382594,-0.7888104737351349,-0.6185937223276052,0.9575952305354294,0.8019129876162836,0.6822871726753643,0.7274600915046316,0.7101676153167904,-0.4410950651521965,0.840601105886905,0.8375649101606091,-0.6277446824601565,-0.5502972487005401,0.8754767618902919,0.7289896332400232,0.6403978091484945,0.6771696525384148,0.6493410988046331
1977-10-31,-0.6542111987627899,0.8300816848226551,0.9530029522992747,-0.8006947825494859,-0.6428648944063258,0.9573074173136236,0.7940854391995518,0.6769057112091028,0.7238921072401843,0.7057608553601611,-0.5252558877870093,0.7664777170492248,0.8826815117750019,-0.6553982195742157,-0.548910045547229,0.8755039358197308,0.7350071058868602,0.6343115501827975,0.675554755863011,0.6422869866236468
1977-11-30,-0.5021706324600178,0.9484275244194876,0.9416654812081812,-0.8119921037360379,-0.7020864339401468,0.9583976481638962,0.8027012111316217,0.6752338655509248,0.7216174912447296,0.700808964651288,-0.4093747674281067,0.8778445742554458,0.8727324639546644,-0.6643937278454065,-0.5938178319949742,0.8767450507790208,0.743941441718032,0.6350647608672936,0.6740594927860543,0.6410154766406052
1977-12-31,-0.2888655706371675,0.3408415110332181,0.92746665780328,-0.8037406155783904,-0.6899060195461222,0.9613508381680897,0.8132387375443424,0.6779209181419035,0.7255268645792958,0.7045155503355958,-0.25111281658464507,0.3180924551353066,0.8615007442006305,-0.6626082142636566,-0.5798728536347565,0.8831484899889684,0.7587115931092291,0.6335046033672559,0.6792935224563227,0.6433277002038714
1978-01-31,-0.5712956644497408,0.7864606985320065,0.9233157005986669,-0.7550263417713724,-0.7114065378884443,0.9580902604575418,0.8375665194023173,0.6778422611200082,0.7265183943793462,0.7048310221464616,-0.4757130717962122,0.7318178278244561,0.850220487917439,-0.6300410478396925,-0.5960454109605046,0.8767704732617893,0.7803276518009905,0.6372206370388867,0.6782715450997949,0.6421154469018857
1978-02-28,-0.3863294058248579,0.892688699039084,0.9548276360210616,-0.708331608062294,-0.7921175920555131,0.9548533713599855,0.8244881136438619,0.6686892269925383,0.7218809698624612,0.6952650320361967,-0.2572666154690571,0.8432121714847687,0.8815951168524605,-0.5374782839812058,-0.6920709377076053,0.8709757720989779,0.7388185624905717,0.6311539731285043,0.6735742099285633,0.6339942357707891
1978-03-31,-0.512729074758835,0.8912815725923373,0.9541206807383729,-0.6964318880484806,-0.8032928830518355,0.9551345966150302,0.8549736947442961,0.6751958087994432,0.7281601662337833,0.6986341025866287,-0.39350850379621755,0.8177933314567054,0.8828207737684948,-0.5557327994809003,-0.6847474688671078,0.8726729418844308,0.7841786944451818,0.6384225983244696,0.6825452986460288,0.6390000762072303
1978-04-30,-0.5719662698573256,0.4885616653853367,0.9187257938015735,-0.760971710672892,-0.7965027851327996,0.9566153491161568,0.862254463531347,0.6778827685570009,0.7255213945397211,0.6982316484166554,-0.4897495375314189,0.4672021399027481,0.8434636075960874,-0.6445562326751256,-0.6646484766659718,0.8761595689565845,0.8084407946237478,0.6327460800323709,0.6767027043982682,0.6322263786532657
1978-05-31,-0.20450208187365074,-0.2529923661148265,0.9384403355439656,-0.7628875616703504,-0.7510550114542339,0.9598727355929207,0.86122720918669,0.6786184171492199,0.7263424975513219,0.7001291397263164,-0.19070536502806942,-0.21060506929221662,0.8668122920118622,-0.6372636869924624,-0.6330932398452576,0.8826732281418612,0.8054123296921782,0.6292599554465244,0.6782248202306767,0.6344779873273916
1978-06-30,-0.37801918693215975,0.6254575349574949,0.9345613150915695,-0.7206602113221834,-0.6912140763011604,0.9591582416194353,0.8363968777399715,0.6796140775175648,0.7306901455601815,0.7048604488938768,-0.31310105180660025,0.5743494957038988,0.8644358857723526,-0.592693536341006,-0.5859780781633176,0.8791186965622193,0.7752098861309613,0.6402269892454756,0.683473010967586,0.6459518685897891
1978-07-31,-0.3800339316418529,0.9153461252079169,0.9520136227197982,-0.683860984207508,-0.7062986379417753,0.9589723115476478,0.8072049329454727,0.6886054711950016,0.736458534465815,0.7142540258565138,-0.29781565617673234,0.843769951621908,0.8813851144220807,-0.5521297508894066,-0.6029296149537845,0.8781951778791416,0.7411827471397116,0.6516585559303513,0.6907770750773511,0.6564865129250924
1978-08-31,-0.4667517162587489,0.16442660394483988,0.9548385089762483,-0.6486695054349131,-0.7225250897144151,0.9587375260260275,0.8783760913554218,0.6939627050077385,0.7401012286804721,0.7176059549262298,-0.3890536105381842,0.15129294245275052,0.8858643430224045,-0.540270941012191,-0.615612932431559,0.8799840235714188,0.8180371125614402,0.6488804645014691,0.694016876427224,0.6512037082843173
1978-09-30,-0.4223606829324961,0.3782910941623278,0.9516414428950923,-0.7106333446242874,-0.6223115163274255,0.9606587329148955,0.8507026009845686,0.687974087117355,0.7354583601077991,0.7101786606658353,-0.36921271199538025,0.3611051795468753,0.8808664687322375,-0.6000020384755956,-0.5182336820283734,0.8815442309412597,0.7969321451066208,0.6454414383624621,0.6883577106879245,0.6490722089202171
1978-10-31,-0.4172456084389552,0.9092734876644998,0.8168921082931587,-0.7158033365410303,-0.6403536158510958,0.9606493616564101,0.8743874854841281,0.6932123333074259,0.7392276202024725,0.71632897506612,-0.3454263695952755,0.8425723376762763,0.7579693280589245,-0.5913462363491888,-0.5398912869680768,0.8803472334997985,0.814721461423341,0.6543309616084526,0.6925222485367047,0.6586799254719325
1978-11-30,-0.03181760196426192,0.261662792033051,0.8347253412029151,-0.6781079669833673,-0.7710832483709092,0.9484784966376537,0.824477754097206,0.6659385980494715,0.7231875282804415,0.702815954595481,0.05701538738051444,0.3045002740195885,0.8034764599889388,-0.49564239582087544,-0.6942038914303899,0.8643727844338049,0.7294726018189515,0.6164705458619562,0.6673735004141021,0.640599630245239
1978-12-31,0.09372634200171459,0.504547042302004,-0.11552633393322558,-0.6353359387312224,-0.8511840963710097,0.9660543406136095,0.8466751658769678,0.6460866351186849,0.7201090627913711,0.6988069873979277,0.09657943844984618,0.45143393878856913,-0.11103949651673978,-0.5189717595576778,-0.7298336635123188,0.8867672346159177,0.7823886007961955,0.604986647306997,0.6741902540090847,0.6432121133255715
1979-01-31,-0.22254521327627255,0.7276332494230915,0.9102407006527815,-0.568048711673736,-0.8516445406998016,0.9592703441715911,0.847636466742681,0.6649273497617298,0.7259004586738824,0.7050490537395953,-0.24792037286793867,0.7040171102593283,0.8263616338740681,-0.529507360402778,-0.6847477286076707,0.8797636372397374,0.8059009858981253,0.6382007768094918,0.6901375116796334,0.6506957993651937
1979-02-28,-0.39081045558135674,0.30651273919101113,0.5544046851668888,-0.5051727912421442,-0.8368987735353127,0.9629050316467477,0.8097310855935133,0.696365525871344,0.7474285020885164,0.7212562004093436,-0.3137595313084582,0.26787881476762226,0.5041685985640441,-0.4142373970596912,-0.7161646001785906,0.8835866159778585,0.7484159713103511,0.6524835213970261,0.7022917671604598,0.6572171153771915
1979-03-31,-0.45214217557881514,0.9581676512441464,0.9518924414263813,-0.5699610656815846,-0.8843991648175089,0.9560322137906323,0.8133612885758874,0.6888236827729735,0.7412988246015777,0.7069015955459723,-0.3679818006117442,0.8866474937548049,0.8807541972284932,-0.477437625900443,-0.7315531659387031,0.8735462287181092,0.7516490884152691,0.6501437489740117,0.693895962726578,0.6474876709247389
1979-04-30,-0.4682925745239023,0.061395503447815754,0.9519780796569239,-0.6609131400777657,-0.8931894649620811,0.9563503494644867,0.7877259871715723,0.6849392919920314,0.739538267981015,0.7057893866363028,-0.36449740253645,0.030300809936558717,0.881901251293909,-0.5276751487611783,-0.7650441573653161,0.8765070250709918,0.7188772460197802,0.6377434034094379,0.6907719871232042,0.6385896427957357
1979-05-31,-0.5531485650907259,0.8081209988307367,0.9139424296700098,-0.7289696739719329,-0.8854084325123136,0.9557727219621523,0.7468029871330233,0.6759395226722338,0.7281760236951371,0.6904969022518788,-0.4657489983666744,0.7538493097487255,0.8392970648433884,-0.616539477316017,-0.7363238626456317,0.8737877015243849,0.695710701343923,0.6336587290509792,0.6785523270184277,0.6286384983981788
1979-06-30,-0.39419315911497116,0.9298195370365177,0.9530656117028038,-0.7412314506573876,-0.9177884511280947,0.9536736715136769,0.7187256924500829,0.6764862931578002,0.7285703278284794,0.6925968840088572,-0.2907099655328298,0.8540337722777213,0.8805371003567425,-0.5884430462026454,-0.7641503207023256,0.8703749028238008,0.6443309426560507,0.6362773949119097,0.6799767453596958,0.632263732066828
1979-07-31,-0.5940120570104321,0.3529183176214699,0.9541905118062748,-0.7492323628509203,-0.9152553454664019,0.9564010874069313,0.6670895075006957,0.6756307726767703,0.7262736027330599,0.6924707211813923,-0.4995362129518234,0.33275872907449955,0.8847123465179982,-0.632871735175485,-0.7711462049573188,0.8757678937011892,0.6226461254473067,0.6255311390895802,0.6749371454945394,0.6232282160200906
1979-08-31,-0.5254650725409441,0.731479121674425,0.9493221203129004,-0.7733213396256723,-0.9174460858858343,0.9567003902452142,0.6609750778997394,0.6712846288641277,0.7210351510874666,0.6854922276858157,-0.44488990695448233,0.6820110234828136,0.8766160408269291,-0.6501095191374777,-0.7635395029127878,0.8749945267145477,0.6154092991071428,0.6269175851642806,0.6705479662402959,0.6218752511636075
1979-09-30,-0.636040601343846,0.10665568223958835,0.9526455144046058,-0.7657222731368545,-0.8956213896083756,0.9567913382560924,0.6471735527333671,0.6793617244628622,0.7267593595724009,0.6916793954042681,-0.5254922098157803,0.09533414295313641,0.8831256679058137,-0.6378415267478604,-0.7642177310657599,0.876352510591314,0.5965158841415489,0.6253154263607306,0.6732332264858926,0.6194179874686164
1979-10-31,-0.31504702834660936,0.8591322802102682,0.8200575184829278,-0.793979219083974,-0.9037139669148458,0.9559980907553923,0.629993261834942,0.6691569223071582,0.7210650263964468,0.6827084350213003,-0.24727349376277394,0.787904686246769,0.7604721573874128,-0.6450304829591241,-0.7555485573439743,0.8734455327562741,0.5653397638610252,0.6251202474982352,0.6693914481551771,0.6236439110291968
1979-11-30,0.06273875562773053,0.747632362500996,0.8244546061687252,-0.7150013035324181,-0.9176144905938546,0.9446727862639692,0.42487762953423197,0.6552854757264388,0.7145759448450206,0.6783925007131129,0.13878581983878507,0.7284916171631353,0.792765242667727,-0.5329792187514695,-0.7534264243905024,0.8586426133300267,0.31885204900554903,0.6148873624540359,0.665640585316857,0.6228279257634739
1979-12-31,-0.2113525847790978,0.12885890216569232,0.95627340258706,-0.6481889244543385,-0.9399972341461341,0.9573782986298275,0.5421081383095998,0.6648015534041448,0.7265942821568344,0.6965445468909331,-0.17952761353164634,0.11864869556484071,0.8870862248384477,-0.5428558013610845,-0.7868033886240231,0.8786674761806312,0.49740031955548875,0.6186904797348651,0.6793773330102367,0.6319874080782127
1980-01-31,-0.6637518528045743,0.6280486744335806,0.7823426756939801,-0.5858304180363602,-0.9187070933952098,0.957370379774147,0.47044243312530853,0.6743725940560165,0.7284623098478403,0.6892532850813556,-0.5782589295888092,0.6092073479809481,0.6957392992875795,-0.5406446366241936,-0.7682877151690358,0.8759461203490285,0.4542801850416993,0.6308371446437041,0.6799756172465566,0.6253347642068466
1980-02-29,-0.14846698075656048,0.07399099950717167,0.5911016181776266,-0.6353180194110957,-0.9146952889312335,0.9555285738838564,0.43764597336256156,0.6905327040894652,0.7388001164773731,0.7019955582274647,-0.10553976148019129,0.046438671045390296,0.5551934986932524,-0.5141656079859245,-0.7802077623364475,0.8750216088872876,0.3776697249118635,0.6382705126976532,0.6877634957833693,0.6385282718739055
1980-03-31,-0.12624837198970912,0.8739376836782573,0.35547944100749523,-0.6504632584203385,-0.8891431010065054,0.9513854450573269,0.5279424506668967,0.6885907120610585,0.7426292575979828,0.7035790547022854,-0.07186446919599934,0.7977617280283495,0.3467672244508509,-0.5168924767998833,-0.7548292759489037,0.8677899673841871,0.45058385413530416,0.6434451614454362,0.6922635819635425,0.6488647672648784
1980-04-30,0.30476093152940825,0.07193267548537172,-0.02527719721563925,-0.6495652832182038,-0.9467982198534699,0.9647129600177098,0.2777738023866394,0.6964368133288025,0.7477175994883697,0.7119554789860191,0.2918614962115182,0.08422357708391703,-0.038038814386986426,-0.5332846757037071,-0.7999781060449989,0.8869165206492009,0.23197532665836018,0.6411178579016634,0.6992787286798228,0.6505793648822422
1980-05-31,0.004022291618277067,0.33004272938524865,0.9553672925628152,-0.46777119187708066,-0.9470363859954205,0.9607027457662993,-0.3178020890656409,0.6831787253897657,0.7444868505032272,0.7016363845578151,-0.029872737026012352,0.33066799324798274,0.8868439851675084,-0.4344849630797139,-0.7833666503180587,0.8820047057199125,-0.26571730744133887,0.6335575410997123,0.6977527196572463,0.6418292347962403
1980-06-30,-0.2599230096088525,0.16751259109431732,0.8951129868993705,-0.455450398085186,-0.9271207840531815,0.9628005904543385,-0.3272096799133602,0.6950099702933002,0.7483954590470739,0.713911562743074,-0.2706883293769504,0.19341691693780563,0.8420615068903649,-0.4387253284729587,-0.7725656723854709,0.8836770497373762,-0.2666723939213792,0.6393505320766161,0.6950672845900804,0.6513179179464091
1980-07-31,-0.3008467755286126,0.48428060517648996,0.929159516824172,-0.4775560596520345,-0.866529026299592,0.9627060102552569,-0.28333771449799,0.7002530135699262,0.7539687388004707,0.7136363921401355,-0.2818167930101735,0.4633800084159601,0.865814389034406,-0.4340528340183812,-0.7192481127529898,0.882812394305785,-0.2390881725116487,0.6498514335777207,0.7038846119044654,0.6537127534392114
1980-08-31,-0.31271851935395717,-0.011747412703158754,0.8894608776722807,-0.5895309821043455,-0.7987712880723964,0.9627186004335136,0.2637721408549626,0.7067964278517996,0.7566975985373502,0.7187904165847142,-0.28924930425841433,0.00952724414686713,0.831481718510899,-0.5187323978627038,-0.6692352408952866,0.8848494233652242,0.2548722593068354,0.6531555519999682,0.7057260319460517,0.6529812536274653
1980-09-30,-0.2181117112112023,0.6316765814837808,0.8752479801420001,-0.633997942214533,-0.760885831663402,0.9637834453364205,0.2990091801703439,0.7017884797551392,0.7504603469060509,0.7142381312286548,-0.19015026778052582,0.5838080533662996,0.8074897045894903,-0.533354830791998,-0.6386759185539513,0.8848413135505951,0.26849707796474,0.6571953871308588,0.7006206222611427,0.6579147898650696
1980-10-31,-0.025516165285327224,0.5732612712012269,0.8220069929598813,-0.6111635981834668,-0.7219635088134897,0.9640348187998761,0.12000467273373006,0.7050797789421067,0.7502826548202591,0.7257253840567878,-0.006198964893909534,0.5173420953251431,0.7660511088197368,-0.49751981344825147,-0.6184308769308795,0.8862314038923633,0.08772006226987318,0.6595804034853521,0.7030280886906086,0.6720747831152551
1980-11-30,-0.11155127203340369,0.7079883688696528,0.7719236595842082,-0.5615592915298038,-0.6840088372799662,0.9648821450132734,-0.11662943831806057,0.7094146133428686,0.7555335818052701,0.733250692992058,-0.10311732883913016,0.658649718642956,0.7070678324400691,-0.4802968888725219,-0.579765401883799,0.8865642055575218,-0.11093630926446875,0.6626365595453184,0.7085940574096868,0.6794382508865869
1980-12-31,-0.07859310133242141,-0.504853954555015,-0.5684762658569019,-0.5124726924913992,-0.6349512691756042,0.9660145991149666,0.1201226566600762,0.712533776033824,0.7596731661491067,0.7386625421652364,-0.06839009190969683,-0.47146531449319884,-0.5140769946777356,-0.4312130233844651,-0.5857751116473594,0.8863322192269015,0.08125365903932945,0.6424621975516759,0.7010015554185397,0.6707457117072081
1981-01-31,0.04399317696196163,0.9452603407615834,0.4318459871468662,-0.506284984529102,-0.640868541833632,0.9669466284079071,-0.10614851987795558,0.686341371164662,0.7446467996962085,0.7217209033620227,0.013098740913211214,0.8721523741413616,0.41756793518943885,-0.44711009301161303,-0.5319635758700677,0.8865916793952625,-0.0813284455673288,0.6429326179320826,0.6981636662437375,0.6713709822623649
1981-02-28,-0.20338894987378545,0.9386618781975622,0.7537480681394031,-0.46928871472375316,-0.6715498555984201,0.962736882777085,-0.42334675522995086,0.710849119502186,0.7615610009553719,0.7415779451154767,-0.17087628001734706,0.8715396692168199,0.6931648105686087,-0.40257380713678204,-0.5837232410081998,0.8845668605981943,-0.39362085641522515,0.6630593947947364,0.7116998562585087,0.6878869376203044
1981-03-31,-0.22863019948338295,0.7429635934042518,0.7461093728612189,-0.48206278606657177,-0.7141921532660889,0.9623396683004035,-0.23544468069874389,0.6989130527890051,0.7507388418491316,0.7385072514853683,-0.16987141460686622,0.6771899993630519,0.6990493128010686,-0.38691350966549365,-0.626221706665443,0.8827458125826428,-0.24590007027413008,0.652754269321514,0.7043509639869829,0.682056389427147
1981-04-30,-0.15976806540397517,0.42754324255128967,0.9494072642811987,-0.5698890952856386,-0.6025733117934545,0.9645115394726912,-0.1623497249045734,0.6907811396617006,0.7447506737692512,0.7238296370041862,-0.20654431641444254,0.4447619728104846,0.8842043587564318,-0.5417005079668961,-0.4683097237411955,0.8851921486152842,-0.09746037399104511,0.641178786911278,0.6960156279439808,0.6663523435300739
1981-05-31,-0.48263580447837623,0.940248860196877,0.8210905162709722,-0.588178873676225,-0.6297172272827993,0.9640217397668048,0.1208832807737054,0.7045809188709856,0.7546859340173563,0.7315797543261712,-0.4152365457973045,0.8761267467514025,0.7478985232424811,-0.5130348211203786,-0.5325394470201115,0.8838895547733507,0.11248488590878045,0.6604872550190091,0.7056592683498697,0.6737495898191364
1981-06-30,-0.4281247759303108,0.7869232954642227,0.5308066233300858,-0.6137679248258122,-0.6978276775223226,0.9626054952572813,0.1446802665863675,0.6989237030095915,0.7474167615502799,0.7248725441160367,-0.32061017779288675,0.709785930951395,0.5085734257708249,-0.4850861043341441,-0.6293367805664544,0.8806562138246912,0.0864525826308742,0.6507839998887504,0.6954466610991195,0.6648274103562228
1981-07-31,-0.40759710954995515,0.9502128096487642,0.691756958414248,-0.6862911843951259,-0.6686256701069632,0.963409730068317,-0.20850691414976313,0.6898403632351912,0.7392398971533639,0.7187288681548588,-0.3734908500551246,0.8854583421814832,0.6630449645234384,-0.6057698604836802,-0.5523022153106062,0.8819643712878984,-0.16317230045911565,0.6362372301466492,0.6870021032461089,0.6597328925063193
1981-08-31,-0.38260692567832183,0.917208987667451,0.8957069759862983,-0.7324803308400606,-0.7287496649477752,0.9630834033800715,0.026505907350781018,0.6924239639802139,0.7405147678493185,0.719787087790281,-0.3485862525701799,0.858284890707105,0.8189047155773758,-0.6345119575485537,-0.604496336470991,0.8836629334059969,0.03836887407337061,0.6453697203520548,0.6908713595919931,0.6604936809683086
1981-09-30,-0.1220749320461621,0.8234409714672362,0.9156149172389894,-0.6821655381963116,-0.7566049185754367,0.9599534855015168,0.29427738726527136,0.679667592383299,0.7331793489248594,0.7093642393946923,-0.05219064343377587,0.7811848361574238,0.8602272247725755,-0.5277916193945149,-0.6636409075804628,0.8792561421858374,0.2188840889593881,0.638083250443763,0.6853539293687758,0.6526734386186206
1981-10-31,0.06791467636221145,0.8222441168432242,0.891355396819032,-0.6128675149783775,-0.870429837514209,0.9531387733706687,0.29410429924613674,0.6854225200655855,0.7390472555573908,0.7151623601910784,0.11145741126686975,0.7788703474202686,0.8394946924210309,-0.4667409608357842,-0.7323560016611853,0.8716622937338736,0.2137291819234771,0.6480270178382848,0.695788606737825,0.6625613415145818
1981-11-30,-0.12896221764462845,0.22155919696563667,0.7265596230275243,-0.5816883219483515,-0.841450783768873,0.9652465313055887,0.13554161798105926,0.6708298833372572,0.7320397776143535,0.7106459636958151,-0.16399780642870584,0.24569015768646416,0.6994927036054144,-0.5379413454820451,-0.6909070760258219,0.8858671735420647,0.1594312606725812,0.6154207697217295,0.6799398855008991,0.6457009361229764
1981-12-31,-0.29394630285953854,0.46818084421871575,0.9093505868071481,-0.555420514007811,-0.7985572432566057,0.9612361298109677,-0.29747493881204223,0.6683123833469424,0.7268818229448788,0.6971444717783517,-0.335569350073652,0.49173149402552757,0.8606179685760541,-0.5520486133070586,-0.6348689109883876,0.8785951975169498,-0.20678414305315557,0.6244046921186625,0.6796985556533823,0.6405094976747594
1982-01-31,-0.419568732066326,0.9608932609485766,0.9472763773110119,-0.53096057099052,-0.8186422680894666,0.9613118596050633,-0.4853796917585473,0.6944336235905914,0.7476487473410164,0.7127308054661824,-0.3312914896606479,0.8920878486090861,0.8774670637938905,-0.43348515845288993,-0.7005193685374909,0.8801373374049429,-0.45310742285673933,0.6441324490023749,0.6941502930294758,0.6523195386468372
1982-02-28,-0.0008816149834447321,0.9584831587302457,0.8581223239775092,-0.6029454263756179,-0.8722713249180526,0.9594262845601568,-0.14955329950129237,0.6851942135767065,0.7417218439471366,0.7101388154223601,0.03947154464672203,0.887042709828387,0.806194783901197,-0.4752473971394503,-0.7344330735865892,0.8794447162491825,-0.17987322598911865,0.6418179465460909,0.6924403503859268,0.6569785443491082
1982-03-31,-0.09225011055001321,0.9107392401417894,0.48178378772717784,-0.5715233607110943,-0.8840922081509057,0.9545939989598374,-0.17193228761015014,0.6928383811339955,0.7472607029808052,0.7193453674768007,-0.039183744074357124,0.8519200473269596,0.463328968319521,-0.45358963233980143,-0.7518699168141717,0.8731892914217576,-0.20985646856824586,0.6446798993461981,0.6978244982156971,0.6641792483074287
1982-04-30,-0.13581859707594146,0.9133007670414587,0.8113232079526479,-0.5552928450680957,-0.8999176886387174,0.9564870828644559,-0.44480602520910456,0.6881952436667423,0.7431257664642666,0.7184361059317098,-0.1070506037204763,0.8468592760911936,0.749632041239092,-0.4675520182237655,-0.7513734362214177,0.8757871216034023,-0.4189849486041914,0.640088673742544,0.6954408181742574,0.6632938038056301
1982-05-31,-0.3389815108959505,0.45301362360152947,0.9494351958246905,-0.5437959092637806,-0.8217229628016467,0.9623550485894227,-0.4571713933170754,0.6726970391424131,0.7314396074855986,0.7053468244045523,-0.35275191895136637,0.4674998310676098,0.8853961935143065,-0.5275033157602952,-0.6696431828174404,0.8811491970216766,-0.3689382151142521,0.6172713984842423,0.6784681374528113,0.6425236260080874
1982-06-30,-0.45708125486263607,0.955676807457505,0.9370777876076959,-0.6049275404690653,-0.8062653267095917,0.960784892420947,-0.5215609965155451,0.6836275353100352,0.7399559927299919,0.7093391485524199,-0.41850646740010433,0.8821888743481601,0.8758341245625507,-0.5508790318045094,-0.666369419464427,0.8790593008050467,-0.4440289505420273,0.6353798886940352,0.6890057481906104,0.651654602128219
1982-07-31,-0.22558558488330072,0.9577825781579413,0.9458132793129697,-0.6438726675029521,-0.8680737795718656,0.9595521368484519,-0.3106792617878538,0.6849541910712108,0.7417273569804529,0.7094803281963845,-0.17112668289667615,0.8877078706410122,0.8789908715952676,-0.5294625193066352,-0.7319011176445215,0.8792612924202332,-0.30305049868481804,0.6375017378561099,0.6907564894640825,0.6521467558450262
1982-08-31,-0.39665333238579553,0.95788777840293,0.6823267815244809,-0.6517493329330264,-0.8601322646911214,0.958166304762947,-0.3979920134726563,0.6876609829784028,0.7418368169039657,0.7129619815051489,-0.3212714703354503,0.888897757149053,0.6310990207510114,-0.5458385352724565,-0.735880010865948,0.876424174077642,-0.3843673264641097,0.6349431427100217,0.6884007037500198,0.6532401448352955
1982-09-30,0.3380734010816423,-0.6745266004624195,0.9563217141164118,-0.6849225030853822,-0.827174948070789,0.9603477499024209,-0.6917136750145866,0.6721316316232535,0.7304413544417316,0.7054102454781037,0.27011561369433973,-0.5801993195606051,0.8861577419895137,-0.6026766826846957,-0.6915447543870389,0.8842417161812004,-0.6062572928584931,0.6029144995299985,0.6756638630336325,0.6409742982128972
1982-10-31,-0.13684726891408275,0.7114756145500559,0.7344579362754972,-0.5585037152385908,-0.614065260918501,0.9616546521195976,-0.72184638189144,0.6551908560848188,0.724695542518075,0.6970413276870451,-0.1897758204463901,0.6924885235924153,0.7131750317383184,-0.5375943814775678,-0.47873030681705075,0.8781011935190924,-0.6001923438768592,0.6075144217725089,0.6734574692973222,0.6461014737538066
1982-11-30,0.2949869285590601,-0.6635498392118101,0.887672368276996,-0.5228307646383953,-0.4317901167479151,0.9610419904212332,-0.6740665865102732,0.6865421723264983,0.741844689450864,0.7254324593488898,0.2280458572291585,-0.5606544967417504,0.8303493533252055,-0.4769330633195777,-0.34624024108199497,0.8846178661787893,-0.5815776099124971,0.6281239862280908,0.6925454274233865,0.6671960791784587
1982-12-31,0.24753465050514664,0.22759060374996384,0.39062183561297203,-0.31457048528266474,-0.36183030678200256,0.9667007432154336,-0.7141168260125846,0.6898623818667929,0.7484902684914047,0.7364647696501302,0.21813718372000476,0.20576933358400357,0.3578524079477421,-0.26375619802202843,-0.3244170089159819,0.8885683877922099,-0.6403053840368886,0.6425739913255166,0.7007918521814249,0.6892371073669998
1983-01-31,-0.05706782632149306,0.7783713273740441,0.8140885980989221,-0.3508092087424727,-0.266926081477572,0.9652281774599328,-0.45089294530420965,0.7021886841721611,0.7589525954454127,0.7533437598278571,-0.06334453020058706,0.7249602251230014,0.7618271830698928,-0.31076805606258656,-0.2204995426493105,0.8869282870420394,-0.38622456711737735,0.6618463219501352,0.716147427711054,0.7054466936354009
1983-02-28,0.01344062308235169,0.4426208312800675,0.8792212458627032,-0.36948682640485847,-0.1641085375920022,0.9611855665212014,-0.2754243680730138,0.7158732382000988,0.7633147491794546,0.7611570356234757,-0.0663674482364089,0.4608905466292677,0.8375637759949879,-0.3885576756901508,-0.07644868596115058,0.8806706240041378,-0.18336586469722144,0.6761914529144544,0.7259127870308515,0.7096301791882806
1983-03-31,-0.20120582897866693,0.5694088341914131,0.9129584689932528,-0.4213251822211523,-0.13042038935339043,0.9625851321822771,-0.08445864690612184,0.7353738266947796,0.774556692951563,0.7666508321715153,-0.21058747501356506,0.5473645771995125,0.8561897731288922,-0.391747657543546,-0.0782366497313596,0.8842800388735882,-0.044382697804267575,0.6954170526668114,0.7343318983794275,0.717869070945934
1983-04-30,-0.2726648847331263,0.5248652617584977,0.9347086148324943,-0.5035169838225387,-0.08356367154640922,0.9657835442077657,-0.04460041566715876,0.7364655686757924,0.7716769792963452,0.7669533279567722,-0.2397061716726684,0.4877580304666298,0.8660370209448004,-0.432075518877067,-0.06546763399950833,0.8887379686608551,-0.03405866665253095,0.6927080807364753,0.7279198471948928,0.7153153295145055
1983-05-31,-0.3123551234486084,-0.04656926987062624,0.8877356330911771,-0.5382853507568068,-0.0315233044499273,0.9671564337839199,0.04997799493725697,0.7316498103211625,0.7689379917577571,0.7644641682202055,-0.26786430349241636,-0.03673028271341004,0.8213881200750857,-0.45655537252184014,-0.02782120574485593,0.891328124173005,0.044081679471105556,0.6807745022178284,0.722779207638558,0.7069532319827372
1983-06-30,-0.40232204066315486,0.787395396201015,0.9056678764309782,-0.618815104425152,0.04365558593493462,0.962585101407289,0.21269005610714034,0.7176346111605292,0.7609144953112787,0.7526673126779813,-0.3549557273043307,0.7370639735500413,0.8475405389078867,-0.5337768676152406,0.058320185882546394,0.8837570129478902,0.21291766331645146,0.676837580556169,0.7161624560946602,0.7028971474104315
1983-07-31,-0.3292622470181359,0.4926882017590376,0.9254438564836989,-0.6590253032052289,0.04859899441868182,0.9650202002608683,0.20689137209586547,0.7247804394057213,0.7596068099426789,0.7591715937542487,-0.2959730283977234,0.46649869948100325,0.8544198111010128,-0.5634632566543843,0.059211029426466784,0.8879197121692584,0.2024053498029124,0.6801036066420815,0.7147016407500125,0.7069521944544016
1983-08-31,-0.0736613118512236,0.9563328119017664,0.9362645171334929,-0.6547786769091358,-0.003949363397357689,0.9649424373436689,0.5305544707580643,0.7108297929396709,0.7531088897957773,0.748616522284746,-0.044399466722788064,0.8870926072126767,0.8644285769667279,-0.5190116566077284,-0.02033217400111513,0.8858533810495125,0.47371408625595574,0.6773327123028758,0.7113456720069031,0.7033609748413665
1983-09-30,-0.285287130034522,0.8455596718764268,0.8874679995002132,-0.6014303603060746,-0.09509611764689216,0.964174671208382,0.6093278392355731,0.7146094385973122,0.7560058142626466,0.7576816960873954,-0.20426174357416932,0.7689657390021409,0.8302843048632879,-0.46943511669451127,-0.11311818184468633,0.8847435500140741,0.5390981084296992,0.679892073322298,0.7137968671428183,0.7086300725656571
1983-10-31,-0.4056360040810928,0.7417611639148243,0.9242826935773132,-0.6047571015706554,-0.03185819462176735,0.9631200600650541,0.6031316758730124,0.7098635918462098,0.7525494526571624,0.7512926543801982,-0.35281547409463215,0.6945779189283677,0.862169655177658,-0.5172498773851996,-0.009063446611659495,0.8839053408436713,0.5679933641018472,0.6723432460071025,0.710867869635648,0.6995421443841331
1983-11-30,-0.3675223153163101,0.9631956303769647,0.8147866965360251,-0.613514972177876,-0.10859299179261356,0.9647237880685358,0.5386750155536126,0.7102391698065151,0.7527620210913597,0.7482321471162761,-0.28975277845701874,0.8928633200320731,0.7538793039817779,-0.4997697579488297,-0.11240592800227985,0.8841590093937141,0.4824067497841824,0.6711529365676866,0.7075120436612902,0.6971481434429533
1983-12-31,-0.4836085719001487,0.6093026218628445,0.6779760405619976,-0.6815745286192153,-0.1023524377714831,0.9628523846645879,0.6012889755217005,0.7004334904701516,0.7509160332000687,0.7447767007027782,-0.40547675103351644,0.5652594252115112,0.6362511026119203,-0.5711171413531481,-0.08224038997910318,0.8846302561943579,0.5620323169743809,0.656239481163743,0.7062711241242298,0.6894220216279819
1984-01-31,-0.6426570492117801,0.9322173143205533,0.9383791989755511,-0.7316647234827706,-0.13656105356593187,0.9567047050198013,0.6142718879956858,0.6863546010945983,0.7312557681212496,0.7273019326486335,-0.5593671019868589,0.8746569170181707,0.8781550809009778,-0.6439327702691019,-0.06933366504717249,0.8743478907384002,0.6008795412988994,0.6508397832069125,0.6869033481280563,0.6719275087411108
1984-02-29,-0.4967391401887344,0.9332410228709885,0.9497339025937848,-0.7545848841760024,-0.20546372379247588,0.9629909525179847,0.35275515845689753,0.7038457201603474,0.7408745476725511,0.7334352447315962,-0.384171116694883,0.8603315371998926,0.8827514892759929,-0.6046755232399909,-0.20100873976859507,0.8833045224045887,0.30359572363633575,0.662254544878769,0.6937494141766546,0.6799288809472946
1984-03-31,-0.11998337234282808,0.9451277360567206,0.7742589548036113,-0.7666283712548781,-0.392491490339971,0.9654307727433024,0.2577983602646857,0.6920109234793422,0.7348439247894439,0.7280436539233371,-0.06966293120549961,0.8808914705736105,0.7265861552418428,-0.6105009873442712,-0.3705899611781622,0.8856375452256117,0.2025072082963291,0.6494784259150833,0.6874154808643228,0.6772527886249214
1984-04-30,-0.3006523723435343,0.7650631867159637,0.9159492818705094,-0.7210681112430253,-0.3941359985640866,0.9646805111751628,0.3957970063078053,0.6906772856569008,0.740709142833456,0.7348892953144306,-0.26137399964512364,0.7115818763671103,0.8529810098555421,-0.6017225694674528,-0.33109599728802636,0.8863840998183902,0.3686721757463047,0.6487324052069356,0.6967765690687606,0.6793079983463017
1984-05-31,-0.4258058690211596,0.8672802860733844,0.946948170935181,-0.6734187301016046,-0.4135231635056492,0.9616560309270532,0.33356225209544915,0.6929522648710393,0.7384883582858435,0.7295978750522745,-0.406243004664562,0.8226135638173139,0.8818084292438354,-0.6038641194860882,-0.3116557359795844,0.8809867639147894,0.3431532246949114,0.6550468999535534,0.6951520880938168,0.674746012760384
1984-06-30,-0.41209874632268384,0.8859964060028976,0.9591157581066102,-0.6236355435060622,-0.507587687740279,0.9634881427924061,0.3144332040624221,0.6996661027616403,0.7435391793101157,0.7279554731473333,-0.3099703090449466,0.8310749102728517,0.8914244564576226,-0.49345002219120915,-0.46271344178480023,0.8835537691550033,0.2575554430402096,0.6577758829064854,0.6956153377168409,0.6701885216866607
1984-07-31,-0.21803506464442826,0.6308254777031814,0.9546453272012331,-0.686060790404069,-0.5605518972393998,0.964919992702444,0.3127735813042388,0.6998784723480461,0.7479397587680677,0.7301925382500077,-0.1851902636734531,0.5817572211542225,0.8862161140161242,-0.5690983291321947,-0.4770174940256307,0.8871391057142646,0.2831846204393968,0.6558411668476625,0.7030135225650436,0.6748983217304774
1984-08-31,-0.46758227102644034,0.9565061139322016,0.8268129766635527,-0.6777277295471691,-0.6061320794708315,0.9641237817240681,0.08988188967275113,0.7002558926982433,0.7474823573637898,0.7275764747151537,-0.406684409924487,0.8900856173032685,0.7522239568866249,-0.5849525648912897,-0.5106669083366013,0.8838015009018789,0.0858639219190894,0.6549180264429841,0.6989863087286228,0.6701949450330267
1984-09-30,0.016547094507220726,-0.5376507789436926,0.3004251276640529,-0.7047564794678556,-0.4234212459799123,0.9639899946760768,0.10274433662649166,0.6933445462981127,0.7456117792484218,0.7270481033915366,-0.014381573253960805,-0.45895756354803446,0.2991111261000217,-0.6127347700297823,-0.356484311946288,0.8869370224423081,0.10821880126781225,0.627530046908783,0.6921524392484774,0.6625373864638798
1984-10-31,-0.46700497746020597,0.8915974211526868,0.7729384991365154,-0.6325926634603027,-0.40959578775349353,0.9570814693797329,0.17414175235767793,0.6734444637026084,0.7274590389491792,0.7112459801424745,-0.44953727905906177,0.8432176249035892,0.7489260296966458,-0.5847143443216658,-0.30055431968698093,0.8739812978478798,0.208427099408067,0.6386598221261794,0.682511581045139,0.6588174315512374
1984-11-30,-0.3171876060340818,0.8715790536750077,0.8528409720686654,-0.6311637952671965,-0.48768323151353027,0.9643165443728394,0.46119289657417467,0.7000860954576411,0.7392437738398867,0.7298659969428294,-0.22600287918576004,0.7925706349125691,0.8025838587449067,-0.49070855573353633,-0.44910105102895115,0.8847895780660987,0.3893615375416071,0.6593664530173261,0.6890513599098719,0.6733821894979392
1984-12-31,-0.3849661410587594,0.9191171461780717,0.9036784012082552,-0.5892645358584926,-0.4822184838971093,0.9625318921536493,0.5511245983787924,0.6984515112666093,0.744799398988847,0.7330331455316436,-0.2753990256297636,0.841264866536811,0.8481452199837136,-0.45150599947830367,-0.4477859582007057,0.8819903919634495,0.47380544378576833,0.6623451685334552,0.7010398649925635,0.6784615294468022
1985-01-31,-0.3633820387201152,0.6328338231332997,0.9511849113137665,-0.6954033089265408,-0.4744537791790826,0.9635768520773966,0.5239559760097914,0.7021384697592534,0.7486456702782602,0.7333472675448482,-0.3230015540356715,0.5962010797018392,0.8810653845414619,-0.5909817381675508,-0.3925950904725598,0.8849298738799106,0.4937021959355988,0.6581198048415374,0.7030712534837394,0.67554323168521
1985-02-28,-0.2632555743173573,-0.22625717447282792,0.926339398352439,-0.6959005142575503,-0.3603918573437448,0.9624306953080554,0.6218306159156114,0.6968555330786835,0.7416524798900036,0.7295517834767312,-0.275589022256861,-0.1527709143171815,0.868321867218975,-0.6157692690181256,-0.2738785879385134,0.8848238289474131,0.6028459562783759,0.6473619300255715,0.6953690866316213,0.6664809068221202
1985-03-31,-0.5359241297057051,0.716717030308949,0.9165673886609336,-0.6757461646064338,-0.2572192031475221,0.9598344239883807,0.6746555621092287,0.7012632236577985,0.7442660848765166,0.7299301495845774,-0.45721020417156605,0.6719131909472849,0.8558722903160718,-0.5759301561144852,-0.20295595723840482,0.8801594392931857,0.6362610366061179,0.6627907634340735,0.6983610258645385,0.6742435001041758
1985-04-30,-0.4928312470598554,0.8730954504082141,0.8346631879688077,-0.6787607116899183,-0.30931613229617927,0.9630717321592097,0.6152723443475469,0.7032427736663762,0.7416075221315459,0.7338195743251015,-0.3778809012714665,0.7979488039493878,0.7793104343107395,-0.540112181075805,-0.29483351923880674,0.8826308825818114,0.547231368194514,0.661554279019563,0.6916886029161684,0.6769965078217846
1985-05-31,-0.6594935763702091,0.8770222556929204,0.7199726099378547,-0.6975851298016078,-0.2783412532697413,0.9624381650186331,0.482354108338213,0.6960080957480757,0.7394253251930496,0.7298900466840472,-0.49969381268135366,0.7985211809793664,0.6788547006880633,-0.55055580755964,-0.2821158208693656,0.8801535173269772,0.4117913940185941,0.6526950289322373,0.6901030059563287,0.671685791361577
1985-06-30,-0.5045662797872527,0.19509150988372587,0.8866195799401064,-0.7962534994071475,-0.1656311613529107,0.9642615119210729,0.39411413469870027,0.6904361638002747,0.7357971709220126,0.72559267854637,-0.4420101667709496,0.20178354736378495,0.8104343493555828,-0.6735708003685845,-0.12758254368469205,0.8859309278652849,0.37851811148457054,0.6381281177518014,0.6857332108564385,0.6645042003711978
1985-07-31,-0.5441851906104149,0.707682572559141,0.8741100781457015,-0.7942349699602013,-0.09787502323395603,0.9631039398981489,0.3660145921972766,0.6881368554849145,0.731729008379125,0.7254250731308536,-0.47076919357116226,0.6692025098500373,0.7948704309706884,-0.6721951711243144,-0.06450924697387642,0.8831286827563565,0.35453101436215606,0.6439954763262542,0.6829369270920167,0.6701870249548327
1985-08-31,-0.5400509160400285,0.8820341067956465,0.8349174546511988,-0.7993660662678301,-0.03519600643006389,0.9590582967938461,0.3789850760416538,0.7013695095886521,0.7396538676936917,0.7362467934654076,-0.4544600809222163,0.8213884968240174,0.7835422838468514,-0.6654570458247424,-0.016849246773544456,0.8794859671692289,0.3616376138975085,0.657656637301834,0.6923718982399334,0.6826057035866164
1985-09-30,-0.586562579930197,0.8970179649095462,0.9431455864287605,-0.7750144367133001,-0.06740825308497693,0.9588312520013167,0.3814907244747554,0.7009571937976043,0.7358100090155947,0.736078679961666,-0.4929450787144826,0.836690141668709,0.8775925056129777,-0.6505669179744417,-0.0402558337613624,0.8786036837975347,0.36521680014695784,0.6594666936721129,0.6894503811675395,0.681111552066716
1985-10-31,-0.45238880640730395,0.951039078598879,0.7954990341620368,-0.7703501513279197,-0.15401850005655038,0.9646685861459664,0.3575364509874325,0.6880654426435403,0.7285520974450025,0.7258993106548489,-0.32679573818646696,0.8879785042929037,0.7519889471143902,-0.6038534932085863,-0.1816362822712282,0.8832199232490822,0.2867168304042923,0.6441413943631126,0.6770758392085979,0.6699836321424849
1985-11-30,-0.46043479891769673,0.3451062151238033,0.9481919605583577,-0.7677174268562628,-0.06497925422986436,0.9642460793118377,0.4685694806999981,0.6889941441544702,0.7353918031164548,0.7332175505666776,-0.3762657323054715,0.31217636987520453,0.8803920346017959,-0.62785138966688,-0.061419885934442,0.886612332702152,0.4271674117260669,0.6442215850706166,0.6900513897434926,0.6775570097177801
1985-12-31,-0.4837077842865585,0.023319933943371996,0.9217038170163406,-0.7776042810433837,0.1041619654272383,0.9585352079750366,0.4190956778693712,0.6792298243197233,0.7254750391587211,0.7236767773215865,-0.4669543870678685,0.08903726299020451,0.8679343985419486,-0.6859939446353328,0.15157559522501804,0.8790491797837622,0.43227455238426993,0.6316149750511998,0.6769936615004816,0.6653130195552636
1986-01-31,-0.37182360771437273,0.3789492072064062,0.895163347336089,-0.7407346541739973,0.15982484886706438,0.9647312961549003,0.406138932399111,0.7046330859612543,0.7388771686041197,0.7417505063993032,-0.316184440511105,0.35076902906685037,0.8253874265382123,-0.6128576047432391,0.14618475860567837,0.8870615200854536,0.3754455888757766,0.6616802244605983,0.6922455310061405,0.6892545342569684
1986-02-28,-0.16858322421448024,0.7613963092756646,0.9502801120462165,-0.7079176116539607,0.15402671516088548,0.9649965187578591,0.4170289928822253,0.708237835707572,0.7449475106509365,0.7474928482008651,-0.12426196397083249,0.6913494024625861,0.8820436251677963,-0.5644503770410576,0.12219490545476233,0.8870209931658188,0.36988838937803675,0.672731986353738,0.7030475907594198,0.7024532118438895
1986-03-31,-0.4053336814905919,-0.1283975664836973,0.7877235667694047,-0.6529225325949657,0.22700333706739798,0.9662771807890617,0.3702994828475047,0.719658446417602,0.7548458320037549,0.7604509446484832,-0.3320354519519935,-0.11802927871099014,0.7282320724227475,-0.5389228936295277,0.19399649374046662,0.8899796958671634,0.3314057040215388,0.669186020295084,0.7075805540785317,0.7023703075345206
1986-04-30,-0.3187793450539245,0.22306636326425647,0.9194791804737822,-0.6449517633935419,0.31516034533140425,0.965023185634171,0.3220874653475403,0.7071786818616642,0.749416125064445,0.7480849665235761,-0.2676568783195764,0.20574895175429544,0.8506097191909834,-0.5350365711711685,0.28277423432481436,0.8871831483459955,0.29524616731947045,0.6644855975622799,0.7049027567507944,0.6975784902724462
1986-05-31,-0.06525186023115725,0.9101648934028121,0.896251152844649,-0.6411576743327957,0.33970863799078627,0.9631624080978611,0.41448631506246253,0.7135818482374733,0.7551491112400682,0.7542913338688643,-0.07160240227702411,0.8445628608260456,0.833999566002892,-0.5352080376614374,0.3131209449851114,0.8839047276306224,0.3904430526164034,0.6803501478177088,0.7147995034165835,0.7143752061395079
1986-06-30,-0.31705204187578345,0.2642093915741393,0.9510477258963026,-0.6183214909191124,0.34357260509311854,0.963607181803871,0.591141758694041,0.7265528130919434,0.7625312363739509,0.7679580118452036,-0.2723995606664394,0.24926681675634182,0.8831920738762632,-0.51713495836853,0.31571722729481105,0.8870513284582128,0.5499996928059004,0.6865067142900051,0.7215822786975862,0.7177317854256141
1986-07-31,-0.24087250957111742,0.7095369194149608,0.70579579532649,-0.5847343890948482,0.3339212046515147,0.9653899614145391,0.5492127370037674,0.7143426327824991,0.7546425430189563,0.7547390091601738,-0.17302354210116655,0.6349547057209846,0.6603452973632397,-0.45980611116307823,0.27353345717241706,0.8845921035742076,0.4825607072162621,0.6764547853320458,0.710152257659073,0.7070941779603458
1986-08-31,0.0013423210796107436,0.8757405535242359,0.7012867739713878,-0.5346831181884758,0.23422549849107605,0.9604830668368817,0.42643304104466795,0.6934273391698401,0.7454288827709937,0.7404962413291444,0.10617693335536499,0.8406746451761299,0.6983103965732108,-0.35577638933336275,0.11628732622290576,0.8745744953895528,0.31473597792261876,0.6605741704190868,0.7015924961353179,0.696690890919635
1986-09-30,-0.3302057713097492,0.026773875741528043,0.9584276628197937,-0.5708335287517492,0.3457634786848414,0.9659996965836001,0.3519872211445792,0.6939222358422482,0.7549461928425406,0.7433944790296515,-0.2777003026633721,0.031877301219172656,0.89176251370929,-0.48078616614564323,0.313583075196792,0.8897753867232349,0.32691173722663386,0.6493709160311233,0.7113127087314021,0.6918673632980018
1986-10-31,0.19676011857342238,0.648212679109398,0.9282952563829233,-0.5873323279258539,0.2667527526062823,0.9646880830131316,0.4426040937905947,0.7007982974145467,0.751473537656785,0.7493307344345889,0.14906543026949134,0.5775867574225014,0.8560753281682068,-0.4977797171575728,0.24268644466610778,0.8852224850137377,0.40880429696453785,0.6695934173143148,0.7155035965736642,0.711909248018479
1986-11-30,-0.41537842665897073,0.2528029085183299,0.8358140923696357,-0.49606242260593314,0.32922562460185467,0.9653760083064745,0.4371644527548444,0.6989431765495723,0.7607635742209978,0.7517947281788747,-0.3304756417893335,0.22140951968156064,0.7732494167309129,-0.4050290312507177,0.2873201797297205,0.8895827891039004,0.3956649727962243,0.6609439166824486,0.7209728290220806,0.7044745683365082
1986-12-31,-0.2404331200779578,0.7258264051170098,0.9421114001298141,-0.6071336383738898,0.390062482612645,0.9633720688465544,0.4360972168771339,0.6923522907316897,0.743693351323041,0.7365499757868181,-0.27576816087671646,0.7081817654621837,0.8650705404680702,-0.5618534577425743,0.4058964495652311,0.8820044578904606,0.4465335574636048,0.6636583103792176,0.7045523243540103,0.6962746280801891
1987-01-31,-0.30765883289126433,0.9615968720863403,0.9546590116913612,-0.5403071105942477,0.36122025293257354,0.9639642611634217,0.3020960814627066,0.7163913798420053,0.7578041670262511,0.7553903307522997,-0.20198290822456053,0.8887604065891015,0.8877750883234827,-0.40545626336256607,0.28187067991038883,0.8831135565920973,0.23786186776537765,0.6823631105994998,0.7150237754421367,0.7114911360307559
1987-02-28,-0.054590600809645916,-0.7988705397130217,0.9442765368588323,-0.6439272246184946,0.42776033722905765,0.9647210794960727,0.4287057358892446,0.7140768817897771,0.7591169935790507,0.7561225544897265,-0.028981710094113336,-0.686507152384291,0.8788730563709054,-0.5177457709842834,0.3718814809457977,0.889765852765591,0.3809743138527172,0.6616561227948944,0.7135139396831888,0.7008128455354811
1987-03-31,-0.30115351395714435,0.2828947132056695,0.8512423529091396,-0.5780950061873987,0.48773632718871696,0.9645103472603062,0.5173531663723648,0.6963141324319343,0.7494356029650328,0.7403838071853351,-0.2571462611545828,0.2646372916960551,0.7814153562555683,-0.4858126306714494,0.4445729444631348,0.8853368657384412,0.47734530746915915,0.6603179942172537,0.7060558588217087,0.6957116983020604
1987-04-30,-0.15538946659286712,0.6573612406501868,0.9438991454985058,-0.6002337060235721,0.5237026873269482,0.9635040029583012,0.5428649402839273,0.709496799960068,0.753242117502536,0.7532967650191854,-0.13834038129323054,0.6068292228656347,0.8755764251743797,-0.4981443310045105,0.4769491241541173,0.8846015172120677,0.5037631062980907,0.6772503622403575,0.7126817550335155,0.7132040045147884
1987-05-31,0.17825222382996875,0.9326064890083802,0.7912810103165991,-0.5418276377800705,0.4780959103563055,0.9617172624206677,0.5489241591996435,0.7171669557388979,0.759487300705939,0.7618331357080658,0.1861147202491028,0.8518573249796265,0.7435981662505399,-0.41234957856087134,0.3981959092673441,0.879123299994748,0.47566635660340745,0.6851296687992589,0.7189879527844799,0.7255608777228847
1987-06-30,-0.023989826084745054,0.785968815212127,0.9262717103292767,-0.48113831703903215,0.4953536062908535,0.9616675328260355,0.5606258486849305,0.710529191864479,0.7579393483517413,0.7622376454185468,0.03742695121164517,0.6948322965136954,0.8678790505418111,-0.34649571105640026,0.403595506825198,0.8798263388552824,0.4781063995489469,0.6869385407036762,0.7239835570225034,0.7266119692613279
1987-07-31,-0.395311040484197,0.34745521316519773,0.9303861844026966,-0.45575247903220084,0.5810447642855555,0.9624582778500668,0.5761225367669689,0.7185550375365624,0.7619345896485632,0.7605302233360354,-0.3321594717995659,0.3279701865735496,0.858374391721702,-0.39650179113077,0.5338351470671578,0.8832373285358887,0.537502130705026,0.6833697947796505,0.722990474271627,0.714972959701058
1987-08-31,-0.49324786613962,0.36332297185310575,0.9173847347062278,-0.515051813759178,0.580628687332068,0.9618869269435992,0.5863027022028646,0.7189120581250541,0.7609886045979555,0.7563977007073313,-0.3987384692105224,0.3348273657541144,0.8466861187034869,-0.435019646862179,0.5271980755455218,0.8821524538383638,0.5416179022482503,0.6804639739697673,0.7185837065318492,0.7083467626027267
1987-09-30,-0.20283627479069136,0.42072391842246115,0.9182813465367068,-0.6560164449083322,0.6174837493248083,0.9629032631598089,0.6471425969783814,0.7164054732476606,0.7587198408216735,0.7553848737095479,-0.18276883183588835,0.3937608932539031,0.8540927545777525,-0.5445748673422918,0.5671605009751896,0.8847456643361847,0.6052427964682895,0.6789192563432708,0.7171602557947677,0.7131446066428703
1987-10-31,-0.034019147308440974,0.9490024667008775,0.91456987104471,-0.6677121034732111,0.5192341378060524,0.9620147931753096,0.6073396350369298,0.7107531105268223,0.7535940903236507,0.7561599843090392,-0.0015376948655429312,0.871773745056504,0.8499903040213406,-0.5198893374412553,0.44462288795019933,0.8798792911121366,0.5394017834902933,0.67706569500252,0.710727249290249,0.7166773702450053
1987-11-30,0.9342028258675029,-0.9449571488182951,0.936095829167425,-0.5999216011228213,0.3798673730038258,0.9517836346765863,0.6411561128172942,0.698609865398602,0.7487864967058345,0.7479890520789864,0.8383641699999292,-0.7705314107348963,0.8710583706788254,-0.469695232853636,0.3305739304817143,0.8766767771201874,0.577719720282127,0.6575608819109858,0.7134682609701802,0.7062649740444263
1987-12-31,0.39039211913056737,0.7451731784583722,0.8984977784951714,-0.15617694023399512,0.11231964797258942,0.9625191021109583,0.5044879907925157,0.6974840785714453,0.7505346729520765,0.7417745962690132,0.35105110101689746,0.6881453813113797,0.8345633299227421,-0.11464270238577405,0.07584409055769804,0.8807790036499289,0.4411324308026164,0.6811445569917346,0.721080193567614,0.7094468209841504
1988-01-31,0.36363775713551255,-0.06341532023917265,0.545110342806625,-0.028007076628961958,0.12304399113192097,0.9647675236437202,0.6161508053572707,0.7094730424793637,0.7599767865155621,0.7474860751117424,0.3045873902914358,-0.0421295954637906,0.5102561280198848,-0.03115218803746394,0.12142314919856413,0.8893748847707662,0.5786499398808663,0.6790278813259188,0.7280691106430598,0.7057669082530483
1988-02-29,0.4027434035295192,0.3906610935274573,0.21972092828790205,-0.006538633759110686,0.21709565573085507,0.9466548428842184,0.649027631481475,0.6838327944192116,0.7386928321942304,0.7304860486906576,0.19781547311241765,0.4727944212223713,0.32926788416191083,-0.16423183674801553,0.324660999029391,0.8527018307359793,0.6835982926345221,0.6680020716720587,0.7073573694003654,0.6989808082955817
1988-03-31,-0.1990346975988147,0.2813865160144914,0.7658737757046975,-0.1992032313751596,0.19335189117283724,0.9597826077892434,0.6018723485146659,0.7632914678561645,0.7853229134379301,0.7877468197531857,-0.20988621652215375,0.28664619119991197,0.7282514547964837,-0.20778676701508927,0.2069814713310076,0.8825718459751172,0.5800204444362103,0.7316377674990352,0.7541215349073539,0.7441816282701758
1988-04-30,-0.20489560244261,0.9430956630970059,0.8873620217679474,-0.2715697366622942,0.11780159693449054,0.96532337462548,0.5631347149596626,0.7230340036040254,0.7592111306675048,0.7567979494666143,-0.1102864155536049,0.8607400226024727,0.8359640998614615,-0.1695421066957764,0.05185770035898585,0.8833595408763892,0.47808132517202107,0.6879488508600465,0.7126794796420893,0.708238071463953
1988-05-31,0.10661042618835148,0.7540296682942066,0.9463473052002165,-0.3991319893123652,0.025978283948023775,0.9649525214532231,0.5296476194080888,0.7250603930644013,0.7705388401327118,0.7668300730214954,0.1359416227457641,0.6702725470505898,0.8840764403204182,-0.2867201632426851,-0.014768915457940733,0.8867346304519141,0.4559771832099545,0.6977664207498823,0.7363882981989346,0.7281742116965443
1988-06-30,-0.057407781327941575,0.8410009885431349,0.9501892233872917,-0.5170387697342738,-0.07488587051069304,0.9648028474094767,0.6194390082526291,0.7276282847911613,0.7704241107645198,0.7668951690027264,-0.08008523743417587,0.7883619378538207,0.8783456341923775,-0.453619197689771,-0.04064119924395045,0.8857155395374551,0.5851818023017342,0.6953923826823639,0.7332687993397132,0.7213730802216435
1988-07-31,-0.10119991030595632,0.2439619005393606,0.9438506398422802,-0.5006257208449982,-0.04102850856241629,0.9647885197547347,0.640406101248339,0.728294050626186,0.7690488722970815,0.7669687612171253,-0.11561115230548624,0.24639810525136965,0.8794667233587324,-0.44081098119674245,-0.01014200538935876,0.8880343668463975,0.6073648048179747,0.6897696583628153,0.7310301941909471,0.7156021772912263
1988-08-31,-0.17712509425717174,0.9093468987275247,0.8563370908729941,-0.4786824610224907,-0.07807679581946259,0.9636244944614168,0.6283964702865176,0.7232062007256851,0.7639319029286925,0.7590242629194298,-0.18185543247082894,0.8488729031767388,0.8040403712606116,-0.4264593517403862,-0.04020196221924594,0.8840185526382214,0.5977712463911707,0.6925563218008061,0.7261776856307033,0.7134444345513425
1988-09-30,-0.26501952289918224,0.9618942300626092,0.793227848393106,-0.4925801530348085,-0.20944688476067194,0.9635132222989431,0.6112816297309279,0.7178986349416696,0.7587779028623769,0.7580188348265058,-0.1662822196308378,0.8896838923578849,0.7538937294405863,-0.3625273711116894,-0.2323787268267389,0.8819916515864112,0.5264337623117987,0.6799470916556731,0.7117234127388288,0.7063686133787426
1988-10-31,-0.34831606343194094,0.4275776500864282,0.9296635202286697,-0.5492108420496479,-0.17334084958549886,0.9644585524967946,0.6581234950175212,0.7103682974878787,0.7573780049162149,0.7540343169408239,-0.26798914318541545,0.37479418105268947,0.8666683887351089,-0.43665441828712237,-0.17056366420163813,0.8864098062862137,0.5946816412278417,0.6728941380370692,0.7169762767289065,0.7006137210700989
1988-11-30,-0.24271704559953167,0.7036971165365125,0.862981972452233,-0.6223843428523326,-0.13273089083192927,0.9643655109643468,0.7815529141420621,0.708509432241132,0.7539037101671267,0.7440739453742988,-0.22923162081049872,0.6627077357662053,0.786769498070302,-0.5340610049735599,-0.09698077650977686,0.885256069001772,0.7332464166589631,0.6733198857362342,0.7129348591892827,0.6945794549593917
1988-12-31,-0.27676036300024065,0.9403426179260778,0.9026077971633125,-0.6170323880760201,-0.22660652251576707,0.9629623343057919,0.6739749804925711,0.7098892310187531,0.7551783426958097,0.748460206642335,-0.1931374410366161,0.8652196791382325,0.8437852224462357,-0.4798106835354026,-0.23055917603460901,0.8825289322110392,0.6005142063525677,0.6750741255422308,0.712819434842572,0.6977725363620484
1989-01-31,-0.5799633142871102,0.6786778287069459,0.9273869353497683,-0.6422077791234586,-0.1650418763793455,0.9608507850779535,0.680201781246027,0.7023543004778314,0.7503179665979063,0.7411278501866141,-0.48499495357763245,0.637672767089391,0.8661197282367069,-0.5494768463382598,-0.12726480051342573,0.8811584424831285,0.6412636224134074,0.6608422728215453,0.7061566604908422,0.6824088141975397
1989-02-28,-0.4618780081897582,0.05641304097030727,0.9462619504275414,-0.702091764625682,-0.12216143025576463,0.961883555243031,0.7266712398397254,0.696863379657919,0.7398371898383668,0.7323573116608754,-0.4286275479803544,0.0981695181802412,0.87484523341153,-0.6170338716226498,-0.06710463951841796,0.8838033189215173,0.6967592989832503,0.6525776373415071,0.6951186729618066,0.6721112764345354
1989-03-31,-0.3440941465742041,0.9427161825439635,0.9544422788510974,-0.7192673051570088,-0.14034860771767022,0.9629197273970954,0.7348993471236002,0.6972980499866633,0.7410504697821151,0.7318549170420324,-0.26364234144639354,0.8690914783915025,0.8840149152621496,-0.5717094689960472,-0.13991974438791527,0.8826674091413996,0.669266568291268,0.6617986684086622,0.6956269730902372,0.6815759213141507
1989-04-30,-0.31249164178994365,0.6447887197095117,0.8783835676722305,-0.7176120478682468,-0.18740724342727,0.9627099057836088,0.7933435850764903,0.7032834936182986,0.74442721389346,0.7442999239744077,-0.23048940837932505,0.5742156349380706,0.8209929814873017,-0.5653608508001775,-0.19004159400497048,0.8836287492012064,0.7218858768453942,0.6657007344526317,0.7002921854429044,0.6915969716867586
1989-05-31,-0.4439876406477057,0.28913664013527324,0.8902092436605957,-0.6750499489363789,-0.11894477914525013,0.9626972508782312,0.83089635081619,0.7023455662326559,0.7442227815258751,0.7426772608498127,-0.3687217415482493,0.2665582297075636,0.8215472414999626,-0.5576723418267316,-0.1037099311990678,0.8842617493325563,0.7718148632960257,0.6611859780915826,0.700524358187577,0.6843666454909795
1989-06-30,-0.4006303834164065,0.4188369281751213,0.668796984347934,-0.6714323298628255,-0.07876354470594565,0.9641443825084315,0.783636385310094,0.7043802921160582,0.746550557359372,0.7419322960679249,-0.31846931465307654,0.3712886582147711,0.6175025033912697,-0.5442127902139093,-0.0875625006518856,0.8846736449096246,0.7184446102516855,0.6618403058144415,0.7003011206349059,0.6859182333585685
1989-07-31,-0.2657827773654902,0.9057393000993257,0.9236918593953536,-0.6840862284635696,-0.019641004988818284,0.9637186264889903,0.7641717356377806,0.7009580072492099,0.7465074806549215,0.7412233608782961,-0.2093090557188829,0.8346835875168239,0.8541726629185309,-0.5505085686384432,-0.027439372469790235,0.884174449213496,0.703890351543307,0.6674990840097486,0.7055290392469069,0.6931527941204749
1989-08-31,-0.42901183901635964,-0.12379928658933045,0.9502247309372621,-0.6897322622819302,0.07971072258053566,0.962455509937377,0.778468556363614,0.7085513782947634,0.7508597948243099,0.748838605366624,-0.38315273025069774,-0.0791759256774948,0.8842993808228437,-0.5915584827478968,0.09366804836048524,0.8861265221429917,0.7359984743419934,0.6615967060989796,0.706569929236817,0.6878990574521762
1989-09-30,-0.30945444382278925,0.685181899279675,0.9420224378124185,-0.684831376742606,0.1750297281339311,0.9624731944083948,0.7847857226794586,0.7002248115156102,0.7435719982916595,0.7400068383095961,-0.2722211219699408,0.6380414238561901,0.8744938742563976,-0.5692673856659785,0.16911924522817456,0.8827562652314435,0.7339228875398237,0.6670692943415234,0.7016572856474669,0.6927929803175658
1989-10-31,-0.6081976531199981,0.8700153609540819,0.9539715090772806,-0.6546890587685357,0.18859857236683297,0.9593673793100885,0.7832978364517313,0.70922925288156,0.7484980550356921,0.7499530145447457,-0.4651933517067206,0.7971753471518267,0.884045246306787,-0.5232108108850705,0.15152569953627665,0.8785114759723508,0.7179307198375321,0.673293388047146,0.7038894127385055,0.6975874644991137
1989-11-30,0.3252104313300107,0.961129418997039,0.45638424101040503,-0.697164779267158,0.13718078221199861,0.9592503881680488,0.7455377765925442,0.6917401586829077,0.7364785234236142,0.7364894673049838,0.34334434275680387,0.8853930336355665,0.46437622979468296,-0.5117743352770557,0.05556621744848952,0.8743734129252317,0.6498877080297526,0.6572508185348779,0.6916458340189381,0.697769895396971
1989-12-31,-0.45052426415794167,0.6895717434387664,0.8142634325245187,-0.5594971399564788,0.14956948457208247,0.9600651759810729,0.7460795834798014,0.693437301136057,0.7424318818198413,0.7476752865259914,-0.31198408433606944,0.6023148793729072,0.7727397694705628,-0.416948084761527,0.08366258026045031,0.8774425456115645,0.6629364599775375,0.665504403502914,0.7050238886787167,0.7006105815468103
1990-01-31,-0.43991399670743914,0.6912395202205308,0.6997500307390653,-0.6220537486031261,0.21790589089636733,0.9629098159209525,0.7336893864528385,0.7057679647025762,0.7494423980961818,0.7433215233195508,-0.35734757076125895,0.6372349136667238,0.6358890284099326,-0.5179219763424963,0.18993704021125007,0.8819767127749693,0.6771443039315568,0.6688512423564892,0.7075095295160863,0.6941364000944712
1990-02-28,0.07090394541219293,0.7475632216843571,0.9600888337874456,-0.5626763125075027,0.1690669002943261,0.9609017658770944,0.7092135638264736,0.7051113700538512,0.7517928334291863,0.743070118536612,0.11502253185671014,0.7117300318277373,0.8866168024442977,-0.4147331110800471,0.09534430325996247,0.8778808670582163,0.6246040013434231,0.6754223875916461,0.714987765984531,0.7025863564715351
1990-03-31,-0.394592086757423,0.6951333630744918,0.9519853570059786,-0.628030048245245,0.19722507943719542,0.9620446113106038,0.763267423331865,0.7041091627849396,0.7575028948872398,0.7435734017123932,-0.3047758956173278,0.6317698009927831,0.8840843852792435,-0.5043918837960076,0.1614029445033986,0.8824231267119139,0.699877764596731,0.6703194620668741,0.7163995294732582,0.6966667899771498
1990-04-30,-0.41517281737844103,0.6321477741670115,0.9341409023494255,-0.6352895121370424,0.2824420164034467,0.9620921338194978,0.82152116584033,0.7012781931608748,0.7458815349210243,0.7427346308730128,-0.3683893782919603,0.6020646100124818,0.8582115721085504,-0.5482564507408645,0.27805305089812554,0.8821551792162061,0.7733182700896253,0.6675631802740509,0.7052137191785717,0.6941763271021173
1990-05-31,-0.39364894080406043,0.9589951066237757,0.8107688436170567,-0.5966858537115084,0.22582236434131023,0.9592894842360166,0.7829374122399598,0.7004901452806193,0.7464754866146944,0.7441595904450945,-0.2562124819624755,0.8833205525361306,0.770288189587561,-0.44095185829695355,0.14478075514843394,0.874340724171991,0.6953456780763626,0.6655802672689156,0.7017496336068995,0.6954774429684901
1990-06-30,-0.2928591912124515,-0.3421326139705745,0.9179880396526927,-0.6888423008017972,0.31701950688488767,0.9629172346756557,0.7541015566381976,0.6953541094379759,0.7463565802027711,0.7413889414056184,-0.2209067711094764,-0.3158588001237954,0.8563537336277915,-0.5467429795314005,0.26587351549400945,0.8861734438244786,0.6895921493631456,0.6514213924060261,0.7030896719094026,0.6876070802631145
1990-07-31,-0.29949811548580285,0.8891467574147431,0.9194372144028249,-0.6847954397127571,0.36341279693965794,0.962186924734454,0.7403387014710804,0.68713819372472,0.7381292534441458,0.7340496232660215,-0.2604532600301619,0.8253016330746764,0.8438035941008583,-0.5700343151737463,0.3342545673577662,0.8805986788096677,0.6902845991544008,0.656959128879124,0.6971540196364202,0.6911047571737762
1990-08-31,-0.28655638698522357,0.9217262915354562,0.9029690466924706,-0.6433107457803561,0.3239120898852793,0.9603532511068432,0.7204987004897775,0.7011445378265481,0.7467173228817808,0.7471693180243991,-0.1815843699091541,0.8395808183153445,0.846534817045619,-0.486182914311671,0.24511632700176944,0.8774305531342474,0.6386557158742625,0.6707893401140627,0.7051551494739455,0.7042534421354595
1990-09-30,0.36998871171805015,0.5048013580099955,0.5989551663320257,-0.5959881515262779,0.14171876237883382,0.9544277743308761,0.6374198923105608,0.6963099750632594,0.7447625124437888,0.7443116941690241,0.40295382577783034,0.5218534610380624,0.6065570936315783,-0.4122774142430393,0.03764630217086243,0.8677826720632966,0.5294017429997485,0.661403997547348,0.7045756494325239,0.7038487700839149
1990-10-31,-0.061960913355579406,0.90413266025255,0.19214714685708736,-0.4457509471273356,0.049359889619956944,0.9511538360767907,0.5649485927144772,0.6930527404382295,0.7449932295940956,0.743911917860823,0.0631956953825365,0.8635146546503782,0.26252289157445985,-0.2772639085236519,-0.060044947033932,0.86065302217192,0.4464728065423205,0.6711283467100109,0.7087606061488687,0.7079741095480978
1990-11-30,0.21876930285231352,0.9223061683650663,0.7066768250940482,-0.45161209935612406,0.08211961106277083,0.9618129426745948,0.5159284567981847,0.7121848931931464,0.7530454507416536,0.7503920094933499,0.19121162838422578,0.8510976805152332,0.6515399716504698,-0.37136648382327486,0.058830460332206104,0.8814117219344385,0.46067648344113643,0.685636030284038,0.7206087079349511,0.7137027784569846
1990-12-31,-0.09589019682420347,0.03435543396086849,0.5575660259681452,-0.4032478544861599,0.241728561711955,0.9632966693004419,0.5193075966638335,0.6791000113603658,0.7357745420530635,0.7402794605843488,-0.18416758990570226,0.11775161983395992,0.5797906336322571,-0.4358350986646846,0.291353284682482,0.8823633174124033,0.5386167178541228,0.6336043524037032,0.6892807562744439,0.6845861817504646
1991-01-31,-0.5267000891768536,0.5648544482412321,0.6071004382847621,-0.47471252395345875,0.25972313252763185,0.9669665417148544,0.42646841520991596,0.7122883224618064,0.7586287642115335,0.7555555599321975,-0.45714819360137593,0.5402865699080835,0.52691918553731,-0.43725073009261844,0.2523771255310419,0.8877290670878984,0.4072526996985139,0.6728985846282888,0.7148027889053455,0.7039448703734491
1991-02-28,0.04011611506356178,0.22187428232294126,0.7775998590118718,-0.5207800529084547,0.22800702661235045,0.9668286647372129,0.37617564076825466,0.7179297691029507,0.758224955369837,0.7588682064011538,0.08371143993705252,0.16079541190829416,0.740488344995387,-0.38691619653195486,0.16276773094007801,0.8894634393002964,0.3084780420061357,0.6798751863530833,0.7174883507945843,0.7142046871938109
1991-03-31,-0.09110426066031796,-0.11967748364706192,0.9416292726789236,-0.5810513179200725,0.41336384100545737,0.9640346799045766,0.5643783871970076,0.7196324944305043,0.7641049934732443,0.7634882778969619,-0.11384540637368241,-0.06928577253079417,0.8788289747920484,-0.5099354475621601,0.3973795189177161,0.8876149075913495,0.5420262216341836,0.6759254628692939,0.7222628681320098,0.7137565335452989
1991-04-30,-0.3144436694719287,0.5371056716698949,0.9426992523445589,-0.5788425801880874,0.4395819477179384,0.9632565928784663,0.6174162152207916,0.7202903706962033,0.761366115111577,0.7632113149578813,-0.27178322947689076,0.5001110470978548,0.8717799374484574,-0.4898317593492264,0.4036206103760237,0.8845304201138908,0.576473271492202,0.6845702639415325,0.7196582619085394,0.7167308010978242
1991-05-31,-0.12016187565111865,0.8334515524216553,0.9494942692813684,-0.5151541550822591,0.4659590252159238,0.9630927347753392,0.6601951164130885,0.718591389984962,0.7592476800834512,0.7593112944331751,-0.07188197030414091,0.7544363416674649,0.8760749852673853,-0.3982526415994022,0.39643256644865454,0.8828464179722737,0.592521456598661,0.689902666697658,0.7210227689303836,0.7197236026663929
1991-06-30,-0.2364988696429801,0.38171292314900906,0.9342807020420216,-0.5490608236813826,0.4889979570499793,0.962604352892022,0.7205674337775635,0.7247175782625354,0.7645547756043479,0.7667382199961036,-0.1800524792973419,0.3354085046730658,0.868075052320303,-0.4390881262088956,0.42932310031102106,0.8840410287892383,0.6579004934608524,0.6900260653363258,0.725430249815206,0.7223464290112266
1991-07-31,-0.31282681879349045,0.935607638304935,0.9302204411114408,-0.5790913984044036,0.4917692783595424,0.9612541373878367,0.7314708870756645,0.7121515881118616,0.7576448029555853,0.7540284573072031,-0.2133259400752892,0.869374821361248,0.8517864115451643,-0.44340243081379443,0.41183813712046774,0.8780562220946042,0.6561674444167573,0.680256915787524,0.7161588674098649,0.7093487052604419
1991-08-31,-0.36950229474448304,0.299936372839886,0.9326032025959651,-0.5943460095642369,0.5526765132198591,0.9618640029592386,0.7963252022715402,0.7087203487073562,0.7570372109954001,0.7504254179958055,-0.2901638853262832,0.2656769375105258,0.8637256118920024,-0.4798809290753737,0.49330263743822134,0.8836010558213298,0.734779072447329,0.6734835860843037,0.7169981065057541,0.7053699592611066
1991-09-30,-0.14337714328632065,0.5500803164773376,0.6492014691976549,-0.6423573371718101,0.5746973379817356,0.9618215869705551,0.7723442093474995,0.7078104695329683,0.7521963497668036,0.7485376208001655,-0.11163184373384503,0.4951882168238599,0.5976024954808545,-0.5175156422855463,0.510891697177882,0.880989128197385,0.7063595478907891,0.6712340628716127,0.7098582838657517,0.7060048459025174
1991-10-31,-0.6237408845134212,0.9019341947416859,0.9033436497329648,-0.6022748573656715,0.5730993514509855,0.955426289546311,0.7550034044615199,0.6951717136158884,0.7452594245129158,0.744869810221588,-0.421343591897936,0.8111346181396966,0.8510954915108635,-0.4357772500302543,0.467883797397259,0.8686813402091068,0.663690435645044,0.6649465165676827,0.7027008749025048,0.697460165872855
1991-11-30,-0.35364067899906965,0.6667709690548561,0.860391175659938,-0.683311451317021,0.6116746998329767,0.9589204509003387,0.7446164042954108,0.700682699857131,0.7470853095572173,0.7394071692691796,-0.2592833230751799,0.5962676758520304,0.7997129229950302,-0.5385267376329138,0.5355112799790878,0.8767555907328184,0.6756815926309595,0.6670918087801637,0.7055027850324899,0.6985375079191661
1991-12-31,-0.07569585737351664,0.9555900359617889,0.9242572338248792,-0.6740764357793597,0.6107631009644056,0.9569392721720981,0.7019059458729876,0.6957955888073005,0.7417494309087093,0.7384321075947885,-0.006407103304473498,0.8822032153807204,0.8620049044072131,-0.504818980578878,0.5128352129719399,0.8709032530843976,0.6169452157914772,0.6668835865391798,0.7031184658874479,0.7030524697451288
1992-01-31,-0.11373725296050811,-0.6496816778277843,0.9564713399449071,-0.6785589151795209,0.6745390488805827,0.9604532672488889,0.746151708588242,0.6945131314129801,0.7463939573870956,0.7427053705731633,-0.07513053948041462,-0.562827537535845,0.8879489049724312,-0.5374423132721103,0.6031570726256537,0.8839080241093853,0.6831087517598713,0.651104551199152,0.7043264134654617,0.6935010443777285
1992-02-29,-0.45497925520417953,0.8659583645121632,0.6243855357384552,-0.5989452822217564,0.74374930153053,0.9602037606910011,0.7819354454053492,0.6772109573159736,0.7308076398985793,0.727890767998071,-0.3957446040945098,0.8121393849548599,0.6002981237274265,-0.526343175873278,0.6950626640699253,0.8768971715062985,0.7407746719855077,0.6488281255789423,0.687860354439745,0.6877657629745573
1992-03-31,-0.4301754202365559,0.6843280282618773,0.6653329267302566,-0.585434035017073,0.6891305707548379,0.9578765578508306,0.737784597032902,0.7048022029100034,0.7450929147688439,0.7489688842762785,-0.29513087960720685,0.5971499867245965,0.6346568335487376,-0.4428343263265778,0.595238352410662,0.8738684378788845,0.6540560126880864,0.6669287947840002,0.6975120491501027,0.70382795231366
1992-04-30,-0.6161582047250166,0.9409692963060879,0.8849616835644775,-0.6329775060953483,0.6628765912859519,0.952665148583474,0.7444770810852669,0.6851038854545634,0.7355429555154781,0.735048844560742,-0.39940357497692586,0.8539704871998731,0.8405159871561256,-0.44819125994392517,0.5475406102049053,0.8632035050104694,0.6448657660757418,0.6563418990327552,0.6938258104280153,0.6890641451846486
1992-05-31,-0.18985197542121304,0.6739003864121328,0.6022639305018446,-0.7415033961326444,0.6576086165638854,0.9553089517946599,0.767659006111609,0.6974783503246705,0.7443413192596954,0.7344414501380582,-0.10889924795751375,0.5907626836030023,0.5751583626130652,-0.5701978147184946,0.5669913224199804,0.8713408861410997,0.6875879699410387,0.664370607425894,0.7021698516537364,0.6992912142966315
1992-06-30,-0.5192608455688582,0.7682565332076244,0.9301747476781056,-0.7092264540988676,0.6793486542561503,0.9563771334588705,0.7986073966723893,0.6883776038055721,0.7337119155388295,0.7351719337163002,-0.38397202483426557,0.694841187743603,0.8614536604414157,-0.5587024603931245,0.601436584761144,0.8725255100806752,0.7287697215877665,0.6564699697062724,0.6924107376317186,0.6919064352517934
1992-07-31,-0.4839439923349927,0.9380481171507719,0.9544331451247806,-0.7330589757909022,0.6576790072414173,0.9569740195348703,0.8088457650077788,0.6924003800872837,0.738090606301539,0.7362336685826277,-0.3603711417123833,0.8623167552906945,0.8810904002055996,-0.5793130339570955,0.5826297382067583,0.8729682610730853,0.7407200477936836,0.6603820126321848,0.6960073049820054,0.6934585881501961
1992-08-31,-0.444401419636475,0.36778455633698964,0.9310347212377994,-0.7084081514067153,0.6839126988321405,0.9593939135649512,0.8592310044656783,0.6892286693937433,0.7354656096470846,0.7335477671184081,-0.35505460778362635,0.33605147859849444,0.8626626648194698,-0.5736330071200006,0.6209443450181765,0.879416906124307,0.7974307165149951,0.6544827225838906,0.6941456091480506,0.6890098533338928
1992-09-30,-0.7027324459557074,0.9374625167240629,0.8312848266564776,-0.7408411985938177,0.6435745731928646,0.9542914428755864,0.8662149223243072,0.6868274502599689,0.7335830533601508,0.7310057449649361,-0.5093081311901724,0.8593444439727712,0.7725365902516647,-0.578716013288312,0.5617367421746726,0.8681481433882858,0.7907305675525997,0.6486630065842689,0.6854984348970694,0.6802948804157143
1992-10-31,-0.4295633721562407,0.6644997021094847,0.8729899947210904,-0.7650967060495579,0.6267929437983892,0.9548173901625161,0.8668009407393191,0.6764651912387134,0.725903775520818,0.725346825320794,-0.27760127780820953,0.567555146145634,0.8247345152258398,-0.57274751961521,0.5248024357907991,0.8695312800816686,0.7817093690882886,0.6476457214061682,0.6840588998480388,0.6838550663426322
1992-11-30,-0.42191973652701925,0.703885224400513,0.9227457141917701,-0.773784089671814,0.6230748847700901,0.9584253281453309,0.8065320443810572,0.6830702690740761,0.7280036774022688,0.7279322049466929,-0.32935051622859546,0.6424363711954353,0.8514838288009285,-0.6179866739771851,0.55790923053527,0.8761484050397725,0.7435523532766397,0.6500942334051685,0.6861746895973304,0.6854417325674413
1992-12-31,-0.6368287130636248,0.3107253759380183,0.8627050254505817,-0.7739452278263546,0.6382469121362679,0.9578072994369629,0.8087046770224415,0.6908439609169144,0.7344463523606743,0.7350934581259783,-0.4960202054577872,0.2809218351199552,0.7940753500904723,-0.6249400247148593,0.575572050837545,0.8767740935333055,0.7476265257059613,0.6495302349806702,0.688120287900283,0.6829223397733002
1993-01-31,-0.6555793772529781,0.6621824128665856,0.9519178778341757,-0.7601036198655622,0.6557473971481478,0.9564959998667915,0.8286119859551528,0.6839991437052069,0.728352188487194,0.7277027758828347,-0.5069635975164513,0.6075025499782297,0.8803208946832514,-0.6137603153151137,0.5934287599066732,0.873895279808455,0.768039551400909,0.6479269327521849,0.6833524808808308,0.6788677738654213
1993-02-28,-0.7295023315597098,0.7181133361263362,0.9074390098407273,-0.7911407083865524,0.6352107027963847,0.9550850126825263,0.8558995283256081,0.6877592362939011,0.7295546411795726,0.7282095606645578,-0.5455500544260541,0.650235655488365,0.8387414827234239,-0.6275500092911184,0.5636378661464194,0.8716004824150032,0.7875435130036588,0.6488524445177088,0.6818124826794343,0.6780093297148959
1993-03-31,-0.33623349352977494,0.7792030891612588,0.8337829822417233,-0.8312337959152157,0.6103957961382873,0.9564797593840803,0.877573128422995,0.6788599281576172,0.7225773542860753,0.7230535299163917,-0.21817586697400626,0.6889870296341504,0.784491404708021,-0.6341763005946276,0.5157975267687768,0.8716032390900256,0.7962114370868482,0.645469776623763,0.6779591568755338,0.6806234309393658
1993-04-30,-0.3893957799689995,0.5355242594826863,0.8825878057332961,-0.7852108733769287,0.6189359373211156,0.9555891331633424,0.9190874109270573,0.6818672021329288,0.7267084963645327,0.7307211705523571,-0.26556555858916414,0.45516538850413785,0.8268157012681249,-0.6002410668574661,0.5292202736936145,0.8721397468390575,0.842430327016594,0.6494719474199111,0.6846809479249285,0.6876429207989343
1993-05-31,-0.3658604116414546,0.9499725340177552,0.8256799440919388,-0.7355787130508585,0.5859522299243127,0.9532095452717492,0.8616837687134672,0.6851901242440571,0.7321772510826251,0.733374495284817,-0.2274235414266023,0.8688630769511627,0.7814829769014514,-0.5507299317275768,0.4844081194773785,0.8655159542493593,0.7760507213404854,0.6537563719390378,0.6897573612506807,0.6897200217016701
1993-06-30,-0.46369950546454136,0.4749211655926315,0.9511814448317335,-0.6759603600906877,0.6395339563042876,0.9586602931089139,0.8458580107718321,0.6812302711374882,0.7330778679067527,0.7288311068195941,-0.34613976239648675,0.41676166260022324,0.8792778428465884,-0.5328389343219841,0.5650844024534329,0.8775316283058874,0.7772103463661799,0.6504109933688496,0.6936452547765894,0.6854041145851801
1993-07-31,-0.596268386386311,0.7890967006927825,0.9248243217191309,-0.7224759339469714,0.6703412435176513,0.9569642895245353,0.8727144390138909,0.6814624202024783,0.7277188109662792,0.7271789804003265,-0.4887379775866361,0.7424103190694317,0.8620902446466788,-0.6083881217068573,0.625849707980571,0.873948019795845,0.8196006357901956,0.6494028538978979,0.684860511688934,0.6810756437010416
1993-08-31,-0.560440436670176,0.8176784413030003,0.6992305820119855,-0.733030974179719,0.6098558705852317,0.9557658189614953,0.8369484649210757,0.6917084448234398,0.7345677480004338,0.735730929627439,-0.386106116626805,0.7262263369111841,0.6682803312658803,-0.5551848885434848,0.51169082242634,0.8698741809415441,0.7517621628570555,0.6531999499697455,0.6856525565780077,0.6877715943831842
1993-09-30,-0.7792875038822672,0.37699634952208566,0.9536754526093053,-0.77609192852564,0.6507163594646398,0.9545821685276363,0.8672240530444824,0.6764149752048343,0.724968607539912,0.7245643207562853,-0.5890146096253972,0.33577478765731555,0.8835636000450727,-0.6194768678957389,0.5836710198209659,0.8721987793461555,0.8016965213770645,0.636176819823276,0.6786775591886245,0.6717010769912095
1993-10-31,-0.6572232597244996,0.8223091906004144,0.94718571332091,-0.8399390985700718,0.6462649370924737,0.9557636727508593,0.8939433384331891,0.6701992272952918,0.7162832665311892,0.7138384212720615,-0.5231736864526292,0.7676506095896638,0.8720480157264467,-0.6814221206910969,0.5974846895073027,0.8724697291746697,0.8353176794209491,0.6356705125593496,0.6708265167891978,0.6671439501343956
1993-11-30,-0.7540325085122312,0.6740469021872945,0.937334451593168,-0.8434752900060537,0.6394960641268886,0.9538749477123872,0.9096490130295264,0.6794128267137215,0.7214755170109254,0.7214940739521368,-0.5655181238131105,0.6102387494363102,0.8662595722732971,-0.6667109322457924,0.5702931417770284,0.8709870259458516,0.8416831112907228,0.6419057421695769,0.6752031453521368,0.6720725909324998
1993-12-31,-0.5838248521911643,0.9215168260353862,0.8382123089442154,-0.8679422887098812,0.5893281209606304,0.9566235542543401,0.8595716275354314,0.6718536937034031,0.7149980876576484,0.7158960878038426,-0.42818471669210667,0.8426520094049598,0.7777199937969476,-0.6777561406902403,0.5098321425974189,0.8717984751921241,0.7851645427996582,0.6346563627473928,0.6668958991612667,0.668098268722877
1994-01-31,-0.7854054413985261,0.6430905458586773,0.9532468256408719,-0.8386711142968272,0.6021769398617067,0.9539757349826883,0.8608128813478275,0.6691887742564444,0.7150773642084107,0.7158187356781025,-0.5844214933295921,0.5756719501047538,0.8818985634345304,-0.6607192552359914,0.5306246728271639,0.8706260333478697,0.7917260178531516,0.632476308566493,0.6696187356546097,0.6656998308284754
1994-02-28,-0.697520740728704,0.5161339430546337,0.9427922707613803,-0.8720860098719984,0.6275588496295197,0.9543877262731096,0.8852153772144563,0.6642458607433931,0.7088288301291218,0.709524931967315,-0.5695529856803596,0.5033591657172141,0.876328317868843,-0.7108529881216092,0.5928184790668329,0.8719467418500588,0.8332196796317963,0.6265923989932212,0.6624097765239315,0.658798854626565
1994-03-31,-0.3758091995333948,0.9443259057366751,0.9450641046508355,-0.8478207901371133,0.5650784306861715,0.9579976758215385,0.8806758141890534,0.669206913122496,0.7117362828588043,0.715079922905874,-0.2554216243208319,0.8632029419694919,0.8750325321474873,-0.6499451032856366,0.475689598563192,0.8733081890359368,0.8016135008958535,0.6362036213539456,0.6657998194443565,0.6717700379624968
1994-04-30,-0.3933220070767602,0.9440529563529418,0.9459353997608466,-0.8039151919594572,0.5054817187568951,0.9541296983483951,0.8738247642537582,0.6641120206916307,0.7132477225935361,0.7179135715150606,-0.2208177695272734,0.8812060676922298,0.8825536533610644,-0.5894586768862127,0.3869338418142258,0.865698688687496,0.7809948741711522,0.6370176195244096,0.6699044122031053,0.6756215682117079
1994-05-31,-0.26835118884730613,0.7261498275124286,0.9203685642911484,-0.7426366443290591,0.4670844510033286,0.9578790547759469,0.893397287275122,0.6809124466410857,0.7269186212640216,0.7310451628561477,-0.18226045620719894,0.6471174087204572,0.856456344033928,-0.5725402761655802,0.3929701104306609,0.8748547904945142,0.8178239568065852,0.653696974463127,0.6887190517178431,0.6903387487944098
1994-06-30,-0.5007922135368276,0.7482270518661833,0.9372179686981832,-0.6742022199949135,0.4578768389175721,0.9582198609165551,0.9026031997025781,0.6905120392391972,0.7339423128487037,0.7374025562270496,-0.3896965164164001,0.6850763029722711,0.8658748679506536,-0.5442104425888462,0.40589254516466555,0.8757401814552831,0.8353672910953077,0.6594667331829557,0.6941522860374526,0.6901324377566308
1994-07-31,-0.4590867577211445,0.9535608332939197,0.9448020222293781,-0.689883733100569,0.40783128114228434,0.9574473863621594,0.8717748982381363,0.6937933511695061,0.7392594180168784,0.7378842887209588,-0.32266706499162956,0.8764925429366606,0.8767379354855924,-0.5292743457004768,0.3307404701828667,0.8727551239739841,0.7945059659584639,0.6624776459236974,0.6975665462763563,0.6916688580185972
1994-08-31,-0.7493908691381967,0.503405822808339,0.9521207519814829,-0.7130620099150997,0.41874682636259464,0.9561384454965083,0.8921109077408516,0.6860177445784748,0.7351323787374155,0.7274086810367195,-0.5811934219579084,0.4650745379475192,0.8834546161650483,-0.5848168203521388,0.3804125389364593,0.8743174733640175,0.8307127528898879,0.646589638366672,0.689997065843547,0.672812787506571
1994-09-30,-0.6258147515696919,0.36007898996455256,0.9480159778092027,-0.8130745371230591,0.44250440884205045,0.9576919984268301,0.9072743822950272,0.675383679903787,0.7209096021964431,0.7177616278840607,-0.5315978368907794,0.36732771402355624,0.8800696469859639,-0.6803642110830139,0.43093206807922446,0.8771044628350411,0.854366467178554,0.6365335256332176,0.6750572807840112,0.6648536610280114
1994-10-31,-0.4695383707115027,0.9372926038978172,0.8933715541582586,-0.8090497991341111,0.35596891254202256,0.9584845419052342,0.8924670850780457,0.6781438082273602,0.7222277024061184,0.7242924275710122,-0.32691627567796444,0.8558791073096095,0.8352641774586083,-0.6207740187575699,0.275938787485782,0.8740978890597833,0.8134600129192349,0.6414189205335776,0.6737214315720601,0.6757271479841767
1994-11-30,-0.3388422793687553,0.6595672304452451,0.9263842317561324,-0.8032244569511566,0.30590580938104056,0.9595630548134599,0.9011475064453116,0.6798474449181986,0.7260142732369097,0.7311672729154814,-0.22637223007854698,0.5740605940716088,0.8657257324286273,-0.6156102844355197,0.2323749341874512,0.8779650406931719,0.8239709093067648,0.6491217758397808,0.6849386941559233,0.6861984547113077
1994-12-31,-0.4425816207352617,0.9578649469793111,0.7911812632800704,-0.7267541894390307,0.22062430612209508,0.9572906455306617,0.8793655207911911,0.6872162236193865,0.7331060297181528,0.7359655334611538,-0.3096837796648059,0.8864387011509046,0.7450012439168169,-0.5597507237065119,0.1537446220674651,0.8723251699550724,0.8007007524028901,0.6520640203165321,0.689535382878023,0.6860386495742071
1995-01-31,-0.5129105598069358,0.7162076159548704,0.9572113669937626,-0.7011412516072858,0.19018029203462283,0.959565418789654,0.8984738297238996,0.6794326502902494,0.7311035650038326,0.7288733350932229,-0.3786640713391353,0.6404723945723133,0.8875699135771603,-0.5466100137588609,0.14062525384501007,0.8778360732897331,0.8262894050794033,0.6490029856931187,0.6911601939206445,0.6797429483081642
1995-02-28,-0.7870506810003666,0.6580312899127498,0.7948120055639878,-0.746445167979536,0.2625528302003967,0.9520716664853173,0.9253682611371454,0.6679577867719406,0.7161031151531572,0.7127024175407901,-0.6443576890562241,0.6478715547131777,0.7706070974401293,-0.6557890615969966,0.28980134604177754,0.8676134730074347,0.875033212685115,0.6276777383791958,0.6676104588708058,0.6533595119097477
1995-03-31,-0.6777250596340946,0.4207738692807876,0.9209554549979987,-0.8217526282896755,0.2759734443045339,0.9559187975797939,0.9324279059409631,0.6869117892016224,0.7252830413246768,0.726464442043132,-0.5622271011167792,0.4137033964592025,0.8623717128369741,-0.6829340330085427,0.2749497851672516,0.8754678027821816,0.874549713610735,0.6461465775678981,0.6792609057082464,0.6699470726112924
1995-04-30,-0.6551069617398523,0.5827710898238064,0.9245988912947772,-0.8387469373382376,0.2448346855071212,0.9583354797860136,0.9266688280852965,0.687361051089857,0.7234463046194047,0.7285250323139981,-0.5004307093129546,0.5184679215572014,0.8574106848069497,-0.6635917346636718,0.19934649940476296,0.8771918977594991,0.8572070165093783,0.6464984469359388,0.6748539370643715,0.6733479131647072
1995-05-31,-0.8029612980714517,0.5909064852828744,0.90054286433271,-0.8535182887361865,0.26026762125542424,0.955509375987352,0.9282452147327661,0.6831152259617209,0.7225335284680402,0.7268089758397956,-0.6081277836385118,0.5281396460125974,0.8341992803498548,-0.6776528317318269,0.21582061061024083,0.8728013261164503,0.8591541570911368,0.640762569748306,0.6732362466509391,0.6680353802293882
1995-06-30,-0.41660144268475185,0.4850018769763671,0.9017878061897314,-0.8588099289243499,0.26766134973422284,0.9608284078937155,0.9339169286122837,0.6787112612634318,0.718279788817483,0.7227200207543378,-0.3288026396798129,0.4350384168465223,0.8337788278714875,-0.6816296196870848,0.22791603877509858,0.8806531814478329,0.8662313763512117,0.6407651529864424,0.6735818088856711,0.6722129615073671
1995-07-31,-0.540022733309894,0.5156952013456331,0.9521046250188586,-0.8253010373953082,0.29108584553567285,0.9596121474160204,0.9227197551802313,0.6835541258619735,0.7242120964261758,0.7306525289377297,-0.42341608419948407,0.46495494602248766,0.881879052995943,-0.6581779937324745,0.2512041673294197,0.8795482635302418,0.8565695075653041,0.6460530502586017,0.6800703404046746,0.6784855455219245
1995-08-31,-0.50961868858994,0.36554294464182735,0.7496709793219637,-0.804144928322749,0.30379389334774964,0.9610202168096277,0.9087030384794971,0.6904137020880058,0.7297701403983806,0.7379091932002769,-0.3955054949249634,0.3186633998237437,0.6935806450454699,-0.6409035474234799,0.25413088814165835,0.8807179457166776,0.8396576749069524,0.6479334097748631,0.6821259435796907,0.6823421763101163
1995-09-30,-0.8376830452549957,0.7638680423578721,0.953405215495829,-0.7415239503321518,0.3200998229415832,0.9534037206186472,0.9135915599178726,0.6825522319256716,0.7270171943492238,0.728748707655801,-0.6288687677670977,0.6962660015161813,0.8825417613610193,-0.5934052726896023,0.27722785992731425,0.8695276908736602,0.8463988525427508,0.6448872962729029,0.6810085164814337,0.671676066129695
1995-10-31,-0.7218825881524673,0.43361937593607136,0.868431358484076,-0.8335455049543378,0.3529262233938456,0.9574623180207796,0.9196486480631411,0.68491673802691,0.7252868605790198,0.724245374460953,-0.5700718306326865,0.403795468381566,0.7944141307508159,-0.6778962914468873,0.3209118092398855,0.8765046060527222,0.8569890897840124,0.6414758252862527,0.6769273809908973,0.667485736520629
1995-11-30,-0.6339338507389375,0.9041045898626368,0.8729221038053596,-0.8507674008816599,0.3404878778363514,0.9571584589545199,0.8990332715263332,0.6718808224601771,0.71551084248623,0.7138233017116109,-0.4589744000376938,0.8215226388048853,0.8146265761195615,-0.6606537081189636,0.2670800760445363,0.8723476385129965,0.8226448288965913,0.6345179961328878,0.6671845497280813,0.6637000531524355
1995-12-31,-0.6167659866989553,0.342056620145154,0.9468988910692738,-0.8738427585114116,0.4115976083321207,0.958341191569547,0.9039943325600801,0.6771583895092181,0.7219715453752258,0.7225746708333871,-0.48368784205702053,0.3079814757830506,0.8769427960820881,-0.696925440362381,0.3644923474112333,0.8783177629299497,0.8393583267645846,0.6355987740510576,0.6756526639488087,0.6690485584252612
1996-01-31,-0.4854100104032659,0.7098623787457803,0.8647019799097495,-0.835455546514891,0.4433873133691334,0.9598314192855097,0.894039635009886,0.6742185062335306,0.7183783770233372,0.7227800738640391,-0.3855836903946859,0.6505657077573775,0.7939375442225548,-0.6676608426734868,0.39389355017481287,0.878021100425079,0.8284225771081374,0.6385975984658715,0.6734947991405867,0.6743910353199382
1996-02-29,-0.2784763403970439,0.5618575921596274,0.9538845965225129,-0.7885696791398862,0.44180238778575437,0.9604442756948428,0.8981904070892373,0.6845619609551636,0.7265280695700935,0.7342340507854763,-0.19564054465511582,0.4906075964995109,0.8829243407734682,-0.6115198743540156,0.37186297642273847,0.8798560485059763,0.8255751810601077,0.6531445152133306,0.6865000139780686,0.6900044247507096
1996-03-31,-0.3202936704957217,0.6829993590620028,0.9283917717579268,-0.73457421682177,0.5080754375163069,0.9607923557943233,0.9093492287572721,0.6942063842103726,0.7366102763623038,0.7437138394819024,-0.26284965725520565,0.627755212823654,0.8594503736292155,-0.5926516505960105,0.45774248952645963,0.8803385268279283,0.8451712813687967,0.6628700410368983,0.6966907654858471,0.6988595051021679
1996-04-30,-0.17879254248501483,0.7302257537580826,0.9296748176689275,-0.6632796927440717,0.47700687762553423,0.9597887561874375,0.8829165182989517,0.7001704492390338,0.7411550141158129,0.7492928689557105,-0.1118474166574264,0.6496914189644667,0.864391025519121,-0.509237732877642,0.4011132836235631,0.8775421450399408,0.8073029984055726,0.6700293431601874,0.7014289238603124,0.7063054047308759
1996-05-31,-0.401113781205467,0.5825548458591536,0.9542794214140278,-0.6025507690879581,0.47679430515651844,0.9594478482164566,0.8823473351230355,0.7031398367785207,0.746611828131021,0.7520212494995417,-0.2897455772383557,0.5097769342377718,0.8849164629440268,-0.46512379539172843,0.40383598309143665,0.8779992210853704,0.8089146331647454,0.6729877629893584,0.7081319090404112,0.7060584630460538
1996-06-30,-0.35966014859815626,0.5415253000146978,0.8681011015709225,-0.6308386379150255,0.48148696443685435,0.9595099464358475,0.8839969964850408,0.7065075442800671,0.7493828496103224,0.7495100431496323,-0.26892459977357097,0.47889269586747524,0.8066019220660303,-0.49817290920836726,0.4152929903498452,0.8780056911782772,0.8130821071599754,0.6722561993452327,0.7081493191398038,0.7029391305268065
1996-07-31,-0.6858783029538589,0.8807618714422283,0.9316658766150419,-0.6351117976890448,0.47933823768110534,0.9556161401334098,0.8730843873354872,0.6987468684221314,0.7453093480498154,0.7419191792697957,-0.4943858511744716,0.7988915412569414,0.8663083059059159,-0.4883224618996904,0.4005230095009613,0.870570331241168,0.7969053404943035,0.6650751337509068,0.701676408502299,0.691973763853338
1996-08-31,-0.009107312864455807,0.9015780695365758,0.7550275109600678,-0.723407429612322,0.3715244270974539,0.9535059467748183,0.837192366421463,0.6911963533335354,0.7393598815276735,0.7319175172838096,0.07799095943465291,0.8502492718044805,0.7324286936841453,-0.5259212413031138,0.26129509460677025,0.8656665848208016,0.7430440342098588,0.6586909477954188,0.6962262641633996,0.6930013387569314
1996-09-30,-0.34804959174832156,0.49377083195118604,0.9079814181131336,-0.6832266008976583,0.4686753846509592,0.9618717249410844,0.8753812417289917,0.6748071416333776,0.7317308704089702,0.7259652413684812,-0.26386139201375447,0.43892531581693145,0.8369672004716192,-0.5425242247215598,0.4090440363178048,0.882389752713005,0.8085534682745463,0.6443965686577212,0.6927716709692621,0.6827944542912704
1996-10-31,-0.5638138863865929,0.20713171147180962,0.942403192228191,-0.7127118165782333,0.5080567634585194,0.9594019556242601,0.8984380103244365,0.6763452880529277,0.7261186659642485,0.7240634377991102,-0.500980377608039,0.24356130190073122,0.8653172691874834,-0.6258128967005668,0.5002269039449753,0.8795391776424634,0.8505858770136766,0.6411761886720334,0.683569141474151,0.6711033923741737
1996-11-30,-0.5718733482939026,0.7158475052251633,0.8661921426608973,-0.6447682400647959,0.4763924827099809,0.9576901735869473,0.8812025825146027,0.6940768331128163,0.7378966174583762,0.738350139919841,-0.4091783746776408,0.6301080879675941,0.8114708113977162,-0.4911775750391594,0.3929497618522896,0.8735369266356608,0.802771470483059,0.6587588444588496,0.6923402302304674,0.6876579721912132
1996-12-31,-0.5317945493599021,-0.013636900954117584,0.9410122583049448,-0.7442604153214482,0.5166510901066063,0.9589483180562137,0.888543028662949,0.6943934593648207,0.7395850783749769,0.7379038926344439,-0.4067516534399604,-0.027923825484958427,0.875059753748071,-0.5888241106360328,0.45069515718362296,0.8797852677391366,0.8201226606653281,0.652388086393647,0.6945953159166175,0.6848913474029298
1997-01-31,-0.189710707813177,0.915555494857817,0.9510566645111932,-0.7760191137354152,0.4886219948488421,0.9600103392925227,0.8788687411259059,0.6857056403947158,0.7333678872787056,0.7316020494367143,-0.1426587741548599,0.8399454835912825,0.8780421277880306,-0.6107183563516454,0.42604025459105005,0.877093409972463,0.809698234889972,0.6552586325452496,0.6916620047206914,0.6912560687845009
1997-02-28,-0.2914614693296795,0.18945212249311708,0.9058088177086403,-0.7204337601079354,0.5324145743445894,0.9617325611969662,0.9022068200303685,0.6969718998510505,0.7424098129774622,0.746054230499776,-0.2316386855998465,0.1670290275051647,0.8382505374827762,-0.5769590069876172,0.4752793122492896,0.8842943809535575,0.8374487108657522,0.661432741748889,0.7023806431682669,0.6994696197783516
1997-03-31,-0.255986689291112,0.8456878826056542,0.9527113390414601,-0.6658294020964504,0.5411816807162426,0.9602947635241407,0.9059395851493736,0.693443855267844,0.7389116720868317,0.7427378422961849,-0.20493378964322692,0.7759814113275331,0.8794732855631223,-0.5350936909633538,0.48253739586877187,0.8779026677341657,0.8382747051727049,0.6647765243102033,0.6992090849577313,0.6997810391700727
1997-04-30,-0.06957127681862924,0.9379671852069076,0.9567207396835664,-0.5722060366478018,0.46748774784683,0.9562662144394742,0.8782026897980058,0.6883623822604912,0.7382515629282647,0.7397962167605854,0.04165911346018915,0.8780827946447732,0.8797346611197113,-0.38484065637623044,0.3448684302045153,0.8687962575953481,0.783512467272726,0.664655099898104,0.6990865624775631,0.7005927634862994
1997-05-31,0.048010390035846756,0.3153995677834522,0.9154689197786974,-0.5791833049522926,0.4881222965092968,0.9620871308754615,0.9166955011505267,0.6975487793523607,0.7483562707856326,0.7463587689602471,0.05247165433536912,0.2755538148149339,0.8438634798546172,-0.4582289400011046,0.4297138733626651,0.8836972142921654,0.8485192590161387,0.669936534239778,0.7136913877319867,0.7075961443611384
1997-06-30,-0.15704720529395724,-0.05762744656183606,0.8928649060728283,-0.5432101603465447,0.5929370146162914,0.9621419438238624,0.9236607019320974,0.700329619823637,0.7467028232735847,0.7486859904321398,-0.1862180415253346,0.0015326829055922954,0.8414685953382384,-0.4929744001902558,0.5697916109541525,0.8834415186942515,0.8695607731094763,0.6678928345456048,0.7087167522920843,0.7028733848203845
1997-07-31,-0.14036292754669463,0.3089622890072235,0.9540537850551957,-0.49178098499631717,0.6018735255305417,0.9605055715791607,0.9157089313151064,0.7159028352129558,0.7583419341475927,0.7612289977597887,-0.09231635945923881,0.26019797961296187,0.8842603487325182,-0.3825844421313202,0.5275385684616823,0.8803996208845126,0.8444613929085543,0.6847302978035559,0.7193843376821889,0.7176085611697307
1997-08-31,-0.1295261235624869,-0.1647937907698005,0.7962928932173395,-0.5004028233691904,0.658815832630285,0.9629926966068375,0.9236983791450301,0.7205834793948752,0.7644722811950458,0.7648045027054221,-0.09967250484254592,-0.14722616375666384,0.7322633518320156,-0.40409645160754676,0.5920936910987712,0.8866783086265557,0.8579683345788949,0.6844261233941615,0.7260864067217077,0.7194699149632238
1997-09-30,-0.0017750859811638089,0.9554122504925349,0.9368979095324883,-0.5115450356535788,0.5966375576412211,0.955432415561504,0.8932522636761103,0.7024995833484927,0.7546235849681103,0.7517819448532613,0.06474421281845841,0.8809612890674907,0.8727845367204052,-0.36196445989917286,0.4900275341226829,0.8679940116059714,0.8068286185955964,0.6707324389901028,0.7105880420601924,0.7113517935527398
1997-10-31,0.0076195432977391895,0.0961275442294139,0.9459693400237372,-0.4812411044321612,0.6332880169312488,0.9582062595206642,0.9279850410500579,0.6956498981464525,0.7508250910898118,0.7509600339931668,0.06869486030760412,0.0356168397376871,0.8688930532271503,-0.3381998084328772,0.5371274527451775,0.8786633276012519,0.850881278660198,0.6742463230764388,0.7191245887232405,0.7167531027130571
1997-11-30,0.5213668032643047,0.9554869619765781,0.8923000774232331,-0.46844217563052826,0.6232549544969026,0.9527626141012119,0.9028398092154252,0.7085666950624628,0.7556997672016502,0.7514817528726662,0.46452744768825743,0.8736938152504755,0.8268955002079259,-0.35632631966301853,0.5371684555216333,0.8651871080350652,0.8225915558351365,0.6860330108478562,0.7241717244444091,0.722860219827752
1997-12-31,0.029704940735262957,0.4136076000770144,0.803006634701391,-0.28089152419535074,0.6094612624816117,0.9495660082129365,0.9106607938807216,0.707168735475004,0.757284633626397,0.7589153144486545,0.12338648267665739,0.30013089622507777,0.7812595876410362,-0.1429911607702235,0.4886618912342863,0.8628357239505642,0.8214770871408716,0.6941006523047981,0.7289410000855663,0.729793509944336
1998-01-31,-0.05019367707319846,0.6328576755185648,0.6877950399210179,-0.2871775302704,0.631632951608155,0.9507329090374831,0.9063812450451839,0.7239852560454233,0.7642640831401989,0.7585988877598505,0.020869356254109104,0.5390565416250883,0.6618993096907908,-0.18876744256214123,0.5303453870932273,0.8638674534383568,0.8233098478421632,0.7005412841811371,0.733591374878503,0.7247626505667766
1998-02-28,-0.004111271271754191,0.7874656355233779,0.628322229083199,-0.33276760534987976,0.6797825514153373,0.9632227718203277,0.9236625057131411,0.7163285509484307,0.7661626492193525,0.7565271929019686,0.014155304430776028,0.7146474865231548,0.562974158615591,-0.26466163265954673,0.6024063375545826,0.8822243780496507,0.8542204858836947,0.6937149476180992,0.7342181516626903,0.7237719706582425
1998-03-31,-0.3912260395743116,-0.12317895945385231,0.9401470878478653,-0.4839116870039413,0.7308134843520127,0.9595660433472659,0.9300386528650766,0.7203938301058737,0.7650037994692769,0.7586634366411122,-0.34235275822255284,-0.0769446850788422,0.8771200991266362,-0.43137157307971696,0.6804452704560578,0.8814122120664197,0.8711488799276287,0.6832950149917582,0.7260222462893494,0.7094626514419179
1998-04-30,-0.3538987326913406,0.21402190325398904,0.9416321540851895,-0.5566251873552205,0.7538370725334478,0.959270784169501,0.9211580504302297,0.7133689125947524,0.758598755595705,0.753709261484669,-0.27025002193953346,0.18277857138116257,0.8699487648519871,-0.4433014726273797,0.677895807454078,0.8791049910453811,0.852365397002138,0.6785796233782327,0.7167560450481661,0.7087983497800979
1998-05-31,-0.19760226570773942,0.7279819153299283,0.9430060536699112,-0.606438361692271,0.7567330274270927,0.9580613291602669,0.8999422355932156,0.7080303648354571,0.7538973722811233,0.7501126291414417,-0.12568620691673515,0.6473708256813825,0.8661304026261325,-0.46456368882911425,0.668392523087653,0.8753255664365847,0.8247985357141441,0.6788152825498102,0.7137168538760914,0.7122221785882972
1998-06-30,-0.3690161678844609,0.9492531517160392,0.9548311488981145,-0.6222947906258725,0.7298206093767532,0.9526178897165241,0.8924240688355916,0.700189532308654,0.7487555478785963,0.7465451298355572,-0.21459814060040933,0.8667243684567155,0.8801851098255341,-0.4456744949423981,0.6200830413624039,0.8646528071876468,0.8053127136534216,0.67133875354751,0.7067248916503296,0.7061835324343292
1998-07-31,-0.08047312599890712,0.39937866026554947,0.8510378116189252,-0.6213760815225674,0.7365721646094168,0.9516796448558585,0.9025098019463503,0.6955604866968127,0.742266358585966,0.7421474012530739,-0.0011324491525582703,0.3126120208416836,0.8066949182021587,-0.45236344988242466,0.6360950657558778,0.8669286676748954,0.8197202230852331,0.6699841067148212,0.705733631253158,0.7080214523516667
1998-08-31,-0.029838128524301184,0.9264151963812781,0.8038240479091096,-0.5640136875424124,0.7351354273275968,0.9467024233420831,0.8830637504476269,0.6996613590399727,0.7456181813530156,0.7457152545838137,0.05899909249068892,0.8347482996871906,0.7706228582843778,-0.39338958179676736,0.621215965498024,0.8559335328263017,0.7912631986626671,0.6747260442254962,0.7110697373902516,0.7109972168681514
1998-09-30,0.5933661343513422,-0.3235326800317062,0.7625406233284949,-0.49984048739717235,0.6475580807364866,0.9360859377341141,0.836864552756042,0.6878981957881333,0.7433670880748932,0.733264220577965,0.6246579398004795,-0.14456675702679805,0.7692208722777761,-0.2781423159999423,0.4959793643870284,0.840267275824929,0.7228649217639952,0.661874882035632,0.7104422118470161,0.7037466547811296
1998-10-31,0.5310091202687428,-0.01004389835755106,0.8909661472852641,-0.34504074560496756,0.7369114562935203,0.9583489111668958,0.8862194881375559,0.6592089486223963,0.7298247721844783,0.7115730540928139,0.4520071962793633,0.0006121257131762482,0.8237518481333445,-0.2897496941653772,0.6710402176066476,0.8789334911810144,0.8217443184426022,0.6384508874165321,0.6962949441180754,0.680985974400642
1998-11-30,0.2135963341986074,-0.08596343869484081,-0.1908184660715918,-0.26705291304022405,0.7906197897943309,0.9598142766211659,0.8639890423617247,0.6627162576065047,0.7190145025199794,0.7238888256269211,0.05391203780784522,0.029958553283065778,-0.05896018408861489,-0.3491641308737793,0.7701896185259411,0.8756624738612488,0.8367707475335113,0.6373861687185522,0.6793697770990432,0.6902045903268106
1998-12-31,-0.1542100650112771,0.02149958677583622,0.9538660602019425,-0.13773961603995163,0.8016761188725384,0.9614125259178462,0.7728186627595329,0.7238979162007088,0.7639523336140853,0.7694686560990102,-0.11679979140487473,0.014819030061214161,0.8822293341690556,-0.11075707498761454,0.7253219882203364,0.8816828410710797,0.7100311837189984,0.6956090978976595,0.7288874057577686,0.727180921975136
1999-01-31,0.08493743750000157,-0.025062563855348045,0.8258294812520884,-0.2692561510870411,0.7920499749823673,0.9577188961784313,0.6931684768596666,0.728831929045533,0.7714572688174912,0.7673027273528337,0.13779948108386106,-0.07584603609552563,0.7884561746657336,-0.16171778802823134,0.6923970680629031,0.8763404070375993,0.6050577751772469,0.6970968302899603,0.7333199394075467,0.7291759376232183
1999-02-28,0.0973785655305206,0.3645464290015583,0.7526503918583674,-0.3731247496076141,0.7992172875337873,0.9560042429220803,0.6562325985924761,0.7269612943324382,0.7737428428529884,0.7677098389201624,0.14296976255061253,0.2809599521159832,0.7211028124621733,-0.25490137459144185,0.7001059837812611,0.8726345255257001,0.5686846622751298,0.6979138457684401,0.7365382597194995,0.7336854835156411
1999-03-31,0.1509917594256469,0.9565915433022467,0.9000208141132359,-0.42175660227348105,0.7933280218299835,0.9584171094562816,0.6942629831591974,0.7222776210496192,0.7708754578409,0.7630421199437397,0.18094036829766852,0.8819068717396389,0.811387817807493,-0.2983320415716501,0.6910485182759362,0.8732696334654685,0.6075159761766943,0.6995074484288625,0.7369959526799202,0.7334843782831123
1999-04-30,0.08628556710896208,0.38176391313013097,0.9473111392539276,-0.3659631387665077,0.8144543294126189,0.9567980084615032,0.7630822550380841,0.7244920173170549,0.7712580845055671,0.7635190188096267,0.10293866008459526,0.3211565592992539,0.8799073953029739,-0.276688270962111,0.7284896647779688,0.8753861771259335,0.6891173682676681,0.7000838605329489,0.7385071384699957,0.7338243494096865
1999-05-31,-0.0006694861175025052,0.28043107454275024,0.9182538429151424,-0.3894257999615588,0.8412195472706803,0.9599933631738102,0.8208099369797066,0.7195425029435731,0.7618650522284773,0.7644570599375646,-0.010291529686169908,0.26040533236393704,0.8497883141255343,-0.33076807756618715,0.7697906533058024,0.8800237954427123,0.7612203721930898,0.692029060985678,0.7270888823539555,0.7291770622675297
1999-06-30,0.08895424237311758,0.9376942367797505,0.9525805430150505,-0.39037131780104933,0.8025027470629207,0.9561077792233865,0.8186312453960178,0.720652116029856,0.7673741575619133,0.763553482510422,0.12330153413019866,0.8517810765656035,0.8729626698897772,-0.2770501445011874,0.7025724972513165,0.8696607092389369,0.732573395791663,0.6951028176150119,0.730436532095199,0.7302209666893448
1999-07-31,-0.029686796319114722,0.19119694630807496,0.9454307813177873,-0.39572700804415833,0.8090954869641578,0.95827040729263,0.8355144307855913,0.7155005667450456,0.7644391689275671,0.7632322516303469,0.023145350668373768,0.13398918191105047,0.8692431731558551,-0.2836660355655965,0.7179730228439138,0.878193140383042,0.7568680692581505,0.69191067332849,0.732211082053506,0.7301755769793538
1999-08-31,-0.17297509326714156,0.9567618740004467,0.9448112549174773,-0.43119275737308804,0.7994872142966105,0.9557686670949295,0.8328351304848951,0.7149759584177928,0.760781141364758,0.7576412122738243,-0.09982645682106331,0.8781819116877506,0.8645914196863701,-0.3257026878990145,0.7068396080767491,0.8692356301908873,0.7531592178215712,0.6886950397420658,0.7243070698735775,0.7209264009301187
1999-09-30,0.060926557770667154,0.8646321069115515,0.6354772703697357,-0.4318473754012864,0.7341185240471458,0.9435845874771438,0.808164240169305,0.7005433835626893,0.7510153857568553,0.748696627642347,0.17894906544822542,0.7492926505755789,0.6550924931348854,-0.24492117492450954,0.5989802821076385,0.8491005749402603,0.693150157744684,0.6811378243457445,0.7136761983995218,0.7222126813703372
1999-10-31,0.059567089148015694,0.9379635178150155,0.9210877657877056,-0.4553208178021983,0.7341947891069046,0.9482476911217937,0.7827706927326074,0.7049234218713146,0.749451411430155,0.7537980167025017,0.13819003330044968,0.8481177822294819,0.8658276121038526,-0.2982305603309595,0.616917316331547,0.8574905940587416,0.6812036269569186,0.690425808139058,0.7224885568215338,0.7263363993066021
1999-11-30,0.2492106287243405,-0.021685494259680648,0.8409041751114853,-0.46972997557180235,0.7497178775094299,0.9551140044010774,0.8065086784098955,0.7131320780060756,0.7590225666322173,0.7486351665654122,0.22153005635956344,-0.02492987086536939,0.7802173204159536,-0.3765225083957543,0.6767764428196754,0.875375062683908,0.7409489555767367,0.6851902182803845,0.726117820197646,0.716726612405859
1999-12-31,-0.2812145020725931,0.407080546347833,0.9505285908829622,-0.3855369908813046,0.781802243701476,0.95794987874528,0.8369075419573551,0.7104144440143854,0.7559246207632611,0.755715923667772,-0.22613830689737138,0.3704978408430043,0.8783943009594823,-0.32641291677192563,0.7109160419963101,0.8762799100794569,0.7739665491516972,0.6839167631434127,0.7207001323955824,0.716230194849419
2000-01-31,-0.3391531443103519,-0.252372420709939,-0.9440525482155647,-0.4424221865816425,0.7764098591699299,0.9563133126493167,0.9003460846495676,0.7186705502520291,0.7639229482379649,0.7589627395085566,-0.24555215988344223,-0.2575400321300682,-0.788769068907478,-0.34647232346102835,0.6871753511854254,0.8721471549471032,0.8246643832649396,0.6616570421594776,0.7089550512420217,0.7085641095444644
2000-02-29,0.3261925107044759,0.9440226446566348,0.8836854267568176,-0.5086387773126538,0.7434868398608602,0.9550850810899668,0.9120380435248568,0.6784894795461321,0.7360514008534284,0.734038084662125,0.33452093639669644,0.8713415470973352,0.7863279912544311,-0.3514306102105175,0.6311917801061083,0.8656870495349461,0.8241868280286934,0.6609658068362511,0.7022510703689294,0.7032159196652702
2000-03-31,0.0794371434988591,0.5009827866324763,-0.9240860162285444,-0.49323899596906545,0.7257656625166372,0.9518756502999058,0.8994514018326601,0.7067010264126085,0.7585296935106242,0.7534731577303638,0.1266101231591852,0.41304624659804756,-0.7529993449778111,-0.36305838478392416,0.625442829771285,0.8666974496874894,0.8171645734680394,0.669325432964799,0.7123627401038933,0.7220290847104668
2000-04-30,0.34916658291946023,0.1765204868292562,-0.22812280408226082,-0.47288135844814344,0.7954851999384573,0.9625954748998162,0.9043889199942774,0.6773645533364283,0.7249756337771416,0.7431493803072826,0.24984262018821385,0.1970153341048841,-0.15235497024877426,-0.429527334727612,0.7414377658697142,0.8818641515143015,0.8485236005416255,0.6419684604728659,0.6827237856924548,0.7047485434175034
2000-05-31,0.47522002046330725,0.8715638582868566,0.7881185167307319,-0.2562317939267137,0.7085914002456961,0.9516603450897947,0.8078790824187791,0.6963104487609753,0.7524015683484275,0.7581942544907294,0.463537374473214,0.8170365161062284,0.753470098229882,-0.15168974153057163,0.5955971973556221,0.8624904049550449,0.711029702341388,0.6663840416730115,0.7142980380989855,0.7224170087913965
2000-06-30,0.3605464748223942,0.9483425955229668,-0.3307007752082629,-0.134966844077244,0.6341094014328909,0.9356506819939815,0.6726567058489806,0.6508356707979522,0.71664550169506,0.716707251178008,0.4951298362225451,0.8754777335023008,-0.11665858556472877,0.0758547967019106,0.4504216980807866,0.8303946610131777,0.5112125480997796,0.6540133218242242,0.687801218313692,0.7020571613770289
2000-07-31,-0.04339325551809022,0.2327853687424049,-0.6614434230426597,-0.17657044898423813,0.771961693406236,0.9638574769907068,0.8397277897464653,0.6859981013769193,0.7354010283799447,0.74040772636312,-0.06016334022595864,0.22905345999405036,-0.5375470675630429,-0.18052489859432286,0.7114230925272942,0.8827659756469783,0.7860549576324163,0.648644790350716,0.6927942655118853,0.6998771863908342
2000-08-31,-0.107438730468331,0.9512805730490975,0.40167242185971375,-0.32043514159305964,0.776053415176935,0.9635710310352225,0.8912175789326854,0.691775681121254,0.74095715107499,0.7468339380614745,-0.15185479440405314,0.8842318563467384,0.4110441652386697,-0.3347781711901025,0.7314512021970125,0.8803160938745545,0.8431615143384545,0.673750882663311,0.7085531885748386,0.7143174019065142
2000-09-30,-0.3766307687903031,-0.1456883575456953,0.9542225097820365,-0.40975273693689723,0.7517220051317313,0.9576077418609128,0.8741877033258978,0.7283471388659453,0.7708370230902211,0.7712121372433318,-0.2638494412112284,-0.15929506158495724,0.8887693765247098,-0.3027965347477564,0.6658188856426122,0.8785223826657041,0.799331072547533,0.6921370172100866,0.7304399789090742,0.7241953150123038
2000-10-31,-0.1697717966100149,0.9186360894039002,0.886085243770833,-0.5527777623833842,0.7191164822385167,0.9577607020622346,0.8452097379379847,0.7085892872993945,0.7581339236521981,0.7479289640766166,-0.07534429164087089,0.8567073241502416,0.7952520280372483,-0.40082659129564235,0.6166123635252249,0.8711546752132704,0.7594431453441923,0.679393842861949,0.7179465763937165,0.7079919043614793
2000-11-30,0.34413661313348903,0.9331278504882549,0.40409354749418713,-0.5476810583760244,0.6539050112297533,0.94523011917883,0.7831547969520226,0.6990334134102766,0.7488323340699629,0.7434038094093737,0.4009578755368183,0.8373451799059048,0.45343732009176535,-0.3489795985388187,0.5176288796661067,0.8522666568406831,0.6683740272778764,0.6759128003783657,0.7085408850908546,0.721841805669635
2000-12-31,0.1779623741972184,0.4352604962898188,-0.9457723597789817,-0.46308196017991743,0.6582757620715102,0.9498255217576458,0.7508617769423639,0.7023305028371908,0.7455275642581275,0.7562287778700204,0.26037294695593344,0.46645873750365036,-0.7783331064306709,-0.30342542966955294,0.5397451757110335,0.8607690830612222,0.6508976395562088,0.6654853339793263,0.7066792691210169,0.7187662705738218
2001-01-31,0.31052188203229536,0.6361549444164217,-0.0032753175553464748,-0.3553194160321639,0.6704390361296343,0.9473789172242423,0.7858325666121934,0.6962223628002727,0.7456175039550986,0.7332999392569745,0.32458757799652443,0.5396785375257859,0.057851159644042534,-0.24140509437610577,0.565824926754992,0.8596623560252976,0.6933183329557899,0.6786191584705923,0.7142613805675717,0.7141301451376045
2001-02-28,0.2483916095600521,0.43547685243613427,-0.947698881643599,-0.2767912051677719,0.7432809126578598,0.9569178257060613,0.8380323596851498,0.7068328626680425,0.7466042690449883,0.7618650999581942,0.20240113326588166,0.39661099076493406,-0.7801136211954238,-0.2429219260566307,0.6734691609940018,0.8748569804804818,0.77280063090634,0.6707834917143705,0.7074200344589661,0.7277731796974136
2001-03-31,0.042664966694430095,0.48789095082219336,-0.6666621598898375,-0.2923316683372446,0.7238267142999322,0.9623300636038064,0.8251049235076762,0.7178706598963533,0.7631299162516769,0.7682068876029575,0.07785190729638423,0.46655785462177296,-0.5800624414347155,-0.22363378454628663,0.6374696787934733,0.8799528690965315,0.7536174890916649,0.6803368374459071,0.7233015311466475,0.7299279946858694
2001-04-30,0.48120313597321984,0.8320528690555493,-0.0810306151293819,-0.24673420548069097,0.6033527006999952,0.9391025215023696,0.7059386121225053,0.6883429400995282,0.743921828630258,0.7403376412257932,0.5468658378329533,0.8197282801013432,0.06914752266308435,-0.06266672623090165,0.44200924031151906,0.8397363885612104,0.5676264106387001,0.6679206878113144,0.7028541199645513,0.7214176508221062
2001-05-31,0.42179556546106295,-0.2590659216658229,-0.2465881291623248,-0.29284845078544,0.7767869817136164,0.9652498118153487,0.8133091562502524,0.6706710408189616,0.7285008721870134,0.751632401161618,0.3448422882474689,-0.20834908410052594,-0.1944705289318271,-0.2658271571313308,0.7185500391426758,0.8897526805845486,0.762073480153232,0.6297468166508212,0.6853092928483174,0.7111050308673917
2001-06-30,-0.058232447218473954,0.760332308459897,0.8096190430280534,-0.30011952530830843,0.8359132308987781,0.9613166302326824,0.8631316805369594,0.6677054379240478,0.727742259842641,0.7309649032551208,-0.1477614896127294,0.7441213781569905,0.783642694851927,-0.3512962494875951,0.7962479486709785,0.8777984319835409,0.8287313804840589,0.6599910925077638,0.700383416644692,0.7025576677285824
2001-07-31,-0.19148813668116255,0.9124898542696225,0.9553859975833308,-0.22330742192414824,0.7974122976635469,0.9532216536026947,0.8098222105541617,0.7122526407582972,0.7589371193883687,0.7561475704986484,-0.04627989911045112,0.8113382786282098,0.8818421023072317,-0.08921609451854796,0.6755477645977525,0.8632302090544345,0.7037360312733444,0.6895321155419517,0.7196607064921067,0.7187467214541566
2001-08-31,0.08704520877588078,0.9195618684941034,0.9477331427209645,-0.3746059444033706,0.8120014169518821,0.9539289046901045,0.7804777741990734,0.7107949785314229,0.7606469863097765,0.7541622282587557,0.16364686020192626,0.8228118691213091,0.8614922140787851,-0.22605494201306145,0.6962993336153647,0.8657478204327622,0.6773277665554678,0.6950890350481147,0.7298003266291373,0.7281872158315039
2001-09-30,0.006063758062338324,0.8804858383099697,0.5763929371805712,-0.4332624897230843,0.7809815352800599,0.9385204001424391,0.7370329986203984,0.7155043036111967,0.7629273440555336,0.7591970694311171,0.14199768178934558,0.843841328328626,0.609913595849261,-0.24695785750497395,0.6499974844239995,0.8419776021474661,0.6145953213572114,0.6859722935670695,0.7250985838968244,0.7277404697198128
2001-10-31,0.5067533954391316,0.6548109499466872,0.4303333271955235,-0.4072400211142346,0.7390365453147535,0.9254488745714241,0.6848588234302312,0.6810702186488803,0.7335472022032786,0.7329227848089949,0.5858716794724912,0.6983860528630177,0.5241737185391833,-0.17357526210130353,0.5798237048749455,0.8184588988561676,0.5340527616891632,0.6780394599317052,0.7119526044069457,0.7207257248838541
2001-11-30,0.1161360530258721,0.5118600482084078,-0.9115296292655187,-0.3324153258313073,0.8620492995720598,0.9573591091910006,0.7795584777621233,0.6833223715338052,0.7338993141805042,0.7360173945442648,0.10368072928266138,0.46526503125714913,-0.7530427441706298,-0.28517015049257954,0.7835533027474033,0.8749627170962988,0.7176682168805557,0.6507466563556072,0.6929082019141379,0.707326136919834
2001-12-31,-0.09466195531323898,-0.23034514125939026,0.6356987397394911,-0.3407681096521482,0.8826024166013582,0.9553321492027798,0.801764351296917,0.6980816912155039,0.7442219765596587,0.7459615220600342,-0.10226499179893879,-0.1790670472102675,0.5678008234401032,-0.3164959801425552,0.8143389132324171,0.8765759991532045,0.7492409954318339,0.6707724853775696,0.7139959801637186,0.7093440934833217
2002-01-31,-0.14098007311054048,0.6278211348092436,0.9460987235096001,-0.3364542877450282,0.8943005785746615,0.9596381952046675,0.48613980867115264,0.7041164826567721,0.7576613148797169,0.7529053172915166,-0.06721586516208614,0.544769879113567,0.8691900699094882,-0.2438197610121031,0.8036364422854193,0.8775872033758175,0.4162246960278052,0.6818691334117882,0.724682240085411,0.7199542767025325
2002-02-28,-0.06728155205861422,0.9028285884867939,0.9271341751002435,-0.4916214069572604,0.8949129860639602,0.9604140066214222,0.459783381960454,0.7240866150939302,0.7685157187304352,0.7630254493482325,-0.049751091637888406,0.8306946043946809,0.8555583721805872,-0.406391375687096,0.8147053038415971,0.8787408915610103,0.4162921746826102,0.6950886646093332,0.7314948281552293,0.7320517089017237
2002-03-31,0.014847486711674055,0.9321353442145539,0.9443153217821205,-0.5039874410118746,0.8722939011647817,0.9568034974044097,0.3758101133281699,0.717210903406875,0.7628498220844762,0.7609005868243104,0.07609060408883071,0.8459832883537162,0.879298138756585,-0.3626818001484999,0.7742120346645602,0.8715703166328053,0.2946063148589196,0.6898323306224741,0.724863335761281,0.730698165752325
2002-04-30,-0.1171663584625477,0.2924198618779798,0.8950450341344858,-0.5072437257292296,0.9090078830164763,0.9620135581156111,0.49381297056159895,0.7090987103415656,0.7562096199047652,0.7598162791227254,-0.08836185442033183,0.2597268572552427,0.8260929988220097,-0.4123667423195554,0.8310383788693845,0.8833680779238768,0.44735166827969675,0.6773525254708065,0.7188518461330303,0.7248386236746583
2002-05-31,-0.03236414011770147,0.9263191973065835,0.9249899597430172,-0.49871181914239165,0.8788179921217629,0.9597807718796747,0.4848986037235548,0.7123128208605445,0.7581028327088015,0.756218558458962,-0.004150490162835778,0.8547372622019709,0.8473807198114656,-0.39389178803340413,0.7923001803377416,0.8757466660914894,0.4244438006333107,0.683129409744696,0.7199531296148052,0.7225602355118599
2002-06-30,0.21576599673518201,0.8751265679037897,0.7265086312256548,-0.44707154440066293,0.838659948203737,0.9509270811918412,0.3850005062748892,0.6994091057245978,0.7493635588181332,0.7510570575635497,0.2916610750346996,0.7663589836136959,0.7236833701505079,-0.2708986569560642,0.7207614862189997,0.8612257111368451,0.26679611094905986,0.679860215837877,0.7128064936622969,0.7281498689166219
2002-07-31,0.20956144734651047,0.8290288869621002,0.6222439413799462,-0.39139340859244076,0.7847506311922178,0.9457001739122132,0.36126311584806686,0.7133574762283065,0.7572956039939237,0.7637636627197949,0.2938561737501754,0.8035018515473128,0.6410309164563451,-0.22292598738068248,0.6588882006954772,0.853129477848554,0.2371048566500062,0.6893589260372294,0.7272902305373504,0.7324296364217621
2002-08-31,0.7097389907818077,0.7261685768328213,0.9506752738328049,-0.34889494545317845,0.7628833767766362,0.9543558535477948,0.35276141833618824,0.7023028677070465,0.7519428039079635,0.7476769591527693,0.6668127126952229,0.6993030105828144,0.8685330084771099,-0.21763270406033344,0.647756340281805,0.8682699400934579,0.2570498279704884,0.69168174681502,0.729388632825559,0.735292257971565
2002-09-30,0.49258941894519925,0.7613746979453391,0.9508201389664627,-0.20841842042435138,0.8055444761327876,0.9577329673543249,0.5584832639261674,0.7089555096554387,0.7571077119363676,0.7513732163406408,0.3840934860620241,0.7148111526378876,0.8795716070375886,-0.219157336049171,0.7462964854990476,0.8736514736242103,0.5298599976439108,0.6905563158465304,0.7276251942004108,0.7282114308002563
2002-10-31,0.46271596129646486,0.46615679596683923,0.8392197213628521,-0.08171319668704555,0.7040918115737664,0.9541081966631249,0.44410529930327847,0.7311796323103421,0.7763152617757667,0.7722041650797256,0.45982927423137887,0.47067602440098366,0.8013368079404217,-0.0038520063991333464,0.5913985614757813,0.8672150551789755,0.3445109863885234,0.7015507984876197,0.747502399814181,0.7384395259894667
2002-11-30,0.5748436516509448,-0.23374744226811864,0.24146729543646847,-0.04036579364270029,0.7998535323425127,0.9644903256807739,0.4137191872752374,0.6863372709392923,0.759779217902318,0.7428304760801492,0.5044850867076329,-0.20183825148584286,0.2219120760741591,-0.029039205730933,0.7291719170282058,0.8894329283856941,0.38009733849944405,0.6521188870346506,0.7245315529196541,0.7106987402978968
2002-12-31,0.14061070922037966,0.07482502434541351,0.928555063352963,-0.12412653839876996,0.8371601083818901,0.9619249886908424,0.5073585477970115,0.6845074613332781,0.7467310635371208,0.7328075817059877,0.010576174688970423,0.16360664645131798,0.8405920067334672,-0.2214031187883582,0.805621177153442,0.8791376438443056,0.5282824648656994,0.6734836819305249,0.7208048073428704,0.7081654633276383
2003-01-31,0.03789744748412124,0.9009669526452888,-0.4249957671385056,-0.14614461961030345,0.8106419192443233,0.9656343545848716,0.5179721451008653,0.7277861427534145,0.7753953398205347,0.752814558482964,0.1072052700870242,0.8535830216363423,-0.40585513292495745,-0.05294210741023537,0.7053970620361941,0.8831324881702879,0.43216270467127593,0.6953920481132126,0.7322226244385613,0.720637301557895
2003-02-28,0.298329172370263,0.9416977968460508,0.9515035107624961,-0.23663845126746402,0.7735904545357049,0.9567097448359553,0.5473630856258187,0.7228241800544769,0.7688070552575702,0.7663610759060334,0.31276286435413486,0.8534668782806815,0.8820043738251989,-0.13636417049941646,0.6667640552035069,0.8694961055981952,0.4538363071822916,0.7007159846389558,0.7327102899727184,0.7395917030934175
2003-03-31,0.01061173231372296,0.9124802412556524,0.9111743424478354,-0.3075548756655316,0.7264189656726235,0.9549090003867582,0.594054057944048,0.7291135585508965,0.7728587584157762,0.7772627956541962,0.07711805726313498,0.8230948172284165,0.856808284071638,-0.19609006043588234,0.6217900934966982,0.8686002673730095,0.4994068413481258,0.7084721467056943,0.7427262451914423,0.7460170084085596
2003-04-30,0.3438124840165969,0.6863842169792698,0.9413924524621606,-0.37733150067843513,0.7398659843205134,0.9577105850195613,0.6578589193935411,0.7194963120346092,0.7638639730534895,0.7615589156028095,0.31235778523208374,0.6106825773476792,0.8719898717870269,-0.2892068755561799,0.6561571777867305,0.8741807127856043,0.5873570292766559,0.6972306034463813,0.7322072535030235,0.7347093826118816
2003-05-31,0.029436846419836453,-0.2847965433016173,0.8818220999050858,-0.3297487535119543,0.7764773941736531,0.9623269469424981,0.6578393591795253,0.7197196723528395,0.7651573189682642,0.7660020871284653,-0.0125871553487665,-0.2108518863714145,0.8268836849191485,-0.31311031250354626,0.724644958715631,0.8843716586223584,0.6254723116555783,0.685318718281156,0.7298034427114068,0.7255793127341317
2003-06-30,-0.1014891252915588,0.01636503863778655,0.8220486458532535,-0.3690257466286041,0.7597967238263689,0.962481739396015,0.5980536809032487,0.7238261276815059,0.7681211210856911,0.763168161786342,-0.07689136493613798,0.01133749404914403,0.7605306916872082,-0.30421602194691416,0.6876704668265904,0.8831520728236596,0.5436277446531094,0.6881623025647446,0.7279592291033702,0.7217361861700055
2003-07-31,-0.11756754186776333,0.6518637686113335,0.9347270063498287,-0.3641896135667746,0.7517747419669494,0.9603296048249987,0.5335294011583949,0.7196487046375888,0.7666288445423544,0.7616937314571297,-0.0407636579238836,0.5612412135644183,0.8730181302444553,-0.2543345949383426,0.6547377387039421,0.8777609325572091,0.4535542877640068,0.6927336568607003,0.7292381412586384,0.725489910433232
2003-08-31,-0.12311533223839499,0.5613266937158045,0.9132921223987143,-0.49233987049434486,0.7602309521858002,0.962316259870883,0.6341996807992121,0.7250530340421948,0.7705557697667473,0.765862887138117,-0.10451546445222094,0.5138235055021111,0.8458610298019702,-0.4099222834536492,0.6925197812408782,0.8831769142897279,0.585780592447973,0.6932727773752443,0.7328727235944967,0.7288863219737325
2003-09-30,-0.41884282638223963,0.5505684864933471,0.8256271915652924,-0.5217012909031182,0.7260614518101631,0.9601541790743853,0.6173391620838596,0.7246440281633804,0.7660333092453675,0.7641674614806058,-0.31965702809021823,0.4920980273131138,0.7648709301705933,-0.42163966384266827,0.6510391126466469,0.8789102307767814,0.5563835187740237,0.6876011042731501,0.7232890466743641,0.7201118629042659
2003-10-31,-0.13960079535276368,0.8983968989953407,0.6970920925727582,-0.595331984664432,0.7368456460413615,0.9636375604134634,0.6738199956754651,0.7107774435665469,0.756738950466512,0.7529295241456665,-0.09207280173311087,0.8210555096784726,0.6271728545729716,-0.46678680169825765,0.6557582741324791,0.882728958826737,0.6095697271299354,0.6813717892961657,0.7179372397697397,0.7176876481731473
2003-11-30,-0.2943586226203607,0.03930844722140109,0.931294280406504,-0.6138533586734072,0.714793268651618,0.9615217315638358,0.7190395283991198,0.7153386576004064,0.7575212956645474,0.7568884981727682,-0.2681366166393494,0.06370324560540482,0.8688108193308185,-0.5253915334512528,0.6652312714831129,0.88383808277939,0.6775828862185169,0.6760185685099337,0.7167018864454021,0.710376182482494
2003-12-31,-0.4391329108996762,0.6682758914112639,0.8195025469663689,-0.6256117529981803,0.6411566409888648,0.9603668858389999,0.7017217393418785,0.7083828676950202,0.751852782175657,0.7508813829767987,-0.3203143966605623,0.5918263426602343,0.7653853951648381,-0.48687212693701526,0.5596072571880781,0.8779019960287949,0.6275900526247694,0.6711227841807513,0.706109935877205,0.7028667276428441
2004-01-31,-0.4480887985093562,0.2936716683867855,0.9430319284549203,-0.633552588009399,0.6320353882839146,0.960876086615872,0.7411221059210561,0.7037534194885146,0.7492846513104438,0.7504004761454673,-0.34142588878166985,0.25110236973209993,0.8725840628522433,-0.5026056846147904,0.5607608392243193,0.8819860990274082,0.6770401765432627,0.6678690949826369,0.7081775147479759,0.7040147120449083
2004-02-29,-0.42732995592243267,0.5993107378642729,0.923035722080342,-0.7037770218741041,0.6615296589234795,0.9600728029070847,0.7985511175098888,0.6997093630384527,0.743365623099934,0.742822016552929,-0.36747701463736826,0.5664188820597402,0.8602206853659762,-0.5899102263256212,0.6144576013692897,0.8798342689380731,0.7506309972236593,0.6648351843444862,0.7007350847689384,0.698149039578851
2004-03-31,-0.5748618088329507,0.6737663230618745,0.9479079221667568,-0.7167990771742512,0.6414414103225832,0.9577234632417817,0.856164665535033,0.70565174813576,0.745731447066385,0.7480916477910939,-0.43641676963387915,0.6081931370613743,0.8763527780624524,-0.5688433781429578,0.5708082500943146,0.8763541542796099,0.7885419479073109,0.669615474008891,0.7011940125953423,0.7001277435322292
2004-04-30,-0.11593647958583626,0.8850049161563532,0.7687934281213058,-0.7228982156102328,0.5625865329271997,0.9568972034807744,0.8210458216470625,0.6894488819704913,0.7337949289017666,0.7365904155500401,-0.02518363084966735,0.7911862978412608,0.736354793443744,-0.5332512451536096,0.4575682261199816,0.8706854120294097,0.7299697874769744,0.6566562979328788,0.6892092057941005,0.6949743229219923
2004-05-31,-0.281432826110967,0.909013401750693,0.9353204723424247,-0.6556314848331768,0.5433908350603331,0.9551261744081789,0.8419774756787908,0.6832005477710807,0.7332006683097716,0.7363937053865699,-0.14361844523388392,0.8158746802578134,0.8758937169101991,-0.4692849241072463,0.431846293201802,0.8683015678107368,0.7496180702820778,0.6607712514723215,0.6963793321956927,0.6984484775918461
2004-06-30,-0.4063480536931977,0.6950873911201697,0.9228156936888943,-0.667934494917973,0.5489211144182861,0.9601138037805617,0.8802425410153005,0.6918009354180221,0.7394909769843905,0.7385920656586165,-0.3311630429809445,0.6430206834586927,0.8554314095550479,-0.5488422300592941,0.4995153529341883,0.8790059488141064,0.8191845113226839,0.6605701318106951,0.6997334996179634,0.6940153296582916
2004-07-31,-0.5051722805464905,0.619953242339734,0.9418950261698324,-0.638187863075153,0.5510438080699048,0.9592050319203707,0.8536408853839261,0.6980719743460766,0.7416951199157564,0.7411489443469597,-0.40848580220843317,0.5745981769686375,0.8688298685035868,-0.530580672950739,0.5028731110020627,0.8778694733203828,0.7942179986889119,0.6650206066060588,0.700801675820455,0.6942424810328075
2004-08-31,-0.46022225092650715,0.9570625623075413,0.8548267960033993,-0.6821816651814673,0.464816061211065,0.9561787768928083,0.802467582746661,0.6913526184305858,0.7389047489050411,0.7362279716328424,-0.2928568339774202,0.885517716377727,0.8115606549749484,-0.5003236992365301,0.36014138481085517,0.8690929603485378,0.71051570393565,0.6563958709185764,0.6928964277999894,0.6881689118763825
2004-09-30,-0.23530505285024075,0.7729618119017226,0.7460047595816304,-0.7069330935133202,0.4421024419285435,0.9565506384262705,0.8028294595154362,0.6870538674565096,0.7367602551221926,0.7324919990170726,-0.1206576224456532,0.6760428007379087,0.7180657558400367,-0.5239992645001879,0.34282251655612117,0.8715606262616018,0.7132296738010395,0.6596291898832713,0.696694239378935,0.6951227084849714
2004-10-31,-0.5306554152765013,0.6609471346181466,0.8725672305971655,-0.7167980845832177,0.5308388786140127,0.9597666288684403,0.8438513739757418,0.6807299472652257,0.7278994944928583,0.7319699643667528,-0.44681018447353116,0.6271575683641847,0.8188975558803068,-0.6050777926532712,0.5002546956924255,0.8785077596814664,0.794727769989294,0.6446142838224125,0.6839271665514854,0.682783701017849
2004-11-30,-0.34306783961440734,0.6716897034918361,0.9368711472971418,-0.7211896060751597,0.511683133232273,0.9607002418503843,0.8689330398705863,0.6945956515408727,0.7377693795810072,0.7409095089999751,-0.29464110608311167,0.6261782052009897,0.8628787857275327,-0.5945091330560143,0.4706739486911364,0.8801741833757158,0.810562655187235,0.661795664976348,0.6970247201109386,0.6958322522174917
2004-12-31,-0.4631718158737426,0.2528926592529768,0.9501655593573998,-0.6794400420794596,0.5507948430226853,0.9597441976117508,0.8950392937161417,0.7016207740621557,0.7429415346205345,0.7486879755928874,-0.3509537625482468,0.21142603118480405,0.8794775073279271,-0.5346517565823594,0.48210269428089236,0.8803425547623793,0.8256374924907148,0.665771893128621,0.7016804185994572,0.6997220251765417
2005-01-31,-0.5263724884674109,0.41987945469221066,0.9524322445786266,-0.7237031786836808,0.5738192877063326,0.958980475899936,0.8962460139841796,0.6982998390617007,0.7409957962995931,0.7424530715997048,-0.42004520413510765,0.38536929094774536,0.8816751617487674,-0.5879540026401894,0.5193166335794207,0.8785707195544848,0.8330545681937941,0.661003629165983,0.6969623357817635,0.6921297481956928
2005-02-28,-0.4510861035659029,0.9495776792005349,0.9491015391969696,-0.7092616739643564,0.5213428231618915,0.9582623845866686,0.8867604487524822,0.6921630479305149,0.7376823239926008,0.7365582722261347,-0.31370747448046193,0.8709450670029244,0.8723082222423113,-0.5410647936378152,0.4357413984815454,0.8744287663261994,0.8093252438955691,0.660126812367988,0.6936534910411287,0.691065765446806
2005-03-31,-0.4528122411099664,0.5816195288419734,0.7322025286951882,-0.7213883050130273,0.5115735619707569,0.9551479306723031,0.8981990675594568,0.6920443395463175,0.736119536851998,0.7377367501858255,-0.3036467810224517,0.49032467823950393,0.701217928489109,-0.5427094649930562,0.4166860172915788,0.8703429345914192,0.8166895282590493,0.6575698191536782,0.6913360034789205,0.6929149499156831
2005-04-30,-0.43432857033199507,0.9215770807681262,0.9423716444367259,-0.7293387489683917,0.5040648205053025,0.9565706637824322,0.8812630678308898,0.6865820042418515,0.7320799145479889,0.7335938043474471,-0.3043460947149145,0.8403135761219677,0.8739682651795474,-0.559972473627896,0.42268834574680053,0.8714099064408464,0.8041385565566538,0.6567543916591979,0.6917708159579744,0.6888003512416027
2005-05-31,-0.13662456920846264,0.9403138690960435,0.8109326552352103,-0.7095875161047107,0.4369605875959994,0.9553639518262326,0.8437354888914997,0.6943996682797243,0.7405863249801207,0.7370425885260302,-0.05131547948373843,0.8577836060596274,0.7684677639049742,-0.5318415472564166,0.3435410474840471,0.8696926888849457,0.7588608167167361,0.6653615674847153,0.7006083879896638,0.7000489768642264
2005-06-30,-0.46183122780238445,0.3938316751287099,0.8675240461909871,-0.6830065361500561,0.5079265534065779,0.9615013580433671,0.8183776167624728,0.6819315558856935,0.7330177101582709,0.7355802126018689,-0.38255884503745224,0.37051989705709565,0.8090387476346084,-0.5675735861098146,0.46729433157136585,0.8821574380521573,0.7653146290857218,0.6452708983761299,0.690989246243394,0.686197265343981
2005-07-31,-0.6255769986140295,0.7681289396973288,0.9262426055072923,-0.6934668556029029,0.5064305144054828,0.958527201571713,0.7906599365706866,0.684971604619176,0.7319469025380418,0.7314660281924863,-0.5150144224267789,0.7246769435898304,0.8472439787840669,-0.5932311138825273,0.47876922696040536,0.8761989047609058,0.7457123002594719,0.6517371913538688,0.6891268283373366,0.6819915305567286
2005-08-31,-0.5600320689443673,0.3421726798562619,0.9225145580754187,-0.7075836062017288,0.49523266018143985,0.95949010541939,0.7909075433737166,0.7005333970279887,0.7407592553384962,0.742697079392134,-0.420024120535413,0.2868678615092764,0.8591688199145866,-0.5545385766286576,0.42426495073678544,0.8789595607033387,0.7198459769401042,0.6619017674476664,0.6965703935310292,0.6921271729930247
2005-09-30,-0.5263026149020684,0.889210586635528,0.8409723472845467,-0.7714731415988647,0.4579667410664892,0.9587181414798693,0.7863692326106093,0.6909270219071977,0.7355242961368544,0.7330745935662837,-0.3867573216644818,0.8100664820998071,0.7825519925585016,-0.6037012336686395,0.3852034269311333,0.874737412366393,0.7127270663410186,0.6535018063427811,0.6886762231535799,0.6850413169982821
2005-10-31,-0.5416463681618788,0.7439750980909048,0.5460943281129695,-0.7733758689754242,0.42740157431293896,0.9562006961610265,0.7609024256829009,0.6891109445247918,0.7341976761057103,0.7336199207785608,-0.3782119766326602,0.6528664325962686,0.5310972518838655,-0.5938266796428207,0.33633815151907875,0.8698565073543115,0.6753332294830049,0.6507411551673766,0.6862065535306904,0.6860779983133366
2005-11-30,-0.16301113030853678,0.9319031464557155,0.9474995212095287,-0.7750892202404989,0.4047674754672301,0.9622001702314691,0.7447096192612201,0.6835373790447552,0.7292329193462992,0.7317008018244955,-0.12329997092068959,0.85722110796084,0.8743246910411172,-0.6133166107097634,0.351090827644624,0.8803167255085925,0.6824869768130387,0.6538273726462916,0.6900317367671208,0.6912034941306434
2005-12-31,-0.6257942209914125,0.40056178069465725,0.9304473657104163,-0.7195127302646132,0.451569609459776,0.9588476339414075,0.7504961294162037,0.6968469649405192,0.7409710589233495,0.7403011702453971,-0.5078777563314525,0.38021039454056504,0.8575505863064147,-0.6010726869804555,0.4181560149536244,0.8787917587487047,0.7027392367656821,0.6562677123619812,0.6965139310274876,0.6867205522109966
2006-01-31,-0.6833544630684283,0.8398680488229134,0.9346547619946516,-0.7418056644131424,0.46569549406174965,0.9561673111558294,0.7647985905717724,0.6911725880840552,0.7332945251132251,0.7321328555015846,-0.5387404019977429,0.7792102625185836,0.867862514300065,-0.6107427820639945,0.42820631557546385,0.8734170734013692,0.7139795697972339,0.654956030318013,0.6880211870547744,0.6813856474649888
2006-02-28,-0.42934409396834705,0.46870406484671534,0.8609627233219133,-0.7585047082111143,0.4436210418591018,0.961582138322413,0.7556494580692845,0.6989967838596547,0.7360304027913238,0.7385880149444775,-0.33377796894850276,0.4160605596614366,0.7977284726965195,-0.605134337917625,0.38575706746723926,0.8816652887857108,0.6913222970074258,0.659503041503428,0.6909691716854429,0.6906031379266178
2006-03-31,-0.5580180850600492,0.8428375470822034,0.8474601965353115,-0.8001559435684211,0.4484198735502998,0.9589733098794684,0.7843806797539956,0.6929642692673099,0.7348237716572352,0.7371293744396943,-0.44028285449967325,0.7766710508045261,0.7850307400414976,-0.6436276858402399,0.4018518289946065,0.8779456836844347,0.7273092920642422,0.6565479030013767,0.6902727834723813,0.6893654865995605
2006-04-30,-0.6236603314209699,0.6737402642987956,0.9201731199034054,-0.7893984743212075,0.43837561098372646,0.9587342822168898,0.8024708063107853,0.6959696932508797,0.7340809288208849,0.739654691004827,-0.4941405366282255,0.6216092441890051,0.8478038619197042,-0.6409942258932853,0.39616369683933034,0.877787934206613,0.744809927094882,0.6567021728873964,0.6880760515598218,0.6872045973337594
2006-05-31,-0.5873294706609362,0.7387838618819703,0.9146249241170074,-0.766031075092667,0.4205392949023384,0.9588058719814093,0.8132071258659596,0.6887532839820126,0.728869339760687,0.7325666544251471,-0.43502649548971745,0.6603147187354412,0.8505822685207689,-0.5977625369063587,0.35141817603124537,0.8761063347082039,0.7392746009527847,0.6529048394208308,0.6840834806901936,0.6822104543111123
2006-06-30,-0.2653306770347508,0.9593054932010331,0.9364993907609417,-0.7874593625312795,0.3697505841043144,0.9594322362959499,0.8159734160745798,0.6843205847184831,0.7292159896773677,0.7293315994541044,-0.1644682065515675,0.8843804100453441,0.8715949660897628,-0.6002501456744938,0.28779377169647186,0.8753455876662535,0.7344522069946329,0.6524189018202045,0.6861620144906884,0.6860453875968349
2006-07-31,-0.10294020711371583,0.8250913548409269,0.9071027327514751,-0.741846016971124,0.33374455500258254,0.9608075590015823,0.7715900732538923,0.6897345342836103,0.7356231421223045,0.7381050986054389,-0.04540403879021872,0.7425906248211611,0.8467930112608435,-0.5702387684164651,0.2645879774713877,0.8789077402278398,0.6947198988825019,0.6614918771667246,0.6971405213054314,0.6990880867396472
2006-08-31,-0.26410634363235996,0.8654587194640526,0.9416987736386301,-0.6595880012677736,0.33360190526894584,0.9615698951900131,0.7670608124863727,0.6987054227381961,0.7419944008947952,0.7483605595498679,-0.20969273771053937,0.795804765190695,0.8707733289519969,-0.5318918528271035,0.29082072443137924,0.8801308866731095,0.7048847681391498,0.6693463445215883,0.7041860194225794,0.7041259819603448
2006-09-30,-0.6657455204092781,0.6117659814049901,0.9452311735177881,-0.6020070255076551,0.37121488322362434,0.9582299868071829,0.7880834397679746,0.7017544819503942,0.7457775810428939,0.7458848900750519,-0.5294790920512683,0.5695338334056566,0.8783389470409475,-0.5080259442745114,0.34237489547234495,0.8771514129360167,0.7361383730211297,0.6653755272139084,0.7037375083841191,0.6925920849586873
2006-10-31,-0.6404474272269404,0.6375082809216569,0.9483834779040614,-0.6903836219182237,0.38083354070438197,0.9578449648503646,0.7830342014109624,0.7001322849849012,0.7413372115458887,0.7375238504210893,-0.5185694543259314,0.5975650949248965,0.8761886377077699,-0.5801327986697808,0.3556772897797485,0.8764449844420009,0.7336953917349844,0.6623197653779211,0.6970152911497076,0.6856822795308861
2006-11-30,-0.6770047506512857,0.451635267741102,0.9127005863608741,-0.7735022508947365,0.3983346968492621,0.9583446088606439,0.7854718606134857,0.7013295005700583,0.7399141087074149,0.7384586908566805,-0.5250617627733624,0.405029645509194,0.8444992262861687,-0.6222263553053525,0.3489950233891808,0.8780044228250001,0.7234191834165541,0.6584394472309673,0.6922514735032556,0.6844507850763143
2006-12-31,-0.5947853379404046,0.6384140086280224,0.8687543755104843,-0.8335559325184966,0.3954363281896898,0.9598768354189924,0.8032236723659769,0.6910192318084629,0.7315200187442716,0.7318005723886483,-0.46011429577123036,0.5769707791338798,0.802211242355495,-0.6641766816678113,0.3426554749038928,0.8786129828378401,0.7383771313389704,0.6502025949762198,0.6836527402546917,0.6800333540930228
2007-01-31,-0.7331944044743736,0.7437686221939237,0.9181911173037902,-0.827265920690717,0.43182262188880016,0.9550342779696795,0.8002211246428944,0.6858302662617467,0.7275310592326446,0.7291999242687243,-0.5729715825298924,0.6892972186193866,0.8542592981553809,-0.671183559697939,0.3947391767511837,0.8732133025717879,0.7469219407469883,0.6459076034144953,0.6809411395651641,0.6763637171209269
2007-02-28,-0.680942994247646,0.691795317215807,0.9472846473316829,-0.8471665495905922,0.4302327170134116,0.9560920137531205,0.7783927662173403,0.6842043125633815,0.7219703880032086,0.7264029848200598,-0.5482560285656716,0.6484613109642716,0.8759685121726193,-0.690787792285693,0.40179700212308367,0.874730994122101,0.7306825287766784,0.6451713896815353,0.6758687739287524,0.6740762025139769
2007-03-31,-0.24275606110827802,0.928405718645805,0.937686525526393,-0.8351284071060023,0.3933085276537688,0.9611687079037439,0.7802928970669112,0.6797161221127672,0.7188729712384676,0.722896229485583,-0.15913393535967527,0.8471903328902156,0.8703076714375372,-0.6442988868228833,0.3192426040696254,0.8784691945681348,0.7032648358370185,0.6472430165186068,0.6750857258336319,0.6802652227635134
2007-04-30,-0.2234252701654743,0.7316667323584758,0.7692640910216297,-0.778082886526184,0.3398152012028734,0.9611649978300303,0.7222446096492587,0.6876925923302628,0.728321040993196,0.7386127600612746,-0.13084354422863168,0.6426806294979623,0.7304957464608048,-0.5950637959687297,0.2596596177409746,0.8786522065897011,0.639156016706959,0.6549894476901399,0.6860827075051894,0.6955465931044824
2007-05-31,-0.6013016809389031,0.4092961330916648,0.9137509617236864,-0.6948733199370948,0.41230278404410836,0.959980796498476,0.7747961583057995,0.6940719598841528,0.7366768253331829,0.743279373137426,-0.47379690503953076,0.37130747102105816,0.844290168004266,-0.5659492757195899,0.36721565567554143,0.8793556492055017,0.7153891848315652,0.6558077952632035,0.6933382709656628,0.6891807439033619
2007-06-30,-0.5453286986530009,0.4440914913122444,0.8635077646419597,-0.6801312510399314,0.436745518504904,0.9608975199157933,0.7742135601408672,0.6979582490425916,0.7401344388206123,0.7393879100869246,-0.4343433503009999,0.40472825071890334,0.7942853868725668,-0.5575983552368315,0.3897920146594502,0.8804427934421377,0.7157931540615622,0.6589800842030927,0.6957804195815992,0.6879039194927751
2007-07-31,-0.24042881629576549,0.9247569067716878,0.902906502714563,-0.7190034567558703,0.3951494873857189,0.9604768559935951,0.7555025522309052,0.694087233867139,0.7393119824562923,0.7362782291615507,-0.14662033565681493,0.8418137864666829,0.844391360983305,-0.5470074263444041,0.3125483100240872,0.8770612420902415,0.674428781721275,0.6614384031054567,0.6961900397453616,0.6938115540697581
2007-08-31,-0.009049799359363333,0.9589170263513024,0.5870980250781012,-0.7038604418497715,0.3810496571436149,0.9557881683563537,0.7181309653428573,0.6929405824451508,0.7411781541395533,0.7400956719938555,0.08356773916566942,0.8831934163501588,0.59048065504807,-0.5087040386825383,0.26699715008370795,0.8685815434119869,0.6157220692016112,0.661595985703718,0.6976077459707836,0.7030686533808322
2007-09-30,0.278188160140626,0.6923311094371786,0.7164453993968875,-0.5994538581496848,0.3907811129806111,0.9578724815055254,0.776128721170631,0.6951421535037124,0.7427542927585392,0.7458515014101058,0.2835457047610149,0.6043146841371755,0.6833225012120454,-0.4452835274897077,0.30866614808376514,0.8750403811093295,0.6922099361545458,0.6723326442719891,0.7097104313566126,0.7132166886966177
2007-10-31,-0.172672630577666,0.4397091575643438,0.9461294671045216,-0.45631347966318614,0.4918063699108943,0.9616370475830872,0.8099876658901565,0.7081645583917987,0.7528853705374096,0.757123915552745,-0.16006697064460254,0.4136832701146885,0.8737224531868002,-0.3962299337895273,0.45326263817263857,0.8821189143436965,0.756277294836931,0.6802662949068672,0.7186146601880392,0.7147389956247829
2007-11-30,-0.19307597852713956,0.5959015442203305,0.5055188146177085,-0.4130254163216615,0.5276589198812434,0.9585971718966929,0.8034046051782108,0.7224186740188802,0.7651221699084659,0.7621322733744688,-0.11146873652596272,0.5127805660200443,0.4890697556261061,-0.305952274725517,0.43904303285319524,0.8749818701326485,0.7219674990102777,0.6876125389553459,0.7242847014293178,0.7202401057318127
2007-12-31,0.3513131190072439,0.9460034272385276,0.8413410836766765,-0.42228970279757444,0.49363427859879344,0.9521412346185636,0.6823059091743611,0.7027763269574561,0.7558482088505523,0.7459933716469185,0.39453430849639126,0.8808835811025569,0.8121036681356527,-0.25242408310785264,0.36098608742182414,0.8609397156548342,0.5682928812588985,0.6832821347488055,0.7230194498050745,0.7156334534424224
2008-01-31,-0.029170704879464715,0.8520231842429759,0.7899314819431699,-0.42682822917160007,0.5733786678556784,0.9570478865094257,0.5554906747712302,0.7227232831906388,0.7724405096192805,0.7581439473881865,0.03404958053440194,0.7645414610451273,0.7505785834504242,-0.309497179433156,0.4770272900190179,0.8733168752120019,0.47278973189779516,0.6996735741640908,0.7390685389521378,0.7294302256880735
2008-02-29,0.26956350169424587,0.8544257523670834,0.3107795246165804,-0.44842663931582405,0.5926814457693497,0.9659683328947499,0.5561281320637708,0.7167797631546979,0.7555216970752525,0.760572476333184,0.2115929116895077,0.7797124924654154,0.29427061045751307,-0.38635066503998966,0.5393417637438029,0.8855611001293046,0.5191149814776446,0.688337599584025,0.7209398487322528,0.7290172867128225
2008-03-31,0.07931036940590344,0.960683646327461,0.6451017569577986,-0.3578626785132924,0.614603268614646,0.9644971221984252,0.5039319635920021,0.7245429421872828,0.7687079160398592,0.7670490772064572,0.03476682112379634,0.8882767600246554,0.6071448817128825,-0.3267191395536444,0.5704213919241231,0.883482179031703,0.4785775230553816,0.6975944963964945,0.734330198308038,0.7328489687191989
2008-04-30,0.32811905070577585,0.8770914957759413,0.9168132546891823,-0.3929977701826519,0.5947811918451402,0.9615836255282103,0.4006588984765421,0.7360568609182815,0.775393354357457,0.7755361470908041,0.2849567933276367,0.8035056860014861,0.848779459544898,-0.31673555545281695,0.5308603872489641,0.879909373998333,0.35463764529882247,0.7074575243352229,0.7403503837956745,0.7440013166546974
2008-05-31,-0.0027686348198640337,0.2665473921213016,0.8745569101661439,-0.3118556263416346,0.6936983227749931,0.9639750426447145,0.4024200169047674,0.734085057530631,0.7758597771831222,0.7790795365407117,-0.020301380419786585,0.25552437800484384,0.814633446829607,-0.27721919622323793,0.6402760137392638,0.8866679479787907,0.37934209759681015,0.7015870820668864,0.7414163790218915,0.7430685691560386
2008-06-30,-0.22732254995968088,0.6147454071289588,0.7333475469521935,-0.3538522228921708,0.7080253637264767,0.9634542103929595,0.42304873721152203,0.7297589100171427,0.7713376168850332,0.7689095228127518,-0.17636472466235587,0.5549534610242276,0.6759823351065098,-0.2931849474261847,0.6355824102882751,0.8825182546507294,0.3751526315011666,0.6940984854376507,0.7301275603008007,0.7279267458439588
2008-07-31,0.17898302805925068,0.7235311309428937,-0.011713275469561232,-0.3477284612660128,0.6162366760118688,0.9464496048416785,0.2888365358105623,0.681899446099072,0.7440114256640805,0.7308105385590989,0.3111972121422104,0.7449622381455275,0.124150011579396,-0.14841730952820023,0.45491523841835246,0.8469001523825628,0.14168030723456634,0.6432672045731154,0.6929521110571831,0.6867289102668132
2008-08-31,0.23705483107185113,0.8729718798776277,0.12460092959686382,-0.4640707123486955,0.7139529208609333,0.9692300643106114,0.3201923130254461,0.6700740369510737,0.7467437407963519,0.7322424224945595,0.2103101529181554,0.8032564563711829,0.11141796046205099,-0.3795836531725693,0.6423500371404697,0.8914481480104518,0.2875507387399273,0.6379525746359949,0.7065852258366194,0.7011483942982115
2008-09-30,0.04885317127282666,0.6747320518899887,0.8935126487797724,-0.46070083331812217,0.749811215812915,0.9632397409870865,0.31132302070034046,0.6884833061585768,0.7432654475575672,0.7410721875069094,-0.049400215423989924,0.6704515395024382,0.8017485302331322,-0.46573535097268687,0.7254793059904241,0.8809276002511575,0.3391808642717074,0.6686142387337191,0.7126122708821616,0.7113250425677902
2008-10-31,0.813856584864559,0.6083582846613432,0.5871543814075729,-0.3156098505605884,0.6597956101922567,0.9560080781110508,0.06412226893921301,0.6985818880870783,0.7529821179013746,0.7475732457638019,0.7719384638024602,0.6183175995914992,0.6039993053401965,-0.15952784922601296,0.5267482115197453,0.8702354011949657,-0.03453444255771396,0.6693255189346642,0.7160065628365803,0.7153303179172682
2008-11-30,0.9299947527839485,-0.5153949935626265,-0.4258906573329832,-0.08894041713147964,0.6657222836253809,0.9535053464095395,-0.7307330919909337,0.7023919224609778,0.7618920640018696,0.7558268688378793,0.8463720093881452,-0.3914794411369123,-0.3191192020919213,0.002097551306921148,0.552098667199485,0.8762965422343445,-0.6901198462579445,0.656903977294538,0.7214481661453338,0.7310398532227551
2008-12-31,0.8856378549116686,0.7664723738828917,-0.5204484354720528,0.18809818332269504,0.7698042255102304,0.9456754094806898,-0.914372801391371,0.7056458137510453,0.7591649538328331,0.7558278600899189,0.802956796739944,0.7194121769765935,-0.4053004025626199,0.19963512849876663,0.6648026869996004,0.8617314774119262,-0.7762595845839269,0.6741885711449349,0.7257892871223959,0.7409132784599892
2009-01-31,0.7678311324463927,0.612420457134504,0.5419765567315737,0.3950081309941782,0.9311592246170162,0.9548027799199879,-0.9532395428545763,0.6876854633230927,0.7468866791963342,0.7433718310311064,0.6689016675557042,0.5608103553098689,0.4984780614762712,0.329289247088633,0.8489991939522374,0.8723684562131366,-0.7808202741267147,0.6678215285587141,0.7203929547682104,0.7245568717648192
2009-02-28,0.6288026105228367,0.7266126913320967,0.9494473864873112,0.3790450720208454,0.9136162373267107,0.946462799046293,-0.9149755954688588,0.7136317939080894,0.7732875290192482,0.7697003333812626,0.5615560658243243,0.6675033497405748,0.8760974940024494,0.3339863340562601,0.8230220182515434,0.8617359097517218,-0.7460659386359948,0.6939831504318402,0.7528334594249434,0.7500463445828202
2009-03-31,0.6283780050665968,0.5627770434212485,0.06404118563360915,0.3083796384205337,0.8670990434352427,0.9187616849995681,-0.8364711029903718,0.6646317129842724,0.7291375859699708,0.7027223227601943,0.6918364312176014,0.6276809684623406,0.21172341583662627,0.4266695632377227,0.7415013714294557,0.8171495288844237,-0.7652572738290434,0.6507729744423718,0.6987276815474577,0.6986356663999198
2009-04-30,0.7654048812746889,-0.42960871234603604,0.8560943625127059,0.09326019289213744,0.95243016186201,0.9540831944881413,-0.8652787648021628,0.6749712406583587,0.7303199405218129,0.7288741703143234,0.6693336513957899,-0.3625077385271516,0.796860036778401,0.06286917919883707,0.8733013442168883,0.8766508782513774,-0.7323486145567043,0.6403573143164413,0.6951067224162762,0.7014009116452601
2009-05-31,0.42034027523647005,-0.5935056074575837,0.05041164746304093,0.07303451429906574,0.9488974416518348,0.949062995929923,-0.9026247162923522,0.7057379643250901,0.770089059691907,0.7519427623674393,0.32762579779728546,-0.49039671734202767,0.013913233729042684,0.007334444901487922,0.8735490705615968,0.8728866673424155,-0.7821413502440887,0.6710930795878857,0.7399763270752736,0.7301353789007677
2009-06-30,0.39486338793248615,0.08218334322771319,0.7271933106499919,0.06365908246509777,0.9443181654953992,0.9471178564895117,-0.6656818155907311,0.6844272079373432,0.7486205756911557,0.7430629418063937,0.42169385834219775,0.004571430857173186,0.710797403959091,0.1307339599034722,0.8587162301839326,0.863281704457389,-0.6225183201240224,0.6635860890099976,0.7184229076653705,0.7190448793923452
2009-07-31,0.12341787374627748,0.773685760488981,0.6722922447212819,-0.06347538514583333,0.9579377107857069,0.9642998886615622,-0.06356030130941953,0.7149952420611311,0.7685507785326765,0.7683614441130681,0.07208967611562725,0.726540631954274,0.6365274847536329,-0.09852146894323693,0.8778233549570125,0.8850864765330879,-0.02848474930142805,0.6920886716710779,0.7359731932324549,0.739470406253748
2009-08-31,0.12529251981113793,-0.20759467419579228,0.7366235268483036,-0.26591521843117744,0.9600590770334662,0.9641098430601693,0.16501501148682104,0.7349767863627659,0.780796310102096,0.7740752081826161,0.05943954657113337,-0.13790835105887372,0.7033845837315285,-0.2749119538464092,0.8833777466430217,0.8872783529441725,0.1835485019404675,0.6972720493284399,0.744209369166682,0.7366174048084821
2009-09-30,-0.07988869686108684,0.39563515032850033,0.7800178256757807,-0.2918370065659141,0.9473291667182134,0.9564900469123448,0.44280807672443767,0.7284680249672707,0.7750234398668484,0.7697049352608117,-0.013826301684738517,0.31910005184513957,0.7410133654964455,-0.20051445383123365,0.8619388447669959,0.873206016778119,0.36431754462199717,0.693428734867582,0.7325313612828681,0.7302025501862697
2009-10-31,-0.10842981602678818,0.2836114798464447,0.9583498920517215,-0.3831078414314452,0.9449750467307796,0.9564210184224964,0.5668198866497813,0.7141867797830845,0.7638895078498347,0.7655021841805849,-0.015303230759365058,0.19878227871330675,0.8849270380253086,-0.2531187882270042,0.8578965400827302,0.8742268976605686,0.4770477355443461,0.689045904240892,0.7292872599002097,0.7308357685564492
2009-11-30,0.18085401784038305,0.9451969719142382,0.9234092451598702,-0.46316438577915303,0.8736281991459257,0.9585735719708902,0.597485170670798,0.7218347788412965,0.7676217545696281,0.7633778553572456,0.16796071366800294,0.8658088768232309,0.8454113975950174,-0.364161907420275,0.7869052494533976,0.8744759578482285,0.5318469302616963,0.6962304888550394,0.73241752065583,0.7358293621469999
2009-12-31,-0.13068021873373503,0.08731805535102438,0.950625267389349,-0.4599399851723582,0.7642340574118117,0.9606933592620114,0.6221985560406761,0.7218677711012754,0.7673914382232191,0.7682005906504964,-0.09320455879177067,0.06911875975581508,0.883529002532873,-0.367579010306172,0.6909911953423701,0.882480780469484,0.5631101373108159,0.6893599592926233,0.7308937591636256,0.7299993697219173
2010-01-31,-0.44332150543521076,0.5210122394807563,0.9517418741027442,-0.4934416700498802,0.6246953074470191,0.961250235427953,0.6531565144442101,0.7107090880403152,0.7549839777398225,0.7524820827262492,-0.3763727985097328,0.4927833761618244,0.8828172120158497,-0.4319601009439132,0.580517486410125,0.8804671417725037,0.6131500518656721,0.6771956469989071,0.7135392457083765,0.7080656302347139
2010-02-28,-0.1164587192639957,0.9604170921823383,0.8149016042838155,-0.5495108594261721,0.5659757509686855,0.9630710953852577,0.7224243488355442,0.7187801526056925,0.7617029046629622,0.7569602196832537,-0.08450937779406487,0.886664808652472,0.7443697320649982,-0.43921859827741994,0.499129453478382,0.8818812643187353,0.6599985723891764,0.6890840540643098,0.722318161744396,0.7193485749617793
2010-03-31,-0.06869653606480153,0.42355157535524013,0.9487765501459611,-0.6022233653632723,0.4943150544083228,0.9630859016706794,0.7340196999378763,0.7208516313295348,0.7629335845706053,0.7633274110871913,-0.053684140739548754,0.38180623372168393,0.8791640064053998,-0.48553352519378107,0.4423476681353558,0.8851851831110857,0.6756691970763116,0.687596521693421,0.7250890825473124,0.7226482956364302
2010-04-30,-0.5859745808612674,0.010051154337344466,0.9493802724765554,-0.6013656801624716,0.5124033475133171,0.9597674299159791,0.7370116561327908,0.7153645354866489,0.7565981247461637,0.7566604011744964,-0.48815520656313305,0.03480068327065434,0.879225816867078,-0.5175957904927371,0.47922581999716757,0.8811598155591879,0.6920608342003469,0.6727531659360678,0.7121117444856507,0.7012883369912423
2010-05-31,-0.18283541495926942,0.5914566674946174,0.7864651590766188,-0.6113639146012587,0.47598844415048686,0.9627752908622097,0.7352424186697223,0.7051644399778508,0.747509465512396,0.7458631551439855,-0.11600162790684028,0.5152716488984453,0.7376845406729661,-0.4712330683292809,0.39969295680586214,0.8813224614015379,0.6598191736206455,0.669714387748236,0.7034750671046598,0.7012947857686654
2010-06-30,0.4810647367641533,0.7442267151716516,0.9593415412402952,-0.601544029965976,0.33268798940249916,0.959672293087067,0.6047224217917855,0.696393586729238,0.7468517583725883,0.7407588100067722,0.4809772054769823,0.7187305184500332,0.8900118561657315,-0.4223077003746826,0.22746804206664148,0.8770801282974472,0.506427303340599,0.6710314774623847,0.7112242431962987,0.7079709713164657
2010-07-31,0.33714693367990795,0.9248037731547473,0.3781524088120422,-0.4826253164282554,0.217179774211622,0.9597600280761877,0.36041913678232657,0.7149437245377143,0.7613793916335175,0.7588353486850997,0.3636465288529846,0.8706037009323706,0.4016273014365041,-0.3328801641734592,0.11759929229277134,0.8763588890652467,0.2633218559068951,0.6870126217309853,0.7229841675447739,0.7286636222202716
2010-08-31,0.06172940301561136,-0.08275270067457066,0.7835625037212147,-0.33060018641791106,0.3071448890300121,0.9665242227790751,0.5218840985287371,0.6900282463585146,0.7434003781616574,0.7525657969362711,0.006474495869093716,-0.03076637772371704,0.7443559499350344,-0.3206594774962633,0.30978263581774407,0.8893365873189388,0.5075908001901902,0.6491139216032727,0.7020036726606779,0.7015761833080597
2010-09-30,-0.01928993509398729,0.9362327641768395,0.9570177875684918,-0.2814000350298277,0.249992270810854,0.9644062622918768,0.5861709286199854,0.7070815726783091,0.7597455129571866,0.7569405441932939,-0.06664874174457529,0.8540828602108332,0.8849302467309159,-0.2883824798978196,0.2559416834564391,0.8828434207610103,0.563373961624845,0.6874811984535885,0.72922698102614,0.7219437966636366
2010-10-31,-0.07702995630705664,-0.4741089379897798,0.8592077021605109,-0.36445367506908616,0.2808568848281347,0.966231008847833,0.6367271498379043,0.7281256120804975,0.7765095709113956,0.7719118741465156,-0.042022108687057594,-0.4257477635270425,0.7895104515296617,-0.28159351898552576,0.23372479350316383,0.8931059637980376,0.5764820854415644,0.6882033630784483,0.7395611963689794,0.7228668030137892
2010-11-30,-0.41145780388901637,0.3660216426525405,0.8253363085461152,-0.4682391850859163,0.30312700448029556,0.964650675838013,0.700218610238541,0.7134401905277398,0.7634774555952769,0.749866426766368,-0.3651615412164202,0.3576911996880743,0.7467276676272696,-0.4223723481858149,0.29301908438212876,0.885542171098862,0.6595467085478547,0.6782236772180029,0.7215791507829211,0.7011266059241942
2010-12-31,-0.1901300272121773,0.7464118387248669,0.87873842517098,-0.539819491927293,0.266787434287015,0.9634402426125022,0.6675135998098773,0.7160005428403322,0.7598570950579346,0.7565409324100307,-0.11013926925725541,0.6605313826366203,0.8260698918458668,-0.4039623408396599,0.19728442169551266,0.8826432774281988,0.5883053800192416,0.6836648736134924,0.7181101490903857,0.7120340518588478
2011-01-31,-0.49536116439211764,-0.0668769939700757,0.9291810268576712,-0.60406823711815,0.332830986049412,0.9620126428517655,0.6863633095870565,0.7154938322128497,0.7611985202697618,0.7578322204418113,-0.4220201717984633,-0.037077054603360485,0.8683647502413824,-0.5192831129136136,0.31327218925460176,0.8853126871634024,0.6470313718030244,0.6691890652902676,0.7172043258282902,0.7008940795330475
2011-02-28,-0.48329761736627497,0.6201205792739789,0.9170379781205222,-0.686527470186352,0.34229426283254405,0.962191504098957,0.6986738026788248,0.7025197278152397,0.7465775746551224,0.7434144048363984,-0.41061793124851803,0.5834090166210673,0.8415509752767716,-0.5800421271003952,0.32219476854542484,0.882196947140579,0.6564753400757286,0.6650854730280468,0.7019843536177784,0.6933611412898207
2011-03-31,-0.3906910354145224,0.4022115088411044,0.890088027001324,-0.6822628253767616,0.3375166971528521,0.9624084031722328,0.7640952951405865,0.7085077145858575,0.7474424039128594,0.7508536974191163,-0.28886334913265704,0.34128314560429235,0.8314977029130303,-0.5333087971098547,0.27610626783819486,0.8831497833618528,0.692515864708134,0.6701946541103893,0.7032632709679528,0.7011176114855396
2011-04-30,-0.07218574610835997,0.761827302738359,0.8809724296226552,-0.7138088888271863,0.2887311202131525,0.9623842057651436,0.7731658943582588,0.7032454559337477,0.7461781996864542,0.7481987647581484,-0.03615402776856367,0.6866558114203792,0.8198482578835268,-0.5578108308036684,0.23490284317228857,0.8814301093845215,0.7024927165452309,0.6702027792230936,0.7051045109100125,0.7051239926847175
2011-05-31,-0.5669096083141026,0.4800962582405617,0.863162258849352,-0.6368463235474037,0.3096664879077682,0.9603401603837156,0.8020659130232017,0.7083422591240354,0.751066204189947,0.7545555563187962,-0.43353534496705654,0.4229459151762817,0.8026309034896901,-0.5079109625981085,0.25800372308845665,0.8797921840812077,0.7342211766240181,0.6704983517217546,0.707935834329646,0.701506210433869
2011-06-30,-0.4213316221281805,0.891451975259893,0.8585118607812169,-0.6564054334825858,0.283409707073119,0.960321106405304,0.8093600191839833,0.6990616991558872,0.7435791289042596,0.7409477218661927,-0.305864552119878,0.8119901507692643,0.8004425556401976,-0.5113832883550599,0.22177355082552805,0.8770041703024788,0.7345260693599805,0.6648548850030566,0.7004256189094421,0.6924602251813391
2011-07-31,-0.04763562864680665,0.9106863646526532,0.8895463657971013,-0.6524033970415856,0.1992408209441034,0.9596829255622675,0.8307505434646066,0.6971796114100907,0.7443453378955304,0.740490525930447,0.0176862315736517,0.8253123557558307,0.8367485020676334,-0.48582936276379984,0.12554750403577547,0.8768143888825387,0.7467856940097689,0.6697305947656632,0.7060465747783714,0.7016362922850713
2011-08-31,-0.14498388017952263,0.937115915695891,0.8779735160848805,-0.6574143491240114,0.2226952007892215,0.9597339819323283,0.7933219306871384,0.704791954097659,0.7503029179527063,0.7503631002079898,-0.07931356735631301,0.8587314602041767,0.8215410157429783,-0.5048071056796632,0.16057333363899629,0.8770350003402223,0.7154308014817405,0.6760279794884039,0.7125181959896607,0.7087590514757618
2011-09-30,0.7412053432787716,0.8889152458476907,0.8626547023474099,-0.5767654863141904,0.04688040300619903,0.9577617967081967,0.6856960967987782,0.7050185871109403,0.7490412490514006,0.7472531768287011,0.6660041054432965,0.821081995917538,0.8033455536867722,-0.4409914322511299,0.014672755168970215,0.8758878630313043,0.611365534684285,0.6819082751797751,0.7185502229747844,0.7159766865396444
2011-10-31,0.4231563828081585,0.7875184210393021,-0.4957374167459124,-0.2711987647500332,-0.033157138092796606,0.9591365835164402,0.5019016803085887,0.7208550354072946,0.7637681342034194,0.7648986375312842,0.4250135008980527,0.7553998468395343,-0.3797671696790375,-0.16858645077001636,-0.10029899525434888,0.8757857954334579,0.4070926041919268,0.6867338858205606,0.7256766460292413,0.7285910648805486
2011-11-30,0.39675860632157967,-0.6816656240523352,-0.6206063492173612,-0.21053750962181422,0.12287862582936898,0.9652343047391138,0.4262254856378717,0.682398122121396,0.7414238486752291,0.7417926917308,0.3221510874260066,-0.5831365014430147,-0.5235392208236561,-0.20212878681445523,0.11906650544689486,0.8869003508487707,0.40193447909832747,0.6286746260470837,0.6951243261762432,0.6859667148216599
2011-12-31,0.3592008586604738,0.8532765657048345,0.9511246354399098,-0.1069130532021956,0.16078070311862935,0.9593122769910504,0.5384495291279813,0.6711188229808841,0.7352079854078156,0.7304852213191139,0.20514889258230573,0.8224123802634468,0.877182687572294,-0.20259116066536736,0.2355357437202888,0.8714352703215468,0.5597287874808559,0.6675430890433848,0.7119108287823878,0.7007492330983559
2012-01-31,-0.012675477440944745,0.738442190845347,0.8219615944261248,-0.14788078032192345,0.12439066174708335,0.9658834615150097,0.44946818937575744,0.7424851961510323,0.778680440133379,0.7782940755499618,0.021054048530846296,0.6620449150033058,0.7717483661535401,-0.09348746151056878,0.0813313262176589,0.8875508453251447,0.38620923162321746,0.7158673074568727,0.7447844056693269,0.7390478060477248
2012-02-29,-0.5832928629792709,0.2320948746934188,0.44235969549183657,-0.2936517138703773,0.2604365220412561,0.9587986059660834,0.4673570618496036,0.7362746324243348,0.7788429778161403,0.7733521510064356,-0.502399222847446,0.23998125409515372,0.44417289550188316,-0.28948647097614577,0.2595750847972112,0.8788889282175733,0.455385141931196,0.6890732492791738,0.7350660308886381,0.7186212038436424
2012-03-31,-0.608761174009966,0.3131647655965706,0.8934642566618068,-0.5288646358360427,0.28346005966053667,0.9612290623737244,0.5278560102604021,0.7157908802440794,0.7556972391386744,0.7505346769005788,-0.5267334182732407,0.3236740073082301,0.8115855713071145,-0.4888837906212254,0.28806455965353134,0.8818363349244415,0.5131213484923094,0.6753116193561646,0.7122741985738252,0.696123695753414
2012-04-30,-0.36955616386684625,0.4616523813705193,0.8787341712206499,-0.6957745825367482,0.27537400128472994,0.9647283261860723,0.5395712451849416,0.7189361022681838,0.7560327886970982,0.751595383992904,-0.26699613364417457,0.39142659789459505,0.8243616515129961,-0.5412100063326993,0.21325543374890593,0.8864196915642147,0.4709720252466763,0.6770002801265933,0.7092664523536829,0.7021990885849523
2012-05-31,-0.22648335355055704,0.8744395398179925,0.9050675675760582,-0.7547727114100489,0.2646002724827724,0.964327042339677,0.5396694909178532,0.7090044008814713,0.7507880712937984,0.7498962341462458,-0.1687857184817999,0.8008004057083227,0.8403484407342824,-0.5995948254360903,0.21743241772647598,0.8844354142867142,0.4830084615827082,0.6713963140200095,0.7061663187268686,0.705043622887659
2012-06-30,-0.21615775640406515,0.8884266423317121,0.6218069690594415,-0.6698036188987767,0.15888060740061644,0.9627708456885099,0.4479880044781506,0.6965084685144008,0.743075751344599,0.7448009194136528,-0.10141235713241556,0.8438756647544997,0.6133638500766884,-0.4965534621705011,0.06863879409996479,0.8793388649842783,0.35370775266443844,0.656090045870433,0.694250324456888,0.696346458366678
2012-07-31,0.08604011288361309,0.3401730487678223,0.8888344425360161,-0.6139537761984009,0.2043339967051311,0.966275398910036,0.40725841881941116,0.6887853878147029,0.7421111851393339,0.7414059949970232,0.089714132354992,0.2979521695141301,0.8278924731816734,-0.49054996630579445,0.1681759201941768,0.889107718443002,0.36053963942251815,0.6537212468359813,0.7036238805049894,0.698658609668488
2012-08-31,-0.27810710730752103,0.7611923222227607,0.9497519582720497,-0.5641109717987789,0.29195935622042996,0.9630938807475333,0.3599697858585669,0.6946099826081424,0.7426341228789117,0.7459657602985312,-0.3009171988736663,0.7373602649518929,0.8831317274841115,-0.5302005224109445,0.31574070774830765,0.8818155681410625,0.37721446776746714,0.6631487706705936,0.7030205672439771,0.7021519325838905
2012-09-30,-0.546107785054859,0.5689369512756874,0.8861637993816203,-0.5674758325212189,0.3510717440986012,0.9598289233591626,0.40998091362145916,0.725434857179984,0.7627742136553055,0.7637281114894725,-0.4648965958017954,0.5406369322569983,0.8328715642974612,-0.4987142997759886,0.3365905459859475,0.8811286126780572,0.39747974252543017,0.6844124015900775,0.720338280226139,0.7122872534954733
2012-10-31,-0.42530149055224475,0.5310612765127521,0.9100457091032995,-0.6188508391840161,0.3706076303782265,0.9637943715111827,0.46134145457819803,0.7214253796015955,0.7565086943963082,0.7555246827590043,-0.35668866895871465,0.4921249516563456,0.8391420890088915,-0.5196883899211703,0.3384639176632016,0.8852118786145519,0.4275622828453066,0.6811854554096995,0.7124669103345523,0.7064566822635711
2012-11-30,-0.4254615328106655,0.921697557888307,0.9432861485128606,-0.6877181534922324,0.3312815383292969,0.9619688142426089,0.6284627416769184,0.7077251767779428,0.7499241594629701,0.7482983715525912,-0.3003920352836249,0.8410204174086646,0.878007137033818,-0.5276202405145058,0.2590741576584071,0.8803157460852972,0.5524667876067764,0.6720420313015485,0.7047189529166582,0.7006370614869171
2012-12-31,-0.1587940012048069,0.738711941447547,0.9534703101981299,-0.7251959785426713,0.3091699372907223,0.9632731619163248,0.7133012613908754,0.7067350794794716,0.7500705108952321,0.7508033477733715,-0.11965920152745721,0.6718567841718526,0.8835482153383556,-0.5762283641898032,0.2649945116036103,0.8841038837689976,0.6519883869829124,0.6731659501867846,0.7097429580798125,0.7079566291061179
2013-01-31,-0.40690675368052337,0.7009982136142455,0.9355714309448374,-0.6615385781956392,0.33849236523235054,0.9620576856909565,0.7351681176741983,0.7064463986753521,0.7476926654534909,0.75178702448688,-0.3320696898898156,0.645532225531608,0.8646798687161731,-0.5429431168483383,0.3036720671046938,0.8819376491769387,0.6797588775208508,0.6721503782896684,0.7067418175069059,0.703919224700645
2013-02-28,-0.4608983406749918,0.09483094965650399,0.8274032481795365,-0.6540572589800423,0.37414810624727113,0.9624649751869409,0.7649159131673512,0.7095245948663224,0.7487885406851774,0.7526796626859246,-0.35852387332053426,0.07159053506201489,0.7690471860344923,-0.523557665406478,0.3203676259344314,0.8835344220843406,0.6992587869703456,0.6673005862269521,0.7043534951795762,0.6982213651427056
2013-03-31,-0.3266705551776864,0.6762804013372303,0.854067178592687,-0.6538367392319187,0.3812522987272704,0.9619159664680725,0.7428189872218445,0.701180695634892,0.745795132513932,0.7438923522845218,-0.24005938914592742,0.6035646462443491,0.7950264310819875,-0.5138007195284742,0.3181659824867732,0.8802781160121613,0.6726156641328291,0.666487205332378,0.7030880411918214,0.6976488821356563
2013-04-30,-0.6507196797571554,0.32109188530650334,0.7856074365501746,-0.6851725714617812,0.4104739272499549,0.9601077195049508,0.7680327731583898,0.7073829871111026,0.7506825808218893,0.7484718961192747,-0.4977949297348827,0.27523523002097255,0.7296554278637263,-0.5485933819224124,0.35082541925178284,0.8798019836662941,0.7015418860694717,0.6640892361938442,0.7035930035963334,0.6937520856719877
2013-05-31,-0.20913352892867784,0.6466750544780351,0.8524937227883624,-0.7376787117382031,0.40685179085188206,0.9622243588092005,0.7989820902296241,0.6969255311378881,0.7412412106041941,0.739055936633418,-0.1574533452075219,0.58211429651681,0.7894536835899275,-0.5846819607146372,0.3501637739534331,0.881251571522013,0.7320462626292299,0.6618780433798168,0.6987418262101217,0.694824132019082
2013-06-30,-0.40387606176892415,0.5045529222641535,0.9477273918103963,-0.6997374825719134,0.46134097147262343,0.9612033185248046,0.8235774741821049,0.7009522391258789,0.7452656278003822,0.7469072429193437,-0.3223433450060009,0.45822629369287105,0.8786143936535783,-0.5660665960397588,0.41093692894498435,0.8821216904525059,0.7632284416039476,0.6653475322368455,0.704012425021422,0.6997862313455584
2013-07-31,-0.0878274919589466,0.8939843671266997,0.9471642069708258,-0.714847455351648,0.4168680036681331,0.9621146165916717,0.7654331077842781,0.7016304799740268,0.7441687223415593,0.7482493428865763,-0.06922049273563434,0.8218791024695449,0.875313212620682,-0.5709522223733712,0.36655036036549776,0.8806733074561703,0.7038145200042625,0.6707977151774853,0.7043347266616393,0.7070032144105693
2013-08-31,-0.645951358355196,0.10551174857979825,0.9406659605690937,-0.6051411648516338,0.46752750465003956,0.9587008930090877,0.7498462189992268,0.7071981928483513,0.7502050522229737,0.7531329223968908,-0.5123603604690774,0.09873051278704516,0.8746926859597157,-0.5009907032853551,0.4217861994097347,0.8801838659866436,0.6954259929725319,0.6664425570015338,0.7080034048634722,0.6981508188838279
2013-09-30,-0.4186445662326143,0.951490890177113,0.8882036988781663,-0.6899461872643144,0.41194981106313966,0.9607466388604048,0.7786531482980917,0.6911358535555628,0.7381970792706366,0.7330240690797812,-0.3138793576346394,0.8755743722889128,0.8228909774192387,-0.5456990730701746,0.3491030149295796,0.8773023016996139,0.7083394652581502,0.655653995357827,0.6923836376843414,0.6853182613654617
2013-10-31,-0.5637856635684794,0.34927844728456475,0.9135599276978348,-0.6795442540512178,0.4185706610462833,0.9593134046156613,0.8160464926828308,0.69103357382934,0.7386695208469469,0.7380489303792115,-0.40778109550457836,0.2792628817682657,0.8567844861882981,-0.5192268372998594,0.3401216980628912,0.8785757090688447,0.7381314649126697,0.6562070124713405,0.6960332456086032,0.6901100782299675
2013-11-30,-0.2924673978326235,0.3142168495358271,0.9182550724868591,-0.7830139808378208,0.44133911302911094,0.9621485151848345,0.8543102964774248,0.6898770210083357,0.7347744083244995,0.7341637279099483,-0.264695712484936,0.30618420527869694,0.843178782758635,-0.6433048269623451,0.41289875680062477,0.8827544833287728,0.799940337557455,0.6521768884700903,0.6914568873244915,0.6862887146421244
2013-12-31,-0.5655128025530101,0.46085362789617623,0.9494098394586141,-0.7138524575094969,0.45745871684873085,0.9592326370223623,0.8667398011046386,0.6987071922644137,0.7410838294088189,0.7449768255660856,-0.4441526905633054,0.4172093960056512,0.8793495187227385,-0.5773038187527009,0.4067684284143558,0.8790495501260347,0.8033479171047075,0.661093239737139,0.6971988485163156,0.6932334038453238
2014-01-31,-0.5214854192788632,0.5086416994060302,0.9511674924774318,-0.7429596444453683,0.4578724060835351,0.9597130710069194,0.8650230398350433,0.6983984163799591,0.739448596809899,0.7425827336998224,-0.416051049045364,0.4650142212927024,0.8814328809741769,-0.6015909124799748,0.41083684240752516,0.8797857615858958,0.8034755433237587,0.6611200160469081,0.6958165815867373,0.6917638134904952
2014-02-28,-0.2794120749017436,0.9578858892505543,0.9482395622639733,-0.7152232965856969,0.4158811190945503,0.9591947975441538,0.8654451159930262,0.6894761798857106,0.7345957542753913,0.7355575237688164,-0.176691455727396,0.8812661990302986,0.8795698600488602,-0.541884924140664,0.33167292194468256,0.875044617169566,0.785073165991975,0.6569833249199557,0.6905520922776254,0.6913324685638476
2014-03-31,-0.3089006772305782,0.21445503980922664,0.9283200886410142,-0.7148648655290536,0.4264127417921479,0.9597437506435983,0.8976724369859576,0.6922346439048231,0.7386892130831139,0.7424201121486927,-0.21199653689028017,0.16037462940802688,0.8677998483014547,-0.5489125183821928,0.35284931421726873,0.8801436790288149,0.8233109651980051,0.6586110754843066,0.6983653186224659,0.6963811073726813
2014-04-30,-0.4612942143730156,0.778624870229319,0.9026394926712733,-0.6930338184989029,0.4824761732587177,0.9601153360662751,0.8961274317567107,0.689086692263859,0.7347472816374843,0.7375667630647114,-0.38748644827146633,0.7273372596720443,0.8408366895614007,-0.578642878471692,0.44871139021801904,0.8783906629560699,0.8380027199261192,0.657701138879175,0.6932911887677627,0.6908970404381148
2014-05-31,-0.27210189121550105,0.8066621101662864,0.7715660924112896,-0.6563943104375941,0.4214973388472342,0.9583694713487777,0.8815811528773015,0.7002183047718246,0.7422599360105598,0.7472416830110452,-0.170143417590313,0.7184622328997932,0.7307296488669727,-0.4958157668860885,0.3358704317977893,0.8745624968346293,0.8009133344909047,0.6654170604204779,0.6977942868785862,0.7024640209635384
2014-06-30,-0.5904284640913587,0.5769883429597733,0.952743844155644,-0.6522082264350293,0.45148309303811124,0.9573346227459834,0.9125670646197357,0.6916997070261803,0.7390552923420153,0.7426170906764582,-0.4272571201080627,0.4992396928828837,0.8853211051397449,-0.4988762525593776,0.3746766078627938,0.8747042140958419,0.8379807188380928,0.6601051798120425,0.6986883675607525,0.6935845119262205
2014-07-31,-0.7835757112845094,0.5268654840187087,0.9033694373127236,-0.7287108460864324,0.49648952336528307,0.9552192965352603,0.9332038422605003,0.6901545002377204,0.7350676059109299,0.7276574785445885,-0.6065149177841708,0.4946086698746611,0.8270678381980443,-0.6046894721645306,0.4576643684979328,0.8723571757401946,0.8699847371606876,0.6500191744431499,0.6884532990378008,0.6722167276887029
2014-08-31,-0.40604947071680964,0.9313731566724786,0.8967494569123808,-0.7931791843909348,0.49026858340799684,0.9596942807032613,0.9240375643844898,0.6851637081625104,0.729742793166744,0.7249735728540427,-0.30636471364837436,0.8558121226203842,0.8233068467354508,-0.6236431965453965,0.42556415292061067,0.8770985799994054,0.8544734854747268,0.6533500233034867,0.6871050467699892,0.682332171622764
2014-09-30,-0.6154639961293576,0.3067185247253754,0.9473225798690258,-0.8162716604832895,0.49614541470671397,0.9578472868565832,0.9219325110887865,0.6891611198008306,0.7319958530498368,0.7312342300665634,-0.48880346680768805,0.2841493632988796,0.879305178555074,-0.6585368765169816,0.44955507671088907,0.8781189370843515,0.8585955253913086,0.6480794305205323,0.6864651135499212,0.6783036804828927
2014-10-31,-0.5140907359693813,0.9276074258191666,0.9238315456502723,-0.8141316426333985,0.47175725331689505,0.958489872108805,0.8786519375673921,0.6793674281316874,0.7248474277184239,0.7254773725804103,-0.38764089694266485,0.8514301378187838,0.8540544335062508,-0.6403460981983855,0.4076258409739809,0.8748897390213355,0.8078038290970662,0.6445390572619494,0.6790893296807925,0.6766470560545801
2014-11-30,0.03602437643826248,0.5045798804531587,0.7074288579671173,-0.7431238500445068,0.43046580557710296,0.9590859799625308,0.8355471652107537,0.6826841746661046,0.724884208603119,0.7318478464565236,0.09401675652721726,0.41278403564302885,0.6817994957840069,-0.5549799205264643,0.3374128353697088,0.8766928215398379,0.7496151896615849,0.6528901150754473,0.6850408400999791,0.6942591426447432
2014-12-31,-0.8824117000555552,0.5284526148099468,0.6007810196350227,-0.6840998956694375,0.5278525286774393,0.9561023989760469,0.7967444541126534,0.6931022453671158,0.7363812951741258,0.7361506608323709,-0.658938772027717,0.47651337990752735,0.546296723458236,-0.5567981532326854,0.46840898528141167,0.8717463886981983,0.7321169632297897,0.6499180245273027,0.6876398301270804,0.6779454211121517
2015-01-31,-0.1406867434545228,0.8075670415277971,0.8688464292006735,-0.7700809730609386,0.5272269279101827,0.961463723846804,0.7416946642739934,0.6880014334049211,0.7321624444711452,0.7269480360533285,-0.10043566317162762,0.7341342847202602,0.8032135391737104,-0.6072675855044565,0.4596086506341812,0.8790836642048357,0.6764447026680297,0.6555071391151265,0.690775853488771,0.6874326695014016
2015-02-28,-0.05539609017015411,0.9547997438779363,0.9215903922534168,-0.6901307385394289,0.4943740028753395,0.959640940460364,0.6932675212200701,0.6927969957806935,0.7381223522065158,0.7325880185877328,0.01890991863122138,0.8751435444982785,0.8626174177965102,-0.5130718313555253,0.39492399646265075,0.8764268109582951,0.6060483634992342,0.6640177020137663,0.6984272001698446,0.6996899666111487
2015-03-31,-0.48986533099383267,0.03263075134127646,0.8371702053635912,-0.7350919834771177,0.5981989501118831,0.9610416592097952,0.8029802965457415,0.6899131478268639,0.7410258292214418,0.7423670152875319,-0.4133752229999072,0.052407861477005914,0.7855293232201852,-0.6125771988812398,0.5554709445302912,0.8831841307931518,0.7540468323309153,0.646062761811522,0.6958038235295274,0.6883910135912996
2015-04-30,-0.2039905515167783,0.890036794105865,0.9248299470436815,-0.6117588659254276,0.5732342523809328,0.9614609660366018,0.7770047281188155,0.6850454033063487,0.7343686870332933,0.733232294879566,-0.17663083471139437,0.8213879805317403,0.8504238347506632,-0.5062780705299432,0.5197299189171201,0.8787536802622851,0.718838328011639,0.6576090052219068,0.6954036096191505,0.6936566797792041
2015-05-31,-0.5799586260112637,0.7600165062644864,0.7642374144192425,-0.6134112348373676,0.6075290509407429,0.9598795643629543,0.7540699375817359,0.6997340037603457,0.747529770706953,0.7468316588604895,-0.42706875375401065,0.6829162285347203,0.6916701499939165,-0.47816625511550154,0.5298081766419164,0.8797131065941071,0.6850872289322056,0.6688612797980356,0.7077745295464117,0.7035550410499936
2015-06-30,-0.46655425107609105,0.6937992415530747,0.9192094218652049,-0.7310769408071216,0.6392308165182815,0.9594313559409833,0.7944718273500568,0.6958923759881033,0.7386218274100094,0.7382854725234484,-0.4057409248440096,0.6585298382299823,0.8587615801376113,-0.6161686692368734,0.6005780217421542,0.8783812825975652,0.7507060707010282,0.6617991121942646,0.6962007065296258,0.6932877372346866
2015-07-31,-0.3642948767974811,0.8978119577876459,0.5728236725976759,-0.6890024930472258,0.5765313389076968,0.9575068328216025,0.7238067623667697,0.6905757840290019,0.7342359623892813,0.7379312896998256,-0.21416397140213203,0.8032194381818947,0.570439617024743,-0.5040145963160337,0.46427863981056666,0.8701932714154874,0.6248246294986027,0.6506446099748867,0.6836891876932921,0.6905256594999046
2015-08-31,-0.3244363885471385,0.6136323275069118,0.34746671652515704,-0.7100157216301664,0.5802603652988096,0.956361655684655,0.6446183810015138,0.6816314111642761,0.7301997218814118,0.7348079789668613,-0.17293787450267625,0.5019470849040357,0.3802506823922971,-0.5180878199896776,0.46264612903965097,0.8691992798605506,0.5413130069453944,0.6499167140953308,0.6869261152451502,0.693905293998935
2015-09-30,0.3458520886055679,0.8846584111425772,0.9495558248764576,-0.6830963069255843,0.5870480243921363,0.9601071637332813,0.5781131673192027,0.6951725542661041,0.7391004473488786,0.741201401413658,0.3129395208108437,0.815864436492832,0.8732645962070626,-0.530401048932086,0.5074967030353984,0.8768002035738283,0.5136794360443413,0.6694623811142233,0.7052084220627646,0.7105132614631515
2015-10-31,0.19467820524330837,0.9534252599862327,0.6451856442263841,-0.5138795798311229,0.5318621949648665,0.9586779323978724,0.4548166576917466,0.7153585547228057,0.7601829439331699,0.7574978449288404,0.2220954150331723,0.8742212353152792,0.624184649301688,-0.37606720733831406,0.43343728340929505,0.8751453227576509,0.3702939812177875,0.6887851345025711,0.7236194473210298,0.73011736156347
2015-11-30,-0.22556278243097733,-0.2332597263067277,0.9579635853453067,-0.4169990679533882,0.6387042633420564,0.9641196277432152,0.40821443748031855,0.7046164726040459,0.7497657566270678,0.7594199988861784,-0.1871456877598491,-0.19941028720006174,0.8897791235608147,-0.35130260365832194,0.5813861765720207,0.8870750293166497,0.3741592507401424,0.666077242701095,0.7113007637389104,0.7125773797315988
2015-12-31,-0.3784461636694146,0.7664855693279415,0.9326686887321457,-0.4075891822116946,0.6681468291678662,0.9625421875478808,0.40138929734783635,0.7056520174854651,0.7551560190539549,0.7475391087334481,-0.330631694793458,0.7191172679801773,0.855899906059041,-0.375158535357026,0.620829279690082,0.8808383710217497,0.38448286694629547,0.6758818738393494,0.7161104547545704,0.7081759132709412
2016-01-31,0.029486232165644437,0.9370980296032799,0.9564204726592607,-0.5383915014377582,0.6498653223502879,0.9629293425410521,0.2957973286777408,0.7205699466330555,0.7654969300703907,0.7575401406961288,0.06190549536641615,0.8578903594746142,0.8839982654139763,-0.4114518675242276,0.5634161175216116,0.8822403752980593,0.24132609041188524,0.6903237003137482,0.7263959870363138,0.7247704865878016
2016-02-29,0.22630033627995053,0.910954121048281,0.6970619278385451,-0.5472060659700924,0.5509577130355413,0.9594524014109294,0.28241793055659675,0.715775432888186,0.762099066048401,0.7612150863563547,0.2632609907101435,0.856332225781082,0.6788151955820143,-0.39034084065597596,0.4416963106088482,0.8751215993233731,0.19537133669242165,0.6822779054486344,0.7205728339937351,0.7280376105948722
2016-03-31,0.003173000620030652,0.7967075753361877,0.8912049777606826,-0.4585467343391915,0.5769541265999326,0.9614701471080779,0.37763678491952624,0.7032118092494545,0.753974248177084,0.7583869159549043,0.05847024498177494,0.7077392555860915,0.8389714294217011,-0.332596890223183,0.4833588029387173,0.8794351418668072,0.3026536160280152,0.6805291436283558,0.7204337628710114,0.7267376870497075
2016-04-30,-0.33928942458289685,-0.092579847361094,0.9514904254372915,-0.42660841263696225,0.6772564193444052,0.9628577222784197,0.49870315873045634,0.7064416406698378,0.7528783800241498,0.7526869109745914,-0.32444488389874937,-0.03398633044053713,0.8864016744680593,-0.4072285773885306,0.6438068761167431,0.8847952800154125,0.4879418489089737,0.6673079480189166,0.712042028032521,0.7054540116868135
2016-05-31,-0.4841867140182629,0.7291083397491399,0.9449750836572458,-0.4953156429105796,0.6787667911381458,0.9605271029635146,0.598073385627817,0.7144260589319319,0.7601226227624264,0.7523174016902735,-0.38697057360383846,0.671906137046088,0.8725685875168804,-0.4192816572852081,0.6173122466827886,0.8788785576597821,0.5518302832985605,0.6806329769061313,0.7176542166262564,0.7087082761062277
2016-06-30,-0.40173303695589385,0.6187492347244143,0.938448460682169,-0.6185588570107152,0.6630117763719003,0.959832131212961,0.6925829599884701,0.7154231882101125,0.758679718970215,0.7546793229992499,-0.2866746168997736,0.542209592112211,0.8734269517544164,-0.47702329256587805,0.5789579479996615,0.8786305307109882,0.619457931557329,0.6807997375094963,0.7156753593512777,0.7120598941253393
2016-07-31,0.023892980855533333,0.8109067802827685,0.9504478527033801,-0.6964890121133529,0.6723670899377344,0.961029953436558,0.69673429766385,0.7064787166392933,0.7506223975916039,0.7490757515228098,0.029230242669112894,0.7386752244748597,0.8770246124089681,-0.5494994702345372,0.6002168882959303,0.8793552835032877,0.6350655271126815,0.6764818398150444,0.7117215510753331,0.7144660661421623
2016-08-31,-0.658091480147038,0.37128099879764337,0.7280728178195478,-0.6539637567774922,0.7227961198436624,0.9561669724905829,0.7856496494134059,0.7056870415334268,0.7495591937094214,0.7507226322808119,-0.535214301913694,0.3630798318850826,0.6922714636819569,-0.5608711969923161,0.6730114418943562,0.8758548223816904,0.7412227319486278,0.6646964004806413,0.7050490843811235,0.6994895505887873
2016-09-30,-0.7847838406032843,0.7712377036292376,0.910330326631165,-0.6871946220820463,0.7009151965202864,0.954565703971592,0.7762319351482474,0.6938679679253046,0.7351439357237153,0.7307193922827255,-0.5917510455251146,0.7093544004300751,0.8362219870246403,-0.5626769641756715,0.635880378756299,0.8703551273689794,0.7169900819067561,0.6555421344881178,0.6870929644678694,0.6786148259289568
2016-10-31,-0.18607495741723995,0.7720982003451055,0.9366056126701422,-0.7486166802704212,0.6641936883800116,0.9585133828226641,0.7688866716984687,0.6862350714544797,0.7294129188584296,0.7257670759083347,-0.08827242885673717,0.6756481012807931,0.87348909562238,-0.5578328203262723,0.5624010285016587,0.8746352448857448,0.6814620004455361,0.657357766320187,0.6882454819045642,0.6888410242782212
2016-11-30,-0.7070071760983375,0.9306125809287501,0.9039365043648623,-0.7928582735645701,0.6687732949885984,0.9551457841617109,0.8011875468299784,0.688894892362519,0.7337897140490647,0.7323858398598201,-0.5279950910647927,0.8572745465421192,0.8334222787315502,-0.6304095327014719,0.5989163558508203,0.8713473358931865,0.7381819185405457,0.6528513920332311,0.6879965442087965,0.685277750937836
2016-12-31,-0.4452071951319727,0.21422967647370658,0.9368642686109571,-0.8114457361028456,0.6730668108514757,0.9596475531241605,0.8218230384344706,0.6866404550225645,0.7286764812482108,0.7299412124935437,-0.3708244677595499,0.20801634470788266,0.8643063849873475,-0.6573102672771661,0.6182969003579285,0.8800370694285881,0.7658879478877002,0.647415537375165,0.684690345263055,0.6817828184987574
2017-01-31,-0.6187890871526371,0.6117586827153162,0.8580252738277531,-0.7292297662680398,0.6633277043774851,0.9565867234114012,0.8463193272260681,0.6829249810095279,0.7261083000387123,0.7282522120154007,-0.45325633613468974,0.5366248446472566,0.7991621280192018,-0.5671480623934774,0.5795293612681868,0.8726580436399474,0.7706612086379949,0.646479408417427,0.6802727024042416,0.6791438658463791
2017-02-28,-0.7398030971443808,0.6210896293219472,0.8494359703468823,-0.8088340407654369,0.6897177591311183,0.9546856790930953,0.8774815352113066,0.6838502362713996,0.7299638495968781,0.7295001202782094,-0.5664645027484861,0.5713255960800335,0.7891328901076999,-0.6512006746673537,0.6269046504662761,0.8725682099810509,0.8160600257690532,0.6439169758408203,0.6830009740606272,0.678439263875137
2017-03-31,-0.8292929902657745,0.40759024384963005,0.854251973480485,-0.8162812426396766,0.6872500087021871,0.9535252807488219,0.8945110508444543,0.6788490817995028,0.7198239836583407,0.7180384385331993,-0.6349415422049143,0.38684561189903033,0.7754638506021242,-0.6679405529872527,0.6324070416787065,0.8706348848339563,0.8341466534753691,0.636143756214094,0.6705353662251298,0.6627897462666764
2017-04-30,-0.581976868903114,0.7800140208504976,0.8854604288692505,-0.8657700734577993,0.6537657306342206,0.95570507720333,0.8863178184784966,0.6693709406538164,0.7124377844146792,0.7102416660687105,-0.40703954744560433,0.6888412771407708,0.8285340845285684,-0.6643601216242416,0.5572012346550251,0.8706824553098098,0.8055718102841203,0.6342363153386692,0.6651804628569404,0.6633596228628351
2017-05-31,-0.6951930416419445,0.6859184464638817,0.7665539794402851,-0.8612553004792189,0.6410837357627777,0.9546953922846946,0.8744787664749907,0.6744955073145582,0.7182116495984598,0.7172241666270709,-0.5017511948950256,0.6030354554901806,0.719251838188703,-0.669848317035983,0.5518550028054382,0.8698258778161744,0.7972437618885145,0.6356951134997036,0.6694671842304072,0.6695058246651804
2017-06-30,-0.6216693265470177,0.6854920928836817,0.5951182873094617,-0.8548726115907556,0.636587886091031,0.9557319375694814,0.87081584544442,0.6737539174183037,0.717707732216546,0.7179919002201612,-0.4492538484660827,0.6041347610222078,0.5618985416751531,-0.667039250682553,0.548559639010319,0.8707782159881833,0.7932140670276168,0.6344632228259538,0.6692888917076537,0.6692189904830183
2017-07-31,-0.6605250391527671,0.7446643561393572,0.7713967493564008,-0.8307823231371603,0.6822969255999448,0.956560336956,0.895992702177289,0.6673598107356152,0.7149348830273997,0.7156794601607065,-0.5133614570267444,0.6887479998051791,0.7180088242551892,-0.6689976814806334,0.621784318400019,0.8738518151432005,0.8346551435418545,0.6301799202506718,0.668927634728999,0.6677729231749443
2017-08-31,-0.8024597250845846,0.6393302426696565,0.9345129934352632,-0.8486907549164364,0.6913260308712041,0.9507178117140729,0.8995519916252157,0.6703571775875261,0.7136894376800142,0.7150351238238788,-0.6278080989395374,0.6147567006587946,0.8721108427798556,-0.6977175684022465,0.6505130648203246,0.8667490238813964,0.8459300047831226,0.6320513306695914,0.6665967059086861,0.6617283384646393
2017-09-30,-0.4993642205205551,0.787099853559808,0.9130780890453288,-0.8534011579781876,0.648544874266613,0.9570173668414065,0.8863711540953604,0.6754112308936949,0.7148570537887414,0.7169122622337541,-0.3592356907522833,0.7037384085307351,0.8483513339602976,-0.659573969472446,0.5618242220327522,0.873075718377676,0.8097117969877267,0.6401881904576957,0.6683392834986358,0.6708094410159812
2017-10-31,-0.7969401708592513,0.5495378529676949,0.8909588081458614,-0.8411213289622652,0.6809283078255398,0.9528743785737693,0.9035534807112054,0.6762252209537217,0.7195188550356127,0.721454324874352,-0.6003310622945909,0.49818027137934806,0.824707616936799,-0.6693605390029087,0.6134066987698842,0.8702877895469121,0.8377763228463039,0.6371184622860384,0.6732081769042241,0.670217319521719
2017-11-30,-0.8326337060713491,0.585048856349509,0.8772211520524115,-0.868672807695264,0.6903199101075274,0.9525765716044378,0.8835799540218091,0.6693676434557801,0.7111475167980618,0.7102652706763816,-0.6354600394297139,0.5510943124044956,0.7961608688022295,-0.702412924745734,0.6370629011650062,0.8687208532936204,0.8248494107637463,0.6290712091675548,0.6619968917064671,0.6563098566018657
2017-12-31,-0.7290276185032956,0.45986309181081486,0.9419837842320823,-0.8689476742019787,0.6852993853396555,0.954607385449325,0.8882935621235627,0.6728612160452822,0.7113241982146704,0.7128507590254675,-0.5449802196162508,0.40158967849496247,0.8720707549854945,-0.6823357789981983,0.6068577127912282,0.872023863240396,0.8175979408305611,0.6340140098937411,0.6642550773041171,0.6628716409853401
2018-01-31,-0.807194879600838,0.707512307501734,0.8829169739047992,-0.8941863889226588,0.692227984538326,0.9531294431649375,0.881437301611832,0.6702655021675563,0.7113130722661658,0.7118767324976445,-0.6001874922251328,0.6418822673127981,0.8123131346305942,-0.7054798175051559,0.6188015530682861,0.8686899932881842,0.8133518637142562,0.6300372569346099,0.6613494721297728,0.6606723437559348
2018-02-28,-0.506562225484719,0.10329247143095872,0.9454449877047779,-0.8964532151405855,0.7161649347900609,0.9578719917041352,0.8876200633593712,0.6733899422703558,0.7131785573978464,0.7173490475249662,-0.3985111509096117,0.0910418384711765,0.8748762124100448,-0.707986219944546,0.6460739396599581,0.8781642233986463,0.8221140222650624,0.6325727558284479,0.6674741279817372,0.668446996462266
2018-03-31,0.3038989690240532,0.9565247432973359,0.879438453838135,-0.8402701734832518,0.6364844757177722,0.954965662483667,0.8651195430815025,0.6603464682547179,0.7091186757094775,0.7124239891441754,0.31046749942608637,0.8753242750461706,0.8243267191687144,-0.6264306279260107,0.5326248966618008,0.8671126804280748,0.7776056800801746,0.6326617974168903,0.6676538586955921,0.6807842697667831
2018-04-30,0.11881782233519655,0.9297502193095623,0.9509814812486422,-0.6634444597843705,0.6137575586242904,0.954808553817385,0.8206256672483029,0.6733266187962615,0.7240328337851553,0.7332760620186011,0.19127717252190274,0.8363164228427488,0.8836646361988373,-0.46251803568181915,0.49222961530454523,0.8677952000618178,0.7211427686102051,0.6594660665932749,0.6917237229848207,0.7042564978358578
2018-05-31,-0.03947857862532527,0.7616781137918367,0.8966548778529022,-0.46104891476818904,0.6009834683628608,0.9570289135989742,0.8044081452175529,0.7030921161554866,0.7448813238112482,0.7507820850999865,0.00554422458505291,0.6782663877211216,0.8360118528503914,-0.3472563942567814,0.5154897701090083,0.8725872681115544,0.7252245443341591,0.6821200558249486,0.7137319503824321,0.7166262703981293
2018-06-30,-0.42383707517542385,0.501927504879785,0.9334930535762791,-0.3622261145319468,0.6179262901072912,0.9583492581841987,0.8113398628608662,0.7123247458069947,0.7551039179679392,0.7558803417237691,-0.3133898581407026,0.4405036434575903,0.8665060510926401,-0.2842631880066723,0.543333883956947,0.8759724372187185,0.7407502175271633,0.6853730027384808,0.7204255049465382,0.7131758809327868
2018-07-31,-0.559309949063375,0.7609443107283254,0.9532530903399479,-0.5407668217340135,0.6262367781971937,0.9580607041685163,0.7942033192178641,0.7126519008019248,0.7573627355960264,0.7495177841895999,-0.4264572909746875,0.695017215734185,0.8813906795734203,-0.44132915127708827,0.5596972693068776,0.8751756998543053,0.7310330712748656,0.6793736275454539,0.7159932447370551,0.7042552565147898
2018-08-31,-0.5586263357364991,0.4573413231847337,0.9447706979288577,-0.6830914807770333,0.6424796131526478,0.9588697947107938,0.7825573366569356,0.7052639349298562,0.7503762057835592,0.743509371430142,-0.44863958263027753,0.4257670290501803,0.8773308606847329,-0.5650602783861164,0.5879097311051166,0.8786474645848544,0.7298401212977509,0.6663892369550449,0.7065120930033578,0.696008799432131
2018-09-30,-0.6651264766964194,0.4344442010436672,0.9476078606280848,-0.7747268829550975,0.6549495537173023,0.9564241516680335,0.8066642539941881,0.6949222741218058,0.7373253054587673,0.7349357117657792,-0.5363424193752783,0.4164662096352687,0.8797894364716565,-0.641204645760144,0.6078400512776885,0.8754358815381058,0.7573915993376155,0.6541766135290417,0.690566775681474,0.6838487249252527
2018-10-31,-0.819417236400586,0.8082834686085093,0.9314033885485308,-0.8060244655400647,0.6376409321750743,0.952991256164489,0.7892890509075289,0.6904372785830996,0.7310469705635197,0.7289563533275173,-0.6116556366598015,0.7406478854942621,0.8590761529672392,-0.6445640908663507,0.5723893270757147,0.8688582286600236,0.7272837739929455,0.6501924406939857,0.6816460449462755,0.6763994683459941
2018-11-30,0.2527328329569345,0.757109481149341,0.9536851756575663,-0.8416626571536877,0.5522051971200955,0.9590613739417456,0.7351715302601499,0.6733126965833872,0.7186120455624895,0.7112965601228788,0.27378908220875897,0.720753842275391,0.8750141546876165,-0.6310878024927177,0.4486895685564561,0.8746756644106168,0.6459592333159402,0.6435291815946117,0.6771217869385261,0.6772065799586454
2018-12-31,0.019766496326893947,0.6292380723069433,0.9543062208305284,-0.7369659907567234,0.5589764181845642,0.9616875938681535,0.7169321830467623,0.6841217964899546,0.731833776101249,0.7330887480094082,0.046900897995865665,0.555727583814761,0.8819106460942053,-0.5696357333289959,0.48369727381555677,0.8817930563777352,0.6467826885027314,0.6583603551796007,0.6958823202481874,0.6998921791497481
2019-01-31,0.40213162803793073,0.5536517736980204,0.8446749983136022,-0.601024576986229,0.4458122049988696,0.9593322264561348,0.580972519752156,0.698643351128257,0.745390334564755,0.7511666212537742,0.3849111625829102,0.5291627067734849,0.7964642755506054,-0.4512974919072172,0.3593085438568589,0.876482751073213,0.49825551852256744,0.6649642073918346,0.7098606662325583,0.7107185817029399
2019-02-28,0.04356906516697791,-0.31359894583163456,0.1134746393812421,-0.309123532011179,0.5442068290633115,0.9685921672223401,0.6020889683803978,0.683058903375134,0.7505365725014639,0.7460932958884334,0.04393836917720758,-0.2818228409992083,0.10382218863156335,-0.25129821600241553,0.48587160298210413,0.8937958578635524,0.5519102439591843,0.6452109685599959,0.7130524564726258,0.7024456409855407
2019-03-31,-0.6482892456127763,0.4526792969067563,0.9098972459232352,-0.3925637770023817,0.5941998071286982,0.9593675195121788,0.6279836881755018,0.6804307873302499,0.7398310193352248,0.7270965585560535,-0.5636451588429294,0.4702572241398131,0.8209771015776225,-0.410406303242029,0.5852046191065571,0.8775609934294967,0.6181533724441036,0.6543029060336504,0.7012341568670039,0.6800845827613474
2019-04-30,-0.3599918888380491,0.696049976505738,0.938316727038798,-0.4999678778765521,0.562283037548192,0.9610995312878667,0.6590424418393741,0.7168488319924378,0.7586835372593115,0.7519194492725425,-0.2360307977601606,0.6044358066185023,0.8765183127225804,-0.36353065136136214,0.4688006944382775,0.8792421070449561,0.5760751702002793,0.6848819371632804,0.7163517998909554,0.7083096516851215
2019-05-31,-0.7211851716578339,0.3490345745793041,0.9526084808794163,-0.6642525722267777,0.6166392641537447,0.9568747524807019,0.7257680462368691,0.7130470792975251,0.7565588832573643,0.7487548935467135,-0.5586198910718778,0.31889136769070847,0.8835085752066515,-0.545677601913962,0.558492515870373,0.8764021412912978,0.6719123279951605,0.6697440779109575,0.7099955222196973,0.69668890081117
2019-06-30,-0.13556393630074556,0.8200501404560676,0.9567931157580684,-0.7905843381267667,0.5523386785452912,0.960617761512189,0.7182751145542866,0.6925739968061114,0.7394015262016248,0.7316928630474103,-0.0720713039729688,0.7664533835141457,0.8842013588852066,-0.6086549817886712,0.46701276461170244,0.8773754592495385,0.6419558486442604,0.6557718459017664,0.6934824686551918,0.689179789406808
2019-07-31,-0.384174084108361,-0.09861056551113241,0.8078423265037218,-0.7199859165542826,0.6134825982035595,0.9631228450476831,0.7117631140370989,0.6836714318408678,0.7393669221129359,0.7312240263019042,-0.30317991387822885,-0.09324009197315083,0.744952300154007,-0.57993025906332,0.5499782500426471,0.8870871231847923,0.6548853041266685,0.6425965316421383,0.6966059269601961,0.6841920032739917
2019-08-31,-0.6023022490602321,0.7087663229000741,0.9121524357279667,-0.7375735923663622,0.6431341860455458,0.9588604212984704,0.738554568105761,0.6761232744424932,0.7280084431251164,0.7221911620694155,-0.5029382982729139,0.6733992985587636,0.8310381690020241,-0.6255585554020773,0.6053313144524981,0.8768744358519087,0.6983673554272865,0.6430677640724769,0.6833116450848571,0.6746898318318821
2019-09-30,0.22272847305920973,0.9389053111526907,0.7523348969641316,-0.6587906542577259,0.5494946785341411,0.9555556046478467,0.746271654459253,0.6760948886444232,0.7242548440476463,0.7269636473075335,0.2845094443203846,0.8454767132497986,0.7378839119509636,-0.4535929795032824,0.42263739219680113,0.8670786528352518,0.6373413909676183,0.6500851402308919,0.6822539272915608,0.6913119803870343
2019-10-31,-0.5656861035756857,0.6751897331927779,0.63898869074442,-0.6248871114890355,0.6482389258302803,0.9606957091306882,0.8064895437672484,0.6881515226143509,0.7419432846332334,0.7424415308542509,-0.4361689073809261,0.6162332676478736,0.586636134167776,-0.5085300231448856,0.5834841585167502,0.8804683472284461,0.7466517170901125,0.6544628319060101,0.7009612563571833,0.6973998791351442
2019-11-30,-0.2697822250405233,0.601863230357646,0.9033050024599688,-0.679522510279588,0.6257479323266834,0.9617721985739,0.7832669624968721,0.6901449305303028,0.7355733051017913,0.7361006723178106,-0.25328162097362455,0.5718307871723346,0.8244265954043289,-0.5761760795441586,0.5846169394506193,0.8809753121769152,0.7364371147035643,0.659087807343266,0.6962515702591623,0.6942349410585753
2019-12-31,-0.7612714705683186,0.3460937161483551,0.9277269466415539,-0.5865439597573144,0.6394971829885846,0.9556800380350577,0.7946375092512782,0.7032733144866897,0.7452380535389117,0.7482236932706364,-0.561722474991954,0.28594058739402317,0.8648035208951919,-0.4531006694828857,0.5579175604299954,0.873245649388011,0.7206753478816823,0.665654433223698,0.7014900527204766,0.6958555255457659
2020-01-31,-0.6426467944916894,0.5137792312524262,0.9471811491141101,-0.786449631497847,0.6574527556034565,0.9572337417740135,0.8104376557482562,0.6931215391154557,0.7366941318482443,0.7314634487609715,-0.5079506760979575,0.47718237304608907,0.8748286007618131,-0.6396338622981852,0.6007216857281248,0.8758191378582116,0.7548250473617688,0.6528662075078586,0.6897915431031472,0.6815884551633196
2020-02-29,-0.35644796681644875,0.8196432466408939,0.9057053670994855,-0.7935119202871673,0.7061946676689126,0.9596341750252502,0.8275908060474522,0.6903635376635924,0.732455017699895,0.7304360133619776,-0.27587160208069,0.7490060200118521,0.8342909135468225,-0.6273684424444894,0.6329496926536352,0.8780218940182598,0.7630891285885338,0.6576472087309568,0.6894610946281396,0.6912329531572325
2020-03-31,0.3016999859730743,0.7378762391665048,0.7621933158805959,-0.7777969527508949,0.6566089901998123,0.9501903636086265,0.7626742336339017,0.6682480265706258,0.720509084152467,0.7230501180830294,0.36301625010004546,0.7289874007046523,0.7526713070990149,-0.5487968373174495,0.5213806256110347,0.8588055668908605,0.6494100684507708,0.6317371431234382,0.6719622198349563,0.6854336129559647
2020-04-30,0.9371747262606407,0.020396645655434222,-0.7624815316494815,-0.5799045092859888,0.5710608144295107,0.9554171371892073,0.43516135572605913,0.6614599153268975,0.7205751157085184,0.7260119451191155,0.838743681648469,0.10064711761943732,-0.6030404990402816,-0.39986061997079714,0.45098921887278687,0.8744165128607192,0.33163390405021764,0.6311536545231805,0.6831089453873443,0.7047479245824323
2020-05-31,0.622210104485175,-0.8749337313359511,-0.9430545674966372,-0.15671677125780017,0.6983569225657086,0.9580352098683704,0.11027671390797884,0.6689626106740298,0.7271281037412527,0.7382276030546002,0.5134222323899184,-0.7386221191111743,-0.8062242878256068,-0.18058508559381226,0.6504978720692353,0.877464000851948,0.11849430239665366,0.6185651956159752,0.6828974640964097,0.6952717733584796
2020-06-30,0.14458046735719066,0.08380659842612671,0.5949004294802808,0.13075498943771252,0.7451170205044578,0.9633694369867126,0.33760812664640105,0.6925780833582974,0.7510467319771393,0.7480629169581207,0.11807841354997026,0.08016384053250462,0.5390232973276705,0.10091188721986798,0.6775251863430919,0.8824108129023751,0.3059416860171055,0.6741228613514271,0.7231840302683573,0.7164195256902705
2020-07-31,0.41385878767631457,0.5161354629627994,0.7972020440388885,0.13345061352631368,0.7840666748431231,0.9564619729725261,0.5423025313417915,0.729623813355333,0.7759512183952753,0.76618414123156,0.39759472218193664,0.4311557028888236,0.7531383063702828,0.15593125367381483,0.686856605931091,0.8720146226174845,0.46179802179913837,0.7131151568347225,0.7484780366411996,0.7419001251800923
2020-08-31,-0.21013013145305348,0.02916065779475187,0.6209591033494323,-0.11254905198313425,0.7958591611092821,0.9569518725332439,0.5657500722240876,0.7541134227946521,0.7968284522947139,0.786406767081761,-0.12358571302892768,-0.01327072392530154,0.5958190901241242,-0.056509530580679285,0.7053076509821844,0.8757337746847919,0.49003231911837464,0.7212239529668435,0.7611013395155487,0.7495206662588901
2020-09-30,-0.4955600717387114,-0.24860878236225523,0.7560913722804954,-0.33658356663758926,0.8202224183313904,0.9554139734918402,0.6842976879005246,0.7281833763415683,0.7740162250116561,0.7609048897482064,-0.35175375498416805,-0.254201924476686,0.716190812732554,-0.24332484505474367,0.7303886273168024,0.8727569859254508,0.6087205984252706,0.6874233454069943,0.7310775209346431,0.7135998895453196
2020-10-31,0.28834533730335293,0.9569742754625615,0.9535655859494082,-0.4996035504137941,0.8024243015999437,0.9549872755446583,0.6446325996152359,0.7125420013542695,0.764629162831998,0.7465438530108283,0.2917604919356423,0.876449887578949,0.8810417342659644,-0.3621714094450353,0.7003145093083323,0.8678633294759588,0.5578676326608693,0.6874323882102864,0.7278696887709262,0.7203572368986308
2020-11-30,0.17127841822243325,0.9218195751144974,0.9555664686200883,-0.5301664563904829,0.8130968579516392,0.95511261468403,0.6191940199032343,0.7137075333108597,0.7641145758957922,0.754244199783049,0.20267233627359843,0.8345176804016063,0.8836715927977123,-0.38289794050397685,0.7118610641948053,0.8702250928246387,0.5311990591695827,0.6932202205499143,0.7306057775218036,0.731613247211987
2020-12-31,-0.021575004262087694,-0.7995970251498224,0.8639482171892842,-0.4795465004023145,0.857460187295824,0.9609873718289216,0.7160230259448596,0.7080931727423007,0.753434879486052,0.75666337842053,-0.017190568286000484,-0.6673315492971179,0.7983617943065788,-0.3973705545139254,0.783424042937934,0.8840988323507923,0.660581100725933,0.667038171931553,0.7148292073875746,0.7105813813473225
2021-01-31,-0.5299533250563889,0.20511084848383448,0.6433218230300967,-0.3480075962632552,0.8580155893254223,0.953725066809287,0.7640267472155658,0.6999787838171335,0.7520187155755566,0.740600914820219,-0.38303434251383245,0.15622586999645735,0.6065180036625168,-0.2644687254175207,0.7703819483363318,0.8691032042817868,0.6872888276914054,0.6667637598452252,0.7090639412539201,0.6976736868391007
2021-02-28,-0.06698157437901958,0.783102510592278,0.9560482811888801,-0.521909242770707,0.8271484915127334,0.9536273464593032,0.8176217630393072,0.6965841221187556,0.7465687359021893,0.7422201544174702,0.018157130163015074,0.6820654929779435,0.8827275669337684,-0.36496985157530876,0.7222172847148662,0.8668528955879053,0.7256786165617739,0.6753647353593468,0.7107908825090326,0.7093584692323323
2021-03-31,-0.2295299659812389,0.5010001720549049,0.7156498890602712,-0.6019104886015952,0.837795010596323,0.9614623501482165,0.8827716669305419,0.70704920340167,0.7562357951485794,0.7495217583572031,-0.19600340947346906,0.4649427165480136,0.6645197211782335,-0.5008916302976957,0.768260494460502,0.8823465524214968,0.823010667322847,0.6742417851834164,0.7166582566374018,0.7116732367390299
2021-04-30,-0.04807330663625607,0.4430286596991803,0.8826206681797585,-0.6340644317356828,0.789362285427493,0.9568744117232176,0.877277010809533,0.7079203913649844,0.7510546422256396,0.7529922364205367,-0.03174576496944046,0.3947720019156986,0.8163536511785339,-0.5043900020552365,0.7131121355625984,0.8750537648696483,0.8075910729216137,0.6756949065371461,0.7113691199934237,0.7140153007853983
2021-05-31,-0.36612770676857953,0.17364913567306312,0.954274187025749,-0.5167783865124138,0.7856623068246407,0.9568448024727823,0.87956814567223,0.7052521606825297,0.7509722634771312,0.7571882016483886,-0.250866446303453,0.12109436911458038,0.8815088590769192,-0.386074513510948,0.6959221317382921,0.8754650901067801,0.8031884650324294,0.6753210613765303,0.7137601871523885,0.713200958911352
2021-06-30,-0.22953288977312225,0.7708868191285762,0.9511335077254722,-0.584333887261769,0.752042060846133,0.957220788005105,0.8915062911598649,0.7053836250225162,0.7514638581097083,0.7482037992012428,-0.16317641397564425,0.6957021412593262,0.8760579306494986,-0.45857468773528565,0.6698022947622967,0.8736591285321976,0.8191031673445176,0.6768143851771465,0.712367511753171,0.7095626309094821
2021-07-31,-0.5647719626360743,0.5046920263040096,0.8659086354365597,-0.5913361435941532,0.7471470043992383,0.9576084965118439,0.9064216632339264,0.7066167185132337,0.7528718310864029,0.7499179036087591,-0.43012776915793405,0.4534709958239984,0.7977621661934128,-0.47638690101654757,0.6739908004318962,0.8765897921178486,0.8397729468828851,0.6729844302335933,0.7117545946068863,0.7046948153725824
2021-08-31,-0.35486383652509795,0.6699758009154102,0.8951319801685818,-0.6931065171192006,0.7235755718649264,0.9566645473235393,0.8870885969498779,0.7000175472017451,0.7437707025824216,0.7413073135512895,-0.262660361831996,0.6000984418013443,0.8295187512281453,-0.5443224366771217,0.6437921012876887,0.8734180212478236,0.8146933398633248,0.6656477699480682,0.700535619248709,0.6981231328890775
2021-09-30,-0.5602151009612378,0.4515791954935648,0.8388077990764251,-0.6726525433340348,0.7069822630764837,0.9536952400168388,0.8738941638753142,0.6927875391732725,0.7385619070589899,0.7398219575163238,-0.3842871474832443,0.36411046208546954,0.7948006877870847,-0.500764325803513,0.6075583288517108,0.8687331378120401,0.7909716950885929,0.658913022280695,0.6952298302364467,0.6939704534353698
2021-10-31,-0.2290436930220121,0.9515453836073327,0.9550566471885831,-0.7377347363363678,0.6715930713280331,0.9547776244467141,0.857083835218883,0.6885393201178922,0.7362465697003344,0.731766755550876,-0.12693909566292333,0.8789816287628169,0.8803941622800557,-0.5535340131898984,0.5720504713453983,0.8677572044393449,0.7738082900436236,0.6598065865093135,0.6960340181475417,0.6928916988002558
2021-11-30,-0.33794732493500174,-0.10398278157423638,0.8267080049013138,-0.6775629905900973,0.6641532871065591,0.9535915428999713,0.8848732706246356,0.6933592050898736,0.7413624252484241,0.7347942605400624,-0.236314910550542,-0.12294091956246503,0.7777023686801375,-0.5221449006223089,0.5816235622791677,0.872373553868432,0.8110108067374614,0.6565755340111993,0.6993620589015607,0.6909203785879728
2021-12-31,-0.2642026162906541,0.893350867125707,0.7087850588318833,-0.6749149971898519,0.6462579087305677,0.9514141772141248,0.8708178480500789,0.6891034898719136,0.7368756461557092,0.7350081955433937,-0.16022589882462973,0.8067209621966993,0.6734917740627238,-0.5097434694793641,0.5507334124985732,0.8635544671078409,0.7877764252382223,0.6583254667580644,0.6965169745138399,0.6929451886423982
2022-01-31,-0.013082887394460622,0.422274437384418,0.9347141051990296,-0.6117829064837706,0.6406974399179567,0.954895851388489,0.8899047130927563,0.6915623429392942,0.7433060753732771,0.739229576951035,0.04044488475112812,0.34470710597536447,0.8728557705620975,-0.4555208279621269,0.548404829012756,0.8722646738548501,0.8111598474716366,0.6673930426903254,0.708612774688931,0.7050262065808284
2022-02-28,0.06739092760562995,0.8902066770153619,0.38667570806953866,-0.5467441343629662,0.5585290781363246,0.944990855409164,0.8451664215778326,0.7057383987573239,0.7548013845493361,0.752444564222387,0.15137395013547808,0.8429945482495806,0.4213472856286616,-0.37456198950531766,0.43624294900512667,0.8530412277780637,0.7473954441247888,0.6695938312027394,0.7142442493244818,0.7144357062023796
2022-03-31,0.20338729637037897,0.9102390358518521,0.6560232278288485,-0.4393763363502892,0.5313367688221381,0.9408230068232445,0.8124452617617531,0.6722880724493249,0.7327034885497904,0.7259104982402854,0.3092998328647372,0.8028880650819766,0.6808625275709482,-0.2382905878819003,0.3779502562441784,0.8439468823132396,0.6942695079765612,0.6709616792445378,0.7070554718732728,0.7081105488081684
2022-04-30,0.2282459918228039,0.4486882873593152,0.9364873070969,-0.4131387994980984,0.6098653431428656,0.9577884119817281,0.7972272850071482,0.7022915819116202,0.7460211931375895,0.7428981972805597,0.1673309169126237,0.42584979575097587,0.8614153932263491,-0.3662858569490432,0.5641263403021018,0.8778617548978256,0.7450114032267808,0.6787120682429801,0.7142191762334025,0.709284733731343
2022-05-31,0.30711573268882303,0.5854656339109584,0.815479634575845,-0.3265319473271854,0.5440773861185786,0.9527891434561795,0.7127766058720713,0.7258929876385556,0.7717256798998366,0.7681034310562149,0.32398825276816384,0.5720303939593756,0.7787826742885176,-0.21353873175681354,0.43545549387809723,0.8659326308330929,0.6175191367889619,0.6942673374771791,0.7390197248649977,0.733352149708707
2022-06-30,0.4715219217394166,0.7998286840737855,0.8005236709874791,-0.24380276709821713,0.5038792449318454,0.9515156910863843,0.6731150096681539,0.6909614433548478,0.7526983995837132,0.7376692172183753,0.4920468296004869,0.686343132841582,0.7799475339561024,-0.10697899528730016,0.3770978191434886,0.86269836600161,0.5610622467586448,0.6867123709791465,0.727957991126708,0.7223892882029912
2022-07-31,0.4352414741516023,0.6771102286241003,0.9459266373615193,-0.21679578105168126,0.5061497510356108,0.9582424957562363,0.6568488864370063,0.7361950139128388,0.7693481026050313,0.7761919833485353,0.372281473730123,0.6136782505324726,0.8721248010610305,-0.1843389730831066,0.44322305081613084,0.875764614817766,0.595583282518669,0.7173906172110778,0.7470535281080704,0.748811447314198
2022-08-31,0.05426484204948924,-0.4675314378173536,0.4432732048906446,-0.19995715372631603,0.586873378883296,0.9664795211157937,0.6358206118725274,0.7158282031492715,0.7742929220953372,0.7574318784409229,0.016182335472029213,-0.3798407438112487,0.42859475625183496,-0.20005656620684864,0.5481826715982391,0.8905896456253315,0.6035252807619389,0.6740569562477129,0.7356871008028539,0.7100168805433821
2022-09-30,0.08184809709412064,0.9585968865152883,0.9481035369920856,-0.25515394432728605,0.6112726358311753,0.9623042248876181,0.6550194773472673,0.7080560030890586,0.7634106793078854,0.7529871327129092,0.03497189477134113,0.8796284898123182,0.8768075341429168,-0.24718037244195565,0.5663574728403141,0.8784370910686484,0.6140995350280382,0.6879683863549936,0.7299444681445569,0.7215884963019207
2022-10-31,0.32932982816481426,0.6117904803721502,0.8533214175576781,-0.2561525314112522,0.456518889646602,0.9519401562537688,0.5531234529954177,0.6919516130066625,0.7478389845680766,0.7464860595989211,0.41870355611438087,0.6482196970543271,0.8398243576123424,-0.07112409702962644,0.29520017868264753,0.8590465250590203,0.40992267860910736,0.6706208422268684,0.7083378330305189,0.7116160483664989
2022-11-30,0.3591696346284341,-0.2607968138426057,0.9534300985883106,-0.3345230024951575,0.5428868164338073,0.9618222039606503,0.5917218207542405,0.701103664791112,0.7591304799365546,0.753303468816749,0.3223737144856034,-0.23228029064519326,0.8867928202003443,-0.2640127796980398,0.48354356910714347,0.8854247036516278,0.5367019814743933,0.6689729075444049,0.7238494235823336,0.7158383244861917
2022-12-31,0.2843621821005735,0.27271116188239336,0.9438056093439778,-0.3183821412114683,0.6426687327072006,0.9609729999370387,0.6161834461953645,0.6950551548510424,0.74813576623316,0.7406086308007869,0.15422110505587952,0.32237048051586686,0.8632127317416759,-0.35547520130437954,0.6360015630405816,0.8778972181400647,0.6151682540991645,0.6742502517915433,0.7144914872689386,0.7099485517596261
2023-01-31,0.045254654748310426,0.8776432607452282,0.6288126794832024,-0.18193879572190924,0.5551011851962618,0.9566560167755709,0.5238795649940297,0.7104764274209554,0.7628256413338645,0.7554846834773223,0.14733213449396346,0.8402412253501284,0.6381364777804597,-0.05510505074058775,0.42161514397751465,0.8671865062894035,0.4057914478972311,0.674581054375079,0.7158829552171961,0.7118759967617805
2023-02-28,-0.05862798259092906,-0.062336426244595844,-0.16050370531050018,-0.2776958514000741,0.6603882378689655,0.9693027254375411,0.6665836626330875,0.6932288375295047,0.7633096260747164,0.7471924249508578,-0.025653647349429296,-0.07635856676598551,-0.1490708106446094,-0.21139353275769165,0.5854042744993146,0.8929896402745022,0.6060963967772177,0.6562598554561818,0.724217357552043,0.7083663942694967
2023-03-31,-0.1953837075016339,0.9505710458425701,0.8430762379450517,-0.40282739189871863,0.6419786334792165,0.9619591216328478,0.6816559950538352,0.6951099644939238,0.7521861133553449,0.7467276970225518,-0.19061403815146236,0.880689297711358,0.7626524859746673,-0.37274654011938196,0.5961963101974749,0.8797392929175675,0.6388269597427502,0.6707309920667125,0.7179843166569725,0.7113879924292895
2023-04-30,0.05031168384132788,0.49344857444137774,0.7382402768057713,-0.46464206093499805,0.5911165512708045,0.9575520845583573,0.6005668524933025,0.6969127382487877,0.7493968596549135,0.7536717937848724,0.14442073309484166,0.3759882829786641,0.7302166438038038,-0.29355515423615114,0.4695126721661082,0.8736037882784272,0.4922961255207144,0.6768200817231055,0.7149782795395366,0.7219181564453988
2023-05-31,-0.3888349155116655,0.7431467276749991,0.8945107033845084,-0.4936320343810073,0.6378637868716777,0.9595440527622467,0.6615092539621982,0.7162377559184521,0.7603524477955155,0.7585597201959362,-0.2994133165859716,0.6777961150343156,0.8265519461281313,-0.4045984586623791,0.5696563694662551,0.8771487297228397,0.6020680925692901,0.6849844139013064,0.721782469526967,0.7169141438596258
2023-06-30,-0.284481313655157,0.7875457547096354,0.7795071160835596,-0.5827490975727587,0.6661323946589928,0.9628965748508714,0.6624359606933337,0.7105995346081796,0.7574514930042383,0.7533392752670237,-0.24414744141277708,0.7310560044415997,0.726330903299885,-0.49128528549935907,0.6103760439659385,0.8827141823418938,0.6197515494762462,0.677079856489859,0.7173184756841999,0.7132048036378364
2023-07-31,-0.38901874356400273,-0.021529122863822428,0.9499087155900328,-0.6082413763989855,0.692478689427809,0.9614925009924651,0.6665113317915793,0.7140597026555708,0.7551613448128565,0.7546134239934272,-0.34022283940210063,0.008114011988257095,0.8798101421969472,-0.5222025179818243,0.6435999266604056,0.8837193968900834,0.6278242974604343,0.673079168015928,0.7129637253303163,0.7058395343183235
2023-08-31,-0.6180841209845535,0.43711704404801593,0.7884753352169889,-0.6648277980642989,0.6909698123657608,0.9592182592065508,0.6589105696025808,0.7078714007691569,0.7506314207520552,0.747942456252487,-0.4580098210614122,0.37261181990208747,0.736906261167956,-0.5206098113996477,0.6077193477962148,0.8770072181479065,0.5873903706341297,0.6659876679520566,0.7020462671622268,0.696473164889693
2023-09-30,-0.2735698736857558,0.9430077417358337,0.9212187701039684,-0.7099780238895932,0.6748068252743292,0.9607610912359433,0.661346632411951,0.6964437925588444,0.7432071291982433,0.7368789169747191,-0.1841646081208835,0.8641074444512217,0.8428241797126254,-0.5475562225131284,0.5879049344004689,0.8779651695070082,0.5899492771500126,0.6659448870800694,0.7014514495475784,0.6983566240937576
2023-10-31,-0.34795604745659614,0.9325240925334364,0.7204927751078536,-0.6881962361997849,0.6247838047945538,0.9536653955356091,0.642948452640115,0.6949787483361738,0.7417369128741294,0.7407695975308228,-0.1919054982558326,0.8744572282402574,0.7032694810833855,-0.5011691364714383,0.5097562846785629,0.865001118989829,0.5421355007097441,0.6570421769912178,0.6929830786808047,0.6998807191775376
2023-11-30,-0.14698003861803746,0.9505034890180519,0.7397111290595255,-0.6791236322940979,0.5711587898794905,0.9525858747508229,0.6447555388366308,0.6758636357798411,0.7268889451373974,0.7324279722916156,-0.015179472805033277,0.8659196014348624,0.7283330732110249,-0.47830503895700305,0.4466628675518862,0.8628909546577959,0.5346284375448749,0.6555712893732438,0.6907530080260401,0.6992201498214322
2023-12-31,-0.3030485475240092,-0.37297321535305505,0.8590844840995004,-0.6439871946875615,0.6817238665006264,0.9627275595879283,0.7298064632273897,0.6753363519696252,0.7270352486135405,0.7302940697692759,-0.2884714678672291,-0.2866931626397622,0.810523677250551,-0.5608245977623124,0.6426475434072206,0.8853476802849164,0.6945199029849324,0.6302685862023253,0.6815755926923613,0.6779499627145323
2024-01-31,-0.5023340639381788,0.19431707419023328,0.4586472534763923,-0.6394374484205265,0.6792747254447347,0.9613400729237519,0.7791639020949431,0.6905027685968071,0.7420996768837725,0.7329580238797734,-0.40990199257142146,0.18208933488334658,0.4054501874481283,-0.5374375131768605,0.6189049336140539,0.8813487527091189,0.7207861176468299,0.6485696868295067,0.695096696065071,0.6841354286345255
2024-02-29,-0.38834650678648774,0.7332881669235786,0.9230082892348546,-0.6425705260885746,0.6947165672060328,0.959180216332989,0.8259062975752955,0.6867521529968128,0.7379219217247972,0.7373134157841184,-0.2575619142953297,0.6429469289342458,0.8415167290520918,-0.4802117582863761,0.5990755299798147,0.8763007413668021,0.7448877419958727,0.6598953015648336,0.698270047597299,0.6959693856219525
2024-03-31,-0.3226694121451433,0.15322848419186064,0.8183576361165118,-0.6871153820607664,0.7164787622846099,0.9575192506752702,0.8616244394040099,0.7088098046041987,0.751844131045638,0.7490367767478104,-0.24871304877217465,0.12858609420621114,0.7584017012102534,-0.5495990039984191,0.6438703717285276,0.8779945489004682,0.794816387490615,0.6690536715512213,0.7082411613146348,0.7043536902662074
2024-04-30,-0.4813467077652591,0.4777032946029106,0.9424313917959034,-0.6876971345877522,0.7365092485671773,0.9563668563411863,0.8603860651239758,0.6938208428593083,0.7402297536050154,0.7419169308717656,-0.3470020334783832,0.40886140067848825,0.875181507027762,-0.5306089550790023,0.650222925038576,0.8733593946328073,0.785454423992723,0.6603652275926499,0.6978362725556504,0.6959726189113171
2024-05-31,-0.17599533333952977,0.9481873380381027,0.5654053633175119,-0.6634663453259837,0.6613189303620901,0.9479897136651554,0.8241398430128151,0.688097617762826,0.7397751178147465,0.7348890935414258,-0.036870885005822716,0.8815387605911876,0.57906927332327,-0.46582435273112627,0.5354925475477469,0.856098731859792,0.722140252388429,0.6507504728742174,0.6916743649290281,0.6935261821878062
2024-06-30,-0.4363419205534817,0.22507095695685003,0.8308956762647752,-0.6239505349182327,0.705177489511303,0.9510222923868649,0.8613459991739602,0.6703846287262124,0.7282830620959934,0.7237620175810532,-0.27199491702482365,0.1381144930449506,0.7974827429156482,-0.44755056063095394,0.5991032320257349,0.8658444165167037,0.7741210370621262,0.6464407273133236,0.691175050460629,0.6862208139731704
2024-07-31,-0.7262284386320015,0.4904296074091019,0.7829813352538865,-0.6919337892309863,0.7494341003283914,0.9545436780286436,0.8820629270957077,0.6834161038241888,0.7288716516073217,0.7193304046183424,-0.564175060616437,0.46302548916764413,0.7055908516219557,-0.5804566480148569,0.690026023091011,0.87136630761074,0.8225367172652763,0.6465185049603365,0.6840206184613308,0.6707167432332094
2024-08-31,-0.17534717829954927,0.6880016957136644,0.8328774188662964,-0.7498225488439365,0.7700225649865847,0.960717007327682,0.8797330240213878,0.6861389164784423,0.7338654120667699,0.7300312124809746,-0.14548993526261078,0.6305775773498048,0.7684464583746249,-0.6003342843599817,0.6987371623047742,0.8795732683082971,0.8163658267970275,0.6553804321943535,0.6938101458366397,0.6935406892853342
2024-09-30,0.06431278550356423,0.632526527110885,0.9251556645884514,-0.73606490935634,0.7436050525523793,0.9575975613965894,0.8650830048426889,0.698314381036205,0.7408367123393788,0.7452221091699581,0.06722891883334063,0.5669656515876045,0.8561458830353758,-0.5751286396907022,0.6654008039600342,0.8754171470551678,0.7945294195967966,0.6680924742308828,0.7019528991774467,0.7106308374270939
2024-10-31,-0.2347464871747679,0.6102646460300053,0.9527147959284717,-0.6296234449145196,0.748325786134601,0.9568111126115413,0.8555460859082815,0.6994432765767995,0.7436795459400947,0.753212022162697,-0.13931508199630618,0.5235758588442552,0.883083908142166,-0.4698709752559434,0.6535391873194469,0.8734971861749277,0.7744421247527054,0.6728637177280898,0.7064848576640113,0.7126225343827526
2024-11-30,-0.3408359081379642,0.8549549394933356,0.8585499009894135,-0.4960661269996359,0.7283503899917138,0.9514505072683186,0.863270214926424,0.6990445560718954,0.7450920070716507,0.7460442184114959,-0.19563516906836553,0.7574280937661895,0.8134236605393956,-0.3462233781286296,0.619392388674095,0.8626703867800576,0.7731321007632035,0.6712584262082941,0.7055613478149363,0.7054248328454036
2024-12-31,-0.2857150165843199,-0.1115718236858511,0.42307536122019795,-0.5216108565356693,0.7286784930359005,0.947792513700539,0.8813061469202739,0.7001519482644505,0.7466874796142773,0.7447898284111627,-0.15029885001232957,-0.1697070406851786,0.44332747605167233,-0.3603528328365836,0.6219549324008381,0.8615897948190397,0.7942933037744365,0.6662871586580997,0.706225180435058,0.7032448693370724
2025-01-31,-0.1486400577406591,0.9495369231378504,0.9517060593750325,-0.6132325978879961,0.7264822001198771,0.9510069930550342,0.8906446122880471,0.6950242323558657,0.7433086436804959,0.7380212825217309,-0.0558740877112436,0.8666071682852521,0.8797117585411396,-0.4488304598229591,0.6223936367941523,0.8622024278367715,0.8059168761050133,0.6714005032127122,0.7077932974155641,0.7029826482308423
2025-02-28,-0.21816706513399298,0.48240527764122704,0.8985484850163908,-0.6245574728899171,0.7603458291829998,0.9586343577961757,0.9117113158223306,0.6982853261132828,0.7518107602685141,0.7392935329725471,-0.1682913678944021,0.43476447403943497,0.8291067856153528,-0.5028036358728661,0.6874277825183209,0.8788166666414489,0.8453107295172745,0.6687590246375158,0.7139722377478358,0.7016956185010107
2025-03-31,-0.2899953087985272,0.9429358316390691,0.8423798741480764,-0.6091559044686844,0.7587025135874436,0.9590993379619156,0.9135521498715456,0.6979263571046962,0.7425531333645684,0.744324627231206,-0.2319824411262053,0.8690563497468023,0.7745379019031141,-0.49773729718521115,0.687548870331682,0.8754873323448943,0.8463824514255659,0.671416363501795,0.7047417206764687,0.7063329921750717
2025-04-30,0.1888642189052289,0.8839777858083289,0.632565997600999,-0.5470323230467589,0.6312241792295068,0.9421889117082878,0.8433747443369388,0.6798020263804501,0.7328269262013074,0.7362721549596913,0.3001069685285987,0.8503169929154758,0.6636778502963392,-0.3253648690184041,0.4781485045360664,0.8447048508291327,0.7272069187084794,0.6505591079833805,0.6878936345379653,0.7006827505493852
2025-05-31,0.7447606442380422,0.8554626170977037,0.9088262289199404,-0.5131172613281131,0.6697660106067503,0.9548410949092568,0.8541652145874509,0.666910992748334,0.7260980810545036,0.7293620427648541,0.676047303502966,0.7633322532702328,0.8235448246238096,-0.369108327822067,0.5723427847096038,0.8704151071504443,0.7695324604439007,0.65640334478253,0.7005266440083991,0.7100880870596978
2025-06-30,-0.07870509105134829,-0.005196742563683197,0.3033446407403584,-0.29603066370158504,0.7102862291381041,0.9582661134257003,0.8485195180810882,0.7169817963914501,0.762474645643534,0.7569597889544587,-0.08324840233748207,0.008542958542305882,0.2629544631033894,-0.27306071707504503,0.6531961656755942,0.8804745401630482,0.7895603508796109,0.6894743989053377,0.7333493264553949,0.7223045114189642
2025-07-31,-0.4232596066948617,0.13515212750639796,0.24225882414354843,-0.1801710252420941,0.6948820944966567,0.9484992006062751,0.8551319981559897,0.6967850916594256,0.7415446820443328,0.7422356992367718,-0.2307257974479537,0.0260421229082963,0.3050406567477272,-0.045906718679296965,0.5678023109223215,0.856152888821685,0.7541930268657373,0.6681311854060289,0.7038910467318139,0.6978640448261432
2025-08-31,-0.6917689848045311,0.5520977737270041,0.31560678022082816,-0.33813539116061914,0.7138857783596579,0.9487277492748927,0.8746614865503244,0.722138315564252,0.7710721548088242,0.7477907452114658,-0.4755248345283277,0.4597916230526578,0.33392423139025396,-0.23022328513044982,0.6115123373099991,0.8601245185603337,0.7905884135540824,0.6873591537509536,0.7287778826316851,0.7045019639684078
2025-09-30,-0.33180287714517837,0.599010646066127,0.9549868489737802,-0.702756050148284,0.7473003039560911,0.9564265920006464,0.8958244690506615,0.6975854878569331,0.7490552826332265,0.7336312415161871,-0.2505859106693745,0.539800726060813,0.8829388765040601,-0.5584699149877983,0.6710252017505158,0.874529515814665,0.8281303164275419,0.6638023842950999,0.7074472708854777,0.6942697622393733
2025-10-31,-0.6547234799355716,0.3967214075609879,0.7333675641156583,-0.7546737901746023,0.7523545672501202,0.9539694472659621,0.9072581760854175,0.6993244183563863,0.7447326621823522,0.7339736693278986,-0.5006551746002333,0.3583676045251709,0.6706843652590396,-0.6098017557395502,0.6808864524233628,0.8719842528690794,0.8410618333675125,0.6574395154845493,0.6976552929001182,0.6862835795976986
2025-11-30,-0.1815448927154867,0.5532133583043982,-0.19475859988654823,-0.772444725128176,0.7268272032471828,0.9499937648289577,0.8934085002198816,0.6831914500233519,0.7297552570256759,0.72908856940991,-0.0665805576716023,0.44708736600008786,-0.10374556079059034,-0.5785695636946452,0.6142944399312318,0.8613902932587045,0.8042216949214382,0.6416841525703095,0.6798522430352592,0.6861596051277539
2025-12-31,-0.14973260887622997,0.7857853224082554,0.93623521581036,-0.6732029112799112,0.7275206463498143,0.9516085499283016,0.8978628068433638,0.6758745229802539,0.7272591523121152,0.727458379139295,-0.04506411811341872,0.6848562739619284,0.8737647275919773,-0.4879902023151284,0.6184751403063559,0.8641738672792556,0.8117627865715016,0.6543335595041602,0.691891035807094,0.6933847026973734
2026-01-31,-0.5251801817892506,0.8216310765183603,0.9504607223030215,-0.6630959900246107,0.7538464710714501,0.9541316672968041,0.9123590029494486,0.6956724878061662,0.7432686611827464,0.739081030225776,-0.3875976143678767,0.749224978748612,0.876817629360376,-0.5261008423845843,0.6747247151076912,0.8703232262898755,0.8421655811054172,0.6659802883020658,0.7035692796322988,0.6970121204646169
2026-02-28,-0.4450235561040556,0.6855461775573503,0.926109684025994,-0.6329878033978437,0.7412303309464888,0.9534948289968016,0.9248912859533701,0.6941167649078065,0.7387370344516674,0.7357749437246844,-0.31637321913230276,0.6080132681099724,0.8597348727012764,-0.4887350627360393,0.6544364626997934,0.8686933645929962,0.8500370566809559,0.6645331887450441,0.6990211899442076,0.6946754560132227
2026-03-31,-0.2496867489604902,0.8517494744384256,0.03572916133466056,-0.6538838930979789,0.6770682345476606,0.9431380925863088,0.910106611497243,0.6870886713797549,0.7346883154628224,0.7329599171603344,-0.08936517331622118,0.7436044487241411,0.12512701965903017,-0.455971226506529,0.5496085613034674,0.8494537292230943,0.8179424193705327,0.6510633886962802,0.6884306063624215,0.6930898865718327
2026-04-30,0.09779370965742154,0.9345018045755763,0.9531595154961217,-0.671755411613696,0.6405294881298692,0.945696603855393,0.8922000630927186,0.675128646730646,0.7281273191160892,0.7252478232558782,0.18799636236275122,0.872575285667116,0.8822878255172416,-0.4601295357790027,0.5092733463322952,0.8519712653674064,0.7966386049684681,0.6620926742539303,0.6986812719363679,0.697477101022539
2026-05-31,-0.21237401170088774,-0.5642090403751726,0.8551028109657351,-0.5824261772911326,0.6831661198118509,0.9524396316534213,0.9019725337537446,0.7021835703044369,0.7502298730944997,0.7364950788016335,-0.16210280669972824,-0.4911189833787976,0.7948587290778852,-0.4683826196873115,0.6161404071950234,0.8741263043671185,0.8356289408062824,0.6636907052646385,0.711395164405798,0.6903050772581946
2026-06-30,-0.43188460883196117,0.1468011056941668,0.07992697877690703,-0.5275318349392016,0.6921100493706992,0.9511566535220942,0.9213635980966418,0.6965023365717115,0.7438995621365633,0.7349816120411709,-0.31093775809942514,0.10011843778653874,0.10113502853707586,-0.41055176511804076,0.6067750158738126,0.8663912330305973,0.8462464755557758,0.6576315298520053,0.700299843663773,0.6888443106800123
2026-07-31,-0.0027690799283068236,0.8575582872360514,0.9455440309892363,-0.5508704939713867,0.6603757719948391,0.9521610570705157,0.9282349546134445,0.6894538669130268,0.742153081807243,0.7354999819904902,0.07575679053756668,0.7580603226122616,0.8795803607885037,-0.38430408063861476,0.5472832345656705,0.8648297160508612,0.8444899307308248,0.6700685261855711,0.7082716458679416,0.7025051599837041
2026-08-31,-0.30671040005614486,0.8535709508562995,-0.189266947759749,-0.6021406385049609,0.7164501154181379,0.9635689927524246,0.9585894027776699,0.7033645247369716,0.7538897105475676,0.7438544682872014,-0.2475020416250678,0.7926960353760429,-0.14785546569293076,-0.5057884893840053,0.6527060738391915,0.8828957840759052,0.8934411007136612,0.665964765028025,0.7094904284131515,0.7035950850525977
