model,target_month,steps,virtual_node,qubit,exact_z,trotter_z,absolute_error
QR1,2018-01-31,1,1,0,-0.6054505762018435,-0.6141296139363482,0.008679037734504735
QR1,2018-01-31,1,1,1,0.6364532159082,0.5975855932546228,0.03886762265357724
QR1,2018-01-31,1,1,2,0.8208839540731341,0.7580752089846221,0.06280874508851197
QR1,2018-01-31,1,1,3,0.8546087437718775,0.7486747805670988,0.10593396320477866
QR1,2018-01-31,1,1,4,-0.7318757473265269,-0.7533349038292643,0.02145915650273733
QR1,2018-01-31,1,1,5,0.8226612536840209,0.7636263736159457,0.059034880068075224
QR1,2018-01-31,1,1,6,0.8171027925870497,0.7602074712833131,0.056895321303736535
QR1,2018-01-31,1,1,7,0.6947048837269479,0.5157273939097934,0.17897748981715456
QR1,2018-01-31,1,1,8,0.7253595207664513,0.5974392273338931,0.12792029343255817
QR1,2018-01-31,1,1,9,0.6512220827102674,0.573190772378593,0.07803131033167443
QR1,2018-10-31,1,1,0,-0.611210196540209,-0.6257828319077082,0.014572635367499198
QR1,2018-10-31,1,1,1,0.7277719938492452,0.6824951802341758,0.04527681361506941
QR1,2018-10-31,1,1,2,0.8273785551481843,0.7665779336334864,0.060800621514697895
QR1,2018-10-31,1,1,3,0.8562219308833114,0.7536247895747665,0.10259714130854491
QR1,2018-10-31,1,1,4,-0.6565115464972411,-0.6614978665715565,0.004986320074315431
QR1,2018-10-31,1,1,5,0.8577570468958355,0.8019652270971334,0.05579181979870218
QR1,2018-10-31,1,1,6,0.729122519824096,0.6805917901359346,0.04853072968816141
QR1,2018-10-31,1,1,7,0.7038486004098179,0.5447183378080255,0.15913026260179242
QR1,2018-10-31,1,1,8,0.7356171057722805,0.6253894271499132,0.11022767862236726
QR1,2018-10-31,1,1,9,0.6664224935414531,0.6177493152956168,0.04867317824583628
QR1,2019-08-31,1,1,0,-0.4757990257574813,-0.425433972219386,0.050365053538095284
QR1,2019-08-31,1,1,1,0.65659347863906,0.6052102977873286,0.051383180851731436
QR1,2019-08-31,1,1,2,0.834622186669942,0.7588643688955716,0.0757578177743704
QR1,2019-08-31,1,1,3,0.8546008100219219,0.7592165784494009,0.09538423157252096
QR1,2019-08-31,1,1,4,-0.6184671485280361,-0.6025918015023635,0.015875347025672615
QR1,2019-08-31,1,1,5,0.8512951079246601,0.8238198646890511,0.027475243235609015
QR1,2019-08-31,1,1,6,0.7043106670167318,0.6466141181357665,0.057696548880965315
QR1,2019-08-31,1,1,7,0.6964898628025432,0.5199943830128033,0.1764954797897399
QR1,2019-08-31,1,1,8,0.7299200338524915,0.6075879059642328,0.12233212788825865
QR1,2019-08-31,1,1,9,0.6742634051741335,0.6231279614441023,0.051135443730031205
QR1,2020-05-31,1,1,0,0.5618069623368032,0.530352256503012,0.031454705833791174
QR1,2020-05-31,1,1,1,-0.7528608985220272,-0.7796953786087777,0.02683448008675049
QR1,2020-05-31,1,1,2,0.7800172741709555,0.7335237531778711,0.04649352099308435
QR1,2020-05-31,1,1,3,0.7767209506595685,0.7136173696432753,0.06310358101629321
QR1,2020-05-31,1,1,4,-0.13192820620209195,-0.09935512333634978,0.03257308286574216
QR1,2020-05-31,1,1,5,-0.7951742676743857,-0.8423457366149079,0.047171468940522154
QR1,2020-05-31,1,1,6,0.1307198947305684,0.12624694339122194,0.004472951339346443
QR1,2020-05-31,1,1,7,0.6752827806320782,0.5187510224201866,0.1565317582118917
QR1,2020-05-31,1,1,8,0.7252475714733198,0.5960433532493601,0.12920421822395967
QR1,2020-05-31,1,1,9,0.7142161708491279,0.6634322387938336,0.0507839320552943
QR1,2021-02-28,1,1,0,0.04360656165693943,-0.04574705878271133,0.08935362043965075
QR1,2021-02-28,1,1,1,0.6723285006205253,0.6691261959751212,0.0032023046454040527
QR1,2021-02-28,1,1,2,0.8398141123052892,0.8055468102666772,0.03426730203861206
QR1,2021-02-28,1,1,3,0.8458317448319573,0.7504035337430417,0.09542821108891564
QR1,2021-02-28,1,1,4,-0.36251694161744447,-0.4593705729521472,0.09685363133470276
QR1,2021-02-28,1,1,5,0.8610147082122529,0.7836737510218917,0.07734095719036116
QR1,2021-02-28,1,1,6,0.7291905756407829,0.7257022796939809,0.0034882959468020003
QR1,2021-02-28,1,1,7,0.7172966973697484,0.5572835618575073,0.16001313551224117
QR1,2021-02-28,1,1,8,0.7475702962468392,0.6381442050883352,0.10942609115850399
QR1,2021-02-28,1,1,9,0.7095410518901327,0.7120346140650737,0.002493562174941011
QR1,2021-12-31,1,1,0,-0.09357022852391023,-0.18454623221467809,0.09097600369076786
QR1,2021-12-31,1,1,1,0.790632213954191,0.7478393357979495,0.042792878156241554
QR1,2021-12-31,1,1,2,0.859159873940296,0.8035912675264348,0.05556860641386119
QR1,2021-12-31,1,1,3,0.8430278264289669,0.7450125783670852,0.09801524806188167
QR1,2021-12-31,1,1,4,-0.47224757472494566,-0.5697140717314648,0.09746649700651916
QR1,2021-12-31,1,1,5,0.7085688363817327,0.5928287165049457,0.115740119876787
QR1,2021-12-31,1,1,6,0.7794501706376044,0.7435209182046444,0.03592925243295997
QR1,2021-12-31,1,1,7,0.7110985816797114,0.5324588637398756,0.1786397179398358
QR1,2021-12-31,1,1,8,0.7427579256217632,0.6155014905293307,0.12725643509243256
QR1,2021-12-31,1,1,9,0.6959216090915609,0.66734446700038,0.028577142091180896
QR1,2022-09-30,1,1,0,0.1012367886131665,0.11189991076433936,0.010663122151172863
QR1,2022-09-30,1,1,1,0.8811210738530469,0.8499002201482184,0.031220853704828522
QR1,2022-09-30,1,1,2,0.8592438453776495,0.8151259920977909,0.04411785327985862
QR1,2022-09-30,1,1,3,0.8523108597548726,0.7804223987588506,0.07188846099602209
QR1,2022-09-30,1,1,4,-0.1691804372558808,-0.17771327792429248,0.008532840668411673
QR1,2022-09-30,1,1,5,0.8507624532389568,0.8296942876902167,0.021068165548740136
QR1,2022-09-30,1,1,6,0.5993089964073892,0.5893390259337171,0.009969970473672096
QR1,2022-09-30,1,1,7,0.712623327521994,0.5446835158982162,0.1679398116237778
QR1,2022-09-30,1,1,8,0.7491798962104494,0.6329394084569018,0.11624048775354767
QR1,2022-09-30,1,1,9,0.7236213947417678,0.7013215025995116,0.02229989214225614
QR1,2023-07-31,1,1,0,-0.2873404674145507,-0.2515298407817696,0.03581062663278112
QR1,2023-07-31,1,1,1,-0.04270361187186305,-0.027193758237101157,0.015509853634761893
QR1,2023-07-31,1,1,2,0.8686067258160656,0.8050798257032614,0.06352690011280415
QR1,2023-07-31,1,1,3,0.8619317862318622,0.7703190151916668,0.09161277104019538
QR1,2023-07-31,1,1,4,-0.502021721906585,-0.4971397672943667,0.004881954612218298
QR1,2023-07-31,1,1,5,0.8770869039044571,0.8404191541629,0.036667749741557065
QR1,2023-07-31,1,1,6,0.6195523254809451,0.5889019654424462,0.03065036003849886
QR1,2023-07-31,1,1,7,0.7165520046105411,0.5767749338575021,0.13977707075303902
QR1,2023-07-31,1,1,8,0.7527679335249648,0.6486117984728619,0.10415613505210297
QR1,2023-07-31,1,1,9,0.7056310240859298,0.7059208385406355,0.00028981445470566136
QR1,2024-04-30,1,1,0,-0.31167453770568493,-0.3565403361388869,0.04486579843320199
QR1,2024-04-30,1,1,1,0.3824968850441656,0.41346657212430266,0.03096968708013703
QR1,2024-04-30,1,1,2,0.8680837877730625,0.8203809381747825,0.04770284959827997
QR1,2024-04-30,1,1,3,0.8537258205428027,0.7545702938460123,0.0991555266967904
QR1,2024-04-30,1,1,4,-0.5314853303406921,-0.5912847817971737,0.05979945145648158
QR1,2024-04-30,1,1,5,0.8654009835010814,0.7872164261850708,0.0781845573160106
QR1,2024-04-30,1,1,6,0.7796891983103611,0.7561375175118975,0.023551680798463592
QR1,2024-04-30,1,1,7,0.7104271910854258,0.5512874827917252,0.1591397082937006
QR1,2024-04-30,1,1,8,0.7430746961136241,0.6290589736592923,0.11401572245433178
QR1,2024-04-30,1,1,9,0.6926284535900102,0.6841472815496396,0.008481172040370688
QR1,2025-01-31,1,1,0,-0.00857999953475298,-0.11538227258352983,0.10680227304877685
QR1,2025-01-31,1,1,1,0.8537076275060644,0.773354392163437,0.0803532353426274
QR1,2025-01-31,1,1,2,0.8577999023955212,0.7968336764571755,0.060966225938345664
QR1,2025-01-31,1,1,3,0.8351970965943658,0.7286646892177401,0.10653240737662573
QR1,2025-01-31,1,1,4,-0.4074789388292893,-0.5191987918821921,0.11171985305290277
QR1,2025-01-31,1,1,5,0.8541502575236637,0.7410578532511738,0.1130924042724899
QR1,2025-01-31,1,1,6,0.7956005651484503,0.7522913130760824,0.04330925207236791
QR1,2025-01-31,1,1,7,0.7164893519225899,0.5389318501876798,0.17755750173491014
QR1,2025-01-31,1,1,8,0.7454761460404189,0.6153414635200117,0.13013468252040716
QR1,2025-01-31,1,1,9,0.7077254652450038,0.6952765668883755,0.012448898356628324
QR1,2025-11-30,1,1,0,-0.027163639726853216,-0.12071593455779452,0.0935522948309413
QR1,2025-11-30,1,1,1,0.4504714249323345,0.4838617185726902,0.03339029364035573
QR1,2025-11-30,1,1,2,0.8727447435104936,0.818681382086501,0.054063361423992595
QR1,2025-11-30,1,1,3,0.8495997753649395,0.7354949520273611,0.11410482333757832
QR1,2025-11-30,1,1,4,-0.5853316368923072,-0.6589356627491816,0.07360402585687442
QR1,2025-11-30,1,1,5,-0.03468600804148417,-0.13865115946261838,0.10396515142113422
QR1,2025-11-30,1,1,6,0.8057208518501844,0.7668359592646886,0.03888489258549577
QR1,2025-11-30,1,1,7,0.7032559616181515,0.5383994298322319,0.16485653178591964
QR1,2025-11-30,1,1,8,0.738032792021267,0.624243592738246,0.113789199283021
QR1,2025-11-30,1,1,9,0.6823544375575084,0.6611100374655842,0.021244400091924187
QR1,2026-08-31,1,1,0,-0.2483941950368177,-0.24232879871093288,0.00606539632588482
QR1,2026-08-31,1,1,1,0.7413884531721846,0.6932386228815954,0.04814983029058917
QR1,2026-08-31,1,1,2,0.886352677329487,0.843859396054357,0.04249328127512997
QR1,2026-08-31,1,1,3,0.8548774454415662,0.7394531655529168,0.11542427988864934
QR1,2026-08-31,1,1,4,-0.48673336264428846,-0.5215741868065045,0.03484082416221601
QR1,2026-08-31,1,1,5,-0.27495033802928714,-0.15098250287375656,0.12396783515553059
QR1,2026-08-31,1,1,6,0.8875994348184635,0.8462509517680121,0.04134848305045136
QR1,2026-08-31,1,1,7,0.7174293584097717,0.5245980270595587,0.19283133135021302
QR1,2026-08-31,1,1,8,0.7505299044610305,0.6216782622699606,0.12885164219106993
QR1,2026-08-31,1,1,9,0.715507250246715,0.6918830169876693,0.023624233259045724
QR1,2018-01-31,2,1,0,-0.6054505762018435,-0.6174283182311441,0.011977742029300575
QR1,2018-01-31,2,1,1,0.6364532159082,0.6351396886038014,0.0013135273043985984
QR1,2018-01-31,2,1,2,0.8208839540731341,0.817804840173628,0.003079113899506103
QR1,2018-01-31,2,1,3,0.8546087437718775,0.8447155352493889,0.009893208522488539
QR1,2018-01-31,2,1,4,-0.7318757473265269,-0.7463063793085212,0.014430631981994235
QR1,2018-01-31,2,1,5,0.8226612536840209,0.8207600385743901,0.001901215109630816
QR1,2018-01-31,2,1,6,0.8171027925870497,0.8155560834885407,0.0015467090985089582
QR1,2018-01-31,2,1,7,0.6947048837269479,0.6916605391163979,0.0030443446105500316
QR1,2018-01-31,2,1,8,0.7253595207664513,0.7261738983955046,0.0008143776290533422
QR1,2018-01-31,2,1,9,0.6512220827102674,0.6591664672599493,0.007944384549681938
QR1,2018-10-31,2,1,0,-0.611210196540209,-0.6260593134012414,0.014849116861032408
QR1,2018-10-31,2,1,1,0.7277719938492452,0.7285460714019457,0.0007740775527005361
QR1,2018-10-31,2,1,2,0.8273785551481843,0.8262886291764288,0.001089925971755501
QR1,2018-10-31,2,1,3,0.8562219308833114,0.8487836651941295,0.007438265689181933
QR1,2018-10-31,2,1,4,-0.6565115464972411,-0.669465760460231,0.012954213962989902
QR1,2018-10-31,2,1,5,0.8577570468958355,0.8585944761690296,0.0008374292731940791
QR1,2018-10-31,2,1,6,0.729122519824096,0.728704386682848,0.000418133141248056
QR1,2018-10-31,2,1,7,0.7038486004098179,0.7127758702520788,0.008927269842260888
QR1,2018-10-31,2,1,8,0.7356171057722805,0.7484112670411842,0.012794161268903759
QR1,2018-10-31,2,1,9,0.6664224935414531,0.6901253018864628,0.023702808345009707
QR1,2019-08-31,2,1,0,-0.4757990257574813,-0.4864744790724587,0.010675453314977434
QR1,2019-08-31,2,1,1,0.65659347863906,0.6598753438275029,0.0032818651884428673
QR1,2019-08-31,2,1,2,0.834622186669942,0.8347104679682542,8.828129831217613e-05
QR1,2019-08-31,2,1,3,0.8546008100219219,0.8504135756576072,0.004187234364314674
QR1,2019-08-31,2,1,4,-0.6184671485280361,-0.6340069655972072,0.015539817069171069
QR1,2019-08-31,2,1,5,0.8512951079246601,0.8629315640131805,0.011636456088520375
QR1,2019-08-31,2,1,6,0.7043106670167318,0.7054023144048882,0.0010916473881563693
QR1,2019-08-31,2,1,7,0.6964898628025432,0.6964474818313313,4.238097121189721e-05
QR1,2019-08-31,2,1,8,0.7299200338524915,0.7349909471669689,0.005070913314477399
QR1,2019-08-31,2,1,9,0.6742634051741335,0.699570203625907,0.025306798451773527
QR1,2020-05-31,2,1,0,0.5618069623368032,0.5620008635530997,0.00019390121629658807
QR1,2020-05-31,2,1,1,-0.7528608985220272,-0.7702982470037822,0.017437348481755044
QR1,2020-05-31,2,1,2,0.7800172741709555,0.7853978855283967,0.005380611357441278
QR1,2020-05-31,2,1,3,0.7767209506595685,0.7776845899722868,0.0009636393127183673
QR1,2020-05-31,2,1,4,-0.13192820620209195,-0.1314616250342628,0.00046658116782913317
QR1,2020-05-31,2,1,5,-0.7951742676743857,-0.8192555164954671,0.024081248821081425
QR1,2020-05-31,2,1,6,0.1307198947305684,0.12410904951264211,0.006610845217926278
QR1,2020-05-31,2,1,7,0.6752827806320782,0.6769199706148532,0.0016371899827749559
QR1,2020-05-31,2,1,8,0.7252475714733198,0.7265668170346757,0.0013192455613559861
QR1,2020-05-31,2,1,9,0.7142161708491279,0.7526476330718181,0.03843146222269023
QR1,2021-02-28,2,1,0,0.04360656165693943,0.036545914967468826,0.007060646689470602
QR1,2021-02-28,2,1,1,0.6723285006205253,0.662747599247654,0.009580901372871264
QR1,2021-02-28,2,1,2,0.8398141123052892,0.8394165573888206,0.0003975549164686454
QR1,2021-02-28,2,1,3,0.8458317448319573,0.8375443941982967,0.008287350633660595
QR1,2021-02-28,2,1,4,-0.36251694161744447,-0.379416631782309,0.016899690164864534
QR1,2021-02-28,2,1,5,0.8610147082122529,0.852909020639208,0.008105687573044862
QR1,2021-02-28,2,1,6,0.7291905756407829,0.7247332662488926,0.004457309391890374
QR1,2021-02-28,2,1,7,0.7172966973697484,0.7251415065167872,0.007844809147038778
QR1,2021-02-28,2,1,8,0.7475702962468392,0.7612946858024299,0.013724389555590633
QR1,2021-02-28,2,1,9,0.7095410518901327,0.7549997061799887,0.04545865428985596
QR1,2021-12-31,2,1,0,-0.09357022852391023,-0.09364378261403133,7.355409012110847e-05
QR1,2021-12-31,2,1,1,0.790632213954191,0.7751434760373039,0.015488737916887096
QR1,2021-12-31,2,1,2,0.859159873940296,0.8484704032775039,0.010689470662792133
QR1,2021-12-31,2,1,3,0.8430278264289669,0.8290348467340827,0.013992979694884222
QR1,2021-12-31,2,1,4,-0.47224757472494566,-0.4802582721495336,0.008010697424587931
QR1,2021-12-31,2,1,5,0.7085688363817327,0.7030356347071274,0.005533201674605359
QR1,2021-12-31,2,1,6,0.7794501706376044,0.7606756401789629,0.018774530458641414
QR1,2021-12-31,2,1,7,0.7110985816797114,0.71172231443999,0.0006237327602786058
QR1,2021-12-31,2,1,8,0.7427579256217632,0.7498472327690389,0.007089307147275625
QR1,2021-12-31,2,1,9,0.6959216090915609,0.7275850848960679,0.03166347580450701
QR1,2022-09-30,2,1,0,0.1012367886131665,0.10093350399663235,0.00030328461653414407
QR1,2022-09-30,2,1,1,0.8811210738530469,0.8925224762773764,0.01140140242432941
QR1,2022-09-30,2,1,2,0.8592438453776495,0.864817849132543,0.005574003754893475
QR1,2022-09-30,2,1,3,0.8523108597548726,0.8571348965276787,0.004824036772806073
QR1,2022-09-30,2,1,4,-0.1691804372558808,-0.175647058892983,0.006466621637102182
QR1,2022-09-30,2,1,5,0.8507624532389568,0.8615308491224516,0.010768395883494764
QR1,2022-09-30,2,1,6,0.5993089964073892,0.5962839240649277,0.003025072342461521
QR1,2022-09-30,2,1,7,0.712623327521994,0.719263060799729,0.006639733277735038
QR1,2022-09-30,2,1,8,0.7491798962104494,0.7644246115683198,0.015244715357870309
QR1,2022-09-30,2,1,9,0.7236213947417678,0.7708407901996392,0.04721939545787146
QR1,2023-07-31,2,1,0,-0.2873404674145507,-0.2995223962141127,0.01218192879956198
QR1,2023-07-31,2,1,1,-0.04270361187186305,-0.04450224141129887,0.0017986295394358184
QR1,2023-07-31,2,1,2,0.8686067258160656,0.8733493063809831,0.004742580564917498
QR1,2023-07-31,2,1,3,0.8619317862318622,0.8622826284510445,0.0003508422191823568
QR1,2023-07-31,2,1,4,-0.502021721906585,-0.5183892080327168,0.016367486126131814
QR1,2023-07-31,2,1,5,0.8770869039044571,0.8888389219576915,0.011752018053234448
QR1,2023-07-31,2,1,6,0.6195523254809451,0.6244578451394416,0.004905519658496504
QR1,2023-07-31,2,1,7,0.7165520046105411,0.7392685321002548,0.022716527489713645
QR1,2023-07-31,2,1,8,0.7527679335249648,0.7749400115175797,0.02217207799261489
QR1,2023-07-31,2,1,9,0.7056310240859298,0.7581288576897782,0.05249783360384841
QR1,2024-04-30,2,1,0,-0.31167453770568493,-0.32335112174835734,0.011676584042672411
QR1,2024-04-30,2,1,1,0.3824968850441656,0.3752959473067005,0.007200937737465107
QR1,2024-04-30,2,1,2,0.8680837877730625,0.8688748047977305,0.0007910170246679948
QR1,2024-04-30,2,1,3,0.8537258205428027,0.8462019517308451,0.007523868811957546
QR1,2024-04-30,2,1,4,-0.5314853303406921,-0.5485686489075955,0.01708331856690337
QR1,2024-04-30,2,1,5,0.8654009835010814,0.8609625303150125,0.004438453186068947
QR1,2024-04-30,2,1,6,0.7796891983103611,0.7786534378549211,0.0010357604554399602
QR1,2024-04-30,2,1,7,0.7104271910854258,0.7195417830770631,0.009114591991637222
QR1,2024-04-30,2,1,8,0.7430746961136241,0.7554278257363017,0.01235312962267765
QR1,2024-04-30,2,1,9,0.6926284535900102,0.7332447639956855,0.04061631040567526
QR1,2025-01-31,2,1,0,-0.00857999953475298,-0.009432660298421923,0.0008526607636689439
QR1,2025-01-31,2,1,1,0.8537076275060644,0.8334927894098804,0.020214838096184073
QR1,2025-01-31,2,1,2,0.8577999023955212,0.8436123234278887,0.014187578967632453
QR1,2025-01-31,2,1,3,0.8351970965943658,0.8146484211404692,0.020548675453896603
QR1,2025-01-31,2,1,4,-0.4074789388292893,-0.41332165789649494,0.005842719067205626
QR1,2025-01-31,2,1,5,0.8541502575236637,0.8296037622798473,0.024546495243816358
QR1,2025-01-31,2,1,6,0.7956005651484503,0.7731199027768223,0.022480662371628046
QR1,2025-01-31,2,1,7,0.7164893519225899,0.7193832938955276,0.002893941972937686
QR1,2025-01-31,2,1,8,0.7454761460404189,0.752414535072204,0.006938389031785119
QR1,2025-01-31,2,1,9,0.7077254652450038,0.7474199039289817,0.03969443868397793
QR1,2025-11-30,2,1,0,-0.027163639726853216,-0.025719716757194727,0.0014439229696584892
QR1,2025-11-30,2,1,1,0.4504714249323345,0.43291188605444275,0.017559538877891745
QR1,2025-11-30,2,1,2,0.8727447435104936,0.8666220310644224,0.00612271244607121
QR1,2025-11-30,2,1,3,0.8495997753649395,0.8325138031454165,0.017085972219523016
QR1,2025-11-30,2,1,4,-0.5853316368923072,-0.5914461749705373,0.006114538078230147
QR1,2025-11-30,2,1,5,-0.03468600804148417,-0.033211881190219096,0.0014741268512650715
QR1,2025-11-30,2,1,6,0.8057208518501844,0.7910944749793498,0.014626376870834568
QR1,2025-11-30,2,1,7,0.7032559616181515,0.7060836599547429,0.0028276983365913555
QR1,2025-11-30,2,1,8,0.738032792021267,0.7472099970575312,0.00917720503626418
QR1,2025-11-30,2,1,9,0.6823544375575084,0.7113245315469909,0.02897009398948258
QR1,2026-08-31,2,1,0,-0.2483941950368177,-0.2666912006590891,0.01829700562227138
QR1,2026-08-31,2,1,1,0.7413884531721846,0.7249301321387897,0.01645832103339495
QR1,2026-08-31,2,1,2,0.886352677329487,0.8937947043276683,0.007442026998181306
QR1,2026-08-31,2,1,3,0.8548774454415662,0.8397239007538406,0.015153544687725562
QR1,2026-08-31,2,1,4,-0.48673336264428846,-0.5048401644660956,0.018106801821807128
QR1,2026-08-31,2,1,5,-0.27495033802928714,-0.2767067821587166,0.0017564441294294353
QR1,2026-08-31,2,1,6,0.8875994348184635,0.8927194919657905,0.005120057147326995
QR1,2026-08-31,2,1,7,0.7174293584097717,0.7138697926439334,0.0035595657658383795
QR1,2026-08-31,2,1,8,0.7505299044610305,0.7568906815591968,0.0063607770981662926
QR1,2026-08-31,2,1,9,0.715507250246715,0.7552193736831051,0.03971212343639008
QR1,2018-01-31,4,1,0,-0.6054505762018435,-0.611691877960957,0.006241301759113527
QR1,2018-01-31,4,1,1,0.6364532159082,0.6364494350292834,3.780878916614938e-06
QR1,2018-01-31,4,1,2,0.8208839540731341,0.8223709013609313,0.0014869472877971912
QR1,2018-01-31,4,1,3,0.8546087437718775,0.8542305970817021,0.0003781466901753294
QR1,2018-01-31,4,1,4,-0.7318757473265269,-0.7381213851122318,0.006245637785704861
QR1,2018-01-31,4,1,5,0.8226612536840209,0.8241924293974069,0.0015311757133860127
QR1,2018-01-31,4,1,6,0.8171027925870497,0.8188862706599497,0.0017834780729000244
QR1,2018-01-31,4,1,7,0.6947048837269479,0.7016421522890129,0.006937268562065002
QR1,2018-01-31,4,1,8,0.7253595207664513,0.7320948430857278,0.006735322319276538
QR1,2018-01-31,4,1,9,0.6512220827102674,0.6592758416794847,0.00805375896921734
QR1,2018-10-31,4,1,0,-0.611210196540209,-0.6184768521996179,0.007266655659408872
QR1,2018-10-31,4,1,1,0.7277719938492452,0.7294664895201666,0.001694495670921392
QR1,2018-10-31,4,1,2,0.8273785551481843,0.8299668969774713,0.002588341829287022
QR1,2018-10-31,4,1,3,0.8562219308833114,0.857209209943202,0.0009872790598906
QR1,2018-10-31,4,1,4,-0.6565115464972411,-0.6634622677045351,0.006950721207294008
QR1,2018-10-31,4,1,5,0.8577570468958355,0.8607733961637906,0.003016349267955021
QR1,2018-10-31,4,1,6,0.729122519824096,0.7306520455974156,0.001529525773319551
QR1,2018-10-31,4,1,7,0.7038486004098179,0.7167312299818392,0.012882629572021354
QR1,2018-10-31,4,1,8,0.7356171057722805,0.7486039407538013,0.012986834981520867
QR1,2018-10-31,4,1,9,0.6664224935414531,0.6821091731165053,0.01568667957505221
QR1,2019-08-31,4,1,0,-0.4757990257574813,-0.4873304828004095,0.01153145704292824
QR1,2019-08-31,4,1,1,0.65659347863906,0.6606159969889038,0.0040225183498437955
QR1,2019-08-31,4,1,2,0.834622186669942,0.8391201375042866,0.004497950834344566
QR1,2019-08-31,4,1,3,0.8546008100219219,0.8570186718969943,0.0024178618750724246
QR1,2019-08-31,4,1,4,-0.6184671485280361,-0.6292463692706108,0.010779220742574758
QR1,2019-08-31,4,1,5,0.8512951079246601,0.859189952652206,0.007894844727545869
QR1,2019-08-31,4,1,6,0.7043106670167318,0.7079585770186282,0.0036479100018963484
QR1,2019-08-31,4,1,7,0.6964898628025432,0.7055610256014889,0.009071162798945709
QR1,2019-08-31,4,1,8,0.7299200338524915,0.739266774858348,0.00934674100585653
QR1,2019-08-31,4,1,9,0.6742634051741335,0.6913272020681837,0.01706379689405013
QR1,2020-05-31,4,1,0,0.5618069623368032,0.5637104574255823,0.0019034950887791835
QR1,2020-05-31,4,1,1,-0.7528608985220272,-0.7624426313875057,0.009581732865478476
QR1,2020-05-31,4,1,2,0.7800172741709555,0.7848150970443706,0.004797822873415125
QR1,2020-05-31,4,1,3,0.7767209506595685,0.7806128980175322,0.003891947357963721
QR1,2020-05-31,4,1,4,-0.13192820620209195,-0.1338057732309277,0.0018775670288357638
QR1,2020-05-31,4,1,5,-0.7951742676743857,-0.8064613986110623,0.011287130936676548
QR1,2020-05-31,4,1,6,0.1307198947305684,0.12508689626589017,0.005632998464678213
QR1,2020-05-31,4,1,7,0.6752827806320782,0.6827535003484377,0.007470719716359486
QR1,2020-05-31,4,1,8,0.7252475714733198,0.7311967609017906,0.005949189428470891
QR1,2020-05-31,4,1,9,0.7142161708491279,0.7378013302676814,0.023585159418553436
QR1,2021-02-28,4,1,0,0.04360656165693943,0.048045004105740814,0.004438442448801386
QR1,2021-02-28,4,1,1,0.6723285006205253,0.662363829872469,0.009964670748056292
QR1,2021-02-28,4,1,2,0.8398141123052892,0.8399469101969756,0.0001327978916864092
QR1,2021-02-28,4,1,3,0.8458317448319573,0.8457764087955084,5.533603644891638e-05
QR1,2021-02-28,4,1,4,-0.36251694161744447,-0.36237281164181434,0.00014412997563012508
QR1,2021-02-28,4,1,5,0.8610147082122529,0.8601283531872286,0.0008863550250243213
QR1,2021-02-28,4,1,6,0.7291905756407829,0.7230881840587262,0.006102391582056721
QR1,2021-02-28,4,1,7,0.7172966973697484,0.7306061770090486,0.013309479639300181
QR1,2021-02-28,4,1,8,0.7475702962468392,0.7618077318351355,0.014237435588296266
QR1,2021-02-28,4,1,9,0.7095410518901327,0.7356691388339827,0.026128086943849937
QR1,2021-12-31,4,1,0,-0.09357022852391023,-0.08377451962289996,0.009795708901010267
QR1,2021-12-31,4,1,1,0.790632213954191,0.78134155122852,0.009290662725671028
QR1,2021-12-31,4,1,2,0.859159873940296,0.8553811566638312,0.003778717276464838
QR1,2021-12-31,4,1,3,0.8430278264289669,0.8399449656186706,0.003082860810296295
QR1,2021-12-31,4,1,4,-0.47224757472494566,-0.4660257858029335,0.006221788922012139
QR1,2021-12-31,4,1,5,0.7085688363817327,0.7147570161389895,0.006188179757256718
QR1,2021-12-31,4,1,6,0.7794501706376044,0.7676665781019059,0.011783592535698495
QR1,2021-12-31,4,1,7,0.7110985816797114,0.7211845893405071,0.010086007660795704
QR1,2021-12-31,4,1,8,0.7427579256217632,0.7541969866858893,0.011439061064126066
QR1,2021-12-31,4,1,9,0.6959216090915609,0.7159678088647723,0.020046199773211426
QR1,2022-09-30,4,1,0,0.1012367886131665,0.09838420333131936,0.0028525852818471337
QR1,2022-09-30,4,1,1,0.8811210738530469,0.8896805846839398,0.008559510830892902
QR1,2022-09-30,4,1,2,0.8592438453776495,0.8646171744332541,0.005373329055604614
QR1,2022-09-30,4,1,3,0.8523108597548726,0.859162581357617,0.006851721602744387
QR1,2022-09-30,4,1,4,-0.1691804372558808,-0.17311063486279551,0.003930197606914709
QR1,2022-09-30,4,1,5,0.8507624532389568,0.85788242666881,0.007119973429853155
QR1,2022-09-30,4,1,6,0.5993089964073892,0.595359376516429,0.00394961989096021
QR1,2022-09-30,4,1,7,0.712623327521994,0.7258163696408205,0.013193042118826548
QR1,2022-09-30,4,1,8,0.7491798962104494,0.7650811036190396,0.015901207408590134
QR1,2022-09-30,4,1,9,0.7236213947417678,0.7522218462323037,0.028600451490535916
QR1,2023-07-31,4,1,0,-0.2873404674145507,-0.29836236831823,0.011021900903679271
QR1,2023-07-31,4,1,1,-0.04270361187186305,-0.04801918794876659,0.0053155760769035415
QR1,2023-07-31,4,1,2,0.8686067258160656,0.8747788217659198,0.006172095949854239
QR1,2023-07-31,4,1,3,0.8619317862318622,0.8670721589218451,0.005140372689982908
QR1,2023-07-31,4,1,4,-0.502021721906585,-0.5123768394400932,0.010355117533508151
QR1,2023-07-31,4,1,5,0.8770869039044571,0.8857127762949764,0.008625872390519262
QR1,2023-07-31,4,1,6,0.6195523254809451,0.6227857608634374,0.0032334353824923223
QR1,2023-07-31,4,1,7,0.7165520046105411,0.7365817522488298,0.020029747638288686
QR1,2023-07-31,4,1,8,0.7527679335249648,0.7711761666856305,0.018408233160665644
QR1,2023-07-31,4,1,9,0.7056310240859298,0.7356970857420642,0.030066061656134346
QR1,2024-04-30,4,1,0,-0.31167453770568493,-0.3138189234450091,0.002144385739324184
QR1,2024-04-30,4,1,1,0.3824968850441656,0.37107227322154024,0.011424611822625386
QR1,2024-04-30,4,1,2,0.8680837877730625,0.8706915838848377,0.0026077961117751958
QR1,2024-04-30,4,1,3,0.8537258205428027,0.8545373601288709,0.0008115395860682773
QR1,2024-04-30,4,1,4,-0.5314853303406921,-0.5353410168544717,0.0038556865137795437
QR1,2024-04-30,4,1,5,0.8654009835010814,0.8671089424131081,0.0017079589120266858
QR1,2024-04-30,4,1,6,0.7796891983103611,0.7782760953369742,0.001413102973386926
QR1,2024-04-30,4,1,7,0.7104271910854258,0.7239921718838421,0.013564980798416282
QR1,2024-04-30,4,1,8,0.7430746961136241,0.7564665400077663,0.013391843894142164
QR1,2024-04-30,4,1,9,0.6926284535900102,0.7165014317080353,0.023872978118025023
QR1,2025-01-31,4,1,0,-0.00857999953475298,0.0029673183009362512,0.011547317835689231
QR1,2025-01-31,4,1,1,0.8537076275060644,0.8455153596224845,0.008192267883579962
QR1,2025-01-31,4,1,2,0.8577999023955212,0.8523053770967144,0.005494525298806785
QR1,2025-01-31,4,1,3,0.8351970965943658,0.8286989853067475,0.006498111287618347
QR1,2025-01-31,4,1,4,-0.4074789388292893,-0.3979193909453428,0.009559547883946529
QR1,2025-01-31,4,1,5,0.8541502575236637,0.8463573166163639,0.007792940907299761
QR1,2025-01-31,4,1,6,0.7956005651484503,0.7821667193142755,0.01343384583417484
QR1,2025-01-31,4,1,7,0.7164893519225899,0.7282863498911901,0.011796997968600231
QR1,2025-01-31,4,1,8,0.7454761460404189,0.7573744608168912,0.011898314776472296
QR1,2025-01-31,4,1,9,0.7077254652450038,0.7319296703545034,0.02420420510949961
QR1,2025-11-30,4,1,0,-0.027163639726853216,-0.016721685050243275,0.010441954676609942
QR1,2025-11-30,4,1,1,0.4504714249323345,0.43215038173637854,0.018321043195955955
QR1,2025-11-30,4,1,2,0.8727447435104936,0.8717859161327919,0.0009588273777016987
QR1,2025-11-30,4,1,3,0.8495997753649395,0.8457362788700272,0.003863496494912244
QR1,2025-11-30,4,1,4,-0.5853316368923072,-0.580476559872875,0.004855077019432108
QR1,2025-11-30,4,1,5,-0.03468600804148417,-0.02344542669692219,0.011240581344561979
QR1,2025-11-30,4,1,6,0.8057208518501844,0.7971343657052068,0.00858648614497759
QR1,2025-11-30,4,1,7,0.7032559616181515,0.7134909727954681,0.010235011177316622
QR1,2025-11-30,4,1,8,0.738032792021267,0.74952265005872,0.011489858037452949
QR1,2025-11-30,4,1,9,0.6823544375575084,0.7002849777881877,0.017930540230679304
QR1,2026-08-31,4,1,0,-0.2483941950368177,-0.25642327961067135,0.008029084573853651
QR1,2026-08-31,4,1,1,0.7413884531721846,0.7314913783950395,0.009897074777145076
QR1,2026-08-31,4,1,2,0.886352677329487,0.8931233600229668,0.0067706826934798015
QR1,2026-08-31,4,1,3,0.8548774454415662,0.8526158365391461,0.002261608902420109
QR1,2026-08-31,4,1,4,-0.48673336264428846,-0.4923361102988607,0.005602747654572249
QR1,2026-08-31,4,1,5,-0.27495033802928714,-0.2905744588293938,0.015624120800106667
QR1,2026-08-31,4,1,6,0.8875994348184635,0.8925677886907895,0.00496835387232597
QR1,2026-08-31,4,1,7,0.7174293584097717,0.7255224954875277,0.00809313707775594
QR1,2026-08-31,4,1,8,0.7505299044610305,0.7609422370642445,0.010412332603213947
QR1,2026-08-31,4,1,9,0.715507250246715,0.7395436954599668,0.024036445213251767
QR1,2018-01-31,8,1,0,-0.6054505762018435,-0.6085715016074811,0.0031209254056375757
QR1,2018-01-31,8,1,1,0.6364532159082,0.6365025838867056,4.9367978505521215e-05
QR1,2018-01-31,8,1,2,0.8208839540731341,0.8222073599668298,0.0013234058936957283
QR1,2018-01-31,8,1,3,0.8546087437718775,0.8553115871564712,0.0007028433845936988
QR1,2018-01-31,8,1,4,-0.7318757473265269,-0.7347033875364407,0.002827640209913773
QR1,2018-01-31,8,1,5,0.8226612536840209,0.8239058081155082,0.0012445544314872992
QR1,2018-01-31,8,1,6,0.8171027925870497,0.8184608729569228,0.0013580803698731714
QR1,2018-01-31,8,1,7,0.6947048837269479,0.6997355679560077,0.005030684229059723
QR1,2018-01-31,8,1,8,0.7253595207664513,0.7298762672143894,0.0045167464479380914
QR1,2018-01-31,8,1,9,0.6512220827102674,0.6560033674241627,0.004781284713895273
QR1,2018-10-31,8,1,0,-0.611210196540209,-0.6147288075955809,0.0035186110553718786
QR1,2018-10-31,8,1,1,0.7277719938492452,0.7287933181746464,0.0010213243254012516
QR1,2018-10-31,8,1,2,0.8273785551481843,0.8292527544494984,0.0018741993013141611
QR1,2018-10-31,8,1,3,0.8562219308833114,0.8576131193127172,0.0013911884294057764
QR1,2018-10-31,8,1,4,-0.6565115464972411,-0.6600143577430854,0.003502811245844284
QR1,2018-10-31,8,1,5,0.8577570468958355,0.8597539522674642,0.0019969053716286655
QR1,2018-10-31,8,1,6,0.729122519824096,0.730148489435009,0.0010259696109129468
QR1,2018-10-31,8,1,7,0.7038486004098179,0.7117689668080665,0.007920366398248557
QR1,2018-10-31,8,1,8,0.7356171057722805,0.7432349773050368,0.007617871532756393
QR1,2018-10-31,8,1,9,0.6664224935414531,0.6748861603384297,0.008463666796976632
QR1,2019-08-31,8,1,0,-0.4757990257574813,-0.48293452933246456,0.007135503574983271
QR1,2019-08-31,8,1,1,0.65659347863906,0.6590273747817832,0.0024338961427231576
QR1,2019-08-31,8,1,2,0.834622186669942,0.8377453260451779,0.003123139375235895
QR1,2019-08-31,8,1,3,0.8546008100219219,0.85665038468725,0.002049574665328069
QR1,2019-08-31,8,1,4,-0.6184671485280361,-0.6244691164492857,0.006001967921249629
QR1,2019-08-31,8,1,5,0.8512951079246601,0.855582233759941,0.004287125835280903
QR1,2019-08-31,8,1,6,0.7043106670167318,0.7067165207038804,0.002405853687148518
QR1,2019-08-31,8,1,7,0.6964898628025432,0.7026833970168065,0.006193534214263274
QR1,2019-08-31,8,1,8,0.7299200338524915,0.7358252872719453,0.005905253419453804
QR1,2019-08-31,8,1,9,0.6742634051741335,0.6835430158835767,0.009279610709443165
QR1,2020-05-31,8,1,0,0.5618069623368032,0.5631796770437549,0.001372714706951772
QR1,2020-05-31,8,1,1,-0.7528608985220272,-0.7578110492766559,0.004950150754628679
QR1,2020-05-31,8,1,2,0.7800172741709555,0.7827586034644205,0.0027413292934650446
QR1,2020-05-31,8,1,3,0.7767209506595685,0.7793127488916838,0.0025917982321153055
QR1,2020-05-31,8,1,4,-0.13192820620209195,-0.13330916631357975,0.0013809601114878056
QR1,2020-05-31,8,1,5,-0.7951742676743857,-0.8005759379753503,0.005401670300964612
QR1,2020-05-31,8,1,6,0.1307198947305684,0.12731685567743006,0.0034030390531383237
QR1,2020-05-31,8,1,7,0.6752827806320782,0.6802582491134943,0.004975468481416057
QR1,2020-05-31,8,1,8,0.7252475714733198,0.729192946380758,0.003945374907438293
QR1,2020-05-31,8,1,9,0.7142161708491279,0.7267380426683065,0.012521871819178632
QR1,2021-02-28,8,1,0,0.04360656165693943,0.04753354038505787,0.003926978728118438
QR1,2021-02-28,8,1,1,0.6723285006205253,0.6661542169979549,0.006174283622570442
QR1,2021-02-28,8,1,2,0.8398141123052892,0.8398871286012606,7.301629597133985e-05
QR1,2021-02-28,8,1,3,0.8458317448319573,0.8466091173447422,0.0007773725127848685
QR1,2021-02-28,8,1,4,-0.36251694161744447,-0.3604728032147069,0.0020441384027375387
QR1,2021-02-28,8,1,5,0.8610147082122529,0.8612350543297257,0.00022034611747279165
QR1,2021-02-28,8,1,6,0.7291905756407829,0.7252216489210884,0.00396892671969451
QR1,2021-02-28,8,1,7,0.7172966973697484,0.7257012008021387,0.008404503432390298
QR1,2021-02-28,8,1,8,0.7475702962468392,0.7560233281345715,0.008453031887732276
QR1,2021-02-28,8,1,9,0.7095410518901327,0.7231524729626883,0.01361142107255553
QR1,2021-12-31,8,1,0,-0.09357022852391023,-0.08654331246334253,0.007026916060567698
QR1,2021-12-31,8,1,1,0.790632213954191,0.7856619148561496,0.004970299098041475
QR1,2021-12-31,8,1,2,0.859159873940296,0.8576416252796718,0.0015182486606242218
QR1,2021-12-31,8,1,3,0.8430278264289669,0.8423279481301688,0.00069987829879814
QR1,2021-12-31,8,1,4,-0.47224757472494566,-0.4668148058934533,0.005432768831492352
QR1,2021-12-31,8,1,5,0.7085688363817327,0.713673117373471,0.005104280991738319
QR1,2021-12-31,8,1,6,0.7794501706376044,0.7730645048811425,0.0063856657564618224
QR1,2021-12-31,8,1,7,0.7110985816797114,0.7180211947309892,0.006922613051277837
QR1,2021-12-31,8,1,8,0.7427579256217632,0.7499671519172167,0.007209226295453508
QR1,2021-12-31,8,1,9,0.6959216090915609,0.7067778348536419,0.010856225762081007
QR1,2022-09-30,8,1,0,0.1012367886131665,0.09903645421988332,0.002200334393283182
QR1,2022-09-30,8,1,1,0.8811210738530469,0.8858975737903441,0.004776499937297118
QR1,2022-09-30,8,1,2,0.8592438453776495,0.8623913481731058,0.0031475027954562806
QR1,2022-09-30,8,1,3,0.8523108597548726,0.8565372158588942,0.004226356104021556
QR1,2022-09-30,8,1,4,-0.1691804372558808,-0.17140054788304782,0.00222011062716701
QR1,2022-09-30,8,1,5,0.8507624532389568,0.8545959564048244,0.0038335031658676133
QR1,2022-09-30,8,1,6,0.5993089964073892,0.5967429525748664,0.0025660438325227908
QR1,2022-09-30,8,1,7,0.712623327521994,0.7210323663193221,0.008409038797328128
QR1,2022-09-30,8,1,8,0.7491798962104494,0.7586109719073582,0.009431075696908708
QR1,2022-09-30,8,1,9,0.7236213947417678,0.7387379410769415,0.015116546335173675
QR1,2023-07-31,8,1,0,-0.2873404674145507,-0.29391493488779163,0.006574467473240919
QR1,2023-07-31,8,1,1,-0.04270361187186305,-0.04643438809268993,0.0037307762208268827
QR1,2023-07-31,8,1,2,0.8686067258160656,0.8723693021902207,0.0037625763741551133
QR1,2023-07-31,8,1,3,0.8619317862318622,0.8653939817434865,0.0034621955116242997
QR1,2023-07-31,8,1,4,-0.502021721906585,-0.5076159912165675,0.005594269309982525
QR1,2023-07-31,8,1,5,0.8770869039044571,0.8818611495568561,0.004774245652399034
QR1,2023-07-31,8,1,6,0.6195523254809451,0.6212026495099751,0.0016503240290299814
QR1,2023-07-31,8,1,7,0.7165520046105411,0.7279983866097134,0.01144638199917225
QR1,2023-07-31,8,1,8,0.7527679335249648,0.7631726448022144,0.010404711277249512
QR1,2023-07-31,8,1,9,0.7056310240859298,0.7211623927915668,0.015531368705636983
QR1,2024-04-30,8,1,0,-0.31167453770568493,-0.31193533935788564,0.00026080165220071505
QR1,2024-04-30,8,1,1,0.3824968850441656,0.3749890043912235,0.007507880652942112
QR1,2024-04-30,8,1,2,0.8680837877730625,0.8697905695957473,0.0017067818226847997
QR1,2024-04-30,8,1,3,0.8537258205428027,0.8550241421670682,0.0012983216242655748
QR1,2024-04-30,8,1,4,-0.5314853303406921,-0.5323110626886389,0.0008257323479468059
QR1,2024-04-30,8,1,5,0.8654009835010814,0.867067161486686,0.0016661779856046444
QR1,2024-04-30,8,1,6,0.7796891983103611,0.7787092415198973,0.0009799567904638096
QR1,2024-04-30,8,1,7,0.7104271910854258,0.718833498094396,0.00840630700897016
QR1,2024-04-30,8,1,8,0.7430746961136241,0.751047853962636,0.00797315784901187
QR1,2024-04-30,8,1,9,0.6926284535900102,0.7051385580653504,0.012510104475340178
QR1,2025-01-31,8,1,0,-0.00857999953475298,-0.0002119483756993471,0.008368051159053633
QR1,2025-01-31,8,1,1,0.8537076275060644,0.8500908770141654,0.0036167504918990234
QR1,2025-01-31,8,1,2,0.8577999023955212,0.8554608228594117,0.0023390795361094563
QR1,2025-01-31,8,1,3,0.8351970965943658,0.8328050234653549,0.0023920731290109076
QR1,2025-01-31,8,1,4,-0.4074789388292893,-0.3998938486423722,0.0075850901869171095
QR1,2025-01-31,8,1,5,0.8541502575236637,0.8513257809951392,0.0028244765285244666
QR1,2025-01-31,8,1,6,0.7956005651484503,0.788472492647002,0.007128072501448313
QR1,2025-01-31,8,1,7,0.7164893519225899,0.7243840971433225,0.007894745220732635
QR1,2025-01-31,8,1,8,0.7454761460404189,0.7530312120187713,0.0075550659783524265
QR1,2025-01-31,8,1,9,0.7077254652450038,0.7206788120335347,0.012953346788530884
QR1,2025-11-30,8,1,0,-0.027163639726853216,-0.019824004445279323,0.007339635281573893
QR1,2025-11-30,8,1,1,0.4504714249323345,0.43918668524736093,0.011284739684973566
QR1,2025-11-30,8,1,2,0.8727447435104936,0.8727295179343192,1.5225576174393574e-05
QR1,2025-11-30,8,1,3,0.8495997753649395,0.8486588725336307,0.0009409028313087653
QR1,2025-11-30,8,1,4,-0.5853316368923072,-0.5810967123871646,0.004234924505142512
QR1,2025-11-30,8,1,5,-0.03468600804148417,-0.02670726615000989,0.007978741891474277
QR1,2025-11-30,8,1,6,0.8057208518501844,0.8011569930676578,0.004563858782526631
QR1,2025-11-30,8,1,7,0.7032559616181515,0.7100403967967567,0.006784435178605164
QR1,2025-11-30,8,1,8,0.738032792021267,0.7450505153831551,0.007017723361888106
QR1,2025-11-30,8,1,9,0.6823544375575084,0.6919775048380433,0.00962306728053497
QR1,2026-08-31,8,1,0,-0.2483941950368177,-0.25195986381815494,0.003565668781337239
QR1,2026-08-31,8,1,1,0.7413884531721846,0.7359680283280524,0.005420424844132188
QR1,2026-08-31,8,1,2,0.886352677329487,0.8902909879206687,0.003938310591181771
QR1,2026-08-31,8,1,3,0.8548774454415662,0.8548284341076945,4.901133387169576e-05
QR1,2026-08-31,8,1,4,-0.48673336264428846,-0.4886175266072012,0.0018841639629127438
QR1,2026-08-31,8,1,5,-0.27495033802928714,-0.2862150669196207,0.01126472889033353
QR1,2026-08-31,8,1,6,0.8875994348184635,0.8904970987082631,0.0028976638897996176
QR1,2026-08-31,8,1,7,0.7174293584097717,0.7233765959396511,0.005947237529879357
QR1,2026-08-31,8,1,8,0.7505299044610305,0.7571085233119309,0.006578618850900386
QR1,2026-08-31,8,1,9,0.715507250246715,0.7282662883282397,0.012759038081524676
QR2,2018-01-31,1,1,0,-0.807194879600838,-0.7752907776295611,0.03190410197127691
QR2,2018-01-31,1,1,1,0.707512307501734,0.7025020260539072,0.005010281447826781
QR2,2018-01-31,1,1,2,0.8829169739047992,0.8912744557580267,0.008357481853227489
QR2,2018-01-31,1,1,3,-0.8941863889226588,-0.8901311139448503,0.004055274977808443
QR2,2018-01-31,1,1,4,0.692227984538326,0.6993526101161304,0.0071246255778043555
QR2,2018-01-31,1,1,5,0.9531294431649375,0.9493705212117882,0.003758921953149308
QR2,2018-01-31,1,1,6,0.881437301611832,0.8786332809665236,0.0028040206453083805
QR2,2018-01-31,1,1,7,0.6702655021675563,0.6478556317776711,0.022409870389885178
QR2,2018-01-31,1,1,8,0.7113130722661658,0.7222270999810991,0.010914027714933328
QR2,2018-01-31,1,1,9,0.7118767324976445,0.7242394441906266,0.012362711692982087
QR2,2018-01-31,1,2,0,-0.6001874922251328,-0.6207497384401518,0.02056224621501901
QR2,2018-01-31,1,2,1,0.6418822673127981,0.6455056726125812,0.003623405299783111
QR2,2018-01-31,1,2,2,0.8123131346305942,0.8027147835474607,0.00959835108313345
QR2,2018-01-31,1,2,3,-0.7054798175051559,-0.7324750561964335,0.026995238691277623
QR2,2018-01-31,1,2,4,0.6188015530682861,0.616820573795924,0.001980979272362071
QR2,2018-01-31,1,2,5,0.8686899932881842,0.8778483644989687,0.009158371210784555
QR2,2018-01-31,1,2,6,0.8133518637142562,0.8166273246231166,0.003275460908860439
QR2,2018-01-31,1,2,7,0.6300372569346099,0.6083501344600595,0.021687122474550402
QR2,2018-01-31,1,2,8,0.6613494721297728,0.6560148029423403,0.005334669187432528
QR2,2018-01-31,1,2,9,0.6606723437559348,0.6712822230759377,0.010609879320002902
QR2,2018-10-31,1,1,0,-0.819417236400586,-0.788248378577653,0.031168857822932994
QR2,2018-10-31,1,1,1,0.8082834686085093,0.7953804266438259,0.012903041964683393
QR2,2018-10-31,1,1,2,0.9314033885485308,0.9301790058710265,0.0012243826775042432
QR2,2018-10-31,1,1,3,-0.8060244655400647,-0.7873287175460326,0.018695747994032064
QR2,2018-10-31,1,1,4,0.6376409321750743,0.6445964706707537,0.006955538495679314
QR2,2018-10-31,1,1,5,0.952991256164489,0.9485922293570178,0.004399026807471174
QR2,2018-10-31,1,1,6,0.7892890509075289,0.7900113289682934,0.0007222780607645252
QR2,2018-10-31,1,1,7,0.6904372785830996,0.7005446786513766,0.01010740006827704
QR2,2018-10-31,1,1,8,0.7310469705635197,0.7711278750179501,0.040080904454430355
QR2,2018-10-31,1,1,9,0.7289563533275173,0.7725091299735857,0.04355277664606838
QR2,2018-10-31,1,2,0,-0.6116556366598015,-0.6340886178003541,0.022432981140552588
QR2,2018-10-31,1,2,1,0.7406478854942621,0.7491607625975997,0.00851287710333759
QR2,2018-10-31,1,2,2,0.8590761529672392,0.8546009159778183,0.004475236989420872
QR2,2018-10-31,1,2,3,-0.6445640908663507,-0.6677399178830348,0.02317582701668408
QR2,2018-10-31,1,2,4,0.5723893270757147,0.5727472740633595,0.00035794698764479715
QR2,2018-10-31,1,2,5,0.8688582286600236,0.8791146484091518,0.010256419749128165
QR2,2018-10-31,1,2,6,0.7272837739929455,0.7306475394680242,0.0033637654750786616
QR2,2018-10-31,1,2,7,0.6501924406939857,0.6600301847176856,0.009837744023699857
QR2,2018-10-31,1,2,8,0.6816460449462755,0.7075206810108509,0.025874636064575407
QR2,2018-10-31,1,2,9,0.6763994683459941,0.7164095387436175,0.04001007039762339
QR2,2019-08-31,1,1,0,-0.6023022490602321,-0.5252918668227781,0.07701038223745404
QR2,2019-08-31,1,1,1,0.7087663229000741,0.6916803357049942,0.01708598719507992
QR2,2019-08-31,1,1,2,0.9121524357279667,0.9137219116958505,0.0015694759678838155
QR2,2019-08-31,1,1,3,-0.7375735923663622,-0.7007198482402932,0.03685374412606901
QR2,2019-08-31,1,1,4,0.6431341860455458,0.6504763047055325,0.007342118659986685
QR2,2019-08-31,1,1,5,0.9588604212984704,0.956806834459106,0.0020535868393644074
QR2,2019-08-31,1,1,6,0.738554568105761,0.7412185058643385,0.002663937758577428
QR2,2019-08-31,1,1,7,0.6761232744424932,0.6716100130204702,0.004513261422023018
QR2,2019-08-31,1,1,8,0.7280084431251164,0.7585849100736807,0.030576466948564307
QR2,2019-08-31,1,1,9,0.7221911620694155,0.7492990430582761,0.027107880988860633
QR2,2019-08-31,1,2,0,-0.5029382982729139,-0.5238527246721525,0.020914426399238573
QR2,2019-08-31,1,2,1,0.6733992985587636,0.6936500464861731,0.02025074792740955
QR2,2019-08-31,1,2,2,0.8310381690020241,0.8074606579430669,0.023577511058957223
QR2,2019-08-31,1,2,3,-0.6255585554020773,-0.6497034550059798,0.024144899603902537
QR2,2019-08-31,1,2,4,0.6053313144524981,0.6261559800846174,0.020824665632119266
QR2,2019-08-31,1,2,5,0.8768744358519087,0.895257367703911,0.018382931852002238
QR2,2019-08-31,1,2,6,0.6983673554272865,0.7138886180060361,0.01552126257874964
QR2,2019-08-31,1,2,7,0.6430677640724769,0.6528925795957127,0.009824815523235775
QR2,2019-08-31,1,2,8,0.6833116450848571,0.7079325410450895,0.024620895960232425
QR2,2019-08-31,1,2,9,0.6746898318318821,0.7090162287784613,0.03432639694657913
QR2,2020-05-31,1,1,0,0.622210104485175,0.6517867732719219,0.029576668786746918
QR2,2020-05-31,1,1,1,-0.8749337313359511,-0.8845670138220423,0.009633282486091188
QR2,2020-05-31,1,1,2,-0.9430545674966372,-0.948654869290875,0.005600301794237761
QR2,2020-05-31,1,1,3,-0.15671677125780017,-0.11649462131808845,0.040222149939711724
QR2,2020-05-31,1,1,4,0.6983569225657086,0.7155334703966594,0.017176547830950795
QR2,2020-05-31,1,1,5,0.9580352098683704,0.9567097710172574,0.0013254388511130255
QR2,2020-05-31,1,1,6,0.11027671390797884,0.14606366002924331,0.03578694612126447
QR2,2020-05-31,1,1,7,0.6689626106740298,0.6165441521728352,0.05241845850119464
QR2,2020-05-31,1,1,8,0.7271281037412527,0.7018247222012202,0.025303381540032532
QR2,2020-05-31,1,1,9,0.7382276030546002,0.686357572376983,0.051870030677617196
QR2,2020-05-31,1,2,0,0.5134222323899184,0.45582045505414237,0.05760177733577598
QR2,2020-05-31,1,2,1,-0.7386221191111743,-0.7383740331053058,0.0002480860058684531
QR2,2020-05-31,1,2,2,-0.8062242878256068,-0.8103251857754811,0.004100897949874227
QR2,2020-05-31,1,2,3,-0.18058508559381226,-0.2482107314755141,0.06762564588170183
QR2,2020-05-31,1,2,4,0.6504978720692353,0.6837459484312421,0.033248076362006884
QR2,2020-05-31,1,2,5,0.877464000851948,0.8865600023275523,0.009096001475604298
QR2,2020-05-31,1,2,6,0.11849430239665366,0.15188832254865212,0.03339402015199845
QR2,2020-05-31,1,2,7,0.6185651956159752,0.5573211387333764,0.06124405688259882
QR2,2020-05-31,1,2,8,0.6828974640964097,0.6476103652602051,0.03528709883620462
QR2,2020-05-31,1,2,9,0.6952717733584796,0.646352232935495,0.04891954042298452
QR2,2021-02-28,1,1,0,-0.06698157437901958,-0.05797444095506886,0.009007133423950722
QR2,2021-02-28,1,1,1,0.783102510592278,0.8031735260223005,0.020071015430022543
QR2,2021-02-28,1,1,2,0.9560482811888801,0.9537859326497811,0.002262348539099013
QR2,2021-02-28,1,1,3,-0.521909242770707,-0.538827585464374,0.016918342693666988
QR2,2021-02-28,1,1,4,0.8271484915127334,0.8493323236470318,0.02218383213429842
QR2,2021-02-28,1,1,5,0.9536273464593032,0.9517854977633706,0.0018418486959326241
QR2,2021-02-28,1,1,6,0.8176217630393072,0.8395585468923565,0.021936783853049313
QR2,2021-02-28,1,1,7,0.6965841221187556,0.7214468414609252,0.024862719342169548
QR2,2021-02-28,1,1,8,0.7465687359021893,0.7973565977008101,0.050787861798620826
QR2,2021-02-28,1,1,9,0.7422201544174702,0.7822254836395341,0.0400053292220639
QR2,2021-02-28,1,2,0,0.018157130163015074,-0.035569593227362736,0.05372672339037781
QR2,2021-02-28,1,2,1,0.6820654929779435,0.7106536137041444,0.028588120726200872
QR2,2021-02-28,1,2,2,0.8827275669337684,0.8953042448739756,0.012576677940207226
QR2,2021-02-28,1,2,3,-0.36496985157530876,-0.4259868413253925,0.06101698975008374
QR2,2021-02-28,1,2,4,0.7222172847148662,0.7387685254909966,0.01655124077613035
QR2,2021-02-28,1,2,5,0.8668528955879053,0.883950700111704,0.01709780452379861
QR2,2021-02-28,1,2,6,0.7256786165617739,0.7379870838869929,0.012308467325218952
QR2,2021-02-28,1,2,7,0.6753647353593468,0.701150583003826,0.02578584764447922
QR2,2021-02-28,1,2,8,0.7107908825090326,0.7630331514215798,0.05224226891254724
QR2,2021-02-28,1,2,9,0.7093584692323323,0.7500094420412418,0.0406509728089095
QR2,2021-12-31,1,1,0,-0.2642026162906541,-0.23831235228254585,0.02589026400810826
QR2,2021-12-31,1,1,1,0.893350867125707,0.9043995142305586,0.01104864710485165
QR2,2021-12-31,1,1,2,0.7087850588318833,0.7194530456104419,0.010667986778558625
QR2,2021-12-31,1,1,3,-0.6749149971898519,-0.688781951841373,0.013866954651521102
QR2,2021-12-31,1,1,4,0.6462579087305677,0.6962248650507835,0.04996695632021586
QR2,2021-12-31,1,1,5,0.9514141772141248,0.9517396267875738,0.0003254495734490437
QR2,2021-12-31,1,1,6,0.8708178480500789,0.8877934620771556,0.016975614027076702
QR2,2021-12-31,1,1,7,0.6891034898719136,0.6940162251860206,0.004912735314106964
QR2,2021-12-31,1,1,8,0.7368756461557092,0.7623746043411178,0.025498958185408593
QR2,2021-12-31,1,1,9,0.7350081955433937,0.7758449190901556,0.04083672354676193
QR2,2021-12-31,1,2,0,-0.16022589882462973,-0.2174408077093354,0.05721490888470568
QR2,2021-12-31,1,2,1,0.8067209621966993,0.832143838555388,0.025422876358688673
QR2,2021-12-31,1,2,2,0.6734917740627238,0.651322502769364,0.02216927129335977
QR2,2021-12-31,1,2,3,-0.5097434694793641,-0.5681031574014245,0.058359687922060366
QR2,2021-12-31,1,2,4,0.5507334124985732,0.5657333474950077,0.014999934996434483
QR2,2021-12-31,1,2,5,0.8635544671078409,0.8829030390052984,0.019348571897457534
QR2,2021-12-31,1,2,6,0.7877764252382223,0.7963452437292847,0.008568818491062391
QR2,2021-12-31,1,2,7,0.6583254667580644,0.6621792079158307,0.003853741157766377
QR2,2021-12-31,1,2,8,0.6965169745138399,0.7228569573396028,0.026339982825762887
QR2,2021-12-31,1,2,9,0.6929451886423982,0.7276296537379082,0.03468446509551004
QR2,2022-09-30,1,1,0,0.08184809709412064,0.13764115936675225,0.055793062272631616
QR2,2022-09-30,1,1,1,0.9585968865152883,0.9569739433286777,0.0016229431866106037
QR2,2022-09-30,1,1,2,0.9481035369920856,0.9347906285631782,0.013312908428907422
QR2,2022-09-30,1,1,3,-0.25515394432728605,-0.20459971814977,0.050554226177516065
QR2,2022-09-30,1,1,4,0.6112726358311753,0.6409190365146636,0.02964640068348834
QR2,2022-09-30,1,1,5,0.9623042248876181,0.9633522669666983,0.0010480420790801581
QR2,2022-09-30,1,1,6,0.6550194773472673,0.6807312118319289,0.025711734484661575
QR2,2022-09-30,1,1,7,0.7080560030890586,0.7422432553940017,0.03418725230494313
QR2,2022-09-30,1,1,8,0.7634106793078854,0.8252489640877887,0.061838284779903274
QR2,2022-09-30,1,1,9,0.7529871327129092,0.8017640370107779,0.04877690429786874
QR2,2022-09-30,1,2,0,0.03497189477134113,-0.004626545650018568,0.0395984404213597
QR2,2022-09-30,1,2,1,0.8796284898123182,0.8969210408963839,0.017292551084065688
QR2,2022-09-30,1,2,2,0.8768075341429168,0.8875283304883304,0.010720796345413564
QR2,2022-09-30,1,2,3,-0.24718037244195565,-0.28410193576786713,0.03692156332591148
QR2,2022-09-30,1,2,4,0.5663574728403141,0.5930348795629161,0.026677406722601993
QR2,2022-09-30,1,2,5,0.8784370910686484,0.9066208474376141,0.02818375636896564
QR2,2022-09-30,1,2,6,0.6140995350280382,0.6354732562455909,0.021373721217552766
QR2,2022-09-30,1,2,7,0.6879683863549936,0.7226346005204864,0.03466621416549287
QR2,2022-09-30,1,2,8,0.7299444681445569,0.7885999748635508,0.05865550671899389
QR2,2022-09-30,1,2,9,0.7215884963019207,0.7742615913998521,0.05267309509793139
QR2,2023-07-31,1,1,0,-0.38901874356400273,-0.31018731242448494,0.0788314311395178
QR2,2023-07-31,1,1,1,-0.021529122863822428,-0.03133611041996142,0.009806987556138992
QR2,2023-07-31,1,1,2,0.9499087155900328,0.9383869587140354,0.011521756875997324
QR2,2023-07-31,1,1,3,-0.6082413763989855,-0.5708000175945708,0.03744135880441468
QR2,2023-07-31,1,1,4,0.692478689427809,0.7000931870873729,0.007614497659563901
QR2,2023-07-31,1,1,5,0.9614925009924651,0.9606123767789003,0.0008801242135647591
QR2,2023-07-31,1,1,6,0.6665113317915793,0.6704230877657749,0.003911755974195574
QR2,2023-07-31,1,1,7,0.7140597026555708,0.7377373185321512,0.02367761587658035
QR2,2023-07-31,1,1,8,0.7551613448128565,0.806244075758582,0.051082730945725574
QR2,2023-07-31,1,1,9,0.7546134239934272,0.7940721316628734,0.03945870766944615
QR2,2023-07-31,1,2,0,-0.34022283940210063,-0.3680619354921851,0.027839096090084448
QR2,2023-07-31,1,2,1,0.008114011988257095,0.01814711682222061,0.010033104833963514
QR2,2023-07-31,1,2,2,0.8798101421969472,0.8724379750596323,0.007372167137314922
QR2,2023-07-31,1,2,3,-0.5222025179818243,-0.5512393659245273,0.029036847942703004
QR2,2023-07-31,1,2,4,0.6435999266604056,0.6639372272046211,0.020337300544215564
QR2,2023-07-31,1,2,5,0.8837193968900834,0.9072565458645436,0.023537148974460242
QR2,2023-07-31,1,2,6,0.6278242974604343,0.6464279049257131,0.018603607465278782
QR2,2023-07-31,1,2,7,0.673079168015928,0.7087740435882417,0.035694875572313656
QR2,2023-07-31,1,2,8,0.7129637253303163,0.7599380757606058,0.046974350430289524
QR2,2023-07-31,1,2,9,0.7058395343183235,0.7555537482622863,0.049714213943962804
QR2,2024-04-30,1,1,0,-0.4813467077652591,-0.4459081197260631,0.03543858803919603
QR2,2024-04-30,1,1,1,0.4777032946029106,0.4971305255865976,0.019427230983686983
QR2,2024-04-30,1,1,2,0.9424313917959034,0.9422261692855914,0.00020522251031196426
QR2,2024-04-30,1,1,3,-0.6876971345877522,-0.6884813528821513,0.0007842182943991194
QR2,2024-04-30,1,1,4,0.7365092485671773,0.7571506379065572,0.02064138933937998
QR2,2024-04-30,1,1,5,0.9563668563411863,0.954926393033337,0.0014404633078493045
QR2,2024-04-30,1,1,6,0.8603860651239758,0.8694026618683685,0.009016596744392702
QR2,2024-04-30,1,1,7,0.6938208428593083,0.7083970352908152,0.014576192431506874
QR2,2024-04-30,1,1,8,0.7402297536050154,0.7825148559998191,0.04228510239480365
QR2,2024-04-30,1,1,9,0.7419169308717656,0.7930839353460627,0.05116700447429712
QR2,2024-04-30,1,2,0,-0.3470020334783832,-0.38947837485161607,0.04247634137323286
QR2,2024-04-30,1,2,1,0.40886140067848825,0.4297043431593594,0.02084294248087115
QR2,2024-04-30,1,2,2,0.875181507027762,0.8793402657744158,0.0041587587466538345
QR2,2024-04-30,1,2,3,-0.5306089550790023,-0.5749528798518864,0.04434392477288407
QR2,2024-04-30,1,2,4,0.650222925038576,0.6661504523477703,0.015927527309194223
QR2,2024-04-30,1,2,5,0.8733593946328073,0.8914620855666512,0.018102690933843868
QR2,2024-04-30,1,2,6,0.785454423992723,0.7999867135784239,0.014532289585700853
QR2,2024-04-30,1,2,7,0.6603652275926499,0.6755648580779289,0.015199630485278948
QR2,2024-04-30,1,2,8,0.6978362725556504,0.7354450382653462,0.037608765709695846
QR2,2024-04-30,1,2,9,0.6959726189113171,0.7475224415156857,0.05154982260436858
QR2,2025-01-31,1,1,0,-0.1486400577406591,-0.15182853734325535,0.0031884796025962447
QR2,2025-01-31,1,1,1,0.9495369231378504,0.9495181877831692,1.8735354681220784e-05
QR2,2025-01-31,1,1,2,0.9517060593750325,0.9482090117361685,0.003497047638864048
QR2,2025-01-31,1,1,3,-0.6132325978879961,-0.633843556743265,0.02061095885526887
QR2,2025-01-31,1,1,4,0.7264822001198771,0.7664156549451019,0.03993345482522481
QR2,2025-01-31,1,1,5,0.9510069930550342,0.9494553006855248,0.001551692369509472
QR2,2025-01-31,1,1,6,0.8906446122880471,0.903024223470649,0.01237961118260189
QR2,2025-01-31,1,1,7,0.6950242323558657,0.7076877207750306,0.01266348841916487
QR2,2025-01-31,1,1,8,0.7433086436804959,0.7664057719807033,0.02309712830020738
QR2,2025-01-31,1,1,9,0.7380212825217309,0.7794998063174982,0.04147852379576722
QR2,2025-01-31,1,2,0,-0.0558740877112436,-0.12394849716046365,0.06807440944922005
QR2,2025-01-31,1,2,1,0.8666071682852521,0.8857087550217828,0.01910158673653073
QR2,2025-01-31,1,2,2,0.8797117585411396,0.8853767115081197,0.005664952966980108
QR2,2025-01-31,1,2,3,-0.4488304598229591,-0.5236453389846728,0.0748148791617137
QR2,2025-01-31,1,2,4,0.6223936367941523,0.6398948764477411,0.01750123965358885
QR2,2025-01-31,1,2,5,0.8622024278367715,0.879905055857295,0.01770262802052347
QR2,2025-01-31,1,2,6,0.8059168761050133,0.8170136409519722,0.011096764846958873
QR2,2025-01-31,1,2,7,0.6714005032127122,0.68356618930946,0.01216568609674784
QR2,2025-01-31,1,2,8,0.7077932974155641,0.7343132982195801,0.026520000804016064
QR2,2025-01-31,1,2,9,0.7029826482308423,0.7429436743815525,0.03996102615071018
QR2,2025-11-30,1,1,0,-0.1815448927154867,-0.15318104095434967,0.028363851761137038
QR2,2025-11-30,1,1,1,0.5532133583043982,0.6009558915571631,0.047742533252764896
QR2,2025-11-30,1,1,2,-0.19475859988654823,-0.16911361776157643,0.025644982124971794
QR2,2025-11-30,1,1,3,-0.772444725128176,-0.7934825805640745,0.021037855435898534
QR2,2025-11-30,1,1,4,0.7268272032471828,0.7700072209260688,0.04318001767888602
QR2,2025-11-30,1,1,5,0.9499937648289577,0.9465399446208284,0.0034538202081293434
QR2,2025-11-30,1,1,6,0.8934085002198816,0.9079143702449112,0.014505870025029566
QR2,2025-11-30,1,1,7,0.6831914500233519,0.6905782960892634,0.0073868460659114454
QR2,2025-11-30,1,1,8,0.7297552570256759,0.7770326005690292,0.047277343543353334
QR2,2025-11-30,1,1,9,0.72908856940991,0.7666625624786098,0.037573993068699796
QR2,2025-11-30,1,2,0,-0.0665805576716023,-0.1162852442793581,0.0497046866077558
QR2,2025-11-30,1,2,1,0.44708736600008786,0.46684157954560423,0.019754213545516375
QR2,2025-11-30,1,2,2,-0.10374556079059034,-0.14285118130014016,0.03910562050954981
QR2,2025-11-30,1,2,3,-0.5785695636946452,-0.6272400677731892,0.04867050407854401
QR2,2025-11-30,1,2,4,0.6142944399312318,0.6209264417641229,0.006632001832891143
QR2,2025-11-30,1,2,5,0.8613902932587045,0.8721768815230594,0.010786588264354857
QR2,2025-11-30,1,2,6,0.8042216949214382,0.8117667355674897,0.007545040646051437
QR2,2025-11-30,1,2,7,0.6416841525703095,0.6576753350693129,0.01599118249900333
QR2,2025-11-30,1,2,8,0.6798522430352592,0.7247386892331596,0.0448864461979005
QR2,2025-11-30,1,2,9,0.6861596051277539,0.722411160011523,0.03625155488376908
QR2,2026-08-31,1,1,0,-0.30671040005614486,-0.29172443227200673,0.014985967784138132
QR2,2026-08-31,1,1,1,0.8535709508562995,0.8538405193160932,0.0002695684597936454
QR2,2026-08-31,1,1,2,-0.189266947759749,-0.19850595183534644,0.00923900407559744
QR2,2026-08-31,1,1,3,-0.6021406385049609,-0.5932822897539266,0.008858348751034306
QR2,2026-08-31,1,1,4,0.7164501154181379,0.7312641872386921,0.014814071820554275
QR2,2026-08-31,1,1,5,0.9635689927524246,0.9650221520914558,0.0014531593390312292
QR2,2026-08-31,1,1,6,0.9585894027776699,0.9578527360740235,0.0007366667036463603
QR2,2026-08-31,1,1,7,0.7033645247369716,0.6670689001992552,0.0362956245377164
QR2,2026-08-31,1,1,8,0.7538897105475676,0.7550152662789088,0.0011255557313412101
QR2,2026-08-31,1,1,9,0.7438544682872014,0.7534647571703611,0.009610288883159734
QR2,2026-08-31,1,2,0,-0.2475020416250678,-0.31132835888367744,0.06382631725860963
QR2,2026-08-31,1,2,1,0.7926960353760429,0.8312886017574416,0.03859256638139863
QR2,2026-08-31,1,2,2,-0.14785546569293076,-0.1101686290565298,0.03768683663640096
QR2,2026-08-31,1,2,3,-0.5057884893840053,-0.5742790798720427,0.0684905904880374
QR2,2026-08-31,1,2,4,0.6527060738391915,0.6933390008585935,0.04063292701940191
QR2,2026-08-31,1,2,5,0.8828957840759052,0.9109199622636007,0.028024178187695536
QR2,2026-08-31,1,2,6,0.8934411007136612,0.9160964952865086,0.022655394572847376
QR2,2026-08-31,1,2,7,0.665964765028025,0.6295093266198132,0.03645543840821186
QR2,2026-08-31,1,2,8,0.7094904284131515,0.7118827142387222,0.002392285825570717
QR2,2026-08-31,1,2,9,0.7035950850525977,0.710644132980561,0.007049047927963237
QR2,2018-01-31,2,1,0,-0.807194879600838,-0.7933421680828855,0.013852711517952532
QR2,2018-01-31,2,1,1,0.707512307501734,0.7073637632982991,0.00014854420343490826
QR2,2018-01-31,2,1,2,0.8829169739047992,0.8865632819422608,0.0036463080374615764
QR2,2018-01-31,2,1,3,-0.8941863889226588,-0.8921478190756919,0.002038569846966931
QR2,2018-01-31,2,1,4,0.692227984538326,0.6970697743678341,0.004841789829508114
QR2,2018-01-31,2,1,5,0.9531294431649375,0.9532014941820137,7.205101707619121e-05
QR2,2018-01-31,2,1,6,0.881437301611832,0.8820137652437692,0.0005764636319371963
QR2,2018-01-31,2,1,7,0.6702655021675563,0.6984791288407619,0.028213626673205594
QR2,2018-01-31,2,1,8,0.7113130722661658,0.7386513379422313,0.027338265676065454
QR2,2018-01-31,2,1,9,0.7118767324976445,0.7493075362628321,0.03743080376518759
QR2,2018-01-31,2,2,0,-0.6001874922251328,-0.6095562432005565,0.009368750975423668
QR2,2018-01-31,2,2,1,0.6418822673127981,0.6451868187215851,0.0033045514087870487
QR2,2018-01-31,2,2,2,0.8123131346305942,0.8072056506339991,0.005107483996595108
QR2,2018-01-31,2,2,3,-0.7054798175051559,-0.7134232395371967,0.007943422032040792
QR2,2018-01-31,2,2,4,0.6188015530682861,0.6190132908567834,0.0002117377884972571
QR2,2018-01-31,2,2,5,0.8686899932881842,0.8748113843766494,0.006121391088465211
QR2,2018-01-31,2,2,6,0.8133518637142562,0.8166331942817129,0.0032813305674567195
QR2,2018-01-31,2,2,7,0.6300372569346099,0.6552103556037225,0.02517309866911266
QR2,2018-01-31,2,2,8,0.6613494721297728,0.6856162507337793,0.0242667786040065
QR2,2018-01-31,2,2,9,0.6606723437559348,0.6963830477016364,0.03571070394570164
QR2,2018-10-31,2,1,0,-0.819417236400586,-0.8060488732963974,0.013368363104188541
QR2,2018-10-31,2,1,1,0.8082834686085093,0.8052486767787443,0.00303479182976496
QR2,2018-10-31,2,1,2,0.9314033885485308,0.9314530046786811,4.961613015030952e-05
QR2,2018-10-31,2,1,3,-0.8060244655400647,-0.7985166841862963,0.007507781353768395
QR2,2018-10-31,2,1,4,0.6376409321750743,0.6428699720138566,0.005229039838782312
QR2,2018-10-31,2,1,5,0.952991256164489,0.9528287183066748,0.00016253785781417118
QR2,2018-10-31,2,1,6,0.7892890509075289,0.7915476651507096,0.0022586142431807454
QR2,2018-10-31,2,1,7,0.6904372785830996,0.7388874462562014,0.04845016767310184
QR2,2018-10-31,2,1,8,0.7310469705635197,0.7775807607951442,0.046533790231624406
QR2,2018-10-31,2,1,9,0.7289563533275173,0.7839633283471317,0.05500697501961438
QR2,2018-10-31,2,2,0,-0.6116556366598015,-0.6218924212581614,0.01023678459835986
QR2,2018-10-31,2,2,1,0.7406478854942621,0.7478050119908903,0.007157126496628252
QR2,2018-10-31,2,2,2,0.8590761529672392,0.8581869794687718,0.0008891734984673993
QR2,2018-10-31,2,2,3,-0.6445640908663507,-0.6546867269947667,0.010122636128416018
QR2,2018-10-31,2,2,4,0.5723893270757147,0.5741224205774986,0.0017330935017839666
QR2,2018-10-31,2,2,5,0.8688582286600236,0.8757852469588872,0.006927018298863552
QR2,2018-10-31,2,2,6,0.7272837739929455,0.7306398599204476,0.0033560859275020283
QR2,2018-10-31,2,2,7,0.6501924406939857,0.694553652999409,0.044361212305423225
QR2,2018-10-31,2,2,8,0.6816460449462755,0.7256733880159181,0.04402734306964262
QR2,2018-10-31,2,2,9,0.6763994683459941,0.7288608853536949,0.052461417007700795
QR2,2019-08-31,2,1,0,-0.6023022490602321,-0.5745656951739663,0.027736553886265836
QR2,2019-08-31,2,1,1,0.7087663229000741,0.7066960938126151,0.002070229087459019
QR2,2019-08-31,2,1,2,0.9121524357279667,0.9129831653191253,0.0008307295911585966
QR2,2019-08-31,2,1,3,-0.7375735923663622,-0.7258813952965829,0.011692197069779309
QR2,2019-08-31,2,1,4,0.6431341860455458,0.6509890835867761,0.007854897541230255
QR2,2019-08-31,2,1,5,0.9588604212984704,0.9603512028970312,0.0014907815985608641
QR2,2019-08-31,2,1,6,0.738554568105761,0.7433903881018787,0.004835819996117707
QR2,2019-08-31,2,1,7,0.6761232744424932,0.7093716270716915,0.03324835262919834
QR2,2019-08-31,2,1,8,0.7280084431251164,0.7665373805878287,0.038528937462712354
QR2,2019-08-31,2,1,9,0.7221911620694155,0.7642199335305763,0.0420287714611608
QR2,2019-08-31,2,2,0,-0.5029382982729139,-0.5319322516928603,0.028993953419946372
QR2,2019-08-31,2,2,1,0.6733992985587636,0.6935217749241875,0.02012247636542397
QR2,2019-08-31,2,2,2,0.8310381690020241,0.8194094441941117,0.011628724807912438
QR2,2019-08-31,2,2,3,-0.6255585554020773,-0.6487235985917112,0.02316504318963397
QR2,2019-08-31,2,2,4,0.6053313144524981,0.6234569602416707,0.01812564578917264
QR2,2019-08-31,2,2,5,0.8768744358519087,0.8882777118124757,0.011403275960567005
QR2,2019-08-31,2,2,6,0.6983673554272865,0.7127619418874156,0.014394586460129144
QR2,2019-08-31,2,2,7,0.6430677640724769,0.6787850465177362,0.03571728244525929
QR2,2019-08-31,2,2,8,0.6833116450848571,0.7223123640553805,0.039000718970523374
QR2,2019-08-31,2,2,9,0.6746898318318821,0.7184276593740636,0.04373782754218147
QR2,2020-05-31,2,1,0,0.622210104485175,0.6360261222102248,0.013816017725049812
QR2,2020-05-31,2,1,1,-0.8749337313359511,-0.8791602252976283,0.00422649396167718
QR2,2020-05-31,2,1,2,-0.9430545674966372,-0.9466034078531327,0.0035488403564954973
QR2,2020-05-31,2,1,3,-0.15671677125780017,-0.14116693297618357,0.015549838281616601
QR2,2020-05-31,2,1,4,0.6983569225657086,0.7065162408033361,0.0081593182376275
QR2,2020-05-31,2,1,5,0.9580352098683704,0.959779954971568,0.0017447451031975536
QR2,2020-05-31,2,1,6,0.11027671390797884,0.1254995292458352,0.015222815337856369
QR2,2020-05-31,2,1,7,0.6689626106740298,0.6795929507194589,0.010630340045429065
QR2,2020-05-31,2,1,8,0.7271281037412527,0.742199973416219,0.01507186967496632
QR2,2020-05-31,2,1,9,0.7382276030546002,0.7551124845360091,0.016884881481408875
QR2,2020-05-31,2,2,0,0.5134222323899184,0.4861137008762722,0.02730853151364615
QR2,2020-05-31,2,2,1,-0.7386221191111743,-0.7366470763436942,0.001975042767480062
QR2,2020-05-31,2,2,2,-0.8062242878256068,-0.8083119219234028,0.0020876340977959984
QR2,2020-05-31,2,2,3,-0.18058508559381226,-0.21938685034415825,0.038801764750345996
QR2,2020-05-31,2,2,4,0.6504978720692353,0.6646372780714851,0.014139406002249832
QR2,2020-05-31,2,2,5,0.877464000851948,0.88479005878086,0.007326057928912055
QR2,2020-05-31,2,2,6,0.11849430239665366,0.13008200028400246,0.0115876978873488
QR2,2020-05-31,2,2,7,0.6185651956159752,0.6273463177157095,0.008781122099734251
QR2,2020-05-31,2,2,8,0.6828974640964097,0.700626746230084,0.017729282133674307
QR2,2020-05-31,2,2,9,0.6952717733584796,0.7130797442772158,0.017807970918736205
QR2,2021-02-28,2,1,0,-0.06698157437901958,-0.05867478545735393,0.008306788921665649
QR2,2021-02-28,2,1,1,0.783102510592278,0.7900737432345716,0.006971232642293601
QR2,2021-02-28,2,1,2,0.9560482811888801,0.9572460039633296,0.0011977227744495167
QR2,2021-02-28,2,1,3,-0.521909242770707,-0.5246935907025729,0.0027843479318658826
QR2,2021-02-28,2,1,4,0.8271484915127334,0.8348052948593192,0.007656803346585805
QR2,2021-02-28,2,1,5,0.9536273464593032,0.9535674631740385,5.988328526473907e-05
QR2,2021-02-28,2,1,6,0.8176217630393072,0.8251281669854451,0.007506403946137885
QR2,2021-02-28,2,1,7,0.6965841221187556,0.7435274861503578,0.04694336403160215
QR2,2021-02-28,2,1,8,0.7465687359021893,0.796662259279536,0.05009352337734674
QR2,2021-02-28,2,1,9,0.7422201544174702,0.7976034247478734,0.055383270330403134
QR2,2021-02-28,2,2,0,0.018157130163015074,0.01291274082364304,0.005244389339372034
QR2,2021-02-28,2,2,1,0.6820654929779435,0.6808438514072852,0.001221641570658294
QR2,2021-02-28,2,2,2,0.8827275669337684,0.8920769157101269,0.009349348776358513
QR2,2021-02-28,2,2,3,-0.36496985157530876,-0.3714981860293991,0.006528334454090345
QR2,2021-02-28,2,2,4,0.7222172847148662,0.7172788544935192,0.00493843022134699
QR2,2021-02-28,2,2,5,0.8668528955879053,0.8741113879151448,0.0072584923272394075
QR2,2021-02-28,2,2,6,0.7256786165617739,0.7192600772528337,0.006418539308940208
QR2,2021-02-28,2,2,7,0.6753647353593468,0.7205313378928795,0.04516660253353266
QR2,2021-02-28,2,2,8,0.7107908825090326,0.7648068401203274,0.05401595761129485
QR2,2021-02-28,2,2,9,0.7093584692323323,0.764592236602097,0.05523376736976471
QR2,2021-12-31,2,1,0,-0.2642026162906541,-0.25351925668425285,0.010683359606401266
QR2,2021-12-31,2,1,1,0.893350867125707,0.8984015810385412,0.005050713912834182
QR2,2021-12-31,2,1,2,0.7087850588318833,0.7143813550251619,0.005596296193278616
QR2,2021-12-31,2,1,3,-0.6749149971898519,-0.67985761145413,0.004942614264278111
QR2,2021-12-31,2,1,4,0.6462579087305677,0.6660826701098936,0.019824761379325984
QR2,2021-12-31,2,1,5,0.9514141772141248,0.9520112504402249,0.0005970732261001421
QR2,2021-12-31,2,1,6,0.8708178480500789,0.8774867107259596,0.006668862675880738
QR2,2021-12-31,2,1,7,0.6891034898719136,0.7315927963001077,0.04248930642819404
QR2,2021-12-31,2,1,8,0.7368756461557092,0.7774041365230595,0.04052849036735029
QR2,2021-12-31,2,1,9,0.7350081955433937,0.7876657677955932,0.05265757225219947
QR2,2021-12-31,2,2,0,-0.16022589882462973,-0.18168406344772045,0.02145816462309072
QR2,2021-12-31,2,2,1,0.8067209621966993,0.8139048119183825,0.007183849721683178
QR2,2021-12-31,2,2,2,0.6734917740627238,0.6690802892892029,0.004411484773520824
QR2,2021-12-31,2,2,3,-0.5097434694793641,-0.5255296736359055,0.015786204156541417
QR2,2021-12-31,2,2,4,0.5507334124985732,0.5446754375250783,0.006057974973494917
QR2,2021-12-31,2,2,5,0.8635544671078409,0.8711316113943401,0.007577144286499249
QR2,2021-12-31,2,2,6,0.7877764252382223,0.7858853431727855,0.0018910820654368665
QR2,2021-12-31,2,2,7,0.6583254667580644,0.6984985614085757,0.04017309465051133
QR2,2021-12-31,2,2,8,0.6965169745138399,0.7419329266736576,0.04541595215981775
QR2,2021-12-31,2,2,9,0.6929451886423982,0.7438372732254441,0.05089208458304595
QR2,2022-09-30,2,1,0,0.08184809709412064,0.10096659202192113,0.01911849492780049
QR2,2022-09-30,2,1,1,0.9585968865152883,0.9600116934147126,0.0014148068994243035
QR2,2022-09-30,2,1,2,0.9481035369920856,0.9453723754124954,0.002731161579590191
QR2,2022-09-30,2,1,3,-0.25515394432728605,-0.23892473675862896,0.01622920756865709
QR2,2022-09-30,2,1,4,0.6112726358311753,0.627399956412014,0.016127320580838655
QR2,2022-09-30,2,1,5,0.9623042248876181,0.9652966982990177,0.002992473411399521
QR2,2022-09-30,2,1,6,0.6550194773472673,0.6689117149347772,0.013892237587509904
QR2,2022-09-30,2,1,7,0.7080560030890586,0.7679024741500091,0.059846471060950535
QR2,2022-09-30,2,1,8,0.7634106793078854,0.8263263375898375,0.06291565828195211
QR2,2022-09-30,2,1,9,0.7529871327129092,0.8149919707328077,0.062004838019898534
QR2,2022-09-30,2,2,0,0.03497189477134113,-0.0034693000349275494,0.03844119480626868
QR2,2022-09-30,2,2,1,0.8796284898123182,0.8908617904487666,0.01123330063644834
QR2,2022-09-30,2,2,2,0.8768075341429168,0.8876836952733907,0.01087616113047396
QR2,2022-09-30,2,2,3,-0.24718037244195565,-0.28348529331899736,0.03630492087704171
QR2,2022-09-30,2,2,4,0.5663574728403141,0.5826718093233831,0.016314336483069014
QR2,2022-09-30,2,2,5,0.8784370910686484,0.894658558708259,0.01622146763961063
QR2,2022-09-30,2,2,6,0.6140995350280382,0.6279198395639536,0.013820304535915429
QR2,2022-09-30,2,2,7,0.6879683863549936,0.7433236280659411,0.05535524171094752
QR2,2022-09-30,2,2,8,0.7299444681445569,0.7933924697354012,0.0634480015908443
QR2,2022-09-30,2,2,9,0.7215884963019207,0.7841550968089804,0.06256660050705976
QR2,2023-07-31,2,1,0,-0.38901874356400273,-0.35865219311061414,0.030366550453388597
QR2,2023-07-31,2,1,1,-0.021529122863822428,-0.022849836970387716,0.0013207141065652885
QR2,2023-07-31,2,1,2,0.9499087155900328,0.9471545298173826,0.002754185772650186
QR2,2023-07-31,2,1,3,-0.6082413763989855,-0.594897051035293,0.013344325363692455
QR2,2023-07-31,2,1,4,0.692478689427809,0.6987344725208567,0.006255783093047751
QR2,2023-07-31,2,1,5,0.9614925009924651,0.9638193087769412,0.002326807784476137
QR2,2023-07-31,2,1,6,0.6665113317915793,0.6709784010567984,0.004467069265219115
QR2,2023-07-31,2,1,7,0.7140597026555708,0.7710525744392275,0.05699287178365664
QR2,2023-07-31,2,1,8,0.7551613448128565,0.8117734932326822,0.05661214841982576
QR2,2023-07-31,2,1,9,0.7546134239934272,0.8139980338341527,0.059384609840725466
QR2,2023-07-31,2,2,0,-0.34022283940210063,-0.37024161587057247,0.03001877646847184
QR2,2023-07-31,2,2,1,0.008114011988257095,0.01796728779772103,0.009853275809463935
QR2,2023-07-31,2,2,2,0.8798101421969472,0.881587305226453,0.0017771630295058127
QR2,2023-07-31,2,2,3,-0.5222025179818243,-0.5460828138441295,0.023880295862305223
QR2,2023-07-31,2,2,4,0.6435999266604056,0.6581042365435108,0.014504309883105249
QR2,2023-07-31,2,2,5,0.8837193968900834,0.8986379889400282,0.014918592049944834
QR2,2023-07-31,2,2,6,0.6278242974604343,0.6406948550323549,0.012870557571920571
QR2,2023-07-31,2,2,7,0.673079168015928,0.7293961323130822,0.05631696429715416
QR2,2023-07-31,2,2,8,0.7129637253303163,0.7702606982612574,0.05729697293094116
QR2,2023-07-31,2,2,9,0.7058395343183235,0.7670273867747366,0.06118785245641312
QR2,2024-04-30,2,1,0,-0.4813467077652591,-0.46511995184761673,0.016226755917642388
QR2,2024-04-30,2,1,1,0.4777032946029106,0.4852861417277431,0.007582847124832481
QR2,2024-04-30,2,1,2,0.9424313917959034,0.9445805356034916,0.0021491438075882385
QR2,2024-04-30,2,1,3,-0.6876971345877522,-0.6861954762095189,0.0015016583782332393
QR2,2024-04-30,2,1,4,0.7365092485671773,0.7452634054173636,0.008754156850186323
QR2,2024-04-30,2,1,5,0.9563668563411863,0.957404829015981,0.0010379726747946627
QR2,2024-04-30,2,1,6,0.8603860651239758,0.8646547414401023,0.004268676316126596
QR2,2024-04-30,2,1,7,0.6938208428593083,0.7417042876570755,0.04788344479776718
QR2,2024-04-30,2,1,8,0.7402297536050154,0.7885605361622511,0.04833078255723566
QR2,2024-04-30,2,1,9,0.7419169308717656,0.8014755273165709,0.05955859644480532
QR2,2024-04-30,2,2,0,-0.3470020334783832,-0.36179596335296127,0.01479392987457806
QR2,2024-04-30,2,2,1,0.40886140067848825,0.40655903424804135,0.0023023664304469005
QR2,2024-04-30,2,2,2,0.875181507027762,0.8822714233273742,0.007089916299612198
QR2,2024-04-30,2,2,3,-0.5306089550790023,-0.5409975195339095,0.010388564454907212
QR2,2024-04-30,2,2,4,0.650222925038576,0.650155274883146,6.76501554300879e-05
QR2,2024-04-30,2,2,5,0.8733593946328073,0.8832231889257532,0.009863794292945927
QR2,2024-04-30,2,2,6,0.785454423992723,0.788346290249668,0.0028918662569449305
QR2,2024-04-30,2,2,7,0.6603652275926499,0.7061724248330304,0.045807197240380515
QR2,2024-04-30,2,2,8,0.6978362725556504,0.7484488681504246,0.05061259559477416
QR2,2024-04-30,2,2,9,0.6959726189113171,0.7552912373211585,0.05931861840984143
QR2,2025-01-31,2,1,0,-0.1486400577406591,-0.1469622020148589,0.0016778557258002036
QR2,2025-01-31,2,1,1,0.9495369231378504,0.9493594832220753,0.00017743991577512386
QR2,2025-01-31,2,1,2,0.9517060593750325,0.9517075065984788,1.4472234463047684e-06
QR2,2025-01-31,2,1,3,-0.6132325978879961,-0.6188969881684986,0.005664390280502474
QR2,2025-01-31,2,1,4,0.7264822001198771,0.740078649492566,0.01359644937268889
QR2,2025-01-31,2,1,5,0.9510069930550342,0.9501154338986462,0.0008915591563880554
QR2,2025-01-31,2,1,6,0.8906446122880471,0.894126519921111,0.0034819076330638854
QR2,2025-01-31,2,1,7,0.6950242323558657,0.7402926139524071,0.04526838159654134
QR2,2025-01-31,2,1,8,0.7433086436804959,0.7851031826250054,0.041794538944509574
QR2,2025-01-31,2,1,9,0.7380212825217309,0.7900881952847099,0.05206691276297892
QR2,2025-01-31,2,2,0,-0.0558740877112436,-0.07109553175116212,0.01522144403991852
QR2,2025-01-31,2,2,1,0.8666071682852521,0.8727291226290301,0.006121954343778047
QR2,2025-01-31,2,2,2,0.8797117585411396,0.8853988018716787,0.005687043330539154
QR2,2025-01-31,2,2,3,-0.4488304598229591,-0.4644963942788994,0.015665934455940278
QR2,2025-01-31,2,2,4,0.6223936367941523,0.6133242595407624,0.009069377253389854
QR2,2025-01-31,2,2,5,0.8622024278367715,0.8677303308254622,0.005527902988690769
QR2,2025-01-31,2,2,6,0.8059168761050133,0.8022955173549593,0.0036213587500539823
QR2,2025-01-31,2,2,7,0.6714005032127122,0.7167325766011143,0.04533207338840217
QR2,2025-01-31,2,2,8,0.7077932974155641,0.7576432844237564,0.04984998700819232
QR2,2025-01-31,2,2,9,0.7029826482308423,0.756853136952534,0.053870488721691645
QR2,2025-11-30,2,1,0,-0.1815448927154867,-0.16824152547540702,0.013303367240079689
QR2,2025-11-30,2,1,1,0.5532133583043982,0.5717059975752047,0.018492639270806466
QR2,2025-11-30,2,1,2,-0.19475859988654823,-0.18292150467638935,0.011837095210158882
QR2,2025-11-30,2,1,3,-0.772444725128176,-0.7790907922599879,0.006646067131811928
QR2,2025-11-30,2,1,4,0.7268272032471828,0.7433584393373911,0.016531236090208346
QR2,2025-11-30,2,1,5,0.9499937648289577,0.9486681273174717,0.0013256375114859553
QR2,2025-11-30,2,1,6,0.8934085002198816,0.8991282360406043,0.005719735820722716
QR2,2025-11-30,2,1,7,0.6831914500233519,0.7229795034949087,0.039788053471556784
QR2,2025-11-30,2,1,8,0.7297552570256759,0.7745292143156706,0.04477395728999467
QR2,2025-11-30,2,1,9,0.72908856940991,0.7789310199116359,0.04984245050172598
QR2,2025-11-30,2,2,0,-0.0665805576716023,-0.07839551888453158,0.011814961212929284
QR2,2025-11-30,2,2,1,0.44708736600008786,0.43803801127119874,0.009049354728889125
QR2,2025-11-30,2,2,2,-0.10374556079059034,-0.11214399317135948,0.008398432380769136
QR2,2025-11-30,2,2,3,-0.5785695636946452,-0.5844739654146662,0.005904401720021046
QR2,2025-11-30,2,2,4,0.6142944399312318,0.6035542693307305,0.010740170600501253
QR2,2025-11-30,2,2,5,0.8613902932587045,0.8642448098951598,0.0028545166364553065
QR2,2025-11-30,2,2,6,0.8042216949214382,0.8010357070998826,0.003185987821555658
QR2,2025-11-30,2,2,7,0.6416841525703095,0.6840162964221759,0.042332143851866344
QR2,2025-11-30,2,2,8,0.6798522430352592,0.7287749964297785,0.04892275339451935
QR2,2025-11-30,2,2,9,0.6861596051277539,0.7366703415977192,0.05051073646996529
QR2,2026-08-31,2,1,0,-0.30671040005614486,-0.2980489216657912,0.008661478390353639
QR2,2026-08-31,2,1,1,0.8535709508562995,0.8552880460407644,0.0017170951844648341
QR2,2026-08-31,2,1,2,-0.189266947759749,-0.19315167753227802,0.0038847297725290164
QR2,2026-08-31,2,1,3,-0.6021406385049609,-0.5981359638488934,0.004004674656067464
QR2,2026-08-31,2,1,4,0.7164501154181379,0.7231020285862484,0.006651913168110535
QR2,2026-08-31,2,1,5,0.9635689927524246,0.9669905010263249,0.003421508273900309
QR2,2026-08-31,2,1,6,0.9585894027776699,0.9603412524965265,0.0017518497188565574
QR2,2026-08-31,2,1,7,0.7033645247369716,0.73042938298735,0.02706485825037841
QR2,2026-08-31,2,1,8,0.7538897105475676,0.7899429731456133,0.036053262598045754
QR2,2026-08-31,2,1,9,0.7438544682872014,0.781157065615993,0.0373025973287916
QR2,2026-08-31,2,2,0,-0.2475020416250678,-0.2755605213739135,0.028058479748845705
QR2,2026-08-31,2,2,1,0.7926960353760429,0.8118065524813252,0.01911051710528222
QR2,2026-08-31,2,2,2,-0.14785546569293076,-0.13889534833392944,0.008960117359001318
QR2,2026-08-31,2,2,3,-0.5057884893840053,-0.5364108326764496,0.030622343292444287
QR2,2026-08-31,2,2,4,0.6527060738391915,0.6685073890294453,0.01580131519025374
QR2,2026-08-31,2,2,5,0.8828957840759052,0.8998769684574552,0.016981184381550052
QR2,2026-08-31,2,2,6,0.8934411007136612,0.9067709893836446,0.013329888669983414
QR2,2026-08-31,2,2,7,0.665964765028025,0.6892153797742993,0.023250614746274212
QR2,2026-08-31,2,2,8,0.7094904284131515,0.7485621937554585,0.03907176534230705
QR2,2026-08-31,2,2,9,0.7035950850525977,0.738886669117055,0.035291584064457315
QR2,2018-01-31,4,1,0,-0.807194879600838,-0.8009414876091128,0.0062533919917252545
QR2,2018-01-31,4,1,1,0.707512307501734,0.7078675001388239,0.00035519263708994053
QR2,2018-01-31,4,1,2,0.8829169739047992,0.884681264729624,0.0017642908248248768
QR2,2018-01-31,4,1,3,-0.8941863889226588,-0.8932426474768211,0.0009437414458376425
QR2,2018-01-31,4,1,4,0.692227984538326,0.694814910207979,0.0025869256696530174
QR2,2018-01-31,4,1,5,0.9531294431649375,0.9535947867803196,0.0004653436153820856
QR2,2018-01-31,4,1,6,0.881437301611832,0.8821018030923551,0.0006645014805231053
QR2,2018-01-31,4,1,7,0.6702655021675563,0.6881135486961054,0.0178480465285491
QR2,2018-01-31,4,1,8,0.7113130722661658,0.7270938801558924,0.015780807889726578
QR2,2018-01-31,4,1,9,0.7118767324976445,0.732601925956343,0.0207251934586985
QR2,2018-01-31,4,2,0,-0.6001874922251328,-0.6050610337422075,0.004873541517074753
QR2,2018-01-31,4,2,1,0.6418822673127981,0.643586629033249,0.0017043617204509642
QR2,2018-01-31,4,2,2,0.8123131346305942,0.8100610469494721,0.0022520876811220614
QR2,2018-01-31,4,2,3,-0.7054798175051559,-0.708791825152712,0.0033120076475561255
QR2,2018-01-31,4,2,4,0.6188015530682861,0.6188002993553716,1.253712914484062e-06
QR2,2018-01-31,4,2,5,0.8686899932881842,0.8721370435034299,0.003447050215245717
QR2,2018-01-31,4,2,6,0.8133518637142562,0.8152306784318611,0.0018788147176049819
QR2,2018-01-31,4,2,7,0.6300372569346099,0.6457627701126385,0.015725513178028616
QR2,2018-01-31,4,2,8,0.6613494721297728,0.6757518305039435,0.014402358374170698
QR2,2018-01-31,4,2,9,0.6606723437559348,0.6802634367750892,0.019591093019154404
QR2,2018-10-31,4,1,0,-0.819417236400586,-0.8134423881321523,0.005974848268433641
QR2,2018-10-31,4,1,1,0.8082834686085093,0.807448408861413,0.0008350597470963006
QR2,2018-10-31,4,1,2,0.9314033885485308,0.9316691695227606,0.0002657809742298012
QR2,2018-10-31,4,1,3,-0.8060244655400647,-0.8028197863063644,0.0032046792337002694
QR2,2018-10-31,4,1,4,0.6376409321750743,0.6404708563854257,0.002829924210351331
QR2,2018-10-31,4,1,5,0.952991256164489,0.9533651643600233,0.00037390819553428933
QR2,2018-10-31,4,1,6,0.7892890509075289,0.7907339143350064,0.0014448634274775163
QR2,2018-10-31,4,1,7,0.6904372785830996,0.7185011077837821,0.02806382920068251
QR2,2018-10-31,4,1,8,0.7310469705635197,0.7566927334138612,0.02564576285034148
QR2,2018-10-31,4,1,9,0.7289563533275173,0.7585739820367564,0.02961762870923912
QR2,2018-10-31,4,2,0,-0.6116556366598015,-0.6168756179393454,0.005219981279543928
QR2,2018-10-31,4,2,1,0.7406478854942621,0.744538251751029,0.003890366256766864
QR2,2018-10-31,4,2,2,0.8590761529672392,0.8591780738506146,0.00010192088337546146
QR2,2018-10-31,4,2,3,-0.6445640908663507,-0.6495639052315596,0.00499981436520891
QR2,2018-10-31,4,2,4,0.5723893270757147,0.5730806314688313,0.0006913043931165985
QR2,2018-10-31,4,2,5,0.8688582286600236,0.8727070378751006,0.0038488092150770203
QR2,2018-10-31,4,2,6,0.7272837739929455,0.7290233401457146,0.0017395661527690454
QR2,2018-10-31,4,2,7,0.6501924406939857,0.6754368644107936,0.025244423716807907
QR2,2018-10-31,4,2,8,0.6816460449462755,0.7060159843538484,0.024369939407572927
QR2,2018-10-31,4,2,9,0.6763994683459941,0.7043802512027414,0.02798078285674732
QR2,2019-08-31,4,1,0,-0.6023022490602321,-0.5909822852293292,0.011319963830902946
QR2,2019-08-31,4,1,1,0.7087663229000741,0.70898674915396,0.00022042625388585257
QR2,2019-08-31,4,1,2,0.9121524357279667,0.9125252458594196,0.0003728101314529608
QR2,2019-08-31,4,1,3,-0.7375735923663622,-0.7332766385780966,0.004296953788265667
QR2,2019-08-31,4,1,4,0.6431341860455458,0.6477954309119583,0.004661244866412506
QR2,2019-08-31,4,1,5,0.9588604212984704,0.9600972764427634,0.0012368551442930587
QR2,2019-08-31,4,1,6,0.738554568105761,0.7416304256313154,0.003075857525554393
QR2,2019-08-31,4,1,7,0.6761232744424932,0.6961555886628591,0.020032314220365888
QR2,2019-08-31,4,1,8,0.7280084431251164,0.7494782826793959,0.021469839554279502
QR2,2019-08-31,4,1,9,0.7221911620694155,0.7452583764330428,0.023067214363627353
QR2,2019-08-31,4,2,0,-0.5029382982729139,-0.5211085947892139,0.018170296516299977
QR2,2019-08-31,4,2,1,0.6733992985587636,0.684999893431806,0.011600594873042436
QR2,2019-08-31,4,2,2,0.8310381690020241,0.8255783860955288,0.005459782906495292
QR2,2019-08-31,4,2,3,-0.6255585554020773,-0.6393812370133073,0.013822681611230014
QR2,2019-08-31,4,2,4,0.6053313144524981,0.6153491761382208,0.010017861685722718
QR2,2019-08-31,4,2,5,0.8768744358519087,0.8829640840836571,0.006089648231748401
QR2,2019-08-31,4,2,6,0.6983673554272865,0.7064479201941578,0.008080564766871356
QR2,2019-08-31,4,2,7,0.6430677640724769,0.6635919042206427,0.020524140148165837
QR2,2019-08-31,4,2,8,0.6833116450848571,0.7050368479216355,0.021725202836778368
QR2,2019-08-31,4,2,9,0.6746898318318821,0.698220134080452,0.02353030224856989
QR2,2020-05-31,4,1,0,0.622210104485175,0.6293643789572632,0.007154274472088162
QR2,2020-05-31,4,1,1,-0.8749337313359511,-0.8772165343579882,0.0022828030220370943
QR2,2020-05-31,4,1,2,-0.9430545674966372,-0.9449397400793399,0.00188517258270271
QR2,2020-05-31,4,1,3,-0.15671677125780017,-0.14911179045698106,0.007604980800819117
QR2,2020-05-31,4,1,4,0.6983569225657086,0.7018814180881084,0.003524495522399862
QR2,2020-05-31,4,1,5,0.9580352098683704,0.9594202459114071,0.001385036043036636
QR2,2020-05-31,4,1,6,0.11027671390797884,0.11660970938607734,0.006332995478098499
QR2,2020-05-31,4,1,7,0.6689626106740298,0.6791124943411405,0.01014988366711067
QR2,2020-05-31,4,1,8,0.7271281037412527,0.7381223800059064,0.010994276264653657
QR2,2020-05-31,4,1,9,0.7382276030546002,0.7511615958604382,0.012933992805837957
QR2,2020-05-31,4,2,0,0.5134222323899184,0.5003540853145262,0.013068147075392167
QR2,2020-05-31,4,2,1,-0.7386221191111743,-0.7375354371271307,0.0010866819840436026
QR2,2020-05-31,4,2,2,-0.8062242878256068,-0.8072464350571013,0.001022147231494408
QR2,2020-05-31,4,2,3,-0.18058508559381226,-0.20052846777757669,0.01994338218376443
QR2,2020-05-31,4,2,4,0.6504978720692353,0.6567925407270409,0.006294668657805591
QR2,2020-05-31,4,2,5,0.877464000851948,0.8816527557147226,0.004188754862774591
QR2,2020-05-31,4,2,6,0.11849430239665366,0.12282169302591647,0.004327390629262809
QR2,2020-05-31,4,2,7,0.6185651956159752,0.6277734064794526,0.00920821086347734
QR2,2020-05-31,4,2,8,0.6828974640964097,0.6953876142280419,0.012490150131632127
QR2,2020-05-31,4,2,9,0.6952717733584796,0.7083563054769323,0.01308453211845273
QR2,2021-02-28,4,1,0,-0.06698157437901958,-0.06108413456904795,0.005897439809971629
QR2,2021-02-28,4,1,1,0.783102510592278,0.7853708774981986,0.0022683669059205824
QR2,2021-02-28,4,1,2,0.9560482811888801,0.9570963041366652,0.0010480229477851655
QR2,2021-02-28,4,1,3,-0.521909242770707,-0.5212134662843948,0.0006957764863122495
QR2,2021-02-28,4,1,4,0.8271484915127334,0.8299082046370093,0.00275971312427592
QR2,2021-02-28,4,1,5,0.9536273464593032,0.9538740822691315,0.00024673580982825793
QR2,2021-02-28,4,1,6,0.8176217630393072,0.8202862033721957,0.0026644403328884847
QR2,2021-02-28,4,1,7,0.6965841221187556,0.7226329693303412,0.026048847211585513
QR2,2021-02-28,4,1,8,0.7465687359021893,0.7735514564137006,0.026982720511511293
QR2,2021-02-28,4,1,9,0.7422201544174702,0.7719903135544376,0.029770159136967345
QR2,2021-02-28,4,2,0,0.018157130163015074,0.01966539397608844,0.0015082638130733649
QR2,2021-02-28,4,2,1,0.6820654929779435,0.6785414639875277,0.0035240289904158173
QR2,2021-02-28,4,2,2,0.8827275669337684,0.8878228423806298,0.0050952754468613914
QR2,2021-02-28,4,2,3,-0.36496985157530876,-0.3635875205260263,0.0013823310492824814
QR2,2021-02-28,4,2,4,0.7222172847148662,0.7175058307002444,0.004711454014621808
QR2,2021-02-28,4,2,5,0.8668528955879053,0.870531740449258,0.003678844861352615
QR2,2021-02-28,4,2,6,0.7256786165617739,0.7202623383656229,0.005416278196150981
QR2,2021-02-28,4,2,7,0.6753647353593468,0.7002265857389759,0.02486185037962907
QR2,2021-02-28,4,2,8,0.7107908825090326,0.7393906850710864,0.028599802562053855
QR2,2021-02-28,4,2,9,0.7093584692323323,0.7387847456459088,0.029426276413576535
QR2,2021-12-31,4,1,0,-0.2642026162906541,-0.2586755216751861,0.00552709461546802
QR2,2021-12-31,4,1,1,0.893350867125707,0.8955850630226789,0.0022341958969719355
QR2,2021-12-31,4,1,2,0.7087850588318833,0.7120218922225227,0.0032368333906394042
QR2,2021-12-31,4,1,3,-0.6749149971898519,-0.6764300259990069,0.0015150288091549946
QR2,2021-12-31,4,1,4,0.6462579087305677,0.6545771610248478,0.0083192522942801
QR2,2021-12-31,4,1,5,0.9514141772141248,0.9518995316817062,0.0004853544675813559
QR2,2021-12-31,4,1,6,0.8708178480500789,0.8735909885134837,0.002773140463404822
QR2,2021-12-31,4,1,7,0.6891034898719136,0.7142939031400436,0.025190413268129985
QR2,2021-12-31,4,1,8,0.7368756461557092,0.7600092552483652,0.023133609092655938
QR2,2021-12-31,4,1,9,0.7350081955433937,0.7634849390086241,0.028476743465230436
QR2,2021-12-31,4,2,0,-0.16022589882462973,-0.16949326739977313,0.009267368575143403
QR2,2021-12-31,4,2,1,0.8067209621966993,0.8093553895760782,0.002634427379378912
QR2,2021-12-31,4,2,2,0.6734917740627238,0.6726536585272082,0.0008381155355156045
QR2,2021-12-31,4,2,3,-0.5097434694793641,-0.5151373907742103,0.005393921294846171
QR2,2021-12-31,4,2,4,0.5507334124985732,0.545140750045724,0.005592662452849173
QR2,2021-12-31,4,2,5,0.8635544671078409,0.8672209901497107,0.0036665230418697625
QR2,2021-12-31,4,2,6,0.7877764252382223,0.7857948782580152,0.0019815469802071384
QR2,2021-12-31,4,2,7,0.6583254667580644,0.6819291086683777,0.02360364191031339
QR2,2021-12-31,4,2,8,0.6965169745138399,0.7219817989068494,0.025464824393009566
QR2,2021-12-31,4,2,9,0.6929451886423982,0.7204989138663417,0.027553725223943504
QR2,2022-09-30,4,1,0,0.08184809709412064,0.08916911576338589,0.007321018669265253
QR2,2022-09-30,4,1,1,0.9585968865152883,0.9596755020719708,0.0010786155566825384
QR2,2022-09-30,4,1,2,0.9481035369920856,0.947449662252204,0.0006538747398816547
QR2,2022-09-30,4,1,3,-0.25515394432728605,-0.2492017696506386,0.005952174676647465
QR2,2022-09-30,4,1,4,0.6112726358311753,0.6194147656471584,0.008142129815983057
QR2,2022-09-30,4,1,5,0.9623042248876181,0.9642596572538319,0.0019554323662137607
QR2,2022-09-30,4,1,6,0.6550194773472673,0.6620380453368908,0.007018567989623525
QR2,2022-09-30,4,1,7,0.7080560030890586,0.7410713844341242,0.03301538134506565
QR2,2022-09-30,4,1,8,0.7634106793078854,0.7972853295320536,0.033874650224168135
QR2,2022-09-30,4,1,9,0.7529871327129092,0.7864876215116595,0.03350048879875034
QR2,2022-09-30,4,2,0,0.03497189477134113,0.011954636076325105,0.02301725869501603
QR2,2022-09-30,4,2,1,0.8796284898123182,0.8855192164584307,0.005890726646112454
QR2,2022-09-30,4,2,2,0.8768075341429168,0.8831533017936749,0.006345767650758116
QR2,2022-09-30,4,2,3,-0.24718037244195565,-0.2689685548202743,0.02178818237831867
QR2,2022-09-30,4,2,4,0.5663574728403141,0.5748428962956988,0.008485423455384722
QR2,2022-09-30,4,2,5,0.8784370910686484,0.8867544072431462,0.008317316174497824
QR2,2022-09-30,4,2,6,0.6140995350280382,0.6213237522509917,0.007224217222953522
QR2,2022-09-30,4,2,7,0.6879683863549936,0.7182940589323413,0.03032567257734775
QR2,2022-09-30,4,2,8,0.7299444681445569,0.7639147729992771,0.03397030485472019
QR2,2022-09-30,4,2,9,0.7215884963019207,0.7550480498390147,0.03345955353709407
QR2,2023-07-31,4,1,0,-0.38901874356400273,-0.375953961466771,0.01306478209723172
QR2,2023-07-31,4,1,1,-0.021529122863822428,-0.021744009037233603,0.00021488617341117525
QR2,2023-07-31,4,1,2,0.9499087155900328,0.9491032237723015,0.0008054918177312631
QR2,2023-07-31,4,1,3,-0.6082413763989855,-0.6027224016204306,0.005518974778554897
QR2,2023-07-31,4,1,4,0.692478689427809,0.6959035321710613,0.0034248427432522766
QR2,2023-07-31,4,1,5,0.9614925009924651,0.9631880126212203,0.001695511628755253
QR2,2023-07-31,4,1,6,0.6665113317915793,0.6690775832499877,0.002566251458408386
QR2,2023-07-31,4,1,7,0.7140597026555708,0.7465025046486632,0.03244280199309235
QR2,2023-07-31,4,1,8,0.7551613448128565,0.7863190738294524,0.03115772901659597
QR2,2023-07-31,4,1,9,0.7546134239934272,0.7871619870665151,0.032548563073087844
QR2,2023-07-31,4,2,0,-0.34022283940210063,-0.3581129705735757,0.017890131171475088
QR2,2023-07-31,4,2,1,0.008114011988257095,0.013332858790619635,0.00521884680236254
QR2,2023-07-31,4,2,2,0.8798101421969472,0.8816695465535138,0.0018594043565666185
QR2,2023-07-31,4,2,3,-0.5222025179818243,-0.5357168670636183,0.013514349081794053
QR2,2023-07-31,4,2,4,0.6435999266604056,0.6510761805018414,0.007476253841435798
QR2,2023-07-31,4,2,5,0.8837193968900834,0.8915733145433775,0.007853917653294129
QR2,2023-07-31,4,2,6,0.6278242974604343,0.6344646901240547,0.006640392663620376
QR2,2023-07-31,4,2,7,0.673079168015928,0.7040680086672715,0.03098884065134344
QR2,2023-07-31,4,2,8,0.7129637253303163,0.7441387208075945,0.0311749954772782
QR2,2023-07-31,4,2,9,0.7058395343183235,0.738597650466287,0.032758116147963534
QR2,2024-04-30,4,1,0,-0.4813467077652591,-0.47319004883363036,0.008156658931628757
QR2,2024-04-30,4,1,1,0.4777032946029106,0.48039576042615806,0.0026924658232474474
QR2,2024-04-30,4,1,2,0.9424313917959034,0.9440087820322788,0.0015773902363753756
QR2,2024-04-30,4,1,3,-0.6876971345877522,-0.6861728216439359,0.001524312943816275
QR2,2024-04-30,4,1,4,0.7365092485671773,0.7401619780880447,0.0036527295208674815
QR2,2024-04-30,4,1,5,0.9563668563411863,0.9572765305942709,0.0009096742530845248
QR2,2024-04-30,4,1,6,0.8603860651239758,0.862249422764933,0.0018633576409572417
QR2,2024-04-30,4,1,7,0.6938208428593083,0.7211176063288233,0.02729676346951493
QR2,2024-04-30,4,1,8,0.7402297536050154,0.7667431910988386,0.026513437493823178
QR2,2024-04-30,4,1,9,0.7419169308717656,0.7735747883895433,0.03165785751777772
QR2,2024-04-30,4,2,0,-0.3470020334783832,-0.3531370565087115,0.006135023030328313
QR2,2024-04-30,4,2,1,0.40886140067848825,0.40504343273456267,0.003817967943925582
QR2,2024-04-30,4,2,2,0.875181507027762,0.8795144238511543,0.004332916823392319
QR2,2024-04-30,4,2,3,-0.5306089550790023,-0.5336081019112623,0.0029991468322599912
QR2,2024-04-30,4,2,4,0.650222925038576,0.6485326496069714,0.0016902754316046043
QR2,2024-04-30,4,2,5,0.8733593946328073,0.8784988757903763,0.005139481157569015
QR2,2024-04-30,4,2,6,0.785454423992723,0.786031756100693,0.0005773321079699523
QR2,2024-04-30,4,2,7,0.6603652275926499,0.6861295277846028,0.02576430019195286
QR2,2024-04-30,4,2,8,0.6978362725556504,0.7253791899111873,0.027542917355536933
QR2,2024-04-30,4,2,9,0.6959726189113171,0.7272262833887683,0.03125366447745115
QR2,2025-01-31,4,1,0,-0.1486400577406591,-0.14598533411084294,0.002654723629816169
QR2,2025-01-31,4,1,1,0.9495369231378504,0.9494963747264572,4.05484113932264e-05
QR2,2025-01-31,4,1,2,0.9517060593750325,0.9521922058798367,0.00048614650480416355
QR2,2025-01-31,4,1,3,-0.6132325978879961,-0.6141722570932266,0.0009396592052305364
QR2,2025-01-31,4,1,4,0.7264822001198771,0.7314640312117443,0.004981831091867228
QR2,2025-01-31,4,1,5,0.9510069930550342,0.9507216392052944,0.00028535384973982225
QR2,2025-01-31,4,1,6,0.8906446122880471,0.8916993770374506,0.0010547647494034695
QR2,2025-01-31,4,1,7,0.6950242323558657,0.7215632669203722,0.02653903456450646
QR2,2025-01-31,4,1,8,0.7433086436804959,0.7673916399402019,0.024082996259706002
QR2,2025-01-31,4,1,9,0.7380212825217309,0.7661083595875173,0.028087077065786392
QR2,2025-01-31,4,2,0,-0.0558740877112436,-0.05982457546980093,0.003950487758557331
QR2,2025-01-31,4,2,1,0.8666071682852521,0.8693357696639299,0.0027286013786778085
QR2,2025-01-31,4,2,2,0.8797117585411396,0.8831863908964894,0.003474632355349838
QR2,2025-01-31,4,2,3,-0.4488304598229591,-0.45254060376607796,0.00371014394311886
QR2,2025-01-31,4,2,4,0.6223936367941523,0.6148463484878044,0.007547288306347877
QR2,2025-01-31,4,2,5,0.8622024278367715,0.864815334018745,0.0026129061819735178
QR2,2025-01-31,4,2,6,0.8059168761050133,0.8027838794897697,0.0031329966152435773
QR2,2025-01-31,4,2,7,0.6714005032127122,0.6975711806428841,0.026170677430171985
QR2,2025-01-31,4,2,8,0.7077932974155641,0.7357334848335846,0.027940187418020512
QR2,2025-01-31,4,2,9,0.7029826482308423,0.7319450551213049,0.02896240689046259
QR2,2025-11-30,4,1,0,-0.1815448927154867,-0.17435440343295566,0.0071904892825310485
QR2,2025-11-30,4,1,1,0.5532133583043982,0.5605902326196707,0.0073768743152724525
QR2,2025-11-30,4,1,2,-0.19475859988654823,-0.18843591911179544,0.006322680774752787
QR2,2025-11-30,4,1,3,-0.772444725128176,-0.774517863730133,0.002073138601957014
QR2,2025-11-30,4,1,4,0.7268272032471828,0.7335879815945775,0.006760778347394747
QR2,2025-11-30,4,1,5,0.9499937648289577,0.9495308144258904,0.00046295040306731927
QR2,2025-11-30,4,1,6,0.8934085002198816,0.8957726002006313,0.002364099980749712
QR2,2025-11-30,4,1,7,0.6831914500233519,0.7061390853336292,0.022947635310277326
QR2,2025-11-30,4,1,8,0.7297552570256759,0.7539012750616246,0.024146018035948735
QR2,2025-11-30,4,1,9,0.72908856940991,0.7556195590080254,0.026530989598115395
QR2,2025-11-30,4,2,0,-0.0665805576716023,-0.06979280563590072,0.0032122479642984203
QR2,2025-11-30,4,2,1,0.44708736600008786,0.4388186531652321,0.008268712834855751
QR2,2025-11-30,4,2,2,-0.10374556079059034,-0.10564404131434114,0.0018984805237508007
QR2,2025-11-30,4,2,3,-0.5785695636946452,-0.5782641484855683,0.000305415209076898
QR2,2025-11-30,4,2,4,0.6142944399312318,0.6063000887883389,0.00799435114289293
QR2,2025-11-30,4,2,5,0.8613902932587045,0.862728578505858,0.0013382852471535145
QR2,2025-11-30,4,2,6,0.8042216949214382,0.8014742985445544,0.002747396376883815
QR2,2025-11-30,4,2,7,0.6416841525703095,0.6653628520301733,0.023678699459863783
QR2,2025-11-30,4,2,8,0.6798522430352592,0.7059387634715322,0.02608652043627302
QR2,2025-11-30,4,2,9,0.6861596051277539,0.7129371189252358,0.026777513797481944
QR2,2026-08-31,4,1,0,-0.30671040005614486,-0.30132062831758405,0.005389771738560811
QR2,2026-08-31,4,1,1,0.8535709508562995,0.8542635723838973,0.0006926215275977476
QR2,2026-08-31,4,1,2,-0.189266947759749,-0.19218010587165085,0.002913158111901848
QR2,2026-08-31,4,1,3,-0.6021406385049609,-0.5993140823042858,0.0028265562006750677
QR2,2026-08-31,4,1,4,0.7164501154181379,0.7190145733390656,0.002564457920927743
QR2,2026-08-31,4,1,5,0.9635689927524246,0.9658117496127228,0.0022427568602981784
QR2,2026-08-31,4,1,6,0.9585894027776699,0.959808002842012,0.0012186000643420458
QR2,2026-08-31,4,1,7,0.7033645247369716,0.7222687196261275,0.018904194889155845
QR2,2026-08-31,4,1,8,0.7538897105475676,0.7761240889653427,0.02223437841777509
QR2,2026-08-31,4,1,9,0.7438544682872014,0.7650238465774324,0.021169378290231022
QR2,2026-08-31,4,2,0,-0.2475020416250678,-0.260088475221363,0.012586433596295216
QR2,2026-08-31,4,2,1,0.7926960353760429,0.8015682525113772,0.00887221713533426
QR2,2026-08-31,4,2,2,-0.14785546569293076,-0.14606750359574502,0.0017879620971857357
QR2,2026-08-31,4,2,3,-0.5057884893840053,-0.5195086554929098,0.013720166108904475
QR2,2026-08-31,4,2,4,0.6527060738391915,0.6590792528731668,0.006373179033975274
QR2,2026-08-31,4,2,5,0.8828957840759052,0.891732020063361,0.008836235987455865
QR2,2026-08-31,4,2,6,0.8934411007136612,0.9002504351322725,0.0068093344186113125
QR2,2026-08-31,4,2,7,0.665964765028025,0.6822604385555219,0.016295673527496835
QR2,2026-08-31,4,2,8,0.7094904284131515,0.7326768125329947,0.023186384119843195
QR2,2026-08-31,4,2,9,0.7035950850525977,0.7234784837822038,0.019883398729606094
QR2,2018-01-31,8,1,0,-0.807194879600838,-0.8042314454110095,0.0029634341898284733
QR2,2018-01-31,8,1,1,0.707512307501734,0.7077744159456184,0.00026210844388441235
QR2,2018-01-31,8,1,2,0.8829169739047992,0.8837822166407682,0.0008652427359689963
QR2,2018-01-31,8,1,3,-0.8941863889226588,-0.8937272645577371,0.0004591243649216814
QR2,2018-01-31,8,1,4,0.692227984538326,0.6935436866651458,0.001315702126819751
QR2,2018-01-31,8,1,5,0.9531294431649375,0.9534600543387696,0.00033061117383204053
QR2,2018-01-31,8,1,6,0.881437301611832,0.8818507313600353,0.0004134297482033533
QR2,2018-01-31,8,1,7,0.6702655021675563,0.679833408150024,0.009567905982467706
QR2,2018-01-31,8,1,8,0.7113130722661658,0.7195430774740889,0.008230005207923052
QR2,2018-01-31,8,1,9,0.7118767324976445,0.7225031070105427,0.010626374512898162
QR2,2018-01-31,8,2,0,-0.6001874922251328,-0.6026647503467782,0.0024772581216454537
QR2,2018-01-31,8,2,1,0.6418822673127981,0.6427273836326399,0.0008451163198418543
QR2,2018-01-31,8,2,2,0.8123131346305942,0.8112590612826136,0.0010540733479805775
QR2,2018-01-31,8,2,3,-0.7054798175051559,-0.7069908568197902,0.001511039314634366
QR2,2018-01-31,8,2,4,0.6188015530682861,0.6187543551140546,4.719795423147044e-05
QR2,2018-01-31,8,2,5,0.8686899932881842,0.87049745414684,0.001807460858655796
QR2,2018-01-31,8,2,6,0.8133518637142562,0.8143371421479857,0.0009852784337295306
QR2,2018-01-31,8,2,7,0.6300372569346099,0.6384360850313016,0.00839882809669168
QR2,2018-01-31,8,2,8,0.6613494721297728,0.668903822206824,0.007554350077051186
QR2,2018-01-31,8,2,9,0.6606723437559348,0.6706847686059079,0.010012424849973112
QR2,2018-10-31,8,1,0,-0.819417236400586,-0.8165975512611839,0.002819685139402006
QR2,2018-10-31,8,1,1,0.8082834686085093,0.8080070284520683,0.0002764401564410157
QR2,2018-10-31,8,1,2,0.9314033885485308,0.9315918544364391,0.00018846588790832897
QR2,2018-10-31,8,1,3,-0.8060244655400647,-0.804546593103498,0.0014778724365667184
QR2,2018-10-31,8,1,4,0.6376409321750743,0.6390800709039942,0.0014391387289198754
QR2,2018-10-31,8,1,5,0.952991256164489,0.9532806622660782,0.0002894061015892291
QR2,2018-10-31,8,1,6,0.7892890509075289,0.7900696909019181,0.000780639994389265
QR2,2018-10-31,8,1,7,0.6904372785830996,0.705008850535788,0.014571571952688434
QR2,2018-10-31,8,1,8,0.7310469705635197,0.7441439452176467,0.013096974654126958
QR2,2018-10-31,8,1,9,0.7289563533275173,0.7439464330395592,0.014990079712041915
QR2,2018-10-31,8,2,0,-0.6116556366598015,-0.6142819868846066,0.002626350224805063
QR2,2018-10-31,8,2,1,0.7406478854942621,0.7426349031527419,0.0019870176584798616
QR2,2018-10-31,8,2,2,0.8590761529672392,0.8592451854319016,0.00016903246466248856
QR2,2018-10-31,8,2,3,-0.6445640908663507,-0.6470425095084547,0.0024784186421039633
QR2,2018-10-31,8,2,4,0.5723893270757147,0.5726610363035937,0.0002717092278790023
QR2,2018-10-31,8,2,5,0.8688582286600236,0.870858351855154,0.002000123195130432
QR2,2018-10-31,8,2,6,0.7272837739929455,0.7281449761641737,0.0008612021712282036
QR2,2018-10-31,8,2,7,0.6501924406939857,0.6632231819550043,0.013030741261018552
QR2,2018-10-31,8,2,8,0.6816460449462755,0.6940830331068895,0.012436988160614004
QR2,2018-10-31,8,2,9,0.6763994683459941,0.6905111883298716,0.014111719983877502
QR2,2019-08-31,8,1,0,-0.6023022490602321,-0.5972575182699787,0.00504473079025336
QR2,2019-08-31,8,1,1,0.7087663229000741,0.709152114700349,0.0003857918002748706
QR2,2019-08-31,8,1,2,0.9121524357279667,0.9123206851850068,0.00016824945704008165
QR2,2019-08-31,8,1,3,-0.7375735923663622,-0.7357913359382044,0.001782256428157769
QR2,2019-08-31,8,1,4,0.6431341860455458,0.6456155585407319,0.002481372495186096
QR2,2019-08-31,8,1,5,0.9588604212984704,0.9595880539060955,0.000727632607625095
QR2,2019-08-31,8,1,6,0.738554568105761,0.7402332859258414,0.0016787178200803332
QR2,2019-08-31,8,1,7,0.6761232744424932,0.6867029971552137,0.010579722712720452
QR2,2019-08-31,8,1,8,0.7280084431251164,0.7390710263053264,0.011062583180210028
QR2,2019-08-31,8,1,9,0.7221911620694155,0.733995398841313,0.01180423677189757
QR2,2019-08-31,8,2,0,-0.5029382982729139,-0.5128394761084596,0.009901177835545671
QR2,2019-08-31,8,2,1,0.6733992985587636,0.6795131060436446,0.006113807484880995
QR2,2019-08-31,8,2,2,0.8310381690020241,0.8283864159896348,0.0026517530123892907
QR2,2019-08-31,8,2,3,-0.6255585554020773,-0.6329610592142129,0.007402503812135586
QR2,2019-08-31,8,2,4,0.6053313144524981,0.6105138079563878,0.0051824935038896625
QR2,2019-08-31,8,2,5,0.8768744358519087,0.8799856984649861,0.00311126261307737
QR2,2019-08-31,8,2,6,0.6983673554272865,0.7025748892490478,0.004207533821761311
QR2,2019-08-31,8,2,7,0.6430677640724769,0.6537614724485113,0.01069370837603445
QR2,2019-08-31,8,2,8,0.6833116450848571,0.6944899871457305,0.011178342060873425
QR2,2019-08-31,8,2,9,0.6746898318318821,0.6866588580664231,0.011969026234540991
QR2,2020-05-31,8,1,0,0.622210104485175,0.6258974897357751,0.0036873852506000837
QR2,2020-05-31,8,1,1,-0.8749337313359511,-0.8761457428098508,0.00121201147389971
QR2,2020-05-31,8,1,2,-0.9430545674966372,-0.9440228921193129,0.0009683246226757092
QR2,2020-05-31,8,1,3,-0.15671677125780017,-0.15286581102555705,0.003850960232243128
QR2,2020-05-31,8,1,4,0.6983569225657086,0.6999290685581951,0.0015721459924865622
QR2,2020-05-31,8,1,5,0.9580352098683704,0.9588474460438732,0.0008122361755027452
QR2,2020-05-31,8,1,6,0.11027671390797884,0.11306062646223891,0.002783912554260068
QR2,2020-05-31,8,1,7,0.6689626106740298,0.6750697234334551,0.006107112759425215
QR2,2020-05-31,8,1,8,0.7271281037412527,0.7333782490179948,0.0062501452767420584
QR2,2020-05-31,8,1,9,0.7382276030546002,0.7455957134686175,0.007368110414017304
QR2,2020-05-31,8,2,0,0.5134222323899184,0.507081624226204,0.006340608163714401
QR2,2020-05-31,8,2,1,-0.7386221191111743,-0.7380770421604711,0.0005450769507031605
QR2,2020-05-31,8,2,2,-0.8062242878256068,-0.8067233256533936,0.000499037827786708
QR2,2020-05-31,8,2,3,-0.18058508559381226,-0.19058352866576272,0.009998443071950469
QR2,2020-05-31,8,2,4,0.6504978720692353,0.6534141453400992,0.002916273270863967
QR2,2020-05-31,8,2,5,0.877464000851948,0.8796715027458392,0.002207501893891184
QR2,2020-05-31,8,2,6,0.11849430239665366,0.12025011651514506,0.0017558141184913917
QR2,2020-05-31,8,2,7,0.6185651956159752,0.6241868269304194,0.005621631314444153
QR2,2020-05-31,8,2,8,0.6828974640964097,0.6898720215697028,0.006974557473293119
QR2,2020-05-31,8,2,9,0.6952717733584796,0.7026384058246323,0.007366632466152767
QR2,2021-02-28,8,1,0,-0.06698157437901958,-0.0635800688843645,0.00340150549465508
QR2,2021-02-28,8,1,1,0.783102510592278,0.783912443221659,0.000809932629381005
QR2,2021-02-28,8,1,2,0.9560482811888801,0.9566717116669855,0.0006234304781054245
QR2,2021-02-28,8,1,3,-0.521909242770707,-0.5210194686815833,0.0008897740891237182
QR2,2021-02-28,8,1,4,0.8271484915127334,0.8282569738853844,0.0011084823726510429
QR2,2021-02-28,8,1,5,0.9536273464593032,0.9538223567174762,0.00019501025817292295
QR2,2021-02-28,8,1,6,0.8176217630393072,0.8186752508815718,0.0010534878422645555
QR2,2021-02-28,8,1,7,0.6965841221187556,0.710039225884004,0.013455103765248388
QR2,2021-02-28,8,1,8,0.7465687359021893,0.7603396782651597,0.013770942362970384
QR2,2021-02-28,8,1,9,0.7422201544174702,0.7573564343768795,0.015136279959409249
QR2,2021-02-28,8,2,0,0.018157130163015074,0.019777251400053264,0.0016201212370381898
QR2,2021-02-28,8,2,1,0.6820654929779435,0.6796866373419174,0.0023788556360261337
QR2,2021-02-28,8,2,2,0.8827275669337684,0.8853517610913806,0.0026241941576121697
QR2,2021-02-28,8,2,3,-0.36496985157530876,-0.3632686090261334,0.0017012425491753635
QR2,2021-02-28,8,2,4,0.7222172847148662,0.7194095877245659,0.002807696990300368
QR2,2021-02-28,8,2,5,0.8668528955879053,0.8687264129398321,0.0018735173519267567
QR2,2021-02-28,8,2,6,0.7256786165617739,0.7225133264746111,0.00316529008716282
QR2,2021-02-28,8,2,7,0.6753647353593468,0.6881782235250887,0.012813488165741904
QR2,2021-02-28,8,2,8,0.7107908825090326,0.725261402824288,0.01447052031525542
QR2,2021-02-28,8,2,9,0.7093584692323323,0.7242717247088802,0.014913255476547982
QR2,2021-12-31,8,1,0,-0.2642026162906541,-0.26134728116384015,0.0028553351268139626
QR2,2021-12-31,8,1,1,0.893350867125707,0.894379928561235,0.0010290614355280558
QR2,2021-12-31,8,1,2,0.7087850588318833,0.7105350051405467,0.0017499463086634304
QR2,2021-12-31,8,1,3,-0.6749149971898519,-0.6754010936192896,0.00048609642943764353
QR2,2021-12-31,8,1,4,0.6462579087305677,0.6499991396147468,0.003741230884179103
QR2,2021-12-31,8,1,5,0.9514141772141248,0.951706344339454,0.0002921671253292013
QR2,2021-12-31,8,1,6,0.8708178480500789,0.8720563108312351,0.0012384627811562465
QR2,2021-12-31,8,1,7,0.6891034898719136,0.7023967777504578,0.013293287878544224
QR2,2021-12-31,8,1,8,0.7368756461557092,0.7489504126122948,0.012074766456585562
QR2,2021-12-31,8,1,9,0.7350081955433937,0.7495435599192626,0.014535364375868887
QR2,2021-12-31,8,2,0,-0.16022589882462973,-0.16454698737831078,0.004321088553681046
QR2,2021-12-31,8,2,1,0.8067209621966993,0.8078309535864625,0.0011099913897631986
QR2,2021-12-31,8,2,2,0.6734917740627238,0.6733601013949575,0.0001316726677662583
QR2,2021-12-31,8,2,3,-0.5097434694793641,-0.5118853659015652,0.002141896422201084
QR2,2021-12-31,8,2,4,0.5507334124985732,0.5473801621635782,0.003353250334995006
QR2,2021-12-31,8,2,5,0.8635544671078409,0.8653754668143239,0.001820999706482973
QR2,2021-12-31,8,2,6,0.7877764252382223,0.786567690567463,0.001208734670759326
QR2,2021-12-31,8,2,7,0.6583254667580644,0.6707489533503526,0.012423486592288202
QR2,2021-12-31,8,2,8,0.6965169745138399,0.7096899571309379,0.013172982617097984
QR2,2021-12-31,8,2,9,0.6929451886423982,0.7070139161925137,0.014068727550115567
QR2,2022-09-30,8,1,0,0.08184809709412064,0.0849493660651728,0.0031012689710521596
QR2,2022-09-30,8,1,1,0.9585968865152883,0.9592110771408121,0.0006141906255238139
QR2,2022-09-30,8,1,2,0.9481035369920856,0.9479305055190449,0.00017303147304070787
QR2,2022-09-30,8,1,3,-0.25515394432728605,-0.25270652795513204,0.00244741637215401
QR2,2022-09-30,8,1,4,0.6112726358311753,0.6153361044505034,0.004063468619328048
QR2,2022-09-30,8,1,5,0.9623042248876181,0.9633809803185311,0.0010767554309130123
QR2,2022-09-30,8,1,6,0.6550194773472673,0.6585256291088322,0.0035061517615648796
QR2,2022-09-30,8,1,7,0.7080560030890586,0.7249497584601527,0.016893755371094166
QR2,2022-09-30,8,1,8,0.7634106793078854,0.7806089555884794,0.017198276280594005
QR2,2022-09-30,8,1,9,0.7529871327129092,0.7700144240296529,0.017027291316743742
QR2,2022-09-30,8,2,0,0.03497189477134113,0.022621224042340786,0.012350670729000347
QR2,2022-09-30,8,2,1,0.8796284898123182,0.8825957835430068,0.0029672937306886027
QR2,2022-09-30,8,2,2,0.8768075341429168,0.8801528160625909,0.0033452819196740924
QR2,2022-09-30,8,2,3,-0.24718037244195565,-0.2588788760548314,0.01169850361287575
QR2,2022-09-30,8,2,4,0.5663574728403141,0.5706307228340972,0.00427324999378309
QR2,2022-09-30,8,2,5,0.8784370910686484,0.8826059149934532,0.0041688239248047765
QR2,2022-09-30,8,2,6,0.6140995350280382,0.6177402974212733,0.0036407623932351862
QR2,2022-09-30,8,2,7,0.6879683863549936,0.7034900021642234,0.015521615809229838
QR2,2022-09-30,8,2,8,0.7299444681445569,0.7471511751834501,0.017206707038893154
QR2,2022-09-30,8,2,9,0.7215884963019207,0.7385554282064672,0.016966931904546567
QR2,2023-07-31,8,1,0,-0.38901874356400273,-0.382996629111246,0.006022114452756744
QR2,2023-07-31,8,1,1,-0.021529122863822428,-0.02156838340520245,3.926054138002344e-05
QR2,2023-07-31,8,1,2,0.9499087155900328,0.9496263582137306,0.00028235737630211144
QR2,2023-07-31,8,1,3,-0.6082413763989855,-0.605747399396168,0.0024939770028175046
QR2,2023-07-31,8,1,4,0.692478689427809,0.6942337950982331,0.0017551056704241397
QR2,2023-07-31,8,1,5,0.9614925009924651,0.9624558467138516,0.0009633457213865659
QR2,2023-07-31,8,1,6,0.6665113317915793,0.667850022836578,0.00133869104499873
QR2,2023-07-31,8,1,7,0.7140597026555708,0.7308224468504124,0.016762744194841583
QR2,2023-07-31,8,1,8,0.7551613448128565,0.7710860806873029,0.015924735874446427
QR2,2023-07-31,8,1,9,0.7546134239934272,0.7712068062400544,0.01659338224662721
QR2,2023-07-31,8,2,0,-0.34022283940210063,-0.3497777211872184,0.009554881785117764
QR2,2023-07-31,8,2,1,0.008114011988257095,0.010751806200790297,0.0026377942125332017
QR2,2023-07-31,8,2,2,0.8798101421969472,0.880923539122195,0.0011133969252478115
QR2,2023-07-31,8,2,3,-0.5222025179818243,-0.5292713545441283,0.0070688365623040594
QR2,2023-07-31,8,2,4,0.6435999266604056,0.6473333354370439,0.003733408776638303
QR2,2023-07-31,8,2,5,0.8837193968900834,0.8876986069779935,0.003979210087910134
QR2,2023-07-31,8,2,6,0.6278242974604343,0.6311497765244307,0.003325479063996384
QR2,2023-07-31,8,2,7,0.673079168015928,0.6889197277370347,0.01584055972110665
QR2,2023-07-31,8,2,8,0.7129637253303163,0.7288088814080196,0.015845156077703315
QR2,2023-07-31,8,2,9,0.7058395343183235,0.722410457288059,0.016570922969735502
QR2,2024-04-30,8,1,0,-0.4813467077652591,-0.47724091996910245,0.004105787796156668
QR2,2024-04-30,8,1,1,0.4777032946029106,0.47874142804457814,0.0010381334416675325
QR2,2024-04-30,8,1,2,0.9424313917959034,0.94333193546591,0.0009005436700065816
QR2,2024-04-30,8,1,3,-0.6876971345877522,-0.6867278705216442,0.0009692640661079777
QR2,2024-04-30,8,1,4,0.7365092485671773,0.7381360980144555,0.0016268494472782002
QR2,2024-04-30,8,1,5,0.9563668563411863,0.9569123486155503,0.0005454922743639568
QR2,2024-04-30,8,1,6,0.8603860651239758,0.8612373386886422,0.0008512735646664105
QR2,2024-04-30,8,1,7,0.6938208428593083,0.7079659648263693,0.01414512196706097
QR2,2024-04-30,8,1,8,0.7402297536050154,0.7537964528074107,0.013566699202395283
QR2,2024-04-30,8,1,9,0.7419169308717656,0.7578958952692548,0.015978964397489248
QR2,2024-04-30,8,2,0,-0.3470020334783832,-0.34980744056181684,0.002805407083433631
QR2,2024-04-30,8,2,1,0.40886140067848825,0.40636941214871636,0.0024919885297718936
QR2,2024-04-30,8,2,2,0.875181507027762,0.8774896615177922,0.00230815449003019
QR2,2024-04-30,8,2,3,-0.5306089550790023,-0.5316313864820303,0.0010224314030280457
QR2,2024-04-30,8,2,4,0.650222925038576,0.6490182671062054,0.0012046579323706785
QR2,2024-04-30,8,2,5,0.8733593946328073,0.8759728909572478,0.002613496324440523
QR2,2024-04-30,8,2,6,0.785454423992723,0.7855546421616056,0.00010021816888261537
QR2,2024-04-30,8,2,7,0.6603652275926499,0.6736587798695691,0.013293552276919196
QR2,2024-04-30,8,2,8,0.6978362725556504,0.711855959875655,0.014019687320004581
QR2,2024-04-30,8,2,9,0.6959726189113171,0.7116978190141602,0.015725200102843062
QR2,2025-01-31,8,1,0,-0.1486400577406591,-0.14681081846589253,0.0018292392747665809
QR2,2025-01-31,8,1,1,0.9495369231378504,0.9495311712514154,5.75188643503477e-06
QR2,2025-01-31,8,1,2,0.9517060593750325,0.9520708861429645,0.00036482676793203606
QR2,2025-01-31,8,1,3,-0.6132325978879961,-0.613187527179278,4.507070871806462e-05
QR2,2025-01-31,8,1,4,0.7264822001198771,0.7285088946620479,0.0020266945421708593
QR2,2025-01-31,8,1,5,0.9510069930550342,0.9509146851371064,9.230791792780302e-05
QR2,2025-01-31,8,1,6,0.8906446122880471,0.8910005282843048,0.0003559159962576164
QR2,2025-01-31,8,1,7,0.6950242323558657,0.7090287553485379,0.014004522992672186
QR2,2025-01-31,8,1,8,0.7433086436804959,0.755947937553378,0.012639293872882096
QR2,2025-01-31,8,1,9,0.7380212825217309,0.7523881297594677,0.014366847237736735
QR2,2025-01-31,8,2,0,-0.0558740877112436,-0.05704867661373266,0.00117458890248906
QR2,2025-01-31,8,2,1,0.8666071682852521,0.8679158176340033,0.0013086493487511897
QR2,2025-01-31,8,2,2,0.8797117585411396,0.8815881390607009,0.0018763805195612937
QR2,2025-01-31,8,2,3,-0.4488304598229591,-0.4497662222545253,0.0009357624315661783
QR2,2025-01-31,8,2,4,0.6223936367941523,0.6179882745802752,0.0044053622138771065
QR2,2025-01-31,8,2,5,0.8622024278367715,0.8635067700902079,0.0013043422534364524
QR2,2025-01-31,8,2,6,0.8059168761050133,0.8040895832142649,0.0018272928907483443
QR2,2025-01-31,8,2,7,0.6714005032127122,0.685124670078618,0.013724166865905829
QR2,2025-01-31,8,2,8,0.7077932974155641,0.7222563043701926,0.014463006954628543
QR2,2025-01-31,8,2,9,0.7029826482308423,0.7177602705333832,0.014777622302540872
QR2,2025-11-30,8,1,0,-0.1815448927154867,-0.17777435439821435,0.003770538317272365
QR2,2025-11-30,8,1,1,0.5532133583043982,0.5564018951199993,0.0031885368156010507
QR2,2025-11-30,8,1,2,-0.19475859988654823,-0.19145868147879636,0.003299918407751873
QR2,2025-11-30,8,1,3,-0.772444725128176,-0.7731510245190624,0.0007062993908864001
QR2,2025-11-30,8,1,4,0.7268272032471828,0.7298200367644369,0.002992833517254101
QR2,2025-11-30,8,1,5,0.9499937648289577,0.9498196635277906,0.00017410130116712885
QR2,2025-11-30,8,1,6,0.8934085002198816,0.8944614378055599,0.0010529375856782597
QR2,2025-11-30,8,1,7,0.6831914500233519,0.6951722616588248,0.011980811635472932
QR2,2025-11-30,8,1,8,0.7297552570256759,0.7420780396268413,0.012322782601165372
QR2,2025-11-30,8,1,9,0.72908856940991,0.7425161656681253,0.013427596258215324
QR2,2025-11-30,8,2,0,-0.0665805576716023,-0.06760251724134086,0.0010219595697385647
QR2,2025-11-30,8,2,1,0.44708736600008786,0.44212762014848006,0.0049597458516078
QR2,2025-11-30,8,2,2,-0.10374556079059034,-0.10419484949041845,0.00044928869982810427
QR2,2025-11-30,8,2,3,-0.5785695636946452,-0.5777127447030087,0.0008568189916364766
QR2,2025-11-30,8,2,4,0.6142944399312318,0.6097349755404915,0.0045594643907402865
QR2,2025-11-30,8,2,5,0.8613902932587045,0.8620752403546038,0.0006849470958992798
QR2,2025-11-30,8,2,6,0.8042216949214382,0.802612313878624,0.001609381042814273
QR2,2025-11-30,8,2,7,0.6416841525703095,0.653906461426781,0.012222308856471464
QR2,2025-11-30,8,2,8,0.6798522430352592,0.6930611530028937,0.013208909967634574
QR2,2025-11-30,8,2,9,0.6861596051277539,0.6996842057953992,0.013524600667645381
QR2,2026-08-31,8,1,0,-0.30671040005614486,-0.3037105270570293,0.0029998729991155826
QR2,2026-08-31,8,1,1,0.8535709508562995,0.8538313901064893,0.0002604392501898145
QR2,2026-08-31,8,1,2,-0.189266947759749,-0.19104420724169024,0.0017772594819412402
QR2,2026-08-31,8,1,3,-0.6021406385049609,-0.600458574686382,0.0016820638185789383
QR2,2026-08-31,8,1,4,0.7164501154181379,0.7174985223062957,0.0010484068881578823
QR2,2026-08-31,8,1,5,0.9635689927524246,0.9648079092370387,0.001238916484614161
QR2,2026-08-31,8,1,6,0.9585894027776699,0.9592676618140297,0.0006782590363597629
QR2,2026-08-31,8,1,7,0.7033645247369716,0.7139191314101592,0.010554606673187528
QR2,2026-08-31,8,1,8,0.7538897105475676,0.7658273342904265,0.011937623742858894
QR2,2026-08-31,8,1,9,0.7438544682872014,0.754931978713179,0.0110775104259776
QR2,2026-08-31,8,2,0,-0.2475020416250678,-0.25336949079334886,0.0058674491682810526
QR2,2026-08-31,8,2,1,0.7926960353760429,0.7969056259010998,0.004209590525056872
QR2,2026-08-31,8,2,2,-0.14785546569293076,-0.1476330043810579,0.000222461311872868
QR2,2026-08-31,8,2,3,-0.5057884893840053,-0.5121703814308081,0.0063818920468027285
QR2,2026-08-31,8,2,4,0.6527060738391915,0.6554759579021652,0.0027698840629736265
QR2,2026-08-31,8,2,5,0.8828957840759052,0.8873636529183173,0.004467868842412126
QR2,2026-08-31,8,2,6,0.8934411007136612,0.896850284183951,0.003409183470289734
QR2,2026-08-31,8,2,7,0.665964765028025,0.6750814768639706,0.009116711835945535
QR2,2026-08-31,8,2,8,0.7094904284131515,0.7217478483544408,0.012257419941289371
QR2,2026-08-31,8,2,9,0.7035950850525977,0.7139825841647436,0.01038749911214587
