model,seed,window,date,condition_number
CRLX,0,571,2018-01-31,397097.7807989097
CRLX,0,571,2018-02-28,397408.25790954044
CRLX,0,571,2018-03-31,396484.27051005646
CRLX,0,571,2018-04-30,396460.81123806833
CRLX,0,571,2018-05-31,396849.5719820354
CRLX,0,571,2018-06-30,396835.7893765989
CRLX,0,571,2018-07-31,396674.45697556506
CRLX,0,571,2018-08-31,395771.4138532192
CRLX,0,571,2018-09-30,395629.51911257266
CRLX,0,571,2018-10-31,394828.34728722187
CRLX,0,571,2018-11-30,394909.7292883852
CRLX,0,571,2018-12-31,394454.40605375764
CRLX,0,571,2019-01-31,394328.59833942074
CRLX,0,571,2019-02-28,394293.72798284306
CRLX,0,571,2019-03-31,395414.5436992657
CRLX,0,571,2019-04-30,395916.3298221993
CRLX,0,571,2019-05-31,396174.35464400804
CRLX,0,571,2019-06-30,395995.407364173
CRLX,0,571,2019-07-31,396349.32932700776
CRLX,0,571,2019-08-31,395177.78478228644
CRLX,0,571,2019-09-30,395366.3988347766
CRLX,0,571,2019-10-31,395041.16006791155
CRLX,0,571,2019-11-30,394409.9122008739
CRLX,0,571,2019-12-31,392290.2130334785
CRLX,0,571,2020-01-31,392243.2748620862
CRLX,0,571,2020-02-29,391741.85868917615
CRLX,0,571,2020-03-31,391583.1115444295
CRLX,0,571,2020-04-30,389925.72849360126
CRLX,0,571,2020-05-31,386409.168882568
CRLX,0,571,2020-06-30,379089.92370658024
CRLX,0,571,2020-07-31,370096.2939852223
CRLX,0,571,2020-08-31,368366.9486719623
CRLX,0,571,2020-09-30,368219.23936884635
CRLX,0,571,2020-10-31,368299.44518116576
CRLX,0,571,2020-11-30,367839.0794869611
CRLX,0,571,2020-12-31,367791.21859179484
CRLX,0,571,2021-01-31,365018.9815487948
CRLX,0,571,2021-02-28,363948.8110299807
CRLX,0,571,2021-03-31,363881.5134781327
CRLX,0,571,2021-04-30,361973.15759263874
CRLX,0,571,2021-05-31,360160.67007804074
CRLX,0,571,2021-06-30,359843.7629992225
CRLX,0,571,2021-07-31,359932.4560867404
CRLX,0,571,2021-08-31,359861.6788879034
CRLX,0,571,2021-09-30,360024.62422010454
CRLX,0,571,2021-10-31,360194.7678610034
CRLX,0,571,2021-11-30,359879.01961078227
CRLX,0,571,2021-12-31,359755.7714528211
CRLX,0,571,2022-01-31,359666.39382234204
CRLX,0,571,2022-02-28,359358.2585406588
CRLX,0,571,2022-03-31,359183.21552187036
CRLX,0,571,2022-04-30,359187.827035237
CRLX,0,571,2022-05-31,359371.45217481506
CRLX,0,571,2022-06-30,359288.80001169845
CRLX,0,571,2022-07-31,360284.0683330878
CRLX,0,571,2022-08-31,359983.711541857
CRLX,0,571,2022-09-30,360256.3060642984
CRLX,0,571,2022-10-31,360144.96800060855
CRLX,0,571,2022-11-30,360078.01373145846
CRLX,0,571,2022-12-31,359629.05867768725
CRLX,0,571,2023-01-31,359193.70434160414
CRLX,0,571,2023-02-28,358872.7210622362
CRLX,0,571,2023-03-31,358074.8198101796
CRLX,0,571,2023-04-30,358050.68236190226
CRLX,0,571,2023-05-31,357911.2432340459
CRLX,0,571,2023-06-30,357859.18363928446
CRLX,0,571,2023-07-31,357429.7062355289
CRLX,0,571,2023-08-31,357706.1178870905
CRLX,0,571,2023-09-30,357952.81276765256
CRLX,0,571,2023-10-31,358051.955240581
CRLX,0,571,2023-11-30,358053.1522176618
CRLX,0,571,2023-12-31,358118.5212742582
CRLX,0,571,2024-01-31,357635.1576869418
CRLX,0,571,2024-02-29,357620.80854972947
CRLX,0,571,2024-03-31,357408.7002928335
CRLX,0,571,2024-04-30,357409.530585523
CRLX,0,571,2024-05-31,357215.337397716
CRLX,0,571,2024-06-30,357216.7794507985
CRLX,0,571,2024-07-31,357333.601746472
CRLX,0,571,2024-08-31,357286.72521528206
CRLX,0,571,2024-09-30,356996.59677884396
CRLX,0,571,2024-10-31,357048.9512387306
CRLX,0,571,2024-11-30,357314.7670867578
CRLX,0,571,2024-12-31,356933.6137509742
CRLX,0,571,2025-01-31,356869.09173304745
CRLX,0,571,2025-02-28,356833.3885886444
CRLX,0,571,2025-03-31,356944.0076090453
CRLX,0,571,2025-04-30,357133.3960420477
CRLX,0,571,2025-05-31,357054.5313291627
CRLX,0,571,2025-06-30,356807.7149861317
CRLX,0,571,2025-07-31,355827.00743584294
CRLX,0,571,2025-08-31,352812.714295736
CRLX,0,571,2025-09-30,352625.26724879065
CRLX,0,571,2025-10-31,352004.68764383584
CRLX,0,571,2025-11-30,352188.22635172756
CRLX,0,571,2025-12-31,352183.1280728938
CRLX,0,571,2026-01-31,352347.0147919723
CRLX,0,571,2026-02-28,352320.29706516664
CRLX,0,571,2026-03-31,352485.6843282396
CRLX,0,571,2026-04-30,352280.4848238662
CRLX,0,571,2026-05-31,351993.2647626072
CRLX,0,571,2026-06-30,352042.6975905843
CRLX,0,571,2026-07-31,351035.7936664378
CRLX,0,571,2026-08-31,350570.85152853763
CRLX,0,120,2018-01-31,331718.5529221366
CRLX,0,120,2018-02-28,332818.0342200596
CRLX,0,120,2018-03-31,329388.62591458176
CRLX,0,120,2018-04-30,329051.91659239726
CRLX,0,120,2018-05-31,328362.4268135338
CRLX,0,120,2018-06-30,328106.31893295806
CRLX,0,120,2018-07-31,327797.1944876359
CRLX,0,120,2018-08-31,326490.88638219825
CRLX,0,120,2018-09-30,327363.77980560553
CRLX,0,120,2018-10-31,328864.61669182195
CRLX,0,120,2018-11-30,328317.94830617635
CRLX,0,120,2018-12-31,331920.4217944746
CRLX,0,120,2019-01-31,390385.92366963206
CRLX,0,120,2019-02-28,512735.92628997285
CRLX,0,120,2019-03-31,552533.2052676473
CRLX,0,120,2019-04-30,599325.9429741913
CRLX,0,120,2019-05-31,640314.649738975
CRLX,0,120,2019-06-30,643699.778272125
CRLX,0,120,2019-07-31,628000.5228436436
CRLX,0,120,2019-08-31,645214.0629357169
CRLX,0,120,2019-09-30,649037.916514397
CRLX,0,120,2019-10-31,666049.904581033
CRLX,0,120,2019-11-30,666252.4932229335
CRLX,0,120,2019-12-31,665793.4367362717
CRLX,0,120,2020-01-31,667041.2024836427
CRLX,0,120,2020-02-29,667866.8755216793
CRLX,0,120,2020-03-31,669346.2402202077
CRLX,0,120,2020-04-30,643869.4824680398
CRLX,0,120,2020-05-31,583894.3608883962
CRLX,0,120,2020-06-30,480387.0677668709
CRLX,0,120,2020-07-31,393963.0649719842
CRLX,0,120,2020-08-31,382050.3102674542
CRLX,0,120,2020-09-30,375432.9865560074
CRLX,0,120,2020-10-31,378125.3318647192
CRLX,0,120,2020-11-30,379800.71361846756
CRLX,0,120,2020-12-31,378732.06304029084
CRLX,0,120,2021-01-31,366269.0090292138
CRLX,0,120,2021-02-28,362530.1104293616
CRLX,0,120,2021-03-31,363332.55547095614
CRLX,0,120,2021-04-30,359485.97660214896
CRLX,0,120,2021-05-31,357634.53029423015
CRLX,0,120,2021-06-30,357772.8592046452
CRLX,0,120,2021-07-31,357794.9917989911
CRLX,0,120,2021-08-31,357397.8656298112
CRLX,0,120,2021-09-30,359098.4487212872
CRLX,0,120,2021-10-31,359647.8141539316
CRLX,0,120,2021-11-30,374584.57709031506
CRLX,0,120,2021-12-31,375544.2237547076
CRLX,0,120,2022-01-31,375517.0495054784
CRLX,0,120,2022-02-28,376079.92967614275
CRLX,0,120,2022-03-31,378625.49304011173
CRLX,0,120,2022-04-30,378980.79190776206
CRLX,0,120,2022-05-31,380996.83600248874
CRLX,0,120,2022-06-30,379400.0276496781
CRLX,0,120,2022-07-31,378471.9037767848
CRLX,0,120,2022-08-31,374775.5296753715
CRLX,0,120,2022-09-30,373603.5920372023
CRLX,0,120,2022-10-31,374050.9583395646
CRLX,0,120,2022-11-30,373096.34225686715
CRLX,0,120,2022-12-31,369559.30083073804
CRLX,0,120,2023-01-31,368969.92194394744
CRLX,0,120,2023-02-28,360697.2226302123
CRLX,0,120,2023-03-31,357232.7369811665
CRLX,0,120,2023-04-30,357346.7151718949
CRLX,0,120,2023-05-31,356461.3413699107
CRLX,0,120,2023-06-30,357690.100967449
CRLX,0,120,2023-07-31,356449.9098454293
CRLX,0,120,2023-08-31,354787.0383979838
CRLX,0,120,2023-09-30,355431.4252705079
CRLX,0,120,2023-10-31,355780.70618413563
CRLX,0,120,2023-11-30,355567.35811214277
CRLX,0,120,2023-12-31,355413.09710549505
CRLX,0,120,2024-01-31,354994.12210754416
CRLX,0,120,2024-02-29,355774.5268207596
CRLX,0,120,2024-03-31,355468.2053941889
CRLX,0,120,2024-04-30,355586.4040894539
CRLX,0,120,2024-05-31,355934.047862278
CRLX,0,120,2024-06-30,356073.1527959291
CRLX,0,120,2024-07-31,356189.5785828657
CRLX,0,120,2024-08-31,357266.1269343008
CRLX,0,120,2024-09-30,356876.58391541365
CRLX,0,120,2024-10-31,356849.22552275535
CRLX,0,120,2024-11-30,354756.5245734683
CRLX,0,120,2024-12-31,351022.48463161907
CRLX,0,120,2025-01-31,350851.3841839395
CRLX,0,120,2025-02-28,351389.50752353953
CRLX,0,120,2025-03-31,350866.50853917166
CRLX,0,120,2025-04-30,351011.6329119087
CRLX,0,120,2025-05-31,352489.0418364183
CRLX,0,120,2025-06-30,354007.49700795003
CRLX,0,120,2025-07-31,339557.4527624721
CRLX,0,120,2025-08-31,327254.5870732686
CRLX,0,120,2025-09-30,331951.1396409477
CRLX,0,120,2025-10-31,330556.42448913614
CRLX,0,120,2025-11-30,331311.7194476428
CRLX,0,120,2025-12-31,331898.29645533353
CRLX,0,120,2026-01-31,332157.6880567734
CRLX,0,120,2026-02-28,336164.9484927385
CRLX,0,120,2026-03-31,338233.17269596725
CRLX,0,120,2026-04-30,337798.48292891
CRLX,0,120,2026-05-31,337552.94766173896
CRLX,0,120,2026-06-30,336930.37938384066
CRLX,0,120,2026-07-31,339259.19441214355
CRLX,0,120,2026-08-31,341760.8883861039
CRLX,1,571,2018-01-31,3.0586995820973335e+23
CRLX,1,571,2018-02-28,2.7477975532674984e+23
CRLX,1,571,2018-03-31,2.1106255958220692e+23
CRLX,1,571,2018-04-30,6.162220534912185e+22
CRLX,1,571,2018-05-31,5.776458630497616e+22
CRLX,1,571,2018-06-30,1.7283408977421064e+22
CRLX,1,571,2018-07-31,1.8885750456410637e+22
CRLX,1,571,2018-08-31,1.3545038934112563e+22
CRLX,1,571,2018-09-30,3.482069920780895e+23
CRLX,1,571,2018-10-31,2.971013533119839e+25
CRLX,1,571,2018-11-30,8.197508485382394e+22
CRLX,1,571,2018-12-31,6.344301679000573e+22
CRLX,1,571,2019-01-31,2.1415306472564777e+23
CRLX,1,571,2019-02-28,1.329795797278219e+22
CRLX,1,571,2019-03-31,5.295437073370149e+22
CRLX,1,571,2019-04-30,6.255707515107323e+22
CRLX,1,571,2019-05-31,7.962932075364568e+22
CRLX,1,571,2019-06-30,1.366424971849853e+22
CRLX,1,571,2019-07-31,7.506752488232925e+22
CRLX,1,571,2019-08-31,2.2877743242473364e+23
CRLX,1,571,2019-09-30,4.627904447623039e+22
CRLX,1,571,2019-10-31,5.279049091771163e+23
CRLX,1,571,2019-11-30,8.338336240852554e+22
CRLX,1,571,2019-12-31,3.6941303544213266e+23
CRLX,1,571,2020-01-31,3.4907802165523264e+22
CRLX,1,571,2020-02-29,4.342497195612453e+22
CRLX,1,571,2020-03-31,4.239061230160391e+22
CRLX,1,571,2020-04-30,7.626170807832716e+22
CRLX,1,571,2020-05-31,5.701603451733807e+22
CRLX,1,571,2020-06-30,4.977070844959365e+23
CRLX,1,571,2020-07-31,3.2384393764899144e+22
CRLX,1,571,2020-08-31,3.022571190223509e+22
CRLX,1,571,2020-09-30,1.244621230033442e+25
CRLX,1,571,2020-10-31,2.070844912030554e+22
CRLX,1,571,2020-11-30,3.0597258339335765e+22
CRLX,1,571,2020-12-31,6.98560620215509e+22
CRLX,1,571,2021-01-31,1.9810895749977765e+22
CRLX,1,571,2021-02-28,9.102973680247746e+23
CRLX,1,571,2021-03-31,3.979045416524217e+22
CRLX,1,571,2021-04-30,9.40542537015463e+22
CRLX,1,571,2021-05-31,1.944209979295475e+22
CRLX,1,571,2021-06-30,3.0601966793761176e+22
CRLX,1,571,2021-07-31,9.328257356938962e+23
CRLX,1,571,2021-08-31,6.227604606621621e+23
CRLX,1,571,2021-09-30,2.817111436828004e+22
CRLX,1,571,2021-10-31,5.7491164125201575e+22
CRLX,1,571,2021-11-30,7.135064796844308e+23
CRLX,1,571,2021-12-31,8.818113254603617e+22
CRLX,1,571,2022-01-31,8.232573594520174e+22
CRLX,1,571,2022-02-28,1.7094919411271762e+23
CRLX,1,571,2022-03-31,2.7403839605820508e+23
CRLX,1,571,2022-04-30,2.846030622292399e+22
CRLX,1,571,2022-05-31,1.8402675168347607e+22
CRLX,1,571,2022-06-30,2.286347568614633e+23
CRLX,1,571,2022-07-31,3.515845184676167e+22
CRLX,1,571,2022-08-31,7.578577971333972e+22
CRLX,1,571,2022-09-30,8.349502244565103e+23
CRLX,1,571,2022-10-31,8.284288645720212e+22
CRLX,1,571,2022-11-30,2.979796440511422e+22
CRLX,1,571,2022-12-31,4.10854213688145e+24
CRLX,1,571,2023-01-31,4.738213461641634e+22
CRLX,1,571,2023-02-28,1.2397213598438646e+22
CRLX,1,571,2023-03-31,3.845177729310187e+22
CRLX,1,571,2023-04-30,1.897365379928873e+22
CRLX,1,571,2023-05-31,2.9838023029502574e+22
CRLX,1,571,2023-06-30,4.224525996913718e+22
CRLX,1,571,2023-07-31,1.7604283864972276e+22
CRLX,1,571,2023-08-31,4.572191253568306e+22
CRLX,1,571,2023-09-30,1.627359680335958e+23
CRLX,1,571,2023-10-31,1.6892794709780654e+22
CRLX,1,571,2023-11-30,1.7198136689297535e+22
CRLX,1,571,2023-12-31,1.7593932065815432e+23
CRLX,1,571,2024-01-31,2.7992466006383853e+22
CRLX,1,571,2024-02-29,1.9078791192282007e+23
CRLX,1,571,2024-03-31,1.48008285740903e+22
CRLX,1,571,2024-04-30,8.045722321311127e+22
CRLX,1,571,2024-05-31,4.873144050468533e+22
CRLX,1,571,2024-06-30,4.913423932215047e+22
CRLX,1,571,2024-07-31,6.975054757523124e+22
CRLX,1,571,2024-08-31,8.165755470446315e+24
CRLX,1,571,2024-09-30,2.4769661029659812e+22
CRLX,1,571,2024-10-31,1.8390264363628607e+22
CRLX,1,571,2024-11-30,4.7944840587564554e+22
CRLX,1,571,2024-12-31,5.894530637107011e+23
CRLX,1,571,2025-01-31,1.2394196481100366e+23
CRLX,1,571,2025-02-28,1.7570596822328164e+22
CRLX,1,571,2025-03-31,2.0424019230473796e+23
CRLX,1,571,2025-04-30,1.0185990662685863e+22
CRLX,1,571,2025-05-31,7.940411516612284e+22
CRLX,1,571,2025-06-30,9.446783487732422e+21
CRLX,1,571,2025-07-31,1.2724129546816143e+23
CRLX,1,571,2025-08-31,3.060206521993588e+23
CRLX,1,571,2025-09-30,5.799559902770336e+22
CRLX,1,571,2025-10-31,9.001406991233992e+22
CRLX,1,571,2025-11-30,5.3209124735756815e+22
CRLX,1,571,2025-12-31,4.303985792450049e+22
CRLX,1,571,2026-01-31,7.74871112739809e+22
CRLX,1,571,2026-02-28,1.4807457560302263e+23
CRLX,1,571,2026-03-31,4.785132531696428e+22
CRLX,1,571,2026-04-30,2.563604088408583e+22
CRLX,1,571,2026-05-31,1.4074943431622447e+23
CRLX,1,571,2026-06-30,7.666702768851999e+21
CRLX,1,571,2026-07-31,1.1217599904146702e+22
CRLX,1,571,2026-08-31,2.8726378768193187e+23
CRLX,1,120,2018-01-31,2.6718665685953194e+23
CRLX,1,120,2018-02-28,2.514056378321706e+23
CRLX,1,120,2018-03-31,4.333228627926702e+21
CRLX,1,120,2018-04-30,3.6089111487238797e+22
CRLX,1,120,2018-05-31,9.150263495851622e+21
CRLX,1,120,2018-06-30,3.6329377925545935e+22
CRLX,1,120,2018-07-31,5.3535333979544304e+23
CRLX,1,120,2018-08-31,3.277458938521429e+22
CRLX,1,120,2018-09-30,1.3746838796520787e+22
CRLX,1,120,2018-10-31,3.1302679608439905e+22
CRLX,1,120,2018-11-30,5.012262043241652e+22
CRLX,1,120,2018-12-31,3.2940254735231294e+22
CRLX,1,120,2019-01-31,1.0693044479853334e+23
CRLX,1,120,2019-02-28,3.254022679368736e+22
CRLX,1,120,2019-03-31,1.3389626018576252e+22
CRLX,1,120,2019-04-30,2.095444563027994e+23
CRLX,1,120,2019-05-31,7.356995406358027e+21
CRLX,1,120,2019-06-30,1.2568255026438866e+23
CRLX,1,120,2019-07-31,6.040869084571801e+22
CRLX,1,120,2019-08-31,1.1593135301862307e+22
CRLX,1,120,2019-09-30,1.6278556949680642e+22
CRLX,1,120,2019-10-31,4.6964674708255906e+21
CRLX,1,120,2019-11-30,3.4208568593869714e+22
CRLX,1,120,2019-12-31,2.0551624478294725e+22
CRLX,1,120,2020-01-31,1.8064256617989034e+22
CRLX,1,120,2020-02-29,1.384506034142016e+22
CRLX,1,120,2020-03-31,6.171341903003281e+22
CRLX,1,120,2020-04-30,8.141391536161196e+22
CRLX,1,120,2020-05-31,8.040853599563621e+21
CRLX,1,120,2020-06-30,1.006176888159698e+22
CRLX,1,120,2020-07-31,5.571103801191553e+21
CRLX,1,120,2020-08-31,7.432349484243084e+21
CRLX,1,120,2020-09-30,2.0959671108487737e+23
CRLX,1,120,2020-10-31,1.7433182291094054e+23
CRLX,1,120,2020-11-30,2.1511659792321588e+22
CRLX,1,120,2020-12-31,2.070502785388983e+22
CRLX,1,120,2021-01-31,1.7366817073110134e+22
CRLX,1,120,2021-02-28,2.4109648231730103e+22
CRLX,1,120,2021-03-31,3.5928973036555363e+22
CRLX,1,120,2021-04-30,3.3864688492454334e+22
CRLX,1,120,2021-05-31,1.6371693865435075e+22
CRLX,1,120,2021-06-30,4.7729734454308575e+22
CRLX,1,120,2021-07-31,4.569727423071506e+25
CRLX,1,120,2021-08-31,7.343810862636938e+21
CRLX,1,120,2021-09-30,3.0837687566572957e+22
CRLX,1,120,2021-10-31,3.7936601017967945e+24
CRLX,1,120,2021-11-30,1.7340415321048992e+22
CRLX,1,120,2021-12-31,1.2597486779473741e+23
CRLX,1,120,2022-01-31,3.3618724157345092e+22
CRLX,1,120,2022-02-28,1.085458630403285e+22
CRLX,1,120,2022-03-31,1.1589815507267604e+22
CRLX,1,120,2022-04-30,2.4256005048762896e+22
CRLX,1,120,2022-05-31,1.7368911500520666e+22
CRLX,1,120,2022-06-30,9.260739861145832e+21
CRLX,1,120,2022-07-31,1.5281148418506293e+23
CRLX,1,120,2022-08-31,1.0859660781129745e+22
CRLX,1,120,2022-09-30,2.6623271848829826e+22
CRLX,1,120,2022-10-31,5.97759261236033e+22
CRLX,1,120,2022-11-30,8.230000685600941e+21
CRLX,1,120,2022-12-31,1.0774686497841846e+22
CRLX,1,120,2023-01-31,1.0187447696299786e+23
CRLX,1,120,2023-02-28,1.583237353925053e+23
CRLX,1,120,2023-03-31,2.476648279228109e+22
CRLX,1,120,2023-04-30,2.8012476015159704e+21
CRLX,1,120,2023-05-31,6.0031280942204925e+23
CRLX,1,120,2023-06-30,1.583115441760283e+23
CRLX,1,120,2023-07-31,1.145964838890715e+22
CRLX,1,120,2023-08-31,1.8774626720609062e+22
CRLX,1,120,2023-09-30,3.8616009094755333e+21
CRLX,1,120,2023-10-31,6.225449945851046e+21
CRLX,1,120,2023-11-30,9.350939637281527e+21
CRLX,1,120,2023-12-31,4.490818289577286e+21
CRLX,1,120,2024-01-31,2.0541566678076228e+23
CRLX,1,120,2024-02-29,6.170433087421383e+21
CRLX,1,120,2024-03-31,7.77932453304358e+22
CRLX,1,120,2024-04-30,3.599006821780176e+21
CRLX,1,120,2024-05-31,1.1450555439449776e+23
CRLX,1,120,2024-06-30,1.4394989670864947e+22
CRLX,1,120,2024-07-31,5.272775633649329e+22
CRLX,1,120,2024-08-31,4.060896114341183e+22
CRLX,1,120,2024-09-30,3.075264555157642e+22
CRLX,1,120,2024-10-31,1.7470224393715315e+22
CRLX,1,120,2024-11-30,3.2303282665246008e+22
CRLX,1,120,2024-12-31,1.3944092578413007e+22
CRLX,1,120,2025-01-31,1.9039846597233297e+23
CRLX,1,120,2025-02-28,9.839410527706005e+21
CRLX,1,120,2025-03-31,1.3768202167997672e+23
CRLX,1,120,2025-04-30,5.03167808808709e+22
CRLX,1,120,2025-05-31,6.914666348949656e+22
CRLX,1,120,2025-06-30,1.3742188962914096e+23
CRLX,1,120,2025-07-31,2.7769383645053048e+23
CRLX,1,120,2025-08-31,1.3940751408866013e+22
CRLX,1,120,2025-09-30,1.4644704446121383e+22
CRLX,1,120,2025-10-31,8.127527629628377e+21
CRLX,1,120,2025-11-30,2.216321269541805e+22
CRLX,1,120,2025-12-31,1.4696715862594084e+22
CRLX,1,120,2026-01-31,2.012304094048258e+23
CRLX,1,120,2026-02-28,5.37952773354058e+22
CRLX,1,120,2026-03-31,4.1242911554376904e+22
CRLX,1,120,2026-04-30,3.142625496927192e+23
CRLX,1,120,2026-05-31,8.812863751359362e+21
CRLX,1,120,2026-06-30,5.736633051797084e+22
CRLX,1,120,2026-07-31,7.911719853975462e+21
CRLX,1,120,2026-08-31,2.0099685773625623e+22
CRLX,2,571,2018-01-31,1.4445049279438846e+20
CRLX,2,571,2018-02-28,1.0645987646889471e+20
CRLX,2,571,2018-03-31,1.529605618896162e+20
CRLX,2,571,2018-04-30,1.1050183590628704e+20
CRLX,2,571,2018-05-31,1.1096897237177085e+20
CRLX,2,571,2018-06-30,9.512926064175204e+19
CRLX,2,571,2018-07-31,3.82280293935914e+20
CRLX,2,571,2018-08-31,5.70035082449235e+19
CRLX,2,571,2018-09-30,1.2640948749081067e+21
CRLX,2,571,2018-10-31,9.277806769103138e+19
CRLX,2,571,2018-11-30,4.873542517082438e+20
CRLX,2,571,2018-12-31,8.931572470260842e+19
CRLX,2,571,2019-01-31,6.145559403073805e+20
CRLX,2,571,2019-02-28,7.2391856752287105e+19
CRLX,2,571,2019-03-31,1.0199451269603801e+20
CRLX,2,571,2019-04-30,1.3018589550950262e+20
CRLX,2,571,2019-05-31,8.335571378060288e+20
CRLX,2,571,2019-06-30,2.7010793104279785e+20
CRLX,2,571,2019-07-31,1.816810749374175e+20
CRLX,2,571,2019-08-31,3.685922872808146e+21
CRLX,2,571,2019-09-30,8.064491337583534e+19
CRLX,2,571,2019-10-31,1.0577140638840944e+21
CRLX,2,571,2019-11-30,4.577635687842561e+19
CRLX,2,571,2019-12-31,1.4249865659403692e+20
CRLX,2,571,2020-01-31,7.273706613177706e+19
CRLX,2,571,2020-02-29,9.600763528859504e+19
CRLX,2,571,2020-03-31,9.325866259312671e+19
CRLX,2,571,2020-04-30,5.5853159144534206e+20
CRLX,2,571,2020-05-31,5.318220293812894e+20
CRLX,2,571,2020-06-30,1.7524967092043206e+20
CRLX,2,571,2020-07-31,7.693274881588081e+19
CRLX,2,571,2020-08-31,1.1211528958916547e+21
CRLX,2,571,2020-09-30,2.849414258049372e+21
CRLX,2,571,2020-10-31,1.5999518488066085e+21
CRLX,2,571,2020-11-30,5.973413450555383e+19
CRLX,2,571,2020-12-31,2.87021832133792e+21
CRLX,2,571,2021-01-31,1.5365927391775556e+20
CRLX,2,571,2021-02-28,6.835915822899909e+19
CRLX,2,571,2021-03-31,2.776155039796082e+21
CRLX,2,571,2021-04-30,1.5225287225411378e+20
CRLX,2,571,2021-05-31,3.3611138940411865e+20
CRLX,2,571,2021-06-30,1.1411763465135012e+20
CRLX,2,571,2021-07-31,8.811320066608234e+19
CRLX,2,571,2021-08-31,3.875547868257265e+19
CRLX,2,571,2021-09-30,6.8479899938255495e+19
CRLX,2,571,2021-10-31,4.365032273737511e+19
CRLX,2,571,2021-11-30,7.43579781462427e+19
CRLX,2,571,2021-12-31,7.41701702902945e+19
CRLX,2,571,2022-01-31,2.6038950187138856e+20
CRLX,2,571,2022-02-28,7.361606252263663e+19
CRLX,2,571,2022-03-31,2.0518530494623623e+20
CRLX,2,571,2022-04-30,2.6357688804101892e+20
CRLX,2,571,2022-05-31,1.2127587193331684e+20
CRLX,2,571,2022-06-30,1.2021008210686406e+20
CRLX,2,571,2022-07-31,5.5205194431495025e+20
CRLX,2,571,2022-08-31,1.0244714018661233e+20
CRLX,2,571,2022-09-30,5.37298247034412e+19
CRLX,2,571,2022-10-31,1.1847892086216101e+20
CRLX,2,571,2022-11-30,1.4616457873715533e+20
CRLX,2,571,2022-12-31,2.380912960385636e+20
CRLX,2,571,2023-01-31,2.8680634289578112e+20
CRLX,2,571,2023-02-28,2.2584210954482434e+20
CRLX,2,571,2023-03-31,1.4810813026341673e+20
CRLX,2,571,2023-04-30,2.4718088018329375e+21
CRLX,2,571,2023-05-31,1.730776881190203e+20
CRLX,2,571,2023-06-30,1.01700787440111e+20
CRLX,2,571,2023-07-31,3.4704069992167526e+19
CRLX,2,571,2023-08-31,4.056249682736786e+20
CRLX,2,571,2023-09-30,9.383773520859955e+19
CRLX,2,571,2023-10-31,1.4295136764796998e+20
CRLX,2,571,2023-11-30,1.3247446198690729e+20
CRLX,2,571,2023-12-31,1.4949128335731707e+20
CRLX,2,571,2024-01-31,2.8433884229735963e+20
CRLX,2,571,2024-02-29,1.0782179311386182e+20
CRLX,2,571,2024-03-31,1.2897512146347547e+20
CRLX,2,571,2024-04-30,4.7965465853152893e+20
CRLX,2,571,2024-05-31,8.937159771049058e+19
CRLX,2,571,2024-06-30,7.5131984984614e+19
CRLX,2,571,2024-07-31,8.801582501422891e+19
CRLX,2,571,2024-08-31,1.1266509453048845e+20
CRLX,2,571,2024-09-30,6.837447935743633e+19
CRLX,2,571,2024-10-31,7.361581090431247e+19
CRLX,2,571,2024-11-30,1.5336937853438312e+20
CRLX,2,571,2024-12-31,3.5618499576447166e+20
CRLX,2,571,2025-01-31,3.577850896943709e+20
CRLX,2,571,2025-02-28,1.6622442841780356e+21
CRLX,2,571,2025-03-31,1.3173572135645417e+20
CRLX,2,571,2025-04-30,1.0620375173031736e+20
CRLX,2,571,2025-05-31,1.1789534571688752e+20
CRLX,2,571,2025-06-30,9.257787601134368e+19
CRLX,2,571,2025-07-31,1.4934906174994176e+21
CRLX,2,571,2025-08-31,1.141751177569438e+20
CRLX,2,571,2025-09-30,7.516984886729951e+19
CRLX,2,571,2025-10-31,1.0254247085059189e+21
CRLX,2,571,2025-11-30,3.580863234468276e+20
CRLX,2,571,2025-12-31,1.0656812834738826e+20
CRLX,2,571,2026-01-31,1.306192601385941e+21
CRLX,2,571,2026-02-28,5.945124140124204e+20
CRLX,2,571,2026-03-31,3.853430375738163e+20
CRLX,2,571,2026-04-30,1.1237100761805796e+20
CRLX,2,571,2026-05-31,3.72339858741985e+20
CRLX,2,571,2026-06-30,2.5772113009261266e+21
CRLX,2,571,2026-07-31,9.73733864950658e+19
CRLX,2,571,2026-08-31,4.448193022658099e+19
CRLX,2,120,2018-01-31,2.9123378522708827e+20
CRLX,2,120,2018-02-28,6.178733040361004e+20
CRLX,2,120,2018-03-31,4.273513027287675e+19
CRLX,2,120,2018-04-30,1.7203700278871956e+20
CRLX,2,120,2018-05-31,3.8737055537401705e+20
CRLX,2,120,2018-06-30,1.024906127520319e+20
CRLX,2,120,2018-07-31,1.2337929273607954e+20
CRLX,2,120,2018-08-31,1.5710730635206813e+20
CRLX,2,120,2018-09-30,2.6347874324048983e+20
CRLX,2,120,2018-10-31,1.7194967347309684e+20
CRLX,2,120,2018-11-30,6.599899837132833e+21
CRLX,2,120,2018-12-31,1.031022939931753e+20
CRLX,2,120,2019-01-31,1.3424709969125876e+20
CRLX,2,120,2019-02-28,1.0626212574508599e+20
CRLX,2,120,2019-03-31,1.7018377904079488e+21
CRLX,2,120,2019-04-30,1.0075204752980607e+20
CRLX,2,120,2019-05-31,1.6756792961391116e+20
CRLX,2,120,2019-06-30,2.022726107223293e+20
CRLX,2,120,2019-07-31,8.70015456002806e+19
CRLX,2,120,2019-08-31,7.169117130272333e+20
CRLX,2,120,2019-09-30,4.404194835620878e+20
CRLX,2,120,2019-10-31,2.0733963272224257e+20
CRLX,2,120,2019-11-30,5.52078569980551e+20
CRLX,2,120,2019-12-31,3.303591406982151e+20
CRLX,2,120,2020-01-31,1.8633303309100253e+21
CRLX,2,120,2020-02-29,2.010320675185307e+20
CRLX,2,120,2020-03-31,2.2830204672031844e+20
CRLX,2,120,2020-04-30,2.1543086095381742e+21
CRLX,2,120,2020-05-31,9.508878063372203e+19
CRLX,2,120,2020-06-30,2.2125585159939283e+20
CRLX,2,120,2020-07-31,5.353843865058405e+20
CRLX,2,120,2020-08-31,2.5173786937234512e+20
CRLX,2,120,2020-09-30,7.527279010025685e+19
CRLX,2,120,2020-10-31,1.653139321184405e+20
CRLX,2,120,2020-11-30,8.958375383900032e+19
CRLX,2,120,2020-12-31,1.9579240027520542e+20
CRLX,2,120,2021-01-31,4.0086506047654e+19
CRLX,2,120,2021-02-28,2.187909120985833e+20
CRLX,2,120,2021-03-31,1.6122092653602197e+20
CRLX,2,120,2021-04-30,1.591821659385274e+20
CRLX,2,120,2021-05-31,4.1036234009835104e+20
CRLX,2,120,2021-06-30,2.3929742069421543e+20
CRLX,2,120,2021-07-31,1.9315407676785463e+19
CRLX,2,120,2021-08-31,9.424531491892565e+19
CRLX,2,120,2021-09-30,2.0232478423675893e+20
CRLX,2,120,2021-10-31,9.702391530486329e+19
CRLX,2,120,2021-11-30,7.98678581889082e+19
CRLX,2,120,2021-12-31,1.0770814671994842e+20
CRLX,2,120,2022-01-31,6.667492373798738e+20
CRLX,2,120,2022-02-28,5.099156392298353e+20
CRLX,2,120,2022-03-31,2.523117133130324e+20
CRLX,2,120,2022-04-30,1.5959484355762903e+20
CRLX,2,120,2022-05-31,5.647268465532209e+19
CRLX,2,120,2022-06-30,3.17302071810378e+20
CRLX,2,120,2022-07-31,2.0678098488222502e+20
CRLX,2,120,2022-08-31,2.2275338329333576e+21
CRLX,2,120,2022-09-30,1.4266364669852156e+20
CRLX,2,120,2022-10-31,7.869573112246361e+20
CRLX,2,120,2022-11-30,4.376693359226195e+20
CRLX,2,120,2022-12-31,1.7571622942394673e+20
CRLX,2,120,2023-01-31,2.173490578238505e+20
CRLX,2,120,2023-02-28,1.4329979702344268e+20
CRLX,2,120,2023-03-31,8.447948081046015e+19
CRLX,2,120,2023-04-30,9.494387346945285e+19
CRLX,2,120,2023-05-31,5.6544899003765896e+20
CRLX,2,120,2023-06-30,2.4116629982472477e+20
CRLX,2,120,2023-07-31,2.5560810233194453e+20
CRLX,2,120,2023-08-31,4.170526168874039e+20
CRLX,2,120,2023-09-30,4.18050638638438e+21
CRLX,2,120,2023-10-31,2.87908435159007e+20
CRLX,2,120,2023-11-30,2.0599306196922322e+20
CRLX,2,120,2023-12-31,2.3174857798298177e+20
CRLX,2,120,2024-01-31,2.2214672427157572e+21
CRLX,2,120,2024-02-29,4.559865388139704e+20
CRLX,2,120,2024-03-31,2.8616441133601987e+20
CRLX,2,120,2024-04-30,2.285443532235099e+20
CRLX,2,120,2024-05-31,4.615182343806503e+20
CRLX,2,120,2024-06-30,3.4172979905450135e+20
CRLX,2,120,2024-07-31,3.279365333135044e+20
CRLX,2,120,2024-08-31,9.26751308900823e+20
CRLX,2,120,2024-09-30,5.2975541604529124e+20
CRLX,2,120,2024-10-31,2.4493685578283726e+20
CRLX,2,120,2024-11-30,1.51288738078661e+20
CRLX,2,120,2024-12-31,2.973987487179632e+20
CRLX,2,120,2025-01-31,1.7725665780229967e+20
CRLX,2,120,2025-02-28,1.8252115820288826e+20
CRLX,2,120,2025-03-31,1.067995794289573e+20
CRLX,2,120,2025-04-30,6.515840182269833e+20
CRLX,2,120,2025-05-31,4.3506611374999844e+20
CRLX,2,120,2025-06-30,5.121975665418186e+19
CRLX,2,120,2025-07-31,1.515694609464612e+21
CRLX,2,120,2025-08-31,2.3415790733202178e+20
CRLX,2,120,2025-09-30,6.267452167720171e+20
CRLX,2,120,2025-10-31,4.082924397636897e+20
CRLX,2,120,2025-11-30,5.60017616430558e+20
CRLX,2,120,2025-12-31,1.5882149668644667e+20
CRLX,2,120,2026-01-31,1.3155955351110915e+20
CRLX,2,120,2026-02-28,3.2323589976792564e+20
CRLX,2,120,2026-03-31,1.0978179782705708e+21
CRLX,2,120,2026-04-30,2.550345582040058e+21
CRLX,2,120,2026-05-31,1.5343193086681878e+20
CRLX,2,120,2026-06-30,4.930744289952132e+20
CRLX,2,120,2026-07-31,6.361018555355375e+20
CRLX,2,120,2026-08-31,2.697176236018704e+21
CRLX,3,571,2018-01-31,8.252692023118647e+17
CRLX,3,571,2018-02-28,4.3676822780997345e+18
CRLX,3,571,2018-03-31,3.6550983693969295e+18
CRLX,3,571,2018-04-30,7.485566035041437e+17
CRLX,3,571,2018-05-31,6.789202269700507e+17
CRLX,3,571,2018-06-30,1.1647977060513876e+18
CRLX,3,571,2018-07-31,4.519643991044263e+18
CRLX,3,571,2018-08-31,4.8227482768205677e+17
CRLX,3,571,2018-09-30,1.1169710168583246e+18
CRLX,3,571,2018-10-31,8.735685557680534e+17
CRLX,3,571,2018-11-30,7.483297363010924e+17
CRLX,3,571,2018-12-31,7.012333035326451e+17
CRLX,3,571,2019-01-31,4.9924015306291155e+17
CRLX,3,571,2019-02-28,1.743636319212168e+19
CRLX,3,571,2019-03-31,6.057658009272008e+18
CRLX,3,571,2019-04-30,1.8751321514703393e+18
CRLX,3,571,2019-05-31,1.0570950573800675e+18
CRLX,3,571,2019-06-30,8.669294316059168e+17
CRLX,3,571,2019-07-31,4.1442990692487834e+17
CRLX,3,571,2019-08-31,1.8796838653276434e+19
CRLX,3,571,2019-09-30,5.07428717928893e+18
CRLX,3,571,2019-10-31,7.691167148950541e+17
CRLX,3,571,2019-11-30,8.658283537684027e+17
CRLX,3,571,2019-12-31,9.381333338656027e+17
CRLX,3,571,2020-01-31,2.5205586712038456e+18
CRLX,3,571,2020-02-29,1.710667574552589e+18
CRLX,3,571,2020-03-31,6.890367591613617e+18
CRLX,3,571,2020-04-30,1.3618931627058952e+18
CRLX,3,571,2020-05-31,3.928786157207326e+18
CRLX,3,571,2020-06-30,1.1152122100397101e+18
CRLX,3,571,2020-07-31,1.0040930998625901e+18
CRLX,3,571,2020-08-31,1.0406955206973924e+18
CRLX,3,571,2020-09-30,3.6383821373910333e+18
CRLX,3,571,2020-10-31,4.684152213838168e+17
CRLX,3,571,2020-11-30,2.533223785253445e+18
CRLX,3,571,2020-12-31,3.166260202650641e+17
CRLX,3,571,2021-01-31,1.0179667341373512e+18
CRLX,3,571,2021-02-28,6.874985369654726e+17
CRLX,3,571,2021-03-31,1.6279045711876462e+18
CRLX,3,571,2021-04-30,1.2212378142819853e+18
CRLX,3,571,2021-05-31,3.370434232428262e+18
CRLX,3,571,2021-06-30,1.6020738143312837e+18
CRLX,3,571,2021-07-31,6.719559293227265e+17
CRLX,3,571,2021-08-31,1.4221915027030525e+18
CRLX,3,571,2021-09-30,4.807341483736306e+18
CRLX,3,571,2021-10-31,2.9200594430978157e+17
CRLX,3,571,2021-11-30,2.635149887176822e+18
CRLX,3,571,2021-12-31,4.7917303994789184e+17
CRLX,3,571,2022-01-31,4.972200684960025e+17
CRLX,3,571,2022-02-28,1.98727624865026e+18
CRLX,3,571,2022-03-31,3.208802699435923e+18
CRLX,3,571,2022-04-30,5.277189871289316e+17
CRLX,3,571,2022-05-31,3.8200061791968015e+18
CRLX,3,571,2022-06-30,1.5020841064405873e+18
CRLX,3,571,2022-07-31,5.64914537971846e+17
CRLX,3,571,2022-08-31,6.476466405336751e+17
CRLX,3,571,2022-09-30,1.1708576515277455e+18
CRLX,3,571,2022-10-31,1.108902394110838e+19
CRLX,3,571,2022-11-30,4.370223830252241e+17
CRLX,3,571,2022-12-31,7.717335011117101e+17
CRLX,3,571,2023-01-31,7.891522390335181e+17
CRLX,3,571,2023-02-28,8.188482173428128e+17
CRLX,3,571,2023-03-31,1.5867345193832049e+18
CRLX,3,571,2023-04-30,3.542859274133303e+17
CRLX,3,571,2023-05-31,1.7373263864024596e+18
CRLX,3,571,2023-06-30,6.59335505669067e+18
CRLX,3,571,2023-07-31,1.4752333153053773e+18
CRLX,3,571,2023-08-31,4.687270756231331e+19
CRLX,3,571,2023-09-30,2.2547653903481205e+19
CRLX,3,571,2023-10-31,9.125522309514404e+17
CRLX,3,571,2023-11-30,8.06359009545522e+18
CRLX,3,571,2023-12-31,5.934244222697585e+18
CRLX,3,571,2024-01-31,3.8649326467754886e+17
CRLX,3,571,2024-02-29,6.502481886916548e+17
CRLX,3,571,2024-03-31,6.451191178383864e+18
CRLX,3,571,2024-04-30,1.6413418082821724e+18
CRLX,3,571,2024-05-31,6.829980802328788e+17
CRLX,3,571,2024-06-30,2.0053385694797832e+18
CRLX,3,571,2024-07-31,9.351900163641978e+17
CRLX,3,571,2024-08-31,1.2073758358375173e+18
CRLX,3,571,2024-09-30,4.753204150476768e+17
CRLX,3,571,2024-10-31,6.2070887405566e+17
CRLX,3,571,2024-11-30,2.8696219140033475e+19
CRLX,3,571,2024-12-31,8.493242304025861e+18
CRLX,3,571,2025-01-31,1.157549811889563e+20
CRLX,3,571,2025-02-28,1.5845730786817723e+18
CRLX,3,571,2025-03-31,1.1967958759624387e+18
CRLX,3,571,2025-04-30,7.352251029938998e+17
CRLX,3,571,2025-05-31,1.0626653495759357e+18
CRLX,3,571,2025-06-30,2.983454570876325e+18
CRLX,3,571,2025-07-31,3.2778498227406433e+18
CRLX,3,571,2025-08-31,7.962394328984113e+17
CRLX,3,571,2025-09-30,1.222576975320993e+18
CRLX,3,571,2025-10-31,1.490146062832578e+18
CRLX,3,571,2025-11-30,5.1619793603291046e+17
CRLX,3,571,2025-12-31,3.821414970356087e+17
CRLX,3,571,2026-01-31,1.5980420671355538e+18
CRLX,3,571,2026-02-28,1.5121707764680911e+18
CRLX,3,571,2026-03-31,9.863868367520113e+17
CRLX,3,571,2026-04-30,1.6861195400350408e+18
CRLX,3,571,2026-05-31,7.561531320459974e+18
CRLX,3,571,2026-06-30,1.3196408416503877e+18
CRLX,3,571,2026-07-31,2.890020743943017e+18
CRLX,3,571,2026-08-31,1.9599507537407892e+18
CRLX,3,120,2018-01-31,3.4781565531834097e+18
CRLX,3,120,2018-02-28,3.8855913947101e+18
CRLX,3,120,2018-03-31,3.5332123627020045e+17
CRLX,3,120,2018-04-30,1.5316125674937283e+18
CRLX,3,120,2018-05-31,1.3033338457967926e+18
CRLX,3,120,2018-06-30,5.637290689592671e+17
CRLX,3,120,2018-07-31,4.1933500548904177e+18
CRLX,3,120,2018-08-31,9.509499234634542e+17
CRLX,3,120,2018-09-30,5.5973529025133126e+17
CRLX,3,120,2018-10-31,1.4281937646412746e+18
CRLX,3,120,2018-11-30,1.706697484567582e+18
CRLX,3,120,2018-12-31,1.113190186735213e+18
CRLX,3,120,2019-01-31,1.360469695622188e+18
CRLX,3,120,2019-02-28,5.6376804729459264e+17
CRLX,3,120,2019-03-31,1.2856117043818685e+18
CRLX,3,120,2019-04-30,1.161641818937042e+18
CRLX,3,120,2019-05-31,5.695587221331921e+17
CRLX,3,120,2019-06-30,1.0879165669735983e+18
CRLX,3,120,2019-07-31,1.7661036536764567e+18
CRLX,3,120,2019-08-31,2.138484199633263e+18
CRLX,3,120,2019-09-30,1.3623481463740792e+18
CRLX,3,120,2019-10-31,1.163562981474992e+18
CRLX,3,120,2019-11-30,1.8693988194957775e+18
CRLX,3,120,2019-12-31,7.808485025241727e+17
CRLX,3,120,2020-01-31,2.416343817263141e+18
CRLX,3,120,2020-02-29,5.63063784173203e+18
CRLX,3,120,2020-03-31,9.998748510622707e+17
CRLX,3,120,2020-04-30,9.727774733390217e+18
CRLX,3,120,2020-05-31,5.935137752258205e+17
CRLX,3,120,2020-06-30,1.0153874374286862e+18
CRLX,3,120,2020-07-31,1.5083485106411607e+21
CRLX,3,120,2020-08-31,3.923393369325537e+18
CRLX,3,120,2020-09-30,2.998068143026802e+18
CRLX,3,120,2020-10-31,1.0746761908480348e+18
CRLX,3,120,2020-11-30,5.110364559972103e+17
CRLX,3,120,2020-12-31,1.736143766359439e+18
CRLX,3,120,2021-01-31,1.5960150651186858e+19
CRLX,3,120,2021-02-28,4.98805321296331e+18
CRLX,3,120,2021-03-31,7.102111351525829e+17
CRLX,3,120,2021-04-30,1.9410487939611602e+18
CRLX,3,120,2021-05-31,4.2032530607790013e+18
CRLX,3,120,2021-06-30,1.3316761412017436e+18
CRLX,3,120,2021-07-31,1.3944943896835796e+18
CRLX,3,120,2021-08-31,4.774461307531165e+18
CRLX,3,120,2021-09-30,7.493542337609647e+17
CRLX,3,120,2021-10-31,1.6155429260165604e+18
CRLX,3,120,2021-11-30,1.3757588320171067e+18
CRLX,3,120,2021-12-31,6.905809135587666e+17
CRLX,3,120,2022-01-31,1.2258266298256617e+18
CRLX,3,120,2022-02-28,4.285295915482752e+17
CRLX,3,120,2022-03-31,7.402167919971105e+17
CRLX,3,120,2022-04-30,4.842144131306398e+17
CRLX,3,120,2022-05-31,3.5829135297851786e+18
CRLX,3,120,2022-06-30,4.434429822825461e+18
CRLX,3,120,2022-07-31,2.2531940922598712e+18
CRLX,3,120,2022-08-31,1.4352636934597073e+19
CRLX,3,120,2022-09-30,6.28734682108259e+17
CRLX,3,120,2022-10-31,2.022571787874991e+18
CRLX,3,120,2022-11-30,1.0636228437162922e+18
CRLX,3,120,2022-12-31,3.5030655838648474e+18
CRLX,3,120,2023-01-31,2.3200514769815526e+18
CRLX,3,120,2023-02-28,2.029812521006674e+18
CRLX,3,120,2023-03-31,2.017732045862471e+18
CRLX,3,120,2023-04-30,2.396798682992347e+18
CRLX,3,120,2023-05-31,1.4451727415141745e+18
CRLX,3,120,2023-06-30,9.743752385300138e+17
CRLX,3,120,2023-07-31,3.4038192177594074e+17
CRLX,3,120,2023-08-31,8.582358073397713e+17
CRLX,3,120,2023-09-30,1.2777493429060027e+18
CRLX,3,120,2023-10-31,2.8751357017503923e+18
CRLX,3,120,2023-11-30,2.230822696912314e+18
CRLX,3,120,2023-12-31,1.3422157465993318e+18
CRLX,3,120,2024-01-31,8.858977890729609e+17
CRLX,3,120,2024-02-29,8.431909822330225e+17
CRLX,3,120,2024-03-31,5.454328365018745e+17
CRLX,3,120,2024-04-30,2.83929474591851e+18
CRLX,3,120,2024-05-31,1.206232535934269e+18
CRLX,3,120,2024-06-30,1.1719747114607404e+18
CRLX,3,120,2024-07-31,7.527355759654468e+17
CRLX,3,120,2024-08-31,6.139327337187478e+18
CRLX,3,120,2024-09-30,2.2040896032023928e+18
CRLX,3,120,2024-10-31,5.833419603142341e+17
CRLX,3,120,2024-11-30,1.9687863688959334e+18
CRLX,3,120,2024-12-31,8.663833449259387e+17
CRLX,3,120,2025-01-31,4.9688292404102554e+17
CRLX,3,120,2025-02-28,6.343609505837976e+17
CRLX,3,120,2025-03-31,2.3905517597060813e+18
CRLX,3,120,2025-04-30,5.6244366494360576e+17
CRLX,3,120,2025-05-31,4.662732490996745e+17
CRLX,3,120,2025-06-30,5.626958322033262e+18
CRLX,3,120,2025-07-31,9.487239976884326e+17
CRLX,3,120,2025-08-31,1.0271915618504407e+18
CRLX,3,120,2025-09-30,6.989358109894705e+17
CRLX,3,120,2025-10-31,5.775921338928072e+17
CRLX,3,120,2025-11-30,4.830723214197634e+17
CRLX,3,120,2025-12-31,1.8313026213781716e+18
CRLX,3,120,2026-01-31,5.7508305982302163e+17
CRLX,3,120,2026-02-28,2.829210228967619e+18
CRLX,3,120,2026-03-31,2.0342827816113536e+18
CRLX,3,120,2026-04-30,1.2378101059016484e+18
CRLX,3,120,2026-05-31,5.972240381240818e+17
CRLX,3,120,2026-06-30,4.2197475896881935e+18
CRLX,3,120,2026-07-31,5.0403928696732896e+17
CRLX,3,120,2026-08-31,6.344522590170591e+18
CRLX,4,571,2018-01-31,2.5473652133132713e+18
CRLX,4,571,2018-02-28,2.0275790462985047e+18
CRLX,4,571,2018-03-31,2.9620548350771753e+18
CRLX,4,571,2018-04-30,8.497076126601395e+18
CRLX,4,571,2018-05-31,4.720863925216142e+18
CRLX,4,571,2018-06-30,4.379591043827156e+18
CRLX,4,571,2018-07-31,3.7492773951042063e+18
CRLX,4,571,2018-08-31,1.881650610198935e+18
CRLX,4,571,2018-09-30,2.1609427113155457e+19
CRLX,4,571,2018-10-31,3.3466235430717947e+18
CRLX,4,571,2018-11-30,5.340113865249783e+18
CRLX,4,571,2018-12-31,7.177278920779173e+17
CRLX,4,571,2019-01-31,1.168683082406919e+18
CRLX,4,571,2019-02-28,1.5421372037894267e+18
CRLX,4,571,2019-03-31,3.5191124609271967e+18
CRLX,4,571,2019-04-30,2.585899539005141e+18
CRLX,4,571,2019-05-31,2.1064231278208323e+18
CRLX,4,571,2019-06-30,6.765183064437147e+18
CRLX,4,571,2019-07-31,3.240487091506486e+18
CRLX,4,571,2019-08-31,3.079910300777758e+18
CRLX,4,571,2019-09-30,2.4797475281899935e+18
CRLX,4,571,2019-10-31,2.380198126797224e+18
CRLX,4,571,2019-11-30,1.6458814763120826e+19
CRLX,4,571,2019-12-31,1.5964366402480522e+18
CRLX,4,571,2020-01-31,8.107255927125241e+19
CRLX,4,571,2020-02-29,5.690292621419682e+18
CRLX,4,571,2020-03-31,1.88695513665849e+18
CRLX,4,571,2020-04-30,9.139022829831322e+18
CRLX,4,571,2020-05-31,1.6064620177094623e+19
CRLX,4,571,2020-06-30,1.1003042423351844e+18
CRLX,4,571,2020-07-31,4.053942011465724e+18
CRLX,4,571,2020-08-31,2.679175778039642e+18
CRLX,4,571,2020-09-30,2.0694197784297009e+18
CRLX,4,571,2020-10-31,3.353229476744949e+18
CRLX,4,571,2020-11-30,3.670129399699575e+18
CRLX,4,571,2020-12-31,3.984412491713182e+18
CRLX,4,571,2021-01-31,1.681168191142287e+18
CRLX,4,571,2021-02-28,1.6163299128144404e+19
CRLX,4,571,2021-03-31,4.455321792835104e+18
CRLX,4,571,2021-04-30,3.3886957579138114e+19
CRLX,4,571,2021-05-31,6.013137591928117e+18
CRLX,4,571,2021-06-30,2.547117295528201e+18
CRLX,4,571,2021-07-31,3.762412152403995e+18
CRLX,4,571,2021-08-31,1.5943067497262324e+19
CRLX,4,571,2021-09-30,2.9516772540574904e+18
CRLX,4,571,2021-10-31,1.4976250162661792e+20
CRLX,4,571,2021-11-30,8.454113473486758e+17
CRLX,4,571,2021-12-31,4.207425874103851e+18
CRLX,4,571,2022-01-31,3.246793896536602e+18
CRLX,4,571,2022-02-28,1.03704186058311e+19
CRLX,4,571,2022-03-31,1.0217584034353965e+18
CRLX,4,571,2022-04-30,1.8587192927678157e+18
CRLX,4,571,2022-05-31,5.305406892113681e+18
CRLX,4,571,2022-06-30,6.550528239010916e+18
CRLX,4,571,2022-07-31,2.8964379965660923e+18
CRLX,4,571,2022-08-31,1.10144056282352e+19
CRLX,4,571,2022-09-30,1.2549620309144123e+19
CRLX,4,571,2022-10-31,7.364398604376706e+18
CRLX,4,571,2022-11-30,3.3716092423873778e+19
CRLX,4,571,2022-12-31,1.7671432598241984e+18
CRLX,4,571,2023-01-31,4.309802798284364e+18
CRLX,4,571,2023-02-28,2.1246583361380308e+18
CRLX,4,571,2023-03-31,8.361287259239991e+18
CRLX,4,571,2023-04-30,2.5430736643406853e+18
CRLX,4,571,2023-05-31,2.8461826078180024e+18
CRLX,4,571,2023-06-30,2.649051281656273e+18
CRLX,4,571,2023-07-31,4.943393316686455e+18
CRLX,4,571,2023-08-31,5.071898045758394e+18
CRLX,4,571,2023-09-30,7.974837276859931e+18
CRLX,4,571,2023-10-31,3.2460884127967375e+18
CRLX,4,571,2023-11-30,2.6836540149300306e+18
CRLX,4,571,2023-12-31,2.802989474242902e+18
CRLX,4,571,2024-01-31,1.8431496447415296e+18
CRLX,4,571,2024-02-29,2.586016143973665e+19
CRLX,4,571,2024-03-31,5.691633207270038e+18
CRLX,4,571,2024-04-30,8.600067690386686e+19
CRLX,4,571,2024-05-31,1.23109245649327e+18
CRLX,4,571,2024-06-30,3.496615009216607e+18
CRLX,4,571,2024-07-31,1.626970773107983e+18
CRLX,4,571,2024-08-31,4.889993736759995e+20
CRLX,4,571,2024-09-30,2.06657257433526e+18
CRLX,4,571,2024-10-31,1.1236955546725022e+19
CRLX,4,571,2024-11-30,1.476566040033056e+18
CRLX,4,571,2024-12-31,3.419022234417103e+18
CRLX,4,571,2025-01-31,2.3678370497962414e+18
CRLX,4,571,2025-02-28,9.235860946816578e+18
CRLX,4,571,2025-03-31,2.24534231143082e+18
CRLX,4,571,2025-04-30,1.261898181010427e+19
CRLX,4,571,2025-05-31,6.62780798402199e+18
CRLX,4,571,2025-06-30,9.697124945160579e+17
CRLX,4,571,2025-07-31,1.7939662122017994e+18
CRLX,4,571,2025-08-31,1.2592254797336e+18
CRLX,4,571,2025-09-30,1.6967127416827625e+18
CRLX,4,571,2025-10-31,2.161611179083958e+18
CRLX,4,571,2025-11-30,1.1024363007816045e+18
CRLX,4,571,2025-12-31,5.816857447933836e+18
CRLX,4,571,2026-01-31,4.82629099669562e+18
CRLX,4,571,2026-02-28,1.7969992202224765e+18
CRLX,4,571,2026-03-31,3.357600970264253e+18
CRLX,4,571,2026-04-30,1.6179559892559634e+18
CRLX,4,571,2026-05-31,2.605933506889569e+18
CRLX,4,571,2026-06-30,3.239226395521392e+18
CRLX,4,571,2026-07-31,9.8440101373114e+17
CRLX,4,571,2026-08-31,2.3541426563886356e+18
CRLX,4,120,2018-01-31,3.493187882465775e+18
CRLX,4,120,2018-02-28,1.4974041549512737e+18
CRLX,4,120,2018-03-31,4.865721923768308e+18
CRLX,4,120,2018-04-30,1.439574598455636e+18
CRLX,4,120,2018-05-31,6.42995211546136e+18
CRLX,4,120,2018-06-30,1.9778541550273564e+18
CRLX,4,120,2018-07-31,2.404626748565556e+18
CRLX,4,120,2018-08-31,6.278594134327214e+18
CRLX,4,120,2018-09-30,6.297258042355944e+18
CRLX,4,120,2018-10-31,3.98395808263944e+18
CRLX,4,120,2018-11-30,5.370123782259205e+18
CRLX,4,120,2018-12-31,8.30189865473789e+19
CRLX,4,120,2019-01-31,4.460342089685029e+18
CRLX,4,120,2019-02-28,3.292212339369114e+18
CRLX,4,120,2019-03-31,1.947597678016034e+19
CRLX,4,120,2019-04-30,3.9446303171741614e+18
CRLX,4,120,2019-05-31,2.751182833141652e+19
CRLX,4,120,2019-06-30,2.760586188438669e+18
CRLX,4,120,2019-07-31,4.3771205179726034e+18
CRLX,4,120,2019-08-31,4.0912331469573135e+18
CRLX,4,120,2019-09-30,3.9388764487814057e+18
CRLX,4,120,2019-10-31,2.2307176053252895e+18
CRLX,4,120,2019-11-30,7.042410228440161e+18
CRLX,4,120,2019-12-31,2.7873064723743474e+19
CRLX,4,120,2020-01-31,1.006720882054166e+19
CRLX,4,120,2020-02-29,8.705128829698275e+18
CRLX,4,120,2020-03-31,2.666404766840698e+19
CRLX,4,120,2020-04-30,2.704652938006837e+18
CRLX,4,120,2020-05-31,1.2735428442671364e+19
CRLX,4,120,2020-06-30,4.703115647011516e+19
CRLX,4,120,2020-07-31,1.5027579051574595e+18
CRLX,4,120,2020-08-31,1.6525695594885286e+18
CRLX,4,120,2020-09-30,2.883986818267571e+18
CRLX,4,120,2020-10-31,1.08644285763833e+19
CRLX,4,120,2020-11-30,2.0016293466743718e+19
CRLX,4,120,2020-12-31,1.6462198991641413e+18
CRLX,4,120,2021-01-31,6.499565711756564e+18
CRLX,4,120,2021-02-28,6.605871153712045e+18
CRLX,4,120,2021-03-31,4.663534109712414e+18
CRLX,4,120,2021-04-30,1.6495885716251855e+18
CRLX,4,120,2021-05-31,6.996127925700164e+18
CRLX,4,120,2021-06-30,7.648246602765974e+19
CRLX,4,120,2021-07-31,1.4971913186835039e+18
CRLX,4,120,2021-08-31,2.9708820615785057e+18
CRLX,4,120,2021-09-30,1.7143455384571542e+19
CRLX,4,120,2021-10-31,2.0131517708779318e+18
CRLX,4,120,2021-11-30,2.8800002143472573e+18
CRLX,4,120,2021-12-31,2.4497719461863248e+19
CRLX,4,120,2022-01-31,1.2039401556312476e+19
CRLX,4,120,2022-02-28,4.0501515033548114e+18
CRLX,4,120,2022-03-31,6.150585409223184e+18
CRLX,4,120,2022-04-30,3.5990327218672287e+18
CRLX,4,120,2022-05-31,2.4894030202894136e+18
CRLX,4,120,2022-06-30,2.8622525899942226e+18
CRLX,4,120,2022-07-31,1.319753724961769e+19
CRLX,4,120,2022-08-31,3.3712294183688125e+18
CRLX,4,120,2022-09-30,1.1688793808898044e+19
CRLX,4,120,2022-10-31,2.2796638212476754e+18
CRLX,4,120,2022-11-30,5.032997861493476e+18
CRLX,4,120,2022-12-31,2.3290199183566623e+18
CRLX,4,120,2023-01-31,2.723398329777585e+18
CRLX,4,120,2023-02-28,1.6132643337056543e+19
CRLX,4,120,2023-03-31,1.6740424834755162e+18
CRLX,4,120,2023-04-30,2.4322434154043745e+18
CRLX,4,120,2023-05-31,3.569029427843674e+18
CRLX,4,120,2023-06-30,7.771041405382787e+18
CRLX,4,120,2023-07-31,2.0028034824955354e+18
CRLX,4,120,2023-08-31,4.646654369009263e+18
CRLX,4,120,2023-09-30,3.149463836531878e+18
CRLX,4,120,2023-10-31,1.2169945596812687e+19
CRLX,4,120,2023-11-30,1.6018906316533778e+18
CRLX,4,120,2023-12-31,1.837191441234931e+18
CRLX,4,120,2024-01-31,1.4065772507165734e+18
CRLX,4,120,2024-02-29,1.6504719791771387e+18
CRLX,4,120,2024-03-31,5.91669983714257e+18
CRLX,4,120,2024-04-30,3.1493299214172447e+18
CRLX,4,120,2024-05-31,2.3406075030201574e+18
CRLX,4,120,2024-06-30,3.239185381215476e+18
CRLX,4,120,2024-07-31,4.030691112914547e+18
CRLX,4,120,2024-08-31,3.3242386646193976e+18
CRLX,4,120,2024-09-30,1.4200349346588268e+18
CRLX,4,120,2024-10-31,8.586524410173104e+18
CRLX,4,120,2024-11-30,6.22362076592149e+18
CRLX,4,120,2024-12-31,8.830795539507442e+18
CRLX,4,120,2025-01-31,2.774288540231156e+18
CRLX,4,120,2025-02-28,6.482124035696841e+18
CRLX,4,120,2025-03-31,2.1073525149578343e+20
CRLX,4,120,2025-04-30,8.694589158753326e+18
CRLX,4,120,2025-05-31,3.285860618362434e+18
CRLX,4,120,2025-06-30,2.017624428906193e+19
CRLX,4,120,2025-07-31,2.810652001546103e+18
CRLX,4,120,2025-08-31,1.7302958874162125e+19
CRLX,4,120,2025-09-30,7.412239165803734e+18
CRLX,4,120,2025-10-31,4.5763077654942044e+18
CRLX,4,120,2025-11-30,1.598929966877847e+18
CRLX,4,120,2025-12-31,3.383219531104171e+18
CRLX,4,120,2026-01-31,1.0956464711691683e+18
CRLX,4,120,2026-02-28,9.590762683490183e+18
CRLX,4,120,2026-03-31,4.489129433264775e+19
CRLX,4,120,2026-04-30,2.0319032047939776e+18
CRLX,4,120,2026-05-31,3.060683791232239e+18
CRLX,4,120,2026-06-30,5.174796128151203e+18
CRLX,4,120,2026-07-31,1.9852708493452646e+18
CRLX,4,120,2026-08-31,1.366910707810957e+18
QR1,0,571,2018-01-31,419.75272508379766
QR1,0,571,2018-02-28,417.025737725576
QR1,0,571,2018-03-31,415.43333263237
QR1,0,571,2018-04-30,418.89844043276696
QR1,0,571,2018-05-31,418.59670452696207
QR1,0,571,2018-06-30,419.2491081606397
QR1,0,571,2018-07-31,419.99423081848227
QR1,0,571,2018-08-31,419.7182430547167
QR1,0,571,2018-09-30,420.13502802027483
QR1,0,571,2018-10-31,420.1845381802269
QR1,0,571,2018-11-30,420.0903356579413
QR1,0,571,2018-12-31,419.81164461667953
QR1,0,571,2019-01-31,419.581603686474
QR1,0,571,2019-02-28,418.1259511511469
QR1,0,571,2019-03-31,418.1216618347209
QR1,0,571,2019-04-30,414.34421189675044
QR1,0,571,2019-05-31,412.05465523847283
QR1,0,571,2019-06-30,412.06332226297064
QR1,0,571,2019-07-31,411.759635020662
QR1,0,571,2019-08-31,411.3352457438913
QR1,0,571,2019-09-30,411.6467119963545
QR1,0,571,2019-10-31,411.01306621414363
QR1,0,571,2019-11-30,409.90164831236336
QR1,0,571,2019-12-31,409.7735633794359
QR1,0,571,2020-01-31,410.395250063265
QR1,0,571,2020-02-29,410.19360903610345
QR1,0,571,2020-03-31,410.1179940881449
QR1,0,571,2020-04-30,409.97325802889515
QR1,0,571,2020-05-31,409.11691678930373
QR1,0,571,2020-06-30,408.4948944251332
QR1,0,571,2020-07-31,408.53600778052044
QR1,0,571,2020-08-31,408.60646547815304
QR1,0,571,2020-09-30,407.6601869248009
QR1,0,571,2020-10-31,406.93721302653654
QR1,0,571,2020-11-30,406.8202885906461
QR1,0,571,2020-12-31,406.89916020868105
QR1,0,571,2021-01-31,406.1157015933789
QR1,0,571,2021-02-28,406.2493754561895
QR1,0,571,2021-03-31,406.26605092022595
QR1,0,571,2021-04-30,405.7508016045692
QR1,0,571,2021-05-31,406.0354918554476
QR1,0,571,2021-06-30,406.7351668904267
QR1,0,571,2021-07-31,407.57319989261975
QR1,0,571,2021-08-31,407.83323762262575
QR1,0,571,2021-09-30,407.5524865928771
QR1,0,571,2021-10-31,407.9342672600156
QR1,0,571,2021-11-30,407.7779793367601
QR1,0,571,2021-12-31,407.9842234143579
QR1,0,571,2022-01-31,408.1128353038947
QR1,0,571,2022-02-28,408.1628415263428
QR1,0,571,2022-03-31,407.9635542860609
QR1,0,571,2022-04-30,408.20496213790614
QR1,0,571,2022-05-31,408.4994242054142
QR1,0,571,2022-06-30,409.02557438806235
QR1,0,571,2022-07-31,412.8536149434743
QR1,0,571,2022-08-31,416.5801444516454
QR1,0,571,2022-09-30,416.92533184071146
QR1,0,571,2022-10-31,418.04610660820236
QR1,0,571,2022-11-30,418.42115840888965
QR1,0,571,2022-12-31,417.9607824771488
QR1,0,571,2023-01-31,417.8023951479147
QR1,0,571,2023-02-28,417.0507162063821
QR1,0,571,2023-03-31,417.0428381716591
QR1,0,571,2023-04-30,416.98400634228295
QR1,0,571,2023-05-31,417.00010035258225
QR1,0,571,2023-06-30,416.75576507050243
QR1,0,571,2023-07-31,416.7790578470988
QR1,0,571,2023-08-31,416.78965771400294
QR1,0,571,2023-09-30,418.0285819524297
QR1,0,571,2023-10-31,418.87767523146204
QR1,0,571,2023-11-30,418.7391058502432
QR1,0,571,2023-12-31,418.73715334382297
QR1,0,571,2024-01-31,418.32971720097464
QR1,0,571,2024-02-29,418.3698650759566
QR1,0,571,2024-03-31,418.3662714914329
QR1,0,571,2024-04-30,417.9656835962076
QR1,0,571,2024-05-31,418.00299654395195
QR1,0,571,2024-06-30,417.95287340765145
QR1,0,571,2024-07-31,417.85699008479475
QR1,0,571,2024-08-31,417.70540184721807
QR1,0,571,2024-09-30,417.38201764306655
QR1,0,571,2024-10-31,418.1465417798439
QR1,0,571,2024-11-30,418.04857164172387
QR1,0,571,2024-12-31,417.071027744941
QR1,0,571,2025-01-31,416.10890534826393
QR1,0,571,2025-02-28,415.6136079232299
QR1,0,571,2025-03-31,415.70390680603924
QR1,0,571,2025-04-30,415.68099489402823
QR1,0,571,2025-05-31,415.3142058692564
QR1,0,571,2025-06-30,413.233021447932
QR1,0,571,2025-07-31,412.47126270252767
QR1,0,571,2025-08-31,410.2468743157894
QR1,0,571,2025-09-30,410.26528175326814
QR1,0,571,2025-10-31,409.98483099205146
QR1,0,571,2025-11-30,410.1657267302238
QR1,0,571,2025-12-31,410.15400432978373
QR1,0,571,2026-01-31,410.6158433031627
QR1,0,571,2026-02-28,410.63324673739027
QR1,0,571,2026-03-31,410.55347272661504
QR1,0,571,2026-04-30,410.39506610361315
QR1,0,571,2026-05-31,410.7385702617329
QR1,0,571,2026-06-30,410.69624978835765
QR1,0,571,2026-07-31,410.57221305814136
QR1,0,571,2026-08-31,410.34842092503527
QR1,0,120,2018-01-31,410.728885302335
QR1,0,120,2018-02-28,397.32758294248043
QR1,0,120,2018-03-31,391.16465780373926
QR1,0,120,2018-04-30,390.790716822543
QR1,0,120,2018-05-31,387.4321258239726
QR1,0,120,2018-06-30,387.4111866639975
QR1,0,120,2018-07-31,388.20169958240706
QR1,0,120,2018-08-31,388.20629892719353
QR1,0,120,2018-09-30,387.9601479417643
QR1,0,120,2018-10-31,388.01012171255815
QR1,0,120,2018-11-30,392.25182251931216
QR1,0,120,2018-12-31,392.52401736601104
QR1,0,120,2019-01-31,394.4896029650079
QR1,0,120,2019-02-28,393.37077585975373
QR1,0,120,2019-03-31,395.2428941246367
QR1,0,120,2019-04-30,386.193963077778
QR1,0,120,2019-05-31,380.31466881271
QR1,0,120,2019-06-30,382.1866881768566
QR1,0,120,2019-07-31,381.49939647785385
QR1,0,120,2019-08-31,401.0854460150692
QR1,0,120,2019-09-30,409.44826459201624
QR1,0,120,2019-10-31,416.7008662088502
QR1,0,120,2019-11-30,416.5909160457392
QR1,0,120,2019-12-31,420.31759888801076
QR1,0,120,2020-01-31,426.50947999496594
QR1,0,120,2020-02-29,427.9280368007056
QR1,0,120,2020-03-31,430.32442516388005
QR1,0,120,2020-04-30,429.26243092052783
QR1,0,120,2020-05-31,420.84604359219117
QR1,0,120,2020-06-30,418.9738148890807
QR1,0,120,2020-07-31,422.25652629745656
QR1,0,120,2020-08-31,423.76195706337523
QR1,0,120,2020-09-30,413.5686632757262
QR1,0,120,2020-10-31,414.8626117123138
QR1,0,120,2020-11-30,417.010415665098
QR1,0,120,2020-12-31,414.26216547296895
QR1,0,120,2021-01-31,412.74122977638126
QR1,0,120,2021-02-28,411.4048029284754
QR1,0,120,2021-03-31,409.5378571228887
QR1,0,120,2021-04-30,405.0918961717202
QR1,0,120,2021-05-31,405.2202043631046
QR1,0,120,2021-06-30,407.447915246211
QR1,0,120,2021-07-31,408.674303720381
QR1,0,120,2021-08-31,410.84675727648107
QR1,0,120,2021-09-30,409.07111616036275
QR1,0,120,2021-10-31,410.89698071033837
QR1,0,120,2021-11-30,414.2545693772175
QR1,0,120,2021-12-31,423.6321285836265
QR1,0,120,2022-01-31,437.01696643859583
QR1,0,120,2022-02-28,437.57036105197943
QR1,0,120,2022-03-31,436.1210898918253
QR1,0,120,2022-04-30,436.2055059879339
QR1,0,120,2022-05-31,433.64860192163326
QR1,0,120,2022-06-30,434.20789503948845
QR1,0,120,2022-07-31,438.76425500205323
QR1,0,120,2022-08-31,434.02040720384986
QR1,0,120,2022-09-30,434.7363037706437
QR1,0,120,2022-10-31,426.2830214978633
QR1,0,120,2022-11-30,423.47364841891164
QR1,0,120,2022-12-31,423.4691435040342
QR1,0,120,2023-01-31,420.8123010613911
QR1,0,120,2023-02-28,410.22968808015025
QR1,0,120,2023-03-31,412.9221521489722
QR1,0,120,2023-04-30,409.7290640332232
QR1,0,120,2023-05-31,410.6851101331181
QR1,0,120,2023-06-30,409.21523934400096
QR1,0,120,2023-07-31,409.42867598089794
QR1,0,120,2023-08-31,410.45837546082106
QR1,0,120,2023-09-30,410.8743396510171
QR1,0,120,2023-10-31,413.09092532598225
QR1,0,120,2023-11-30,412.40012023305354
QR1,0,120,2023-12-31,415.47671079851744
QR1,0,120,2024-01-31,411.7987795983612
QR1,0,120,2024-02-29,412.3373502712695
QR1,0,120,2024-03-31,413.60998939987707
QR1,0,120,2024-04-30,410.53720494010173
QR1,0,120,2024-05-31,410.0131599400593
QR1,0,120,2024-06-30,412.8878305600683
QR1,0,120,2024-07-31,412.76417459804225
QR1,0,120,2024-08-31,412.79267272501227
QR1,0,120,2024-09-30,413.50000657065715
QR1,0,120,2024-10-31,413.4295616191583
QR1,0,120,2024-11-30,413.1624240539671
QR1,0,120,2024-12-31,409.4236794315755
QR1,0,120,2025-01-31,403.9729502687069
QR1,0,120,2025-02-28,405.7084364286802
QR1,0,120,2025-03-31,407.6825833130058
QR1,0,120,2025-04-30,407.3202631113775
QR1,0,120,2025-05-31,406.0763224295503
QR1,0,120,2025-06-30,401.21663743881913
QR1,0,120,2025-07-31,396.018797708401
QR1,0,120,2025-08-31,391.1825981783076
QR1,0,120,2025-09-30,391.52532190098776
QR1,0,120,2025-10-31,389.609358469509
QR1,0,120,2025-11-30,390.23634382726823
QR1,0,120,2025-12-31,396.99961787481294
QR1,0,120,2026-01-31,396.7865739494539
QR1,0,120,2026-02-28,398.2071161057376
QR1,0,120,2026-03-31,398.1665221455889
QR1,0,120,2026-04-30,399.4370230366482
QR1,0,120,2026-05-31,400.40199188003766
QR1,0,120,2026-06-30,399.12113464992854
QR1,0,120,2026-07-31,396.8558213218099
QR1,0,120,2026-08-31,396.08528335133167
QR1,1,571,2018-01-31,571.9351226394567
QR1,1,571,2018-02-28,572.253976399485
QR1,1,571,2018-03-31,576.463128754045
QR1,1,571,2018-04-30,577.5746553259282
QR1,1,571,2018-05-31,578.5617737527957
QR1,1,571,2018-06-30,578.3641366214981
QR1,1,571,2018-07-31,578.3832403984401
QR1,1,571,2018-08-31,578.401351499201
QR1,1,571,2018-09-30,578.8077418866042
QR1,1,571,2018-10-31,579.0506263588825
QR1,1,571,2018-11-30,579.0192209594184
QR1,1,571,2018-12-31,578.7891041754983
QR1,1,571,2019-01-31,578.1604541434658
QR1,1,571,2019-02-28,578.2076818130495
QR1,1,571,2019-03-31,576.4675429888613
QR1,1,571,2019-04-30,574.4907197915022
QR1,1,571,2019-05-31,574.2925203761462
QR1,1,571,2019-06-30,574.467171566087
QR1,1,571,2019-07-31,575.1479133113228
QR1,1,571,2019-08-31,575.2615021003458
QR1,1,571,2019-09-30,576.3553675662974
QR1,1,571,2019-10-31,576.644111349319
QR1,1,571,2019-11-30,575.7548786834592
QR1,1,571,2019-12-31,574.8830184898995
QR1,1,571,2020-01-31,574.6638224431109
QR1,1,571,2020-02-29,574.4410135866233
QR1,1,571,2020-03-31,574.7113425296908
QR1,1,571,2020-04-30,574.5555885400195
QR1,1,571,2020-05-31,573.8072027129809
QR1,1,571,2020-06-30,571.7221965069127
QR1,1,571,2020-07-31,571.277306379707
QR1,1,571,2020-08-31,571.1251578010255
QR1,1,571,2020-09-30,570.1311390349956
QR1,1,571,2020-10-31,570.4728482033368
QR1,1,571,2020-11-30,571.063889786248
QR1,1,571,2020-12-31,571.3481357119908
QR1,1,571,2021-01-31,569.2968513716299
QR1,1,571,2021-02-28,567.4307663407966
QR1,1,571,2021-03-31,567.7008299950813
QR1,1,571,2021-04-30,567.9333101535073
QR1,1,571,2021-05-31,568.2483915568843
QR1,1,571,2021-06-30,568.5311340627477
QR1,1,571,2021-07-31,568.1231775583958
QR1,1,571,2021-08-31,567.8716270935504
QR1,1,571,2021-09-30,568.0860237802444
QR1,1,571,2021-10-31,568.0449212302854
QR1,1,571,2021-11-30,568.8545114201455
QR1,1,571,2021-12-31,568.4235618690911
QR1,1,571,2022-01-31,568.2599362447562
QR1,1,571,2022-02-28,568.0385439539624
QR1,1,571,2022-03-31,567.6827105064253
QR1,1,571,2022-04-30,567.7594280892534
QR1,1,571,2022-05-31,567.811984174429
QR1,1,571,2022-06-30,567.8126970512476
QR1,1,571,2022-07-31,570.0599703276191
QR1,1,571,2022-08-31,570.1080202202149
QR1,1,571,2022-09-30,569.5619140818028
QR1,1,571,2022-10-31,570.3912817549203
QR1,1,571,2022-11-30,570.3196869427258
QR1,1,571,2022-12-31,568.1243421340258
QR1,1,571,2023-01-31,563.88484500953
QR1,1,571,2023-02-28,563.4840392597511
QR1,1,571,2023-03-31,563.518539456114
QR1,1,571,2023-04-30,562.692656858319
QR1,1,571,2023-05-31,562.8497756926414
QR1,1,571,2023-06-30,563.2519758270415
QR1,1,571,2023-07-31,563.2886197151454
QR1,1,571,2023-08-31,563.2076383779989
QR1,1,571,2023-09-30,563.1826473443923
QR1,1,571,2023-10-31,563.1512136477329
QR1,1,571,2023-11-30,563.0021718405031
QR1,1,571,2023-12-31,562.9532521532467
QR1,1,571,2024-01-31,562.1161854477364
QR1,1,571,2024-02-29,562.1145812895815
QR1,1,571,2024-03-31,562.0067793778185
QR1,1,571,2024-04-30,562.0279850976731
QR1,1,571,2024-05-31,561.9044987776335
QR1,1,571,2024-06-30,561.7382266648049
QR1,1,571,2024-07-31,561.5526576521615
QR1,1,571,2024-08-31,561.4842473482574
QR1,1,571,2024-09-30,561.3451692603187
QR1,1,571,2024-10-31,562.589157018998
QR1,1,571,2024-11-30,562.4616691304522
QR1,1,571,2024-12-31,563.42674036611
QR1,1,571,2025-01-31,563.7844986203764
QR1,1,571,2025-02-28,564.1886995540656
QR1,1,571,2025-03-31,563.797368307863
QR1,1,571,2025-04-30,564.8419597305444
QR1,1,571,2025-05-31,564.9339411915957
QR1,1,571,2025-06-30,563.9168135906916
QR1,1,571,2025-07-31,565.5199560987323
QR1,1,571,2025-08-31,564.6206987076209
QR1,1,571,2025-09-30,565.2005770801202
QR1,1,571,2025-10-31,566.9603591358158
QR1,1,571,2025-11-30,567.1970107380859
QR1,1,571,2025-12-31,568.3632253287118
QR1,1,571,2026-01-31,568.8459057650006
QR1,1,571,2026-02-28,568.7146098363205
QR1,1,571,2026-03-31,568.900126937708
QR1,1,571,2026-04-30,569.0335937023923
QR1,1,571,2026-05-31,569.7973783902172
QR1,1,571,2026-06-30,569.8974522227026
QR1,1,571,2026-07-31,571.0929672379776
QR1,1,571,2026-08-31,571.877151447343
QR1,1,120,2018-01-31,642.3600136679909
QR1,1,120,2018-02-28,640.6594170046773
QR1,1,120,2018-03-31,639.9526018067139
QR1,1,120,2018-04-30,639.1836972597878
QR1,1,120,2018-05-31,641.2323006744288
QR1,1,120,2018-06-30,637.4679446380824
QR1,1,120,2018-07-31,645.8849851003029
QR1,1,120,2018-08-31,646.5158925241775
QR1,1,120,2018-09-30,643.0028696553786
QR1,1,120,2018-10-31,642.022613489198
QR1,1,120,2018-11-30,657.1232920452625
QR1,1,120,2018-12-31,650.2475536477377
QR1,1,120,2019-01-31,654.3293046495712
QR1,1,120,2019-02-28,660.5467461719415
QR1,1,120,2019-03-31,658.5436677975684
QR1,1,120,2019-04-30,636.0421850407838
QR1,1,120,2019-05-31,659.1492332353359
QR1,1,120,2019-06-30,713.6720576051811
QR1,1,120,2019-07-31,714.9236396170774
QR1,1,120,2019-08-31,727.3904292669156
QR1,1,120,2019-09-30,734.1561370613562
QR1,1,120,2019-10-31,750.1194477722894
QR1,1,120,2019-11-30,761.1314592232916
QR1,1,120,2019-12-31,768.4743710821159
QR1,1,120,2020-01-31,792.754215443987
QR1,1,120,2020-02-29,799.9994240112969
QR1,1,120,2020-03-31,810.4569647209213
QR1,1,120,2020-04-30,806.2553201244065
QR1,1,120,2020-05-31,826.3509958514458
QR1,1,120,2020-06-30,798.7784115482082
QR1,1,120,2020-07-31,807.13219545278
QR1,1,120,2020-08-31,812.5403154251818
QR1,1,120,2020-09-30,805.254034290639
QR1,1,120,2020-10-31,806.4058477105133
QR1,1,120,2020-11-30,805.0788062643805
QR1,1,120,2020-12-31,805.3085755455182
QR1,1,120,2021-01-31,766.3093304611089
QR1,1,120,2021-02-28,733.8814228252987
QR1,1,120,2021-03-31,740.7220313450472
QR1,1,120,2021-04-30,741.9948226855624
QR1,1,120,2021-05-31,739.9551745817971
QR1,1,120,2021-06-30,743.3218827629858
QR1,1,120,2021-07-31,738.0552733300127
QR1,1,120,2021-08-31,736.0673481559204
QR1,1,120,2021-09-30,736.59801286902
QR1,1,120,2021-10-31,764.3774442262583
QR1,1,120,2021-11-30,780.0600546963722
QR1,1,120,2021-12-31,790.9852512137231
QR1,1,120,2022-01-31,790.6531052524452
QR1,1,120,2022-02-28,788.504623922102
QR1,1,120,2022-03-31,783.1008265111665
QR1,1,120,2022-04-30,781.0512777260386
QR1,1,120,2022-05-31,776.7702140242809
QR1,1,120,2022-06-30,773.0900920353437
QR1,1,120,2022-07-31,772.3210587921425
QR1,1,120,2022-08-31,770.6417410707479
QR1,1,120,2022-09-30,785.1504465525255
QR1,1,120,2022-10-31,779.6459468479155
QR1,1,120,2022-11-30,779.2814982161292
QR1,1,120,2022-12-31,754.4790517949067
QR1,1,120,2023-01-31,726.3845298860568
QR1,1,120,2023-02-28,720.6273275596016
QR1,1,120,2023-03-31,719.7711583093139
QR1,1,120,2023-04-30,713.5414066560377
QR1,1,120,2023-05-31,719.6802315777172
QR1,1,120,2023-06-30,716.6899604640752
QR1,1,120,2023-07-31,720.0272405492022
QR1,1,120,2023-08-31,720.1047424001438
QR1,1,120,2023-09-30,719.736162684191
QR1,1,120,2023-10-31,721.4977529110216
QR1,1,120,2023-11-30,717.7994865005761
QR1,1,120,2023-12-31,721.3453999714419
QR1,1,120,2024-01-31,715.0925768369789
QR1,1,120,2024-02-29,714.3527614950865
QR1,1,120,2024-03-31,716.2041610458468
QR1,1,120,2024-04-30,717.9873048512981
QR1,1,120,2024-05-31,720.5031172001773
QR1,1,120,2024-06-30,719.7311151743702
QR1,1,120,2024-07-31,719.6192639843096
QR1,1,120,2024-08-31,716.3614663148394
QR1,1,120,2024-09-30,724.5958464563927
QR1,1,120,2024-10-31,720.5935594261847
QR1,1,120,2024-11-30,725.5216238315617
QR1,1,120,2024-12-31,724.3184160931906
QR1,1,120,2025-01-31,724.926199983
QR1,1,120,2025-02-28,722.7117829236146
QR1,1,120,2025-03-31,718.8339642735074
QR1,1,120,2025-04-30,723.2930460342681
QR1,1,120,2025-05-31,727.9169969314814
QR1,1,120,2025-06-30,712.0783716338691
QR1,1,120,2025-07-31,707.5721159098314
QR1,1,120,2025-08-31,703.0750311448348
QR1,1,120,2025-09-30,699.2934924039293
QR1,1,120,2025-10-31,701.18634863036
QR1,1,120,2025-11-30,702.638267411426
QR1,1,120,2025-12-31,702.164931310138
QR1,1,120,2026-01-31,701.638757702094
QR1,1,120,2026-02-28,702.096036259229
QR1,1,120,2026-03-31,709.1349618824826
QR1,1,120,2026-04-30,716.3121666943476
QR1,1,120,2026-05-31,713.7128874576576
QR1,1,120,2026-06-30,712.7997436460362
QR1,1,120,2026-07-31,713.8145417866775
QR1,1,120,2026-08-31,713.9422775267706
QR1,2,571,2018-01-31,372.45889581787964
QR1,2,571,2018-02-28,373.370115340475
QR1,2,571,2018-03-31,376.06580153622485
QR1,2,571,2018-04-30,375.8569126117854
QR1,2,571,2018-05-31,376.37033685499017
QR1,2,571,2018-06-30,376.3278714439651
QR1,2,571,2018-07-31,376.2932430058568
QR1,2,571,2018-08-31,376.2382709427081
QR1,2,571,2018-09-30,376.2133251777327
QR1,2,571,2018-10-31,376.2408264430075
QR1,2,571,2018-11-30,376.2190858979589
QR1,2,571,2018-12-31,374.94713109753144
QR1,2,571,2019-01-31,372.98162631098916
QR1,2,571,2019-02-28,372.76359344022916
QR1,2,571,2019-03-31,372.7950965227329
QR1,2,571,2019-04-30,370.7187321030224
QR1,2,571,2019-05-31,370.78041885653806
QR1,2,571,2019-06-30,370.6781513351744
QR1,2,571,2019-07-31,370.83067189003015
QR1,2,571,2019-08-31,370.95641598277405
QR1,2,571,2019-09-30,371.7377595905736
QR1,2,571,2019-10-31,371.79345971908873
QR1,2,571,2019-11-30,371.41798798851073
QR1,2,571,2019-12-31,370.88513740038974
QR1,2,571,2020-01-31,370.3770661285256
QR1,2,571,2020-02-29,370.3694719944885
QR1,2,571,2020-03-31,370.18157902387554
QR1,2,571,2020-04-30,369.33464603209967
QR1,2,571,2020-05-31,367.53176423732566
QR1,2,571,2020-06-30,367.33391808511914
QR1,2,571,2020-07-31,363.10258277707055
QR1,2,571,2020-08-31,363.0608954646914
QR1,2,571,2020-09-30,362.79519347587086
QR1,2,571,2020-10-31,362.0673922924792
QR1,2,571,2020-11-30,361.2132207484462
QR1,2,571,2020-12-31,361.1936652765519
QR1,2,571,2021-01-31,360.2809764101806
QR1,2,571,2021-02-28,360.29827213206624
QR1,2,571,2021-03-31,359.4921469287307
QR1,2,571,2021-04-30,359.52179667264875
QR1,2,571,2021-05-31,359.4487932990206
QR1,2,571,2021-06-30,359.6913298363975
QR1,2,571,2021-07-31,359.444507921959
QR1,2,571,2021-08-31,359.53293107581476
QR1,2,571,2021-09-30,359.6042108519093
QR1,2,571,2021-10-31,360.0402812479079
QR1,2,571,2021-11-30,360.72401222092515
QR1,2,571,2021-12-31,360.7585521586736
QR1,2,571,2022-01-31,360.8723749050242
QR1,2,571,2022-02-28,360.94890867281487
QR1,2,571,2022-03-31,360.0469808643766
QR1,2,571,2022-04-30,360.483543591587
QR1,2,571,2022-05-31,360.44562969510247
QR1,2,571,2022-06-30,366.77900996952076
QR1,2,571,2022-07-31,373.5108586233764
QR1,2,571,2022-08-31,375.50568465044626
QR1,2,571,2022-09-30,381.3314114655715
QR1,2,571,2022-10-31,382.78735924889867
QR1,2,571,2022-11-30,381.8176021957015
QR1,2,571,2022-12-31,380.28215126799097
QR1,2,571,2023-01-31,380.129797108974
QR1,2,571,2023-02-28,379.7953459866928
QR1,2,571,2023-03-31,378.6674359748669
QR1,2,571,2023-04-30,378.6538163473093
QR1,2,571,2023-05-31,379.19089608375185
QR1,2,571,2023-06-30,380.1854809868144
QR1,2,571,2023-07-31,380.2105369875161
QR1,2,571,2023-08-31,380.64858487950835
QR1,2,571,2023-09-30,380.55755206235904
QR1,2,571,2023-10-31,380.6656147485769
QR1,2,571,2023-11-30,380.7580298311987
QR1,2,571,2023-12-31,381.3537990009625
QR1,2,571,2024-01-31,381.2054263113829
QR1,2,571,2024-02-29,380.9901530759955
QR1,2,571,2024-03-31,380.98087367087123
QR1,2,571,2024-04-30,381.0990391735155
QR1,2,571,2024-05-31,381.08152535621264
QR1,2,571,2024-06-30,381.0351354209811
QR1,2,571,2024-07-31,381.0293545823331
QR1,2,571,2024-08-31,380.9015785886277
QR1,2,571,2024-09-30,380.8392753725417
QR1,2,571,2024-10-31,377.8527592576257
QR1,2,571,2024-11-30,378.20168160089423
QR1,2,571,2024-12-31,378.64045972875516
QR1,2,571,2025-01-31,378.47141549036616
QR1,2,571,2025-02-28,378.6106708485364
QR1,2,571,2025-03-31,379.1093554998278
QR1,2,571,2025-04-30,379.0212602349281
QR1,2,571,2025-05-31,379.23040482385903
QR1,2,571,2025-06-30,378.0382282286313
QR1,2,571,2025-07-31,376.9006667188462
QR1,2,571,2025-08-31,372.7136055156468
QR1,2,571,2025-09-30,372.45023765318354
QR1,2,571,2025-10-31,373.3070046059762
QR1,2,571,2025-11-30,374.2646289732314
QR1,2,571,2025-12-31,374.9180131325232
QR1,2,571,2026-01-31,374.537355373651
QR1,2,571,2026-02-28,374.58562088206037
QR1,2,571,2026-03-31,375.34008718117263
QR1,2,571,2026-04-30,375.51422516547217
QR1,2,571,2026-05-31,375.3189536815258
QR1,2,571,2026-06-30,375.15013236089527
QR1,2,571,2026-07-31,375.2718998784245
QR1,2,571,2026-08-31,376.18578607233263
QR1,2,120,2018-01-31,353.1452136508247
QR1,2,120,2018-02-28,353.13740922737156
QR1,2,120,2018-03-31,353.43077802529245
QR1,2,120,2018-04-30,351.31322437106047
QR1,2,120,2018-05-31,351.50263608412126
QR1,2,120,2018-06-30,354.56544764156166
QR1,2,120,2018-07-31,361.68655189939597
QR1,2,120,2018-08-31,364.9057030964372
QR1,2,120,2018-09-30,364.85520456658736
QR1,2,120,2018-10-31,365.35437115465027
QR1,2,120,2018-11-30,382.45880340933957
QR1,2,120,2018-12-31,383.8343565168191
QR1,2,120,2019-01-31,374.83340678560455
QR1,2,120,2019-02-28,454.98076803059166
QR1,2,120,2019-03-31,461.1392133628828
QR1,2,120,2019-04-30,471.78855659785006
QR1,2,120,2019-05-31,480.6481905612338
QR1,2,120,2019-06-30,501.70321615345836
QR1,2,120,2019-07-31,499.8690008251207
QR1,2,120,2019-08-31,500.0476930004229
QR1,2,120,2019-09-30,508.28353469690256
QR1,2,120,2019-10-31,508.07330255488876
QR1,2,120,2019-11-30,512.3660737352043
QR1,2,120,2019-12-31,512.6208862594021
QR1,2,120,2020-01-31,520.5483066673889
QR1,2,120,2020-02-29,520.7678370331395
QR1,2,120,2020-03-31,531.598132747157
QR1,2,120,2020-04-30,533.0931202530685
QR1,2,120,2020-05-31,522.4899229266327
QR1,2,120,2020-06-30,521.1536395250909
QR1,2,120,2020-07-31,483.0700527893378
QR1,2,120,2020-08-31,481.32005315800717
QR1,2,120,2020-09-30,482.55187816573607
QR1,2,120,2020-10-31,478.68342555048537
QR1,2,120,2020-11-30,498.69102795150957
QR1,2,120,2020-12-31,498.1181100774109
QR1,2,120,2021-01-31,477.52394026616173
QR1,2,120,2021-02-28,484.0831224912014
QR1,2,120,2021-03-31,470.6556771377123
QR1,2,120,2021-04-30,470.1692639914496
QR1,2,120,2021-05-31,471.6297799582259
QR1,2,120,2021-06-30,472.2618047183454
QR1,2,120,2021-07-31,471.427183748944
QR1,2,120,2021-08-31,472.3982446982335
QR1,2,120,2021-09-30,472.74596710573604
QR1,2,120,2021-10-31,481.6876722046449
QR1,2,120,2021-11-30,481.16728690075456
QR1,2,120,2021-12-31,481.5539381158087
QR1,2,120,2022-01-31,482.8697478609422
QR1,2,120,2022-02-28,497.0252379660576
QR1,2,120,2022-03-31,496.54767591754023
QR1,2,120,2022-04-30,494.6716162773749
QR1,2,120,2022-05-31,494.25674768660195
QR1,2,120,2022-06-30,482.52487523131174
QR1,2,120,2022-07-31,486.949667975048
QR1,2,120,2022-08-31,472.0227931116921
QR1,2,120,2022-09-30,467.7600734799534
QR1,2,120,2022-10-31,462.98469754900356
QR1,2,120,2022-11-30,442.52710765545083
QR1,2,120,2022-12-31,428.80872138973564
QR1,2,120,2023-01-31,426.0424706765824
QR1,2,120,2023-02-28,423.66346239739113
QR1,2,120,2023-03-31,418.9252296306979
QR1,2,120,2023-04-30,416.7606008712158
QR1,2,120,2023-05-31,416.55446727605784
QR1,2,120,2023-06-30,416.663830670021
QR1,2,120,2023-07-31,420.3918564779103
QR1,2,120,2023-08-31,419.86316045564536
QR1,2,120,2023-09-30,419.7006179290762
QR1,2,120,2023-10-31,419.730944361368
QR1,2,120,2023-11-30,417.8545559499489
QR1,2,120,2023-12-31,416.4963665452016
QR1,2,120,2024-01-31,414.97925444367723
QR1,2,120,2024-02-29,414.9979966852237
QR1,2,120,2024-03-31,416.32594543679505
QR1,2,120,2024-04-30,415.02145842189384
QR1,2,120,2024-05-31,415.12024812422203
QR1,2,120,2024-06-30,416.5436855299235
QR1,2,120,2024-07-31,416.24951282685305
QR1,2,120,2024-08-31,416.2127200988798
QR1,2,120,2024-09-30,417.1792008540356
QR1,2,120,2024-10-31,397.96960100959114
QR1,2,120,2024-11-30,396.3022212190924
QR1,2,120,2024-12-31,398.44920575683335
QR1,2,120,2025-01-31,399.72688144320193
QR1,2,120,2025-02-28,399.42663381258734
QR1,2,120,2025-03-31,403.62030322141044
QR1,2,120,2025-04-30,406.07451331879207
QR1,2,120,2025-05-31,403.7050154091979
QR1,2,120,2025-06-30,402.548162281907
QR1,2,120,2025-07-31,395.63143737771554
QR1,2,120,2025-08-31,378.031366096637
QR1,2,120,2025-09-30,377.8886017392023
QR1,2,120,2025-10-31,382.3713004061661
QR1,2,120,2025-11-30,382.4844070257657
QR1,2,120,2025-12-31,383.9614942478779
QR1,2,120,2026-01-31,383.0933801320062
QR1,2,120,2026-02-28,383.88372705819023
QR1,2,120,2026-03-31,385.0883345651195
QR1,2,120,2026-04-30,385.4431122580042
QR1,2,120,2026-05-31,384.78812512096385
QR1,2,120,2026-06-30,384.2063578156397
QR1,2,120,2026-07-31,384.40516589774745
QR1,2,120,2026-08-31,383.97108189108343
QR1,3,571,2018-01-31,353.997353098242
QR1,3,571,2018-02-28,351.3734064707486
QR1,3,571,2018-03-31,349.9929112361736
QR1,3,571,2018-04-30,349.1127182852622
QR1,3,571,2018-05-31,349.0875414399551
QR1,3,571,2018-06-30,348.8050125957952
QR1,3,571,2018-07-31,347.65497528688405
QR1,3,571,2018-08-31,346.3411643975728
QR1,3,571,2018-09-30,345.99547038060916
QR1,3,571,2018-10-31,346.4757295824138
QR1,3,571,2018-11-30,346.33330955060575
QR1,3,571,2018-12-31,346.599530726283
QR1,3,571,2019-01-31,347.4860376240662
QR1,3,571,2019-02-28,348.02791598410295
QR1,3,571,2019-03-31,348.9956498530803
QR1,3,571,2019-04-30,348.86751655624715
QR1,3,571,2019-05-31,348.85918521945564
QR1,3,571,2019-06-30,348.64120708077877
QR1,3,571,2019-07-31,348.6350273515248
QR1,3,571,2019-08-31,348.7947472878012
QR1,3,571,2019-09-30,348.77387376675256
QR1,3,571,2019-10-31,348.76483835310506
QR1,3,571,2019-11-30,349.0595151619539
QR1,3,571,2019-12-31,348.94446930606085
QR1,3,571,2020-01-31,349.2578205907491
QR1,3,571,2020-02-29,349.3869853116383
QR1,3,571,2020-03-31,349.4461634057276
QR1,3,571,2020-04-30,349.4633053527977
QR1,3,571,2020-05-31,349.09127764097065
QR1,3,571,2020-06-30,348.06021844450015
QR1,3,571,2020-07-31,346.9322590246439
QR1,3,571,2020-08-31,346.2318045173799
QR1,3,571,2020-09-30,346.4341205544722
QR1,3,571,2020-10-31,346.4336229363098
QR1,3,571,2020-11-30,346.2646321591774
QR1,3,571,2020-12-31,346.2134808399427
QR1,3,571,2021-01-31,346.22405908608613
QR1,3,571,2021-02-28,346.67854946331613
QR1,3,571,2021-03-31,346.67727701805353
QR1,3,571,2021-04-30,347.34417281259033
QR1,3,571,2021-05-31,347.7212278889351
QR1,3,571,2021-06-30,347.945859387108
QR1,3,571,2021-07-31,348.16715652996817
QR1,3,571,2021-08-31,348.3222880243274
QR1,3,571,2021-09-30,348.22792366263724
QR1,3,571,2021-10-31,348.7422326966687
QR1,3,571,2021-11-30,349.1806545935537
QR1,3,571,2021-12-31,349.9508993535871
QR1,3,571,2022-01-31,350.45887634691894
QR1,3,571,2022-02-28,350.7706496673332
QR1,3,571,2022-03-31,350.46764520563926
QR1,3,571,2022-04-30,350.3204862982286
QR1,3,571,2022-05-31,349.9283426175589
QR1,3,571,2022-06-30,350.89519392235627
QR1,3,571,2022-07-31,352.447945205866
QR1,3,571,2022-08-31,357.8650069031095
QR1,3,571,2022-09-30,361.2411199462463
QR1,3,571,2022-10-31,360.64981340413
QR1,3,571,2022-11-30,360.50812528755023
QR1,3,571,2022-12-31,361.05283806207217
QR1,3,571,2023-01-31,360.67193111886576
QR1,3,571,2023-02-28,359.30594323704145
QR1,3,571,2023-03-31,359.28773641956406
QR1,3,571,2023-04-30,359.42161913622107
QR1,3,571,2023-05-31,359.47394724833197
QR1,3,571,2023-06-30,359.5492280700832
QR1,3,571,2023-07-31,359.6707792207161
QR1,3,571,2023-08-31,359.8412661199595
QR1,3,571,2023-09-30,359.5727799093022
QR1,3,571,2023-10-31,359.3840117931328
QR1,3,571,2023-11-30,359.2257542399741
QR1,3,571,2023-12-31,359.99068011462646
QR1,3,571,2024-01-31,360.2216234377573
QR1,3,571,2024-02-29,360.29047354745563
QR1,3,571,2024-03-31,360.34912759734055
QR1,3,571,2024-04-30,360.3117144091438
QR1,3,571,2024-05-31,360.39556409540796
QR1,3,571,2024-06-30,360.2897827424954
QR1,3,571,2024-07-31,360.35009079661194
QR1,3,571,2024-08-31,360.39418186359393
QR1,3,571,2024-09-30,360.2509348823558
QR1,3,571,2024-10-31,360.04310132836554
QR1,3,571,2024-11-30,360.15692540503926
QR1,3,571,2024-12-31,359.58079665456046
QR1,3,571,2025-01-31,358.8024232414047
QR1,3,571,2025-02-28,358.34426057978754
QR1,3,571,2025-03-31,358.2994174395035
QR1,3,571,2025-04-30,357.4005829760999
QR1,3,571,2025-05-31,357.3507340295603
QR1,3,571,2025-06-30,356.85961241713045
QR1,3,571,2025-07-31,356.9158748575933
QR1,3,571,2025-08-31,356.9999185538106
QR1,3,571,2025-09-30,357.06721596025375
QR1,3,571,2025-10-31,357.1162941501207
QR1,3,571,2025-11-30,356.9818983403688
QR1,3,571,2025-12-31,356.7191620625012
QR1,3,571,2026-01-31,356.63239726565615
QR1,3,571,2026-02-28,356.7428816011127
QR1,3,571,2026-03-31,356.8534896166828
QR1,3,571,2026-04-30,356.7130932022687
QR1,3,571,2026-05-31,356.5812894944156
QR1,3,571,2026-06-30,356.59795837236527
QR1,3,571,2026-07-31,356.8459220445018
QR1,3,571,2026-08-31,356.81661853171295
QR1,3,120,2018-01-31,354.66161127337966
QR1,3,120,2018-02-28,347.68945512477853
QR1,3,120,2018-03-31,343.38150461018853
QR1,3,120,2018-04-30,342.02747794970753
QR1,3,120,2018-05-31,341.0800930439842
QR1,3,120,2018-06-30,338.3011099510343
QR1,3,120,2018-07-31,331.14585928407075
QR1,3,120,2018-08-31,326.8779150318016
QR1,3,120,2018-09-30,325.6306125642344
QR1,3,120,2018-10-31,325.2830097116059
QR1,3,120,2018-11-30,325.130798554958
QR1,3,120,2018-12-31,328.5623030677649
QR1,3,120,2019-01-31,329.44775057168613
QR1,3,120,2019-02-28,343.2060186718473
QR1,3,120,2019-03-31,351.52909553231586
QR1,3,120,2019-04-30,357.7180970713287
QR1,3,120,2019-05-31,360.4824053955542
QR1,3,120,2019-06-30,379.2540615253906
QR1,3,120,2019-07-31,398.09853221535883
QR1,3,120,2019-08-31,418.52503883074513
QR1,3,120,2019-09-30,418.3289738419988
QR1,3,120,2019-10-31,417.51237191341374
QR1,3,120,2019-11-30,421.787986159226
QR1,3,120,2019-12-31,420.85014145488987
QR1,3,120,2020-01-31,418.9611601967912
QR1,3,120,2020-02-29,421.4632536345464
QR1,3,120,2020-03-31,422.19575493779115
QR1,3,120,2020-04-30,420.7843690327152
QR1,3,120,2020-05-31,417.4586763521453
QR1,3,120,2020-06-30,408.4904888614699
QR1,3,120,2020-07-31,393.1571556948737
QR1,3,120,2020-08-31,384.18009484903104
QR1,3,120,2020-09-30,384.9983262192719
QR1,3,120,2020-10-31,385.5791136315169
QR1,3,120,2020-11-30,384.39088192514265
QR1,3,120,2020-12-31,383.29337115057183
QR1,3,120,2021-01-31,383.48784980540273
QR1,3,120,2021-02-28,382.72833252526357
QR1,3,120,2021-03-31,377.2172394849371
QR1,3,120,2021-04-30,377.05672328557034
QR1,3,120,2021-05-31,376.54297337284623
QR1,3,120,2021-06-30,376.5480894714295
QR1,3,120,2021-07-31,376.5684262968426
QR1,3,120,2021-08-31,377.72427983898564
QR1,3,120,2021-09-30,376.8651540073248
QR1,3,120,2021-10-31,379.883493822768
QR1,3,120,2021-11-30,381.1925492110374
QR1,3,120,2021-12-31,381.83968503973614
QR1,3,120,2022-01-31,383.62357689713934
QR1,3,120,2022-02-28,397.5494672927447
QR1,3,120,2022-03-31,394.18474241282314
QR1,3,120,2022-04-30,393.2890955642021
QR1,3,120,2022-05-31,388.81184154177026
QR1,3,120,2022-06-30,389.7294464411634
QR1,3,120,2022-07-31,398.2429675341273
QR1,3,120,2022-08-31,395.01155896295353
QR1,3,120,2022-09-30,395.4609441901099
QR1,3,120,2022-10-31,386.27393730938275
QR1,3,120,2022-11-30,384.31073078801234
QR1,3,120,2022-12-31,384.00416362326087
QR1,3,120,2023-01-31,380.2239899783424
QR1,3,120,2023-02-28,367.87257173782666
QR1,3,120,2023-03-31,368.3128687455305
QR1,3,120,2023-04-30,367.3346230734601
QR1,3,120,2023-05-31,366.90847842429054
QR1,3,120,2023-06-30,367.80030193128545
QR1,3,120,2023-07-31,367.83639123771655
QR1,3,120,2023-08-31,370.3175314734391
QR1,3,120,2023-09-30,369.1931858137611
QR1,3,120,2023-10-31,368.0257290298948
QR1,3,120,2023-11-30,366.7798037934745
QR1,3,120,2023-12-31,367.8566839165783
QR1,3,120,2024-01-31,365.9124443143472
QR1,3,120,2024-02-29,365.91198552684006
QR1,3,120,2024-03-31,366.0424494880963
QR1,3,120,2024-04-30,365.3755242007204
QR1,3,120,2024-05-31,368.73512847384404
QR1,3,120,2024-06-30,369.73813740980756
QR1,3,120,2024-07-31,372.26040781097925
QR1,3,120,2024-08-31,375.34298391111986
QR1,3,120,2024-09-30,376.36355225595236
QR1,3,120,2024-10-31,372.9563399789933
QR1,3,120,2024-11-30,371.308842187111
QR1,3,120,2024-12-31,369.4188637281554
QR1,3,120,2025-01-31,365.60121434977
QR1,3,120,2025-02-28,363.3573409121598
QR1,3,120,2025-03-31,363.6407804129156
QR1,3,120,2025-04-30,358.9373289159076
QR1,3,120,2025-05-31,358.1716346774217
QR1,3,120,2025-06-30,356.67246469137825
QR1,3,120,2025-07-31,360.1317364155091
QR1,3,120,2025-08-31,361.5559118936473
QR1,3,120,2025-09-30,362.51080080486247
QR1,3,120,2025-10-31,366.0457991489158
QR1,3,120,2025-11-30,366.6149178089642
QR1,3,120,2025-12-31,365.6523896787311
QR1,3,120,2026-01-31,365.6211275687934
QR1,3,120,2026-02-28,365.5001489373399
QR1,3,120,2026-03-31,366.29692523958505
QR1,3,120,2026-04-30,363.8720208793461
QR1,3,120,2026-05-31,362.7531707875633
QR1,3,120,2026-06-30,361.5770004419009
QR1,3,120,2026-07-31,362.05245315283275
QR1,3,120,2026-08-31,362.91900586538094
QR1,4,571,2018-01-31,572.38846368598
QR1,4,571,2018-02-28,573.2530066222408
QR1,4,571,2018-03-31,573.1684707324795
QR1,4,571,2018-04-30,573.3131798244589
QR1,4,571,2018-05-31,571.6930393103206
QR1,4,571,2018-06-30,571.7289798988108
QR1,4,571,2018-07-31,571.8107030298994
QR1,4,571,2018-08-31,571.8227796569521
QR1,4,571,2018-09-30,571.856661390564
QR1,4,571,2018-10-31,572.0947091864878
QR1,4,571,2018-11-30,572.3656537017479
QR1,4,571,2018-12-31,572.1652669007982
QR1,4,571,2019-01-31,571.6210015726022
QR1,4,571,2019-02-28,571.1430401862262
QR1,4,571,2019-03-31,570.90919888708
QR1,4,571,2019-04-30,569.450536105694
QR1,4,571,2019-05-31,570.5455674081815
QR1,4,571,2019-06-30,570.1684008199376
QR1,4,571,2019-07-31,570.1292924032534
QR1,4,571,2019-08-31,569.7926200190949
QR1,4,571,2019-09-30,569.8329665681507
QR1,4,571,2019-10-31,569.9492245391848
QR1,4,571,2019-11-30,570.398868040793
QR1,4,571,2019-12-31,570.3830221613765
QR1,4,571,2020-01-31,570.3230212782883
QR1,4,571,2020-02-29,570.6773042337164
QR1,4,571,2020-03-31,570.9538727406556
QR1,4,571,2020-04-30,571.5512320795281
QR1,4,571,2020-05-31,570.8362939401231
QR1,4,571,2020-06-30,569.5910655321626
QR1,4,571,2020-07-31,562.7292671602522
QR1,4,571,2020-08-31,561.83726196256
QR1,4,571,2020-09-30,561.741187771545
QR1,4,571,2020-10-31,561.8035088768507
QR1,4,571,2020-11-30,560.4037812245663
QR1,4,571,2020-12-31,557.6482411935579
QR1,4,571,2021-01-31,557.5899679927795
QR1,4,571,2021-02-28,557.526538754982
QR1,4,571,2021-03-31,556.2592510230457
QR1,4,571,2021-04-30,555.479295360764
QR1,4,571,2021-05-31,555.023277852723
QR1,4,571,2021-06-30,555.1031317773159
QR1,4,571,2021-07-31,555.1474642873516
QR1,4,571,2021-08-31,554.9409674424948
QR1,4,571,2021-09-30,554.4208003642445
QR1,4,571,2021-10-31,554.7995340904139
QR1,4,571,2021-11-30,554.6619039824542
QR1,4,571,2021-12-31,555.395578766302
QR1,4,571,2022-01-31,555.8392024777429
QR1,4,571,2022-02-28,555.7646956063908
QR1,4,571,2022-03-31,555.6414189066877
QR1,4,571,2022-04-30,555.7917988936033
QR1,4,571,2022-05-31,555.9753011983362
QR1,4,571,2022-06-30,556.6514663806906
QR1,4,571,2022-07-31,556.6817781883269
QR1,4,571,2022-08-31,557.4957696156404
QR1,4,571,2022-09-30,557.5497132377158
QR1,4,571,2022-10-31,558.019159194936
QR1,4,571,2022-11-30,556.8340203231559
QR1,4,571,2022-12-31,556.1354863680853
QR1,4,571,2023-01-31,555.3619858815189
QR1,4,571,2023-02-28,553.9104231550048
QR1,4,571,2023-03-31,553.8842057406187
QR1,4,571,2023-04-30,553.9223365761783
QR1,4,571,2023-05-31,553.9073958051405
QR1,4,571,2023-06-30,553.9396956551146
QR1,4,571,2023-07-31,553.9899987263453
QR1,4,571,2023-08-31,554.0565591135279
QR1,4,571,2023-09-30,553.950305258002
QR1,4,571,2023-10-31,553.4859766889572
QR1,4,571,2023-11-30,553.4870560769356
QR1,4,571,2023-12-31,555.5179801259243
QR1,4,571,2024-01-31,555.5487367192031
QR1,4,571,2024-02-29,555.5001829595553
QR1,4,571,2024-03-31,554.1799468940487
QR1,4,571,2024-04-30,554.3696104870576
QR1,4,571,2024-05-31,554.3586492170839
QR1,4,571,2024-06-30,554.406088127709
QR1,4,571,2024-07-31,554.2111202539576
QR1,4,571,2024-08-31,554.2836780246279
QR1,4,571,2024-09-30,553.6721114356329
QR1,4,571,2024-10-31,552.2791825054611
QR1,4,571,2024-11-30,552.2782804512444
QR1,4,571,2024-12-31,552.4423076953329
QR1,4,571,2025-01-31,552.544287289173
QR1,4,571,2025-02-28,552.617316049202
QR1,4,571,2025-03-31,552.353526067876
QR1,4,571,2025-04-30,552.2645445281044
QR1,4,571,2025-05-31,552.044744369821
QR1,4,571,2025-06-30,551.3291519298318
QR1,4,571,2025-07-31,551.9221893475175
QR1,4,571,2025-08-31,552.4597608984219
QR1,4,571,2025-09-30,552.4882631230511
QR1,4,571,2025-10-31,552.7449672625504
QR1,4,571,2025-11-30,553.0156653612315
QR1,4,571,2025-12-31,553.3183219895809
QR1,4,571,2026-01-31,553.6003884941357
QR1,4,571,2026-02-28,553.4357208650127
QR1,4,571,2026-03-31,553.2964895851344
QR1,4,571,2026-04-30,552.3994419934834
QR1,4,571,2026-05-31,552.9698581176598
QR1,4,571,2026-06-30,553.320787843403
QR1,4,571,2026-07-31,553.5690717902618
QR1,4,571,2026-08-31,552.778565143579
QR1,4,120,2018-01-31,568.0984983348654
QR1,4,120,2018-02-28,564.7564202385762
QR1,4,120,2018-03-31,563.7341506253521
QR1,4,120,2018-04-30,562.5595251616852
QR1,4,120,2018-05-31,554.0231922589036
QR1,4,120,2018-06-30,554.688598718645
QR1,4,120,2018-07-31,555.6844715748955
QR1,4,120,2018-08-31,558.4674353077943
QR1,4,120,2018-09-30,559.4885888640304
QR1,4,120,2018-10-31,559.6936170156484
QR1,4,120,2018-11-30,581.8540024156689
QR1,4,120,2018-12-31,596.7353299037535
QR1,4,120,2019-01-31,618.2902679761811
QR1,4,120,2019-02-28,618.4339771157055
QR1,4,120,2019-03-31,649.1010614345696
QR1,4,120,2019-04-30,711.8090753778529
QR1,4,120,2019-05-31,738.96470837633
QR1,4,120,2019-06-30,764.1687919488106
QR1,4,120,2019-07-31,778.6567636288366
QR1,4,120,2019-08-31,774.608390816203
QR1,4,120,2019-09-30,778.1139461658674
QR1,4,120,2019-10-31,787.9988245369952
QR1,4,120,2019-11-30,780.5101472940103
QR1,4,120,2019-12-31,789.3105213891878
QR1,4,120,2020-01-31,796.3588595267148
QR1,4,120,2020-02-29,803.4464460324436
QR1,4,120,2020-03-31,805.1178239381171
QR1,4,120,2020-04-30,809.2821438835718
QR1,4,120,2020-05-31,800.8268776797853
QR1,4,120,2020-06-30,776.1008341183118
QR1,4,120,2020-07-31,737.7649242659206
QR1,4,120,2020-08-31,732.5525701242626
QR1,4,120,2020-09-30,731.8450030038267
QR1,4,120,2020-10-31,734.1500694345881
QR1,4,120,2020-11-30,723.2380065496804
QR1,4,120,2020-12-31,700.9098370888809
QR1,4,120,2021-01-31,697.7265249994488
QR1,4,120,2021-02-28,690.1952361248215
QR1,4,120,2021-03-31,687.7993243900648
QR1,4,120,2021-04-30,689.0698187883257
QR1,4,120,2021-05-31,685.7584898355414
QR1,4,120,2021-06-30,685.5431934933277
QR1,4,120,2021-07-31,685.6494213177458
QR1,4,120,2021-08-31,683.3348297829306
QR1,4,120,2021-09-30,678.0279290095709
QR1,4,120,2021-10-31,687.7162943887834
QR1,4,120,2021-11-30,684.961198587801
QR1,4,120,2021-12-31,685.8589853491635
QR1,4,120,2022-01-31,686.7112048110772
QR1,4,120,2022-02-28,685.0851093661457
QR1,4,120,2022-03-31,683.0812826206129
QR1,4,120,2022-04-30,681.8667621208654
QR1,4,120,2022-05-31,681.6151796729565
QR1,4,120,2022-06-30,677.587710061851
QR1,4,120,2022-07-31,679.3884613136554
QR1,4,120,2022-08-31,677.3981818486598
QR1,4,120,2022-09-30,677.3315831139471
QR1,4,120,2022-10-31,675.5052641694592
QR1,4,120,2022-11-30,673.7135447826338
QR1,4,120,2022-12-31,656.3267029679026
QR1,4,120,2023-01-31,649.9537891209944
QR1,4,120,2023-02-28,647.0463880645144
QR1,4,120,2023-03-31,643.2849683072938
QR1,4,120,2023-04-30,639.0956826299993
QR1,4,120,2023-05-31,645.7456058678749
QR1,4,120,2023-06-30,642.0030250972237
QR1,4,120,2023-07-31,646.4618427365764
QR1,4,120,2023-08-31,649.5311319539294
QR1,4,120,2023-09-30,650.7605704635051
QR1,4,120,2023-10-31,650.2518822366172
QR1,4,120,2023-11-30,651.5761122741709
QR1,4,120,2023-12-31,652.4574911326312
QR1,4,120,2024-01-31,654.2236562043171
QR1,4,120,2024-02-29,652.7244529791885
QR1,4,120,2024-03-31,643.5467041123451
QR1,4,120,2024-04-30,645.6408824949059
QR1,4,120,2024-05-31,649.3037668289052
QR1,4,120,2024-06-30,648.2354382433789
QR1,4,120,2024-07-31,645.4373676298004
QR1,4,120,2024-08-31,647.8839819690033
QR1,4,120,2024-09-30,654.6673215465985
QR1,4,120,2024-10-31,640.2396572757025
QR1,4,120,2024-11-30,645.3682795069717
QR1,4,120,2024-12-31,640.9279359303029
QR1,4,120,2025-01-31,639.5637689776393
QR1,4,120,2025-02-28,637.065654025293
QR1,4,120,2025-03-31,640.9326964678904
QR1,4,120,2025-04-30,643.7518880523085
QR1,4,120,2025-05-31,646.0574310734986
QR1,4,120,2025-06-30,649.2392732565087
QR1,4,120,2025-07-31,642.6424067782492
QR1,4,120,2025-08-31,641.6964651676469
QR1,4,120,2025-09-30,640.8276966217134
QR1,4,120,2025-10-31,640.4116873386533
QR1,4,120,2025-11-30,641.2628187344445
QR1,4,120,2025-12-31,643.375952074151
QR1,4,120,2026-01-31,643.1398805284799
QR1,4,120,2026-02-28,648.022814460782
QR1,4,120,2026-03-31,643.512122301998
QR1,4,120,2026-04-30,635.5289778531735
QR1,4,120,2026-05-31,632.3317003960091
QR1,4,120,2026-06-30,632.6538250946609
QR1,4,120,2026-07-31,633.0630562995324
QR1,4,120,2026-08-31,624.8022483638231
QR2,0,571,2018-01-31,3452.128971040057
QR2,0,571,2018-02-28,3472.8490281558425
QR2,0,571,2018-03-31,3473.3252503747267
QR2,0,571,2018-04-30,3410.8795773814627
QR2,0,571,2018-05-31,3392.9423905702315
QR2,0,571,2018-06-30,3391.252586813785
QR2,0,571,2018-07-31,3389.016295603977
QR2,0,571,2018-08-31,3388.869409518374
QR2,0,571,2018-09-30,3389.8947367249
QR2,0,571,2018-10-31,3388.1043898610446
QR2,0,571,2018-11-30,3388.152775872145
QR2,0,571,2018-12-31,3378.0752704235024
QR2,0,571,2019-01-31,3355.3546974992255
QR2,0,571,2019-02-28,3357.3373038835234
QR2,0,571,2019-03-31,3357.9463884293586
QR2,0,571,2019-04-30,3333.380987351111
QR2,0,571,2019-05-31,3338.9093164701962
QR2,0,571,2019-06-30,3341.9281532126824
QR2,0,571,2019-07-31,3341.696361787777
QR2,0,571,2019-08-31,3341.833111925715
QR2,0,571,2019-09-30,3354.0795365212416
QR2,0,571,2019-10-31,3352.457964853922
QR2,0,571,2019-11-30,3351.957605881508
QR2,0,571,2019-12-31,3351.776311863424
QR2,0,571,2020-01-31,3351.4262829371414
QR2,0,571,2020-02-29,3349.0577107590925
QR2,0,571,2020-03-31,3349.0676428103548
QR2,0,571,2020-04-30,3340.463867328943
QR2,0,571,2020-05-31,3195.3020822026847
QR2,0,571,2020-06-30,3191.193206592162
QR2,0,571,2020-07-31,3189.213243465525
QR2,0,571,2020-08-31,3154.705294402986
QR2,0,571,2020-09-30,3149.9519432164398
QR2,0,571,2020-10-31,3147.834382401292
QR2,0,571,2020-11-30,3140.5606266804207
QR2,0,571,2020-12-31,3119.513575448294
QR2,0,571,2021-01-31,3118.0797572725005
QR2,0,571,2021-02-28,3118.80376858548
QR2,0,571,2021-03-31,3117.4802023743737
QR2,0,571,2021-04-30,3116.5694029522683
QR2,0,571,2021-05-31,3116.8591947071545
QR2,0,571,2021-06-30,3116.994079989572
QR2,0,571,2021-07-31,3119.6202951644254
QR2,0,571,2021-08-31,3121.0783615067435
QR2,0,571,2021-09-30,3123.724409245566
QR2,0,571,2021-10-31,3124.6616566321068
QR2,0,571,2021-11-30,3129.847628430665
QR2,0,571,2021-12-31,3135.3983526444845
QR2,0,571,2022-01-31,3136.9489445293457
QR2,0,571,2022-02-28,3138.8406808413006
QR2,0,571,2022-03-31,3137.6369660512973
QR2,0,571,2022-04-30,3138.1967582512784
QR2,0,571,2022-05-31,3130.8369572110296
QR2,0,571,2022-06-30,3129.9921934418767
QR2,0,571,2022-07-31,3112.3939939506695
QR2,0,571,2022-08-31,3105.7117149529818
QR2,0,571,2022-09-30,3109.2567163607023
QR2,0,571,2022-10-31,3099.5803472439075
QR2,0,571,2022-11-30,3093.164103282888
QR2,0,571,2022-12-31,3092.903057741534
QR2,0,571,2023-01-31,3085.9797581264593
QR2,0,571,2023-02-28,3085.2169191560106
QR2,0,571,2023-03-31,3084.924720811864
QR2,0,571,2023-04-30,3085.2929877495153
QR2,0,571,2023-05-31,3085.496658280838
QR2,0,571,2023-06-30,3086.5231185030466
QR2,0,571,2023-07-31,3086.9218906379842
QR2,0,571,2023-08-31,3086.9313681402678
QR2,0,571,2023-09-30,3087.5137575624417
QR2,0,571,2023-10-31,3086.8388750822933
QR2,0,571,2023-11-30,3086.3161235490343
QR2,0,571,2023-12-31,3085.317453317504
QR2,0,571,2024-01-31,3083.8807235769914
QR2,0,571,2024-02-29,3084.1112533507394
QR2,0,571,2024-03-31,3084.215806352748
QR2,0,571,2024-04-30,3086.140439023162
QR2,0,571,2024-05-31,3084.2429640833525
QR2,0,571,2024-06-30,3084.043707238146
QR2,0,571,2024-07-31,3085.8843309072745
QR2,0,571,2024-08-31,3083.092733612324
QR2,0,571,2024-09-30,3082.7385441289575
QR2,0,571,2024-10-31,3069.1461357892504
QR2,0,571,2024-11-30,3078.0826543881035
QR2,0,571,2024-12-31,3077.7005887350856
QR2,0,571,2025-01-31,3076.486823806811
QR2,0,571,2025-02-28,3076.3038484152726
QR2,0,571,2025-03-31,3075.759368458829
QR2,0,571,2025-04-30,3075.709616389866
QR2,0,571,2025-05-31,3078.6208662720337
QR2,0,571,2025-06-30,3066.7510564958893
QR2,0,571,2025-07-31,3068.0687299192473
QR2,0,571,2025-08-31,3043.221796751357
QR2,0,571,2025-09-30,3044.12650234872
QR2,0,571,2025-10-31,3046.141018831409
QR2,0,571,2025-11-30,3046.2277107232444
QR2,0,571,2025-12-31,3049.373993274215
QR2,0,571,2026-01-31,3048.6790319126385
QR2,0,571,2026-02-28,3049.301526641963
QR2,0,571,2026-03-31,3048.27831690124
QR2,0,571,2026-04-30,3048.11203335059
QR2,0,571,2026-05-31,3047.335466846423
QR2,0,571,2026-06-30,3047.603176385016
QR2,0,571,2026-07-31,3048.906377023562
QR2,0,571,2026-08-31,3050.099546103371
QR2,0,120,2018-01-31,3302.194558391369
QR2,0,120,2018-02-28,3298.813070283852
QR2,0,120,2018-03-31,3361.9987389576963
QR2,0,120,2018-04-30,2951.412283047105
QR2,0,120,2018-05-31,3018.8107851856894
QR2,0,120,2018-06-30,3013.1947859837023
QR2,0,120,2018-07-31,3008.819456683807
QR2,0,120,2018-08-31,2999.301708234326
QR2,0,120,2018-09-30,3045.775051080501
QR2,0,120,2018-10-31,3042.930098188388
QR2,0,120,2018-11-30,3128.982355906143
QR2,0,120,2018-12-31,3721.2957325389525
QR2,0,120,2019-01-31,3815.215445132197
QR2,0,120,2019-02-28,3818.668532483946
QR2,0,120,2019-03-31,4084.0733681155184
QR2,0,120,2019-04-30,3983.3766108585546
QR2,0,120,2019-05-31,4011.6553408843943
QR2,0,120,2019-06-30,4002.68081431134
QR2,0,120,2019-07-31,4025.8616202387525
QR2,0,120,2019-08-31,4038.116705408841
QR2,0,120,2019-09-30,4285.186946002491
QR2,0,120,2019-10-31,4337.247250985698
QR2,0,120,2019-11-30,4363.305831933425
QR2,0,120,2019-12-31,4436.178993807875
QR2,0,120,2020-01-31,4471.367971489721
QR2,0,120,2020-02-29,4491.265995424601
QR2,0,120,2020-03-31,4495.252000024801
QR2,0,120,2020-04-30,4541.322742825994
QR2,0,120,2020-05-31,3876.598794284828
QR2,0,120,2020-06-30,3863.8091385403973
QR2,0,120,2020-07-31,3982.854465563766
QR2,0,120,2020-08-31,3788.796957998624
QR2,0,120,2020-09-30,3797.7062531961014
QR2,0,120,2020-10-31,3855.3062250398266
QR2,0,120,2020-11-30,3830.557229523238
QR2,0,120,2020-12-31,3479.471645978548
QR2,0,120,2021-01-31,3471.8878841061132
QR2,0,120,2021-02-28,3468.4317701653135
QR2,0,120,2021-03-31,3456.2925470227237
QR2,0,120,2021-04-30,3430.5244709159924
QR2,0,120,2021-05-31,3431.6924394902717
QR2,0,120,2021-06-30,3431.2520446939625
QR2,0,120,2021-07-31,3430.396144890587
QR2,0,120,2021-08-31,3434.4443985589633
QR2,0,120,2021-09-30,3441.207061052541
QR2,0,120,2021-10-31,3500.874830310637
QR2,0,120,2021-11-30,3494.785942733831
QR2,0,120,2021-12-31,3626.2855310651203
QR2,0,120,2022-01-31,3631.4744716374234
QR2,0,120,2022-02-28,3669.1175049653393
QR2,0,120,2022-03-31,3681.732353661671
QR2,0,120,2022-04-30,3669.5350503443883
QR2,0,120,2022-05-31,3572.9089240533544
QR2,0,120,2022-06-30,3502.4175054477987
QR2,0,120,2022-07-31,3376.7919988498656
QR2,0,120,2022-08-31,3343.2785901023303
QR2,0,120,2022-09-30,3341.6363005929534
QR2,0,120,2022-10-31,3265.977657994138
QR2,0,120,2022-11-30,3185.17799773609
QR2,0,120,2022-12-31,3183.1211607280065
QR2,0,120,2023-01-31,3183.955305342201
QR2,0,120,2023-02-28,3167.245860153915
QR2,0,120,2023-03-31,3176.7977976789757
QR2,0,120,2023-04-30,3175.3703740863143
QR2,0,120,2023-05-31,3177.2983819215465
QR2,0,120,2023-06-30,3175.986186191596
QR2,0,120,2023-07-31,3176.3261242043245
QR2,0,120,2023-08-31,3179.1070679972563
QR2,0,120,2023-09-30,3179.8736889799875
QR2,0,120,2023-10-31,3180.908010973142
QR2,0,120,2023-11-30,3211.199034221461
QR2,0,120,2023-12-31,3192.8819491309146
QR2,0,120,2024-01-31,3192.9427517878567
QR2,0,120,2024-02-29,3192.482512332496
QR2,0,120,2024-03-31,3186.131667651779
QR2,0,120,2024-04-30,3199.4028527732553
QR2,0,120,2024-05-31,3196.137416139864
QR2,0,120,2024-06-30,3192.069887383438
QR2,0,120,2024-07-31,3189.387474853811
QR2,0,120,2024-08-31,3199.9173543989186
QR2,0,120,2024-09-30,3198.8868679158936
QR2,0,120,2024-10-31,3152.023725474162
QR2,0,120,2024-11-30,3157.9137697481024
QR2,0,120,2024-12-31,3156.246167008045
QR2,0,120,2025-01-31,3156.0227781154003
QR2,0,120,2025-02-28,3154.692622491516
QR2,0,120,2025-03-31,3144.125312225638
QR2,0,120,2025-04-30,3174.6514163816655
QR2,0,120,2025-05-31,3171.335159124918
QR2,0,120,2025-06-30,3194.468024711037
QR2,0,120,2025-07-31,3192.4575545958746
QR2,0,120,2025-08-31,3148.462243938676
QR2,0,120,2025-09-30,3133.5078099494463
QR2,0,120,2025-10-31,3138.9081047459663
QR2,0,120,2025-11-30,3173.297897799101
QR2,0,120,2025-12-31,3177.4093529344705
QR2,0,120,2026-01-31,3176.7277022005246
QR2,0,120,2026-02-28,3188.2768294703355
QR2,0,120,2026-03-31,3195.721269509421
QR2,0,120,2026-04-30,3196.962413315976
QR2,0,120,2026-05-31,3204.351393073022
QR2,0,120,2026-06-30,3205.96640453196
QR2,0,120,2026-07-31,3212.409316243794
QR2,0,120,2026-08-31,3205.677923887431
QR2,1,571,2018-01-31,4102.768951947448
QR2,1,571,2018-02-28,4088.864083851467
QR2,1,571,2018-03-31,4106.959629900826
QR2,1,571,2018-04-30,4105.46720878563
QR2,1,571,2018-05-31,4105.612558749056
QR2,1,571,2018-06-30,4104.937725901232
QR2,1,571,2018-07-31,4103.040227528687
QR2,1,571,2018-08-31,4103.961397358847
QR2,1,571,2018-09-30,4106.767565976404
QR2,1,571,2018-10-31,4097.192189643384
QR2,1,571,2018-11-30,4095.401851365297
QR2,1,571,2018-12-31,4092.629899341602
QR2,1,571,2019-01-31,4102.465738722458
QR2,1,571,2019-02-28,4096.039792556011
QR2,1,571,2019-03-31,4091.8886969221526
QR2,1,571,2019-04-30,4091.879053137191
QR2,1,571,2019-05-31,4089.6482993919476
QR2,1,571,2019-06-30,4111.494546587571
QR2,1,571,2019-07-31,4116.078766477065
QR2,1,571,2019-08-31,4110.907493416021
QR2,1,571,2019-09-30,4112.285676335079
QR2,1,571,2019-10-31,4124.5206028538005
QR2,1,571,2019-11-30,4180.174428772968
QR2,1,571,2019-12-31,4180.360370940112
QR2,1,571,2020-01-31,4180.215635505932
QR2,1,571,2020-02-29,4178.978567081402
QR2,1,571,2020-03-31,4179.892592406621
QR2,1,571,2020-04-30,4182.526454329639
QR2,1,571,2020-05-31,4179.926106255253
QR2,1,571,2020-06-30,4073.2491413600123
QR2,1,571,2020-07-31,4068.993749866656
QR2,1,571,2020-08-31,4048.067653894687
QR2,1,571,2020-09-30,4049.987698241066
QR2,1,571,2020-10-31,4056.161328409746
QR2,1,571,2020-11-30,4055.9439242845883
QR2,1,571,2020-12-31,4041.7697915754443
QR2,1,571,2021-01-31,4040.576170410282
QR2,1,571,2021-02-28,4027.7819016287503
QR2,1,571,2021-03-31,4029.9355514029526
QR2,1,571,2021-04-30,4029.789370970246
QR2,1,571,2021-05-31,4032.1728465982687
QR2,1,571,2021-06-30,4032.652724995543
QR2,1,571,2021-07-31,4038.0422632637587
QR2,1,571,2021-08-31,4047.8578815086707
QR2,1,571,2021-09-30,4050.6931260451406
QR2,1,571,2021-10-31,4050.466169275268
QR2,1,571,2021-11-30,4050.627943638735
QR2,1,571,2021-12-31,4051.2720643485936
QR2,1,571,2022-01-31,4047.2967496849496
QR2,1,571,2022-02-28,4035.107230495239
QR2,1,571,2022-03-31,4033.519989217127
QR2,1,571,2022-04-30,4032.940648821702
QR2,1,571,2022-05-31,4039.015558704513
QR2,1,571,2022-06-30,4044.3645668710806
QR2,1,571,2022-07-31,4041.751101251706
QR2,1,571,2022-08-31,4072.238365452364
QR2,1,571,2022-09-30,4074.56303491993
QR2,1,571,2022-10-31,4073.54978966206
QR2,1,571,2022-11-30,4021.894732209057
QR2,1,571,2022-12-31,4020.376750645455
QR2,1,571,2023-01-31,4019.513618268936
QR2,1,571,2023-02-28,4020.9444421334406
QR2,1,571,2023-03-31,4021.1581851822853
QR2,1,571,2023-04-30,4021.3550191485256
QR2,1,571,2023-05-31,4022.7781104319997
QR2,1,571,2023-06-30,4023.2834157295474
QR2,1,571,2023-07-31,4022.7338630929303
QR2,1,571,2023-08-31,4026.422311934035
QR2,1,571,2023-09-30,4020.848050240602
QR2,1,571,2023-10-31,4021.1470712929813
QR2,1,571,2023-11-30,4028.104230761605
QR2,1,571,2023-12-31,4049.903315037321
QR2,1,571,2024-01-31,4048.7057977505165
QR2,1,571,2024-02-29,4030.8057738250736
QR2,1,571,2024-03-31,4018.0405281535727
QR2,1,571,2024-04-30,4025.7036095864605
QR2,1,571,2024-05-31,4026.480010770654
QR2,1,571,2024-06-30,4026.0471871125296
QR2,1,571,2024-07-31,4029.3977955608757
QR2,1,571,2024-08-31,4025.3324763175365
QR2,1,571,2024-09-30,4023.132457297944
QR2,1,571,2024-10-31,4025.343450246621
QR2,1,571,2024-11-30,4030.5252142778772
QR2,1,571,2024-12-31,4042.040584181661
QR2,1,571,2025-01-31,4037.6570452713922
QR2,1,571,2025-02-28,4034.175555320899
QR2,1,571,2025-03-31,4028.771184785302
QR2,1,571,2025-04-30,4028.3376006776334
QR2,1,571,2025-05-31,4037.7878032221415
QR2,1,571,2025-06-30,4035.9496662878514
QR2,1,571,2025-07-31,4015.106625351226
QR2,1,571,2025-08-31,3993.1003319921647
QR2,1,571,2025-09-30,3979.014962822343
QR2,1,571,2025-10-31,3986.183669672056
QR2,1,571,2025-11-30,3975.9870397087907
QR2,1,571,2025-12-31,3980.9387466265093
QR2,1,571,2026-01-31,3982.8581672523005
QR2,1,571,2026-02-28,3998.294404756512
QR2,1,571,2026-03-31,4013.5983096744812
QR2,1,571,2026-04-30,4012.8508610840263
QR2,1,571,2026-05-31,4018.5467973271575
QR2,1,571,2026-06-30,3997.923489984114
QR2,1,571,2026-07-31,3967.4456732419194
QR2,1,571,2026-08-31,3963.346544764472
QR2,1,120,2018-01-31,4933.04777874772
QR2,1,120,2018-02-28,4863.526445575007
QR2,1,120,2018-03-31,4884.673707084266
QR2,1,120,2018-04-30,4870.743992401757
QR2,1,120,2018-05-31,5069.664361690799
QR2,1,120,2018-06-30,5068.959884637148
QR2,1,120,2018-07-31,5059.127596018897
QR2,1,120,2018-08-31,5107.509849148233
QR2,1,120,2018-09-30,5148.549469731123
QR2,1,120,2018-10-31,5057.468856245052
QR2,1,120,2018-11-30,5136.818360852623
QR2,1,120,2018-12-31,5132.354676630968
QR2,1,120,2019-01-31,5203.042025444796
QR2,1,120,2019-02-28,5506.145897307651
QR2,1,120,2019-03-31,5074.038808697832
QR2,1,120,2019-04-30,5088.750402981787
QR2,1,120,2019-05-31,5160.627484391638
QR2,1,120,2019-06-30,5167.647689739496
QR2,1,120,2019-07-31,5162.879593226977
QR2,1,120,2019-08-31,5113.679892358802
QR2,1,120,2019-09-30,5072.716423201109
QR2,1,120,2019-10-31,5125.387255693004
QR2,1,120,2019-11-30,5126.892562688552
QR2,1,120,2019-12-31,5194.458954431154
QR2,1,120,2020-01-31,5193.550368846247
QR2,1,120,2020-02-29,5090.319429578012
QR2,1,120,2020-03-31,5092.357632544858
QR2,1,120,2020-04-30,5032.050046978451
QR2,1,120,2020-05-31,5046.071225065117
QR2,1,120,2020-06-30,4870.764996342003
QR2,1,120,2020-07-31,4847.080449952859
QR2,1,120,2020-08-31,4779.72038512997
QR2,1,120,2020-09-30,4784.994448861309
QR2,1,120,2020-10-31,4991.587346335217
QR2,1,120,2020-11-30,5059.642784698598
QR2,1,120,2020-12-31,4874.9219880413975
QR2,1,120,2021-01-31,4833.091917371577
QR2,1,120,2021-02-28,4780.852379150899
QR2,1,120,2021-03-31,4793.630129780237
QR2,1,120,2021-04-30,4791.300846800489
QR2,1,120,2021-05-31,4799.502399048243
QR2,1,120,2021-06-30,4764.559979038741
QR2,1,120,2021-07-31,4764.299353552388
QR2,1,120,2021-08-31,4762.6869607898125
QR2,1,120,2021-09-30,4763.766817804022
QR2,1,120,2021-10-31,4795.78034838138
QR2,1,120,2021-11-30,4818.687578455238
QR2,1,120,2021-12-31,4822.97002029273
QR2,1,120,2022-01-31,5581.101423174122
QR2,1,120,2022-02-28,5513.798465962125
QR2,1,120,2022-03-31,5502.30903505356
QR2,1,120,2022-04-30,5508.3903754149915
QR2,1,120,2022-05-31,5448.037162714361
QR2,1,120,2022-06-30,5325.473612807266
QR2,1,120,2022-07-31,5153.176792102609
QR2,1,120,2022-08-31,5105.163067395702
QR2,1,120,2022-09-30,5134.8474213796235
QR2,1,120,2022-10-31,4725.433519305172
QR2,1,120,2022-11-30,4544.8396542650635
QR2,1,120,2022-12-31,4507.163194926006
QR2,1,120,2023-01-31,4471.353047326548
QR2,1,120,2023-02-28,4446.4531349151175
QR2,1,120,2023-03-31,4440.29800674267
QR2,1,120,2023-04-30,4427.129259617632
QR2,1,120,2023-05-31,4523.203763037236
QR2,1,120,2023-06-30,4541.05721784148
QR2,1,120,2023-07-31,4535.155047727829
QR2,1,120,2023-08-31,4544.872011421442
QR2,1,120,2023-09-30,4530.11555702615
QR2,1,120,2023-10-31,4501.52690502207
QR2,1,120,2023-11-30,4598.820178117416
QR2,1,120,2023-12-31,4608.121790542788
QR2,1,120,2024-01-31,4617.950106781303
QR2,1,120,2024-02-29,4542.7490971158
QR2,1,120,2024-03-31,4417.73621592309
QR2,1,120,2024-04-30,4423.939754070465
QR2,1,120,2024-05-31,4392.33759618092
QR2,1,120,2024-06-30,4381.696541546011
QR2,1,120,2024-07-31,4379.747021851656
QR2,1,120,2024-08-31,4421.088030203139
QR2,1,120,2024-09-30,4428.614642838913
QR2,1,120,2024-10-31,4430.264270829468
QR2,1,120,2024-11-30,4400.47429212351
QR2,1,120,2024-12-31,4421.1906336460825
QR2,1,120,2025-01-31,4405.867160236397
QR2,1,120,2025-02-28,4377.876633665185
QR2,1,120,2025-03-31,4419.864391436253
QR2,1,120,2025-04-30,4424.854230837199
QR2,1,120,2025-05-31,4440.518724337966
QR2,1,120,2025-06-30,4446.203183742502
QR2,1,120,2025-07-31,4297.320058162302
QR2,1,120,2025-08-31,4137.2642012375145
QR2,1,120,2025-09-30,4014.3208634403427
QR2,1,120,2025-10-31,4022.738155598417
QR2,1,120,2025-11-30,4020.6459800422936
QR2,1,120,2025-12-31,4019.5170007379006
QR2,1,120,2026-01-31,4034.0320620772077
QR2,1,120,2026-02-28,4045.360770971303
QR2,1,120,2026-03-31,4044.6997777084684
QR2,1,120,2026-04-30,4046.168383495444
QR2,1,120,2026-05-31,4039.618092906735
QR2,1,120,2026-06-30,3968.7234861886327
QR2,1,120,2026-07-31,3917.960472006902
QR2,1,120,2026-08-31,3904.835628889029
QR2,2,571,2018-01-31,4559.227798891456
QR2,2,571,2018-02-28,4558.585077648473
QR2,2,571,2018-03-31,4574.674305323581
QR2,2,571,2018-04-30,4573.418392386182
QR2,2,571,2018-05-31,4567.71771915435
QR2,2,571,2018-06-30,4567.387103492613
QR2,2,571,2018-07-31,4563.463137042275
QR2,2,571,2018-08-31,4562.501997468692
QR2,2,571,2018-09-30,4563.492837936216
QR2,2,571,2018-10-31,4547.369224077973
QR2,2,571,2018-11-30,4548.351221267463
QR2,2,571,2018-12-31,4538.463777936478
QR2,2,571,2019-01-31,4534.3836832494
QR2,2,571,2019-02-28,4539.4383345182005
QR2,2,571,2019-03-31,4534.710969273369
QR2,2,571,2019-04-30,4480.795749047014
QR2,2,571,2019-05-31,4481.292986942328
QR2,2,571,2019-06-30,4490.275116340799
QR2,2,571,2019-07-31,4490.1111132517535
QR2,2,571,2019-08-31,4497.264803061508
QR2,2,571,2019-09-30,4499.938194456262
QR2,2,571,2019-10-31,4506.431631321607
QR2,2,571,2019-11-30,4532.5242719496855
QR2,2,571,2019-12-31,4529.220602717589
QR2,2,571,2020-01-31,4525.97450026512
QR2,2,571,2020-02-29,4526.113085728354
QR2,2,571,2020-03-31,4525.763034945886
QR2,2,571,2020-04-30,4514.765023943003
QR2,2,571,2020-05-31,4511.421956469672
QR2,2,571,2020-06-30,4192.26500718456
QR2,2,571,2020-07-31,4104.407728606669
QR2,2,571,2020-08-31,4073.934434062925
QR2,2,571,2020-09-30,4080.219821210097
QR2,2,571,2020-10-31,4079.600144106172
QR2,2,571,2020-11-30,4078.9976892011596
QR2,2,571,2020-12-31,4045.296951252857
QR2,2,571,2021-01-31,4045.572065670363
QR2,2,571,2021-02-28,4044.6960156856835
QR2,2,571,2021-03-31,4044.2990414416
QR2,2,571,2021-04-30,4045.010748243576
QR2,2,571,2021-05-31,4047.1636126011736
QR2,2,571,2021-06-30,4046.95403162646
QR2,2,571,2021-07-31,4047.537518092518
QR2,2,571,2021-08-31,4046.537657540893
QR2,2,571,2021-09-30,4047.1933635510145
QR2,2,571,2021-10-31,4048.931642616815
QR2,2,571,2021-11-30,4049.503972888202
QR2,2,571,2021-12-31,4048.0787932222174
QR2,2,571,2022-01-31,4049.2371951222985
QR2,2,571,2022-02-28,4048.2018468520155
QR2,2,571,2022-03-31,4048.1570592291546
QR2,2,571,2022-04-30,4048.3615667716826
QR2,2,571,2022-05-31,4047.972703380945
QR2,2,571,2022-06-30,4045.6291136887426
QR2,2,571,2022-07-31,4053.8036571740968
QR2,2,571,2022-08-31,4067.5968054112323
QR2,2,571,2022-09-30,4076.536206131537
QR2,2,571,2022-10-31,4048.981306804906
QR2,2,571,2022-11-30,4007.0644257001527
QR2,2,571,2022-12-31,4007.4332359282353
QR2,2,571,2023-01-31,3987.983003608771
QR2,2,571,2023-02-28,3985.9051507198274
QR2,2,571,2023-03-31,3985.6081172427184
QR2,2,571,2023-04-30,3986.036099898022
QR2,2,571,2023-05-31,3987.6212244343
QR2,2,571,2023-06-30,3988.017539350978
QR2,2,571,2023-07-31,3987.6471569296855
QR2,2,571,2023-08-31,3990.5029694360915
QR2,2,571,2023-09-30,3991.2819147002083
QR2,2,571,2023-10-31,3987.2583068912745
QR2,2,571,2023-11-30,3990.707316117871
QR2,2,571,2023-12-31,3994.2431637245677
QR2,2,571,2024-01-31,3994.394189660083
QR2,2,571,2024-02-29,3986.760505960474
QR2,2,571,2024-03-31,3980.7469969565527
QR2,2,571,2024-04-30,3985.50784172698
QR2,2,571,2024-05-31,3984.6221918355463
QR2,2,571,2024-06-30,3984.2412502766906
QR2,2,571,2024-07-31,3986.458379097625
QR2,2,571,2024-08-31,3987.016969283746
QR2,2,571,2024-09-30,3986.5481307396867
QR2,2,571,2024-10-31,3986.446831581471
QR2,2,571,2024-11-30,3985.339855091932
QR2,2,571,2024-12-31,3990.75831394611
QR2,2,571,2025-01-31,3991.7169878094965
QR2,2,571,2025-02-28,3991.681386901818
QR2,2,571,2025-03-31,3990.5366301461086
QR2,2,571,2025-04-30,3990.34199542313
QR2,2,571,2025-05-31,3991.0000274691565
QR2,2,571,2025-06-30,3988.9979302799447
QR2,2,571,2025-07-31,3989.096820186781
QR2,2,571,2025-08-31,3956.627550606516
QR2,2,571,2025-09-30,3951.5692026205816
QR2,2,571,2025-10-31,3947.726402130811
QR2,2,571,2025-11-30,3956.853285194785
QR2,2,571,2025-12-31,3955.6405009664563
QR2,2,571,2026-01-31,3962.858578538032
QR2,2,571,2026-02-28,3976.1606493298673
QR2,2,571,2026-03-31,3971.236587591036
QR2,2,571,2026-04-30,3971.4734973833188
QR2,2,571,2026-05-31,3976.8424003025584
QR2,2,571,2026-06-30,3977.124861399224
QR2,2,571,2026-07-31,3952.553857450328
QR2,2,571,2026-08-31,3952.453784017042
QR2,2,120,2018-01-31,4294.543418021557
QR2,2,120,2018-02-28,4262.18959757107
QR2,2,120,2018-03-31,4339.032570072745
QR2,2,120,2018-04-30,4309.675308903412
QR2,2,120,2018-05-31,4338.33130921723
QR2,2,120,2018-06-30,4338.649169325349
QR2,2,120,2018-07-31,4314.043172921424
QR2,2,120,2018-08-31,4309.173876525731
QR2,2,120,2018-09-30,4318.110729838395
QR2,2,120,2018-10-31,4242.780821475877
QR2,2,120,2018-11-30,4522.23272284532
QR2,2,120,2018-12-31,4471.443236424628
QR2,2,120,2019-01-31,4493.133951262025
QR2,2,120,2019-02-28,4498.531862482873
QR2,2,120,2019-03-31,4510.175276405534
QR2,2,120,2019-04-30,4198.665433996664
QR2,2,120,2019-05-31,4221.763877231624
QR2,2,120,2019-06-30,4447.903709863094
QR2,2,120,2019-07-31,4515.697995759059
QR2,2,120,2019-08-31,4599.216236099363
QR2,2,120,2019-09-30,4789.828892911839
QR2,2,120,2019-10-31,4999.655514540092
QR2,2,120,2019-11-30,5092.416811995735
QR2,2,120,2019-12-31,5179.287362805597
QR2,2,120,2020-01-31,5309.527179078788
QR2,2,120,2020-02-29,5291.804555915123
QR2,2,120,2020-03-31,5318.0687924659405
QR2,2,120,2020-04-30,5347.054566908565
QR2,2,120,2020-05-31,5345.384611030103
QR2,2,120,2020-06-30,4397.008110982763
QR2,2,120,2020-07-31,4419.544777121134
QR2,2,120,2020-08-31,3748.4376526944748
QR2,2,120,2020-09-30,3667.8267148265704
QR2,2,120,2020-10-31,3683.8094498182054
QR2,2,120,2020-11-30,3677.9161275932656
QR2,2,120,2020-12-31,3606.191969167947
QR2,2,120,2021-01-31,3608.9135773064118
QR2,2,120,2021-02-28,3606.1363096746386
QR2,2,120,2021-03-31,3574.571053209969
QR2,2,120,2021-04-30,3585.111276143813
QR2,2,120,2021-05-31,3584.9327378027842
QR2,2,120,2021-06-30,3581.9443176350624
QR2,2,120,2021-07-31,3581.7597343962957
QR2,2,120,2021-08-31,3584.9033936972805
QR2,2,120,2021-09-30,3589.4921815599664
QR2,2,120,2021-10-31,3700.7918771252566
QR2,2,120,2021-11-30,3706.709054900398
QR2,2,120,2021-12-31,4005.1439368761653
QR2,2,120,2022-01-31,4107.452393600591
QR2,2,120,2022-02-28,4103.358171728338
QR2,2,120,2022-03-31,4089.3014544647926
QR2,2,120,2022-04-30,4082.767296609012
QR2,2,120,2022-05-31,4030.2993294598227
QR2,2,120,2022-06-30,4007.527620516823
QR2,2,120,2022-07-31,3787.8829452683312
QR2,2,120,2022-08-31,3779.416941891467
QR2,2,120,2022-09-30,3776.0357755250457
QR2,2,120,2022-10-31,3698.791929219041
QR2,2,120,2022-11-30,3666.7569747688285
QR2,2,120,2022-12-31,3660.2348674737013
QR2,2,120,2023-01-31,3579.4366820440637
QR2,2,120,2023-02-28,3554.735160257074
QR2,2,120,2023-03-31,3531.875361216404
QR2,2,120,2023-04-30,3510.5655174043864
QR2,2,120,2023-05-31,3554.0221518436388
QR2,2,120,2023-06-30,3546.6679649547946
QR2,2,120,2023-07-31,3543.5105655934026
QR2,2,120,2023-08-31,3546.2258919237333
QR2,2,120,2023-09-30,3545.5022828398114
QR2,2,120,2023-10-31,3545.893976100246
QR2,2,120,2023-11-30,3545.633506266806
QR2,2,120,2023-12-31,3562.2555091817594
QR2,2,120,2024-01-31,3566.2890926102586
QR2,2,120,2024-02-29,3545.675703359542
QR2,2,120,2024-03-31,3555.009375986152
QR2,2,120,2024-04-30,3553.041924741983
QR2,2,120,2024-05-31,3535.7298844911834
QR2,2,120,2024-06-30,3542.8439335074954
QR2,2,120,2024-07-31,3541.5915331464753
QR2,2,120,2024-08-31,3552.148009091506
QR2,2,120,2024-09-30,3552.4440743116174
QR2,2,120,2024-10-31,3563.646846151035
QR2,2,120,2024-11-30,3564.7951099431025
QR2,2,120,2024-12-31,3561.241287716968
QR2,2,120,2025-01-31,3577.949336371139
QR2,2,120,2025-02-28,3570.611752473271
QR2,2,120,2025-03-31,3567.6276500696463
QR2,2,120,2025-04-30,3579.8540664965526
QR2,2,120,2025-05-31,3575.8689952922077
QR2,2,120,2025-06-30,3555.7255014797156
QR2,2,120,2025-07-31,3536.658095912417
QR2,2,120,2025-08-31,3522.2236091055274
QR2,2,120,2025-09-30,3498.401243116722
QR2,2,120,2025-10-31,3505.252668323967
QR2,2,120,2025-11-30,3512.6770287866993
QR2,2,120,2025-12-31,3570.5439185133964
QR2,2,120,2026-01-31,3569.0849891464645
QR2,2,120,2026-02-28,3570.5641374376855
QR2,2,120,2026-03-31,3565.1068782746747
QR2,2,120,2026-04-30,3570.5576882843475
QR2,2,120,2026-05-31,3561.981796971439
QR2,2,120,2026-06-30,3563.910342013827
QR2,2,120,2026-07-31,3526.2902762082385
QR2,2,120,2026-08-31,3521.4187937868232
QR2,3,571,2018-01-31,4480.5234954320995
QR2,3,571,2018-02-28,4486.273398244055
QR2,3,571,2018-03-31,4491.2046261850555
QR2,3,571,2018-04-30,4500.172197808029
QR2,3,571,2018-05-31,4468.235419686913
QR2,3,571,2018-06-30,4460.913030075058
QR2,3,571,2018-07-31,4463.671519582682
QR2,3,571,2018-08-31,4460.107766596911
QR2,3,571,2018-09-30,4467.4161184165305
QR2,3,571,2018-10-31,4469.502536156863
QR2,3,571,2018-11-30,4466.776802294223
QR2,3,571,2018-12-31,4463.88793411479
QR2,3,571,2019-01-31,4456.41872369788
QR2,3,571,2019-02-28,4449.138754120621
QR2,3,571,2019-03-31,4439.121135157511
QR2,3,571,2019-04-30,4445.191880017964
QR2,3,571,2019-05-31,4439.1467301512885
QR2,3,571,2019-06-30,4434.179777318826
QR2,3,571,2019-07-31,4433.181408048189
QR2,3,571,2019-08-31,4433.053524570527
QR2,3,571,2019-09-30,4432.136627806484
QR2,3,571,2019-10-31,4432.0821870648015
QR2,3,571,2019-11-30,4471.331661582649
QR2,3,571,2019-12-31,4470.920354876133
QR2,3,571,2020-01-31,4468.939107289535
QR2,3,571,2020-02-29,4460.023571811925
QR2,3,571,2020-03-31,4462.6841361394645
QR2,3,571,2020-04-30,4449.889912741148
QR2,3,571,2020-05-31,4345.236651534392
QR2,3,571,2020-06-30,4334.576204842413
QR2,3,571,2020-07-31,4324.53074301618
QR2,3,571,2020-08-31,4285.121903703094
QR2,3,571,2020-09-30,4292.256997486811
QR2,3,571,2020-10-31,4291.223231185046
QR2,3,571,2020-11-30,4290.285087982768
QR2,3,571,2020-12-31,4276.490817269359
QR2,3,571,2021-01-31,4278.132076413595
QR2,3,571,2021-02-28,4277.309797140943
QR2,3,571,2021-03-31,4275.21891959145
QR2,3,571,2021-04-30,4275.624257043557
QR2,3,571,2021-05-31,4276.1496802585225
QR2,3,571,2021-06-30,4271.573904296032
QR2,3,571,2021-07-31,4271.83769738317
QR2,3,571,2021-08-31,4282.273480836189
QR2,3,571,2021-09-30,4295.337696051906
QR2,3,571,2021-10-31,4295.892661240606
QR2,3,571,2021-11-30,4295.921024723247
QR2,3,571,2021-12-31,4290.621080331423
QR2,3,571,2022-01-31,4288.7185888711665
QR2,3,571,2022-02-28,4288.196043716944
QR2,3,571,2022-03-31,4287.524341429697
QR2,3,571,2022-04-30,4284.722256995116
QR2,3,571,2022-05-31,4285.458386384807
QR2,3,571,2022-06-30,4280.844300705612
QR2,3,571,2022-07-31,4282.417455750285
QR2,3,571,2022-08-31,4324.3773725359315
QR2,3,571,2022-09-30,4356.625261773582
QR2,3,571,2022-10-31,4342.089935827107
QR2,3,571,2022-11-30,4307.741466025579
QR2,3,571,2022-12-31,4307.831606529279
QR2,3,571,2023-01-31,4292.07167053678
QR2,3,571,2023-02-28,4291.005632002818
QR2,3,571,2023-03-31,4291.778438624558
QR2,3,571,2023-04-30,4284.298217633181
QR2,3,571,2023-05-31,4286.438642420647
QR2,3,571,2023-06-30,4283.109110798681
QR2,3,571,2023-07-31,4285.532409931799
QR2,3,571,2023-08-31,4285.08488164995
QR2,3,571,2023-09-30,4266.565514050765
QR2,3,571,2023-10-31,4266.323798174642
QR2,3,571,2023-11-30,4264.081711539465
QR2,3,571,2023-12-31,4265.804684351697
QR2,3,571,2024-01-31,4265.800212227063
QR2,3,571,2024-02-29,4261.72014338018
QR2,3,571,2024-03-31,4255.637675016232
QR2,3,571,2024-04-30,4258.055148023325
QR2,3,571,2024-05-31,4257.248580489293
QR2,3,571,2024-06-30,4258.133689585527
QR2,3,571,2024-07-31,4256.883584829476
QR2,3,571,2024-08-31,4255.3296574357055
QR2,3,571,2024-09-30,4250.585043683875
QR2,3,571,2024-10-31,4248.087223033619
QR2,3,571,2024-11-30,4249.140996733763
QR2,3,571,2024-12-31,4249.622086432685
QR2,3,571,2025-01-31,4248.385115513088
QR2,3,571,2025-02-28,4247.928430206748
QR2,3,571,2025-03-31,4247.746153055796
QR2,3,571,2025-04-30,4248.104323734075
QR2,3,571,2025-05-31,4246.218083871446
QR2,3,571,2025-06-30,4246.8054037227175
QR2,3,571,2025-07-31,4249.262403999007
QR2,3,571,2025-08-31,4236.205884255496
QR2,3,571,2025-09-30,4232.234964127613
QR2,3,571,2025-10-31,4233.074533221691
QR2,3,571,2025-11-30,4242.15021198837
QR2,3,571,2025-12-31,4242.096622788045
QR2,3,571,2026-01-31,4244.128075856045
QR2,3,571,2026-02-28,4243.289028242733
QR2,3,571,2026-03-31,4247.569223019568
QR2,3,571,2026-04-30,4248.789588786262
QR2,3,571,2026-05-31,4244.272289931097
QR2,3,571,2026-06-30,4236.417733260629
QR2,3,571,2026-07-31,4231.091709782491
QR2,3,571,2026-08-31,4239.78431068612
QR2,3,120,2018-01-31,4675.238244033944
QR2,3,120,2018-02-28,4691.421140852823
QR2,3,120,2018-03-31,4666.696888987591
QR2,3,120,2018-04-30,4661.802245000007
QR2,3,120,2018-05-31,4498.4272930035195
QR2,3,120,2018-06-30,4546.017892078093
QR2,3,120,2018-07-31,4549.481134342304
QR2,3,120,2018-08-31,4553.365070641505
QR2,3,120,2018-09-30,4559.3732430047285
QR2,3,120,2018-10-31,4526.23842262166
QR2,3,120,2018-11-30,4595.423572797833
QR2,3,120,2018-12-31,4608.350710725484
QR2,3,120,2019-01-31,4660.520698567982
QR2,3,120,2019-02-28,4661.27644349614
QR2,3,120,2019-03-31,4629.623579581759
QR2,3,120,2019-04-30,4716.285243641698
QR2,3,120,2019-05-31,4684.145979803055
QR2,3,120,2019-06-30,4799.68397782131
QR2,3,120,2019-07-31,4801.983033957254
QR2,3,120,2019-08-31,4810.773003565599
QR2,3,120,2019-09-30,4829.107252701856
QR2,3,120,2019-10-31,4940.339927906005
QR2,3,120,2019-11-30,4950.6238119627715
QR2,3,120,2019-12-31,5009.620782277327
QR2,3,120,2020-01-31,5027.171294171273
QR2,3,120,2020-02-29,4985.652139289114
QR2,3,120,2020-03-31,4985.835299294831
QR2,3,120,2020-04-30,4923.147163078708
QR2,3,120,2020-05-31,4871.6005660815
QR2,3,120,2020-06-30,4865.9682373871865
QR2,3,120,2020-07-31,4871.870318288573
QR2,3,120,2020-08-31,4788.3656262538025
QR2,3,120,2020-09-30,4786.035613856866
QR2,3,120,2020-10-31,4957.010244461594
QR2,3,120,2020-11-30,4944.267658928485
QR2,3,120,2020-12-31,4884.093909961124
QR2,3,120,2021-01-31,4901.079833575366
QR2,3,120,2021-02-28,4893.131574550643
QR2,3,120,2021-03-31,4888.215445041637
QR2,3,120,2021-04-30,4912.925572797596
QR2,3,120,2021-05-31,4912.531613067648
QR2,3,120,2021-06-30,4898.904298729112
QR2,3,120,2021-07-31,4891.4553631840645
QR2,3,120,2021-08-31,4878.951133445766
QR2,3,120,2021-09-30,4882.906877322555
QR2,3,120,2021-10-31,4899.400450868705
QR2,3,120,2021-11-30,4905.771664729176
QR2,3,120,2021-12-31,4902.303985709774
QR2,3,120,2022-01-31,5889.137879139983
QR2,3,120,2022-02-28,6000.209191668009
QR2,3,120,2022-03-31,5978.257606259847
QR2,3,120,2022-04-30,6004.975902023195
QR2,3,120,2022-05-31,6013.001651041708
QR2,3,120,2022-06-30,5745.114862202601
QR2,3,120,2022-07-31,5741.74007014388
QR2,3,120,2022-08-31,5562.120036029002
QR2,3,120,2022-09-30,5555.403575758086
QR2,3,120,2022-10-31,5308.06047624377
QR2,3,120,2022-11-30,5151.961438430307
QR2,3,120,2022-12-31,5151.188735454661
QR2,3,120,2023-01-31,4999.908136719494
QR2,3,120,2023-02-28,4979.805941500317
QR2,3,120,2023-03-31,4949.69828961854
QR2,3,120,2023-04-30,4848.533696108015
QR2,3,120,2023-05-31,4877.724537581658
QR2,3,120,2023-06-30,4865.939857106273
QR2,3,120,2023-07-31,4863.1881924946
QR2,3,120,2023-08-31,4865.649460341054
QR2,3,120,2023-09-30,4787.665929519888
QR2,3,120,2023-10-31,4786.087746797313
QR2,3,120,2023-11-30,4785.550328578014
QR2,3,120,2023-12-31,4766.999806487659
QR2,3,120,2024-01-31,4720.8798329321135
QR2,3,120,2024-02-29,4729.150089510635
QR2,3,120,2024-03-31,4669.425477866397
QR2,3,120,2024-04-30,4664.683778574627
QR2,3,120,2024-05-31,4666.973754098864
QR2,3,120,2024-06-30,4689.7646266822685
QR2,3,120,2024-07-31,4689.9745188098905
QR2,3,120,2024-08-31,4674.324029481092
QR2,3,120,2024-09-30,4659.900141283608
QR2,3,120,2024-10-31,4643.767333658914
QR2,3,120,2024-11-30,4645.975794664602
QR2,3,120,2024-12-31,4641.797342464012
QR2,3,120,2025-01-31,4643.461429710591
QR2,3,120,2025-02-28,4661.929686838148
QR2,3,120,2025-03-31,4674.7491187383
QR2,3,120,2025-04-30,4673.607076009612
QR2,3,120,2025-05-31,4667.404017150691
QR2,3,120,2025-06-30,4655.4299748715275
QR2,3,120,2025-07-31,4639.948098578525
QR2,3,120,2025-08-31,4589.907902773547
QR2,3,120,2025-09-30,4576.279442371678
QR2,3,120,2025-10-31,4585.899550734641
QR2,3,120,2025-11-30,4652.089141659424
QR2,3,120,2025-12-31,4642.702484456907
QR2,3,120,2026-01-31,4652.969012462481
QR2,3,120,2026-02-28,4656.270508137921
QR2,3,120,2026-03-31,4663.089106217933
QR2,3,120,2026-04-30,4675.137461334378
QR2,3,120,2026-05-31,4652.858059871828
QR2,3,120,2026-06-30,4616.39498176724
QR2,3,120,2026-07-31,4620.849141396227
QR2,3,120,2026-08-31,4598.027076829777
QR2,4,571,2018-01-31,4649.384632945703
QR2,4,571,2018-02-28,4669.626910013973
QR2,4,571,2018-03-31,4667.369954681361
QR2,4,571,2018-04-30,4696.603048020546
QR2,4,571,2018-05-31,4683.954063678574
QR2,4,571,2018-06-30,4669.342102494276
QR2,4,571,2018-07-31,4658.893452439373
QR2,4,571,2018-08-31,4652.534177478245
QR2,4,571,2018-09-30,4651.903247937183
QR2,4,571,2018-10-31,4651.412849036606
QR2,4,571,2018-11-30,4651.877390039112
QR2,4,571,2018-12-31,4649.895428858407
QR2,4,571,2019-01-31,4648.6182346862115
QR2,4,571,2019-02-28,4646.494663334977
QR2,4,571,2019-03-31,4624.54884857207
QR2,4,571,2019-04-30,4590.583607719853
QR2,4,571,2019-05-31,4589.429043769261
QR2,4,571,2019-06-30,4593.846757649449
QR2,4,571,2019-07-31,4603.041897360612
QR2,4,571,2019-08-31,4597.000896456136
QR2,4,571,2019-09-30,4596.4581558331365
QR2,4,571,2019-10-31,4593.174019715301
QR2,4,571,2019-11-30,4560.272163630585
QR2,4,571,2019-12-31,4560.207515748962
QR2,4,571,2020-01-31,4563.859953012077
QR2,4,571,2020-02-29,4563.189117248494
QR2,4,571,2020-03-31,4561.106965040453
QR2,4,571,2020-04-30,4544.597229678231
QR2,4,571,2020-05-31,4527.858592068111
QR2,4,571,2020-06-30,4526.639620826427
QR2,4,571,2020-07-31,4526.0349295900405
QR2,4,571,2020-08-31,4521.729419789724
QR2,4,571,2020-09-30,4514.576190978131
QR2,4,571,2020-10-31,4462.115840972068
QR2,4,571,2020-11-30,4460.987001441572
QR2,4,571,2020-12-31,4437.2970009488345
QR2,4,571,2021-01-31,4437.196009796797
QR2,4,571,2021-02-28,4423.381748933491
QR2,4,571,2021-03-31,4423.262687434727
QR2,4,571,2021-04-30,4427.2640707066885
QR2,4,571,2021-05-31,4428.948592082053
QR2,4,571,2021-06-30,4439.281801653698
QR2,4,571,2021-07-31,4439.410452806015
QR2,4,571,2021-08-31,4452.851544375406
QR2,4,571,2021-09-30,4462.7556408533055
QR2,4,571,2021-10-31,4468.815111253023
QR2,4,571,2021-11-30,4469.236528970794
QR2,4,571,2021-12-31,4469.165155214048
QR2,4,571,2022-01-31,4469.267126454946
QR2,4,571,2022-02-28,4469.582708745608
QR2,4,571,2022-03-31,4469.191144189302
QR2,4,571,2022-04-30,4466.044615107646
QR2,4,571,2022-05-31,4468.76657054011
QR2,4,571,2022-06-30,4464.285708400916
QR2,4,571,2022-07-31,4476.887007364202
QR2,4,571,2022-08-31,4475.926597931237
QR2,4,571,2022-09-30,4472.477090315936
QR2,4,571,2022-10-31,4462.501453636786
QR2,4,571,2022-11-30,4431.075028068788
QR2,4,571,2022-12-31,4427.895286412014
QR2,4,571,2023-01-31,4422.669734291943
QR2,4,571,2023-02-28,4420.957959703658
QR2,4,571,2023-03-31,4407.502622428584
QR2,4,571,2023-04-30,4408.138703914925
QR2,4,571,2023-05-31,4415.647658163776
QR2,4,571,2023-06-30,4417.969539239653
QR2,4,571,2023-07-31,4418.02008795991
QR2,4,571,2023-08-31,4418.409477529558
QR2,4,571,2023-09-30,4418.690282308736
QR2,4,571,2023-10-31,4418.804955211293
QR2,4,571,2023-11-30,4418.599912800157
QR2,4,571,2023-12-31,4417.59999100099
QR2,4,571,2024-01-31,4413.836692330569
QR2,4,571,2024-02-29,4413.66713010679
QR2,4,571,2024-03-31,4412.798493810951
QR2,4,571,2024-04-30,4412.470339956013
QR2,4,571,2024-05-31,4410.807851578271
QR2,4,571,2024-06-30,4410.556598796971
QR2,4,571,2024-07-31,4411.309984070969
QR2,4,571,2024-08-31,4408.173136929993
QR2,4,571,2024-09-30,4406.192214944284
QR2,4,571,2024-10-31,4401.8301643685445
QR2,4,571,2024-11-30,4402.178474545754
QR2,4,571,2024-12-31,4403.131623572863
QR2,4,571,2025-01-31,4396.18502365498
QR2,4,571,2025-02-28,4395.802327399343
QR2,4,571,2025-03-31,4399.692682119719
QR2,4,571,2025-04-30,4399.274320223472
QR2,4,571,2025-05-31,4398.151261936921
QR2,4,571,2025-06-30,4400.849273377829
QR2,4,571,2025-07-31,4353.761082338345
QR2,4,571,2025-08-31,4346.388866651858
QR2,4,571,2025-09-30,4334.414875436877
QR2,4,571,2025-10-31,4342.867448791993
QR2,4,571,2025-11-30,4329.528834567262
QR2,4,571,2025-12-31,4335.0472551318635
QR2,4,571,2026-01-31,4335.31174127455
QR2,4,571,2026-02-28,4340.044015470357
QR2,4,571,2026-03-31,4337.660818829604
QR2,4,571,2026-04-30,4338.0560505311505
QR2,4,571,2026-05-31,4338.601754015275
QR2,4,571,2026-06-30,4338.552618259492
QR2,4,571,2026-07-31,4355.955437208833
QR2,4,571,2026-08-31,4362.973513135846
QR2,4,120,2018-01-31,4140.357685181921
QR2,4,120,2018-02-28,4112.746948323196
QR2,4,120,2018-03-31,4119.018979342834
QR2,4,120,2018-04-30,4075.1351762003787
QR2,4,120,2018-05-31,4081.8246177183273
QR2,4,120,2018-06-30,4056.225985259848
QR2,4,120,2018-07-31,4048.300133650623
QR2,4,120,2018-08-31,4018.8849934865875
QR2,4,120,2018-09-30,4012.182562970993
QR2,4,120,2018-10-31,4006.534833270179
QR2,4,120,2018-11-30,4262.266882827863
QR2,4,120,2018-12-31,4298.025369404893
QR2,4,120,2019-01-31,4307.729565404442
QR2,4,120,2019-02-28,4439.5179770412615
QR2,4,120,2019-03-31,4384.670170947304
QR2,4,120,2019-04-30,4317.208157233239
QR2,4,120,2019-05-31,4370.125753881848
QR2,4,120,2019-06-30,4410.607275037519
QR2,4,120,2019-07-31,4437.954888466845
QR2,4,120,2019-08-31,4435.798721282245
QR2,4,120,2019-09-30,4441.251958221919
QR2,4,120,2019-10-31,4428.115862880006
QR2,4,120,2019-11-30,4335.74018350069
QR2,4,120,2019-12-31,4345.003335587095
QR2,4,120,2020-01-31,4365.687485627426
QR2,4,120,2020-02-29,4387.336995976994
QR2,4,120,2020-03-31,4435.35610574406
QR2,4,120,2020-04-30,4409.864487664212
QR2,4,120,2020-05-31,4390.935773336944
QR2,4,120,2020-06-30,4330.279036174113
QR2,4,120,2020-07-31,4571.042368560337
QR2,4,120,2020-08-31,4583.814205088593
QR2,4,120,2020-09-30,4580.001315098709
QR2,4,120,2020-10-31,4396.638433988831
QR2,4,120,2020-11-30,4413.30013294276
QR2,4,120,2020-12-31,4174.402618035186
QR2,4,120,2021-01-31,4169.928832352686
QR2,4,120,2021-02-28,4101.708322834859
QR2,4,120,2021-03-31,4093.392240332544
QR2,4,120,2021-04-30,4076.188777081561
QR2,4,120,2021-05-31,4078.609651662839
QR2,4,120,2021-06-30,4083.7434706828813
QR2,4,120,2021-07-31,4080.378981313368
QR2,4,120,2021-08-31,4068.545326956495
QR2,4,120,2021-09-30,4090.99681470798
QR2,4,120,2021-10-31,4095.301527247627
QR2,4,120,2021-11-30,4134.983093900294
QR2,4,120,2021-12-31,4353.125477739203
QR2,4,120,2022-01-31,4435.987506747398
QR2,4,120,2022-02-28,4506.087645110418
QR2,4,120,2022-03-31,4507.878921422527
QR2,4,120,2022-04-30,4567.17141359225
QR2,4,120,2022-05-31,4543.646179985546
QR2,4,120,2022-06-30,4431.797084708164
QR2,4,120,2022-07-31,4435.639255002156
QR2,4,120,2022-08-31,4399.637593481172
QR2,4,120,2022-09-30,4421.435127574963
QR2,4,120,2022-10-31,4340.170021089839
QR2,4,120,2022-11-30,4233.513656069917
QR2,4,120,2022-12-31,4232.621838708572
QR2,4,120,2023-01-31,4221.857142420702
QR2,4,120,2023-02-28,4224.4130412023505
QR2,4,120,2023-03-31,4262.886923036664
QR2,4,120,2023-04-30,4263.123855859401
QR2,4,120,2023-05-31,4259.570215531941
QR2,4,120,2023-06-30,4259.875885933794
QR2,4,120,2023-07-31,4309.037058324708
QR2,4,120,2023-08-31,4308.680505181171
QR2,4,120,2023-09-30,4308.709659273685
QR2,4,120,2023-10-31,4313.044186062995
QR2,4,120,2023-11-30,4320.448532958548
QR2,4,120,2023-12-31,4325.332159969646
QR2,4,120,2024-01-31,4338.45853982164
QR2,4,120,2024-02-29,4322.747176307566
QR2,4,120,2024-03-31,4320.9489245106
QR2,4,120,2024-04-30,4322.850262451017
QR2,4,120,2024-05-31,4300.758269786816
QR2,4,120,2024-06-30,4297.464527813624
QR2,4,120,2024-07-31,4297.44786744908
QR2,4,120,2024-08-31,4343.533313237631
QR2,4,120,2024-09-30,4340.328570894967
QR2,4,120,2024-10-31,4417.015689517167
QR2,4,120,2024-11-30,4414.08022909015
QR2,4,120,2024-12-31,4409.857884950295
QR2,4,120,2025-01-31,4366.819149600238
QR2,4,120,2025-02-28,4373.150147315334
QR2,4,120,2025-03-31,4466.452185511132
QR2,4,120,2025-04-30,4460.813114916098
QR2,4,120,2025-05-31,4473.703634146889
QR2,4,120,2025-06-30,4400.755859420442
QR2,4,120,2025-07-31,4165.727212835302
QR2,4,120,2025-08-31,4163.553469468419
QR2,4,120,2025-09-30,4124.95769277796
QR2,4,120,2025-10-31,4133.547862941638
QR2,4,120,2025-11-30,4083.9086282519634
QR2,4,120,2025-12-31,4083.0734513136267
QR2,4,120,2026-01-31,4076.2267067776647
QR2,4,120,2026-02-28,4079.9509404468026
QR2,4,120,2026-03-31,4075.6513802174013
QR2,4,120,2026-04-30,4078.375083435491
QR2,4,120,2026-05-31,4082.105312599212
QR2,4,120,2026-06-30,4085.562434014441
QR2,4,120,2026-07-31,4086.3133377684685
QR2,4,120,2026-08-31,4086.3501405644893
