model,seed,window,target_month,validation_end,alpha,actual_log_rv,predicted_log_rv,mse_log_rv,mae_log_rv,mse_rv,mae_rv,qlike_variance,directional_accuracy
CRLX_matched_ridge,0,571,2020-01-31,2019-12-31,1e-08,-3.3942209625474167,-3.4950322752118916,0.01016292076113453,0.10081131266447496,1.0361476613118551e-05,0.0032189247604003657,0.021763620677073187,1.0
CRLX_matched_ridge,0,571,2020-02-29,2020-01-31,1e-08,-2.656216692100947,-3.4897546947247085,0.6947856018180099,0.8335380026237615,0.0015764873046562212,0.03970500352167496,2.629581727893931,0.0
CRLX_matched_ridge,0,571,2020-03-31,2020-02-29,1e-08,-1.2968785055181968,-2.766472395454833,2.159706201339094,1.4695938899366363,0.044310412837025914,0.21050038678592947,14.961300939010375,0.0
CRLX_matched_ridge,0,571,2020-04-30,2020-03-31,1e-08,-2.134827132729708,-1.902020023251771,0.054199150223472214,0.23280710947793715,0.0009611090810940355,0.031001759322561606,0.09336363011947424,1.0
CRLX_matched_ridge,0,571,2020-05-31,2020-04-30,0.0001,-2.753012874659256,-2.15019147526181,0.36339363957149545,0.6028213993974463,0.002780063939344718,0.052726311641766846,0.5051422185536609,1.0
CRLX_matched_ridge,0,571,2020-06-30,2020-05-31,0.0001,-2.451931103357683,-2.8598787320193604,0.16642126773068586,0.40794762866167744,0.0008324032767105118,0.028851399909025417,0.4453038642104661,0.0
CRLX_matched_ridge,0,571,2020-07-31,2020-06-30,0.0001,-3.218790749890995,-2.7349219199085435,0.23412904462858647,0.4838688299824514,0.0006197944389144034,0.02489567108784986,0.347679283642088,1.0
CRLX_matched_ridge,0,571,2020-08-31,2020-07-31,0.01,-3.605902901033218,-3.0391427351430558,0.3212170856398444,0.5667601658901624,0.0004290286144989427,0.020713005926203534,0.4554184032500622,0.0
CRLX_matched_ridge,0,571,2020-09-30,2020-08-31,0.01,-2.6518079305455564,-3.325938099789397,0.4544514850847292,0.6741301692438406,0.0011961088894589813,0.03458480720575122,1.5024604111926037,1.0
CRLX_matched_ridge,0,571,2020-10-31,2020-09-30,0.0001,-2.7990558904711156,-2.9133773484203207,0.013069395747631874,0.11432145794920512,4.3236469148331224e-05,0.006575444406907507,0.028250226410745427,1.0
CRLX_matched_ridge,0,571,2020-11-30,2020-10-31,0.01,-3.0039008865838612,-2.7288434849677294,0.07565657418381802,0.2750574016161318,0.0002465379632757452,0.015701527418558528,0.12699838171155564,0.0
CRLX_matched_ridge,0,571,2020-12-31,2020-11-30,0.01,-3.651528771176814,-2.9542778333530695,0.486158870296091,0.6972509378237444,0.0006845998456446944,0.02616485898384882,0.6424583944377366,0.0
CRLX_matched_ridge,0,571,2021-01-31,2020-12-31,0.01,-3.0833520658531506,-3.4100887972100193,0.10675689161777062,0.32673673135686876,0.0001630011295988514,0.012767189573232293,0.26873249478281513,1.0
CRLX_matched_ridge,0,571,2021-02-28,2021-01-31,0.01,-3.2488415694882113,-3.0760586017326803,0.029853953946408877,0.17278296775553104,5.360592538546567e-05,0.007321606748895058,0.05338559532525611,0.0
CRLX_matched_ridge,0,571,2021-03-31,2021-02-28,0.01,-3.0053155591944845,-3.1961246184706953,0.03640809710187254,0.19080905927621084,7.400549795832032e-05,0.008602644823443563,0.08303453609331918,1.0
CRLX_matched_ridge,0,571,2021-04-30,2021-03-31,0.01,-3.42852988588876,-3.1705183517789655,0.06656995173368958,0.2580115341097944,9.114984162797569e-05,0.009547242619100851,0.112912691554229,1.0
CRLX_matched_ridge,0,571,2021-05-31,2021-04-30,0.01,-3.25075444008131,-3.334831295890146,0.007068917682699773,0.08407685580883584,9.761694157558237e-06,0.003124371001907142,0.014964744105657207,1.0
CRLX_matched_ridge,0,571,2021-06-30,2021-05-31,0.01,-3.7043212595884913,-3.1934864303911716,0.2609522227210548,0.5108348291973197,0.0002693425122503844,0.016411657815418416,0.3816630305450949,0.0
CRLX_matched_ridge,0,571,2021-07-31,2021-06-30,0.01,-3.3961998858730538,-3.496235816693722,0.010007187455157513,0.1000359308206682,1.0170150613175964e-05,0.0031890673578925804,0.021418671679563406,1.0
CRLX_matched_ridge,0,571,2021-08-31,2021-07-31,0.01,-3.708249345225621,-3.3927025230478947,0.09956979698646158,0.3155468221777262,8.276066559560561e-05,0.00909728891459459,0.16310329773467525,0.0
CRLX_matched_ridge,0,571,2021-09-30,2021-08-31,0.01,-3.2831324409451104,-3.4819992305606373,0.03954800001198626,0.19886678961552695,4.5761050933936076e-05,0.006764691488452084,0.0907138445393369,1.0
CRLX_matched_ridge,0,571,2021-10-31,2021-09-30,0.01,-3.386780947876349,-3.244904597166332,0.020128898890791717,0.14187635071001692,2.6573205581503658e-05,0.005154920521356625,0.03670552726872903,0.0
CRLX_matched_ridge,0,571,2021-11-30,2021-10-31,0.01,-3.3064112261583376,-3.4410036576022245,0.018115122601977392,0.13459243144388688,2.129765245487313e-05,0.004614937968691793,0.03971222228972304,0.0
CRLX_matched_ridge,0,571,2021-12-31,2021-11-30,0.01,-2.9961728370061524,-3.2404579328043175,0.05967520802911867,0.24428509579816504,0.00011733248194583324,0.010832011906651194,0.14141379662989806,1.0
CRLX_matched_ridge,0,571,2022-01-31,2021-12-31,0.01,-2.941546598012492,-3.3119358567163992,0.13718820296322978,0.37038925870390704,0.0002669458584204642,0.016338477848944932,0.35678935469720163,0.0
CRLX_matched_ridge,0,571,2022-02-28,2022-01-31,0.01,-2.799886911249737,-2.967020350963826,0.027933586670663136,0.16713343971408934,8.761963022525218e-05,0.009360535787296162,0.06264902252046906,0.0
CRLX_matched_ridge,0,571,2022-03-31,2022-02-28,0.01,-2.6765886403079335,-2.945179122882031,0.07214084732938666,0.2685904825740977,0.00026259582528842133,0.016204808708788307,0.1739952260003269,0.0
CRLX_matched_ridge,0,571,2022-04-30,2022-03-31,100.0,-2.6479040482811675,-2.9567372058427868,0.09537791920947992,0.3088331575616192,0.0003538605729588804,0.018811182125503978,0.23692863246965645,0.0
CRLX_matched_ridge,0,571,2022-05-31,2022-04-30,100.0,-2.4244039455209907,-2.802629096600618,0.14305426490920706,0.3782251510796275,0.000777320912172466,0.02788047546532279,0.3742491394484211,0.0
CRLX_matched_ridge,0,571,2022-06-30,2022-05-31,1.0,-2.4599056517814564,-2.8020278767278404,0.11704761680226418,0.342122224946384,0.0006128664537846912,0.02475613971896045,0.2980291127027438,1.0
CRLX_matched_ridge,0,571,2022-07-31,2022-06-30,1.0,-2.8821019465281603,-2.6246182803447393,0.06629783835125538,0.257483666183421,0.00027061959206443924,0.01645051950743317,0.11248744623413826,1.0
CRLX_matched_ridge,0,571,2022-08-31,2022-07-31,100.0,-2.844606483048602,-2.956977144624208,0.01262716558293931,0.11237066157560571,3.820912250668544e-05,0.0061813528055503705,0.0272574880419304,0.0
CRLX_matched_ridge,0,571,2022-09-30,2022-08-31,100.0,-2.6463004734576345,-2.8299312419964435,0.033720259154153644,0.183630768538809,0.0001415186647155938,0.011896161764014215,0.07651393348086366,1.0
CRLX_matched_ridge,0,571,2022-10-31,2022-09-30,100.0,-2.523493614612676,-2.711130905817127,0.03520775305054388,0.18763729120445083,0.00018816706147416128,0.013717399953131107,0.08011640211177945,0.0
CRLX_matched_ridge,0,571,2022-11-30,2022-10-31,100.0,-2.5435772319280385,-2.8685526790102456,0.10560904120628035,0.32497544708220705,0.00047540276649115764,0.021803732856810497,0.26549587292598786,1.0
CRLX_matched_ridge,0,571,2022-12-31,2022-11-30,1.0,-2.95330714551955,-2.7578910904322704,0.03818743458587463,0.19541605508727944,0.00012675357422947464,0.011258488985182454,0.06732583309327234,1.0
CRLX_matched_ridge,0,571,2023-01-31,2022-12-31,1.0,-3.0445998097233513,-2.7823219702775113,0.06878966506437785,0.26227783944584004,0.00020389725297931946,0.01427925953890185,0.11637394219507152,0.0
CRLX_matched_ridge,0,571,2023-02-28,2023-01-31,1.0,-3.1746943824188296,-3.039027081257321,0.018405616604447533,0.13566730116150882,3.690043168582901e-05,0.006074572551696869,0.03369596816283457,0.0
CRLX_matched_ridge,0,571,2023-03-31,2023-02-28,0.0001,-2.924024732160048,-2.997510939526618,0.005400222673122538,0.07348620736657008,1.4484944419188909e-05,0.0038059091448941484,0.011349595234245696,1.0
CRLX_matched_ridge,0,571,2023-04-30,2023-03-31,0.0001,-3.4424462204163033,-2.9445952689484165,0.2478555698774802,0.4978509514678868,0.0004258861781452161,0.020637009912902016,0.3651659285627832,1.0
CRLX_matched_ridge,0,571,2023-05-31,2023-04-30,1.0,-3.2992440662773723,-3.240034456837959,0.0035057778499678516,0.059209609439413224,5.069191397252329e-06,0.002251486486135844,0.0067427914114455145,1.0
CRLX_matched_ridge,0,571,2023-06-30,2023-05-31,1.0,-3.4043319921867217,-3.2813800434366334,0.01511718170144434,0.1229519487500883,1.889948754748458e-05,0.004347354085818704,0.027901270717048177,0.0
CRLX_matched_ridge,0,571,2023-07-31,2023-06-30,1.0,-3.766103134731879,-3.335504598617952,0.18541509930345715,0.4305985361139273,0.00015511582429363522,0.012454550344899458,0.28385290203984137,0.0
CRLX_matched_ridge,0,571,2023-08-31,2023-07-31,0.01,-3.3080680545326713,-3.3401556041307403,0.0010296108392085401,0.03208754959806903,1.3348225014831242e-06,0.0011553451871553905,0.002103987831404891,1.0
CRLX_matched_ridge,0,571,2023-09-30,2023-08-31,0.01,-3.4377168665741427,-3.2970654648976487,0.01978281679356244,0.14065140167649393,2.3557281504890824e-05,0.0048535843976272655,0.036102548332343276,0.0
CRLX_matched_ridge,0,571,2023-10-31,2023-09-30,0.01,-3.193062653385387,-3.1572609394064757,0.0012817627238277726,0.0358017139789113,2.238430066908949e-06,0.0014961383849460413,0.002503419488373654,1.0
CRLX_matched_ridge,0,571,2023-11-30,2023-10-31,0.01,-3.314231456188941,-3.2295039178729894,0.007178755749081082,0.08472753831595181,1.0337149693651071e-05,0.003215143806060791,0.013579751183985217,1.0
CRLX_matched_ridge,0,571,2023-12-31,2023-11-30,0.01,-3.5682415676821626,-3.410267752877393,0.024955726163971636,0.15797381480476957,2.3299420089147315e-05,0.004826947284687012,0.04504526190503516,1.0
CRLX_matched_ridge,0,571,2024-01-31,2023-12-31,0.01,-3.464679499845587,-3.328038811184207,0.018670677797856125,0.1366406886613798,2.0979523209831956e-05,0.004580340949081406,0.034160040826988425,1.0
CRLX_matched_ridge,0,571,2024-02-29,2024-01-31,0.01,-3.3448968495093907,-3.3766010404915043,0.0010051557258303355,0.031704190982113634,1.211045010398183e-06,0.001100474902211851,0.0020534838420958462,1.0
CRLX_matched_ridge,0,571,2024-03-31,2024-02-29,0.01,-3.578980917498339,-3.430946180244912,0.021914283433691225,0.1480347372534272,1.9822004796297448e-05,0.004452191010760595,0.03980523005724823,1.0
CRLX_matched_ridge,0,571,2024-04-30,2024-03-31,0.01,-3.229795427472849,-3.437032260547826,0.04294710498294587,0.20723683307497698,5.484299563387948e-05,0.0074056056898730085,0.09910021968398741,1.0
CRLX_matched_ridge,0,571,2024-05-31,2024-04-30,0.01,-3.5511189897853304,-3.228817868666667,0.10387801267434739,0.3223011211186635,0.00011906680189308907,0.010911773544804212,0.16947351445208497,0.0
CRLX_matched_ridge,0,571,2024-06-30,2024-05-31,0.01,-3.974283728374348,-3.4517486469594783,0.27304291130924474,0.5225350814148699,0.00016634332866047663,0.012897415580668734,0.39673730738020074,0.0
CRLX_matched_ridge,0,571,2024-07-31,2024-06-30,0.01,-3.1722014727576715,-3.647991220215514,0.22637588378599757,0.4757897474578425,0.0002517882869048862,0.01586783812952748,0.6382175067789815,1.0
CRLX_matched_ridge,0,571,2024-08-31,2024-07-31,0.0001,-2.872824298145019,-3.3992443473533296,0.27711806820848023,0.5264200492083106,0.0005354836537087784,0.02314051973722238,0.8129385661149651,0.0
CRLX_matched_ridge,0,571,2024-09-30,2024-08-31,100.0,-3.260469768692696,-3.1834669252352796,0.005929437900527337,0.07700284345741615,9.433263374892336e-06,0.003071361811134002,0.01127283270718063,1.0
CRLX_matched_ridge,0,571,2024-10-31,2024-09-30,100.0,-3.4205129328690873,-3.1959578743360857,0.05042497431275978,0.22455505853300162,6.775995342955673e-05,0.008231643422157979,0.08730593563924588,0.0
CRLX_matched_ridge,0,571,2024-11-30,2024-10-31,100.0,-3.343202830242378,-3.2781123812245396,0.004236766553343841,0.06509044901783856,5.644002584436614e-06,0.0023757109639930135,0.008117497584222588,1.0
CRLX_matched_ridge,0,571,2024-12-31,2024-11-30,100.0,-3.197711188525805,-3.429778646002654,0.053855304819768954,0.23206745747684865,7.159693629499563e-05,0.008461497284464235,0.12650264180288384,0.0
CRLX_matched_ridge,0,571,2025-01-31,2024-12-31,100.0,-3.243856524094862,-3.248954809237494,2.5992511395582166e-05,0.0050982851426319975,3.936017762404767e-08,0.00019839399593749724,5.216216376457278e-05,1.0
CRLX_matched_ridge,0,571,2025-02-28,2025-01-31,100.0,-3.336086010210643,-3.3284657911890543,5.806773793698077e-05,0.007620219021588603,7.4055776154644e-08,0.00027213190947524696,0.00011554773177274193,1.0
CRLX_matched_ridge,0,571,2025-03-31,2025-02-28,100.0,-2.8188957116043185,-3.2805945868245976,0.21316585137967084,0.4616988752202791,0.0004869044293603121,0.022065911024934187,0.594433082954988,1.0
CRLX_matched_ridge,0,571,2025-04-30,2025-03-31,100.0,-1.9836117337402832,-3.1344071686830732,1.3243301330851653,1.15079543494279,0.00884463468194779,0.09404591794409681,6.68847183979017,0.0
CRLX_matched_ridge,0,571,2025-05-31,2025-04-30,100.0,-3.0297758721398087,-2.824010394929399,0.04233943161162769,0.20576547721040983,0.00012190168937295184,0.011040909807300839,0.0741659636149144,1.0
CRLX_matched_ridge,0,571,2025-06-30,2025-05-31,100.0,-3.53015126294113,-3.0530560226201833,0.2276198683369017,0.4770952403209465,0.00032090895670195606,0.017913931916303468,0.3393142641970057,1.0
CRLX_matched_ridge,0,571,2025-07-31,2025-06-30,100.0,-3.950725844114382,-3.1976961231275047,0.5670537606895746,0.7530297209868775,0.00046722951195147285,0.02161549240594516,0.7278416459197548,0.0
CRLX_matched_ridge,0,571,2025-08-31,2025-07-31,100.0,-3.3885322185760227,-3.4700713630525035,0.00664863208195641,0.08153914447648081,6.987458161759512e-06,0.0026433800638121473,0.014050553312755842,1.0
CRLX_matched_ridge,0,571,2025-09-30,2025-08-31,100.0,-3.84430960652608,-3.4220540995532245,0.17829971316890325,0.4222555069728555,0.00012643063069956134,0.011244137614755581,0.27427847107766734,1.0
CRLX_matched_ridge,0,571,2025-10-31,2025-09-30,100.0,-3.200563742469265,-3.519378405456556,0.10164278933569994,0.318814662987291,0.00012368534520565134,0.011121391334075578,0.2543609403629984,1.0
CRLX_matched_ridge,0,571,2025-11-30,2025-10-31,1.0,-3.187697796475165,-3.2791394380931345,0.008361573821789177,0.09144164161796953,1.3004057956589136e-05,0.003606113968885223,0.017790977851853657,0.0
CRLX_matched_ridge,0,571,2025-12-31,2025-11-30,1.0,-3.6690396499504754,-3.1993816729540026,0.2205786153564194,0.4696579769964728,0.00023367610751289915,0.015286468117681702,0.33021108817441147,1.0
CRLX_matched_ridge,0,571,2026-01-31,2025-12-31,100.0,-3.5432590006801346,-3.360722653117345,0.03331951818156348,0.18253634756278947,3.3538459932343706e-05,0.005791239930476349,0.059218883125070565,1.0
CRLX_matched_ridge,0,571,2026-02-28,2026-01-31,100.0,-3.319270460859548,-3.4017894360717493,0.006809381270071931,0.08251897521220153,8.211733599546625e-06,0.0028656122556177457,0.014399927605692864,1.0
CRLX_matched_ridge,0,571,2026-03-31,2026-02-28,100.0,-2.9305194230637723,-3.412100601707559,0.2319204316239388,0.4815811786437867,0.00041605567577870293,0.020397442873524685,0.6568063064279934,0.0
CRLX_matched_ridge,0,571,2026-04-30,2026-03-31,100.0,-3.2372756219261025,-3.1756945510793253,0.0037922282866357953,0.06158107084677722,6.2217729091802e-06,0.002494348193252137,0.007282439869565199,1.0
CRLX_matched_ridge,0,571,2026-05-31,2026-04-30,100.0,-3.511913129771558,-3.3038328162212256,0.04329741688720456,0.20808031355033219,4.764173330158953e-05,0.006902299131564028,0.07573494356561133,1.0
CRLX_matched_ridge,0,571,2026-06-30,2026-05-31,100.0,-3.0167824583115244,-3.3282515506806716,0.09701299550126036,0.3114690923691472,0.00017168203020288768,0.013102748955959115,0.24145976297204408,1.0
CRLX_matched_ridge,0,571,2026-07-31,2026-06-30,100.0,-3.371790235714744,-3.193215180334599,0.0318890504040218,0.17857505538014484,4.504532843375738e-05,0.006711581664090617,0.056817572996912424,1.0
CRLX_matched_ridge,0,571,2026-08-31,2026-07-31,100.0,-3.5077496504538077,-3.324223426843043,0.03368187475282839,0.18352622361076465,3.643566449163367e-05,0.006036196193931545,0.059825757277832625,0.0
CRLX_raw_input_ridge,0,571,2020-01-31,2019-12-31,1e-08,-3.3942209625474167,-3.5425471864103297,0.022000668685430998,0.14832622386291305,2.1410747824846407e-05,0.0046271749291383404,0.048695191827167805,1.0
CRLX_raw_input_ridge,0,571,2020-02-29,2020-01-31,1e-08,-2.656216692100947,-3.5350310517265484,0.772314678684156,0.8788143596256015,0.0016855546601011872,0.04105550706179607,3.0410420829327665,0.0
CRLX_raw_input_ridge,0,571,2020-03-31,2020-02-29,1e-08,-1.2968785055181968,-2.842150940655163,2.3878668987941287,1.545272435136966,0.04626099704235038,0.21508369776054712,17.898511024896145,0.0
CRLX_raw_input_ridge,0,571,2020-04-30,2020-03-31,1e-08,-2.134827132729708,-2.1317418323009782,9.519078735520892e-06,0.003085300428729898,1.3355123404692973e-07,0.0003654466227056008,1.899905884820193e-05,1.0
CRLX_raw_input_ridge,0,571,2020-05-31,2020-04-30,1e-08,-2.753012874659256,-2.665301827351032,0.007693227819905526,0.0877110473082241,3.413837356778088e-05,0.005842805282377711,0.014524859866382633,1.0
CRLX_raw_input_ridge,0,571,2020-06-30,2020-05-31,1e-08,-2.451931103357683,-2.7809063662724762,0.10822472360985737,0.3289752629147933,0.0005829714743020675,0.024144802221224913,0.27288056228050284,0.0
CRLX_raw_input_ridge,0,571,2020-07-31,2020-06-30,1e-08,-3.218790749890995,-2.934789830252389,0.08065652235557393,0.28400091963860596,0.00017261975671862493,0.01313848380592772,0.13465841841994508,1.0
CRLX_raw_input_ridge,0,571,2020-08-31,2020-07-31,1e-08,-3.605902901033218,-3.101972279924798,0.2539460708907182,0.5039306211084202,0.0003167521451818306,0.017797531996932344,0.372860031580572,0.0
CRLX_raw_input_ridge,0,571,2020-09-30,2020-08-31,1e-08,-2.6518079305455564,-3.3279394778036453,0.4571538691976173,0.6761315472580889,0.0012010842472365425,0.03465666237877708,1.5139020402908883,1.0
CRLX_raw_input_ridge,0,571,2020-10-31,2020-09-30,1e-08,-2.7990558904711156,-2.901431097108131,0.010480682933971598,0.10237520663701538,3.5081553380302036e-05,0.005922968291347003,0.022468315957393986,1.0
CRLX_raw_input_ridge,0,571,2020-11-30,2020-10-31,1e-08,-3.0039008865838612,-2.7252817463385886,0.07762862531101493,0.2786191402452727,0.00025390844784710365,0.015934504945152944,0.130027043894466,0.0
CRLX_raw_input_ridge,0,571,2020-12-31,2020-11-30,1e-08,-3.651528771176814,-3.0706238571434987,0.33745051914805324,0.5809049140333151,0.0004178254491016123,0.020440779072765605,0.474729165959473,1.0
CRLX_raw_input_ridge,0,571,2021-01-31,2020-12-31,1e-08,-3.0833520658531506,-3.3865412964099297,0.09192370952561178,0.30318923055677915,0.0001435201373197784,0.011979989036713615,0.22739979836254587,1.0
CRLX_raw_input_ridge,0,571,2021-02-28,2021-01-31,1e-08,-3.2488415694882113,-3.0959466981570314,0.023376841679378077,0.15289487133117996,4.112682407929217e-05,0.006413019887642028,0.04233120908682586,1.0
CRLX_raw_input_ridge,0,571,2021-03-31,2021-02-28,1e-08,-3.0053155591944845,-3.263969834262081,0.06690203401074395,0.25865427506759664,0.00012739230238740352,0.01128681985270446,0.16019809323339174,0.0
CRLX_raw_input_ridge,0,571,2021-04-30,2021-03-31,0.01,-3.42852988588876,-3.1687410776917253,0.0674902248644356,0.25978880819703454,9.25813864894249e-05,0.009621922182673527,0.11434933313816709,1.0
CRLX_raw_input_ridge,0,571,2021-05-31,2021-04-30,0.01,-3.25075444008131,-3.337446259226005,0.007515471506616475,0.08669181914469481,1.0351636188363608e-05,0.0032173958706325848,0.015938648852367426,1.0
CRLX_raw_input_ridge,0,571,2021-06-30,2021-05-31,0.01,-3.7043212595884913,-3.2068167315908855,0.24751075537812053,0.4975045279976058,0.0002518049663557167,0.015868363694966053,0.3647291523406878,0.0
CRLX_raw_input_ridge,0,571,2021-07-31,2021-06-30,0.01,-3.3961998858730538,-3.5062619051793416,0.012113648093777666,0.11006201930628778,1.2190239801801946e-05,0.0034914523914557315,0.026107263189831365,1.0
CRLX_raw_input_ridge,0,571,2021-08-31,2021-07-31,0.01,-3.708249345225621,-3.3955824447205805,0.09776059067142885,0.3126669005050404,8.10110135974848e-05,0.009000611845729423,0.16041658854050406,0.0
CRLX_raw_input_ridge,0,571,2021-09-30,2021-08-31,1.0,-3.2831324409451104,-3.5099082690712278,0.05142727622228634,0.2267758281261174,5.792604076901997e-05,0.0076109158955424,0.12034053828836178,1.0
CRLX_raw_input_ridge,0,571,2021-10-31,2021-09-30,1.0,-3.386780947876349,-3.245770396235664,0.019883975674010224,0.14101055164068477,2.622661731728232e-05,0.005121192958411382,0.036278870332620256,0.0
CRLX_raw_input_ridge,0,571,2021-11-30,2021-10-31,1.0,-3.3064112261583376,-3.4915445969837853,0.03427436499319272,0.18513337082544767,3.836143031839793e-05,0.006193660494279447,0.07785409564214368,0.0
CRLX_raw_input_ridge,0,571,2021-12-31,2021-11-30,1.0,-2.9961728370061524,-3.3228865780263392,0.10674186857140569,0.3267137410201868,0.0001940268588649805,0.01392935242087659,0.2686900931638635,0.0
CRLX_raw_input_ridge,0,571,2022-01-31,2021-12-31,1.0,-2.941546598012492,-3.3288763189588577,0.1500243127283894,0.38732972094636553,0.00028732562685333975,0.016950682194334828,0.395193598402384,0.0
CRLX_raw_input_ridge,0,571,2022-02-28,2022-01-31,1.0,-2.799886911249737,-2.8950634764912104,0.009058578571164471,0.09517656524147355,3.048613325822622e-05,0.0055214249300543985,0.01932356547500494,1.0
CRLX_raw_input_ridge,0,571,2022-03-31,2022-02-28,1.0,-2.6765886403079335,-2.9078229336616577,0.05346929842279615,0.23123429335372414,0.0002017249476243999,0.014202990798574781,0.1255206528544256,0.0
CRLX_raw_input_ridge,0,571,2022-04-30,2022-03-31,100.0,-2.6479040482811675,-3.0081038426104536,0.12974389183486,0.36019979432928606,0.0004585687187111069,0.021414217676840472,0.3348547142347327,0.0
CRLX_raw_input_ridge,0,571,2022-05-31,2022-04-30,100.0,-2.4244039455209907,-2.7459234832635975,0.10337481315021954,0.3215195377426068,0.0005925269486230867,0.024341876440058738,0.2592141191765083,0.0
CRLX_raw_input_ridge,0,571,2022-06-30,2022-05-31,100.0,-2.4599056517814564,-2.8184500159939407,0.12855406110853465,0.35854436421248437,0.000662784912079299,0.025744609379038927,0.3313721669440166,1.0
CRLX_raw_input_ridge,0,571,2022-07-31,2022-06-30,1.0,-2.8821019465281603,-2.5306569697216097,0.1235135717225569,0.3514449768065506,0.0005564791086780888,0.023589809424369855,0.19804222061390453,1.0
CRLX_raw_input_ridge,0,571,2022-08-31,2022-07-31,100.0,-2.844606483048602,-3.0096992285313897,0.02725561461104446,0.16509274548278752,7.833385567301168e-05,0.008850641540194229,0.06104067345036718,0.0
CRLX_raw_input_ridge,0,571,2022-09-30,2022-08-31,100.0,-2.6463004734576345,-2.830097812996686,0.03378146202163331,0.1837973395390513,0.00014175263243811117,0.011905991451286665,0.0766618538554833,1.0
CRLX_raw_input_ridge,0,571,2022-10-31,2022-09-30,100.0,-2.523493614612676,-2.6191137052523263,0.009143201733934932,0.09562009063965027,5.345929150367755e-05,0.007311586114084792,0.01951003541845231,1.0
CRLX_raw_input_ridge,0,571,2022-11-30,2022-10-31,100.0,-2.5435772319280385,-2.9302467911456764,0.14951334802556238,0.3866695592176379,0.0006350862953409642,0.025200918541612015,0.3936509044619356,1.0
CRLX_raw_input_ridge,0,571,2022-12-31,2022-11-30,100.0,-2.95330714551955,-2.8153435224721286,0.01903396128437095,0.13796362304742127,5.955589852531524e-05,0.007717246822884133,0.034795385468377515,1.0
CRLX_raw_input_ridge,0,571,2023-01-31,2022-12-31,100.0,-3.0445998097233513,-2.755147529956186,0.0837826222624093,0.28945227976716525,0.0002554969751690313,0.015984272744452008,0.1394165974859985,0.0
CRLX_raw_input_ridge,0,571,2023-02-28,2023-01-31,1.0,-3.1746943824188296,-3.0394386319840985,0.018294118025662276,0.13525575043473115,3.666146234069327e-05,0.006054870959871339,0.033500625776894916,0.0
CRLX_raw_input_ridge,0,571,2023-03-31,2023-02-28,1.0,-2.924024732160048,-3.0223390298098587,0.009665701122375596,0.09831429764981081,2.52993974608744e-05,0.0050298506400165005,0.02066325352400411,1.0
CRLX_raw_input_ridge,0,571,2023-04-30,2023-03-31,1.0,-3.4424462204163033,-3.0126339910856217,0.18473855248221047,0.42981222933068164,0.0002950037038196024,0.01717567185933646,0.2829454856772503,1.0
CRLX_raw_input_ridge,0,571,2023-05-31,2023-04-30,1.0,-3.2992440662773723,-3.1975740400345427,0.010336794236217662,0.10167002624282961,1.5603703404860318e-05,0.0039501523267920086,0.019340763656383708,1.0
CRLX_raw_input_ridge,0,571,2023-06-30,2023-05-31,1.0,-3.4043319921867217,-3.263632057043494,0.019796471749308528,0.14069993514322787,2.520253011852214e-05,0.005020212158716217,0.036126352724926314,0.0
CRLX_raw_input_ridge,0,571,2023-07-31,2023-06-30,1.0,-3.766103134731879,-3.3728469092147453,0.15465045890798287,0.3932562255171339,0.00012431810848202173,0.011149803069203587,0.24194281553104457,0.0
CRLX_raw_input_ridge,0,571,2023-08-31,2023-07-31,1e-08,-3.3080680545326713,-3.3482939944863377,0.0016181262451559757,0.04022593995366641,2.0808925516208316e-06,0.0014425299135965367,0.003324814045188376,1.0
CRLX_raw_input_ridge,0,571,2023-09-30,2023-08-31,1e-08,-3.4377168665741427,-3.273829817139532,0.026858964972382472,0.16388704943461052,3.2754684754091454e-05,0.00572317086535877,0.04829986777716749,0.0
CRLX_raw_input_ridge,0,571,2023-10-31,2023-09-30,1e-08,-3.193062653385387,-3.192064995417891,9.953214201081646e-07,0.0009976579674959574,1.6785631412899091e-09,4.0970271432953786e-05,1.9893195132695586e-06,1.0
CRLX_raw_input_ridge,0,571,2023-11-30,2023-10-31,1e-08,-3.314231456188941,-3.219596984821341,0.008955683171025136,0.09463447136760017,1.3026183030005784e-05,0.0036091803820266152,0.0168328521969576,1.0
CRLX_raw_input_ridge,0,571,2023-12-31,2023-11-30,1e-08,-3.5682415676821626,-3.430320125437621,0.019022324230814368,0.1379214422445414,1.7398635390269992e-05,0.004171167149644089,0.03477504589787811,1.0
CRLX_raw_input_ridge,0,571,2024-01-31,2023-12-31,1e-08,-3.464679499845587,-3.3726376982074817,0.008471693248788319,0.09204180163810527,9.096360655167164e-06,0.0030160173499446524,0.01594985745141539,1.0
CRLX_raw_input_ridge,0,571,2024-02-29,2024-01-31,1e-08,-3.3448968495093907,-3.382854251570615,0.0014407643712374373,0.03795740206122433,1.7251224375837581e-06,0.0013134391640208382,0.002955850787110928,1.0
CRLX_raw_input_ridge,0,571,2024-03-31,2024-02-29,1e-08,-3.578980917498339,-3.4076091266402697,0.029368290701901886,0.17137179085806942,2.7208448684286683e-05,0.005216171841905391,0.052563780820187755,1.0
CRLX_raw_input_ridge,0,571,2024-04-30,2024-03-31,1e-08,-3.229795427472849,-3.418734028031494,0.035697794781059326,0.1889386005586453,4.639949944248387e-05,0.006811717804084655,0.0813065446224826,1.0
CRLX_raw_input_ridge,0,571,2024-05-31,2024-04-30,1e-08,-3.5511189897853304,-3.202152911364843,0.12177732388817371,0.3489660784204873,0.0001435689449700293,0.01198202591259213,0.1955453835811395,0.0
CRLX_raw_input_ridge,0,571,2024-06-30,2024-05-31,100.0,-3.974283728374348,-3.449979742541952,0.2748946695597377,0.5243039858323963,0.00016779373418689185,0.012953522076520032,0.3990331832403361,0.0
CRLX_raw_input_ridge,0,571,2024-07-31,2024-06-30,100.0,-3.1722014727576715,-3.6001361164674783,0.18312805928703932,0.42793464370980683,0.0002129038862599756,0.014591226345306813,0.49755000200111943,1.0
CRLX_raw_input_ridge,0,571,2024-08-31,2024-07-31,1e-08,-2.872824298145019,-3.425866517081488,0.3058556959261733,0.553042218936469,0.0005768609197187748,0.024017929130521948,0.916415968248709,0.0
CRLX_raw_input_ridge,0,571,2024-09-30,2024-08-31,1e-08,-3.260469768692696,-3.1154113554955885,0.02104194323926272,0.14505841319710733,3.587874595802267e-05,0.005989886973726856,0.038292982144361276,1.0
CRLX_raw_input_ridge,0,571,2024-10-31,2024-09-30,100.0,-3.4205129328690873,-3.2217744475849868,0.03949698553301865,0.19873848528410054,5.1675438161083075e-05,0.007188563010858504,0.06949038912477923,0.0
CRLX_raw_input_ridge,0,571,2024-11-30,2024-10-31,100.0,-3.343202830242378,-3.2929487293011093,0.0025254746614152457,0.05025410094126892,3.3142892651927577e-06,0.0018205189549116915,0.0048858966652665925,1.0
CRLX_raw_input_ridge,0,571,2024-12-31,2024-11-30,100.0,-3.197711188525805,-3.4505041181218004,0.06390426525372578,0.2527929295959952,8.328334612755883e-05,0.00912597096902893,0.15237070588695067,0.0
CRLX_raw_input_ridge,0,571,2025-01-31,2024-12-31,100.0,-3.243856524094862,-3.261978223572939,0.0003283959919737387,0.01812169947807707,4.908644745105763e-07,0.0007006172096876984,0.0006647991955161317,1.0
CRLX_raw_input_ridge,0,571,2025-02-28,2025-01-31,100.0,-3.336086010210643,-3.332176072056045,1.5287616372779064e-05,0.003909938154597725,1.942454716379451e-08,0.00013937197409735758,3.0495690130274283e-05,1.0
CRLX_raw_input_ridge,0,571,2025-03-31,2025-02-28,100.0,-2.8188957116043185,-3.2825772940171687,0.21500060986888478,0.4636815824128502,0.0004901972513158438,0.02214039862594718,0.6004717331977578,1.0
CRLX_raw_input_ridge,0,571,2025-04-30,2025-03-31,100.0,-1.9836117337402832,-3.080995820590645,1.2042518340724022,1.0973840868503617,0.008401180747761215,0.09165795517990359,5.783151323995542,0.0
CRLX_raw_input_ridge,0,571,2025-05-31,2025-04-30,100.0,-3.0297758721398087,-2.7910523715672326,0.05698890972562473,0.23872350057257608,0.0001697845941610131,0.0130301417552156,0.09781216451332664,1.0
CRLX_raw_input_ridge,0,571,2025-06-30,2025-05-31,100.0,-3.53015126294113,-3.1176209378757593,0.17018126909854023,0.41253032506537046,0.00022385733469426402,0.014961862674622569,0.26326906439209585,1.0
CRLX_raw_input_ridge,0,571,2025-07-31,2025-06-30,1e-08,-3.950725844114382,-3.2685571079455564,0.46535418460617306,0.6821687361688258,0.0003542140393778549,0.018820574894988062,0.6198874011491483,0.0
CRLX_raw_input_ridge,0,571,2025-08-31,2025-07-31,1.0,-3.3885322185760227,-3.5957418739482225,0.042935841279465814,0.20720965537219982,3.991550448874197e-05,0.0063178718322503165,0.09907230640303488,1.0
CRLX_raw_input_ridge,0,571,2025-09-30,2025-08-31,1.0,-3.84430960652608,-3.3110639848278725,0.28435089306030786,0.5332456216982076,0.00022729090396882536,0.01507617006964386,0.41070540814027645,0.0
CRLX_raw_input_ridge,0,571,2025-10-31,2025-09-30,100.0,-3.200563742469265,-3.5121928015315578,0.09711267045204995,0.31162905906229277,0.00011898016206246523,0.010907802806361382,0.24173640816217146,1.0
CRLX_raw_input_ridge,0,571,2025-11-30,2025-10-31,100.0,-3.187697796475165,-3.3450449082441756,0.024758113582049518,0.15734711176901062,3.609767943458305e-05,0.006008134438790717,0.05514615842745402,0.0
CRLX_raw_input_ridge,0,571,2025-12-31,2025-11-30,100.0,-3.6690396499504754,-3.261022904695804,0.1664776644082153,0.40801674525467124,0.00016507630475499923,0.012848202393914848,0.2582155906375041,1.0
CRLX_raw_input_ridge,0,571,2026-01-31,2025-12-31,100.0,-3.5432590006801346,-3.3510388710251218,0.03694857824458993,0.19222012965501278,3.756462100786203e-05,0.006128998369053628,0.06527187803897933,1.0
CRLX_raw_input_ridge,0,571,2026-02-28,2026-01-31,100.0,-3.319270460859548,-3.4516892563483594,0.01753473739870772,0.13241879548881164,2.0134615219227055e-05,0.004487161153694734,0.03838171303940102,1.0
CRLX_raw_input_ridge,0,571,2026-03-31,2026-02-28,100.0,-2.9305194230637723,-3.4037763633074767,0.22397213148883316,0.47325694024370435,0.0004048881092879936,0.020121831658375278,0.6301973797915816,0.0
CRLX_raw_input_ridge,0,571,2026-04-30,2026-03-31,100.0,-3.2372756219261025,-3.1108366460002124,0.01598681463318783,0.12643897592589015,2.8014979947442653e-05,0.00529291790484631,0.02944060592591799,1.0
CRLX_raw_input_ridge,0,571,2026-05-31,2026-04-30,100.0,-3.511913129771558,-3.367684230210624,0.02080197546855792,0.14422889956093377,2.1433156093800845e-05,0.004629595672820775,0.037876229717914545,1.0
CRLX_raw_input_ridge,0,571,2026-06-30,2026-05-31,100.0,-3.0167824583115244,-3.378901527805029,0.1311302204908416,0.3621190694935046,0.00022122444490816433,0.014873615730822291,0.33892052191816924,1.0
CRLX_raw_input_ridge,0,571,2026-07-31,2026-06-30,100.0,-3.371790235714744,-3.1739632247221414,0.0391355262782673,0.19782701099260258,5.6390048865910186e-05,0.0075093307868218315,0.06889360372755682,1.0
CRLX_raw_input_ridge,0,571,2026-08-31,2026-07-31,100.0,-3.5077496504538077,-3.301496995310486,0.04254015775367008,0.20625265514332192,4.7110735671460736e-05,0.006863726077828335,0.07449499161318096,0.0
CRLX_matched_ridge,0,120,2020-01-31,2019-12-31,0.0001,-3.3942209625474167,-3.3454607019215796,0.0023775630162995547,0.04876026062583705,2.8132707127861557e-06,0.001677280749542591,0.004604248123029564,1.0
CRLX_matched_ridge,0,120,2020-02-29,2020-01-31,0.0001,-2.656216692100947,-3.4718136041517855,0.6651983229468634,0.8155969120508386,0.0015329347635299627,0.03915271080691556,2.478777661595667,0.0
CRLX_matched_ridge,0,120,2020-03-31,2020-02-29,0.0001,-1.2968785055181968,-2.7125096297458904,2.0040114798821635,1.4156311242276935,0.04285471145259342,0.20701379531952313,13.135601462875908,0.0
CRLX_matched_ridge,0,120,2020-04-30,2020-03-31,0.0001,-2.134827132729708,-2.1900529839455545,0.0030498946425147958,0.05522585121584633,4.037603275631064e-05,0.006354213779556889,0.0063307074431451504,1.0
CRLX_matched_ridge,0,120,2020-05-31,2020-04-30,0.0001,-2.753012874659256,-3.327670385324288,0.33023125456373115,0.5746575106650318,0.0007761215419526399,0.02785895801986571,1.0067153343172732,1.0
CRLX_matched_ridge,0,120,2020-06-30,2020-05-31,0.0001,-2.451931103357683,-4.4820260002464,4.121285290373609,2.0300948968887167,0.005597528208559902,0.07481663056139258,52.925125492907675,0.0
CRLX_matched_ridge,0,120,2020-07-31,2020-06-30,0.01,-3.218790749890995,-3.2595283495617666,0.001659552026936061,0.04073759967077173,2.5500734846791776e-06,0.0015968949510469302,0.003411112013939399,1.0
CRLX_matched_ridge,0,120,2020-08-31,2020-07-31,0.01,-3.605902901033218,-3.426875850199913,0.032050684930070836,0.17902705083330517,2.835959040811134e-05,0.005325372325773226,0.05708935667776738,1.0
CRLX_matched_ridge,0,120,2020-09-30,2020-08-31,0.01,-2.6518079305455564,-3.375730128031961,0.5240633480135448,0.7239221974864045,0.0013199017532601743,0.03633045214775305,1.8060904265670423,1.0
CRLX_matched_ridge,0,120,2020-10-31,2020-09-30,0.01,-2.7990558904711156,-2.84689446099342,0.0022885288296175064,0.04783857052230456,8.08414562415653e-06,0.0028432631999441293,0.004726590392067381,1.0
CRLX_matched_ridge,0,120,2020-11-30,2020-10-31,0.01,-3.0039008865838612,-2.7894869840823833,0.045973321585913295,0.21441390250147796,0.00014064771861393372,0.011859499087817062,0.08009987032043275,0.0
CRLX_matched_ridge,0,120,2020-12-31,2020-11-30,0.01,-3.651528771176814,-2.922287306867876,0.531793113267444,0.729241464308938,0.0007761261507663276,0.027859040736650062,0.6910717897356546,0.0
CRLX_matched_ridge,0,120,2021-01-31,2020-12-31,0.01,-3.0833520658531506,-3.563035853724416,0.23009653634652494,0.4796837878712652,0.00030460150508354356,0.017452836591326452,0.6506777196551989,1.0
CRLX_matched_ridge,0,120,2021-02-28,2021-01-31,0.01,-3.2488415694882113,-3.2431816532378814,3.20346519607486e-05,0.0056599162503299105,4.8547995982835775e-08,0.00022033609777527552,6.382823525854023e-05,1.0
CRLX_matched_ridge,0,120,2021-03-31,2021-02-28,0.01,-3.0053155591944845,-3.427615507123203,0.17833724602059825,0.4222999479287184,0.00029100487633710817,0.017058865036605107,0.4824466714557589,0.0
CRLX_matched_ridge,0,120,2021-04-30,2021-03-31,0.01,-3.42852988588876,-3.42439722201437,1.707891069868759e-05,0.00413266387438993,1.8041488173582825e-08,0.00013431860695221204,3.406390700614638e-05,1.0
CRLX_matched_ridge,0,120,2021-05-31,2021-04-30,0.01,-3.25075444008131,-3.1795107838278147,0.005075658556366227,0.07124365625349549,8.185540876266042e-06,0.0028610384262127697,0.009685869305075478,1.0
CRLX_matched_ridge,0,120,2021-06-30,2021-05-31,0.01,-3.7043212595884913,-3.094942107344208,0.3713429511899617,0.6093791522442835,0.00042686507942586396,0.02066071342974061,0.5143552850739992,0.0
CRLX_matched_ridge,0,120,2021-07-31,2021-06-30,0.01,-3.3961998858730538,-3.580676300719065,0.0340315476344377,0.1844764148460114,3.1848880009702665e-05,0.0056434811960086005,0.07726655376002506,1.0
CRLX_matched_ridge,0,120,2021-08-31,2021-07-31,0.01,-3.708249345225621,-3.3813738943734437,0.10684756036981409,0.3268754508521772,8.98760264936899e-05,0.009480296751351716,0.1738422038840865,0.0
CRLX_matched_ridge,0,120,2021-09-30,2021-08-31,0.01,-3.2831324409451104,-3.4198768235722703,0.01869902618008312,0.13674438262715993,2.2983474794012154e-05,0.004794108341914287,0.041053825323087045,1.0
CRLX_matched_ridge,0,120,2021-10-31,2021-09-30,0.01,-3.386780947876349,-3.29550399337551,0.008331482422948223,0.09127695450083895,1.044586265694231e-05,0.003232005980338265,0.015693637988311554,1.0
CRLX_matched_ridge,0,120,2021-11-30,2021-10-31,0.01,-3.3064112261583376,-3.5194713002839038,0.045394595186391745,0.21306007412556616,4.945421315212365e-05,0.007032368957337467,0.10518459941728753,0.0
CRLX_matched_ridge,0,120,2021-12-31,2021-11-30,0.01,-2.9961728370061524,-3.343352822952361,0.12053394264160944,0.34717998594620836,0.00021490486444664312,0.014659633844221455,0.308067082230139,0.0
CRLX_matched_ridge,0,120,2022-01-31,2021-12-31,0.01,-2.941546598012492,-3.5092539356847734,0.32229162124694954,0.5677073376722812,0.000522799176022722,0.02286480212078648,0.9770492620503615,0.0
CRLX_matched_ridge,0,120,2022-02-28,2022-01-31,0.01,-2.799886911249737,-3.0007792570072063,0.04035773458393863,0.2008923457574694,0.0001225150878599752,0.011068653389639374,0.09270483024316689,0.0
CRLX_matched_ridge,0,120,2022-03-31,2022-02-28,1.0,-2.6765886403079335,-3.0633984322932353,0.1496218151757124,0.38680979198530174,0.0004870330862871385,0.02206882611937342,0.39397829018010877,0.0
CRLX_matched_ridge,0,120,2022-04-30,2022-03-31,100.0,-2.6479040482811675,-3.0915570936458687,0.1968280246613736,0.4436530453647012,0.0006435501960556434,0.02536829115363594,0.5412723703357074,0.0
CRLX_matched_ridge,0,120,2022-05-31,2022-04-30,100.0,-2.4244039455209907,-2.975158458504273,0.3033305335714527,0.5507545129832825,0.0014056145815473653,0.03749152679669588,0.9071937847214588,0.0
CRLX_matched_ridge,0,120,2022-06-30,2022-05-31,1.0,-2.4599056517814564,-3.026933947813581,0.32152108850109484,0.5670282960321247,0.0013674470516654366,0.03697900825692107,0.9741832290967798,1.0
CRLX_matched_ridge,0,120,2022-07-31,2022-06-30,1.0,-2.8821019465281603,-2.6135289658438445,0.07213144595365786,0.2685729806843158,0.0002978594718249434,0.01725860573235693,0.12155977542537749,1.0
CRLX_matched_ridge,0,120,2022-08-31,2022-07-31,1.0,-2.844606483048602,-3.1581507304652097,0.09830999508804676,0.31354424741660747,0.00024501258221928577,0.015652877761590224,0.2450633619338366,0.0
CRLX_matched_ridge,0,120,2022-09-30,2022-08-31,100.0,-2.6463004734576345,-2.96247198331156,0.09996442364331092,0.3161715098539255,0.00036948887122309433,0.019222093310123492,0.24967199597310652,0.0
CRLX_matched_ridge,0,120,2022-10-31,2022-09-30,1.0,-2.523493614612676,-2.511046900496609,0.00015492069228709913,0.012446714116066904,1.0084209768657177e-06,0.0010042016614533744,0.0003072863007670158,1.0
CRLX_matched_ridge,0,120,2022-11-30,2022-10-31,1.0,-2.5435772319280385,-3.118996463825818,0.3311072924378303,0.5754192318977793,0.0011822096972746454,0.03438327641855333,1.0100035867575254,1.0
CRLX_matched_ridge,0,120,2022-12-31,2022-11-30,100.0,-2.95330714551955,-2.932007801299216,0.00045366206421627414,0.02129934422033397,1.2612148550672583e-06,0.0011230382251140245,0.000894576567946094,1.0
CRLX_matched_ridge,0,120,2023-01-31,2022-12-31,1.0,-3.0445998097233513,-2.813872695668342,0.05323500116015329,0.23072711405500934,0.000152693577825314,0.012356924286622217,0.09182051038362232,0.0
CRLX_matched_ridge,0,120,2023-02-28,2023-01-31,0.01,-3.1746943824188296,-2.947411462020145,0.051657525904954794,0.22728292039868458,0.00011381658752465152,0.010668485718444372,0.0892893199730122,0.0
CRLX_matched_ridge,0,120,2023-03-31,2023-02-28,0.01,-2.924024732160048,-3.048592121294513,0.01551703443577722,0.12456738913446497,3.958181362557116e-05,0.00629140792077347,0.03378015220272673,1.0
CRLX_matched_ridge,0,120,2023-04-30,2023-03-31,0.01,-3.4424462204163033,-2.9639229243270657,0.22898454490010817,0.4785232960892376,0.0003853247212976017,0.019629689791170968,0.3410719885571698,1.0
CRLX_matched_ridge,0,120,2023-05-31,2023-04-30,0.01,-3.2992440662773723,-3.2846434259806174,0.0002131786970752229,0.014600640296754896,2.9471721959711064e-07,0.0005428786416844106,0.0004222374542051377,1.0
CRLX_matched_ridge,0,120,2023-06-30,2023-05-31,0.01,-3.4043319921867217,-3.5885274466533597,0.033927965446171306,0.184195454466638,3.124820658864904e-05,0.0055900095338603,0.0770160421082039,1.0
CRLX_matched_ridge,0,120,2023-07-31,2023-06-30,0.01,-3.766103134731879,-3.5338531532206754,0.05394005391195451,0.2322499815112038,3.660428440986246e-05,0.0060501474700921515,0.09294923753315987,1.0
CRLX_matched_ridge,0,120,2023-08-31,2023-07-31,0.01,-3.3080680545326713,-3.159524005666724,0.022065334453488874,0.14854404886594708,3.432965160191665e-05,0.005859151099085656,0.04006665248502317,1.0
CRLX_matched_ridge,0,120,2023-09-30,2023-08-31,0.01,-3.4377168665741427,-3.204081779034881,0.05458535412947846,0.23363508753926165,7.154087415874356e-05,0.008458183856995753,0.0939809209906104,0.0
CRLX_matched_ridge,0,120,2023-10-31,2023-09-30,0.01,-3.193062653385387,-2.9211728517916367,0.07392406421068891,0.2718898015937503,0.00016446778727382126,0.012824499494086358,0.12432945556620661,1.0
CRLX_matched_ridge,0,120,2023-11-30,2023-10-31,0.01,-3.314231456188941,-3.1608583273974222,0.02352331663529987,0.153373128791519,3.632904336807713e-05,0.006027357909405839,0.04258354793631902,0.0
CRLX_matched_ridge,0,120,2023-12-31,2023-11-30,0.01,-3.5682415676821626,-3.410665770492547,0.02483013185994289,0.15757579718961567,2.3172693948351715e-05,0.004813802441765939,0.0448298451420861,1.0
CRLX_matched_ridge,0,120,2024-01-31,2023-12-31,0.01,-3.464679499845587,-3.1522745871780424,0.09759682945881613,0.31240491266754455,0.00013160074295967067,0.011471736701985043,0.1601730566967416,1.0
CRLX_matched_ridge,0,120,2024-02-29,2024-01-31,0.01,-3.3448968495093907,-3.2957435918558713,0.0024160427379532647,0.04915325765351941,3.1564473534879364e-06,0.001776639342547591,0.0046775598800707086,1.0
CRLX_matched_ridge,0,120,2024-03-31,2024-02-29,0.01,-3.578980917498339,-3.5046952980578783,0.005518353255652976,0.07428561944046086,4.630284890275669e-06,0.0021518096779863383,0.010509840322818764,1.0
CRLX_matched_ridge,0,120,2024-04-30,2024-03-31,0.01,-3.229795427472849,-3.533539838852903,0.0922606674446155,0.30374441138005404,0.00010741721003088395,0.010364227420839624,0.22832672461745473,1.0
CRLX_matched_ridge,0,120,2024-05-31,2024-04-30,100.0,-3.5511189897853304,-3.33462180389665,0.04687103149771783,0.2164971858886804,4.810175675557533e-05,0.006935543003656983,0.08155851383545193,1.0
CRLX_matched_ridge,0,120,2024-06-30,2024-05-31,100.0,-3.974283728374348,-3.4303236268080304,0.2958925920960388,0.5439601015663178,0.00018451700872273522,0.013583703792513117,0.42483668651558404,0.0
CRLX_matched_ridge,0,120,2024-07-31,2024-06-30,100.0,-3.1722014727576715,-3.5189726613243266,0.12025025721993068,0.3467711885666551,0.0001508320588866698,0.012281370399376032,0.3072481722143272,1.0
CRLX_matched_ridge,0,120,2024-08-31,2024-07-31,100.0,-2.872824298145019,-3.373408241527226,0.25058428437208086,0.5005839433822072,0.000495792086421154,0.022266389164414466,0.7202904415990827,0.0
CRLX_matched_ridge,0,120,2024-09-30,2024-08-31,100.0,-3.260469768692696,-3.2445525997441456,0.0002533562673366913,0.01591716894855022,3.790054909599284e-07,0.0006156342184771152,0.0005013781039057835,1.0
CRLX_matched_ridge,0,120,2024-10-31,2024-09-30,100.0,-3.4205129328690873,-3.20905862626665,0.04471292378071763,0.21145430660243747,5.927401366859038e-05,0.007698961856548607,0.07804711458905933,0.0
CRLX_matched_ridge,0,120,2024-11-30,2024-10-31,100.0,-3.343202830242378,-3.257138622240679,0.0074070478989597685,0.08606420800169934,1.0079090275463616e-05,0.0031747583018969516,0.013999472513638506,1.0
CRLX_matched_ridge,0,120,2024-12-31,2024-11-30,100.0,-3.197711188525805,-3.38847390620154,0.03639041445503207,0.19076271767573472,5.034539728125158e-05,0.007095449054235509,0.08299147688857311,0.0
CRLX_matched_ridge,0,120,2025-01-31,2024-12-31,100.0,-3.243856524094862,-3.2885527480503516,0.001997752435879298,0.04469622395548978,2.908202666590732e-06,0.001705345321801638,0.004117269822077607,1.0
CRLX_matched_ridge,0,120,2025-02-28,2025-01-31,100.0,-3.336086010210643,-3.33873152474312,6.998747141548587e-06,0.0026455145324773,8.834543902631046e-09,9.399225448211701e-05,1.4022214022353478e-05,1.0
CRLX_matched_ridge,0,120,2025-03-31,2025-02-28,100.0,-2.8188957116043185,-3.29139621783255,0.22325672838593502,0.4725005062282315,0.0005048977548450412,0.022469930014244396,0.627814970994715,1.0
CRLX_matched_ridge,0,120,2025-04-30,2025-03-31,100.0,-1.9836117337402832,-3.1783199418249297,1.427327702464827,1.1947082080846465,0.009199857431095115,0.09591588727158351,7.517710446314338,0.0
CRLX_matched_ridge,0,120,2025-05-31,2025-04-30,100.0,-3.0297758721398087,-2.920521873249915,0.011936436273432901,0.10925399888989373,3.112613224717013e-05,0.005579079874600303,0.02222504924674973,1.0
CRLX_matched_ridge,0,120,2025-06-30,2025-05-31,100.0,-3.53015126294113,-3.141756870832716,0.15085020382126416,0.38839439210841364,0.00019338626219665323,0.013906338921393122,0.23666920219264598,1.0
CRLX_matched_ridge,0,120,2025-07-31,2025-06-30,100.0,-3.950725844114382,-3.2502878813032137,0.49061333974705995,0.7004379628111685,0.00038112082725286347,0.019522316134436085,0.6472569835374513,0.0
CRLX_matched_ridge,0,120,2025-08-31,2025-07-31,100.0,-3.3885322185760227,-3.4899526587215233,0.01028610567930706,0.10142044014550056,1.0600715778231826e-05,0.0032558740421324388,0.022036670289880433,1.0
CRLX_matched_ridge,0,120,2025-09-30,2025-08-31,100.0,-3.84430960652608,-3.4351417007126948,0.1674183751477113,0.40916790581338525,0.00011706531302010325,0.010819672500593687,0.25950103760265286,1.0
CRLX_matched_ridge,0,120,2025-10-31,2025-09-30,100.0,-3.200563742469265,-3.513528287327877,0.09794680633855818,0.312964544858612,0.00011985028873584047,0.010947615664419375,0.24405344241522386,1.0
CRLX_matched_ridge,0,120,2025-11-30,2025-10-31,1.0,-3.187697796475165,-3.3093429617510077,0.01479754623498711,0.12164516527584279,2.2340671908706445e-05,0.004726591997275251,0.03214853868798573,0.0
CRLX_matched_ridge,0,120,2025-12-31,2025-11-30,1.0,-3.6690396499504754,-3.151444932550752,0.26790429148009964,0.5175947173997235,0.0002989200714897434,0.017289305118764704,0.39034852985951307,0.0
CRLX_matched_ridge,0,120,2026-01-31,2025-12-31,100.0,-3.5432590006801346,-3.349563822401014,0.03751782208858037,0.19369517827912075,3.820147165763409e-05,0.006180733909305115,0.0662164155549525,1.0
CRLX_matched_ridge,0,120,2026-02-28,2026-01-31,100.0,-3.319270460859548,-3.3793006870221243,0.003603628053130081,0.06003022616257647,4.443425353117073e-06,0.0021079433941918538,0.007504561120754233,1.0
CRLX_matched_ridge,0,120,2026-03-31,2026-02-28,100.0,-2.9305194230637723,-3.4003506154331316,0.22074134932321382,0.4698311923693592,0.00040030961453714286,0.02000773886617733,0.6194548906772539,0.0
CRLX_matched_ridge,0,120,2026-04-30,2026-03-31,100.0,-3.2372756219261025,-3.225598214848754,0.00013636183605010728,0.011677407077348434,2.1276849944500498e-07,0.00046126835946659617,0.00027061287389627126,1.0
CRLX_matched_ridge,0,120,2026-05-31,2026-04-30,100.0,-3.511913129771558,-3.3497313559660737,0.02630292775469319,0.16218177380548404,2.7604601452022276e-05,0.005254008132085663,0.04735090188212859,1.0
CRLX_matched_ridge,0,120,2026-06-30,2026-05-31,100.0,-3.0167824583115244,-3.356578163601632,0.11546112133360174,0.3397957052901077,0.00019892761955815757,0.014104170289604333,0.29347998083527527,1.0
CRLX_matched_ridge,0,120,2026-07-31,2026-06-30,100.0,-3.371790235714744,-3.2625272144378528,0.011938407818554389,0.10926302127689125,1.5708364602896007e-05,0.003963377928345467,0.022228591259045,1.0
CRLX_matched_ridge,0,120,2026-08-31,2026-07-31,100.0,-3.5077496504538077,-3.3403230191428666,0.02803167687212982,0.16742663131094115,2.982518660427866e-05,0.005461244052803231,0.050296323511357155,0.0
CRLX_raw_input_ridge,0,120,2020-01-31,2019-12-31,100.0,-3.3942209625474167,-3.5677357521576982,0.03010738221350027,0.17351478961028155,2.8590579674584466e-05,0.005347015959821372,0.06782899594478076,1.0
CRLX_raw_input_ridge,0,120,2020-02-29,2020-01-31,100.0,-2.656216692100947,-3.4774966864812695,0.6745008291693427,0.8212799943803226,0.0015467490337044616,0.03932873038510729,2.525823606219646,0.0
CRLX_raw_input_ridge,0,120,2020-03-31,2020-02-29,1e-08,-1.2968785055181968,-2.74199947582281,2.0883746188141465,1.445120970304613,0.043656951427777736,0.2089424596097637,14.10742149989207,0.0
CRLX_raw_input_ridge,0,120,2020-04-30,2020-03-31,1e-08,-2.134827132729708,-1.811828011457894,0.10432843234236412,0.3229991212718142,0.002033127549288814,0.04509021567134952,0.17013730550269018,1.0
CRLX_raw_input_ridge,0,120,2020-05-31,2020-04-30,1e-08,-2.753012874659256,-3.129634887766712,0.1418441407571126,0.3766220131074558,0.00040007129768344853,0.020001782362665796,0.3706347453468146,1.0
CRLX_raw_input_ridge,0,120,2020-06-30,2020-05-31,1e-08,-2.451931103357683,-3.0871546304884276,0.40350892942042393,0.6352235271307447,0.0016398852622510418,0.040495496814473605,1.291997758291167,0.0
CRLX_raw_input_ridge,0,120,2020-07-31,2020-06-30,1e-08,-3.218790749890995,-3.4982416676028354,0.07809281540998984,0.2794509177118405,9.511858979260304e-05,0.00975287597545478,0.18984919358681152,1.0
CRLX_raw_input_ridge,0,120,2020-08-31,2020-07-31,1e-08,-3.605902901033218,-3.4574891237418104,0.022026649289903596,0.1484137772914078,1.8886578228543804e-05,0.004345869099333734,0.039999712528195286,1.0
CRLX_raw_input_ridge,0,120,2020-09-30,2020-08-31,1e-08,-2.6518079305455564,-3.437369682782994,0.6171072665783534,0.7855617522374376,0.0014725991289096642,0.0383744593305191,2.240928014816991,1.0
CRLX_raw_input_ridge,0,120,2020-10-31,2020-09-30,1e-08,-2.7990558904711156,-2.8437684762104816,0.0019992153235001545,0.044712585739365984,7.084096032818743e-06,0.002661596519538366,0.004120330379150286,1.0
CRLX_raw_input_ridge,0,120,2020-11-30,2020-10-31,1e-08,-3.0039008865838612,-2.7191077971119357,0.08110710381096416,0.2847930894719255,0.0002670061010956254,0.016340321327796017,0.13534569240690242,0.0
CRLX_raw_input_ridge,0,120,2020-12-31,2020-11-30,1e-08,-3.651528771176814,-3.1126598256649594,0.290379740437058,0.5388689455118545,0.0003434000941491981,0.018531057556146063,0.4181024882894725,1.0
CRLX_raw_input_ridge,0,120,2021-01-31,2020-12-31,1e-08,-3.0833520658531506,-3.48339548889937,0.16003474032253656,0.40004342304621954,0.00022808471816002023,0.015102473908602532,0.42564737032626043,1.0
CRLX_raw_input_ridge,0,120,2021-02-28,2021-01-31,1e-08,-3.2488415694882113,-3.387076946950536,0.019109019582151426,0.13823537746232484,2.511811704419013e-05,0.005011797785644402,0.041997638521763914,1.0
CRLX_raw_input_ridge,0,120,2021-03-31,2021-02-28,1e-08,-3.0053155591944845,-3.4689534876877266,0.21496012873750472,0.46363792849324215,0.00033758595508467677,0.01837351232303385,0.6003383508682634,0.0
CRLX_raw_input_ridge,0,120,2021-04-30,2021-03-31,1e-08,-3.42852988588876,-3.456014368006052,0.0007553967572557521,0.027484482117292153,7.731840294132244e-07,0.0008793088361964893,0.0015388604030753539,1.0
CRLX_raw_input_ridge,0,120,2021-05-31,2021-04-30,1e-08,-3.25075444008131,-3.264610014137886,0.000191976932437262,0.013855574056576003,2.842295095649455e-07,0.0005331317938042576,0.00038752517258016164,1.0
CRLX_raw_input_ridge,0,120,2021-06-30,2021-05-31,1e-08,-3.7043212595884913,-3.1077299835018786,0.355921150702653,0.5965912760866128,0.0004034230942516188,0.020085395048433048,0.4964371552352864,0.0
CRLX_raw_input_ridge,0,120,2021-07-31,2021-06-30,1e-08,-3.3961998858730538,-3.6529214989962044,0.06590598664455265,0.25672161312315067,5.7532633629256435e-05,0.007585026936620359,0.15759182607515487,1.0
CRLX_raw_input_ridge,0,120,2021-08-31,2021-07-31,1e-08,-3.708249345225621,-3.3617671039888517,0.12004994349245472,0.3464822412367692,0.00010309396505033515,0.010153519835521825,0.19305583986189773,0.0
CRLX_raw_input_ridge,0,120,2021-09-30,2021-08-31,1e-08,-3.2831324409451104,-3.456902394023884,0.03019599659299923,0.17376995307877374,3.579991419515879e-05,0.00598330295030753,0.068040893720415,1.0
CRLX_raw_input_ridge,0,120,2021-10-31,2021-09-30,1e-08,-3.386780947876349,-3.267416484712948,0.014247875066286912,0.11936446316340099,1.8381648555650857e-05,0.004287382483013483,0.026357285076591103,0.0
CRLX_raw_input_ridge,0,120,2021-11-30,2021-10-31,1e-08,-3.3064112261583376,-3.579445037793305,0.07454746229591894,0.27303381163496754,7.66725264428598e-05,0.00875628496811632,0.18038297436800854,0.0
CRLX_raw_input_ridge,0,120,2021-12-31,2021-11-30,0.01,-2.9961728370061524,-3.3294014223417108,0.11104129008473748,0.3332285853355583,0.00020060303957042768,0.014163440244884987,0.28086887064021027,0.0
CRLX_raw_input_ridge,0,120,2022-01-31,2021-12-31,0.01,-2.941546598012492,-3.5484940435350723,0.3683852016263853,0.6069474455225801,0.0005767730400695365,0.024016099601507662,1.1526766883800632,0.0
CRLX_raw_input_ridge,0,120,2022-02-28,2022-01-31,100.0,-2.799886911249737,-3.1097495405033477,0.09601484900796069,0.30986262925361086,0.00026259594738058,0.01620481247594615,0.23869212882613977,0.0
CRLX_raw_input_ridge,0,120,2022-03-31,2022-02-28,100.0,-2.6765886403079335,-3.121435364023254,0.1978886076002548,0.44484672371532064,0.0006102685872235935,0.02470361486146498,0.5446898230162363,0.0
CRLX_raw_input_ridge,0,120,2022-04-30,2022-03-31,100.0,-2.6479040482811675,-3.1748519660372443,0.277674108027465,0.5269479177560767,0.0008409511877052826,0.02899915839649976,0.8149099354963005,0.0
CRLX_raw_input_ridge,0,120,2022-05-31,2022-04-30,100.0,-2.4244039455209907,-2.847685696445488,0.17916744066570833,0.4232817509244975,0.0009334569258054783,0.030552527322718792,0.48505695723740927,0.0
CRLX_raw_input_ridge,0,120,2022-06-30,2022-05-31,1.0,-2.4599056517814564,-3.079247099309526,0.38358382862616464,0.6193414475280696,0.0015562346111101975,0.03944913954841344,1.2123821601519165,1.0
CRLX_raw_input_ridge,0,120,2022-07-31,2022-06-30,1.0,-2.8821019465281603,-2.609632494472665,0.07423960230342187,0.27246945205549533,0.0003078157470573209,0.017544678596580814,0.12481611448228691,1.0
CRLX_raw_input_ridge,0,120,2022-08-31,2022-07-31,1.0,-2.844606483048602,-3.123510211077436,0.07778728950838168,0.2789037280288338,0.0002003557839879781,0.014154708898030298,0.1890308227384676,0.0
CRLX_raw_input_ridge,0,120,2022-09-30,2022-08-31,1.0,-2.6463004734576345,-2.8152363292949114,0.028539323387473198,0.16893585583727688,0.000121495726833257,0.01102251000604023,0.0640889250111914,1.0
CRLX_raw_input_ridge,0,120,2022-10-31,2022-09-30,100.0,-2.523493614612676,-2.7224914551946044,0.03960014055627058,0.19899784058192838,0.00020932787449755023,0.014468167627503845,0.09084191868389802,0.0
CRLX_raw_input_ridge,0,120,2022-11-30,2022-10-31,100.0,-2.5435772319280385,-3.082463152995399,0.29039803592461766,0.5388859210673607,0.0010718152177231009,0.03273858912236599,0.8603538023091721,1.0
CRLX_raw_input_ridge,0,120,2022-12-31,2022-11-30,100.0,-2.95330714551955,-2.920247099869408,0.001092966618389457,0.033060045650141756,3.0746398755902037e-06,0.00175346510532437,0.0021385411693062434,1.0
CRLX_raw_input_ridge,0,120,2023-01-31,2022-12-31,100.0,-3.0445998097233513,-2.87687636477045,0.028131153986868898,0.16772344495290126,7.560334006931066e-05,0.008695018117825325,0.050465370307990975,0.0
CRLX_raw_input_ridge,0,120,2023-02-28,2023-01-31,1.0,-3.1746943824188296,-3.0468329320559118,0.016348550488908906,0.12786145036291785,3.251590637263704e-05,0.005702272036007844,0.030079413419343365,1.0
CRLX_raw_input_ridge,0,120,2023-03-31,2023-02-28,1.0,-2.924024732160048,-3.022707624137033,0.009738313168941354,0.09868289197698532,2.5480215789681764e-05,0.005047793160350547,0.02082376945780351,1.0
CRLX_raw_input_ridge,0,120,2023-04-30,2023-03-31,1.0,-3.4424462204163033,-3.001344165773201,0.19457102261036646,0.44110205464310237,0.0003144893419187143,0.01773384735241381,0.2960738008885275,1.0
CRLX_raw_input_ridge,0,120,2023-05-31,2023-04-30,100.0,-3.2992440662773723,-3.267194719999282,0.0010271605968529482,0.03204934627809042,1.445131588530859e-06,0.0012021362603843455,0.0020111225438337876,1.0
CRLX_raw_input_ridge,0,120,2023-06-30,2023-05-31,100.0,-3.4043319921867217,-3.3171086120877042,0.0076079180358976685,0.08722338009901742,9.17184237564589e-06,0.003028504973686834,0.014368330494966303,1.0
CRLX_raw_input_ridge,0,120,2023-07-31,2023-06-30,1.0,-3.766103134731879,-3.613107670587601,0.02340761204872316,0.15299546414427834,1.4637050187933518e-05,0.0038258398016557775,0.042384228061880136,1.0
CRLX_raw_input_ridge,0,120,2023-08-31,2023-07-31,0.01,-3.3080680545326713,-3.197461827886674,0.01223373737286572,0.11060622664599729,1.8309906723221835e-05,0.004279007679733916,0.02275882432623688,1.0
CRLX_raw_input_ridge,0,120,2023-09-30,2023-08-31,1e-08,-3.4377168665741427,-3.14406464728987,0.08623162589057862,0.29365221928427276,0.0001203244178761498,0.010969248738001605,0.14312796224820318,0.0
CRLX_raw_input_ridge,0,120,2023-10-31,2023-09-30,1e-08,-3.193062653385387,-3.009447889135747,0.03371438165045086,0.18361476424963996,6.84414052140302e-05,0.008272932080830242,0.059880172233922,1.0
CRLX_raw_input_ridge,0,120,2023-11-30,2023-10-31,1e-08,-3.314231456188941,-3.0843169120921745,0.05286069758722408,0.2299145440967667,8.834681391015344e-05,0.009399298586072975,0.09122063674939562,0.0
CRLX_raw_input_ridge,0,120,2023-12-31,2023-11-30,1e-08,-3.5682415676821626,-3.3825016994604886,0.034499298647004815,0.185739868221674,3.314278752517179e-05,0.005756977290659725,0.06119271816895383,1.0
CRLX_raw_input_ridge,0,120,2024-01-31,2023-12-31,1e-08,-3.464679499845587,-3.1531888844521543,0.09702640347817941,0.3114906153934327,0.0001307058061381704,0.011432664000055735,0.1593243200430733,1.0
CRLX_raw_input_ridge,0,120,2024-02-29,2024-01-31,1.0,-3.3448968495093907,-3.2584650055645072,0.007470463647712687,0.08643184394488346,1.0134779151393821e-05,0.0031835167898715128,0.014115967792606487,1.0
CRLX_raw_input_ridge,0,120,2024-03-31,2024-02-29,1.0,-3.578980917498339,-3.4157564706561825,0.02664222004692802,0.16322444684215665,2.4477021033042878e-05,0.004947425697576759,0.04793014003907786,1.0
CRLX_raw_input_ridge,0,120,2024-04-30,2024-03-31,100.0,-3.229795427472849,-3.4911909642526076,0.06832762664837817,0.2613955367797587,8.28286314474695e-05,0.009101023648330417,0.1639377967131299,1.0
CRLX_raw_input_ridge,0,120,2024-05-31,2024-04-30,100.0,-3.5511189897853304,-3.275476418332194,0.07597882719729736,0.2756425714531363,8.292546130308961e-05,0.009106341817826168,0.12749396656956913,1.0
CRLX_raw_input_ridge,0,120,2024-06-30,2024-05-31,100.0,-3.974283728374348,-3.48557470202417,0.23883651243613907,0.4887090263501781,0.00014026587057225926,0.011843389319458313,0.3536994371040121,0.0
CRLX_raw_input_ridge,0,120,2024-07-31,2024-06-30,100.0,-3.1722014727576715,-3.5388008023219504,0.13439506843697877,0.3665993295642789,0.00016545906300703713,0.012863089170453462,0.34853005091216294,1.0
CRLX_raw_input_ridge,0,120,2024-08-31,2024-07-31,100.0,-2.872824298145019,-3.3922275842228164,0.2697797735884144,0.5194032860777975,0.0005246548879252862,0.022905346273856812,0.7870359898163986,0.0
CRLX_raw_input_ridge,0,120,2024-09-30,2024-08-31,100.0,-3.260469768692696,-3.243436258397691,0.00029014047297004115,0.017033510295004994,4.3451854518347254e-07,0.0006591802069111849,0.0005737472057438589,1.0
CRLX_raw_input_ridge,0,120,2024-10-31,2024-09-30,100.0,-3.4205129328690873,-3.230141237685519,0.036241382327065454,0.19037169518356833,4.700819443371183e-05,0.006856252214855564,0.06409661250951709,0.0
CRLX_raw_input_ridge,0,120,2024-11-30,2024-10-31,100.0,-3.343202830242378,-3.2772162940042153,0.004354222964710381,0.06598653623816286,5.8057288577078935e-06,0.0024095080115467335,0.008337665566307328,1.0
CRLX_raw_input_ridge,0,120,2024-12-31,2024-11-30,100.0,-3.197711188525805,-3.4297412734011297,0.05383796028725029,0.2320300848753245,7.157644951752808e-05,0.008460286609656205,0.12645849892198846,0.0
CRLX_raw_input_ridge,0,120,2025-01-31,2024-12-31,100.0,-3.243856524094862,-3.2299137290670545,0.00019440153318744696,0.013942795027807264,3.00043362141734e-07,0.0005477621401135113,0.0003852141201755241,1.0
CRLX_raw_input_ridge,0,120,2025-02-28,2025-01-31,100.0,-3.336086010210643,-3.349552142327136,0.00018133671417884577,0.013466132116493057,2.2644177326505247e-07,0.00047585898464256454,0.0003659513411751504,1.0
CRLX_raw_input_ridge,0,120,2025-03-31,2025-02-28,100.0,-2.8188957116043185,-3.2819854233100196,0.2144520810876694,0.4630897117057011,0.000489213811886908,0.022118178313028133,0.5986649421125481,1.0
CRLX_raw_input_ridge,0,120,2025-04-30,2025-03-31,100.0,-1.9836117337402832,-3.1061067237274536,1.2599950025462976,1.1224949899871703,0.008611195941618638,0.09279652979297576,6.195330983753815,0.0
CRLX_raw_input_ridge,0,120,2025-05-31,2025-04-30,100.0,-3.0297758721398087,-2.7926487928591683,0.0562292517281671,0.23712707928064036,0.0001672435789171801,0.012932268900590495,0.0966032156854828,1.0
CRLX_raw_input_ridge,0,120,2025-06-30,2025-05-31,100.0,-3.53015126294113,-3.168758232756981,0.13060492226568093,0.3613930301841486,0.00016269781938768003,0.012755305538781892,0.20818408252330456,1.0
CRLX_raw_input_ridge,0,120,2025-07-31,2025-06-30,100.0,-3.950725844114382,-3.2857912265513036,0.4421380456337576,0.6649346175630786,0.00033015769036174,0.018170241890567665,0.594381083022996,0.0
CRLX_raw_input_ridge,0,120,2025-08-31,2025-07-31,100.0,-3.3885322185760227,-3.4781770530220424,0.008036196342854275,0.08964483444601967,8.378521987517687e-06,0.002894567668498646,0.017077575462403127,1.0
CRLX_raw_input_ridge,0,120,2025-09-30,2025-08-31,100.0,-3.84430960652608,-3.421517735277568,0.17875296639381846,0.42279187124851214,0.00012682480777557803,0.011261652089084355,0.2748904229956015,1.0
CRLX_raw_input_ridge,0,120,2025-10-31,2025-09-30,100.0,-3.200563742469265,-3.528302761132692,0.10741286435446618,0.32773901866342703,0.00012960764917806564,0.011384535527550768,0.2705849900338648,1.0
CRLX_raw_input_ridge,0,120,2025-11-30,2025-10-31,100.0,-3.187697796475165,-3.3349657794804477,0.021687858818444254,0.14726798300528277,3.193336220970765e-05,0.005650961175738836,0.04796728097686026,0.0
CRLX_raw_input_ridge,0,120,2025-12-31,2025-11-30,100.0,-3.6690396499504754,-3.272414062875665,0.15731185632243794,0.3966255870748103,0.00015410341854916554,0.012413839798755481,0.24562283696830733,1.0
CRLX_raw_input_ridge,0,120,2026-01-31,2025-12-31,100.0,-3.5432590006801346,-3.367523686747755,0.03088290056291202,0.17573531393237962,3.0868867615765016e-05,0.005555975847298566,0.05512314530013629,1.0
CRLX_raw_input_ridge,0,120,2026-02-28,2026-01-31,100.0,-3.319270460859548,-3.4069094155635637,0.007680586381612559,0.08763895470401595,9.215725390577999e-06,0.003035741324714278,0.01629941174160715,1.0
CRLX_raw_input_ridge,0,120,2026-03-31,2026-02-28,100.0,-2.9305194230637723,-3.3766875431039756,0.1990659913402092,0.44616812004020323,0.0003689813488522347,0.019208887236178848,0.5484891093703608,0.0
CRLX_raw_input_ridge,0,120,2026-04-30,2026-03-31,100.0,-3.2372756219261025,-3.1369229668022145,0.01007065539041401,0.10035265512388802,1.718473739606947e-05,0.004145447791984537,0.018858807731515964,1.0
CRLX_raw_input_ridge,0,120,2026-05-31,2026-04-30,100.0,-3.511913129771558,-3.4316201047912043,0.006446969860495673,0.08029302498035351,6.223730553455119e-06,0.002494740578387885,0.012230586400628907,1.0
CRLX_raw_input_ridge,0,120,2026-06-30,2026-05-31,100.0,-3.0167824583115244,-3.390395011216996,0.13958633968854386,0.3736125529054717,0.00023296304500071427,0.015263126973222567,0.3639086027137446,1.0
CRLX_raw_input_ridge,0,120,2026-07-31,2026-06-30,100.0,-3.371790235714744,-3.2441656839351865,0.01628802621693297,0.12762455177955756,2.183658470374029e-05,0.0046729631609654584,0.02997259110332587,1.0
CRLX_raw_input_ridge,0,120,2026-08-31,2026-07-31,100.0,-3.5077496504538077,-3.3377221937175428,0.02890933604420245,0.17002745673626496,3.08413571995564e-05,0.005553499545291815,0.0517861515282213,0.0
CRLX_matched_ridge,1,571,2020-01-31,2019-12-31,1e-08,-3.3942209625474167,-3.529505530804734,0.018301914408568706,0.13528456825731716,1.8039420291243063e-05,0.004247283872222701,0.04014107502011954,1.0
CRLX_matched_ridge,1,571,2020-02-29,2020-01-31,1e-08,-2.656216692100947,-3.4767246808294314,0.6732333595672628,0.8205079887284845,0.001544873440228635,0.039304878071667326,2.519393732299524,0.0
CRLX_matched_ridge,1,571,2020-03-31,2020-02-29,1e-08,-1.2968785055181968,-2.8861139472907174,2.5256692893858985,1.5892354417725205,0.0473459406555586,0.2175912237558275,19.831540480675866,0.0
CRLX_matched_ridge,1,571,2020-04-30,2020-03-31,1e-08,-2.134827132729708,-2.3004436489383178,0.027428830441076652,0.16561651620860962,0.00032582628689010264,0.01805065890459688,0.06145126266738021,1.0
CRLX_matched_ridge,1,571,2020-05-31,2020-04-30,1e-08,-2.753012874659256,-2.75658920162672,1.2790114578210368e-05,0.0035763269674640163,5.177082892702407e-08,0.00022753203934176847,2.5641327212882516e-05,1.0
CRLX_matched_ridge,1,571,2020-06-30,2020-05-31,1e-08,-2.451931103357683,-2.9871709919382265,0.28648173832771273,0.5352398885805436,0.0012742903557650296,0.03569720375274553,0.8462987909095221,0.0
CRLX_matched_ridge,1,571,2020-07-31,2020-06-30,0.0001,-3.218790749890995,-2.9346936065454656,0.08071118685709021,0.28409714334552927,0.00017275415685370644,0.013143597561311227,0.13474182473327195,1.0
CRLX_matched_ridge,1,571,2020-08-31,2020-07-31,0.0001,-3.605902901033218,-3.076861113850188,0.2798852125858146,0.5290417871830302,0.00035875526268838183,0.018940835849781863,0.40520397811058584,0.0
CRLX_matched_ridge,1,571,2020-09-30,2020-08-31,0.0001,-2.6518079305455564,-3.352695777618261,0.49124377417421106,0.7008878470727047,0.0012626434176572256,0.03553369411779791,1.6606314645292808,1.0
CRLX_matched_ridge,1,571,2020-10-31,2020-09-30,0.0001,-2.7990558904711156,-2.868179375871521,0.004778056233900069,0.06912348540040547,1.6526282399254467e-05,0.004065253054762331,0.010012130927353896,1.0
CRLX_matched_ridge,1,571,2020-11-30,2020-10-31,0.0001,-3.0039008865838612,-2.7773839250348407,0.05130993386940046,0.22651696154902057,0.00015895622415165928,0.012607784268128135,0.08873049156166252,0.0
CRLX_matched_ridge,1,571,2020-12-31,2020-11-30,0.0001,-3.651528771176814,-3.052694450371932,0.35860254377384415,0.5988343208048819,0.00045284117630194065,0.021280065232558397,0.4995658643416655,1.0
CRLX_matched_ridge,1,571,2021-01-31,2020-12-31,0.0001,-3.0833520658531506,-3.396434413570923,0.09802055645247217,0.31308234771777244,0.00015160943899576656,0.01231297847784063,0.244258467180126,1.0
CRLX_matched_ridge,1,571,2021-02-28,2021-01-31,0.0001,-3.2488415694882113,-3.0421174144822607,0.04273487626292431,0.20672415500595065,7.94693671454211e-05,0.008914559279371084,0.07481402949498578,0.0
CRLX_matched_ridge,1,571,2021-03-31,2021-02-28,0.0001,-3.0053155591944845,-3.270413195270306,0.07027675665298881,0.2650976360758217,0.00013299620690570478,0.011532398142004324,0.1690688230275912,0.0
CRLX_matched_ridge,1,571,2021-04-30,2021-03-31,0.0001,-3.42852988588876,-3.1833868221152186,0.0600951217162785,0.24514306377354123,8.118842283221905e-05,0.009010461854545473,0.10273725751920787,1.0
CRLX_matched_ridge,1,571,2021-05-31,2021-04-30,0.01,-3.25075444008131,-3.305334881571465,0.002979024593260204,0.05458044149015473,4.235537050477753e-06,0.002058042042932494,0.006180892436423599,1.0
CRLX_matched_ridge,1,571,2021-06-30,2021-05-31,0.01,-3.7043212595884913,-3.18778438901494,0.2668103386619177,0.5165368705735514,0.00027709839550620606,0.016646272721129077,0.3889850394854284,0.0
CRLX_matched_ridge,1,571,2021-07-31,2021-06-30,0.01,-3.3961998858730538,-3.514543566280315,0.014005226692335946,0.11834368040726106,1.3979743485777858e-05,0.0037389495163451802,0.03035756713751797,1.0
CRLX_matched_ridge,1,571,2021-08-31,2021-07-31,0.01,-3.708249345225621,-3.384095072700374,0.10507599239637201,0.32415427252524687,8.813267633418063e-05,0.009387900528562317,0.17123808593737794,0.0
CRLX_matched_ridge,1,571,2021-09-30,2021-08-31,0.01,-3.2831324409451104,-3.5014969538586396,0.04768306049996286,0.2183645129135292,5.414545865134208e-05,0.007358359779960619,0.11090762484355954,1.0
CRLX_matched_ridge,1,571,2021-10-31,2021-09-30,0.01,-3.386780947876349,-3.2836662508226353,0.010632640748479125,0.10311469705371357,1.3492347067453101e-05,0.003673193034330363,0.019875803289204352,1.0
CRLX_matched_ridge,1,571,2021-11-30,2021-10-31,0.01,-3.3064112261583376,-3.500873137837483,0.037815435093907786,0.1944619116791455,4.194413290421583e-05,0.006476429024100845,0.08646833327419684,0.0
CRLX_matched_ridge,1,571,2021-12-31,2021-11-30,0.01,-2.9961728370061524,-3.3289395222386213,0.11073366680060502,0.3327666852324689,0.00020013460095391614,0.014146893685679417,0.2799945613227791,0.0
CRLX_matched_ridge,1,571,2022-01-31,2021-12-31,0.01,-2.941546598012492,-3.313650203448889,0.13846109317876557,0.37210360543639664,0.0002689896728841194,0.016400904636151,0.36056492203088353,0.0
CRLX_matched_ridge,1,571,2022-02-28,2022-01-31,0.01,-2.799886911249737,-2.9717730442052903,0.029544842702414194,0.17188613295555344,9.224665191343628e-05,0.009604512060143205,0.06648516933171511,0.0
CRLX_matched_ridge,1,571,2022-03-31,2022-02-28,0.01,-2.6765886403079335,-2.915843327372829,0.05724280528252108,0.2392546870648955,0.00021430349992553085,0.014639108576874851,0.13515786029000965,0.0
CRLX_matched_ridge,1,571,2022-04-30,2022-03-31,1.0,-2.6479040482811675,-3.0031355258513273,0.12618940265667888,0.3552314775701597,0.00044809462485357384,0.021168245672553355,0.3244701682187192,0.0
CRLX_matched_ridge,1,571,2022-05-31,2022-04-30,1.0,-2.4244039455209907,-2.744660134984439,0.102564026889648,0.32025618946344814,0.000588583123790617,0.02426073213632715,0.2569404662020113,0.0
CRLX_matched_ridge,1,571,2022-06-30,2022-05-31,1.0,-2.4599056517814564,-2.782850324369268,0.10429326155284896,0.3229446725878118,0.000556067461449896,0.023581082703088424,0.261793518444857,1.0
CRLX_matched_ridge,1,571,2022-07-31,2022-06-30,1.0,-2.8821019465281603,-2.5742643818742574,0.09476396621204584,0.3078375646539029,0.00040775599932098446,0.02019296905660444,0.15595114528792448,1.0
CRLX_matched_ridge,1,571,2022-08-31,2022-07-31,1.0,-2.844606483048602,-2.998773704235885,0.023767532088608604,0.15416722118728288,6.903929108783605e-05,0.008308988571892252,0.05282169873924342,0.0
CRLX_matched_ridge,1,571,2022-09-30,2022-08-31,100.0,-2.6463004734576345,-2.8377411414962284,0.03664952937906308,0.19144066803859383,0.00015265301141203298,0.012355282732986445,0.08362266254849127,1.0
CRLX_matched_ridge,1,571,2022-10-31,2022-09-30,1.0,-2.523493614612676,-2.6635122515894367,0.019605218700829884,0.14001863697676065,0.0001097471084828177,0.010476025414383916,0.043141857582198406,0.0
CRLX_matched_ridge,1,571,2022-11-30,2022-10-31,1.0,-2.5435772319280385,-2.8700580474840462,0.10658972292611593,0.3264808155560077,0.00047913466669549773,0.02188914495121949,0.268260732369195,1.0
CRLX_matched_ridge,1,571,2022-12-31,2022-11-30,1.0,-2.95330714551955,-2.7980328154677747,0.024110117573027605,0.15527433005177516,7.67885591489019e-05,0.008762908144497573,0.043593313618703944,1.0
CRLX_matched_ridge,1,571,2023-01-31,2022-12-31,1.0,-3.0445998097233513,-2.770929667987045,0.07489534647797,0.2736701417363063,0.00022465254141014023,0.014988413572161005,0.12582665930769182,0.0
CRLX_matched_ridge,1,571,2023-02-28,2023-01-31,1e-08,-3.1746943824188296,-3.025692395042313,0.022201592242151645,0.1490019873765167,4.512255809520152e-05,0.006717332662240387,0.04030236404216958,0.0
CRLX_matched_ridge,1,571,2023-03-31,2023-02-28,1e-08,-2.924024732160048,-3.035112654835137,0.012340526564266588,0.11108792267508916,3.1897730158928196e-05,0.0056478075532836805,0.026615107290304196,1.0
CRLX_matched_ridge,1,571,2023-04-30,2023-03-31,1e-08,-3.4424462204163033,-3.014792157292478,0.18288799770631672,0.42765406312382526,0.00029137419606287964,0.01706968646644922,0.28046029660256677,1.0
CRLX_matched_ridge,1,571,2023-05-31,2023-04-30,1e-08,-3.2992440662773723,-3.187413928409883,0.012505979735461664,0.1118301378674893,1.9074383358548096e-05,0.004367422965382228,0.023247002981621023,1.0
CRLX_matched_ridge,1,571,2023-06-30,2023-05-31,1e-08,-3.4043319921867217,-3.2719810772481503,0.01751676468507694,0.13235091493857132,2.211066632602624e-05,0.004702198031349407,0.03213657185313387,0.0
CRLX_matched_ridge,1,571,2023-07-31,2023-06-30,1e-08,-3.766103134731879,-3.3465577060151586,0.1760183667570969,0.4195454287167206,0.00014552232713624082,0.012063263535886166,0.27119404574293415,0.0
CRLX_matched_ridge,1,571,2023-08-31,2023-07-31,1e-08,-3.3080680545326713,-3.326359306086771,0.0003345698834153594,0.01829125155409983,4.397478858049873e-07,0.0006631348926161157,0.0006773745433731673,1.0
CRLX_matched_ridge,1,571,2023-09-30,2023-08-31,1e-08,-3.4377168665741427,-3.2834583736491454,0.023795682639491434,0.15425849292499727,2.8733588853128497e-05,0.005360372081593637,0.043052461233799744,0.0
CRLX_matched_ridge,1,571,2023-10-31,2023-09-30,1e-08,-3.193062653385387,-3.1838771763996014,8.43729874563957e-05,0.009185476985785535,1.434619404696907e-07,0.00037876370004224363,0.0001677173618834897,1.0
CRLX_matched_ridge,1,571,2023-11-30,2023-10-31,1e-08,-3.314231456188941,-3.2026857800858384,0.012442437857298328,0.11154567610310284,1.841172780697453e-05,0.004290888929694467,0.02313311258252665,1.0
CRLX_matched_ridge,1,571,2023-12-31,2023-11-30,1e-08,-3.5682415676821626,-3.422958066051665,0.02110729584601881,0.14528350163049764,1.94516720450012e-05,0.00441040497516965,0.03840642321456611,1.0
CRLX_matched_ridge,1,571,2024-01-31,2023-12-31,1e-08,-3.464679499845587,-3.35942319659848,0.0110788893732469,0.10525630324710677,1.2056659674096159e-05,0.0034722701038508164,0.020681448194368568,1.0
CRLX_matched_ridge,1,571,2024-02-29,2024-01-31,1e-08,-3.3448968495093907,-3.4560366721997764,0.01235206018765037,0.11113982269038569,1.3758734456871444e-05,0.0037092768104943913,0.02664093852654789,1.0
CRLX_matched_ridge,1,571,2024-03-31,2024-02-29,1e-08,-3.578980917498339,-3.4367520548418398,0.02022904937256136,0.14222886265649937,1.8189189530603697e-05,0.004264878606783984,0.036879888516098136,1.0
CRLX_matched_ridge,1,571,2024-04-30,2024-03-31,1e-08,-3.229795427472849,-3.411456672477188,0.03300080793652652,0.1816612450043391,4.3197582565867345e-05,0.006572486787043953,0.07477706719821592,1.0
CRLX_matched_ridge,1,571,2024-05-31,2024-04-30,1e-08,-3.5511189897853304,-3.159372610145148,0.15346522596118986,0.39174637964018233,0.0001893335231756575,0.013759851858783128,0.24030046161453555,0.0
CRLX_matched_ridge,1,571,2024-06-30,2024-05-31,1e-08,-3.974283728374348,-3.4235001647274084,0.3033625339836226,0.5507835636469398,0.0001905884833442702,0.013805378783078363,0.4339169681649593,0.0
CRLX_matched_ridge,1,571,2024-07-31,2024-06-30,100.0,-3.1722014727576715,-3.6189852592405973,0.19961575186402064,0.4467837864829258,0.00022805113658975364,0.015101362077301294,0.5502650961311413,1.0
CRLX_matched_ridge,1,571,2024-08-31,2024-07-31,1e-08,-2.872824298145019,-3.350332376609557,0.22801396499889562,0.47750807846453824,0.00046080302348591,0.021466323008049376,0.6436964128659353,0.0
CRLX_matched_ridge,1,571,2024-09-30,2024-08-31,1e-08,-3.260469768692696,-3.1659055391677473,0.008942393505647137,0.09456422952494847,1.448231715029157e-05,0.0038055639726972887,0.016808635906124303,1.0
CRLX_matched_ridge,1,571,2024-10-31,2024-09-30,1e-08,-3.4205129328690873,-3.2494315702014527,0.029268832652214728,0.17108136266763463,3.721725390950219e-05,0.006100594553771148,0.05239534779901217,0.0
CRLX_matched_ridge,1,571,2024-11-30,2024-10-31,1e-08,-3.343202830242378,-3.4847425906133083,0.02003350376586031,0.14153976037093008,2.1734157437242427e-05,0.0046619907161257225,0.04413117765840924,0.0
CRLX_matched_ridge,1,571,2024-12-31,2024-11-30,100.0,-3.197711188525805,-3.4322395107248553,0.05500353391350149,0.23452832219905018,7.295067622030075e-05,0.008541116801701096,0.1294288970435149,0.0
CRLX_matched_ridge,1,571,2025-01-31,2024-12-31,100.0,-3.243856524094862,-3.2109383719941977,0.001083604737722454,0.032918152100664066,1.7046228533703147e-06,0.0013056120608244681,0.002120421725551519,1.0
CRLX_matched_ridge,1,571,2025-02-28,2025-01-31,100.0,-3.336086010210643,-3.3113916403202346,0.0006098119042843038,0.024694369890408296,7.911432109107147e-07,0.000889462315621474,0.0011997907324906992,1.0
CRLX_matched_ridge,1,571,2025-03-31,2025-02-28,100.0,-2.8188957116043185,-3.26369926388198,0.19785020011882648,0.44480355227766166,0.0004590370385000742,0.021425149672757812,0.5445659833143726,1.0
CRLX_matched_ridge,1,571,2025-04-30,2025-03-31,100.0,-1.9836117337402832,-3.061365363526825,1.1615528865180662,1.0777536297865418,0.008235153636322904,0.09074774727960416,5.476760609503202,0.0
CRLX_matched_ridge,1,571,2025-05-31,2025-04-30,1.0,-3.0297758721398087,-2.717864039552217,0.09728899130814976,0.3119118325875916,0.0003129057607659547,0.01768914245422753,0.1597151108358239,1.0
CRLX_matched_ridge,1,571,2025-06-30,2025-05-31,100.0,-3.53015126294113,-3.0315205773687977,0.24863256059433397,0.49863068557233214,0.00035878962158913095,0.018941742833993153,0.36614967839331003,1.0
CRLX_matched_ridge,1,571,2025-07-31,2025-06-30,1.0,-3.950725844114382,-3.164755871520116,0.6177487978198315,0.7859699725942662,0.0005282512844646339,0.022983717812065,0.7795819225193187,0.0
CRLX_matched_ridge,1,571,2025-08-31,2025-07-31,1e-08,-3.3885322185760227,-3.6369074069830876,0.06169023421624496,0.24837518840706485,5.5123686504563456e-05,0.007424532746547991,0.14662186688594003,1.0
CRLX_matched_ridge,1,571,2025-09-30,2025-08-31,1e-08,-3.84430960652608,-3.336710041570549,0.2576573183430445,0.5075995649555312,0.00020029507174702837,0.014152564140360868,0.3775294017645757,0.0
CRLX_matched_ridge,1,571,2025-10-31,2025-09-30,1e-08,-3.200563742469265,-3.456762092071311,0.06563759433881214,0.2561983496020459,8.477874573333986e-05,0.00920753744132164,0.1568904845020409,1.0
CRLX_matched_ridge,1,571,2025-11-30,2025-10-31,1e-08,-3.187697796475165,-3.3072378215864964,0.014289817603617751,0.11954002511133144,2.1618675880694042e-05,0.0046495887861932525,0.031000152494948308,0.0
CRLX_matched_ridge,1,571,2025-12-31,2025-11-30,1e-08,-3.6690396499504754,-3.351915440007515,0.10056776453194691,0.31712420994296053,9.055936458871994e-05,0.009516268417227414,0.16458234688879442,1.0
CRLX_matched_ridge,1,571,2026-01-31,2025-12-31,1e-08,-3.5432590006801346,-3.3538796302220932,0.03586454595508405,0.18937937045804132,3.635579804005577e-05,0.0060295769370707734,0.06346952635368697,1.0
CRLX_matched_ridge,1,571,2026-02-28,2026-01-31,1e-08,-3.319270460859548,-3.6397330181120893,0.10269625060083842,0.32046255725254147,9.840367164596371e-05,0.009919862481202232,0.2573110385593479,0.0
CRLX_matched_ridge,1,571,2026-03-31,2026-02-28,1e-08,-2.9305194230637723,-3.5055899045139025,0.3307060586352845,0.5750704814501302,0.0005447675431527782,0.023340255850199634,1.0084971662006113,0.0
CRLX_matched_ridge,1,571,2026-04-30,2026-03-31,1e-08,-3.2372756219261025,-3.0960593492432755,0.019942035670430548,0.141216272682827,3.547796207698506e-05,0.005956337975382614,0.036380042862494494,1.0
CRLX_matched_ridge,1,571,2026-05-31,2026-04-30,100.0,-3.511913129771558,-3.386035202101212,0.015845252674580833,0.1258779276703459,1.6022550723861215e-05,0.004002817847949269,0.029190376727761952,1.0
CRLX_matched_ridge,1,571,2026-06-30,2026-05-31,1e-08,-3.0167824583115244,-3.400166685727304,0.14698346583119412,0.3833842274157795,0.00024307253390632363,0.015590783620662678,0.38602968170772023,1.0
CRLX_matched_ridge,1,571,2026-07-31,2026-06-30,1e-08,-3.371790235714744,-3.178638111451898,0.03730774310724999,0.19315212426284623,5.3497548986583894e-05,0.007314201869417052,0.06586798648479092,1.0
CRLX_matched_ridge,1,571,2026-08-31,2026-07-31,1e-08,-3.5077496504538077,-3.2511079670801006,0.06586495364489012,0.2566416833737071,7.686033064111454e-05,0.008767002374877889,0.11181053162504084,0.0
CRLX_matched_ridge,1,120,2020-01-31,2019-12-31,0.0001,-3.3942209625474167,-3.5565541820037394,0.026352074139054635,0.16233321945632273,2.529793180137258e-05,0.005029704941780639,0.05890262528804058,1.0
CRLX_matched_ridge,1,120,2020-02-29,2020-01-31,0.0001,-2.656216692100947,-3.4445007648453867,0.6213917793425613,0.7882840727444398,0.001466328165041403,0.03829266463751776,2.261754720994425,0.0
CRLX_matched_ridge,1,120,2020-03-31,2020-02-29,1e-06,-1.2968785055181968,-2.8492367621893506,2.4098161570551038,1.5523582566711538,0.046438242398891064,0.21549534194244446,18.198178992362468,0.0
CRLX_matched_ridge,1,120,2020-04-30,2020-03-31,1e-06,-2.134827132729708,-1.743084661580454,0.15346216370212418,0.3917424711492541,0.003216566385006466,0.05671478100994895,0.2402962155041568,1.0
CRLX_matched_ridge,1,120,2020-05-31,2020-04-30,0.0001,-2.753012874659256,-3.513364499059419,0.5781345927279661,0.7603516244001627,0.0011518590545685262,0.03393904911114226,2.0547384891074914,1.0
CRLX_matched_ridge,1,120,2020-06-30,2020-05-31,1e-08,-2.451931103357683,-3.25938134144878,0.651975886993369,0.8074502380910968,0.0022767165285476547,0.04771495078639037,2.4124870775846743,0.0
CRLX_matched_ridge,1,120,2020-07-31,2020-06-30,0.0001,-3.218790749890995,-2.918000122171291,0.0904750017240135,0.3007906277197039,0.00019707254358849956,0.014038252868092224,0.14952576590288802,1.0
CRLX_matched_ridge,1,120,2020-08-31,2020-07-31,0.0001,-3.605902901033218,-3.3237204433700804,0.07962693941280853,0.28218245766313776,7.842286935359632e-05,0.008855668769415233,0.13308613354551724,1.0
CRLX_matched_ridge,1,120,2020-09-30,2020-08-31,0.0001,-2.6518079305455564,-3.3674302173846757,0.5121152574208507,0.7156222868391193,0.0012992759858545414,0.036045471086594796,1.7526585549381424,1.0
CRLX_matched_ridge,1,120,2020-10-31,2020-09-30,1e-08,-2.7990558904711156,-3.0695132461729164,0.07314718125321043,0.27045735570180085,0.000208044421620997,0.014423745062257479,0.17666251993454862,1.0
CRLX_matched_ridge,1,120,2020-11-30,2020-10-31,1e-08,-3.0039008865838612,-2.69920334092618,0.09284059432981476,0.30469754565768126,0.00031208193759780774,0.017665840981900854,0.1530747374794038,0.0
CRLX_matched_ridge,1,120,2020-12-31,2020-11-30,1e-08,-3.651528771176814,-3.066082400363853,0.3427474530980669,0.5854463708129609,0.0004265028901737447,0.02065194640158028,0.48098272904613626,1.0
CRLX_matched_ridge,1,120,2021-01-31,2020-12-31,0.0001,-3.0833520658531506,-3.5329795949307554,0.2021649149044324,0.44962752907760484,0.00027515268933158836,0.01658772706948087,0.5585164740172777,1.0
CRLX_matched_ridge,1,120,2021-02-28,2021-01-31,0.01,-3.2488415694882113,-3.2396337134474207,8.47846128679251e-05,0.009207856040790663,1.2894695725469603e-07,0.0003590918507216448,0.00016853308774657585,1.0
CRLX_matched_ridge,1,120,2021-03-31,2021-02-28,0.01,-3.0053155591944845,-3.3985057038564728,0.1545984898593153,0.3931901446619883,0.00025920831265255795,0.016099947597820248,0.40905489674991835,0.0
CRLX_matched_ridge,1,120,2021-04-30,2021-03-31,0.01,-3.42852988588876,-3.4437571244337004,0.00023186879370452377,0.015227238544940569,2.402450053697704e-07,0.0004901479423294261,0.0004684812775012266,1.0
CRLX_matched_ridge,1,120,2021-05-31,2021-04-30,0.01,-3.25075444008131,-3.4154917471793764,0.02713838034992258,0.16473730709806622,3.462995597823484e-05,0.005884722251579495,0.06076291130034006,1.0
CRLX_matched_ridge,1,120,2021-06-30,2021-05-31,0.01,-3.7043212595884913,-3.290783225337401,0.171013705772256,0.41353803425109037,0.00015895567434632605,0.012607762463907941,0.26440219885915517,1.0
CRLX_matched_ridge,1,120,2021-07-31,2021-06-30,0.01,-3.3961998858730538,-3.685489334116858,0.0836883848652048,0.2892894482438044,7.081957394531548e-05,0.008415436646147096,0.2049231914049845,1.0
CRLX_matched_ridge,1,120,2021-08-31,2021-07-31,0.01,-3.708249345225621,-3.4028514395462337,0.09326788079335586,0.3053979056793872,7.669960641804484e-05,0.00875783114806656,0.15371444765055547,1.0
CRLX_matched_ridge,1,120,2021-09-30,2021-08-31,0.01,-3.2831324409451104,-3.495969559901114,0.04529963920549205,0.21283711895600366,5.1713863167986974e-05,0.007191235162890098,0.10494783735372892,1.0
CRLX_matched_ridge,1,120,2021-10-31,2021-09-30,0.01,-3.386780947876349,-3.360325120093502,0.000699910823675662,0.026455827782847052,8.219343032042996e-07,0.0009066059249774952,0.00137545584474031,1.0
CRLX_matched_ridge,1,120,2021-11-30,2021-10-31,0.01,-3.3064112261583376,-3.685313595631233,0.14356700559217458,0.37890236947289546,0.0001335908749459715,0.011558151882804252,0.37578255563231844,0.0
CRLX_matched_ridge,1,120,2021-12-31,2021-11-30,0.01,-2.9961728370061524,-3.4338166552514684,0.19153211164833914,0.43764381824531595,0.000313800325389334,0.017714410105598606,0.5242777607921763,0.0
CRLX_matched_ridge,1,120,2022-01-31,2021-12-31,0.01,-2.941546598012492,-3.520973618340012,0.3357356718856283,0.57942702032752,0.0005388619052843383,0.0232133992617268,1.0274257953603079,0.0
CRLX_matched_ridge,1,120,2022-02-28,2022-01-31,0.01,-2.799886911249737,-3.084845161016697,0.08120120411024918,0.28495824976696005,0.00022740111321426233,0.015079824707676888,0.19820290694116383,0.0
CRLX_matched_ridge,1,120,2022-03-31,2022-02-28,0.01,-2.6765886403079335,-3.087347997303011,0.1687232493590096,0.4107593569950776,0.0005370649251668237,0.023174661274047215,0.4524319831812804,0.0
CRLX_matched_ridge,1,120,2022-04-30,2022-03-31,1.0,-2.6479040482811675,-3.2653490128613316,0.3812382842854001,0.6174449645801641,0.0010637932601351946,0.03261584369804336,1.2031101471621404,0.0
CRLX_matched_ridge,1,120,2022-05-31,2022-04-30,100.0,-2.4244039455209907,-2.9464489999140966,0.27253103881630086,0.5220450543931059,0.001296358434338197,0.03600497791053616,0.7967224082023723,0.0
CRLX_matched_ridge,1,120,2022-06-30,2022-05-31,1.0,-2.4599056517814564,-2.892762794192797,0.18736530573651175,0.43285714241134077,0.0009012083911431665,0.030020133096693068,0.5109888379670868,1.0
CRLX_matched_ridge,1,120,2022-07-31,2022-06-30,1.0,-2.8821019465281603,-2.520785520241101,0.13054955990485204,0.3613164262870594,0.000594361699152991,0.024379534432654594,0.20810524718647372,1.0
CRLX_matched_ridge,1,120,2022-08-31,2022-07-31,100.0,-2.844606483048602,-3.145961400921631,0.09081478652625981,0.3013549178730286,0.00022896558178499125,0.015131608697854675,0.22435330345072235,0.0
CRLX_matched_ridge,1,120,2022-09-30,2022-08-31,100.0,-2.6463004734576345,-2.986492092292041,0.11573033752517398,0.3401916188344063,0.00041815845195993716,0.020448923002445316,0.29425110383358255,0.0
CRLX_matched_ridge,1,120,2022-10-31,2022-09-30,100.0,-2.523493614612676,-2.8297800150431653,0.09381135908866602,0.30628640043048927,0.00044745640226697076,0.02115316530136733,0.23259975782289077,0.0
CRLX_matched_ridge,1,120,2022-11-30,2022-10-31,100.0,-2.5435772319280385,-3.011267860779336,0.21873452431532203,0.4676906288512974,0.0008617487280487022,0.029355557021604993,0.6128035299390668,1.0
CRLX_matched_ridge,1,120,2022-12-31,2022-11-30,100.0,-2.95330714551955,-2.9876405861801305,0.001178785147593612,0.03433344066058064,3.099962921511881e-06,0.0017606711565513536,0.002412471853728629,1.0
CRLX_matched_ridge,1,120,2023-01-31,2022-12-31,100.0,-3.0445998097233513,-2.874370773552534,0.028977924755645465,0.17022903617081742,7.807994710752481e-05,0.008836285820836988,0.05190242746986912,0.0
CRLX_matched_ridge,1,120,2023-02-28,2023-01-31,100.0,-3.1746943824188296,-3.095548246368012,0.006264110851774504,0.07914613605081744,1.1856441274398433e-05,0.0034433183521711194,0.011892534065504501,1.0
CRLX_matched_ridge,1,120,2023-03-31,2023-02-28,100.0,-2.924024732160048,-3.0591193900541604,0.018250566591527313,0.13509465789411257,4.6077646079290625e-05,0.006788051714541561,0.040023155373910435,1.0
CRLX_matched_ridge,1,120,2023-04-30,2023-03-31,100.0,-3.4424462204163033,-3.138711858906782,0.09225456236159663,0.3037343615095214,0.00012887345015862568,0.011352244278495141,0.15219670583386385,1.0
CRLX_matched_ridge,1,120,2023-05-31,2023-04-30,100.0,-3.2992440662773723,-3.2206497985736284,0.00617705891588776,0.07859426770374389,9.108594306899632e-06,0.003018044782122961,0.011731467436691845,1.0
CRLX_matched_ridge,1,120,2023-06-30,2023-05-31,100.0,-3.4043319921867217,-3.2451033501250617,0.025353760452800234,0.15922864206166,3.289627285237501e-05,0.005735527251471743,0.04572742739715746,0.0
CRLX_matched_ridge,1,120,2023-07-31,2023-06-30,100.0,-3.766103134731879,-3.423280633527784,0.11752726733183178,0.3428225012040951,8.955260737140764e-05,0.009463223941734003,0.18941019740630577,1.0
CRLX_matched_ridge,1,120,2023-08-31,2023-07-31,100.0,-3.3080680545326713,-3.480986185966751,0.029900680178653678,0.17291813143407975,3.37531372935678e-05,0.005809745028275148,0.06733494540458856,1.0
CRLX_matched_ridge,1,120,2023-09-30,2023-08-31,100.0,-3.4377168665741427,-3.3509776366964052,0.007523693999782975,0.08673922987773741,8.480292580558758e-06,0.0029120941915670856,0.014213720365408855,1.0
CRLX_matched_ridge,1,120,2023-10-31,2023-09-30,100.0,-3.193062653385387,-3.1875638447915127,3.023689595206591e-05,0.005498808593874305,5.122328426661827e-08,0.0002263256155776855,6.02527108747794e-05,1.0
CRLX_matched_ridge,1,120,2023-11-30,2023-10-31,100.0,-3.314231456188941,-3.1715043400923344,0.020371029669254283,0.14272711609660682,3.111937319940417e-05,0.0055784740923844195,0.03712697499716311,0.0
CRLX_matched_ridge,1,120,2023-12-31,2023-11-30,100.0,-3.5682415676821626,-3.4128411690024336,0.024149283909818717,0.155400398679729,2.248704365234303e-05,0.004742050574629401,0.043660646306253936,1.0
CRLX_matched_ridge,1,120,2024-01-31,2023-12-31,1.0,-3.464679499845587,-3.5751306107229346,0.012199447894040134,0.1104511108773476,1.070116251542866e-05,0.0032712631376012324,0.02629925367537822,0.0
CRLX_matched_ridge,1,120,2024-02-29,2024-01-31,0.01,-3.3448968495093907,-3.5846803634504996,0.057496133557945944,0.23978351394110886,5.652510184615874e-05,0.007518317753737118,0.13580781061098135,0.0
CRLX_matched_ridge,1,120,2024-03-31,2024-02-29,1.0,-3.578980917498339,-3.5357087271789305,0.001872482455039124,0.043272190319408654,1.5227025334245675e-06,0.001233978335881375,0.0036392272651864094,1.0
CRLX_matched_ridge,1,120,2024-04-30,2024-03-31,0.01,-3.229795427472849,-3.5072201282229862,0.07696446458630327,0.27742470075013737,9.188089663880018e-05,0.009585452343984616,0.18682926932742294,1.0
CRLX_matched_ridge,1,120,2024-05-31,2024-04-30,0.0001,-3.5511189897853304,-3.1011935948874743,0.20243286097399177,0.4499253948978561,0.0002657861435026838,0.01630294892044638,0.30648111840439296,0.0
CRLX_matched_ridge,1,120,2024-06-30,2024-05-31,100.0,-3.974283728374348,-3.499238693277731,0.2256677853699464,0.47504503509661733,0.0001305905960584901,0.011427624252594679,0.3367962613777198,0.0
CRLX_matched_ridge,1,120,2024-07-31,2024-06-30,100.0,-3.1722014727576715,-3.5829039906357067,0.16867655819135785,0.41070251787803524,0.00019927175861515138,0.014116364922144489,0.45228717740799596,1.0
CRLX_matched_ridge,1,120,2024-08-31,2024-07-31,0.01,-2.872824298145019,-3.4109399842564523,0.28956849163917864,0.5381156861114333,0.000553607303143753,0.023528861067713264,0.8573716624350256,0.0
CRLX_matched_ridge,1,120,2024-09-30,2024-08-31,0.01,-3.260469768692696,-3.2115077291279874,0.0023972813183360656,0.04896203956470835,3.7073334140015343e-06,0.001925443692763186,0.004641819070442574,1.0
CRLX_matched_ridge,1,120,2024-10-31,2024-09-30,0.01,-3.4205129328690873,-3.2921970215105416,0.01646497310777416,0.1283159113585457,2.0038441425507702e-05,0.0044764317738024,0.030284825513381297,1.0
CRLX_matched_ridge,1,120,2024-11-30,2024-10-31,100.0,-3.343202830242378,-3.214985835954569,0.016439597624200067,0.12821699428780908,2.335075471740033e-05,0.004832261863496258,0.030240061490262926,1.0
CRLX_matched_ridge,1,120,2024-12-31,2024-11-30,100.0,-3.197711188525805,-3.390669468882117,0.037232897958065066,0.1929582803563119,5.1401590991236375e-05,0.007169490288105311,0.08504536896630416,0.0
CRLX_matched_ridge,1,120,2025-01-31,2024-12-31,100.0,-3.243856524094862,-3.155170155110219,0.007865272043680227,0.08868636898464288,1.30899023660011e-05,0.0036179970102255612,0.014840308347335796,0.0
CRLX_matched_ridge,1,120,2025-02-28,2025-01-31,100.0,-3.336086010210643,-3.301733409008194,0.0011801012093744917,0.034352601202448874,1.5459435037829899e-06,0.0012433597644217823,0.0023070655034849313,1.0
CRLX_matched_ridge,1,120,2025-03-31,2025-02-28,100.0,-2.8188957116043185,-3.221694501914639,0.16224686547545755,0.4027987903103205,0.0003914220698158196,0.01978438954872805,0.4324359241259246,1.0
CRLX_matched_ridge,1,120,2025-04-30,2025-03-31,100.0,-1.9836117337402832,-3.077377633457715,1.196323843384683,1.0937658997174318,0.008370700172365936,0.09149153060456436,5.725654611548098,0.0
CRLX_matched_ridge,1,120,2025-05-31,2025-04-30,1.0,-3.0297758721398087,-2.7204939686251284,0.09565529584166403,0.3092819035146803,0.000306801644487798,0.017515754179817607,0.15728139170521044,1.0
CRLX_matched_ridge,1,120,2025-06-30,2025-05-31,1.0,-3.53015126294113,-3.1962468774444983,0.11149213865388309,0.3339043854966315,0.00013490807440604468,0.011614993517262275,0.1806398488366509,1.0
CRLX_matched_ridge,1,120,2025-07-31,2025-06-30,1.0,-3.950725844114382,-3.1062715439761845,0.7131030650218932,0.8444543001381977,0.000651618922197666,0.02552682749966525,0.8736296187623863,0.0
CRLX_matched_ridge,1,120,2025-08-31,2025-07-31,100.0,-3.3885322185760227,-3.505612619608546,0.013707820305936475,0.11708040103252326,1.3911545737069706e-05,0.003729818458996323,0.02968690312465866,1.0
CRLX_matched_ridge,1,120,2025-09-30,2025-08-31,100.0,-3.84430960652608,-3.436563973789027,0.1662565010161399,0.4077456327370532,0.00011607645222471833,0.010773878235097997,0.25791319282137604,1.0
CRLX_matched_ridge,1,120,2025-10-31,2025-09-30,100.0,-3.200563742469265,-3.553260745448744,0.12439517591070656,0.3526970029794789,0.00014660614885482376,0.012108102611673877,0.31925024372958366,1.0
CRLX_matched_ridge,1,120,2025-11-30,2025-10-31,100.0,-3.187697796475165,-3.3128851479820103,0.015671872977298454,0.12518735150684535,2.3578746375476618e-05,0.0048557951331863886,0.0341319320186908,0.0
CRLX_matched_ridge,1,120,2025-12-31,2025-11-30,100.0,-3.6690396499504754,-3.26388189751357,0.16415280435972457,0.4051577524369052,0.0001622749624983779,0.01273871902894392,0.25503323834770153,1.0
CRLX_matched_ridge,1,120,2026-01-31,2025-12-31,100.0,-3.5432590006801346,-3.2884407370409177,0.06493234748410545,0.2548182636392169,7.044340103961363e-05,0.008393056716096563,0.11035040952428726,1.0
CRLX_matched_ridge,1,120,2026-02-28,2026-01-31,100.0,-3.319270460859548,-3.292675093337393,0.0007073135736384894,0.026595367522154856,9.508371070128945e-07,0.000975108766760352,0.0013898754727725837,1.0
CRLX_matched_ridge,1,120,2026-03-31,2026-02-28,100.0,-2.9305194230637723,-3.2919699238597033,0.1306464645256293,0.361450500795931,0.00026207644598721225,0.01618877530844172,0.33750077629215003,1.0
CRLX_matched_ridge,1,120,2026-04-30,2026-03-31,100.0,-3.2372756219261025,-3.118889380098226,0.014015302254128453,0.11838624182787649,2.4359156925951544e-05,0.004935499663251082,0.025943300508952966,1.0
CRLX_matched_ridge,1,120,2026-05-31,2026-04-30,100.0,-3.511913129771558,-3.427359946686641,0.007149240769791437,0.08455318308491666,6.931554496542318e-06,0.002632784551865632,0.013525447155541354,1.0
CRLX_matched_ridge,1,120,2026-06-30,2026-05-31,100.0,-3.0167824583115244,-3.464856247794108,0.20077012082128273,0.4480737894825837,0.0003126174032719144,0.017680989883824785,0.553998333680563,1.0
CRLX_matched_ridge,1,120,2026-07-31,2026-06-30,100.0,-3.371790235714744,-3.2803158366951375,0.00836756567599819,0.09147439901960652,1.0812571209734636e-05,0.0032882474374253887,0.01575959423038678,1.0
CRLX_matched_ridge,1,120,2026-08-31,2026-07-31,100.0,-3.5077496504538077,-3.2948772553323895,0.04531465660472919,0.2128723951214182,5.052830605226633e-05,0.00710832652965987,0.07902783529778706,0.0
CRLX_matched_ridge,2,571,2020-01-31,2019-12-31,1e-08,-3.3942209625474167,-3.555595817209851,0.02604184371732186,0.1613748546624345,2.5023435361167826e-05,0.0050023429871579005,0.058169967004913836,1.0
CRLX_matched_ridge,2,571,2020-02-29,2020-01-31,1e-08,-2.656216692100947,-3.546518776011185,0.7926378006149125,0.890302083910238,0.0017130118905379246,0.041388547818665064,3.152835961671218,0.0
CRLX_matched_ridge,2,571,2020-03-31,2020-02-29,1e-08,-1.2968785055181968,-2.9095179744881348,2.600606056879643,1.612639468969938,0.047909257146644686,0.2188818337520149,20.93531248267922,0.0
CRLX_matched_ridge,2,571,2020-04-30,2020-03-31,1e-08,-2.134827132729708,-2.2499685516074677,0.013257546341183679,0.11514141887775953,0.00016544373936908514,0.01286249351288797,0.02867320212284591,1.0
CRLX_matched_ridge,2,571,2020-05-31,2020-04-30,1e-08,-2.753012874659256,-2.802427588506018,0.0024418139445573496,0.04941471384676177,9.442865465563292e-06,0.0030729245785673445,0.005048564790582272,1.0
CRLX_matched_ridge,2,571,2020-06-30,2020-05-31,1e-08,-2.451931103357683,-2.872328970245986,0.17673436648423554,0.4203978668883033,0.0008737980543764683,0.02956007534456684,0.4774151879942836,0.0
CRLX_matched_ridge,2,571,2020-07-31,2020-06-30,1e-08,-3.218790749890995,-2.9076188997002963,0.09682792035110258,0.3111718501906986,0.00021322405365505095,0.01460219345355522,0.1590288336849236,1.0
CRLX_matched_ridge,2,571,2020-08-31,2020-07-31,0.01,-3.605902901033218,-3.0742227916122733,0.28268373875386793,0.5316801094209449,0.00036338397623188716,0.019062632982667613,0.408653815569769,0.0
CRLX_matched_ridge,2,571,2020-09-30,2020-08-31,0.01,-2.6518079305455564,-3.2944794274349185,0.41302665291401336,0.6426714968893621,0.0011179827667454833,0.03343624929242937,1.3305649847078365,1.0
CRLX_matched_ridge,2,571,2020-10-31,2020-09-30,0.01,-2.7990558904711156,-2.970530614190623,0.02940358087468137,0.17147472371950734,9.19950653395417e-05,0.009591405806217444,0.06614807919823856,1.0
CRLX_matched_ridge,2,571,2020-11-30,2020-10-31,0.01,-3.0039008865838612,-2.739200828528739,0.07006612073438519,0.2647000580551224,0.00022586294561267273,0.015028737325958982,0.11835828635641321,0.0
CRLX_matched_ridge,2,571,2020-12-31,2020-11-30,0.01,-3.651528771176814,-3.1379633074916415,0.263749485490166,0.5135654636851723,0.0003034430507474419,0.017419616836987027,0.3851636376101818,1.0
CRLX_matched_ridge,2,571,2021-01-31,2020-12-31,0.01,-3.0833520658531506,-3.4017293653791416,0.1013641048534626,0.31837729952599103,0.00015599637436169877,0.012489850854261582,0.25358141607684914,1.0
CRLX_matched_ridge,2,571,2021-02-28,2021-01-31,0.01,-3.2488415694882113,-3.095331714669196,0.02356527552655514,0.15350985481901525,4.1484490512331075e-05,0.0064408454811717905,0.04265581128111112,1.0
CRLX_matched_ridge,2,571,2021-03-31,2021-02-28,0.01,-3.0053155591944845,-3.205485756066275,0.040068107715691324,0.20017019687179038,8.071081309599756e-05,0.008983919695544788,0.0919921981283911,1.0
CRLX_matched_ridge,2,571,2021-04-30,2021-03-31,0.01,-3.42852988588876,-3.100015783325746,0.10792151558278237,0.32851410256301383,0.00015911055107097508,0.01261390308631611,0.17541780032972054,1.0
CRLX_matched_ridge,2,571,2021-05-31,2021-04-30,0.01,-3.25075444008131,-3.354517217356841,0.010766713947931397,0.10376277727553074,1.4582761329090468e-05,0.0038187381854600175,0.02310361006303721,1.0
CRLX_matched_ridge,2,571,2021-06-30,2021-05-31,0.01,-3.7043212595884913,-3.2024130510294437,0.2519118498189524,0.5019082085590476,0.0002575075275190928,0.01604704108298763,0.37029455257724864,0.0
CRLX_matched_ridge,2,571,2021-07-31,2021-06-30,0.01,-3.3961998858730538,-3.493302091498278,0.009428838337283366,0.09710220562522442,9.610073560006774e-06,0.0031000118644945174,0.02014007201175183,1.0
CRLX_matched_ridge,2,571,2021-08-31,2021-07-31,0.01,-3.708249345225621,-3.3972031574463015,0.0967497309320476,0.31104618777931936,8.0036782826794e-05,0.008946327896226139,0.1589124081092243,1.0
CRLX_matched_ridge,2,571,2021-09-30,2021-08-31,0.01,-3.2831324409451104,-3.5272063782080467,0.05957208685103179,0.24407393726293636,6.599410772846058e-05,0.008123675752297145,0.14114788897230957,1.0
CRLX_matched_ridge,2,571,2021-10-31,2021-09-30,0.01,-3.386780947876349,-3.235054734042984,0.023020843964207945,0.15172621383336482,3.0699233832055314e-05,0.005540688931175916,0.041717436952211584,0.0
CRLX_matched_ridge,2,571,2021-11-30,2021-10-31,0.01,-3.3064112261583376,-3.535635042132883,0.05254355780993227,0.22922381597454544,5.635822671771165e-05,0.007507211647323635,0.12316919490115652,0.0
CRLX_matched_ridge,2,571,2021-12-31,2021-11-30,0.01,-2.9961728370061524,-3.322456868131302,0.10646126896727744,0.32628403112514937,0.00019359546229991972,0.013913858641653641,0.26789831670795416,0.0
CRLX_matched_ridge,2,571,2022-01-31,2021-12-31,0.01,-2.941546598012492,-3.338237995669955,0.15736406497543115,0.39669139765746264,0.00029875660430066746,0.017284577064558666,0.41747989134413954,0.0
CRLX_matched_ridge,2,571,2022-02-28,2022-01-31,0.01,-2.799886911249737,-2.9224928034986912,0.015032204814162205,0.12260589224895435,4.924574551048337e-05,0.0070175312974352574,0.03268013774970113,1.0
CRLX_matched_ridge,2,571,2022-03-31,2022-02-28,0.01,-2.6765886403079335,-2.93089942908877,0.06467397729033121,0.25431078878083646,0.000238653502796086,0.015448414248591537,0.15437572397503363,0.0
CRLX_matched_ridge,2,571,2022-04-30,2022-03-31,1.0,-2.6479040482811675,-3.0220629787510926,0.13999490525039823,0.3741589304699251,0.0004883571217005626,0.022098803626001175,0.36512406069880665,0.0
CRLX_matched_ridge,2,571,2022-05-31,2022-04-30,1.0,-2.4244039455209907,-2.7379085873509745,0.09828516044894645,0.31350464182998383,0.0005676468782537007,0.023825341094173252,0.2449942836351814,0.0
CRLX_matched_ridge,2,571,2022-06-30,2022-05-31,1.0,-2.4599056517814564,-2.782021108531472,0.10375836747727125,0.32211545675001574,0.0005536498191946926,0.023529764537595622,0.2602908104240703,1.0
CRLX_matched_ridge,2,571,2022-07-31,2022-06-30,1.0,-2.8821019465281603,-2.588465460765995,0.08622238577075436,0.2936364857621654,0.00036551150441397105,0.019118355170201516,0.14311398560256777,1.0
CRLX_matched_ridge,2,571,2022-08-31,2022-07-31,100.0,-2.844606483048602,-2.9737462826983103,0.016677087853566752,0.12913979964970812,4.9641534381318995e-05,0.007045674870537172,0.036421166149397444,0.0
CRLX_matched_ridge,2,571,2022-09-30,2022-08-31,100.0,-2.6463004734576345,-2.8436949108154437,0.03896456389980604,0.19739443735780915,0.00016136332558438216,0.01270288650600257,0.08928195825091345,1.0
CRLX_matched_ridge,2,571,2022-10-31,2022-09-30,100.0,-2.523493614612676,-2.703396655401078,0.0323651040849134,0.1799030407884019,0.00017427633678319043,0.013201376321550357,0.07324541095151621,0.0
CRLX_matched_ridge,2,571,2022-11-30,2022-10-31,100.0,-2.5435772319280385,-2.8889537791712425,0.11928495938563712,0.345376547243204,0.00052672050979884,0.022950392366991028,0.3044644604433615,1.0
CRLX_matched_ridge,2,571,2022-12-31,2022-11-30,100.0,-2.95330714551955,-2.8054843048916585,0.021851592211298985,0.14782284062789142,6.906570183718494e-05,0.008310577707788126,0.03969669379713375,1.0
CRLX_matched_ridge,2,571,2023-01-31,2022-12-31,100.0,-3.0445998097233513,-2.7763950088995175,0.07193381518495236,0.2682048008238338,0.00021454034695889016,0.014647195873575602,0.12125391297843391,0.0
CRLX_matched_ridge,2,571,2023-02-28,2023-01-31,100.0,-3.1746943824188296,-3.038553463240456,0.018534349874732445,0.13614091917837357,3.717652391204251e-05,0.006097255440937546,0.03392140994884707,0.0
CRLX_matched_ridge,2,571,2023-03-31,2023-02-28,100.0,-2.924024732160048,-3.052139953571867,0.016413509957399482,0.1281152214118193,4.172343545713833e-05,0.00645936803852655,0.03581999456332002,1.0
CRLX_matched_ridge,2,571,2023-04-30,2023-03-31,100.0,-3.4424462204163033,-3.082488148441737,0.12956981357964723,0.35995807197456653,0.00019206360569334487,0.013858701443257404,0.20670921874246928,1.0
CRLX_matched_ridge,2,571,2023-05-31,2023-04-30,100.0,-3.2992440662773723,-3.2395284989039714,0.003565948986727181,0.05971556737340089,5.158831401484917e-06,0.002271306100349514,0.006856253217105812,1.0
CRLX_matched_ridge,2,571,2023-06-30,2023-05-31,100.0,-3.4043319921867217,-3.2270619726272747,0.03142465983460672,0.177270019559447,4.1536488426949917e-05,0.006444880792299414,0.05603606886511947,0.0
CRLX_matched_ridge,2,571,2023-07-31,2023-06-30,100.0,-3.766103134731879,-3.370446995740187,0.15654378032181324,0.39565613899169216,0.00012616230399841312,0.011232199428358326,0.24456189333918643,0.0
CRLX_matched_ridge,2,571,2023-08-31,2023-07-31,100.0,-3.3080680545326713,-3.461557207677506,0.023558920133118482,0.15348915314483458,2.7101725509709205e-05,0.0052059317619144035,0.05233317295297152,1.0
CRLX_matched_ridge,2,571,2023-09-30,2023-08-31,100.0,-3.4377168665741427,-3.3119503396008527,0.015817219306923265,0.12576652697328994,1.8550656455656713e-05,0.00430704730130245,0.02914080812638306,1.0
CRLX_matched_ridge,2,571,2023-10-31,2023-09-30,100.0,-3.193062653385387,-3.28072787602348,0.0076851912601864445,0.08766522263809318,1.1868649231626417e-05,0.0034450905984641997,0.01630947806690833,1.0
CRLX_matched_ridge,2,571,2023-11-30,2023-10-31,100.0,-3.314231456188941,-3.2778395490432803,0.0013243709056984028,0.03639190714566087,1.81617419023587e-06,0.0013476550709420679,0.0025856324559403038,1.0
CRLX_matched_ridge,2,571,2023-12-31,2023-11-30,100.0,-3.5682415676821626,-3.4525846601200914,0.013376520266821495,0.11565690756207125,1.1959723004584037e-05,0.003458283245279952,0.024804232789930963,1.0
CRLX_matched_ridge,2,571,2024-01-31,2023-12-31,100.0,-3.464679499845587,-3.4272142745791956,0.0014036431042614525,0.0374652252663914,1.4262513197086736e-06,0.0011942576437723451,0.0027384631703832735,1.0
CRLX_matched_ridge,2,571,2024-02-29,2024-01-31,1e-06,-3.3448968495093907,-3.436629474029182,0.008414874401289027,0.09173262451979136,9.553724206740527e-06,0.0030909099318389283,0.017907966773625383,1.0
CRLX_matched_ridge,2,571,2024-03-31,2024-02-29,100.0,-3.578980917498339,-3.4286852524343354,0.022588786937031185,0.15029566506400371,2.0479508147961675e-05,0.004525429056781431,0.04097161217237577,1.0
CRLX_matched_ridge,2,571,2024-04-30,2024-03-31,100.0,-3.229795427472849,-3.466414236106222,0.05598846059907686,0.23661880863337315,6.950194614577346e-05,0.008336782721516344,0.13194513953651488,1.0
CRLX_matched_ridge,2,571,2024-05-31,2024-04-30,100.0,-3.5511189897853304,-3.25623239675201,0.08695810275079902,0.2948865930333202,9.684110883084214e-05,0.009840788018794133,0.14422621421260645,1.0
CRLX_matched_ridge,2,571,2024-06-30,2024-05-31,100.0,-3.974283728374348,-3.4752462840223846,0.2490383708653392,0.4990374443519636,0.00014790091385259835,0.012161451963174395,0.36666322087126124,0.0
CRLX_matched_ridge,2,571,2024-07-31,2024-06-30,100.0,-3.1722014727576715,-3.6331888657002462,0.2125093764519918,0.46098739294257474,0.00023961390797387703,0.01547946730265215,0.5922758113566466,1.0
CRLX_matched_ridge,2,571,2024-08-31,2024-07-31,100.0,-2.872824298145019,-3.3477296342052516,0.2255350782184825,0.47490533606023266,0.0004568871587920556,0.02137491891895863,0.6354094866080067,0.0
CRLX_matched_ridge,2,571,2024-09-30,2024-08-31,100.0,-3.260469768692696,-3.2007560093598384,0.0035657330536624124,0.059713759332857386,5.574464697780611e-06,0.0023610304313542024,0.006855846143007854,1.0
CRLX_matched_ridge,2,571,2024-10-31,2024-09-30,100.0,-3.4205129328690873,-3.2443901829810775,0.031019223028114457,0.1761227498880098,3.9648120334340485e-05,0.006296675339759902,0.05535298783159781,0.0
CRLX_matched_ridge,2,571,2024-11-30,2024-10-31,100.0,-3.343202830242378,-3.278599838349309,0.004173546561535976,0.06460299189306928,5.557045391220261e-06,0.0023573386246401387,0.007998913592235063,1.0
CRLX_matched_ridge,2,571,2024-12-31,2024-11-30,100.0,-3.197711188525805,-3.4155297744083577,0.04744493635587492,0.21781858588255254,6.394582897689254e-05,0.00799661359432182,0.11031060771026935,0.0
CRLX_matched_ridge,2,571,2025-01-31,2024-12-31,100.0,-3.243856524094862,-3.2031945542527813,0.0016533957914382626,0.04066196984208048,2.621307424141819e-06,0.0016190452199187702,0.003218944376485275,1.0
CRLX_matched_ridge,2,571,2025-02-28,2025-01-31,100.0,-3.336086010210643,-3.293737461430554,0.0017933995837795757,0.04234854878008898,2.3683518292435755e-06,0.0015389450377591707,0.0034876437145414246,1.0
CRLX_matched_ridge,2,571,2025-03-31,2025-02-28,100.0,-2.8188957116043185,-3.2841060918117804,0.2164206978527712,0.46521038020746186,0.000492739337649981,0.022197732714175585,0.6051550627215023,1.0
CRLX_matched_ridge,2,571,2025-04-30,2025-03-31,100.0,-1.9836117337402832,-3.051884413718259,1.1412065187873268,1.0682726799779758,0.008154397531751,0.09030170281756042,5.333580431421272,0.0
CRLX_matched_ridge,2,571,2025-05-31,2025-04-30,100.0,-3.0297758721398087,-2.6670450182428103,0.13157367236884562,0.36273085389699844,0.00044650643185624103,0.021130698801891078,0.20956271193582843,1.0
CRLX_matched_ridge,2,571,2025-06-30,2025-05-31,100.0,-3.53015126294113,-2.972876608929019,0.3105550400043177,0.5572746540121107,0.0004776611046132642,0.021855459377767932,0.44261240901735877,0.0
CRLX_matched_ridge,2,571,2025-07-31,2025-06-30,1.0,-3.950725844114382,-3.202914473574331,0.5592218459089896,0.7478113705400511,0.0004580818010561633,0.021402845629872755,0.7197317404658194,0.0
CRLX_matched_ridge,2,571,2025-08-31,2025-07-31,1.0,-3.3885322185760227,-3.547334691033038,0.025218225258461135,0.1588024724570154,2.457074246277886e-05,0.00495688838514434,0.05622846921581065,1.0
CRLX_matched_ridge,2,571,2025-09-30,2025-08-31,1.0,-3.84430960652608,-3.407900660989166,0.19045276774464098,0.4364089455369138,0.00013711159931022895,0.011709466226529242,0.29059054227370584,1.0
CRLX_matched_ridge,2,571,2025-10-31,2025-09-30,1.0,-3.200563742469265,-3.5604170716729024,0.12949441853894147,0.35985332920363744,0.00015159186720816543,0.012312264909762356,0.33412398990907244,1.0
CRLX_matched_ridge,2,571,2025-11-30,2025-10-31,1.0,-3.187697796475165,-3.3397262874477387,0.02311266206739794,0.15202849097257376,3.387365210661552e-05,0.005820107568302799,0.051289302211820265,0.0
CRLX_matched_ridge,2,571,2025-12-31,2025-11-30,1.0,-3.6690396499504754,-3.2533782861720426,0.17277436933814663,0.41566136377843277,0.00017272505513269334,0.013142490446361121,0.26679562076080066,1.0
CRLX_matched_ridge,2,571,2026-01-31,2025-12-31,1.0,-3.5432590006801346,-3.3924070788121914,0.02275630233125203,0.15085192186794316,2.2171935691407627e-05,0.004708708495055478,0.04126090065096233,1.0
CRLX_matched_ridge,2,571,2026-02-28,2026-01-31,1.0,-3.319270460859548,-3.516005841713646,0.03870481007980713,0.19673538085409836,4.174865442126115e-05,0.006461319866812133,0.08864518685178724,1.0
CRLX_matched_ridge,2,571,2026-03-31,2026-02-28,100.0,-2.9305194230637723,-3.365514695462385,0.18922088700914336,0.4349952723986128,0.0003543835583846228,0.018825077911780945,0.5168977401076222,0.0
CRLX_matched_ridge,2,571,2026-04-30,2026-03-31,100.0,-3.2372756219261025,-3.1338488061392145,0.010697106223814878,0.10342681578688806,1.8310880673894252e-05,0.004279121483890619,0.019992290677380925,1.0
CRLX_matched_ridge,2,571,2026-05-31,2026-04-30,100.0,-3.511913129771558,-3.3646773987585448,0.021678360486936322,0.14723573101301302,2.2405030390773038e-05,0.004733395228667583,0.03939666672039732,1.0
CRLX_matched_ridge,2,571,2026-06-30,2026-05-31,100.0,-3.0167824583115244,-3.4068458300257447,0.15214943395306604,0.39006337171422034,0.0002500480823733121,0.015812908725889495,0.4016220268659507,1.0
CRLX_matched_ridge,2,571,2026-07-31,2026-06-30,100.0,-3.371790235714744,-3.1654254093974448,0.042586441540969085,0.20636482631729924,6.190637569653568e-05,0.007868060478703483,0.07457083829926059,1.0
CRLX_matched_ridge,2,571,2026-08-31,2026-07-31,100.0,-3.5077496504538077,-3.272095000548962,0.055533114021775416,0.23565464990484575,6.340328916174791e-05,0.00796261823533867,0.0954937882178144,0.0
CRLX_matched_ridge,2,120,2020-01-31,2019-12-31,1e-08,-3.3942209625474167,-3.6157364115496873,0.049069094146677546,0.2215154490022706,4.448333901016e-05,0.006669583121167319,0.11438955677810603,1.0
CRLX_matched_ridge,2,120,2020-02-29,2020-01-31,1e-08,-2.656216692100947,-3.4612483607784483,0.6480759875736825,0.8050316686775014,0.001507210406978839,0.03882280781935844,2.3930647653442367,0.0
CRLX_matched_ridge,2,120,2020-03-31,2020-02-29,1e-08,-1.2968785055181968,-2.880286892034925,2.5071821184915084,1.583408386516728,0.04720415327593467,0.2172651681147594,19.565003449134178,0.0
CRLX_matched_ridge,2,120,2020-04-30,2020-03-31,1e-08,-2.134827132729708,-2.225149391159318,0.008158110367825206,0.09032225842960973,0.00010432083694407777,0.010213757239335472,0.01734472175393678,1.0
CRLX_matched_ridge,2,120,2020-05-31,2020-04-30,1e-08,-2.753012874659256,-3.4296567297505938,0.4578469066328671,0.6766438550913376,0.0009820379208609119,0.031337484277792815,1.5168407881061974,1.0
CRLX_matched_ridge,2,120,2020-06-30,2020-05-31,1e-08,-2.451931103357683,-2.9454998740231555,0.24361013137622584,0.49356877066547256,0.0011256919781961873,0.033551333478659046,0.6964043986030364,0.0
CRLX_matched_ridge,2,120,2020-07-31,2020-06-30,1e-08,-3.218790749890995,-3.4123240674360504,0.037455144999995305,0.19353331754505554,4.954616364156233e-05,0.0070389035823459276,0.08558798338683515,1.0
CRLX_matched_ridge,2,120,2020-08-31,2020-07-31,1e-08,-3.605902901033218,-3.4180074521688413,0.03530469970394568,0.18789544886437692,3.1525672382405654e-05,0.005614772691962307,0.06253681588980098,1.0
CRLX_matched_ridge,2,120,2020-09-30,2020-08-31,1e-08,-2.6518079305455564,-3.5858478812214445,0.8724306294586154,0.9340399506758881,0.0018327334110502301,0.042810435772720534,3.6077702815948447,1.0
CRLX_matched_ridge,2,120,2020-10-31,2020-09-30,1e-08,-2.7990558904711156,-3.1278809456300354,0.10812591690026664,0.3288250551589198,0.00029094006279558053,0.017056965228187004,0.27260101330234454,1.0
CRLX_matched_ridge,2,120,2020-11-30,2020-10-31,1e-08,-3.0039008865838612,-2.7685981747365336,0.055367366202706506,0.23530271184732765,0.00017309808520590903,0.01315667454966904,0.09522941531530599,0.0
CRLX_matched_ridge,2,120,2020-12-31,2020-11-30,1e-08,-3.651528771176814,-3.1930388396950495,0.21021301727015293,0.4584899314817643,0.00022787476891858444,0.015095521485479872,0.3167043054862967,1.0
CRLX_matched_ridge,2,120,2021-01-31,2020-12-31,1e-08,-3.0833520658531506,-3.5766888105644608,0.24338114368235242,0.49333674471131017,0.000318169383918677,0.017837303157110858,0.6956234366509362,1.0
CRLX_matched_ridge,2,120,2021-02-28,2021-01-31,1e-08,-3.2488415694882113,-3.324228470309245,0.005683184815400375,0.07538690082103372,7.946015420274324e-06,0.0028188677550169544,0.01195981825593781,1.0
CRLX_matched_ridge,2,120,2021-03-31,2021-02-28,1e-08,-3.0053155591944845,-3.361335743817002,0.1267503718586516,0.3560201846225177,0.0002200544352958827,0.014834231874144434,0.3261052193528189,0.0
CRLX_matched_ridge,2,120,2021-04-30,2021-03-31,1e-06,-3.42852988588876,-3.40632184613546,0.0004931970296841429,0.02220803975329977,5.30517738742437e-07,0.0007283664865590928,0.0009719508726609705,1.0
CRLX_matched_ridge,2,120,2021-05-31,2021-04-30,1e-06,-3.25075444008131,-3.322511556912928,0.005149083815986476,0.071757116831618,7.197524539432275e-06,0.002682820258502659,0.010809007275217913,1.0
CRLX_matched_ridge,2,120,2021-06-30,2021-05-31,1e-06,-3.7043212595884913,-3.1532203569931525,0.30371220484139716,0.5511009025953388,0.00032751695408901507,0.018097429488438822,0.43434077788751513,0.0
CRLX_matched_ridge,2,120,2021-07-31,2021-06-30,1e-06,-3.3961998858730538,-3.676932623969984,0.07881087023939962,0.2807327380969302,6.723789271502058e-05,0.0081998715060067,0.19177447378337176,1.0
CRLX_matched_ridge,2,120,2021-08-31,2021-07-31,1e-06,-3.708249345225621,-3.3536308751330464,0.12575425933079817,0.3546184700925745,0.00010892649532039103,0.010436785679527535,0.20125643474525867,0.0
CRLX_matched_ridge,2,120,2021-09-30,2021-08-31,0.0001,-3.2831324409451104,-3.505334764261338,0.04937387248712943,0.2222023233162278,5.585853080706673e-05,0.007473856488257366,0.11515678260669482,1.0
CRLX_matched_ridge,2,120,2021-10-31,2021-09-30,1e-06,-3.386780947876349,-3.4046637421501473,0.0003197943310389991,0.017882794273798464,3.5924884577239683e-07,0.000599373711279029,0.0006472824199439953,1.0
CRLX_matched_ridge,2,120,2021-11-30,2021-10-31,1e-06,-3.3064112261583376,-3.7399589933412423,0.1879636664292821,0.43354776718290466,0.00016621346846204847,0.012892380248117431,0.5128926767675617,0.0
CRLX_matched_ridge,2,120,2021-12-31,2021-11-30,100.0,-2.9961728370061524,-3.3398634478585696,0.11812323598810763,0.34369061085241714,0.00021130051836992848,0.014536179634619562,0.30112004305956885,0.0
CRLX_matched_ridge,2,120,2022-01-31,2021-12-31,100.0,-2.941546598012492,-3.3901670261834385,0.20126028857228317,0.4486204281709463,0.0003640839032086307,0.01908098276317629,0.5555852102086685,0.0
CRLX_matched_ridge,2,120,2022-02-28,2022-01-31,100.0,-2.799886911249737,-3.190580325209584,0.1526413437116004,0.390693413959847,0.00038686779677525623,0.01966895515209835,0.40311286299616667,0.0
CRLX_matched_ridge,2,120,2022-03-31,2022-02-28,100.0,-2.6765886403079335,-3.129680567475533,0.20529229446444908,0.4530919271675993,0.0006282884525546711,0.02506568276657692,0.5686762089494664,0.0
CRLX_matched_ridge,2,120,2022-04-30,2022-03-31,100.0,-2.6479040482811675,-3.1542560492778127,0.2563923489133065,0.5063520009966451,0.0007912584311204307,0.02812931622205614,0.7403311700991391,0.0
CRLX_matched_ridge,2,120,2022-05-31,2022-04-30,100.0,-2.4244039455209907,-2.9296355019179443,0.2552589255792881,0.5052315563969536,0.0012330188211409118,0.03511436773090058,0.7364097196547594,0.0
CRLX_matched_ridge,2,120,2022-06-30,2022-05-31,100.0,-2.4599056517814564,-2.9170731604741684,0.20900213100430096,0.45716750869271205,0.0009829001367271815,0.031351238200861886,0.5807804743014511,1.0
CRLX_matched_ridge,2,120,2022-07-31,2022-06-30,100.0,-2.8821019465281603,-2.7791073256966,0.010607891920236853,0.10299462083156019,3.69301453431899e-05,0.006077017800137655,0.019831073483536965,1.0
CRLX_matched_ridge,2,120,2022-08-31,2022-07-31,100.0,-2.844606483048602,-3.114699459977974,0.07295021618657006,0.2700929769293716,0.00018948352240173168,0.013765301391605332,0.1761400360943688,0.0
CRLX_matched_ridge,2,120,2022-09-30,2022-08-31,100.0,-2.6463004734576345,-2.9863081930126674,0.11560524935701386,0.34000771955503284,0.00041777895806588747,0.02043964182821919,0.29389276827120003,0.0
CRLX_matched_ridge,2,120,2022-10-31,2022-09-30,100.0,-2.523493614612676,-2.8376008248791678,0.09866333954139803,0.3141072102664917,0.00046712153927005865,0.021612994685375246,0.24604652724054565,0.0
CRLX_matched_ridge,2,120,2022-11-30,2022-10-31,100.0,-2.5435772319280385,-3.006506645358953,0.21430364181949038,0.4629294134309143,0.0008480097639666934,0.02912060720463592,0.5981762120109222,1.0
CRLX_matched_ridge,2,120,2022-12-31,2022-11-30,100.0,-2.95330714551955,-2.9300459251246034,0.0005410843742622747,0.02326122039494649,1.5072205299860387e-06,0.0012276891015179855,0.0010655804174726086,1.0
CRLX_matched_ridge,2,120,2023-01-31,2022-12-31,100.0,-3.0445998097233513,-2.9321578718547086,0.012643189391655719,0.11244193786864276,3.211007255625688e-05,0.00566657502873269,0.023492826987973447,0.0
CRLX_matched_ridge,2,120,2023-02-28,2023-01-31,100.0,-3.1746943824188296,-3.14420076214766,0.0009298608772422745,0.03049362027116942,1.6756771024009196e-06,0.0012944794716027441,0.0018224847892282306,1.0
CRLX_matched_ridge,2,120,2023-03-31,2023-02-28,100.0,-2.924024732160048,-3.134547547213418,0.044319855657995524,0.21052281505337023,0.00010399135216554225,0.010197615023403377,0.1025081666383072,1.0
CRLX_matched_ridge,2,120,2023-04-30,2023-03-31,100.0,-3.4424462204163033,-3.192875574707916,0.062285507199301475,0.2495706457083875,8.22160074445596e-05,0.009067304309692027,0.10619300789883485,1.0
CRLX_matched_ridge,2,120,2023-05-31,2023-04-30,100.0,-3.2992440662773723,-3.2867478819365563,0.0001561546230796552,0.012496184340816008,2.1542720003033998e-07,0.00046414135781067817,0.00030972363881046766,1.0
CRLX_matched_ridge,2,120,2023-06-30,2023-05-31,100.0,-3.4043319921867217,-3.3012643931373935,0.010622929973793072,0.10306759904932816,1.3014432439378708e-05,0.00360755213952324,0.01985825313453926,1.0
CRLX_matched_ridge,2,120,2023-07-31,2023-06-30,100.0,-3.766103134731879,-3.4507320886826287,0.09945889668619846,0.3153710460492505,7.362214756516264e-05,0.008580334933157484,0.1629388075512097,1.0
CRLX_matched_ridge,2,120,2023-08-31,2023-07-31,100.0,-3.3080680545326713,-3.5275712256117204,0.04818164211375832,0.21950317107904915,5.199292253792366e-05,0.007210611800528694,0.11215878293287951,1.0
CRLX_matched_ridge,2,120,2023-09-30,2023-08-31,100.0,-3.4377168665741427,-3.3929550637628623,0.0020036189909159495,0.04476180281128039,2.1645345609772543e-06,0.0014712357258363645,0.003890286297363016,1.0
CRLX_matched_ridge,2,120,2023-10-31,2023-09-30,100.0,-3.193062653385387,-3.273561790665311,0.0064801111028120455,0.08049913727992397,1.0078540603321805e-05,0.003174671731584512,0.013684667407161039,1.0
CRLX_matched_ridge,2,120,2023-11-30,2023-10-31,100.0,-3.314231456188941,-3.2463566405905695,0.004606990592512965,0.06787481559837172,6.521640321183575e-06,0.00255375024643828,0.008810823609941953,1.0
CRLX_matched_ridge,2,120,2023-12-31,2023-11-30,100.0,-3.5682415676821626,-3.441514807362077,0.01605967178122444,0.12672676032008567,1.4521761277362184e-05,0.0038107428773616024,0.029569338093335756,1.0
CRLX_matched_ridge,2,120,2024-01-31,2023-12-31,100.0,-3.464679499845587,-3.459787898060098,2.39277680278011e-05,0.004891601785489197,2.3531254159034478e-08,0.00015339900312268812,4.7699856851629585e-05,1.0
CRLX_matched_ridge,2,120,2024-02-29,2024-01-31,100.0,-3.3448968495093907,-3.4437454684295385,0.009771049462420611,0.09884861892014785,1.1016024946455088e-05,0.0033190397627107585,0.020896156156805873,1.0
CRLX_matched_ridge,2,120,2024-03-31,2024-02-29,100.0,-3.578980917498339,-3.4594955009817925,0.014276764760132638,0.11948541651654665,1.2542235930957894e-05,0.003541501931519718,0.026408682244532106,1.0
CRLX_matched_ridge,2,120,2024-04-30,2024-03-31,100.0,-3.229795427472849,-3.4935835613376796,0.06958417956788983,0.2637881338648307,8.415908270262939e-05,0.00917382595772502,0.16724326996853467,1.0
CRLX_matched_ridge,2,120,2024-05-31,2024-04-30,100.0,-3.5511189897853304,-3.2969684868301994,0.06459247815234603,0.254150502955131,6.89337281340155e-05,0.008302633807052765,0.10981769034242506,1.0
CRLX_matched_ridge,2,120,2024-06-30,2024-05-31,100.0,-3.974283728374348,-3.4790267331260476,0.24527949134237523,0.4952569952483006,0.0001450736434221484,0.012044652067293118,0.36189974370501743,0.0
CRLX_matched_ridge,2,120,2024-07-31,2024-06-30,100.0,-3.1722014727576715,-3.5978113302759054,0.18114375081669135,0.4256098575182339,0.000211052303454379,0.014527639293924494,0.49128258039452644,1.0
CRLX_matched_ridge,2,120,2024-08-31,2024-07-31,100.0,-2.872824298145019,-3.3964891981330574,0.2742249274794823,0.5236648999880384,0.0005312275907539556,0.02304837501330529,0.8027009964225367,0.0
CRLX_matched_ridge,2,120,2024-09-30,2024-08-31,100.0,-3.260469768692696,-3.2456999373428577,0.00021814791810266076,0.014769831349838114,3.259607932433846e-07,0.000570929762092838,0.0004320313647542609,1.0
CRLX_matched_ridge,2,120,2024-10-31,2024-09-30,100.0,-3.4205129328690873,-3.228745139201174,0.036774886688259324,0.1917677936679132,4.7768958627900355e-05,0.006911509142575184,0.0649834140404088,0.0
CRLX_matched_ridge,2,120,2024-11-30,2024-10-31,100.0,-3.343202830242378,-3.2438299524778476,0.009874968835204346,0.09937287776453063,1.3620125260386327e-05,0.0036905453879320232,0.018504041381225578,1.0
CRLX_matched_ridge,2,120,2024-12-31,2024-11-30,100.0,-3.197711188525805,-3.372644391837865,0.03060162562101847,0.17493320331205986,4.2991495475826263e-05,0.006556790028346665,0.06901157660733903,0.0
CRLX_matched_ridge,2,120,2025-01-31,2024-12-31,100.0,-3.243856524094862,-3.172501297669372,0.005091568338232942,0.07135522642548997,8.326203925956033e-06,0.002885516232142185,0.009715524252795565,0.0
CRLX_matched_ridge,2,120,2025-02-28,2025-01-31,100.0,-3.336086010210643,-3.293256745627341,0.0018343459047464629,0.04282926458330172,2.423598322044903e-06,0.0015567910335189186,0.0035661455565114686,1.0
CRLX_matched_ridge,2,120,2025-03-31,2025-02-28,100.0,-2.8188957116043185,-3.2519552673368217,0.18754057881123307,0.4330595557325032,0.00043988070790374086,0.02097333325687028,0.5115463588485796,1.0
CRLX_matched_ridge,2,120,2025-04-30,2025-03-31,100.0,-1.9836117337402832,-3.063078710218151,1.1652489533062693,1.0794669764778677,0.008249708119237278,0.09082790385799552,5.502964790270612,0.0
CRLX_matched_ridge,2,120,2025-05-31,2025-04-30,100.0,-3.0297758721398087,-2.67307300682856,0.12723693412125486,0.35670286531124873,0.00042903960299049243,0.020713271180344557,0.2033783684414282,1.0
CRLX_matched_ridge,2,120,2025-06-30,2025-05-31,100.0,-3.53015126294113,-3.0425075604557694,0.23779638057363067,0.4876437024853604,0.0003390977666642649,0.018414607426287016,0.35237136715340267,1.0
CRLX_matched_ridge,2,120,2025-07-31,2025-06-30,100.0,-3.950725844114382,-3.29404409071849,0.43123092524310336,0.6566817533958922,0.0003190783642363309,0.01786276474223212,0.5822775461356576,0.0
CRLX_matched_ridge,2,120,2025-08-31,2025-07-31,100.0,-3.3885322185760227,-3.519529918882691,0.017160397485635727,0.13099770030666846,1.717967892490589e-05,0.0041448376234667975,0.03752516480474255,1.0
CRLX_matched_ridge,2,120,2025-09-30,2025-08-31,100.0,-3.84430960652608,-3.4363893214693686,0.1663989589607487,0.4079202850567114,0.00011619758086076298,0.010779498172956058,0.25810798441656735,1.0
CRLX_matched_ridge,2,120,2025-10-31,2025-09-30,100.0,-3.200563742469265,-3.5794362830235924,0.14354440198609045,0.3788725405543274,0.00016506633432528047,0.012847814379312945,0.37571493206282347,1.0
CRLX_matched_ridge,2,120,2025-11-30,2025-10-31,100.0,-3.187697796475165,-3.3373643619559865,0.022400080822825054,0.14966656548082158,3.2904979952240206e-05,0.005736286250897893,0.049625797653491954,0.0
CRLX_matched_ridge,2,120,2025-12-31,2025-11-30,100.0,-3.6690396499504754,-3.2711127722275224,0.15834580001433798,0.397926877722953,0.0001553316053275125,0.0124632100731518,0.24704961496149858,1.0
CRLX_matched_ridge,2,120,2026-01-31,2025-12-31,100.0,-3.5432590006801346,-3.352570986138989,0.03636191888964407,0.19068801454114537,3.690978075638386e-05,0.006075342027934218,0.06429707224121128,1.0
CRLX_matched_ridge,2,120,2026-02-28,2026-01-31,100.0,-3.319270460859548,-3.353704777030474,0.0011857221301593236,0.034434316170926405,1.4996486267220744e-06,0.0012246014154499718,0.002426833985573265,1.0
CRLX_matched_ridge,2,120,2026-03-31,2026-02-28,100.0,-2.9305194230637723,-3.3152995775330067,0.1480557672733679,0.3847801544692344,0.0002905710372384907,0.0170461443510986,0.3892565236709584,1.0
CRLX_matched_ridge,2,120,2026-04-30,2026-03-31,100.0,-3.2372756219261025,-3.1268957194955496,0.01218372286057839,0.11037990243055296,2.1003729430625438e-05,0.004582982591132705,0.022669076729531695,1.0
CRLX_matched_ridge,2,120,2026-05-31,2026-04-30,100.0,-3.511913129771558,-3.3966476498765927,0.013286130855416592,0.11526547989496505,1.3290137950077532e-05,0.0036455641470254686,0.0246428088755479,1.0
CRLX_matched_ridge,2,120,2026-06-30,2026-05-31,100.0,-3.0167824583115244,-3.462008241732365,0.19822599822270148,0.44522578342084085,0.00030947087844325266,0.01759178440190911,0.5457779565681111,1.0
CRLX_matched_ridge,2,120,2026-07-31,2026-06-30,100.0,-3.371790235714744,-3.225628477256701,0.021363259635547246,0.1461617584580428,2.9188918327999008e-05,0.005402676959434,0.03885049971103133,1.0
CRLX_matched_ridge,2,120,2026-08-31,2026-07-31,100.0,-3.5077496504538077,-3.262563383783995,0.06011630536348055,0.2451862666698128,6.931979712359908e-05,0.008325851135085174,0.10277074627267413,0.0
CRLX_matched_ridge,3,571,2020-01-31,2019-12-31,1e-08,-3.3942209625474167,-3.568244831757008,0.030284307054676992,0.17402386920959145,2.8744377982813554e-05,0.005361378365944112,0.0682521216234307,1.0
CRLX_matched_ridge,3,571,2020-02-29,2020-01-31,1e-08,-2.656216692100947,-3.5135223500949926,0.7349729912286036,0.8573056579940457,0.0016339030262508538,0.040421566350784255,2.839904825126034,0.0
CRLX_matched_ridge,3,571,2020-03-31,2020-02-29,1e-08,-1.2968785055181968,-2.9241739125007573,2.648090341586537,1.6272954069825605,0.048257011904053806,0.2196747866826182,21.654419945343367,0.0
CRLX_matched_ridge,3,571,2020-04-30,2020-03-31,1e-08,-2.134827132729708,-2.050631981713955,0.007088823454565459,0.08419515101575303,0.00010792173056057715,0.010388538422731908,0.01341425777754357,1.0
CRLX_matched_ridge,3,571,2020-05-31,2020-04-30,1e-08,-2.753012874659256,-2.721043216901401,0.0010220590171543774,0.031969657757854986,4.287070339553643e-06,0.002070524170241353,0.002001239123284107,1.0
CRLX_matched_ridge,3,571,2020-06-30,2020-05-31,1e-08,-2.451931103357683,-2.88505147978548,0.18759326047695665,0.4331203764277971,0.0009165872048973238,0.030275191244603622,0.5117139575835821,0.0
CRLX_matched_ridge,3,571,2020-07-31,2020-06-30,1e-06,-3.218790749890995,-2.921575367581437,0.0883369834814166,0.2972153823095578,0.0001916947042046249,0.013845385664712447,0.1463073887922779,1.0
CRLX_matched_ridge,3,571,2020-08-31,2020-07-31,1e-06,-3.605902901033218,-3.197229281413036,0.1670141273734613,0.4086736196201821,0.0001880297180227845,0.013712392862764124,0.25894880461749525,0.0
CRLX_matched_ridge,3,571,2020-09-30,2020-08-31,1e-06,-2.6518079305455564,-3.442583320082667,0.625325716697569,0.7907753895371106,0.0014854577893981646,0.03854163708767655,2.2809398369402882,1.0
CRLX_matched_ridge,3,571,2020-10-31,2020-09-30,1.0,-2.7990558904711156,-2.8669541753589742,0.004610177090712814,0.06789828488785865,1.596494930151699e-05,0.003995616260543171,0.009652281199333757,1.0
CRLX_matched_ridge,3,571,2020-11-30,2020-10-31,1.0,-3.0039008865838612,-2.851599957438597,0.023195573018510773,0.15230092914526416,6.656297341235706e-05,0.00815861344913197,0.04201877067350912,1.0
CRLX_matched_ridge,3,571,2020-12-31,2020-11-30,1.0,-3.651528771176814,-3.116865477352779,0.2858648377627664,0.534663293824035,0.00033651600502242684,0.018344372570966466,0.4125661690311555,1.0
CRLX_matched_ridge,3,571,2021-01-31,2020-12-31,1e-06,-3.0833520658531506,-3.3246112655206415,0.05820600142419823,0.24125919966749088,9.641179643992098e-05,0.009818950882855101,0.13763105270531062,1.0
CRLX_matched_ridge,3,571,2021-02-28,2021-01-31,1e-06,-3.2488415694882113,-3.102386083933222,0.02144920924914775,0.14645548555498955,3.74873116654939e-05,0.006122688271134984,0.03899953228694475,1.0
CRLX_matched_ridge,3,571,2021-03-31,2021-02-28,1.0,-3.0053155591944845,-3.264093384103444,0.06696596266461216,0.2587778249089596,0.0001274989580054002,0.011291543650245532,0.16036555612704406,0.0
CRLX_matched_ridge,3,571,2021-04-30,2021-03-31,1.0,-3.42852988588876,-3.1796674737105537,0.061932500195155366,0.24886241217820615,8.399534540728491e-05,0.00916489745754337,0.10563701887433219,1.0
CRLX_matched_ridge,3,571,2021-05-31,2021-04-30,1.0,-3.25075444008131,-3.277592115193113,0.000720260805406685,0.026837675111802906,1.0526668930805727e-06,0.001025995561920505,0.0014666447080854683,1.0
CRLX_matched_ridge,3,571,2021-06-30,2021-05-31,1.0,-3.7043212595884913,-3.224559645279972,0.23017120656391662,0.4797616143085195,0.00022971560857457666,0.015156371880320721,0.3425987104877133,0.0
CRLX_matched_ridge,3,571,2021-07-31,2021-06-30,1.0,-3.3961998858730538,-3.447418333567968,0.002623329384276643,0.051218447694914015,2.7977063868586902e-06,0.001672634564649042,0.005430492774407672,1.0
CRLX_matched_ridge,3,571,2021-08-31,2021-07-31,1.0,-3.708249345225621,-3.4314152355558925,0.07663712427663123,0.27683410966972843,6.11637480573931e-05,0.00782072554545888,0.12850552819587097,1.0
CRLX_matched_ridge,3,571,2021-09-30,2021-08-31,1.0,-3.2831324409451104,-3.50479800068248,0.049135620373681355,0.22166555973736957,5.561772996714565e-05,0.007457729545052277,0.11455697656101904,1.0
CRLX_matched_ridge,3,571,2021-10-31,2021-09-30,1.0,-3.386780947876349,-3.252317789958629,0.01808034083720571,0.13446315791772,2.3688464878516813e-05,0.004867079707434101,0.033125878815489423,0.0
CRLX_matched_ridge,3,571,2021-11-30,2021-10-31,1.0,-3.3064112261583376,-3.4387280587163067,0.017507744178173634,0.1323168325579691,2.06294170129899e-05,0.0045419618022380925,0.038319905877388594,0.0
CRLX_matched_ridge,3,571,2021-12-31,2021-11-30,1.0,-2.9961728370061524,-3.337047928691472,0.11619582813147489,0.3408750916853194,0.00020840537087218967,0.014436251967605361,0.2955852217406094,0.0
CRLX_matched_ridge,3,571,2022-01-31,2021-12-31,1.0,-2.941546598012492,-3.2724039643904033,0.10946659688652728,0.3308573663779111,0.00022108297363930318,0.014868859190916538,0.27639809950733896,0.0
CRLX_matched_ridge,3,571,2022-02-28,2022-01-31,1.0,-2.799886911249737,-2.941764963471168,0.020129381702147075,0.1418780522214309,6.471293442626424e-05,0.008044434997329784,0.04435286692789914,0.0
CRLX_matched_ridge,3,571,2022-03-31,2022-02-28,1.0,-2.6765886403079335,-2.898249912932413,0.04913371978150385,0.22166127262447954,0.00018708350791689864,0.013677847342213563,0.11455219315978937,0.0
CRLX_matched_ridge,3,571,2022-04-30,2022-03-31,1.0,-2.6479040482811675,-2.9624352430199994,0.09892987246383696,0.31453119473883184,0.0003650610492956112,0.019106570840828847,0.24678854740922596,0.0
CRLX_matched_ridge,3,571,2022-05-31,2022-04-30,1.0,-2.4244039455209907,-2.6707258088064783,0.06067446033243442,0.24632186328548755,0.000373606099608435,0.01932889287073719,0.14399360054345067,0.0
CRLX_matched_ridge,3,571,2022-06-30,2022-05-31,1.0,-2.4599056517814564,-2.801469534511708,0.11666588598576523,0.34156388273025184,0.0006111894579152732,0.024722246215003872,0.2969334585790766,1.0
CRLX_matched_ridge,3,571,2022-07-31,2022-06-30,1.0,-2.8821019465281603,-2.54684843319877,0.11239491819969971,0.33525351332939035,0.000497791398171391,0.022311239279147875,0.18195622031774922,1.0
CRLX_matched_ridge,3,571,2022-08-31,2022-07-31,1.0,-2.844606483048602,-3.0206820979465494,0.03100262216169021,0.1760756148979472,8.815718104552829e-05,0.009389205559871841,0.06997234511916994,0.0
CRLX_matched_ridge,3,571,2022-09-30,2022-08-31,1.0,-2.6463004734576345,-2.8058405122891807,0.025453023990371273,0.15954003883154622,0.00010935172101896519,0.010457137324285513,0.056781418605115486,1.0
CRLX_matched_ridge,3,571,2022-10-31,2022-09-30,1.0,-2.523493614612676,-2.59703484518065,0.005408312593451932,0.07354123056797413,3.231768587567422e-05,0.005684864631253256,0.011367025015947108,1.0
CRLX_matched_ridge,3,571,2022-11-30,2022-10-31,1.0,-2.5435772319280385,-2.9061430328177247,0.13145395997477954,0.36256580088968615,0.0005711399133813361,0.023898533707768267,0.3398712383541478,1.0
CRLX_matched_ridge,3,571,2022-12-31,2022-11-30,1.0,-2.95330714551955,-2.8361046937156393,0.013736414708847972,0.11720245180391053,4.207855903971638e-05,0.006486798828367994,0.02544635911097315,1.0
CRLX_matched_ridge,3,571,2023-01-31,2022-12-31,1.0,-3.0445998097233513,-2.7080574067768883,0.11326078898097945,0.336542402946463,0.00036293385352747495,0.01905082290945656,0.18321729425806155,0.0
CRLX_matched_ridge,3,571,2023-02-28,2023-01-31,1.0,-3.1746943824188296,-3.0726440550679297,0.010414269312425832,0.10205032735089992,2.01753494911225e-05,0.004491697840585729,0.01948094989802815,1.0
CRLX_matched_ridge,3,571,2023-03-31,2023-02-28,1.0,-2.924024732160048,-3.0072232358038424,0.006921991008566495,0.08319850364379455,1.8389641728843638e-05,0.004288314555725085,0.01464488361080482,1.0
CRLX_matched_ridge,3,571,2023-04-30,2023-03-31,1.0,-3.4424462204163033,-3.033844904783288,0.16695503513703097,0.40860131563301527,0.0002606249219465426,0.016143881873531614,0.2588680603684841,1.0
CRLX_matched_ridge,3,571,2023-05-31,2023-04-30,1.0,-3.2992440662773723,-3.2143984492366684,0.007198778731017788,0.08484561704070392,1.068268297269585e-05,0.0032684373900529057,0.013616585839991258,1.0
CRLX_matched_ridge,3,571,2023-06-30,2023-05-31,1.0,-3.4043319921867217,-3.2220640930949465,0.03322158703932955,0.1822678990917752,4.413825072569611e-05,0.006643662448205516,0.05905477121331626,0.0
CRLX_matched_ridge,3,571,2023-07-31,2023-06-30,1.0,-3.766103134731879,-3.35443002621555,0.16947474827549736,0.4116731085163292,0.0001389381763304303,0.011787203923341205,0.2623065546802754,0.0
CRLX_matched_ridge,3,571,2023-08-31,2023-07-31,1.0,-3.3080680545326713,-3.398199671836106,0.008123708437732783,0.09013161730343455,9.943819839766785e-06,0.0031533822857000363,0.01726931903956619,1.0
CRLX_matched_ridge,3,571,2023-09-30,2023-08-31,1.0,-3.4377168665741427,-3.208067640764594,0.052738766914925045,0.2296492258095486,6.883515162120873e-05,0.008296695222870895,0.0910251285312309,0.0
CRLX_matched_ridge,3,571,2023-10-31,2023-09-30,1.0,-3.193062653385387,-3.197362592510755,1.8489476481872162e-05,0.004299939125368191,3.10169337483532e-08,0.00017611625066515924,3.7085186094571246e-05,1.0
CRLX_matched_ridge,3,571,2023-11-30,2023-10-31,1.0,-3.314231456188941,-3.187583906355585,0.01603960187879248,0.12664754983335635,2.4103020218641217e-05,0.004909482683403743,0.02953387988287784,0.0
CRLX_matched_ridge,3,571,2023-12-31,2023-11-30,1.0,-3.5682415676821626,-3.3674614933249605,0.040312638258883614,0.20078007435720213,3.933345782749073e-05,0.006271639165919125,0.07083521116884012,1.0
CRLX_matched_ridge,3,571,2024-01-31,2023-12-31,1.0,-3.464679499845587,-3.3588458242621355,0.011200766887503252,0.10583367558345147,1.2196457162662765e-05,0.003492342646800678,0.020901194659122185,1.0
CRLX_matched_ridge,3,571,2024-02-29,2024-01-31,1.0,-3.3448968495093907,-3.3286586948807635,0.0002636776657432073,0.01623815462862721,3.3326871007778446e-07,0.0005772943010958834,0.000521692531045434,1.0
CRLX_matched_ridge,3,571,2024-03-31,2024-02-29,1.0,-3.578980917498339,-3.4356054385932526,0.020556527951262907,0.1433754789050865,1.8505356410702715e-05,0.004301785258552862,0.03744961900773744,1.0
CRLX_matched_ridge,3,571,2024-04-30,2024-03-31,100.0,-3.229795427472849,-3.4848901472724236,0.06507331606962356,0.25509471979957477,7.936076612650688e-05,0.008908465980543838,0.15541725732651535,1.0
CRLX_matched_ridge,3,571,2024-05-31,2024-04-30,100.0,-3.5511189897853304,-3.287911048621746,0.06927842029157288,0.26320794116358437,7.463641875420336e-05,0.00863923716274784,0.1171342665805365,1.0
CRLX_matched_ridge,3,571,2024-06-30,2024-05-31,100.0,-3.974283728374348,-3.4611053813807158,0.263352015823117,0.5131783469936324,0.00015881751022406247,0.012602281945110674,0.38466671244038986,0.0
CRLX_matched_ridge,3,571,2024-07-31,2024-06-30,100.0,-3.1722014727576715,-3.612474147273105,0.19384002792497285,0.4402726745154335,0.0002227923567758326,0.014926230494529843,0.5316694977774297,1.0
CRLX_matched_ridge,3,571,2024-08-31,2024-07-31,100.0,-2.872824298145019,-3.371274250393613,0.24845235489662576,0.4984499522485941,0.0004925369538097983,0.02219317358580783,0.7129680393515303,0.0
CRLX_matched_ridge,3,571,2024-09-30,2024-08-31,100.0,-3.260469768692696,-3.226137912370039,0.001178676358559541,0.03433185632265667,1.7961363735495486e-06,0.0013402001244402079,0.0023043114643103435,1.0
CRLX_matched_ridge,3,571,2024-10-31,2024-09-30,100.0,-3.4205129328690873,-3.2146567311714787,0.04237677577736654,0.20585620169760865,5.585260893964578e-05,0.007473460305617859,0.07422718905404224,0.0
CRLX_matched_ridge,3,571,2024-11-30,2024-10-31,100.0,-3.343202830242378,-3.2243263506573414,0.014131617398531665,0.11887647958503678,1.9882068595843727e-05,0.004458931328899754,0.026150392564461417,1.0
CRLX_matched_ridge,3,571,2024-12-31,2024-11-30,100.0,-3.197711188525805,-3.4176396120917656,0.0483685114922085,0.21992842356596043,6.505822103595351e-05,0.008065867655494573,0.11262811279665441,0.0
CRLX_matched_ridge,3,571,2025-01-31,2024-12-31,100.0,-3.243856524094862,-3.2264052934637393,0.00030454545054062914,0.017451230631122527,4.716981078863277e-07,0.0006868028158695388,0.000602066046722971,1.0
CRLX_matched_ridge,3,571,2025-02-28,2025-01-31,100.0,-3.336086010210643,-3.303234975574296,0.001079190476678476,0.03285103463634709,1.4116163937890561e-06,0.0011881146383194915,0.0021118772644512646,1.0
CRLX_matched_ridge,3,571,2025-03-31,2025-02-28,100.0,-2.8188957116043185,-3.2887104210178864,0.2207258611813552,0.46981470941356784,0.0005004114886638056,0.022369879048931077,0.619403494345552,1.0
CRLX_matched_ridge,3,571,2025-04-30,2025-03-31,100.0,-1.9836117337402832,-3.115024418998125,1.2800946643623603,1.1314126852578419,0.00868512982834983,0.09319404395319386,6.347377859429983,0.0
CRLX_matched_ridge,3,571,2025-05-31,2025-04-30,1e-08,-3.0297758721398087,-2.86649066276182,0.026662059601613657,0.16328520937798885,7.347547338395051e-05,0.008571783559093785,0.047963992377899944,1.0
CRLX_matched_ridge,3,571,2025-06-30,2025-05-31,1e-08,-3.53015126294113,-3.1236683008118704,0.1652283985013769,0.4064829621292594,0.00021594302277827155,0.014694999924405292,0.25650652986123423,1.0
CRLX_matched_ridge,3,571,2025-07-31,2025-06-30,1.0,-3.950725844114382,-3.315670380639946,0.4032954416887308,0.6350554634744361,0.0002913496741445921,0.01706896816285601,0.5509113986600241,0.0
CRLX_matched_ridge,3,571,2025-08-31,2025-07-31,0.0001,-3.3885322185760227,-3.577901949837392,0.03586089511800325,0.18936973126136936,3.3918346248603305e-05,0.005823945934553591,0.08170302364810078,1.0
CRLX_matched_ridge,3,571,2025-09-30,2025-08-31,1.0,-3.84430960652608,-3.4038851886329144,0.19397366787653372,0.44042441789316555,0.0001402492679166687,0.011842688373704204,0.2952798142767934,1.0
CRLX_matched_ridge,3,571,2025-10-31,2025-09-30,1.0,-3.200563742469265,-3.516126855862953,0.09958007853471747,0.3155631133936878,0.00012154909740451344,0.011024930721075459,0.24860015902296095,1.0
CRLX_matched_ridge,3,571,2025-11-30,2025-10-31,1.0,-3.187697796475165,-3.3541615652170473,0.027710186303750904,0.1664637687418824,4.004503311325244e-05,0.006328114499063085,0.06211866876501554,0.0
CRLX_matched_ridge,3,571,2025-12-31,2025-11-30,1.0,-3.6690396499504754,-3.2232256420421317,0.19875012964730074,0.4458140079083437,0.00020521814969350457,0.014325437155406621,0.3016157584214245,1.0
CRLX_matched_ridge,3,571,2026-01-31,2025-12-31,1.0,-3.5432590006801346,-3.3831905718053257,0.025621901922449748,0.16006842887480888,2.5201107421452252e-05,0.005020070459809529,0.04618652250029903,1.0
CRLX_matched_ridge,3,571,2026-02-28,2026-01-31,1.0,-3.319270460859548,-3.5119300021089828,0.037117698834442735,0.19265954124943496,4.019493186968591e-05,0.006339947308115889,0.0847642419736852,1.0
CRLX_matched_ridge,3,571,2026-03-31,2026-02-28,1.0,-2.9305194230637723,-3.4258955454031956,0.24539750258404328,0.4953761223394233,0.00043468768184526694,0.020849165015541196,0.7025074561199296,0.0
CRLX_matched_ridge,3,571,2026-04-30,2026-03-31,1.0,-3.2372756219261025,-3.0877140951943844,0.02236865027832242,0.14956152673171808,4.0136642942341406e-05,0.006335348683564418,0.04059121705894542,1.0
CRLX_matched_ridge,3,571,2026-05-31,2026-04-30,1.0,-3.511913129771558,-3.368011510952205,0.020707675898830286,0.1439016188193527,2.1328845985486877e-05,0.004618316358315753,0.03771236925366567,1.0
CRLX_matched_ridge,3,571,2026-06-30,2026-05-31,1.0,-3.0167824583115244,-3.340797165172253,0.10498553026204391,0.32401470686072864,0.0001835963030168922,0.013549771327107045,0.2637403936009022,1.0
CRLX_matched_ridge,3,571,2026-07-31,2026-06-30,1.0,-3.371790235714744,-3.147692830573858,0.05021964699087847,0.22409740514088616,7.435580583288e-05,0.008622981261308643,0.08697504123492988,1.0
CRLX_matched_ridge,3,571,2026-08-31,2026-07-31,1.0,-3.5077496504538077,-3.3194841438128444,0.0354439009907786,0.1882655066409633,3.8529549408021515e-05,0.006207217525431304,0.0627688481512309,0.0
CRLX_matched_ridge,3,120,2020-01-31,2019-12-31,1.0,-3.3942209625474167,-3.5376013969183635,0.02055794896040139,0.14338043437094683,2.0103490674969484e-05,0.004483691634687814,0.04534475854875819,1.0
CRLX_matched_ridge,3,120,2020-02-29,2020-01-31,1.0,-2.656216692100947,-3.4639596244397852,0.6524486447433452,0.8077429323388383,0.0015138169481597446,0.038907800608101,2.414845525485414,0.0
CRLX_matched_ridge,3,120,2020-03-31,2020-02-29,1.0,-1.2968785055181968,-2.997676980118519,2.8927154512027826,1.7007984746003222,0.049943743721897686,0.22348096948487065,25.610392472086286,0.0
CRLX_matched_ridge,3,120,2020-04-30,2020-03-31,1e-08,-2.134827132729708,-1.2220620267952356,0.833140138611569,0.9127651059344726,0.031101787522384964,0.1763569888674247,0.9866623991474414,0.0
CRLX_matched_ridge,3,120,2020-05-31,2020-04-30,1.0,-2.753012874659256,-2.6527061672426453,0.010061435552761575,0.10030670741661085,4.522203523867754e-05,0.006724733097950991,0.018842100326445704,1.0
CRLX_matched_ridge,3,120,2020-06-30,2020-05-31,1.0,-2.451931103357683,-3.0981155181472957,0.4175542979169943,0.6461844147896127,0.0016804201971162428,0.04099292862331554,1.3490333788995854,0.0
CRLX_matched_ridge,3,120,2020-07-31,2020-06-30,1.0,-3.218790749890995,-3.333109117251097,0.013068689115879294,0.11431836736010226,1.8674586261735736e-05,0.004321410216785226,0.028248638532463954,1.0
CRLX_matched_ridge,3,120,2020-08-31,2020-07-31,1.0,-3.605902901033218,-3.581064508415367,0.0006169457478385168,0.024838392617851035,4.6666906793891044e-07,0.0006831318086130307,0.0012137108224178558,1.0
CRLX_matched_ridge,3,120,2020-09-30,2020-08-31,1.0,-2.6518079305455564,-3.650789304513504,0.997963785534888,0.9989813739679474,0.0019849674933859794,0.04455297401280839,4.376055304552151,0.0
CRLX_matched_ridge,3,120,2020-10-31,2020-09-30,1.0,-2.7990558904711156,-2.946312000357375,0.021684361898834062,0.14725610988625926,6.946238915270512e-05,0.008334409946283247,0.04795914819173036,1.0
CRLX_matched_ridge,3,120,2020-11-30,2020-10-31,1.0,-3.0039008865838612,-2.86827645056008,0.018393987646768677,0.13562443602378105,5.189043062462748e-05,0.0072035012753957,0.03367559813890528,1.0
CRLX_matched_ridge,3,120,2020-12-31,2020-11-30,1.0,-3.651528771176814,-3.2150842295596447,0.1904838379074209,0.43644454161716917,0.00020165496857599093,0.014200527052753743,0.2906319933552538,1.0
CRLX_matched_ridge,3,120,2021-01-31,2020-12-31,1.0,-3.0833520658531506,-3.3559927594346917,0.07433294779662378,0.2726406935815411,0.00011948075706297865,0.010930725367649607,0.1798123461560579,1.0
CRLX_matched_ridge,3,120,2021-02-28,2021-01-31,1.0,-3.2488415694882113,-3.1765502735395055,0.0052260314699433775,0.07229129594870587,8.46932750727314e-06,0.0029102109042598856,0.009966027688914025,1.0
CRLX_matched_ridge,3,120,2021-03-31,2021-02-28,1.0,-3.0053155591944845,-3.352102703344881,0.12026132334798785,0.34678714415039646,0.0002106116336178774,0.014512464767153697,0.30728010962789853,0.0
CRLX_matched_ridge,3,120,2021-04-30,2021-03-31,1.0,-3.42852988588876,-3.307770433011224,0.014582845459281832,0.12075945287753598,1.7331331258294965e-05,0.004163091550554103,0.026952860181720606,1.0
CRLX_matched_ridge,3,120,2021-05-31,2021-04-30,1.0,-3.25075444008131,-3.358169777732069,0.011538054762626553,0.10741533765075895,1.557151300358519e-05,0.003946075645953229,0.024821300195627005,1.0
CRLX_matched_ridge,3,120,2021-06-30,2021-05-31,1.0,-3.7043212595884913,-3.2880251163906666,0.17330247884138378,0.4162961431978247,0.0001615586891624035,0.012710573911606175,0.2675126719336721,1.0
CRLX_matched_ridge,3,120,2021-07-31,2021-06-30,1.0,-3.3961998858730538,-3.4663307791355495,0.004918342189795575,0.07013089326249577,5.14798810669516e-06,0.0022689178272240623,0.010313177931655287,1.0
CRLX_matched_ridge,3,120,2021-08-31,2021-07-31,1.0,-3.708249345225621,-3.4572738061605053,0.06298872120902536,0.2509755390651156,4.8932124186455754e-05,0.006995150047458293,0.10729950282885997,1.0
CRLX_matched_ridge,3,120,2021-09-30,2021-08-31,1.0,-3.2831324409451104,-3.5148432583249836,0.05368990289084895,0.2317108173798732,6.0188222516432614e-05,0.007758106889984993,0.12608175626890672,1.0
CRLX_matched_ridge,3,120,2021-10-31,2021-09-30,1.0,-3.386780947876349,-3.1985034349270642,0.03544842188236804,0.18827751294928463,4.908251171466727e-05,0.007005891214875326,0.0627763825996619,0.0
CRLX_matched_ridge,3,120,2021-11-30,2021-10-31,1.0,-3.3064112261583376,-3.449288911831453,0.020414033063305605,0.14287768567311554,2.3806974422931567e-05,0.004879239123360482,0.04501150037584428,0.0
CRLX_matched_ridge,3,120,2021-12-31,2021-11-30,1.0,-2.9961728370061524,-3.358565029575539,0.1313281012352473,0.3623921925693865,0.00023082232301746284,0.015192837885578285,0.33950157610910914,0.0
CRLX_matched_ridge,3,120,2022-01-31,2021-12-31,1.0,-2.941546598012492,-3.388834584645024,0.20006654298578402,0.4472879866325319,0.0003623710279621959,0.019036045491703256,0.5517223003759175,0.0
CRLX_matched_ridge,3,120,2022-02-28,2022-01-31,1.0,-2.799886911249737,-2.9771466333649217,0.03142100908435254,0.17725972211518481,9.759401939217285e-05,0.009878968538879596,0.07097601535947767,0.0
CRLX_matched_ridge,3,120,2022-03-31,2022-02-28,1.0,-2.6765886403079335,-2.904626681247384,0.05200134811550258,0.22803804093945068,0.00019679078716176935,0.014028213969061398,0.12179430566472582,0.0
CRLX_matched_ridge,3,120,2022-04-30,2022-03-31,1.0,-2.6479040482811675,-3.0932569994538266,0.19833925111819684,0.44535295117265905,0.0006474711415133415,0.025445454240656452,0.5461433195296053,0.0
CRLX_matched_ridge,3,120,2022-05-31,2022-04-30,1.0,-2.4244039455209907,-2.647254509461462,0.04966237384858614,0.22285056394047142,0.00031277410625240107,0.0176854207259087,0.11588355477873935,1.0
CRLX_matched_ridge,3,120,2022-06-30,2022-05-31,1.0,-2.4599056517814564,-2.9290356844927796,0.22008298759172723,0.46913003271132325,0.001023645305013983,0.03199445741083888,0.6172710254815084,1.0
CRLX_matched_ridge,3,120,2022-07-31,2022-06-30,0.01,-2.8821019465281603,-2.6380358821711125,0.059568243770738605,0.2440660643570478,0.00023977515215956017,0.015484674751494142,0.10190389952423845,1.0
CRLX_matched_ridge,3,120,2022-08-31,2022-07-31,0.01,-2.844606483048602,-3.21665490237233,0.1384200263212843,0.3720484193237277,0.00032646030071185113,0.01806821243819795,0.3604429986918085,0.0
CRLX_matched_ridge,3,120,2022-09-30,2022-08-31,0.01,-2.6463004734576345,-2.881693314292156,0.055409789516146425,0.2353928408345216,0.0002212145682721662,0.014873283708454102,0.13046609162061706,0.0
CRLX_matched_ridge,3,120,2022-10-31,2022-09-30,1.0,-2.523493614612676,-2.5147347839707797,7.671711421342365e-05,0.00875883064189642,4.975311107564843e-07,0.0007053588524690707,0.00015254220211625286,1.0
CRLX_matched_ridge,3,120,2022-11-30,2022-10-31,1.0,-2.5435772319280385,-3.077433869202392,0.28500290916188054,0.5338566372743534,0.0010567333193948663,0.032507434832586626,0.8410071695435468,1.0
CRLX_matched_ridge,3,120,2022-12-31,2022-11-30,1.0,-2.95330714551955,-3.0012351931889887,0.002297097753403999,0.04792804766943881,5.959882947556827e-06,0.002441287149754577,0.004744575692036027,1.0
CRLX_matched_ridge,3,120,2023-01-31,2022-12-31,1.0,-3.0445998097233513,-2.7931286717675348,0.06323773322479331,0.25147113795581655,0.00018534056080572853,0.01361398401665466,0.10769097786575332,0.0
CRLX_matched_ridge,3,120,2023-02-28,2023-01-31,1.0,-3.1746943824188296,-3.1911626134409676,0.0002712026329985088,0.016468231022138013,4.6628038978913597e-07,0.0006828472668094498,0.000548409594843334,1.0
CRLX_matched_ridge,3,120,2023-03-31,2023-02-28,1.0,-2.924024732160048,-3.0038842483706967,0.006377542329398878,0.0798595162106488,1.6999102361280504e-05,0.004122996769496734,0.013462166378276685,1.0
CRLX_matched_ridge,3,120,2023-04-30,2023-03-31,1.0,-3.4424462204163033,-3.021830827601912,0.1769173086724048,0.4206153928143914,0.00027974601597070516,0.016725609584427863,0.27241029280045426,1.0
CRLX_matched_ridge,3,120,2023-05-31,2023-04-30,1.0,-3.2992440662773723,-3.2044564001832008,0.008984701643580159,0.09478766609417155,1.3468138639446422e-05,0.003669896270938243,0.01688572363604579,1.0
CRLX_matched_ridge,3,120,2023-06-30,2023-05-31,1.0,-3.4043319921867217,-3.3080587838049773,0.009268530652114772,0.09627320838174436,1.1276959729410061e-05,0.0033581184805497946,0.017402446931231053,1.0
CRLX_matched_ridge,3,120,2023-07-31,2023-06-30,1.0,-3.766103134731879,-3.5473430565688586,0.04785597179789087,0.21876007816302057,3.2024185323776226e-05,0.005658991546536912,0.08315566898288185,1.0
CRLX_matched_ridge,3,120,2023-08-31,2023-07-31,1.0,-3.3080680545326713,-3.3970565150425664,0.007918946103921173,0.08898846050989517,9.704102238805081e-06,0.0031151408056145843,0.016820825183270716,1.0
CRLX_matched_ridge,3,120,2023-09-30,2023-08-31,1.0,-3.4377168665741427,-3.1275285769383174,0.09621677502719861,0.31018828963582523,0.00013660932365550457,0.011687999129684455,0.15811847628051384,0.0
CRLX_matched_ridge,3,120,2023-10-31,2023-09-30,1.0,-3.193062653385387,-2.9942862588594217,0.039512055020742204,0.1987763945259653,8.14756147736421e-05,0.00902638436881801,0.06951525850153434,1.0
CRLX_matched_ridge,3,120,2023-11-30,2023-10-31,1.0,-3.314231456188941,-3.029472676733892,0.08108756247672924,0.284758779455049,0.0001434997756406414,0.011979139186128585,0.13531589614208828,0.0
CRLX_matched_ridge,3,120,2023-12-31,2023-11-30,1.0,-3.5682415676821626,-3.279787736430137,0.08320561276397201,0.2884538312520255,8.894069338679298e-05,0.00943083736403046,0.13854010357225893,0.0
CRLX_matched_ridge,3,120,2024-01-31,2023-12-31,1.0,-3.464679499845587,-3.2299201589050233,0.05511194815884784,0.23475934094056372,6.851911194203385e-05,0.008277627192742727,0.09482184748774714,1.0
CRLX_matched_ridge,3,120,2024-02-29,2024-01-31,1.0,-3.3448968495093907,-3.2562509882414945,0.0078580887199271,0.0886458612678962,1.0684623486236614e-05,0.00326873423303832,0.014827143460526854,1.0
CRLX_matched_ridge,3,120,2024-03-31,2024-02-29,1.0,-3.578980917498339,-3.477580885167091,0.010281966556778196,0.10140003233124828,8.867933337138285e-06,0.0029779075434167336,0.01924152526990003,1.0
CRLX_matched_ridge,3,120,2024-04-30,2024-03-31,100.0,-3.229795427472849,-3.5039433703933653,0.07515709460755075,0.2741479429205165,9.000418525420203e-05,0.009487053560205193,0.18200598627634945,1.0
CRLX_matched_ridge,3,120,2024-05-31,2024-04-30,100.0,-3.5511189897853304,-3.316154280210327,0.05520841474566568,0.23496470957500337,5.775419446152763e-05,0.007599618047081553,0.09497580218086055,1.0
CRLX_matched_ridge,3,120,2024-06-30,2024-05-31,100.0,-3.974283728374348,-3.474188798171929,0.2500949392141627,0.5000949302024194,0.0001486985847410675,0.01219420291536382,0.367999462466699,0.0
CRLX_matched_ridge,3,120,2024-07-31,2024-06-30,100.0,-3.1722014727576715,-3.5912227829628858,0.1755788584060944,0.41902131020521427,0.00020582566490288243,0.014346625558049615,0.47379478142332343,1.0
CRLX_matched_ridge,3,120,2024-08-31,2024-07-31,100.0,-2.872824298145019,-3.4145531874905517,0.29347018955154447,0.5417288893455328,0.0005592240377689067,0.023647918254444865,0.8714214465236416,0.0
CRLX_matched_ridge,3,120,2024-09-30,2024-08-31,100.0,-3.260469768692696,-3.2721940353628542,0.00013745842895298871,0.011724266670158467,2.0002142109535225e-07,0.00044723754437139135,0.0002770783127943287,1.0
CRLX_matched_ridge,3,120,2024-10-31,2024-09-30,100.0,-3.4205129328690873,-3.1872819015351306,0.05439671397710111,0.23323103133395673,7.375842295002345e-05,0.008588272407767668,0.0936794660021375,0.0
CRLX_matched_ridge,3,120,2024-11-30,2024-10-31,100.0,-3.343202830242378,-3.185141077544346,0.02498351766597394,0.15806175269803235,3.658759365595256e-05,0.00604876794528874,0.0450929183476963,1.0
CRLX_matched_ridge,3,120,2024-12-31,2024-11-30,100.0,-3.197711188525805,-3.388485326621156,0.03639477176602403,0.19077413809535093,5.035086877292794e-05,0.0070958346072134415,0.08300208722671137,0.0
CRLX_matched_ridge,3,120,2025-01-31,2024-12-31,100.0,-3.243856524094862,-3.1936134910063427,0.0025243623739340227,0.05024303308851907,4.040967439989778e-06,0.0020102157695107703,0.004883780219648498,0.0
CRLX_matched_ridge,3,120,2025-02-28,2025-01-31,100.0,-3.336086010210643,-3.289011486555194,0.0022160107773874335,0.04707452365544906,2.9404160315996456e-06,0.0017147641329348026,0.00429614446430554,1.0
CRLX_matched_ridge,3,120,2025-03-31,2025-02-28,100.0,-2.8188957116043185,-3.248801062873108,0.18481861104954117,0.42990535126878937,0.00043476743992913177,0.020851077668291675,0.5029026931831264,1.0
CRLX_matched_ridge,3,120,2025-04-30,2025-03-31,100.0,-1.9836117337402832,-3.112408407158765,1.2741819299206312,1.128796673418482,0.008663476872687573,0.09307780010661819,6.30246037835013,0.0
CRLX_matched_ridge,3,120,2025-05-31,2025-04-30,100.0,-3.0297758721398087,-2.8463162512996245,0.03365743247882415,0.1834596208401842,9.469877486187057e-05,0.009731329552629002,0.05978483912679905,1.0
CRLX_matched_ridge,3,120,2025-06-30,2025-05-31,100.0,-3.53015126294113,-3.1061772378012877,0.17975397399327941,0.42397402513984206,0.0002393610319697632,0.015471297035793839,0.27624091660904015,1.0
CRLX_matched_ridge,3,120,2025-07-31,2025-06-30,100.0,-3.950725844114382,-3.2924393154958342,0.4333411537606584,0.658286528618548,0.00032121082002693996,0.01792235531471631,0.5846253869961545,0.0
CRLX_matched_ridge,3,120,2025-08-31,2025-07-31,1.0,-3.3885322185760227,-3.5760521925783877,0.03516374064984763,0.18751997400236498,3.331859927572848e-05,0.005772226544040738,0.08000959177836903,1.0
CRLX_matched_ridge,3,120,2025-09-30,2025-08-31,1.0,-3.84430960652608,-3.405795568799363,0.1922945612833885,0.43851403772671693,0.00013875050880108396,0.011779240586773154,0.2930455242186154,1.0
CRLX_matched_ridge,3,120,2025-10-31,2025-09-30,1.0,-3.200563742469265,-3.5153800812318465,0.0991093271518765,0.3148163387625815,0.00012106012352083777,0.011002732547909986,0.24728833982797183,1.0
CRLX_matched_ridge,3,120,2025-11-30,2025-10-31,1.0,-3.187697796475165,-3.31309599142212,0.015724707295954567,0.12539819494695514,2.3653353458540786e-05,0.00486347133830773,0.034252018955446495,0.0
CRLX_matched_ridge,3,120,2025-12-31,2025-11-30,1.0,-3.6690396499504754,-3.202398932357836,0.21775355931537352,0.4666407175926395,0.0002299343821556018,0.015163587377517294,0.3265425650486198,1.0
CRLX_matched_ridge,3,120,2026-01-31,2025-12-31,1.0,-3.5432590006801346,-3.3519353505650926,0.03660473909334298,0.19132365011504193,3.718063674519279e-05,0.006097592700828155,0.06470071718154774,1.0
CRLX_matched_ridge,3,120,2026-02-28,2026-01-31,1.0,-3.319270460859548,-3.4925104316014095,0.0300120874626411,0.1732399707418617,3.311793519868247e-05,0.005754818433163854,0.06760118769281753,1.0
CRLX_matched_ridge,3,120,2026-03-31,2026-02-28,1.0,-2.9305194230637723,-3.476060041280303,0.2976145661240746,0.5455406182165308,0.0005035661352097054,0.02244027930329089,0.8864104688165433,0.0
CRLX_matched_ridge,3,120,2026-04-30,2026-03-31,1.0,-3.2372756219261025,-3.122632069994231,0.013143143999555688,0.11464355193187137,2.2756321682163556e-05,0.004770358653409988,0.024387328249705936,1.0
CRLX_matched_ridge,3,120,2026-05-31,2026-04-30,1.0,-3.511913129771558,-3.4526385812235363,0.0035134721055717576,0.0592745485480215,3.3204526073833027e-06,0.0018222109118824041,0.006757303238702786,1.0
CRLX_matched_ridge,3,120,2026-06-30,2026-05-31,1.0,-3.0167824583115244,-3.3320495563348165,0.09939334309602808,0.3152670980232921,0.00017526240952884292,0.013238670988012465,0.24807966331649933,1.0
CRLX_matched_ridge,3,120,2026-07-31,2026-06-30,1.0,-3.371790235714744,-3.1358801027659258,0.055653590827929096,0.23591013294881824,8.34182567736263e-05,0.009133359555696156,0.09568589866870769,1.0
CRLX_matched_ridge,3,120,2026-08-31,2026-07-31,1.0,-3.5077496504538077,-3.365826538223075,0.020142169785257093,0.1419231122307325,2.0877519110484918e-05,0.004569192391493809,0.03672863516460323,0.0
CRLX_matched_ridge,4,571,2020-01-31,2019-12-31,0.01,-3.3942209625474167,-3.5392403212872297,0.02103061440930657,0.14501935873981298,2.053283771747539e-05,0.004531317437288563,0.046440514651579556,1.0
CRLX_matched_ridge,4,571,2020-02-29,2020-01-31,0.01,-2.656216692100947,-3.4707506532369936,0.6634655738439789,0.8145339611360467,0.0015303491528001346,0.03911967730950927,2.4700518046685893,0.0
CRLX_matched_ridge,4,571,2020-03-31,2020-02-29,1e-08,-1.2968785055181968,-2.893886577418007,2.550434781713149,1.59700807189981,0.047534114898581885,0.21802319807438356,20.19215325807726,0.0
CRLX_matched_ridge,4,571,2020-04-30,2020-03-31,1e-08,-2.134827132729708,-2.2510335561467802,0.013503932843387844,0.1162064234170721,0.00016834252717287416,0.012974687941252158,0.0292276387707055,1.0
CRLX_matched_ridge,4,571,2020-05-31,2020-04-30,0.01,-2.753012874659256,-2.363273614136952,0.15189669119247254,0.38973926052230423,0.0009227067686231074,0.030376088764406575,0.2381236437781229,1.0
CRLX_matched_ridge,4,571,2020-06-30,2020-05-31,0.01,-2.451931103357683,-2.651750050265983,0.03992761154354212,0.19981894690830027,0.00024334213672087062,0.015599427448495365,0.09164670266999125,1.0
CRLX_matched_ridge,4,571,2020-07-31,2020-06-30,0.01,-3.218790749890995,-2.802389619602178,0.17338990130580442,0.4164011302888171,0.0004268984106441633,0.02066152004679625,0.2676313336504407,1.0
CRLX_matched_ridge,4,571,2020-08-31,2020-07-31,1e-08,-3.605902901033218,-3.0779607601659777,0.27872290410348516,0.5279421408672405,0.0003568383678042676,0.018890165901978406,0.40376894493227156,0.0
CRLX_matched_ridge,4,571,2020-09-30,2020-08-31,1e-08,-2.6518079305455564,-3.3272671851194904,0.4562452045895745,0.675459254573934,0.0011994129095804936,0.03463254119438095,1.5100517298605656,1.0
CRLX_matched_ridge,4,571,2020-10-31,2020-09-30,1e-08,-2.7990558904711156,-2.8553579029564395,0.003169916609897575,0.05630201248532396,1.1104061250356149e-05,0.0033322756864275424,0.006584649455870145,1.0
CRLX_matched_ridge,4,571,2020-11-30,2020-10-31,0.0001,-3.0039008865838612,-2.6895834918085777,0.09879542465832143,0.31431739477528353,0.0003354753159077378,0.01831598525626557,0.1619541869976049,0.0
CRLX_matched_ridge,4,571,2020-12-31,2020-11-30,0.0001,-3.651528771176814,-3.0433286018145345,0.36990744601230535,0.6082001693622794,0.00047195417175029326,0.02172450624871123,0.5126951492764126,1.0
CRLX_matched_ridge,4,571,2021-01-31,2020-12-31,0.0001,-3.0833520658531506,-3.515925128158808,0.18711945423249435,0.4325730623056576,0.0002587324032044707,0.016085160962964303,0.510207033564259,1.0
CRLX_matched_ridge,4,571,2021-02-28,2021-01-31,1e-08,-3.2488415694882113,-3.084836609494972,0.02689762690238405,0.16400495999323939,4.786363978119376e-05,0.006918355280064313,0.04836579373580879,1.0
CRLX_matched_ridge,4,571,2021-03-31,2021-02-28,0.0001,-3.0053155591944845,-3.2087549128907433,0.04138757063235152,0.20343935369625887,8.310569171249295e-05,0.009116232320015377,0.09524319093765021,1.0
CRLX_matched_ridge,4,571,2021-04-30,2021-03-31,0.0001,-3.42852988588876,-3.17966786971401,0.06193230309456148,0.2488620161747499,8.399504345100385e-05,0.009164880984006495,0.1056367083382706,1.0
CRLX_matched_ridge,4,571,2021-05-31,2021-04-30,0.0001,-3.25075444008131,-3.4062671135700504,0.02418419161561552,0.1555126734887402,3.113858885759604e-05,0.005580196130746305,0.05379846792875714,1.0
CRLX_matched_ridge,4,571,2021-06-30,2021-05-31,0.01,-3.7043212595884913,-3.2085058539448115,0.24583291647360683,0.4958154056436799,0.00024964116349473825,0.01580003681941084,0.36260202469162484,0.0
CRLX_matched_ridge,4,571,2021-07-31,2021-06-30,0.01,-3.3961998858730538,-3.496884092918899,0.01013730954845061,0.10068420704584513,1.029582668650246e-05,0.0032087110631065646,0.021706872909400488,1.0
CRLX_matched_ridge,4,571,2021-08-31,2021-07-31,0.01,-3.708249345225621,-3.4164433770843154,0.08515072304288457,0.29180596814130544,6.903242490375373e-05,0.008308575383527174,0.14149163347046811,1.0
CRLX_matched_ridge,4,571,2021-09-30,2021-08-31,0.01,-3.2831324409451104,-3.521503359476145,0.056820694801329105,0.23837091853103454,6.329161784471022e-05,0.007955602921508226,0.13407569992076773,1.0
CRLX_matched_ridge,4,571,2021-10-31,2021-09-30,0.01,-3.386780947876349,-3.245524995865024,0.019953243978625756,0.14125595201132501,2.632459214259605e-05,0.005130749666724742,0.036399571632684785,0.0
CRLX_matched_ridge,4,571,2021-11-30,2021-10-31,0.01,-3.3064112261583376,-3.4603410821285694,0.023694400559016303,0.1539298559702318,2.7336310440979645e-05,0.005228413759543103,0.05265040028451412,0.0
CRLX_matched_ridge,4,571,2021-12-31,2021-11-30,0.01,-2.9961728370061524,-3.254899895205628,0.06693969064455473,0.2587270581994754,0.00012980714127236545,0.011393293697274966,0.1602967331177949,1.0
CRLX_matched_ridge,4,571,2022-01-31,2021-12-31,0.01,-2.941546598012492,-3.3175073947719724,0.1413465207000232,0.37596079675948024,0.0002736037218272439,0.016540971006178684,0.36915034764421684,0.0
CRLX_matched_ridge,4,571,2022-02-28,2022-01-31,0.01,-2.799886911249737,-2.925936225001185,0.01588842949721098,0.126049313751448,5.187552728361009e-05,0.007202466749913539,0.03462430979415071,1.0
CRLX_matched_ridge,4,571,2022-03-31,2022-02-28,0.01,-2.6765886403079335,-2.9158227595262534,0.05723296379816527,0.23923411921831983,0.00021427088722766397,0.014637994645021017,0.13513261802821852,0.0
CRLX_matched_ridge,4,571,2022-04-30,2022-03-31,0.01,-2.6479040482811675,-2.8945761605400895,0.06084713096627819,0.24667211225892194,0.00023953696919571036,0.015476981914950678,0.1444399653245907,0.0
CRLX_matched_ridge,4,571,2022-05-31,2022-04-30,0.01,-2.4244039455209907,-2.707348143794763,0.08005741933678769,0.28294419827377215,0.0004759983153425702,0.02181738562116392,0.19512316803637797,0.0
CRLX_matched_ridge,4,571,2022-06-30,2022-05-31,1e-08,-2.4599056517814564,-2.730884102080899,0.07342932052668746,0.27097845029944256,0.0004113334556832237,0.020281357343216053,0.17741130427635865,1.0
CRLX_matched_ridge,4,571,2022-07-31,2022-06-30,1e-08,-2.8821019465281603,-2.575299988103941,0.09412744169293633,0.3068019584242192,0.0004045764757231211,0.020114086499841873,0.15500011891558346,1.0
CRLX_matched_ridge,4,571,2022-08-31,2022-07-31,100.0,-2.844606483048602,-2.9303211651480847,0.007347006727415349,0.08571468209948252,2.2822178997275392e-05,0.0047772564299266365,0.015570930855363846,0.0
CRLX_matched_ridge,4,571,2022-09-30,2022-08-31,100.0,-2.6463004734576345,-2.8309900801194288,0.03411025080888827,0.18468960666179424,0.00014300854562604974,0.011958618048338601,0.07745694588341512,1.0
CRLX_matched_ridge,4,571,2022-10-31,2022-09-30,100.0,-2.523493614612676,-2.6664826583217986,0.020445866620849365,0.14298904370912258,0.0001141214553295589,0.010682764404851344,0.04508520048136477,0.0
CRLX_matched_ridge,4,571,2022-11-30,2022-10-31,100.0,-2.5435772319280385,-2.849462522491515,0.09356581098310235,0.30588529056347635,0.0004288776389785043,0.020709361143659268,0.23192233729531875,1.0
CRLX_matched_ridge,4,571,2022-12-31,2022-11-30,100.0,-2.95330714551955,-2.8199235214558818,0.01779119116835794,0.1333836240636681,5.54072498076839e-05,0.0074436046246213194,0.032618552175120996,1.0
CRLX_matched_ridge,4,571,2023-01-31,2022-12-31,1.0,-3.0445998097233513,-2.789691347856979,0.06497832393107972,0.25490846186637217,0.00019112540608859217,0.013824811249655171,0.11042244909807791,0.0
CRLX_matched_ridge,4,571,2023-02-28,2023-01-31,1.0,-3.1746943824188296,-3.0957371993482905,0.006234236758434629,0.07895718307053912,1.1797638085092152e-05,0.003434769000252004,0.011837269692126395,1.0
CRLX_matched_ridge,4,571,2023-03-31,2023-02-28,1.0,-2.924024732160048,-3.0798398011491095,0.02427833572406603,0.1558150689890616,6.006924318195196e-05,0.007750435031787052,0.054019359746433904,1.0
CRLX_matched_ridge,4,571,2023-04-30,2023-03-31,1.0,-3.4424462204163033,-3.0378695168789305,0.16368230904516728,0.40457670353737285,0.0002544205447798212,0.015950565657048693,0.2543882464535342,1.0
CRLX_matched_ridge,4,571,2023-05-31,2023-04-30,1.0,-3.2992440662773723,-3.3271381855128386,0.0007780818879224084,0.027894119235466253,1.0309846958984422e-06,0.001015374165467313,0.0015855104742561882,1.0
CRLX_matched_ridge,4,571,2023-06-30,2023-05-31,1.0,-3.4043319921867217,-3.3258949493103533,0.0061523696951892425,0.07843704287636832,7.35130855866195e-06,0.002711329666171554,0.011685770764314096,1.0
CRLX_matched_ridge,4,571,2023-07-31,2023-06-30,1.0,-3.766103134731879,-3.407603698569904,0.12852184572845407,0.3584994361619751,9.956851972879079e-05,0.009978402664193843,0.20521412817732332,1.0
CRLX_matched_ridge,4,571,2023-08-31,2023-07-31,1.0,-3.3080680545326713,-3.4638761836875482,0.02427617311074282,0.15580812915487696,2.7863817544700558e-05,0.005278618905045197,0.05401428478420839,1.0
CRLX_matched_ridge,4,571,2023-09-30,2023-08-31,1.0,-3.4377168665741427,-3.320630318011318,0.013709259854354665,0.11708654856282452,1.5936656699127695e-05,0.003992074235172449,0.02539794242050361,1.0
CRLX_matched_ridge,4,571,2023-10-31,2023-09-30,1.0,-3.193062653385387,-3.2192662077543277,0.0006866262615660328,0.02620355436894073,1.1269540771902666e-06,0.0010615809329440062,0.0013975595483237888,1.0
CRLX_matched_ridge,4,571,2023-11-30,2023-10-31,1.0,-3.314231456188941,-3.258234621209052,0.003135645527764939,0.055996834979889165,4.3858592617286424e-06,0.0020942443175829897,0.006043586814157467,1.0
CRLX_matched_ridge,4,571,2023-12-31,2023-11-30,1.0,-3.5682415676821626,-3.4041664977205075,0.026920628582922018,0.1640750699616551,2.52918687493659e-05,0.00502910218124129,0.04840501249888152,1.0
CRLX_matched_ridge,4,571,2024-01-31,2023-12-31,1.0,-3.464679499845587,-3.353545916878078,0.012350673263196225,0.11113358296750908,1.352134510861091e-05,0.0036771381682785473,0.022968581548672096,1.0
CRLX_matched_ridge,4,571,2024-02-29,2024-01-31,1e-06,-3.3448968495093907,-3.3791317910686898,0.0011720312235686226,0.03423494155929907,1.4085525809267194e-06,0.0011868245788349344,0.0023984901309291873,1.0
CRLX_matched_ridge,4,571,2024-03-31,2024-02-29,1e-06,-3.578980917498339,-3.391124346608182,0.03529009122660856,0.18785657089015695,3.325457042944026e-05,0.005766677590210871,0.06251246059764737,1.0
CRLX_matched_ridge,4,571,2024-04-30,2024-03-31,1e-06,-3.229795427472849,-3.430044135214101,0.04009954495204137,0.20024870774125203,5.155355733352246e-05,0.007180080593804115,0.09206952344640518,1.0
CRLX_matched_ridge,4,571,2024-05-31,2024-04-30,0.0001,-3.5511189897853304,-3.243598102993154,0.09456909581344655,0.3075208867921764,0.00010672372466179827,0.010330717528894025,0.1556600848573359,1.0
CRLX_matched_ridge,4,571,2024-06-30,2024-05-31,100.0,-3.974283728374348,-3.4340906618191984,0.29180854915425647,0.5401930665551498,0.00018122463524281051,0.013461969961443627,0.4198505549920585,0.0
CRLX_matched_ridge,4,571,2024-07-31,2024-06-30,100.0,-3.1722014727576715,-3.6633956705972532,0.24127173999127016,0.49119419783958174,0.0002645810662915222,0.0162659480600278,0.6884392276869848,1.0
CRLX_matched_ridge,4,571,2024-08-31,2024-07-31,1e-06,-2.872824298145019,-3.3813853137262866,0.25863430656905034,0.5085610155812677,0.0005079928554576846,0.022538696844708758,0.7481030384577207,0.0
CRLX_matched_ridge,4,571,2024-09-30,2024-08-31,100.0,-3.260469768692696,-3.1140636158971,0.0214347615764074,0.146406152795596,3.659903165197857e-05,0.0060497133528770244,0.03897448361476974,1.0
CRLX_matched_ridge,4,571,2024-10-31,2024-09-30,100.0,-3.4205129328690873,-3.229653564755452,0.03642729839673613,0.19085936811363524,4.7273123388712394e-05,0.006875545315734047,0.06440577756458182,0.0
CRLX_matched_ridge,4,571,2024-11-30,2024-10-31,100.0,-3.343202830242378,-3.2797854957964683,0.004021758308224392,0.06341733444590991,5.348527478431419e-06,0.0023126883660431682,0.007713966200894637,1.0
CRLX_matched_ridge,4,571,2024-12-31,2024-11-30,100.0,-3.197711188525805,-3.3637863209969963,0.027580949625323672,0.1660751324711911,3.908274078245281e-05,0.006251619052889644,0.06181203149755743,0.0
CRLX_matched_ridge,4,571,2025-01-31,2024-12-31,100.0,-3.243856524094862,-3.2303071375238916,0.0001835858764495864,0.013549386570970157,2.832385472518981e-07,0.0005322016039546462,0.00036387746617363645,1.0
CRLX_matched_ridge,4,571,2025-02-28,2025-01-31,100.0,-3.336086010210643,-3.288358234739657,0.0022779405514088266,0.04772777547098572,3.0245811728983434e-06,0.001739132304598573,0.004414314058539856,1.0
CRLX_matched_ridge,4,571,2025-03-31,2025-02-28,100.0,-2.8188957116043185,-3.2909732948801422,0.22285724463154227,0.4720775832758237,0.0005041907905356108,0.022454193161536906,0.6264855311440516,1.0
CRLX_matched_ridge,4,571,2025-04-30,2025-03-31,100.0,-1.9836117337402832,-3.0730566226525164,1.1868901659769882,1.0894448889122332,0.008334227054184604,0.09129198789699239,5.657600565448178,0.0
CRLX_matched_ridge,4,571,2025-05-31,2025-04-30,100.0,-3.0297758721398087,-2.7169187568057835,0.09787957461512752,0.31285711533402516,0.00031511842832008873,0.0177515753757262,0.16059349555210795,1.0
CRLX_matched_ridge,4,571,2025-06-30,2025-05-31,100.0,-3.53015126294113,-3.1114051354903287,0.17534831925504255,0.4187461274508011,0.0002321919357891742,0.015237845510083576,0.2702867568826124,1.0
CRLX_matched_ridge,4,571,2025-07-31,2025-06-30,100.0,-3.950725844114382,-3.257298147478753,0.4808419704613945,0.6934276966356294,0.0003706212963450357,0.019251527117219447,0.6367151745706943,0.0
CRLX_matched_ridge,4,571,2025-08-31,2025-07-31,100.0,-3.3885322185760227,-3.455548965895529,0.004491244421286577,0.06701674731950646,4.788313052029068e-06,0.0021882214357850233,0.009397623176766068,1.0
CRLX_matched_ridge,4,571,2025-09-30,2025-08-31,100.0,-3.84430960652608,-3.3748498824199586,0.2203924325577956,0.46945972410612136,0.00016440583161810325,0.012822083747117831,0.32996960530576946,0.0
CRLX_matched_ridge,4,571,2025-10-31,2025-09-30,100.0,-3.200563742469265,-3.5746386738557634,0.1399320542918135,0.3740749313864984,0.00016163767846307935,0.012713680759838173,0.36493703431964497,1.0
CRLX_matched_ridge,4,571,2025-11-30,2025-10-31,100.0,-3.187697796475165,-3.344120627114794,0.0244681019453141,0.15642283063962914,3.570696458382063e-05,0.005975530485556962,0.0544648245113063,0.0
CRLX_matched_ridge,4,571,2025-12-31,2025-11-30,100.0,-3.6690396499504754,-3.273763345846981,0.15624335658571814,0.39527630410349435,0.00015283675972474858,0.012362716518821766,0.24414667441462512,1.0
CRLX_matched_ridge,4,571,2026-01-31,2025-12-31,100.0,-3.5432590006801346,-3.4240813290263254,0.014203317420823133,0.1191776716538091,1.3397578444186497e-05,0.003660270269281559,0.026278001606898138,1.0
CRLX_matched_ridge,4,571,2026-02-28,2026-01-31,100.0,-3.319270460859548,-3.4225434826098358,0.010665317021435451,0.10327302175028796,1.2601641835053882e-05,0.0035498791296400337,0.022878296413617133,1.0
CRLX_matched_ridge,4,571,2026-03-31,2026-02-28,100.0,-2.9305194230637723,-3.3919388598095237,0.21290789660676646,0.46141943674575137,0.00038911215165952977,0.01972592587585003,0.5935851954303724,0.0
CRLX_matched_ridge,4,571,2026-04-30,2026-03-31,100.0,-3.2372756219261025,-3.1672180989970133,0.004908056518959856,0.07005752292908918,8.12177388049902e-06,0.0028498726077667083,0.009373270945724654,1.0
CRLX_matched_ridge,4,571,2026-05-31,2026-04-30,100.0,-3.511913129771558,-3.3178412612667385,0.03766389014495186,0.19407186850481928,4.0847285770371326e-05,0.006391188134484176,0.06645857431999497,1.0
CRLX_matched_ridge,4,571,2026-06-30,2026-05-31,100.0,-3.0167824583115244,-3.364489180449218,0.12089996461973934,0.3477067221376937,0.00020675033849717225,0.014378815615243568,0.30912422298873055,1.0
CRLX_matched_ridge,4,571,2026-07-31,2026-06-30,100.0,-3.371790235714744,-3.118739526828068,0.06403466126804926,0.253050708886676,9.770799742379355e-05,0.00988473557682721,0.1089426473616184,1.0
CRLX_matched_ridge,4,571,2026-08-31,2026-07-31,100.0,-3.5077496504538077,-3.277610684227433,0.052963943775744406,0.23013896622637464,6.0124537482522975e-05,0.007754001385254131,0.09138614812765006,0.0
CRLX_matched_ridge,4,120,2020-01-31,2019-12-31,100.0,-3.3942209625474167,-3.570660724279125,0.03113098951994195,0.17643976173170817,2.9478787569371177e-05,0.005429437131910745,0.07028015229273638,1.0
CRLX_matched_ridge,4,120,2020-02-29,2020-01-31,100.0,-2.656216692100947,-3.4569509658174806,0.6411753771043447,0.8007342737165337,0.0014967319377581043,0.038687619954684525,2.3588429835632536,0.0
CRLX_matched_ridge,4,120,2020-03-31,2020-02-29,100.0,-1.2968785055181968,-3.0041932043161252,2.914923480731461,1.7073146987979284,0.050088718548776764,0.22380509053365333,25.99104952395209,0.0
CRLX_matched_ridge,4,120,2020-04-30,2020-03-31,1e-08,-2.134827132729708,4.982571317849995,50.65736070431436,7.117398450579703,21237.424920773246,145.73065882227132,13.234797558675298,0.0
CRLX_matched_ridge,4,120,2020-05-31,2020-04-30,100.0,-2.753012874659256,-2.4555592637919714,0.08847865061798604,0.2974536108672847,0.0004875106905624776,0.022079644258059902,0.1465209629944822,1.0
CRLX_matched_ridge,4,120,2020-06-30,2020-05-31,0.01,-2.451931103357683,-3.5537089166930116,1.2139143499579783,1.1017778133353286,0.0033072627421087165,0.057508805778843264,5.853604568421496,0.0
CRLX_matched_ridge,4,120,2020-07-31,2020-06-30,100.0,-3.218790749890995,-2.8801997455495156,0.11464386822097163,0.33859100434147926,0.0002598591760878803,0.016120148141002932,0.18522865676671663,1.0
CRLX_matched_ridge,4,120,2020-08-31,2020-07-31,100.0,-3.605902901033218,-3.28376611634497,0.10377210804928273,0.32213678468824813,0.00010658296515149563,0.01032390261245696,0.16931738088679965,1.0
CRLX_matched_ridge,4,120,2020-09-30,2020-08-31,100.0,-2.6518079305455564,-3.4783926605984155,0.6832423159565578,0.826584730052859,0.0015734413098261392,0.039666627154651544,2.5703398628591643,1.0
CRLX_matched_ridge,4,120,2020-10-31,2020-09-30,100.0,-2.7990558904711156,-3.150228921685013,0.12332249785195698,0.3511730312138974,0.0003249072180712121,0.018025182885929678,0.31613658080136586,1.0
CRLX_matched_ridge,4,120,2020-11-30,2020-10-31,100.0,-3.0039008865838612,-3.0608820013879443,0.003246847444316096,0.05698111480408308,7.545319692402448e-06,0.0027468745316090518,0.0067475648285052064,1.0
CRLX_matched_ridge,4,120,2020-12-31,2020-11-30,100.0,-3.651528771176814,-3.1894667572307647,0.21350130473187895,0.4620620139460492,0.0002323309634996644,0.015242406748924672,0.32100294960919784,1.0
CRLX_matched_ridge,4,120,2021-01-31,2020-12-31,100.0,-3.0833520658531506,-3.484131454516504,0.16062411837737137,0.4007793886633535,0.0002287674985322478,0.015125061934823533,0.42745397910510663,1.0
CRLX_matched_ridge,4,120,2021-02-28,2021-01-31,100.0,-3.2488415694882113,-3.290131209549237,0.001704834376369072,0.04128964006102587,2.465494839302879e-06,0.0015701894278407555,0.0035054948374075162,1.0
CRLX_matched_ridge,4,120,2021-03-31,2021-02-28,100.0,-3.0053155591944845,-3.335457903705258,0.10899396763907034,0.3301423445107736,0.00019390123841795702,0.013924842491674978,0.275058537929872,0.0
CRLX_matched_ridge,4,120,2021-04-30,2021-03-31,100.0,-3.42852988588876,-3.321493512062802,0.011456785321810152,0.10703637382595765,1.3427014446383162e-05,0.003664289077895351,0.021362402111589934,1.0
CRLX_matched_ridge,4,120,2021-05-31,2021-04-30,100.0,-3.25075444008131,-3.434034332513349,0.03359151896989967,0.18327989243203868,4.209961686049586e-05,0.006488421754209252,0.0762028684770103,0.0
CRLX_matched_ridge,4,120,2021-06-30,2021-05-31,100.0,-3.7043212595884913,-3.351575887932851,0.12442929722447568,0.3527453716556401,0.00010841366801122245,0.010412188435253295,0.1993568965776643,1.0
CRLX_matched_ridge,4,120,2021-07-31,2021-06-30,100.0,-3.3961998858730538,-3.4801294922768253,0.007044178831092012,0.08392960640377156,7.273331642820617e-06,0.0026969115007394323,0.01491086723896315,1.0
CRLX_matched_ridge,4,120,2021-08-31,2021-07-31,100.0,-3.708249345225621,-3.4417458421447824,0.07102411715435848,0.2665035030808385,5.607526277367588e-05,0.007488341790655384,0.119844695512491,1.0
CRLX_matched_ridge,4,120,2021-09-30,2021-08-31,100.0,-3.2831324409451104,-3.520248510740477,0.05622403055520121,0.2371160697953667,6.270252546367932e-05,0.007918492625726144,0.13254780138426037,1.0
CRLX_matched_ridge,4,120,2021-10-31,2021-09-30,100.0,-3.386780947876349,-3.3412150801706746,0.0020762482997710103,0.04556586770567428,2.485552159091715e-06,0.001576563401545182,0.00402917746890713,1.0
CRLX_matched_ridge,4,120,2021-11-30,2021-10-31,100.0,-3.3064112261583376,-3.409368068593552,0.010600111404229545,0.1029568424352143,1.2854883264389323e-05,0.003585370729002696,0.022733463710028573,0.0
CRLX_matched_ridge,4,120,2021-12-31,2021-11-30,100.0,-2.9961728370061524,-3.3583661180309,0.1311839728194717,0.36219328102474746,0.0002306121064653227,0.015185918031693793,0.33907834190873265,0.0
CRLX_matched_ridge,4,120,2022-01-31,2021-12-31,100.0,-2.941546598012492,-3.343088381427825,0.16123580382836616,0.401541783415333,0.0003047240224790417,0.017456346194981404,0.42933055738228143,0.0
CRLX_matched_ridge,4,120,2022-02-28,2022-01-31,100.0,-2.799886911249737,-3.193192244214652,0.15468908493864264,0.393305332964915,0.00039110165088927296,0.019776290119465606,0.40933035531466144,0.0
CRLX_matched_ridge,4,120,2022-03-31,2022-02-28,100.0,-2.6765886403079335,-3.121710891659844,0.1981338186485933,0.4451222513519104,0.0006108689039599375,0.024715762257311376,0.5454806171638205,0.0
CRLX_matched_ridge,4,120,2022-04-30,2022-03-31,100.0,-2.6479040482811675,-3.0652464053837547,0.17417464303194338,0.41734235710258716,0.0005835655945945078,0.024157102363373546,0.46940277349583326,0.0
CRLX_matched_ridge,4,120,2022-05-31,2022-04-30,0.0001,-2.4244039455209907,-2.8165644654602375,0.15378987339902042,0.39216051993924683,0.0008248268771839057,0.028719799393169612,0.40659784919288344,0.0
CRLX_matched_ridge,4,120,2022-06-30,2022-05-31,0.0001,-2.4599056517814564,-3.1196292230328018,0.435235190464629,0.6597235712513454,0.0017031689945076404,0.04126946806669115,1.4219052281697673,1.0
CRLX_matched_ridge,4,120,2022-07-31,2022-06-30,0.01,-2.8821019465281603,-2.6109532696291238,0.07352160498409811,0.27114867689903654,0.0003044182025215534,0.0174475844322804,0.12370836390859258,1.0
CRLX_matched_ridge,4,120,2022-08-31,2022-07-31,0.0001,-2.844606483048602,-2.9830104852992227,0.019155667838989778,0.13840400225062055,5.650521891628313e-05,0.007516995338317241,0.042105116840543466,0.0
CRLX_matched_ridge,4,120,2022-09-30,2022-08-31,0.01,-2.6463004734576345,-2.7596523082482736,0.012848638450404327,0.11335183479063904,5.774928400173911e-05,0.007599294967412379,0.02775440918775074,1.0
CRLX_matched_ridge,4,120,2022-10-31,2022-09-30,1.0,-2.523493614612676,-2.532207089938013,7.59246522452578e-05,0.008713475325337061,4.83863253237464e-07,0.0006956027984686836,0.00015273525107110594,1.0
CRLX_matched_ridge,4,120,2022-11-30,2022-10-31,1.0,-2.5435772319280385,-3.05593380909571,0.26250926216697207,0.5123565771676715,0.0009926307273952727,0.03150604271239523,0.7615829546314103,1.0
CRLX_matched_ridge,4,120,2022-12-31,2022-11-30,1.0,-2.95330714551955,-3.0663162260152923,0.012771052274493192,0.11300908049574243,3.107417589851487e-05,0.005574421575241226,0.027580270670414242,1.0
CRLX_matched_ridge,4,120,2023-01-31,2022-12-31,1.0,-3.0445998097233513,-3.0046638015644076,0.001594884747671219,0.039936008158943714,3.763788568432269e-06,0.0019400485995026695,0.0031065140941157476,1.0
CRLX_matched_ridge,4,120,2023-02-28,2023-01-31,1.0,-3.1746943824188296,-3.2189625100611803,0.0019596671249594508,0.04426812764235066,3.277353752652067e-06,0.0018103463073821172,0.0040376081841995565,1.0
CRLX_matched_ridge,4,120,2023-03-31,2023-02-28,1.0,-2.924024732160048,-3.106109115636859,0.033154722706130485,0.18208438347681133,7.996337625274202e-05,0.00894222434591875,0.07514833587079761,1.0
CRLX_matched_ridge,4,120,2023-04-30,2023-03-31,1.0,-3.4424462204163033,-3.0471134957692967,0.15628796317682597,0.39533272464700664,0.0002405439609542477,0.015509479712557984,0.24420833434187417,1.0
CRLX_matched_ridge,4,120,2023-05-31,2023-04-30,1.0,-3.2992440662773723,-3.4311094994497795,0.017388492465746582,0.13186543317240718,2.079388970290875e-05,0.004560031765559178,0.038046930589335226,1.0
CRLX_matched_ridge,4,120,2023-06-30,2023-05-31,1.0,-3.4043319921867217,-3.47379084565524,0.004824532325161131,0.06945885346851854,4.9716325745971326e-06,0.002229715805791656,0.01011183201556684,1.0
CRLX_matched_ridge,4,120,2023-07-31,2023-06-30,1.0,-3.766103134731879,-3.574090850228324,0.03686871740027415,0.192012284503555,2.399861615049182e-05,0.004898838244981336,0.06513926166935602,1.0
CRLX_matched_ridge,4,120,2023-08-31,2023-07-31,1.0,-3.3080680545326713,-3.416769329666785,0.011815967215782274,0.10870127513411365,1.4201594292760543e-05,0.0037685002710309765,0.025441758493483457,1.0
CRLX_matched_ridge,4,120,2023-09-30,2023-08-31,1.0,-3.4377168665741427,-3.2175119823617107,0.048490191031010585,0.220204884212432,6.267277723101774e-05,0.007916614000380323,0.08418233778092832,0.0
CRLX_matched_ridge,4,120,2023-10-31,2023-09-30,1.0,-3.193062653385387,-2.9916838197572395,0.04055343463343309,0.20137883362814746,8.384816431633644e-05,0.009156864327723571,0.07123174010948785,1.0
CRLX_matched_ridge,4,120,2023-11-30,2023-10-31,1.0,-3.314231456188941,-3.070244207594457,0.05952977747670667,0.24398724859448429,0.00010095901278824203,0.01004783622419484,0.10184302540523255,0.0
CRLX_matched_ridge,4,120,2023-12-31,2023-11-30,1.0,-3.5682415676821626,-3.28793056449116,0.07857425850994637,0.28031100319100277,8.327687216178932e-05,0.009125616262027968,0.13147588502283164,0.0
CRLX_matched_ridge,4,120,2024-01-31,2023-12-31,1.0,-3.464679499845587,-3.2000886052791246,0.0700083414874808,0.26459089456646234,8.978628196531294e-05,0.009475562356151372,0.1182685588740296,1.0
CRLX_matched_ridge,4,120,2024-02-29,2024-01-31,1.0,-3.3448968495093907,-3.2314613652597433,0.012867609086952014,0.11343548424964744,1.7942684448215812e-05,0.004235880598909253,0.02389458530822,1.0
CRLX_matched_ridge,4,120,2024-03-31,2024-02-29,1.0,-3.578980917498339,-3.506321554684778,0.005279383004472724,0.07265936281356122,4.422485957053016e-06,0.0021029707456484067,0.010065357897437843,1.0
CRLX_matched_ridge,4,120,2024-04-30,2024-03-31,1.0,-3.229795427472849,-3.505640085874096,0.07609027556850068,0.27584465840124706,9.097430262763123e-05,0.009538045010778217,0.1844941890753592,1.0
CRLX_matched_ridge,4,120,2024-05-31,2024-04-30,1.0,-3.5511189897853304,-3.237110189196635,0.09860152684715094,0.3140088005886952,0.0001120362970544138,0.01058471997997178,0.1616662587530318,1.0
CRLX_matched_ridge,4,120,2024-06-30,2024-05-31,100.0,-3.974283728374348,-3.4326756956190847,0.29333926114502656,0.5416080327552635,0.00018245638199247796,0.013507641614748222,0.4217211840481023,0.0
CRLX_matched_ridge,4,120,2024-07-31,2024-06-30,100.0,-3.1722014727576715,-3.5989687765680074,0.18213033160154354,0.4267673038103359,0.00021197368220404273,0.014559315993687434,0.49439661026431825,1.0
CRLX_matched_ridge,4,120,2024-08-31,2024-07-31,100.0,-2.872824298145019,-3.354916216658876,0.23241261789637135,0.482091918513857,0.000467715135911416,0.021626722727020292,0.6584624389281464,0.0
CRLX_matched_ridge,4,120,2024-09-30,2024-08-31,100.0,-3.260469768692696,-3.1797503152074675,0.006515630170953926,0.08071945348522824,1.0404954290948125e-05,0.003225671138065399,0.012357422037876015,1.0
CRLX_matched_ridge,4,120,2024-10-31,2024-09-30,100.0,-3.4205129328690873,-3.2309867241081616,0.03592018380729001,0.18952620876092574,4.655095111837145e-05,0.006822825742928765,0.06356214894393059,0.0
CRLX_matched_ridge,4,120,2024-11-30,2024-10-31,100.0,-3.343202830242378,-3.274682971535812,0.0046949710371677784,0.06851985870656607,6.276124381430001e-06,0.0025052194278006867,0.00897531183127695,1.0
CRLX_matched_ridge,4,120,2024-12-31,2024-11-30,100.0,-3.197711188525805,-3.3568234770784207,0.025316720368450778,0.1591122885526155,3.6118130050441494e-05,0.006009836108451003,0.05646037222541783,0.0
CRLX_matched_ridge,4,120,2025-01-31,2024-12-31,100.0,-3.243856524094862,-3.242033654999773,3.3228517378305786e-06,0.001822869095088997,5.066695085787386e-09,7.118072130701814e-05,6.63763466620575e-06,1.0
CRLX_matched_ridge,4,120,2025-02-28,2025-01-31,100.0,-3.336086010210643,-3.312407991352704,0.0005606485770369185,0.023678018857939076,7.266190117175813e-07,0.0008524195045384528,0.0011038046727083056,1.0
CRLX_matched_ridge,4,120,2025-03-31,2025-02-28,100.0,-2.8188957116043185,-3.299470228321604,0.23095186611805268,0.4805745167172857,0.0005184314130272139,0.0227690889810553,0.6535500913004753,1.0
CRLX_matched_ridge,4,120,2025-04-30,2025-03-31,100.0,-1.9836117337402832,-3.104487390580512,1.2563622380970147,1.120875656840229,0.008597733780879965,0.0927239655152861,6.168045056905438,0.0
CRLX_matched_ridge,4,120,2025-05-31,2025-04-30,100.0,-3.0297758721398087,-2.7509625107965947,0.07773689046350162,0.278813361343214,0.00024148822262813315,0.015539891332571575,0.1301930339730067,1.0
CRLX_matched_ridge,4,120,2025-06-30,2025-05-31,100.0,-3.53015126294113,-3.2257130791683553,0.09268260773886565,0.30443818377277454,0.00010872147830835766,0.010426959207187763,0.15283810642299195,1.0
CRLX_matched_ridge,4,120,2025-07-31,2025-06-30,100.0,-3.950725844114382,-3.3713740959555425,0.3356484480947036,0.5793517481588397,0.00022806086564245665,0.015101684198871881,0.4725963767749345,0.0
CRLX_matched_ridge,4,120,2025-08-31,2025-07-31,100.0,-3.3885322185760227,-3.4831268963209596,0.008948153057668462,0.0945946777449369,9.283967025314599e-06,0.0030469602927039596,0.019080367838197193,1.0
CRLX_matched_ridge,4,120,2025-09-30,2025-08-31,100.0,-3.84430960652608,-3.3679881859895793,0.22688209566190998,0.47632142053650073,0.000170504073728138,0.013057720847381368,0.33836311889447024,0.0
CRLX_matched_ridge,4,120,2025-10-31,2025-09-30,100.0,-3.200563742469265,-3.5562736943652755,0.12652956987786212,0.3557099518960105,0.00014869941393550758,0.012194236914850703,0.3254614781187395,1.0
CRLX_matched_ridge,4,120,2025-11-30,2025-10-31,100.0,-3.187697796475165,-3.3260072218216177,0.019129497139665982,0.13830942534645274,2.841381947446966e-05,0.005330461469185352,0.042044816802429774,0.0
CRLX_matched_ridge,4,120,2025-12-31,2025-11-30,100.0,-3.6690396499504754,-3.2794218531427775,0.1518020275892846,0.3896177968076979,0.00014759989524997284,0.012149069727759934,0.23799214736377383,1.0
CRLX_matched_ridge,4,120,2026-01-31,2025-12-31,100.0,-3.5432590006801346,-3.3994015842277285,0.020694956268360976,0.14385741645240602,2.0019543841586042e-05,0.004474320489368865,0.03769026296750205,1.0
CRLX_matched_ridge,4,120,2026-02-28,2026-01-31,100.0,-3.319270460859548,-3.3777930254604978,0.0034248905674723606,0.058522564600949956,4.229343212815787e-06,0.0020565367034934695,0.007125032246072291,1.0
CRLX_matched_ridge,4,120,2026-03-31,2026-02-28,100.0,-2.9305194230637723,-3.370122790153424,0.19325112035655892,0.43960336708965153,0.0003603882617850321,0.01898389480019925,0.5297812462573666,0.0
CRLX_matched_ridge,4,120,2026-04-30,2026-03-31,100.0,-3.2372756219261025,-3.1821685784789877,0.0030367862374821994,0.05510704344711481,4.949882976557676e-06,0.0022248332469103557,0.00585645637099419,1.0
CRLX_matched_ridge,4,120,2026-05-31,2026-04-30,100.0,-3.511913129771558,-3.3661967842892535,0.02123325334071826,0.14571634548230428,2.1910872970873583e-05,0.0046809051444003415,0.038624995668318785,1.0
CRLX_matched_ridge,4,120,2026-06-30,2026-05-31,100.0,-3.0167824583115244,-3.4210742782542845,0.16345187567262914,0.4042918199427601,0.00026507681065773164,0.016281179645766815,0.43614275325057417,1.0
CRLX_matched_ridge,4,120,2026-07-31,2026-06-30,100.0,-3.371790235714744,-3.196062714070643,0.030880161863177984,0.175727521644101,4.349252050764032e-05,0.0065948859359082415,0.05511852693555841,1.0
CRLX_matched_ridge,4,120,2026-08-31,2026-07-31,100.0,-3.5077496504538077,-3.3005008806231406,0.04295205259632483,0.2072487698306671,4.761592399419352e-05,0.006900429261588986,0.07516969853822175,0.0
QR1_matched_ridge,0,571,2020-01-31,2019-12-31,1.0,-3.3942209625474167,-3.624433363821778,0.05299774970050748,0.23021240127436116,4.764439225543682e-05,0.0069024917425113096,0.12432224406097303,1.0
QR1_matched_ridge,0,571,2020-02-29,2020-01-31,1.0,-2.656216692100947,-3.492012975300799,0.6985554270106876,0.8357962831998522,0.0015819569333703938,0.03977382221223394,2.6490419508422987,0.0
QR1_matched_ridge,0,571,2020-03-31,2020-02-29,1.0,-1.2968785055181968,-2.8693477870557818,2.4726596413793285,1.572469281537585,0.04693631700565019,0.21664791022682445,19.073310408572937,0.0
QR1_matched_ridge,0,571,2020-04-30,2020-03-31,1.0,-2.134827132729708,-2.2062049176639547,0.005094788182119549,0.07137778493424651,6.637801275118728e-05,0.008147270263786963,0.010692259932986503,1.0
QR1_matched_ridge,0,571,2020-05-31,2020-04-30,1.0,-2.753012874659256,-2.688380648214534,0.004177324695201836,0.06463222644472211,1.8108489671757156e-05,0.004255407109990436,0.008006001963050915,1.0
QR1_matched_ridge,0,571,2020-06-30,2020-05-31,1.0,-2.451931103357683,-2.8181647056270895,0.1341270514312259,0.3662336022694066,0.0006975761989029081,0.026411667855379906,0.34773937223589213,0.0
QR1_matched_ridge,0,571,2020-07-31,2020-06-30,1.0,-3.218790749890995,-2.8103636130258676,0.16681272612784545,0.4084271368651273,0.00040722036911883074,0.020179701908572156,0.2586735871150462,1.0
QR1_matched_ridge,0,571,2020-08-31,2020-07-31,1.0,-3.605902901033218,-3.115777835648734,0.24022257971814512,0.4901250653844844,0.0002951899588916056,0.017181093064517334,0.35546736450637606,0.0
QR1_matched_ridge,0,571,2020-09-30,2020-08-31,1.0,-2.6518079305455564,-3.274356700479755,0.3875669709465839,0.6225487699341987,0.0010681387037428406,0.032682391340641534,1.2281760255930414,1.0
QR1_matched_ridge,0,571,2020-10-31,2020-09-30,1e-08,-2.7990558904711156,-2.8103896884929283,0.00012845497759924476,0.011333798021812669,4.705484261764467e-07,0.0006859653243251052,0.0002588621827404672,1.0
QR1_matched_ridge,0,571,2020-11-30,2020-10-31,1e-08,-3.0039008865838612,-2.806077255241833,0.03913418911734663,0.19782363134202807,0.00011768761029646854,0.010848392060414692,0.06889139507086584,1.0
QR1_matched_ridge,0,571,2020-12-31,2020-11-30,1e-08,-3.651528771176814,-3.0027098146609967,0.42096603833427376,0.6488189565158171,0.0005617332591841671,0.023700912623444842,0.5708142107508314,0.0
QR1_matched_ridge,0,571,2021-01-31,2020-12-31,1.0,-3.0833520658531506,-3.2606710532541614,0.031442023292919834,0.17731898740101082,5.539542238377027e-05,0.007442810113375879,0.07102645959368054,1.0
QR1_matched_ridge,0,571,2021-02-28,2021-01-31,1.0,-3.2488415694882113,-3.0274457390552345,0.049016113733107436,0.22139583043297684,9.254546850657161e-05,0.009620055535524294,0.08503265794960047,0.0
QR1_matched_ridge,0,571,2021-03-31,2021-02-28,1.0,-3.0053155591944845,-3.2067689826755505,0.04058348183224175,0.2014534234810661,8.16476210709971e-05,0.009035907318636967,0.09326066566080071,1.0
QR1_matched_ridge,0,571,2021-04-30,2021-03-31,1.0,-3.42852988588876,-3.1840848367489825,0.05975338204894818,0.24444504913977738,8.06681092220137e-05,0.008981542697221546,0.10219682503417055,1.0
QR1_matched_ridge,0,571,2021-05-31,2021-04-30,1.0,-3.25075444008131,-3.346695034574015,0.009204597671613652,0.09594059449270498,1.2563250199915036e-05,0.003544467548153747,0.019645376727687625,1.0
QR1_matched_ridge,0,571,2021-06-30,2021-05-31,1.0,-3.7043212595884913,-3.237223552684866,0.21818026779462504,0.4670977069036253,0.00021479430513979766,0.014655862483654712,0.3270972756117163,0.0
QR1_matched_ridge,0,571,2021-07-31,2021-06-30,1.0,-3.3961998858730538,-3.4400430163814635,0.0019222200927774464,0.04384313050840971,2.065047803485612e-06,0.0014370274191836466,0.003959315506076699,1.0
QR1_matched_ridge,0,571,2021-08-31,2021-07-31,1.0,-3.708249345225621,-3.4460266782021103,0.06876072710092292,0.2622226670235106,5.404617594722802e-05,0.007351610432226943,0.11632890504786075,1.0
QR1_matched_ridge,0,571,2021-09-30,2021-08-31,1.0,-3.2831324409451104,-3.5449137253160465,0.06852944084689695,0.2617812843709362,7.464026358956767e-05,0.008639459681575444,0.16446810683181834,1.0
QR1_matched_ridge,0,571,2021-10-31,2021-09-30,1e-08,-3.386780947876349,-3.2406964604810833,0.02134067745753751,0.14608448739526558,2.8294598919225853e-05,0.005319266765187271,0.03881133636739326,0.0
QR1_matched_ridge,0,571,2021-11-30,2021-10-31,1e-08,-3.3064112261583376,-3.4882617573129933,0.03306961568123039,0.18185053115465566,3.7131001600351275e-05,0.006093521280864725,0.0749430226205472,0.0
QR1_matched_ridge,0,571,2021-12-31,2021-11-30,1e-08,-2.9961728370061524,-3.354402531170567,0.12832851378112997,0.3582296941644145,0.00022643457035055343,0.015047743031782322,0.33071273404412405,0.0
QR1_matched_ridge,0,571,2022-01-31,2021-12-31,1e-08,-2.941546598012492,-3.2428460559393315,0.09078136334700722,0.3012994579268393,0.00018855241630918887,0.013731438974455258,0.22426157693529902,0.0
QR1_matched_ridge,0,571,2022-02-28,2022-01-31,1e-08,-2.799886911249737,-2.964932948291012,0.02724019434302998,0.16504603704127518,8.561825641555744e-05,0.00925301336946821,0.06100413239175717,0.0
QR1_matched_ridge,0,571,2022-03-31,2022-02-28,1e-08,-2.6765886403079335,-2.9318594703271854,0.06516319665871778,0.2552708300192519,0.00024023781537858683,0.015499606942712671,0.15565180093882347,0.0
QR1_matched_ridge,0,571,2022-04-30,2022-03-31,1e-08,-2.6479040482811675,-3.0309241815435213,0.1467044224843112,0.38302013326235373,0.0005075307689686431,0.022528443554063894,0.3851907982154583,0.0
QR1_matched_ridge,0,571,2022-05-31,2022-04-30,1e-08,-2.4244039455209907,-2.6635234813337028,0.05717815240728689,0.23911953581271206,0.00035451912875971163,0.018828678359346193,0.13499204344442972,0.0
QR1_matched_ridge,0,571,2022-06-30,2022-05-31,1e-08,-2.4599056517814564,-2.819023190832729,0.12896540685424218,0.3591175390512724,0.0006645474160691562,0.025778817196860607,0.33257541622707554,1.0
QR1_matched_ridge,0,571,2022-07-31,2022-06-30,1.0,-2.8821019465281603,-2.505345774667081,0.14194521303541524,0.37675617186107946,0.0006569208401981671,0.025630467030434055,0.22422269304758435,1.0
QR1_matched_ridge,0,571,2022-08-31,2022-07-31,100.0,-2.844606483048602,-3.035971273639963,0.036620483078075416,0.1913647905913609,0.00010259980470466187,0.010129156169428027,0.0835518851690199,0.0
QR1_matched_ridge,0,571,2022-09-30,2022-08-31,100.0,-2.6463004734576345,-2.8241222680553557,0.03162059063395414,0.17782179459772118,0.00013345647616142163,0.011552336394055604,0.07145523497629996,1.0
QR1_matched_ridge,0,571,2022-10-31,2022-09-30,100.0,-2.523493614612676,-2.5825827118456757,0.003491521411810881,0.0590890972329996,2.1164123915011013e-05,0.004600448229793594,0.007266447041036905,1.0
QR1_matched_ridge,0,571,2022-11-30,2022-10-31,100.0,-2.5435772319280385,-2.9260696803503667,0.1463004731001074,0.3824924484223282,0.0006238736009284363,0.024977461859212922,0.3839770214597882,1.0
QR1_matched_ridge,0,571,2022-12-31,2022-11-30,100.0,-2.95330714551955,-2.8143126412022927,0.01931947223040001,0.13899450431725713,6.051302918663566e-05,0.007779012095802118,0.03529415392074098,1.0
QR1_matched_ridge,0,571,2023-01-31,2022-12-31,1e-08,-3.0445998097233513,-2.6705457046337395,0.13991647353439035,0.3740541050896118,0.00046652029909534495,0.021599080978026472,0.22136922695860628,0.0
QR1_matched_ridge,0,571,2023-02-28,2023-01-31,100.0,-3.1746943824188296,-3.054078983705512,0.014548074406772634,0.12061539871331783,2.8721694614749235e-05,0.005359262506609397,0.026891074518148095,1.0
QR1_matched_ridge,0,571,2023-03-31,2023-02-28,100.0,-2.924024732160048,-3.0266140422965027,0.010524566554273704,0.10258931013645478,2.7431875346480053e-05,0.005237544782288744,0.022565725135758663,1.0
QR1_matched_ridge,0,571,2023-04-30,2023-03-31,100.0,-3.4424462204163033,-3.044579077970222,0.15829826303821037,0.39786714244608135,0.000244297107615952,0.015630006641583746,0.24698405224707387,1.0
QR1_matched_ridge,0,571,2023-05-31,2023-04-30,100.0,-3.2992440662773723,-3.215218759082599,0.007060252249176003,0.08402530719477319,1.0468403747115734e-05,0.00323549126827994,0.013361663088714254,1.0
QR1_matched_ridge,0,571,2023-06-30,2023-05-31,100.0,-3.4043319921867217,-3.203900909260895,0.04017261900281961,0.20043108292582668,5.438316396382225e-05,0.007374494149690693,0.07060453389682414,0.0
QR1_matched_ridge,0,571,2023-07-31,2023-06-30,100.0,-3.766103134731879,-3.3742508532724313,0.15354821048497433,0.39185228145944784,0.00012324758699029068,0.011101692978563706,0.24041552196525506,0.0
QR1_matched_ridge,0,571,2023-08-31,2023-07-31,100.0,-3.3080680545326713,-3.4366161230030263,0.01652460590745909,0.12854806847035505,1.9478250800602168e-05,0.0044134171342172235,0.036073305196884564,1.0
QR1_matched_ridge,0,571,2023-09-30,2023-08-31,100.0,-3.4377168665741427,-3.2561475542332112,0.032967415183958716,0.18156931234093143,4.0942025071744846e-05,0.006398595554631098,0.058628639416070716,0.0
QR1_matched_ridge,0,571,2023-10-31,2023-09-30,100.0,-3.193062653385387,-3.2474238617605065,0.002955140976003161,0.054361208375119485,4.716473482721321e-06,0.002171744341012846,0.006130426161016417,1.0
QR1_matched_ridge,0,571,2023-11-30,2023-10-31,100.0,-3.314231456188941,-3.198681400617137,0.013351815342647065,0.11555005557180431,1.9838159015738808e-05,0.004454004828885888,0.024760118990570706,1.0
QR1_matched_ridge,0,571,2023-12-31,2023-11-30,100.0,-3.5682415676821626,-3.40593258093066,0.026344207180299454,0.16230898675150263,2.4705463380684634e-05,0.00497045907142234,0.04742140447004123,1.0
QR1_matched_ridge,0,571,2024-01-31,2023-12-31,100.0,-3.464679499845587,-3.437174158887599,0.000756543781215182,0.027505340957988178,7.610697962174209e-07,0.0008723931431513093,0.0014857196486352808,1.0
QR1_matched_ridge,0,571,2024-02-29,2024-01-31,100.0,-3.3448968495093907,-3.3707373619143204,0.0006677320813493248,0.025840512404929683,8.092142611065128e-07,0.0008995633724794005,0.0013587705579983858,1.0
QR1_matched_ridge,0,571,2024-03-31,2024-02-29,100.0,-3.578980917498339,-3.4634214322865864,0.013353994622405302,0.11555948521175274,1.1684710601402677e-05,0.003418290596395028,0.024764010555377247,1.0
QR1_matched_ridge,0,571,2024-04-30,2024-03-31,100.0,-3.229795427472849,-3.504998368328817,0.0757366586557734,0.27520294085596797,9.060697513616259e-05,0.0095187696230218,0.183550774644907,1.0
QR1_matched_ridge,0,571,2024-05-31,2024-04-30,100.0,-3.5511189897853304,-3.2580050957555677,0.08591575487329091,0.2931138940297626,9.550254938366194e-05,0.009772540579791007,0.142650061683256,1.0
QR1_matched_ridge,0,571,2024-06-30,2024-05-31,100.0,-3.974283728374348,-3.486927210073297,0.23751637593052274,0.4873565183010511,0.00013928677187767053,0.011801981692820512,0.3520136460967007,0.0
QR1_matched_ridge,0,571,2024-07-31,2024-06-30,100.0,-3.1722014727576715,-3.6485898259674316,0.22694586307390718,0.47638835320976014,0.000252283132184495,0.01588342318848475,0.640122686777012,1.0
QR1_matched_ridge,0,571,2024-08-31,2024-07-31,100.0,-2.872824298145019,-3.3794558145845146,0.25667549344978297,0.5066315164394957,0.0005050370739106064,0.022473029922789815,0.7413116011673566,0.0
QR1_matched_ridge,0,571,2024-09-30,2024-08-31,100.0,-3.260469768692696,-3.1595383724888375,0.010187146739660216,0.10093139620385827,1.660531453347211e-05,0.0040749619057694406,0.019069839669318217,1.0
QR1_matched_ridge,0,571,2024-10-31,2024-09-30,100.0,-3.4205129328690873,-3.2185187138808846,0.04080166450465399,0.2019942189882027,5.3562301631508304e-05,0.007318627031862486,0.07164027860704286,0.0
QR1_matched_ridge,0,571,2024-11-30,2024-10-31,100.0,-3.343202830242378,-3.2904761722321316,0.002780100464929498,0.05272665801024656,3.6575554400025183e-06,0.0019124736442635015,0.005369799569331396,1.0
QR1_matched_ridge,0,571,2024-12-31,2024-11-30,100.0,-3.197711188525805,-3.4262053310226968,0.0522095731553898,0.2284941424968916,6.964796885795841e-05,0.008345535864038835,0.1223220975163346,0.0
QR1_matched_ridge,0,571,2025-01-31,2024-12-31,100.0,-3.243856524094862,-3.2489211068617108,2.564999860226344e-05,0.005064582766848957,3.8842822186866865e-08,0.00019708582441887307,5.147364543072949e-05,1.0
QR1_matched_ridge,0,571,2025-02-28,2025-01-31,100.0,-3.336086010210643,-3.293892089923924,0.0017803269091619953,0.04219392028671898,2.3507220622568106e-06,0.001533206464327884,0.0034625730645904546,1.0
QR1_matched_ridge,0,571,2025-03-31,2025-02-28,1e-08,-2.8188957116043185,-3.3086562520436313,0.23986538697140777,0.48976054043931283,0.0005339115413046073,0.023106525946247465,0.6836594075242295,1.0
QR1_matched_ridge,0,571,2025-04-30,2025-03-31,100.0,-1.9836117337402832,-3.0393243353202815,1.114529097134808,1.0557126015799982,0.008046851871426173,0.08970424667442548,5.148579881921496,0.0
QR1_matched_ridge,0,571,2025-05-31,2025-04-30,1e-08,-3.0297758721398087,-2.8662944301474385,0.02672618187590472,0.16348144199237025,7.366702979894079e-05,0.008582949947363132,0.04807339126324517,1.0
QR1_matched_ridge,0,571,2025-06-30,2025-05-31,1e-08,-3.53015126294113,-3.071071217536595,0.21075448808862987,0.45908004540453495,0.0002914180465316561,0.017070970872556022,0.3174130457003742,1.0
QR1_matched_ridge,0,571,2025-07-31,2025-06-30,1e-08,-3.950725844114382,-3.1469969818305366,0.6459800840680849,0.8037288622838457,0.0005636006601422381,0.023740275064586723,0.80785415451432,0.0
QR1_matched_ridge,0,571,2025-08-31,2025-07-31,100.0,-3.3885322185760227,-3.471196078449577,0.006833313729194619,0.08266385987355429,7.173589241490412e-06,0.0026783556973431315,0.0144519727193545,1.0
QR1_matched_ridge,0,571,2025-09-30,2025-08-31,100.0,-3.84430960652608,-3.4052928364436204,0.19273572441363523,0.43901677008245965,0.00013914386187688179,0.011795925647310676,0.2936329082838953,1.0
QR1_matched_ridge,0,571,2025-10-31,2025-09-30,100.0,-3.200563742469265,-3.5550143323199688,0.12563522064551183,0.35445058985070377,0.00014782342694848416,0.012158265787047269,0.3228563155402233,1.0
QR1_matched_ridge,0,571,2025-11-30,2025-10-31,100.0,-3.187697796475165,-3.308960870841709,0.014704733204825965,0.12126307436654393,2.2208859473591426e-05,0.004712627661251356,0.03193842562860705,0.0
QR1_matched_ridge,0,571,2025-12-31,2025-11-30,100.0,-3.6690396499504754,-3.2448254031417676,0.17995772719547926,0.4242142468087078,0.00018156001353606443,0.013474420712448622,0.2765156389151524,1.0
QR1_matched_ridge,0,571,2026-01-31,2025-12-31,100.0,-3.5432590006801346,-3.359201770902207,0.0338770638335248,0.1840572297779275,3.4153156145408055e-05,0.005844070169445954,0.06015242635290685,1.0
QR1_matched_ridge,0,571,2026-02-28,2026-01-31,1.0,-3.319270460859548,-3.507367364078127,0.03538044500041959,0.1880969032185793,3.848329388484859e-05,0.006203490459801529,0.08053562351835875,1.0
QR1_matched_ridge,0,571,2026-03-31,2026-02-28,100.0,-2.9305194230637723,-3.3333637594822276,0.1622835593844256,0.4028443364184553,0.00031316263498721913,0.017696401752537692,0.4325487086273381,0.0
QR1_matched_ridge,0,571,2026-04-30,2026-03-31,100.0,-3.2372756219261025,-3.052461078319107,0.0341564155286621,0.18481454360699567,6.35492101358582e-05,0.007971775845811158,0.06061966756652459,1.0
QR1_matched_ridge,0,571,2026-05-31,2026-04-30,100.0,-3.511913129771558,-3.3860281880470753,0.015847018552976357,0.1258849417244825,1.6024451114721842e-05,0.0040030552225421324,0.029193498976888277,1.0
QR1_matched_ridge,0,571,2026-06-30,2026-05-31,100.0,-3.0167824583115244,-3.455771265478946,0.19271117281827557,0.4389888071674215,0.00030260479956500756,0.017395539645696755,0.528051250096645,1.0
QR1_matched_ridge,0,571,2026-07-31,2026-06-30,100.0,-3.371790235714744,-3.1955447172100437,0.031062482792990644,0.17624551850470027,4.377263920362604e-05,0.006616089419258633,0.05542590719051704,1.0
QR1_matched_ridge,0,571,2026-08-31,2026-07-31,100.0,-3.5077496504538077,-3.2987934193324913,0.04366270652442502,0.20895623112131645,4.848933055659934e-05,0.006963428075064705,0.07633232474301366,0.0
QR1_raw_input_ridge,0,571,2020-01-31,2019-12-31,1e-08,-3.3942209625474167,-3.5425471864103297,0.022000668685430998,0.14832622386291305,2.1410747824846407e-05,0.0046271749291383404,0.048695191827167805,1.0
QR1_raw_input_ridge,0,571,2020-02-29,2020-01-31,1e-08,-2.656216692100947,-3.5350310517265484,0.772314678684156,0.8788143596256015,0.0016855546601011872,0.04105550706179607,3.0410420829327665,0.0
QR1_raw_input_ridge,0,571,2020-03-31,2020-02-29,1e-08,-1.2968785055181968,-2.842150940655163,2.3878668987941287,1.545272435136966,0.04626099704235038,0.21508369776054712,17.898511024896145,0.0
QR1_raw_input_ridge,0,571,2020-04-30,2020-03-31,1e-08,-2.134827132729708,-2.1317418323009782,9.519078735520892e-06,0.003085300428729898,1.3355123404692973e-07,0.0003654466227056008,1.899905884820193e-05,1.0
QR1_raw_input_ridge,0,571,2020-05-31,2020-04-30,1e-08,-2.753012874659256,-2.665301827351032,0.007693227819905526,0.0877110473082241,3.413837356778088e-05,0.005842805282377711,0.014524859866382633,1.0
QR1_raw_input_ridge,0,571,2020-06-30,2020-05-31,1e-08,-2.451931103357683,-2.7809063662724762,0.10822472360985737,0.3289752629147933,0.0005829714743020675,0.024144802221224913,0.27288056228050284,0.0
QR1_raw_input_ridge,0,571,2020-07-31,2020-06-30,1e-08,-3.218790749890995,-2.934789830252389,0.08065652235557393,0.28400091963860596,0.00017261975671862493,0.01313848380592772,0.13465841841994508,1.0
QR1_raw_input_ridge,0,571,2020-08-31,2020-07-31,1e-08,-3.605902901033218,-3.101972279924798,0.2539460708907182,0.5039306211084202,0.0003167521451818306,0.017797531996932344,0.372860031580572,0.0
QR1_raw_input_ridge,0,571,2020-09-30,2020-08-31,1e-08,-2.6518079305455564,-3.3279394778036453,0.4571538691976173,0.6761315472580889,0.0012010842472365425,0.03465666237877708,1.5139020402908883,1.0
QR1_raw_input_ridge,0,571,2020-10-31,2020-09-30,1e-08,-2.7990558904711156,-2.901431097108131,0.010480682933971598,0.10237520663701538,3.5081553380302036e-05,0.005922968291347003,0.022468315957393986,1.0
QR1_raw_input_ridge,0,571,2020-11-30,2020-10-31,1e-08,-3.0039008865838612,-2.7252817463385886,0.07762862531101493,0.2786191402452727,0.00025390844784710365,0.015934504945152944,0.130027043894466,0.0
QR1_raw_input_ridge,0,571,2020-12-31,2020-11-30,1e-08,-3.651528771176814,-3.0706238571434987,0.33745051914805324,0.5809049140333151,0.0004178254491016123,0.020440779072765605,0.474729165959473,1.0
QR1_raw_input_ridge,0,571,2021-01-31,2020-12-31,1e-08,-3.0833520658531506,-3.3865412964099297,0.09192370952561178,0.30318923055677915,0.0001435201373197784,0.011979989036713615,0.22739979836254587,1.0
QR1_raw_input_ridge,0,571,2021-02-28,2021-01-31,1e-08,-3.2488415694882113,-3.0959466981570314,0.023376841679378077,0.15289487133117996,4.112682407929217e-05,0.006413019887642028,0.04233120908682586,1.0
QR1_raw_input_ridge,0,571,2021-03-31,2021-02-28,1e-08,-3.0053155591944845,-3.263969834262081,0.06690203401074395,0.25865427506759664,0.00012739230238740352,0.01128681985270446,0.16019809323339174,0.0
QR1_raw_input_ridge,0,571,2021-04-30,2021-03-31,0.01,-3.42852988588876,-3.1687410776917253,0.0674902248644356,0.25978880819703454,9.25813864894249e-05,0.009621922182673527,0.11434933313816709,1.0
QR1_raw_input_ridge,0,571,2021-05-31,2021-04-30,0.01,-3.25075444008131,-3.337446259226005,0.007515471506616475,0.08669181914469481,1.0351636188363608e-05,0.0032173958706325848,0.015938648852367426,1.0
QR1_raw_input_ridge,0,571,2021-06-30,2021-05-31,0.01,-3.7043212595884913,-3.2068167315908855,0.24751075537812053,0.4975045279976058,0.0002518049663557167,0.015868363694966053,0.3647291523406878,0.0
QR1_raw_input_ridge,0,571,2021-07-31,2021-06-30,0.01,-3.3961998858730538,-3.5062619051793416,0.012113648093777666,0.11006201930628778,1.2190239801801946e-05,0.0034914523914557315,0.026107263189831365,1.0
QR1_raw_input_ridge,0,571,2021-08-31,2021-07-31,0.01,-3.708249345225621,-3.3955824447205805,0.09776059067142885,0.3126669005050404,8.10110135974848e-05,0.009000611845729423,0.16041658854050406,0.0
QR1_raw_input_ridge,0,571,2021-09-30,2021-08-31,1.0,-3.2831324409451104,-3.5099082690712278,0.05142727622228634,0.2267758281261174,5.792604076901997e-05,0.0076109158955424,0.12034053828836178,1.0
QR1_raw_input_ridge,0,571,2021-10-31,2021-09-30,1.0,-3.386780947876349,-3.245770396235664,0.019883975674010224,0.14101055164068477,2.622661731728232e-05,0.005121192958411382,0.036278870332620256,0.0
QR1_raw_input_ridge,0,571,2021-11-30,2021-10-31,1.0,-3.3064112261583376,-3.4915445969837853,0.03427436499319272,0.18513337082544767,3.836143031839793e-05,0.006193660494279447,0.07785409564214368,0.0
QR1_raw_input_ridge,0,571,2021-12-31,2021-11-30,1.0,-2.9961728370061524,-3.3228865780263392,0.10674186857140569,0.3267137410201868,0.0001940268588649805,0.01392935242087659,0.2686900931638635,0.0
QR1_raw_input_ridge,0,571,2022-01-31,2021-12-31,1.0,-2.941546598012492,-3.3288763189588577,0.1500243127283894,0.38732972094636553,0.00028732562685333975,0.016950682194334828,0.395193598402384,0.0
QR1_raw_input_ridge,0,571,2022-02-28,2022-01-31,1.0,-2.799886911249737,-2.8950634764912104,0.009058578571164471,0.09517656524147355,3.048613325822622e-05,0.0055214249300543985,0.01932356547500494,1.0
QR1_raw_input_ridge,0,571,2022-03-31,2022-02-28,1.0,-2.6765886403079335,-2.9078229336616577,0.05346929842279615,0.23123429335372414,0.0002017249476243999,0.014202990798574781,0.1255206528544256,0.0
QR1_raw_input_ridge,0,571,2022-04-30,2022-03-31,100.0,-2.6479040482811675,-3.0081038426104536,0.12974389183486,0.36019979432928606,0.0004585687187111069,0.021414217676840472,0.3348547142347327,0.0
QR1_raw_input_ridge,0,571,2022-05-31,2022-04-30,100.0,-2.4244039455209907,-2.7459234832635975,0.10337481315021954,0.3215195377426068,0.0005925269486230867,0.024341876440058738,0.2592141191765083,0.0
QR1_raw_input_ridge,0,571,2022-06-30,2022-05-31,100.0,-2.4599056517814564,-2.8184500159939407,0.12855406110853465,0.35854436421248437,0.000662784912079299,0.025744609379038927,0.3313721669440166,1.0
QR1_raw_input_ridge,0,571,2022-07-31,2022-06-30,1.0,-2.8821019465281603,-2.5306569697216097,0.1235135717225569,0.3514449768065506,0.0005564791086780888,0.023589809424369855,0.19804222061390453,1.0
QR1_raw_input_ridge,0,571,2022-08-31,2022-07-31,100.0,-2.844606483048602,-3.0096992285313897,0.02725561461104446,0.16509274548278752,7.833385567301168e-05,0.008850641540194229,0.06104067345036718,0.0
QR1_raw_input_ridge,0,571,2022-09-30,2022-08-31,100.0,-2.6463004734576345,-2.830097812996686,0.03378146202163331,0.1837973395390513,0.00014175263243811117,0.011905991451286665,0.0766618538554833,1.0
QR1_raw_input_ridge,0,571,2022-10-31,2022-09-30,100.0,-2.523493614612676,-2.6191137052523263,0.009143201733934932,0.09562009063965027,5.345929150367755e-05,0.007311586114084792,0.01951003541845231,1.0
QR1_raw_input_ridge,0,571,2022-11-30,2022-10-31,100.0,-2.5435772319280385,-2.9302467911456764,0.14951334802556238,0.3866695592176379,0.0006350862953409642,0.025200918541612015,0.3936509044619356,1.0
QR1_raw_input_ridge,0,571,2022-12-31,2022-11-30,100.0,-2.95330714551955,-2.8153435224721286,0.01903396128437095,0.13796362304742127,5.955589852531524e-05,0.007717246822884133,0.034795385468377515,1.0
QR1_raw_input_ridge,0,571,2023-01-31,2022-12-31,100.0,-3.0445998097233513,-2.755147529956186,0.0837826222624093,0.28945227976716525,0.0002554969751690313,0.015984272744452008,0.1394165974859985,0.0
QR1_raw_input_ridge,0,571,2023-02-28,2023-01-31,1.0,-3.1746943824188296,-3.0394386319840985,0.018294118025662276,0.13525575043473115,3.666146234069327e-05,0.006054870959871339,0.033500625776894916,0.0
QR1_raw_input_ridge,0,571,2023-03-31,2023-02-28,1.0,-2.924024732160048,-3.0223390298098587,0.009665701122375596,0.09831429764981081,2.52993974608744e-05,0.0050298506400165005,0.02066325352400411,1.0
QR1_raw_input_ridge,0,571,2023-04-30,2023-03-31,1.0,-3.4424462204163033,-3.0126339910856217,0.18473855248221047,0.42981222933068164,0.0002950037038196024,0.01717567185933646,0.2829454856772503,1.0
QR1_raw_input_ridge,0,571,2023-05-31,2023-04-30,1.0,-3.2992440662773723,-3.1975740400345427,0.010336794236217662,0.10167002624282961,1.5603703404860318e-05,0.0039501523267920086,0.019340763656383708,1.0
QR1_raw_input_ridge,0,571,2023-06-30,2023-05-31,1.0,-3.4043319921867217,-3.263632057043494,0.019796471749308528,0.14069993514322787,2.520253011852214e-05,0.005020212158716217,0.036126352724926314,0.0
QR1_raw_input_ridge,0,571,2023-07-31,2023-06-30,1.0,-3.766103134731879,-3.3728469092147453,0.15465045890798287,0.3932562255171339,0.00012431810848202173,0.011149803069203587,0.24194281553104457,0.0
QR1_raw_input_ridge,0,571,2023-08-31,2023-07-31,1e-08,-3.3080680545326713,-3.3482939944863377,0.0016181262451559757,0.04022593995366641,2.0808925516208316e-06,0.0014425299135965367,0.003324814045188376,1.0
QR1_raw_input_ridge,0,571,2023-09-30,2023-08-31,1e-08,-3.4377168665741427,-3.273829817139532,0.026858964972382472,0.16388704943461052,3.2754684754091454e-05,0.00572317086535877,0.04829986777716749,0.0
QR1_raw_input_ridge,0,571,2023-10-31,2023-09-30,1e-08,-3.193062653385387,-3.192064995417891,9.953214201081646e-07,0.0009976579674959574,1.6785631412899091e-09,4.0970271432953786e-05,1.9893195132695586e-06,1.0
QR1_raw_input_ridge,0,571,2023-11-30,2023-10-31,1e-08,-3.314231456188941,-3.219596984821341,0.008955683171025136,0.09463447136760017,1.3026183030005784e-05,0.0036091803820266152,0.0168328521969576,1.0
QR1_raw_input_ridge,0,571,2023-12-31,2023-11-30,1e-08,-3.5682415676821626,-3.430320125437621,0.019022324230814368,0.1379214422445414,1.7398635390269992e-05,0.004171167149644089,0.03477504589787811,1.0
QR1_raw_input_ridge,0,571,2024-01-31,2023-12-31,1e-08,-3.464679499845587,-3.3726376982074817,0.008471693248788319,0.09204180163810527,9.096360655167164e-06,0.0030160173499446524,0.01594985745141539,1.0
QR1_raw_input_ridge,0,571,2024-02-29,2024-01-31,1e-08,-3.3448968495093907,-3.382854251570615,0.0014407643712374373,0.03795740206122433,1.7251224375837581e-06,0.0013134391640208382,0.002955850787110928,1.0
QR1_raw_input_ridge,0,571,2024-03-31,2024-02-29,1e-08,-3.578980917498339,-3.4076091266402697,0.029368290701901886,0.17137179085806942,2.7208448684286683e-05,0.005216171841905391,0.052563780820187755,1.0
QR1_raw_input_ridge,0,571,2024-04-30,2024-03-31,1e-08,-3.229795427472849,-3.418734028031494,0.035697794781059326,0.1889386005586453,4.639949944248387e-05,0.006811717804084655,0.0813065446224826,1.0
QR1_raw_input_ridge,0,571,2024-05-31,2024-04-30,1e-08,-3.5511189897853304,-3.202152911364843,0.12177732388817371,0.3489660784204873,0.0001435689449700293,0.01198202591259213,0.1955453835811395,0.0
QR1_raw_input_ridge,0,571,2024-06-30,2024-05-31,100.0,-3.974283728374348,-3.449979742541952,0.2748946695597377,0.5243039858323963,0.00016779373418689185,0.012953522076520032,0.3990331832403361,0.0
QR1_raw_input_ridge,0,571,2024-07-31,2024-06-30,100.0,-3.1722014727576715,-3.6001361164674783,0.18312805928703932,0.42793464370980683,0.0002129038862599756,0.014591226345306813,0.49755000200111943,1.0
QR1_raw_input_ridge,0,571,2024-08-31,2024-07-31,1e-08,-2.872824298145019,-3.425866517081488,0.3058556959261733,0.553042218936469,0.0005768609197187748,0.024017929130521948,0.916415968248709,0.0
QR1_raw_input_ridge,0,571,2024-09-30,2024-08-31,1e-08,-3.260469768692696,-3.1154113554955885,0.02104194323926272,0.14505841319710733,3.587874595802267e-05,0.005989886973726856,0.038292982144361276,1.0
QR1_raw_input_ridge,0,571,2024-10-31,2024-09-30,100.0,-3.4205129328690873,-3.2217744475849868,0.03949698553301865,0.19873848528410054,5.1675438161083075e-05,0.007188563010858504,0.06949038912477923,0.0
QR1_raw_input_ridge,0,571,2024-11-30,2024-10-31,100.0,-3.343202830242378,-3.2929487293011093,0.0025254746614152457,0.05025410094126892,3.3142892651927577e-06,0.0018205189549116915,0.0048858966652665925,1.0
QR1_raw_input_ridge,0,571,2024-12-31,2024-11-30,100.0,-3.197711188525805,-3.4505041181218004,0.06390426525372578,0.2527929295959952,8.328334612755883e-05,0.00912597096902893,0.15237070588695067,0.0
QR1_raw_input_ridge,0,571,2025-01-31,2024-12-31,100.0,-3.243856524094862,-3.261978223572939,0.0003283959919737387,0.01812169947807707,4.908644745105763e-07,0.0007006172096876984,0.0006647991955161317,1.0
QR1_raw_input_ridge,0,571,2025-02-28,2025-01-31,100.0,-3.336086010210643,-3.332176072056045,1.5287616372779064e-05,0.003909938154597725,1.942454716379451e-08,0.00013937197409735758,3.0495690130274283e-05,1.0
QR1_raw_input_ridge,0,571,2025-03-31,2025-02-28,100.0,-2.8188957116043185,-3.2825772940171687,0.21500060986888478,0.4636815824128502,0.0004901972513158438,0.02214039862594718,0.6004717331977578,1.0
QR1_raw_input_ridge,0,571,2025-04-30,2025-03-31,100.0,-1.9836117337402832,-3.080995820590645,1.2042518340724022,1.0973840868503617,0.008401180747761215,0.09165795517990359,5.783151323995542,0.0
QR1_raw_input_ridge,0,571,2025-05-31,2025-04-30,100.0,-3.0297758721398087,-2.7910523715672326,0.05698890972562473,0.23872350057257608,0.0001697845941610131,0.0130301417552156,0.09781216451332664,1.0
QR1_raw_input_ridge,0,571,2025-06-30,2025-05-31,100.0,-3.53015126294113,-3.1176209378757593,0.17018126909854023,0.41253032506537046,0.00022385733469426402,0.014961862674622569,0.26326906439209585,1.0
QR1_raw_input_ridge,0,571,2025-07-31,2025-06-30,1e-08,-3.950725844114382,-3.2685571079455564,0.46535418460617306,0.6821687361688258,0.0003542140393778549,0.018820574894988062,0.6198874011491483,0.0
QR1_raw_input_ridge,0,571,2025-08-31,2025-07-31,1.0,-3.3885322185760227,-3.5957418739482225,0.042935841279465814,0.20720965537219982,3.991550448874197e-05,0.0063178718322503165,0.09907230640303488,1.0
QR1_raw_input_ridge,0,571,2025-09-30,2025-08-31,1.0,-3.84430960652608,-3.3110639848278725,0.28435089306030786,0.5332456216982076,0.00022729090396882536,0.01507617006964386,0.41070540814027645,0.0
QR1_raw_input_ridge,0,571,2025-10-31,2025-09-30,100.0,-3.200563742469265,-3.5121928015315578,0.09711267045204995,0.31162905906229277,0.00011898016206246523,0.010907802806361382,0.24173640816217146,1.0
QR1_raw_input_ridge,0,571,2025-11-30,2025-10-31,100.0,-3.187697796475165,-3.3450449082441756,0.024758113582049518,0.15734711176901062,3.609767943458305e-05,0.006008134438790717,0.05514615842745402,0.0
QR1_raw_input_ridge,0,571,2025-12-31,2025-11-30,100.0,-3.6690396499504754,-3.261022904695804,0.1664776644082153,0.40801674525467124,0.00016507630475499923,0.012848202393914848,0.2582155906375041,1.0
QR1_raw_input_ridge,0,571,2026-01-31,2025-12-31,100.0,-3.5432590006801346,-3.3510388710251218,0.03694857824458993,0.19222012965501278,3.756462100786203e-05,0.006128998369053628,0.06527187803897933,1.0
QR1_raw_input_ridge,0,571,2026-02-28,2026-01-31,100.0,-3.319270460859548,-3.4516892563483594,0.01753473739870772,0.13241879548881164,2.0134615219227055e-05,0.004487161153694734,0.03838171303940102,1.0
QR1_raw_input_ridge,0,571,2026-03-31,2026-02-28,100.0,-2.9305194230637723,-3.4037763633074767,0.22397213148883316,0.47325694024370435,0.0004048881092879936,0.020121831658375278,0.6301973797915816,0.0
QR1_raw_input_ridge,0,571,2026-04-30,2026-03-31,100.0,-3.2372756219261025,-3.1108366460002124,0.01598681463318783,0.12643897592589015,2.8014979947442653e-05,0.00529291790484631,0.02944060592591799,1.0
QR1_raw_input_ridge,0,571,2026-05-31,2026-04-30,100.0,-3.511913129771558,-3.367684230210624,0.02080197546855792,0.14422889956093377,2.1433156093800845e-05,0.004629595672820775,0.037876229717914545,1.0
QR1_raw_input_ridge,0,571,2026-06-30,2026-05-31,100.0,-3.0167824583115244,-3.378901527805029,0.1311302204908416,0.3621190694935046,0.00022122444490816433,0.014873615730822291,0.33892052191816924,1.0
QR1_raw_input_ridge,0,571,2026-07-31,2026-06-30,100.0,-3.371790235714744,-3.1739632247221414,0.0391355262782673,0.19782701099260258,5.6390048865910186e-05,0.0075093307868218315,0.06889360372755682,1.0
QR1_raw_input_ridge,0,571,2026-08-31,2026-07-31,100.0,-3.5077496504538077,-3.301496995310486,0.04254015775367008,0.20625265514332192,4.7110735671460736e-05,0.006863726077828335,0.07449499161318096,0.0
QR1_matched_ridge,0,120,2020-01-31,2019-12-31,100.0,-3.3942209625474167,-3.57315265934083,0.03201655211736994,0.17893169679341314,3.0244126924057782e-05,0.0054994660580876195,0.07240682946206456,1.0
QR1_matched_ridge,0,120,2020-02-29,2020-01-31,100.0,-2.656216692100947,-3.46895214526512,0.6605389168299741,0.8127354531641733,0.0015259730293667889,0.039063704757316464,2.4553401536794786,0.0
QR1_matched_ridge,0,120,2020-03-31,2020-02-29,1.0,-1.2968785055181968,-2.7589686110704337,2.137707476753751,1.4620901055522368,0.04411123495035742,0.21002674817831518,14.694775967092905,0.0
QR1_matched_ridge,0,120,2020-04-30,2020-03-31,0.0001,-2.134827132729708,-1.487776709845964,0.4186742497540321,0.6470504228837441,0.011579750471663047,0.10760924900612887,0.5682450972763602,1.0
QR1_matched_ridge,0,120,2020-05-31,2020-04-30,1e-08,-2.753012874659256,-2.8576476110273057,0.01094842805481123,0.10463473636804954,4.0093048629166277e-05,0.006331907187346185,0.023507680871360126,1.0
QR1_matched_ridge,0,120,2020-06-30,2020-05-31,1e-08,-2.451931103357683,-3.0348593427466777,0.33980533227715315,0.5829282393889947,0.0014474737713266678,0.038045680061298257,1.0428133855357498,0.0
QR1_matched_ridge,0,120,2020-07-31,2020-06-30,1e-08,-3.218790749890995,-3.286653484966104,0.004605350811874442,0.06786273507510909,6.888915399964243e-06,0.0026246743416973167,0.009641942735643283,1.0
QR1_matched_ridge,0,120,2020-08-31,2020-07-31,1e-08,-3.605902901033218,-3.1934244801649116,0.17013844768201183,0.41247842086830655,0.00019232729024256832,0.013868211501219915,0.2632107480709345,0.0
QR1_matched_ridge,0,120,2020-09-30,2020-08-31,1e-08,-2.6518079305455564,-3.2574594817239513,0.36681380144479586,0.6056515511783949,0.001026404452206067,0.03203754753732044,1.1465543324190652,1.0
QR1_matched_ridge,0,120,2020-10-31,2020-09-30,1e-08,-2.7990558904711156,-2.7662877094865377,0.0010737536850380525,0.0327681809845779,4.110981401982001e-06,0.0020275555237729004,0.0021013527623087863,1.0
QR1_matched_ridge,0,120,2020-11-30,2020-10-31,1e-08,-3.0039008865838612,-2.765506423118811,0.05683192021078922,0.23839446346505033,0.00017824871764094357,0.013350981898008235,0.09756247097386239,0.0
QR1_matched_ridge,0,120,2020-12-31,2020-11-30,1e-08,-3.651528771176814,-2.953528091495574,0.48720494883547255,0.6980006796812397,0.0006866468590496304,0.026203947394421903,0.6435863500105884,0.0
QR1_matched_ridge,0,120,2021-01-31,2020-12-31,0.01,-3.0833520658531506,-3.297757797285621,0.045969817671092594,0.21440573143247033,7.813669642476024e-05,0.00883949638977019,0.10662005838118072,1.0
QR1_matched_ridge,0,120,2021-02-28,2021-01-31,0.01,-3.2488415694882113,-3.0142419819589126,0.05503696646891711,0.23459958752929877,0.00010534715311832574,0.010263876125437492,0.09470216121309233,0.0
QR1_matched_ridge,0,120,2021-03-31,2021-02-28,1.0,-3.0053155591944845,-3.304036280754835,0.08923406948953642,0.29872072156035046,0.00016354644238011768,0.012788527764372164,0.22002132158418553,0.0
QR1_matched_ridge,0,120,2021-04-30,2021-03-31,1.0,-3.42852988588876,-3.388365600575985,0.0016131698146859975,0.04016428531277505,1.7668446885523433e-06,0.0013292271019477234,0.0031416579205411077,1.0
QR1_matched_ridge,0,120,2021-05-31,2021-04-30,1.0,-3.25075444008131,-3.4446672343166274,0.03760217176814845,0.19391279423531715,4.664323711813085e-05,0.00682958542798396,0.08594713044673291,0.0
QR1_matched_ridge,0,120,2021-06-30,2021-05-31,1.0,-3.7043212595884913,-3.351797629275011,0.12427290992939527,0.3525236303134802,0.0001082519949650741,0.010404421894803867,0.1991324835538998,1.0
QR1_matched_ridge,0,120,2021-07-31,2021-06-30,0.01,-3.3961998858730538,-3.5026603109940546,0.011333822116944227,0.10646042512100085,1.1445891459230758e-05,0.0033831777161761334,0.024365866181712048,1.0
QR1_matched_ridge,0,120,2021-08-31,2021-07-31,0.01,-3.708249345225621,-3.5924656103396018,0.013405873264155961,0.11578373488601912,9.059829210783336e-06,0.003009955018066439,0.024856640430023502,1.0
QR1_matched_ridge,0,120,2021-09-30,2021-08-31,0.01,-3.2831324409451104,-3.6198252581728516,0.11336205317275318,0.33669281722774125,0.00011498736083785664,0.010723215974597203,0.2874792322809109,1.0
QR1_matched_ridge,0,120,2021-10-31,2021-09-30,0.01,-3.386780947876349,-3.2277511547934257,0.025290475087997366,0.1590297930829232,3.397952434372644e-05,0.005829195857382598,0.04561902081167635,0.0
QR1_matched_ridge,0,120,2021-11-30,2021-10-31,0.01,-3.3064112261583376,-3.539381732406377,0.05427525678146776,0.2329705062480394,5.800630209291762e-05,0.007616186847295543,0.12757198672572667,0.0
QR1_matched_ridge,0,120,2021-12-31,2021-11-30,0.01,-2.9961728370061524,-3.469850148893546,0.22437019579686715,0.4736773118873936,0.00035555939904080157,0.01885628274715888,0.6315239001283066,0.0
QR1_matched_ridge,0,120,2022-01-31,2021-12-31,0.01,-2.941546598012492,-3.470104527287451,0.2793734845994325,0.5285579292749589,0.0004695998065323412,0.02167025164903124,0.8209424217840577,0.0
QR1_matched_ridge,0,120,2022-02-28,2022-01-31,0.01,-2.799886911249737,-2.938262982595954,0.019147937121213335,0.138376071346217,6.176863922272812e-05,0.007859302718608574,0.04208730383455633,1.0
QR1_matched_ridge,0,120,2022-03-31,2022-02-28,0.01,-2.6765886403079335,-2.995388274668452,0.10163320686840036,0.3187996343605186,0.00035269757346346385,0.01878024423332838,0.2543341304400435,0.0
QR1_matched_ridge,0,120,2022-04-30,2022-03-31,100.0,-2.6479040482811675,-3.1453746014227613,0.24747695124300323,0.4974705531415937,0.0007699878958813782,0.027748655749087706,0.7096239484173887,0.0
QR1_matched_ridge,0,120,2022-05-31,2022-04-30,100.0,-2.4244039455209907,-2.9061696089504996,0.23209815445967483,0.4817656634295089,0.0011455570760288431,0.03384607918251157,0.6574042039328944,0.0
QR1_matched_ridge,0,120,2022-06-30,2022-05-31,1.0,-2.4599056517814564,-3.030710529255286,0.32581820814791346,0.5708048774738295,0.00138099130310742,0.03716169133808928,0.9901959944738512,1.0
QR1_matched_ridge,0,120,2022-07-31,2022-06-30,1.0,-2.8821019465281603,-2.3849742202764297,0.24713597620821562,0.49712772625173063,0.0013013666032646457,0.036074459154152895,0.36425427621628115,0.0
QR1_matched_ridge,0,120,2022-08-31,2022-07-31,100.0,-2.844606483048602,-3.2030422767257316,0.1284762181889537,0.3584357936771294,0.0003069071461173909,0.01751876554205207,0.33114455131181963,0.0
QR1_matched_ridge,0,120,2022-09-30,2022-08-31,100.0,-2.6463004734576345,-2.965956783010724,0.10218015623710061,0.31965630955308955,0.0003764342095220996,0.01940191252227727,0.25586510341069124,0.0
QR1_matched_ridge,0,120,2022-10-31,2022-09-30,100.0,-2.523493614612676,-2.729031534509901,0.04224583651567814,0.20553791989722514,0.00022190629155001526,0.014896519444152559,0.09736391218642115,0.0
QR1_matched_ridge,0,120,2022-11-30,2022-10-31,100.0,-2.5435772319280385,-3.079432593817436,0.28714096886561696,0.5358553618893973,0.0010627234088657466,0.03259943878145369,0.8486604537063509,1.0
QR1_matched_ridge,0,120,2022-12-31,2022-11-30,100.0,-2.95330714551955,-2.95338597298957,6.213770029801924e-09,7.882747002030399e-05,1.6908728415256463e-11,4.112022423972961e-06,1.242819317302953e-08,1.0
QR1_matched_ridge,0,120,2023-01-31,2022-12-31,100.0,-3.0445998097233513,-2.9292993482029823,0.01329419642681009,0.11530046152036899,3.3861931851229135e-05,0.005819100605010119,0.024657215423375123,0.0
QR1_matched_ridge,0,120,2023-02-28,2023-01-31,100.0,-3.1746943824188296,-3.1586421269025617,0.0002576749071595525,0.016052255516267877,4.576656900280624e-07,0.0006765099334289648,0.0005098787779219613,1.0
QR1_matched_ridge,0,120,2023-03-31,2023-02-28,100.0,-2.924024732160048,-3.1105931611935733,0.03480777871203762,0.18656842903352544,8.358617043211713e-05,0.009142547261683537,0.07914622482115369,1.0
QR1_matched_ridge,0,120,2023-04-30,2023-03-31,100.0,-3.4424462204163033,-3.132184130539761,0.09626256441455971,0.31026208987654247,0.0001353981757267439,0.011636072177790231,0.15818671165637027,1.0
QR1_matched_ridge,0,120,2023-05-31,2023-04-30,100.0,-3.2992440662773723,-3.269972711823393,0.0008568121915704823,0.029271354453979104,1.2021040189878954e-06,0.001096405043306485,0.0016806680551576941,1.0
QR1_matched_ridge,0,120,2023-06-30,2023-05-31,100.0,-3.4043319921867217,-3.258557229672517,0.021250281386072725,0.14577476251420451,2.719428218447126e-05,0.005214813724810433,0.0386545373181833,0.0
QR1_matched_ridge,0,120,2023-07-31,2023-06-30,100.0,-3.766103134731879,-3.414240831952473,0.12380708011722646,0.3518623027794061,9.524404514050457e-05,0.009759305566509564,0.1984637651809612,1.0
QR1_matched_ridge,0,120,2023-08-31,2023-07-31,100.0,-3.3080680545326713,-3.4492728926532794,0.019938806308667147,0.14120483812060813,2.321372089120333e-05,0.004818061943479279,0.043912295059244544,1.0
QR1_matched_ridge,0,120,2023-09-30,2023-08-31,100.0,-3.4377168665741427,-3.2831455387346216,0.02389229539007271,0.1545713278395211,2.885950900972341e-05,0.005372104709489886,0.043218698119187826,0.0
QR1_matched_ridge,0,120,2023-10-31,2023-09-30,100.0,-3.193062653385387,-3.239115512298194,0.0021208658140429147,0.04605285891280708,3.4129542225191557e-06,0.001847418258684036,0.004375015687117373,1.0
QR1_matched_ridge,0,120,2023-11-30,2023-10-31,100.0,-3.314231456188941,-3.2124064213467434,0.010368337720614806,0.10182503484219785,1.519153048146316e-05,0.0038976313937394286,0.019397845809609016,1.0
QR1_matched_ridge,0,120,2023-12-31,2023-11-30,100.0,-3.5682415676821626,-3.4479264442664697,0.014475728922533425,0.12031512341569295,1.300412756185489e-05,0.0036061236198797857,0.02676249437685313,1.0
QR1_matched_ridge,0,120,2024-01-31,2023-12-31,100.0,-3.464679499845587,-3.436646029993247,0.00078587543196205,0.0280334698523399,7.909964934467307e-07,0.0008893798364291439,0.0015427836029536374,1.0
QR1_matched_ridge,0,120,2024-02-29,2024-01-31,100.0,-3.3448968495093907,-3.3825762005396864,0.0014197334940642486,0.03767935103029574,1.7004105338710726e-06,0.0013039979040899846,0.00291215744248402,1.0
QR1_matched_ridge,0,120,2024-03-31,2024-02-29,100.0,-3.578980917498339,-3.471458467477535,0.01156107725847631,0.10752245002080407,1.0033437565910605e-05,0.0031675601913634735,0.021550127287699505,1.0
QR1_matched_ridge,0,120,2024-04-30,2024-03-31,100.0,-3.229795427472849,-3.492919499072985,0.06923427705543347,0.26312407160013596,8.378907454208424e-05,0.009153637230198946,0.16632195719410026,1.0
QR1_matched_ridge,0,120,2024-05-31,2024-04-30,100.0,-3.5511189897853304,-3.2533363317351363,0.08867451143543884,0.2977826580501941,9.905314638426997e-05,0.009952544719028896,0.14681616288757066,1.0
QR1_matched_ridge,0,120,2024-06-30,2024-05-31,100.0,-3.974283728374348,-3.4845879356453873,0.23980196941644544,0.4896957927289609,0.00014098320714544285,0.011873634959246593,0.35493109851788296,0.0
QR1_matched_ridge,0,120,2024-07-31,2024-06-30,100.0,-3.1722014727576715,-3.618827444270587,0.1994747584298556,0.4466259715129155,0.0002279233567301081,0.015097130744949786,0.5498095010296538,1.0
QR1_matched_ridge,0,120,2024-08-31,2024-07-31,100.0,-2.872824298145019,-3.360985404324459,0.2383012655863347,0.4881611061794402,0.0004768969467714178,0.021837970298803362,0.678352723142871,0.0
QR1_matched_ridge,0,120,2024-09-30,2024-08-31,100.0,-3.260469768692696,-3.190252875932776,0.00493041202885805,0.0702168927599196,7.790196198752613e-06,0.0027910922949183556,0.009414987686266613,1.0
QR1_matched_ridge,0,120,2024-10-31,2024-09-30,100.0,-3.4205129328690873,-3.222693810215717,0.039132405287349084,0.1978191226533701,5.1149842354419725e-05,0.007151911797164429,0.06888844861728921,0.0
QR1_matched_ridge,0,120,2024-11-30,2024-10-31,100.0,-3.343202830242378,-3.2737385795846476,0.004825282119440018,0.06946425065773054,6.456485717966387e-06,0.0025409615734926783,0.009218752157379134,1.0
QR1_matched_ridge,0,120,2024-12-31,2024-11-30,100.0,-3.197711188525805,-3.413482599637789,0.0465573018532567,0.21577141111198372,6.287342721763656e-05,0.007929276588544289,0.10808824690422791,0.0
QR1_matched_ridge,0,120,2025-01-31,2024-12-31,100.0,-3.243856524094862,-3.2266171720870442,0.00029719525764944354,0.017239352007817565,4.602158897655697e-07,0.0006783921356896538,0.0005876177233750043,1.0
QR1_matched_ridge,0,120,2025-02-28,2025-01-31,100.0,-3.336086010210643,-3.3043271680603894,0.0010086240547247174,0.031758842150253486,1.3178653019099581e-06,0.001147983145307438,0.001975207489572993,1.0
QR1_matched_ridge,0,120,2025-03-31,2025-02-28,100.0,-2.8188957116043185,-3.252644176643936,0.18813773092422428,0.4337484650396175,0.00044099932004787413,0.02099998381065743,0.5134467898758319,1.0
QR1_matched_ridge,0,120,2025-04-30,2025-03-31,100.0,-1.9836117337402832,-3.0631009708058983,1.1652970129405036,1.079489237065615,0.00824989713820473,0.09082894438561273,5.503305915593836,0.0
QR1_matched_ridge,0,120,2025-05-31,2025-04-30,100.0,-3.0297758721398087,-2.6703898544604314,0.12915830970344166,0.3593860176793773,0.00043675833932582426,0.020898764062159854,0.20612237301452518,1.0
QR1_matched_ridge,0,120,2025-06-30,2025-05-31,100.0,-3.53015126294113,-3.1806922462783787,0.12212160432689698,0.34945901666275114,0.0001502191966627997,0.012256394113392393,0.19604091663577838,1.0
QR1_matched_ridge,0,120,2025-07-31,2025-06-30,100.0,-3.950725844114382,-3.359926418030882,0.3490439618605931,0.5907994260835001,0.0002401596122909533,0.01549708399315669,0.4883866900344721,0.0
QR1_matched_ridge,0,120,2025-08-31,2025-07-31,100.0,-3.3885322185760227,-3.485741374065129,0.009449619910905257,0.09720915548910636,9.779062419203724e-06,0.0031271492479898882,0.020185948020358502,1.0
QR1_matched_ridge,0,120,2025-09-30,2025-08-31,100.0,-3.84430960652608,-3.409770892321313,0.18882389414273235,0.4345387142047672,0.00013566657515147037,0.011647599544604474,0.28841566880199576,1.0
QR1_matched_ridge,0,120,2025-10-31,2025-09-30,100.0,-3.200563742469265,-3.556237265359618,0.12650365488523457,0.35567352289035314,0.0001486740538162126,0.012193197030156307,0.32538593840933117,1.0
QR1_matched_ridge,0,120,2025-11-30,2025-10-31,100.0,-3.187697796475165,-3.2941132447965784,0.011324247641447422,0.10641544832141347,1.7354191664534887e-05,0.004165836250326564,0.024344526393228816,0.0
QR1_matched_ridge,0,120,2025-12-31,2025-11-30,100.0,-3.6690396499504754,-3.2507558986489835,0.1749612966028483,0.41828375130149187,0.00017540251640777555,0.013243961507335165,0.26976241740733475,1.0
QR1_matched_ridge,0,120,2026-01-31,2025-12-31,100.0,-3.5432590006801346,-3.3411190976519447,0.040860540396245995,0.20213990302818985,4.196961406724882e-05,0.0064783959486317926,0.07173714258964003,1.0
QR1_matched_ridge,0,120,2026-02-28,2026-01-31,100.0,-3.319270460859548,-3.3622534653555993,0.0018475386755075855,0.042983004496051525,2.31692209008274e-06,0.0015221439124086591,0.003803276327081828,1.0
QR1_matched_ridge,0,120,2026-03-31,2026-02-28,100.0,-2.9305194230637723,-3.3205409881513743,0.15211682123338255,0.390021565087602,0.0002970807613306269,0.017236030904202594,0.40152322463304024,0.0
QR1_matched_ridge,0,120,2026-04-30,2026-03-31,100.0,-3.2372756219261025,-3.071614593714288,0.02744357626819567,0.16566102821181472,5.0063070978492186e-05,0.007075526197993488,0.049295960118270366,1.0
QR1_matched_ridge,0,120,2026-05-31,2026-04-30,100.0,-3.511913129771558,-3.4328335025521746,0.006253587441156615,0.07907962721938322,6.029626336787359e-06,0.002455529746671247,0.011873067866514125,1.0
QR1_matched_ridge,0,120,2026-06-30,2026-05-31,100.0,-3.0167824583115244,-3.470223447052467,0.20560873027036355,0.4534409887409425,0.00031856583832890514,0.017848412767775882,0.5697064461317478,1.0
QR1_matched_ridge,0,120,2026-07-31,2026-06-30,100.0,-3.371790235714744,-3.207312206168871,0.02705302220329314,0.1644780295458732,3.766402795126577e-05,0.006137102569720158,0.048630698301350805,1.0
QR1_matched_ridge,0,120,2026-08-31,2026-07-31,100.0,-3.5077496504538077,-3.293347388014059,0.04596833013928292,0.2144022624397488,5.1338458644667386e-05,0.0071650860877359585,0.08009175206754438,0.0
QR1_raw_input_ridge,0,120,2020-01-31,2019-12-31,100.0,-3.3942209625474167,-3.5677357521576982,0.03010738221350027,0.17351478961028155,2.8590579674584466e-05,0.005347015959821372,0.06782899594478076,1.0
QR1_raw_input_ridge,0,120,2020-02-29,2020-01-31,100.0,-2.656216692100947,-3.4774966864812695,0.6745008291693427,0.8212799943803226,0.0015467490337044616,0.03932873038510729,2.525823606219646,0.0
QR1_raw_input_ridge,0,120,2020-03-31,2020-02-29,1e-08,-1.2968785055181968,-2.74199947582281,2.0883746188141465,1.445120970304613,0.043656951427777736,0.2089424596097637,14.10742149989207,0.0
QR1_raw_input_ridge,0,120,2020-04-30,2020-03-31,1e-08,-2.134827132729708,-1.811828011457894,0.10432843234236412,0.3229991212718142,0.002033127549288814,0.04509021567134952,0.17013730550269018,1.0
QR1_raw_input_ridge,0,120,2020-05-31,2020-04-30,1e-08,-2.753012874659256,-3.129634887766712,0.1418441407571126,0.3766220131074558,0.00040007129768344853,0.020001782362665796,0.3706347453468146,1.0
QR1_raw_input_ridge,0,120,2020-06-30,2020-05-31,1e-08,-2.451931103357683,-3.0871546304884276,0.40350892942042393,0.6352235271307447,0.0016398852622510418,0.040495496814473605,1.291997758291167,0.0
QR1_raw_input_ridge,0,120,2020-07-31,2020-06-30,1e-08,-3.218790749890995,-3.4982416676028354,0.07809281540998984,0.2794509177118405,9.511858979260304e-05,0.00975287597545478,0.18984919358681152,1.0
QR1_raw_input_ridge,0,120,2020-08-31,2020-07-31,1e-08,-3.605902901033218,-3.4574891237418104,0.022026649289903596,0.1484137772914078,1.8886578228543804e-05,0.004345869099333734,0.039999712528195286,1.0
QR1_raw_input_ridge,0,120,2020-09-30,2020-08-31,1e-08,-2.6518079305455564,-3.437369682782994,0.6171072665783534,0.7855617522374376,0.0014725991289096642,0.0383744593305191,2.240928014816991,1.0
QR1_raw_input_ridge,0,120,2020-10-31,2020-09-30,1e-08,-2.7990558904711156,-2.8437684762104816,0.0019992153235001545,0.044712585739365984,7.084096032818743e-06,0.002661596519538366,0.004120330379150286,1.0
QR1_raw_input_ridge,0,120,2020-11-30,2020-10-31,1e-08,-3.0039008865838612,-2.7191077971119357,0.08110710381096416,0.2847930894719255,0.0002670061010956254,0.016340321327796017,0.13534569240690242,0.0
QR1_raw_input_ridge,0,120,2020-12-31,2020-11-30,1e-08,-3.651528771176814,-3.1126598256649594,0.290379740437058,0.5388689455118545,0.0003434000941491981,0.018531057556146063,0.4181024882894725,1.0
QR1_raw_input_ridge,0,120,2021-01-31,2020-12-31,1e-08,-3.0833520658531506,-3.48339548889937,0.16003474032253656,0.40004342304621954,0.00022808471816002023,0.015102473908602532,0.42564737032626043,1.0
QR1_raw_input_ridge,0,120,2021-02-28,2021-01-31,1e-08,-3.2488415694882113,-3.387076946950536,0.019109019582151426,0.13823537746232484,2.511811704419013e-05,0.005011797785644402,0.041997638521763914,1.0
QR1_raw_input_ridge,0,120,2021-03-31,2021-02-28,1e-08,-3.0053155591944845,-3.4689534876877266,0.21496012873750472,0.46363792849324215,0.00033758595508467677,0.01837351232303385,0.6003383508682634,0.0
QR1_raw_input_ridge,0,120,2021-04-30,2021-03-31,1e-08,-3.42852988588876,-3.456014368006052,0.0007553967572557521,0.027484482117292153,7.731840294132244e-07,0.0008793088361964893,0.0015388604030753539,1.0
QR1_raw_input_ridge,0,120,2021-05-31,2021-04-30,1e-08,-3.25075444008131,-3.264610014137886,0.000191976932437262,0.013855574056576003,2.842295095649455e-07,0.0005331317938042576,0.00038752517258016164,1.0
QR1_raw_input_ridge,0,120,2021-06-30,2021-05-31,1e-08,-3.7043212595884913,-3.1077299835018786,0.355921150702653,0.5965912760866128,0.0004034230942516188,0.020085395048433048,0.4964371552352864,0.0
QR1_raw_input_ridge,0,120,2021-07-31,2021-06-30,1e-08,-3.3961998858730538,-3.6529214989962044,0.06590598664455265,0.25672161312315067,5.7532633629256435e-05,0.007585026936620359,0.15759182607515487,1.0
QR1_raw_input_ridge,0,120,2021-08-31,2021-07-31,1e-08,-3.708249345225621,-3.3617671039888517,0.12004994349245472,0.3464822412367692,0.00010309396505033515,0.010153519835521825,0.19305583986189773,0.0
QR1_raw_input_ridge,0,120,2021-09-30,2021-08-31,1e-08,-3.2831324409451104,-3.456902394023884,0.03019599659299923,0.17376995307877374,3.579991419515879e-05,0.00598330295030753,0.068040893720415,1.0
QR1_raw_input_ridge,0,120,2021-10-31,2021-09-30,1e-08,-3.386780947876349,-3.267416484712948,0.014247875066286912,0.11936446316340099,1.8381648555650857e-05,0.004287382483013483,0.026357285076591103,0.0
QR1_raw_input_ridge,0,120,2021-11-30,2021-10-31,1e-08,-3.3064112261583376,-3.579445037793305,0.07454746229591894,0.27303381163496754,7.66725264428598e-05,0.00875628496811632,0.18038297436800854,0.0
QR1_raw_input_ridge,0,120,2021-12-31,2021-11-30,0.01,-2.9961728370061524,-3.3294014223417108,0.11104129008473748,0.3332285853355583,0.00020060303957042768,0.014163440244884987,0.28086887064021027,0.0
QR1_raw_input_ridge,0,120,2022-01-31,2021-12-31,0.01,-2.941546598012492,-3.5484940435350723,0.3683852016263853,0.6069474455225801,0.0005767730400695365,0.024016099601507662,1.1526766883800632,0.0
QR1_raw_input_ridge,0,120,2022-02-28,2022-01-31,100.0,-2.799886911249737,-3.1097495405033477,0.09601484900796069,0.30986262925361086,0.00026259594738058,0.01620481247594615,0.23869212882613977,0.0
QR1_raw_input_ridge,0,120,2022-03-31,2022-02-28,100.0,-2.6765886403079335,-3.121435364023254,0.1978886076002548,0.44484672371532064,0.0006102685872235935,0.02470361486146498,0.5446898230162363,0.0
QR1_raw_input_ridge,0,120,2022-04-30,2022-03-31,100.0,-2.6479040482811675,-3.1748519660372443,0.277674108027465,0.5269479177560767,0.0008409511877052826,0.02899915839649976,0.8149099354963005,0.0
QR1_raw_input_ridge,0,120,2022-05-31,2022-04-30,100.0,-2.4244039455209907,-2.847685696445488,0.17916744066570833,0.4232817509244975,0.0009334569258054783,0.030552527322718792,0.48505695723740927,0.0
QR1_raw_input_ridge,0,120,2022-06-30,2022-05-31,1.0,-2.4599056517814564,-3.079247099309526,0.38358382862616464,0.6193414475280696,0.0015562346111101975,0.03944913954841344,1.2123821601519165,1.0
QR1_raw_input_ridge,0,120,2022-07-31,2022-06-30,1.0,-2.8821019465281603,-2.609632494472665,0.07423960230342187,0.27246945205549533,0.0003078157470573209,0.017544678596580814,0.12481611448228691,1.0
QR1_raw_input_ridge,0,120,2022-08-31,2022-07-31,1.0,-2.844606483048602,-3.123510211077436,0.07778728950838168,0.2789037280288338,0.0002003557839879781,0.014154708898030298,0.1890308227384676,0.0
QR1_raw_input_ridge,0,120,2022-09-30,2022-08-31,1.0,-2.6463004734576345,-2.8152363292949114,0.028539323387473198,0.16893585583727688,0.000121495726833257,0.01102251000604023,0.0640889250111914,1.0
QR1_raw_input_ridge,0,120,2022-10-31,2022-09-30,100.0,-2.523493614612676,-2.7224914551946044,0.03960014055627058,0.19899784058192838,0.00020932787449755023,0.014468167627503845,0.09084191868389802,0.0
QR1_raw_input_ridge,0,120,2022-11-30,2022-10-31,100.0,-2.5435772319280385,-3.082463152995399,0.29039803592461766,0.5388859210673607,0.0010718152177231009,0.03273858912236599,0.8603538023091721,1.0
QR1_raw_input_ridge,0,120,2022-12-31,2022-11-30,100.0,-2.95330714551955,-2.920247099869408,0.001092966618389457,0.033060045650141756,3.0746398755902037e-06,0.00175346510532437,0.0021385411693062434,1.0
QR1_raw_input_ridge,0,120,2023-01-31,2022-12-31,100.0,-3.0445998097233513,-2.87687636477045,0.028131153986868898,0.16772344495290126,7.560334006931066e-05,0.008695018117825325,0.050465370307990975,0.0
QR1_raw_input_ridge,0,120,2023-02-28,2023-01-31,1.0,-3.1746943824188296,-3.0468329320559118,0.016348550488908906,0.12786145036291785,3.251590637263704e-05,0.005702272036007844,0.030079413419343365,1.0
QR1_raw_input_ridge,0,120,2023-03-31,2023-02-28,1.0,-2.924024732160048,-3.022707624137033,0.009738313168941354,0.09868289197698532,2.5480215789681764e-05,0.005047793160350547,0.02082376945780351,1.0
QR1_raw_input_ridge,0,120,2023-04-30,2023-03-31,1.0,-3.4424462204163033,-3.001344165773201,0.19457102261036646,0.44110205464310237,0.0003144893419187143,0.01773384735241381,0.2960738008885275,1.0
QR1_raw_input_ridge,0,120,2023-05-31,2023-04-30,100.0,-3.2992440662773723,-3.267194719999282,0.0010271605968529482,0.03204934627809042,1.445131588530859e-06,0.0012021362603843455,0.0020111225438337876,1.0
QR1_raw_input_ridge,0,120,2023-06-30,2023-05-31,100.0,-3.4043319921867217,-3.3171086120877042,0.0076079180358976685,0.08722338009901742,9.17184237564589e-06,0.003028504973686834,0.014368330494966303,1.0
QR1_raw_input_ridge,0,120,2023-07-31,2023-06-30,1.0,-3.766103134731879,-3.613107670587601,0.02340761204872316,0.15299546414427834,1.4637050187933518e-05,0.0038258398016557775,0.042384228061880136,1.0
QR1_raw_input_ridge,0,120,2023-08-31,2023-07-31,0.01,-3.3080680545326713,-3.197461827886674,0.01223373737286572,0.11060622664599729,1.8309906723221835e-05,0.004279007679733916,0.02275882432623688,1.0
QR1_raw_input_ridge,0,120,2023-09-30,2023-08-31,1e-08,-3.4377168665741427,-3.14406464728987,0.08623162589057862,0.29365221928427276,0.0001203244178761498,0.010969248738001605,0.14312796224820318,0.0
QR1_raw_input_ridge,0,120,2023-10-31,2023-09-30,1e-08,-3.193062653385387,-3.009447889135747,0.03371438165045086,0.18361476424963996,6.84414052140302e-05,0.008272932080830242,0.059880172233922,1.0
QR1_raw_input_ridge,0,120,2023-11-30,2023-10-31,1e-08,-3.314231456188941,-3.0843169120921745,0.05286069758722408,0.2299145440967667,8.834681391015344e-05,0.009399298586072975,0.09122063674939562,0.0
QR1_raw_input_ridge,0,120,2023-12-31,2023-11-30,1e-08,-3.5682415676821626,-3.3825016994604886,0.034499298647004815,0.185739868221674,3.314278752517179e-05,0.005756977290659725,0.06119271816895383,1.0
QR1_raw_input_ridge,0,120,2024-01-31,2023-12-31,1e-08,-3.464679499845587,-3.1531888844521543,0.09702640347817941,0.3114906153934327,0.0001307058061381704,0.011432664000055735,0.1593243200430733,1.0
QR1_raw_input_ridge,0,120,2024-02-29,2024-01-31,1.0,-3.3448968495093907,-3.2584650055645072,0.007470463647712687,0.08643184394488346,1.0134779151393821e-05,0.0031835167898715128,0.014115967792606487,1.0
QR1_raw_input_ridge,0,120,2024-03-31,2024-02-29,1.0,-3.578980917498339,-3.4157564706561825,0.02664222004692802,0.16322444684215665,2.4477021033042878e-05,0.004947425697576759,0.04793014003907786,1.0
QR1_raw_input_ridge,0,120,2024-04-30,2024-03-31,100.0,-3.229795427472849,-3.4911909642526076,0.06832762664837817,0.2613955367797587,8.28286314474695e-05,0.009101023648330417,0.1639377967131299,1.0
QR1_raw_input_ridge,0,120,2024-05-31,2024-04-30,100.0,-3.5511189897853304,-3.275476418332194,0.07597882719729736,0.2756425714531363,8.292546130308961e-05,0.009106341817826168,0.12749396656956913,1.0
QR1_raw_input_ridge,0,120,2024-06-30,2024-05-31,100.0,-3.974283728374348,-3.48557470202417,0.23883651243613907,0.4887090263501781,0.00014026587057225926,0.011843389319458313,0.3536994371040121,0.0
QR1_raw_input_ridge,0,120,2024-07-31,2024-06-30,100.0,-3.1722014727576715,-3.5388008023219504,0.13439506843697877,0.3665993295642789,0.00016545906300703713,0.012863089170453462,0.34853005091216294,1.0
QR1_raw_input_ridge,0,120,2024-08-31,2024-07-31,100.0,-2.872824298145019,-3.3922275842228164,0.2697797735884144,0.5194032860777975,0.0005246548879252862,0.022905346273856812,0.7870359898163986,0.0
QR1_raw_input_ridge,0,120,2024-09-30,2024-08-31,100.0,-3.260469768692696,-3.243436258397691,0.00029014047297004115,0.017033510295004994,4.3451854518347254e-07,0.0006591802069111849,0.0005737472057438589,1.0
QR1_raw_input_ridge,0,120,2024-10-31,2024-09-30,100.0,-3.4205129328690873,-3.230141237685519,0.036241382327065454,0.19037169518356833,4.700819443371183e-05,0.006856252214855564,0.06409661250951709,0.0
QR1_raw_input_ridge,0,120,2024-11-30,2024-10-31,100.0,-3.343202830242378,-3.2772162940042153,0.004354222964710381,0.06598653623816286,5.8057288577078935e-06,0.0024095080115467335,0.008337665566307328,1.0
QR1_raw_input_ridge,0,120,2024-12-31,2024-11-30,100.0,-3.197711188525805,-3.4297412734011297,0.05383796028725029,0.2320300848753245,7.157644951752808e-05,0.008460286609656205,0.12645849892198846,0.0
QR1_raw_input_ridge,0,120,2025-01-31,2024-12-31,100.0,-3.243856524094862,-3.2299137290670545,0.00019440153318744696,0.013942795027807264,3.00043362141734e-07,0.0005477621401135113,0.0003852141201755241,1.0
QR1_raw_input_ridge,0,120,2025-02-28,2025-01-31,100.0,-3.336086010210643,-3.349552142327136,0.00018133671417884577,0.013466132116493057,2.2644177326505247e-07,0.00047585898464256454,0.0003659513411751504,1.0
QR1_raw_input_ridge,0,120,2025-03-31,2025-02-28,100.0,-2.8188957116043185,-3.2819854233100196,0.2144520810876694,0.4630897117057011,0.000489213811886908,0.022118178313028133,0.5986649421125481,1.0
QR1_raw_input_ridge,0,120,2025-04-30,2025-03-31,100.0,-1.9836117337402832,-3.1061067237274536,1.2599950025462976,1.1224949899871703,0.008611195941618638,0.09279652979297576,6.195330983753815,0.0
QR1_raw_input_ridge,0,120,2025-05-31,2025-04-30,100.0,-3.0297758721398087,-2.7926487928591683,0.0562292517281671,0.23712707928064036,0.0001672435789171801,0.012932268900590495,0.0966032156854828,1.0
QR1_raw_input_ridge,0,120,2025-06-30,2025-05-31,100.0,-3.53015126294113,-3.168758232756981,0.13060492226568093,0.3613930301841486,0.00016269781938768003,0.012755305538781892,0.20818408252330456,1.0
QR1_raw_input_ridge,0,120,2025-07-31,2025-06-30,100.0,-3.950725844114382,-3.2857912265513036,0.4421380456337576,0.6649346175630786,0.00033015769036174,0.018170241890567665,0.594381083022996,0.0
QR1_raw_input_ridge,0,120,2025-08-31,2025-07-31,100.0,-3.3885322185760227,-3.4781770530220424,0.008036196342854275,0.08964483444601967,8.378521987517687e-06,0.002894567668498646,0.017077575462403127,1.0
QR1_raw_input_ridge,0,120,2025-09-30,2025-08-31,100.0,-3.84430960652608,-3.421517735277568,0.17875296639381846,0.42279187124851214,0.00012682480777557803,0.011261652089084355,0.2748904229956015,1.0
QR1_raw_input_ridge,0,120,2025-10-31,2025-09-30,100.0,-3.200563742469265,-3.528302761132692,0.10741286435446618,0.32773901866342703,0.00012960764917806564,0.011384535527550768,0.2705849900338648,1.0
QR1_raw_input_ridge,0,120,2025-11-30,2025-10-31,100.0,-3.187697796475165,-3.3349657794804477,0.021687858818444254,0.14726798300528277,3.193336220970765e-05,0.005650961175738836,0.04796728097686026,0.0
QR1_raw_input_ridge,0,120,2025-12-31,2025-11-30,100.0,-3.6690396499504754,-3.272414062875665,0.15731185632243794,0.3966255870748103,0.00015410341854916554,0.012413839798755481,0.24562283696830733,1.0
QR1_raw_input_ridge,0,120,2026-01-31,2025-12-31,100.0,-3.5432590006801346,-3.367523686747755,0.03088290056291202,0.17573531393237962,3.0868867615765016e-05,0.005555975847298566,0.05512314530013629,1.0
QR1_raw_input_ridge,0,120,2026-02-28,2026-01-31,100.0,-3.319270460859548,-3.4069094155635637,0.007680586381612559,0.08763895470401595,9.215725390577999e-06,0.003035741324714278,0.01629941174160715,1.0
QR1_raw_input_ridge,0,120,2026-03-31,2026-02-28,100.0,-2.9305194230637723,-3.3766875431039756,0.1990659913402092,0.44616812004020323,0.0003689813488522347,0.019208887236178848,0.5484891093703608,0.0
QR1_raw_input_ridge,0,120,2026-04-30,2026-03-31,100.0,-3.2372756219261025,-3.1369229668022145,0.01007065539041401,0.10035265512388802,1.718473739606947e-05,0.004145447791984537,0.018858807731515964,1.0
QR1_raw_input_ridge,0,120,2026-05-31,2026-04-30,100.0,-3.511913129771558,-3.4316201047912043,0.006446969860495673,0.08029302498035351,6.223730553455119e-06,0.002494740578387885,0.012230586400628907,1.0
QR1_raw_input_ridge,0,120,2026-06-30,2026-05-31,100.0,-3.0167824583115244,-3.390395011216996,0.13958633968854386,0.3736125529054717,0.00023296304500071427,0.015263126973222567,0.3639086027137446,1.0
QR1_raw_input_ridge,0,120,2026-07-31,2026-06-30,100.0,-3.371790235714744,-3.2441656839351865,0.01628802621693297,0.12762455177955756,2.183658470374029e-05,0.0046729631609654584,0.02997259110332587,1.0
QR1_raw_input_ridge,0,120,2026-08-31,2026-07-31,100.0,-3.5077496504538077,-3.3377221937175428,0.02890933604420245,0.17002745673626496,3.08413571995564e-05,0.005553499545291815,0.0517861515282213,0.0
QR1_matched_ridge,1,571,2020-01-31,2019-12-31,0.01,-3.3942209625474167,-3.6427136585883124,0.061748619985673006,0.24849269604089574,5.454550774690814e-05,0.00738549306051452,0.1467731145730673,1.0
QR1_matched_ridge,1,571,2020-02-29,2020-01-31,1.0,-2.656216692100947,-3.518656006981323,0.7438015718513327,0.8624393148803762,0.0016462588314381979,0.04057411528842247,2.8869612482488556,0.0
QR1_matched_ridge,1,571,2020-03-31,2020-02-29,1.0,-1.2968785055181968,-2.8804857860107007,2.5078120188288637,1.5836072804925039,0.04720900299959544,0.21727632866834676,19.574047771189687,0.0
QR1_matched_ridge,1,571,2020-04-30,2020-03-31,1.0,-2.134827132729708,-2.1261452708257416,7.537472611954623e-05,0.008681861903966581,1.0634367698695028e-06,0.0010312307064229143,0.0001498807027390768,1.0
QR1_matched_ridge,1,571,2020-05-31,2020-04-30,1.0,-2.753012874659256,-2.6345656074933594,0.014029755099069313,0.11844726716589671,6.42335875769998e-05,0.00801458592673382,0.025969038230935215,1.0
QR1_matched_ridge,1,571,2020-06-30,2020-05-31,1.0,-2.451931103357683,-2.8919909945890048,0.1936527078705228,0.44005989123132183,0.0009401235784132248,0.030661434708982957,0.531068724754878,0.0
QR1_matched_ridge,1,571,2020-07-31,2020-06-30,1.0,-3.218790749890995,-2.8842881348195863,0.11189199948961091,0.33450261507140855,0.0002525290178900965,0.015891161628090518,0.1812230934671567,1.0
QR1_matched_ridge,1,571,2020-08-31,2020-07-31,1.0,-3.605902901033218,-3.089573305371712,0.2665962513559744,0.5163295956615062,0.00033703326165534624,0.01835846566724317,0.38871806321363767,0.0
QR1_matched_ridge,1,571,2020-09-30,2020-08-31,1.0,-2.6518079305455564,-3.3193005924934633,0.44554645375430274,0.6674926619479069,0.0011796112964668722,0.03434546980995998,1.4649548537962742,1.0
QR1_matched_ridge,1,571,2020-10-31,2020-09-30,1.0,-2.7990558904711156,-2.836137785363503,0.0013750669288100702,0.037081894892387446,4.909531875278521e-06,0.0022157463472334826,0.0028194001109484584,1.0
QR1_matched_ridge,1,571,2020-11-30,2020-10-31,1.0,-3.0039008865838612,-2.8243904808659392,0.03222398576101296,0.17951040571792198,9.509340295698347e-05,0.009751584638251543,0.05738062876564676,1.0
QR1_matched_ridge,1,571,2020-12-31,2020-11-30,1.0,-3.651528771176814,-3.051226979496076,0.36036224109510395,0.6003017916807378,0.00045579803105420347,0.021349426949082345,0.5016160543122226,1.0
QR1_matched_ridge,1,571,2021-01-31,2020-12-31,1.0,-3.0833520658531506,-3.2673546850838906,0.0338569638837727,0.18400261923074002,5.9264700089822845e-05,0.007698356973395222,0.07684436928158928,1.0
QR1_matched_ridge,1,571,2021-02-28,2021-01-31,1.0,-3.2488415694882113,-3.059962941104164,0.035675136260239056,0.18887862838404734,6.512944791922776e-05,0.008070281774462881,0.06315411269028615,0.0
QR1_matched_ridge,1,571,2021-03-31,2021-02-28,1.0,-3.0053155591944845,-3.1772179423059614,0.02955042931940501,0.171902383111477,6.117765322509358e-05,0.007821614489674979,0.0664985035711127,1.0
QR1_matched_ridge,1,571,2021-04-30,2021-03-31,1.0,-3.42852988588876,-3.1629662987141334,0.07052401883305544,0.26556358717462647,9.73279292211561e-05,0.009865491838786149,0.11906905738127893,1.0
QR1_matched_ridge,1,571,2021-05-31,2021-04-30,1.0,-3.25075444008131,-3.3142158439710867,0.00402734978366134,0.0634614038897765,5.675899958891267e-06,0.002382414732764064,0.00840656802388054,1.0
QR1_matched_ridge,1,571,2021-06-30,2021-05-31,1.0,-3.7043212595884913,-3.220989411268275,0.23360967560063675,0.4833318483202165,0.00023404794613429315,0.015298625628934553,0.3470135828771541,0.0
QR1_matched_ridge,1,571,2021-07-31,2021-06-30,1.0,-3.3961998858730538,-3.4248747499892858,0.0008222478320843691,0.02867486411623199,8.967624607786268e-07,0.0009469754277586229,0.0016763887379510622,1.0
QR1_matched_ridge,1,571,2021-08-31,2021-07-31,1.0,-3.708249345225621,-3.435972755356988,0.07413454139049167,0.2722765898686328,5.888514278054829e-05,0.007673665537443516,0.12465410602593702,1.0
QR1_matched_ridge,1,571,2021-09-30,2021-08-31,1.0,-3.2831324409451104,-3.5280218206636698,0.05997080829894077,0.2448893797185594,6.638386334374707e-05,0.00814762930819432,0.14217636590481775,1.0
QR1_matched_ridge,1,571,2021-10-31,2021-09-30,1.0,-3.386780947876349,-3.264291468946142,0.015003672448593599,0.1224894789302069,1.941853481796514e-05,0.0044066466636168075,0.027699966053711306,0.0
QR1_matched_ridge,1,571,2021-11-30,2021-10-31,1.0,-3.3064112261583376,-3.4718821798597945,0.0273806365188697,0.16547095370145692,3.123624562993581e-05,0.005588939580093509,0.06133700145825438,0.0
QR1_matched_ridge,1,571,2021-12-31,2021-11-30,1.0,-2.9961728370061524,-3.3710453760742443,0.14052942054735804,0.3748725390680918,0.00024411783351782181,0.015624270655548111,0.366715337667501,0.0
QR1_matched_ridge,1,571,2022-01-31,2021-12-31,1.0,-2.941546598012492,-3.255867886411282,0.09879787234067519,0.3143212883987898,0.00020268301420078616,0.014236678482033166,0.24642101935943195,0.0
QR1_matched_ridge,1,571,2022-02-28,2022-01-31,1.0,-2.799886911249737,-2.9138507709405843,0.01298776131563516,0.11396385969084744,4.2910101734906355e-05,0.006550580259404991,0.028066818707805197,1.0
QR1_matched_ridge,1,571,2022-03-31,2022-02-28,1.0,-2.6765886403079335,-2.927051405435502,0.06273159671534759,0.2504627651275686,0.00023234083077418565,0.015242730423850763,0.14932238823369282,0.0
QR1_matched_ridge,1,571,2022-04-30,2022-03-31,1.0,-2.6479040482811675,-3.0360221742470657,0.15063567970328076,0.3881181259658981,0.0005186506390124098,0.02277390258634672,0.39704093332416424,0.0
QR1_matched_ridge,1,571,2022-05-31,2022-04-30,1.0,-2.4244039455209907,-2.701956447247583,0.07703539121469002,0.2775525017265923,0.0004603906316957591,0.021456715305371396,0.18701890074295324,0.0
QR1_matched_ridge,1,571,2022-06-30,2022-05-31,1.0,-2.4599056517814564,-2.845849810305292,0.1489528934986716,0.3859441585238357,0.0007484671324528304,0.027358127356469968,0.39196011318193835,1.0
QR1_matched_ridge,1,571,2022-07-31,2022-06-30,1.0,-2.8821019465281603,-2.5049000987301273,0.14228123398225045,0.377201847798033,0.0006587878770339117,0.025666863404668512,0.22469466330561427,1.0
QR1_matched_ridge,1,571,2022-08-31,2022-07-31,100.0,-2.844606483048602,-3.0261701008248227,0.03296534729998951,0.18156361777622054,9.324048176057721e-05,0.009656111109581186,0.07469155371888309,0.0
QR1_matched_ridge,1,571,2022-09-30,2022-08-31,1.0,-2.6463004734576345,-2.8269422368823705,0.032631446693198264,0.18064176342473592,0.00013734658691823794,0.011719496018098984,0.07388678566684026,1.0
QR1_matched_ridge,1,571,2022-10-31,2022-09-30,100.0,-2.523493614612676,-2.5898004183594265,0.004396592223110081,0.06630680374675046,2.646061395020195e-05,0.005143988136670025,0.009195119254996192,1.0
QR1_matched_ridge,1,571,2022-11-30,2022-10-31,100.0,-2.5435772319280385,-2.8975815106779654,0.12531902937325595,0.3540042787499269,0.0005488864695771276,0.0234283262222705,0.32193615507874185,1.0
QR1_matched_ridge,1,571,2022-12-31,2022-11-30,100.0,-2.95330714551955,-2.835107898427789,0.01397106201305917,0.118199247091761,4.2840869680586074e-05,0.0065452937046847695,0.025864507810819143,1.0
QR1_matched_ridge,1,571,2023-01-31,2022-12-31,100.0,-3.0445998097233513,-2.815572487285963,0.05245351442283939,0.22902732243738821,0.00015018675257759382,0.012255070484399257,0.09056755654890819,0.0
QR1_matched_ridge,1,571,2023-02-28,2023-01-31,100.0,-3.1746943824188296,-3.0527669476552988,0.014866299348015071,0.12192743476353085,2.938926631236217e-05,0.005421186799249973,0.027456219972468193,1.0
QR1_matched_ridge,1,571,2023-03-31,2023-02-28,100.0,-2.924024732160048,-3.032849818217782,0.011842899355473259,0.10882508605773422,3.067954104531556e-05,0.005538911539762624,0.02550193015643709,1.0
QR1_matched_ridge,1,571,2023-04-30,2023-03-31,100.0,-3.4424462204163033,-3.038534357316129,0.163144793153054,0.40391186310017435,0.00025340519603936216,0.015918705853157855,0.2536509796031883,1.0
QR1_matched_ridge,1,571,2023-05-31,2023-04-30,100.0,-3.2992440662773723,-3.2137385608419278,0.007311191459770838,0.08550550543544455,1.0856762216116674e-05,0.0032949601236003864,0.01382330419407235,1.0
QR1_matched_ridge,1,571,2023-06-30,2023-05-31,100.0,-3.4043319921867217,-3.2053950731729413,0.039575897746695426,0.1989369190137804,5.34927113574373e-05,0.007313871160844802,0.06962060924138735,0.0
QR1_matched_ridge,1,571,2023-07-31,2023-06-30,100.0,-3.766103134731879,-3.3753727181636104,0.15267025843161286,0.3907304165682688,0.00012239655478417347,0.011063297645104442,0.23919767863924934,0.0
QR1_matched_ridge,1,571,2023-08-31,2023-07-31,100.0,-3.3080680545326713,-3.4412553157778185,0.0177388465579831,0.13318726124514724,2.0814854342739353e-05,0.00456232992480151,0.03884928033711077,1.0
QR1_matched_ridge,1,571,2023-09-30,2023-08-31,100.0,-3.4377168665741427,-3.254597366347874,0.03353275136311833,0.18311950022626844,4.1710682682292436e-05,0.006458380809637385,0.059576073984251854,0.0
QR1_matched_ridge,1,571,2023-10-31,2023-09-30,100.0,-3.193062653385387,-3.2343052379537753,0.001700950781880666,0.04124258456838836,2.7503179129696604e-06,0.0016584082467744968,0.00349739812392795,1.0
QR1_matched_ridge,1,571,2023-11-30,2023-10-31,100.0,-3.314231456188941,-3.166647328744799,0.021781074673448766,0.14758412744414207,3.343932868367942e-05,0.005782674872727968,0.039574581813265064,0.0
QR1_matched_ridge,1,571,2023-12-31,2023-11-30,100.0,-3.5682415676821626,-3.4122953720328217,0.0243192159375025,0.15594619564934087,2.2657962767442447e-05,0.004760038105671261,0.043952691346826556,1.0
QR1_matched_ridge,1,571,2024-01-31,2023-12-31,100.0,-3.464679499845587,-3.4425943356692916,0.0004877544766939198,0.022085164176295358,4.880091946758957e-07,0.0006985765489020482,0.0009613033152211306,1.0
QR1_matched_ridge,1,571,2024-02-29,2024-01-31,100.0,-3.3448968495093907,-3.3783900902977924,0.0011217971785098524,0.03349324078840166,1.3491757417874803e-06,0.0011615402454445908,0.002294541506705855,1.0
QR1_matched_ridge,1,571,2024-03-31,2024-02-29,100.0,-3.578980917498339,-3.4653559375913146,0.01291063605887174,0.11362497990702458,1.1274523995941322e-05,0.0033577557975441458,0.023971568827330314,1.0
QR1_matched_ridge,1,571,2024-04-30,2024-03-31,100.0,-3.229795427472849,-3.5162195320622835,0.08203876768985942,0.2864241045894347,9.710220930126438e-05,0.009854045326730763,0.20046241586820202,1.0
QR1_matched_ridge,1,571,2024-05-31,2024-04-30,100.0,-3.5511189897853304,-3.2658632979668036,0.0813708097148663,0.2852556918185267,8.970853415238851e-05,0.009471458924177865,0.1357476958144892,1.0
QR1_matched_ridge,1,571,2024-06-30,2024-05-31,100.0,-3.974283728374348,-3.4826336395976,0.24171980979418428,0.4916500887767481,0.00014241140011422894,0.01193362476845275,0.35737472468329723,0.0
QR1_matched_ridge,1,571,2024-07-31,2024-06-30,100.0,-3.1722014727576715,-3.6838916851388284,0.26182687344667344,0.5116902123811569,0.0002817773202772844,0.016786224122097394,0.7592047783470588,1.0
QR1_matched_ridge,1,571,2024-08-31,2024-07-31,100.0,-2.872824298145019,-3.3912094818754888,0.268723198711273,0.5183851837304698,0.0005230865893098879,0.022871086316786263,0.783324054800586,0.0
QR1_matched_ridge,1,571,2024-09-30,2024-08-31,100.0,-3.260469768692696,-3.157954063970741,0.010509469714639052,0.10251570472195493,1.7158332009205817e-05,0.00414226170216294,0.019653138637975492,1.0
QR1_matched_ridge,1,571,2024-10-31,2024-09-30,100.0,-3.4205129328690873,-3.2038806364507,0.046929551851504034,0.21663229641838733,6.254701774381748e-05,0.00790866725458958,0.08165350288205736,0.0
QR1_matched_ridge,1,571,2024-11-30,2024-10-31,100.0,-3.343202830242378,-3.294990011597605,0.002324475881673793,0.048212818644773225,3.0442383122281408e-06,0.0017447745734702064,0.00450305947702502,1.0
QR1_matched_ridge,1,571,2024-12-31,2024-11-30,100.0,-3.197711188525805,-3.4261378360297554,0.05217873328989394,0.22842664750395025,6.961134776788585e-05,0.008343341522908304,0.12224391080466124,0.0
QR1_matched_ridge,1,571,2025-01-31,2024-12-31,100.0,-3.243856524094862,-3.256647837271501,0.0001636176927828658,0.012791313176639285,2.458685681444718e-07,0.0004958513569049416,0.00033004383797108003,1.0
QR1_matched_ridge,1,571,2025-02-28,2025-01-31,100.0,-3.336086010210643,-3.2872834564074864,0.0023816892577099807,0.048802553803156457,3.1657636008589066e-06,0.001779259284325617,0.0046121108167932745,1.0
QR1_matched_ridge,1,571,2025-03-31,2025-02-28,100.0,-2.8188957116043185,-3.2530036454583344,0.18844969823500266,0.4341079338540159,0.0004415832629674488,0.021013882624766153,0.5144402177475984,1.0
QR1_matched_ridge,1,571,2025-04-30,2025-03-31,100.0,-1.9836117337402832,-3.0359810275056565,1.1074811304602306,1.0523692937653732,0.008018117907060326,0.0895439439999173,5.100219263399733,0.0
QR1_matched_ridge,1,571,2025-05-31,2025-04-30,100.0,-3.0297758721398087,-2.6333894986539246,0.15712215708529081,0.3963863734858841,0.000552630659555999,0.02350809774430928,0.2453608884689501,1.0
QR1_matched_ridge,1,571,2025-06-30,2025-05-31,1.0,-3.53015126294113,-3.024896296060878,0.25528258155716427,0.5052549668802517,0.0003710390410959534,0.019262373713952115,0.3745432331244539,0.0
QR1_matched_ridge,1,571,2025-07-31,2025-06-30,100.0,-3.950725844114382,-3.3437911918430783,0.3683696721276886,0.6069346522713039,0.00025799211107239094,0.01606213283074172,0.5109149972412389,0.0
QR1_matched_ridge,1,571,2025-08-31,2025-07-31,100.0,-3.3885322185760227,-3.4945475444390564,0.011239249317845208,0.10601532586303364,1.1530827349329905e-05,0.0033957071942866193,0.024155123999492212,1.0
QR1_matched_ridge,1,571,2025-09-30,2025-08-31,100.0,-3.84430960652608,-3.4028326779625147,0.19490187845391937,0.44147692856356535,0.00014107966965705272,0.011877696311029876,0.29651336711527776,1.0
QR1_matched_ridge,1,571,2025-10-31,2025-09-30,100.0,-3.200563742469265,-3.5537998753572744,0.12477576557767542,0.35323613288800937,0.00014698008511406795,0.012123534349110739,0.32035625384442645,1.0
QR1_matched_ridge,1,571,2025-11-30,2025-10-31,100.0,-3.187697796475165,-3.2978326854485065,0.012129693769170273,0.11013488897334156,1.8520754712747242e-05,0.0043035746435663505,0.026143162011382892,0.0
QR1_matched_ridge,1,571,2025-12-31,2025-11-30,100.0,-3.6690396499504754,-3.234170458243481,0.1891112138958945,0.43486919170699423,0.00019298547997020576,0.01389192139231308,0.28879955167409654,1.0
QR1_matched_ridge,1,571,2026-01-31,2025-12-31,100.0,-3.5432590006801346,-3.3419015935381715,0.04054480541093427,0.20135740714196304,4.161164045467629e-05,0.006450708523462852,0.07121753385188634,1.0
QR1_matched_ridge,1,571,2026-02-28,2026-01-31,100.0,-3.319270460859548,-3.3714031179632586,0.002717813936693093,0.052132657103710844,3.377500831187531e-06,0.0018377978210857501,0.00562957253015714,1.0
QR1_matched_ridge,1,571,2026-03-31,2026-02-28,100.0,-2.9305194230637723,-3.3116987893134704,0.14529770925452146,0.38117936624969806,0.00028612116841272286,0.01691511656515328,0.38096706256805923,1.0
QR1_matched_ridge,1,571,2026-04-30,2026-03-31,100.0,-3.2372756219261025,-3.0366433453232604,0.040253310414839344,0.2006322766028421,7.612539208595593e-05,0.008724986652480102,0.07073747960508592,1.0
QR1_matched_ridge,1,571,2026-05-31,2026-04-30,100.0,-3.511913129771558,-3.3757230562645333,0.018547736121848738,0.1361900735070245,1.895394782729692e-05,0.004353613192199891,0.03394484652286503,1.0
QR1_matched_ridge,1,571,2026-06-30,2026-05-31,100.0,-3.0167824583115244,-3.4742679225218414,0.20929294996372924,0.457485464210317,0.0003230640509933338,0.017973982613581605,0.5817317393394321,1.0
QR1_matched_ridge,1,571,2026-07-31,2026-06-30,100.0,-3.371790235714744,-3.213411398712677,0.025083856010127345,0.15837883700206712,3.47044521055139e-05,0.005891048472514371,0.04526494399159753,1.0
QR1_matched_ridge,1,571,2026-08-31,2026-07-31,100.0,-3.5077496504538077,-3.291417259365745,0.04679970343387855,0.2163323910880628,5.237155972364281e-05,0.0072368197244122925,0.0814427194615796,0.0
QR1_matched_ridge,1,120,2020-01-31,2019-12-31,100.0,-3.3942209625474167,-3.581504706791182,0.035075200857964034,0.18728374424376515,3.2866241661648924e-05,0.005732908656314779,0.07979476166354965,1.0
QR1_matched_ridge,1,120,2020-02-29,2020-01-31,100.0,-2.656216692100947,-3.4546345704698607,0.6374711084991176,0.7984178783689138,0.00149108032356036,0.038614509236300804,2.340548838006914,0.0
QR1_matched_ridge,1,120,2020-03-31,2020-02-29,100.0,-1.2968785055181968,-2.9840084523507775,2.8464074574993066,1.6871299468325807,0.04963725016862016,0.2227941879148111,24.828402811946606,0.0
QR1_matched_ridge,1,120,2020-04-30,2020-03-31,1.0,-2.134827132729708,-1.4990218362806274,0.4042483749927035,0.6358052964490808,0.011042540289544399,0.10508349199348296,0.5519902733054023,1.0
QR1_matched_ridge,1,120,2020-05-31,2020-04-30,0.01,-2.753012874659256,-2.9832212997978003,0.05299591900476867,0.23020842513854411,0.0001717689728841442,0.013106066262770999,0.12431759404372966,1.0
QR1_matched_ridge,1,120,2020-06-30,2020-05-31,1.0,-2.451931103357683,-3.128291224738936,0.45746301379486315,0.6763601213812529,0.0017922133156969863,0.042334540456900986,1.51521270670185,0.0
QR1_matched_ridge,1,120,2020-07-31,2020-06-30,0.01,-3.218790749890995,-3.641741386975738,0.1788872414103899,0.4229506370847429,0.00019034989354048791,0.013796734886939298,0.48417563245879247,1.0
QR1_matched_ridge,1,120,2020-08-31,2020-07-31,1.0,-3.605902901033218,-3.2105385059812397,0.15631300487481692,0.3953643950519785,0.00017350101826600037,0.01317197852511157,0.2442429482879357,0.0
QR1_matched_ridge,1,120,2020-09-30,2020-08-31,1.0,-2.6518079305455564,-3.2881546264250616,0.40493711735676347,0.6363466958795052,0.0011023021402364835,0.03320093583374546,1.297762868998353,1.0
QR1_matched_ridge,1,120,2020-10-31,2020-09-30,1.0,-2.7990558904711156,-2.763516884545928,0.001263020942150508,0.03553900592518744,4.84910513223748e-06,0.002202068375922392,0.0024672417465028407,1.0
QR1_matched_ridge,1,120,2020-11-30,2020-10-31,1.0,-3.0039008865838612,-2.786925196710974,0.04707844999581541,0.2169756898728874,0.00014441140725164102,0.012017129742648243,0.08189513765552447,0.0
QR1_matched_ridge,1,120,2020-12-31,2020-11-30,1.0,-3.651528771176814,-3.1727253972275813,0.22925267090516863,0.47880337394923256,0.00025401514620947304,0.015937852622278606,0.34141709049218383,1.0
QR1_matched_ridge,1,120,2021-01-31,2020-12-31,0.01,-3.0833520658531506,-3.3513356968607453,0.07181522648801467,0.2679836310075947,0.0001159483765900811,0.010767932790934437,0.1731333290649566,1.0
QR1_matched_ridge,1,120,2021-02-28,2021-01-31,0.01,-3.2488415694882113,-3.1291957073058088,0.014315132337370473,0.11964586218240258,2.4342601676607996e-05,0.004933822217774775,0.026476932133562586,1.0
QR1_matched_ridge,1,120,2021-03-31,2021-02-28,1.0,-3.0053155591944845,-3.2388046888850406,0.05451717368365334,0.23348912969055613,0.00010634535158209152,0.010312388257920253,0.12818846374711423,1.0
QR1_matched_ridge,1,120,2021-04-30,2021-03-31,1.0,-3.42852988588876,-3.3652141123430432,0.004008887179692467,0.0633157735457166,4.494520710691507e-06,0.002120028469311558,0.007689788362395339,1.0
QR1_matched_ridge,1,120,2021-05-31,2021-04-30,0.01,-3.25075444008131,-3.3810632158094727,0.01698037703177254,0.13030877572816246,2.240783869602263e-05,0.004733691867456376,0.03711370362911931,1.0
QR1_matched_ridge,1,120,2021-06-30,2021-05-31,0.01,-3.7043212595884913,-3.2703298684689166,0.1883485275659037,0.43399139111957474,0.0001789433751731402,0.013376971823740237,0.2877803009583223,1.0
QR1_matched_ridge,1,120,2021-07-31,2021-06-30,1.0,-3.3961998858730538,-3.4737032470143934,0.006006770988204909,0.0775033611413396,6.241621574167178e-06,0.0024983237528725492,0.012659088175715816,1.0
QR1_matched_ridge,1,120,2021-08-31,2021-07-31,1.0,-3.708249345225621,-3.5483312686599966,0.025573791212448873,0.1599180765656243,1.8081212335471748e-05,0.004252200881363879,0.04610417719846788,1.0
QR1_matched_ridge,1,120,2021-09-30,2021-08-31,1.0,-3.2831324409451104,-3.5933891505838247,0.09625922587584149,0.3102567096387143,0.00010011241320182462,0.01000561908138745,0.23936927710900158,1.0
QR1_matched_ridge,1,120,2021-10-31,2021-09-30,1.0,-3.386780947876349,-3.3255394109912326,0.0037505258400510532,0.06124153688511624,4.561463469505133e-06,0.002135758289110716,0.0072039535758734174,1.0
QR1_matched_ridge,1,120,2021-11-30,2021-10-31,1.0,-3.3064112261583376,-3.5787481767067617,0.0741674146340148,0.2723369505484241,7.633240676255886e-05,0.008736841921573198,0.1793721800656154,0.0
QR1_matched_ridge,1,120,2021-12-31,2021-11-30,0.01,-2.9961728370061524,-3.491568965637698,0.24541732426312263,0.49539612863154536,0.0003812225715524326,0.01952492180656385,0.7025752099723475,0.0
QR1_matched_ridge,1,120,2022-01-31,2021-12-31,0.01,-2.941546598012492,-3.5027444917643438,0.3149430759515145,0.5611978937518516,0.000513902119195753,0.022669409326132716,0.9498099580403858,0.0
QR1_matched_ridge,1,120,2022-02-28,2022-01-31,0.01,-2.799886911249737,-2.820309052999357,0.0004170638736415715,0.020422141749619982,1.5114631802854665e-06,0.001229415788204083,0.0008456011126204213,1.0
QR1_matched_ridge,1,120,2022-03-31,2022-02-28,0.01,-2.6765886403079335,-3.038925648591558,0.13128810757192744,0.3623370082836246,0.0004372757152516314,0.020911138545082412,0.33938412496017323,0.0
QR1_matched_ridge,1,120,2022-04-30,2022-03-31,1e-08,-2.6479040482811675,-3.402437325816816,0.5693204669086881,0.7545332775356486,0.001406806735913194,0.037507422410946796,2.0134407568401813,0.0
QR1_matched_ridge,1,120,2022-05-31,2022-04-30,100.0,-2.4244039455209907,-2.9142820217004273,0.23998052952126586,0.4898780761794366,0.001175660787008664,0.03428791021641103,0.6840504474111369,0.0
QR1_matched_ridge,1,120,2022-06-30,2022-05-31,1.0,-2.4599056517814564,-3.1719474635503984,0.5070035417071974,0.712041811768942,0.0018940891878085,0.043521134955427115,1.7299658013969306,1.0
QR1_matched_ridge,1,120,2022-07-31,2022-06-30,100.0,-2.8821019465281603,-2.75475771477451,0.01621655336092742,0.1273442317536504,5.787464320696188e-05,0.007607538577421864,0.029846413844951708,1.0
QR1_matched_ridge,1,120,2022-08-31,2022-07-31,100.0,-2.844606483048602,-3.2078327209576463,0.1319332999055575,0.36322623790904407,0.00031374951519296494,0.017712975898842208,0.3412797751639687,0.0
QR1_matched_ridge,1,120,2022-09-30,2022-08-31,100.0,-2.6463004734576345,-2.9864354656477134,0.11569181291214505,0.3401349921900789,0.000418041586499338,0.02044606530605187,0.29414073595232704,0.0
QR1_matched_ridge,1,120,2022-10-31,2022-09-30,100.0,-2.523493614612676,-2.7296180949665394,0.04248730140115019,0.20612448035386333,0.00022304826116587348,0.014934800339002643,0.09796141186557161,0.0
QR1_matched_ridge,1,120,2022-11-30,2022-10-31,100.0,-2.5435772319280385,-3.0675954145769815,0.27459505574670096,0.524018182648943,0.0010273222163221787,0.032051867594918376,0.8040088756120611,1.0
QR1_matched_ridge,1,120,2022-12-31,2022-11-30,100.0,-2.95330714551955,-2.97885651604009,0.0006527703339958533,0.025549370520540293,1.7317216620868928e-06,0.0013159489587696374,0.0013280648302931852,1.0
QR1_matched_ridge,1,120,2023-01-31,2022-12-31,100.0,-3.0445998097233513,-2.939814140277919,0.010980036521127364,0.1047856694454321,2.7669618619903735e-05,0.005260191880521445,0.020503125286187224,0.0
QR1_matched_ridge,1,120,2023-02-28,2023-01-31,100.0,-3.1746943824188296,-3.1639032472332485,0.00011644859859348792,0.010791135185581169,2.0574083932218562e-07,0.00045358663926772097,0.00023123071506331652,1.0
QR1_matched_ridge,1,120,2023-03-31,2023-02-28,100.0,-2.924024732160048,-3.1115725558103233,0.03517418615595482,0.18754782365027545,8.438593832677797e-05,0.009186181923235462,0.08003493997442174,1.0
QR1_matched_ridge,1,120,2023-04-30,2023-03-31,100.0,-3.4424462204163033,-3.1296339654758487,0.09785150684093197,0.3128122549404546,0.00013800278134241514,0.011747458505669009,0.16055176670654292,1.0
QR1_matched_ridge,1,120,2023-05-31,2023-04-30,100.0,-3.2992440662773723,-3.2718324231734877,0.0007513981776547477,0.027411643103884664,1.0522406411972778e-06,0.001025787814899981,0.0014757059202162026,1.0
QR1_matched_ridge,1,120,2023-06-30,2023-05-31,100.0,-3.4043319921867217,-3.2617964111057454,0.02031639187409157,0.1425355810809763,2.5913074894175718e-05,0.0050904886694870186,0.03703190342525367,0.0
QR1_matched_ridge,1,120,2023-07-31,2023-06-30,100.0,-3.766103134731879,-3.420893923399875,0.11916939958846419,0.345209211332004,9.103328123660046e-05,0.009541136265487485,0.19178466483626755,1.0
QR1_matched_ridge,1,120,2023-08-31,2023-07-31,100.0,-3.3080680545326713,-3.4523991221136,0.020831457069050582,0.14433106758092862,2.417908393347795e-05,0.004917223193376313,0.04597858900943347,1.0
QR1_matched_ridge,1,120,2023-09-30,2023-08-31,100.0,-3.4377168665741427,-3.271394610526448,0.02766309285679491,0.16632225604769468,3.381984178686298e-05,0.005815482936684019,0.049669554680579375,0.0
QR1_matched_ridge,1,120,2023-10-31,2023-09-30,100.0,-3.193062653385387,-3.212223323302638,0.0003671312716778417,0.01916066991725085,6.068122099058095e-07,0.0007789815209013687,0.0007437324015302366,1.0
QR1_matched_ridge,1,120,2023-11-30,2023-10-31,100.0,-3.314231456188941,-3.1838511404447165,0.016999026733563728,0.1303803157442247,2.5642346851736954e-05,0.005063827292842535,0.031225954169995934,0.0
QR1_matched_ridge,1,120,2023-12-31,2023-11-30,100.0,-3.5682415676821626,-3.451274166639168,0.013681372906752743,0.11696740104299463,1.2248638585674747e-05,0.003499805506835308,0.025348214803181557,1.0
QR1_matched_ridge,1,120,2024-01-31,2023-12-31,100.0,-3.464679499845587,-3.4451277096449155,0.00038227250005107164,0.019551790200671437,3.815010605406059e-07,0.000617657721185938,0.0007546761823496659,1.0
QR1_matched_ridge,1,120,2024-02-29,2024-01-31,100.0,-3.3448968495093907,-3.3807910480345242,0.0012883934877616985,0.035894198525133536,1.545845222522743e-06,0.0012433202413387884,0.002639570830380328,1.0
QR1_matched_ridge,1,120,2024-03-31,2024-02-29,100.0,-3.578980917498339,-3.477543503622388,0.01028954893384099,0.10143741387595107,8.874810297965863e-06,0.0029790619829009705,0.019255250955092673,1.0
QR1_matched_ridge,1,120,2024-04-30,2024-03-31,100.0,-3.229795427472849,-3.5062301579593385,0.07641616021913814,0.2764347304864896,9.13125148054866e-05,0.009555758201497493,0.1853642012503134,1.0
QR1_matched_ridge,1,120,2024-05-31,2024-04-30,100.0,-3.5511189897853304,-3.252975171877763,0.08888973615650077,0.2981438179075675,9.933120764238789e-05,0.009966504283969776,0.1471404470196926,1.0
QR1_matched_ridge,1,120,2024-06-30,2024-05-31,100.0,-3.974283728374348,-3.481374847554558,0.24295916479101828,0.49290888081979034,0.0001433366197309605,0.011972327247906336,0.35895172913348083,0.0
QR1_matched_ridge,1,120,2024-07-31,2024-06-30,100.0,-3.1722014727576715,-3.6413942865033535,0.22014189647059024,0.469192813745682,0.0002463475793277617,0.015695463654437282,0.6174663613291183,1.0
QR1_matched_ridge,1,120,2024-08-31,2024-07-31,100.0,-2.872824298145019,-3.364748221836095,0.24198914669962351,0.49192392369107596,0.00048260614572657307,0.021968298653436344,0.6908805657220298,0.0
QR1_matched_ridge,1,120,2024-09-30,2024-08-31,100.0,-3.260469768692696,-3.182037818013857,0.006151570887287818,0.0784319506788389,9.80083685046846e-06,0.0031306288266845783,0.011684292153487819,1.0
QR1_matched_ridge,1,120,2024-10-31,2024-09-30,100.0,-3.4205129328690873,-3.2182696744447963,0.040902335578074565,0.20224325842429103,5.370828134401578e-05,0.007328593408288918,0.07180589700607343,0.0
QR1_matched_ridge,1,120,2024-11-30,2024-10-31,100.0,-3.343202830242378,-3.2801394947599514,0.003976984282169114,0.06306333548242682,5.287090911462415e-06,0.002299367502480283,0.00762984981768991,1.0
QR1_matched_ridge,1,120,2024-12-31,2024-11-30,100.0,-3.197711188525805,-3.420189971875663,0.049496809040833076,0.22247878334985804,6.64125042874496e-05,0.008149386743028557,0.11546641378875844,0.0
QR1_matched_ridge,1,120,2025-01-31,2024-12-31,100.0,-3.243856524094862,-3.2319996885649775,0.0001405845487827257,0.011856835529884258,2.1652799801475495e-07,0.0004653256902587208,0.0002789596941675729,1.0
QR1_matched_ridge,1,120,2025-02-28,2025-01-31,100.0,-3.336086010210643,-3.300673850040691,0.0012540210879023325,0.03541216016995197,1.6445309026284014e-06,0.0012823926476038458,0.0024498657509531563,1.0
QR1_matched_ridge,1,120,2025-03-31,2025-02-28,100.0,-2.8188957116043185,-3.2488099498778817,0.1848262522703381,0.42991423827356323,0.00043478182722596153,0.02085142266671417,0.5029269144372439,1.0
QR1_matched_ridge,1,120,2025-04-30,2025-03-31,100.0,-1.9836117337402832,-3.0605318794936363,1.159757000329423,1.076920145753353,0.00822806901543768,0.09070870418784341,5.464049849627468,0.0
QR1_matched_ridge,1,120,2025-05-31,2025-04-30,100.0,-3.0297758721398087,-2.697475195026842,0.11042374000973611,0.3323006771129666,0.0003628621043851756,0.019048939718135906,0.17907993577030723,1.0
QR1_matched_ridge,1,120,2025-06-30,2025-05-31,100.0,-3.53015126294113,-3.209215871382842,0.10299952555467162,0.320935391558288,0.00012293902062177368,0.011087787002904307,0.16817767953687668,1.0
QR1_matched_ridge,1,120,2025-07-31,2025-06-30,100.0,-3.950725844114382,-3.4146642285960223,0.287362055632154,0.53606161551836,0.0001862328733567412,0.013646716577871074,0.4144042347385448,0.0
QR1_matched_ridge,1,120,2025-08-31,2025-07-31,100.0,-3.3885322185760227,-3.4943306090008956,0.011193299416493845,0.10579839042487293,1.1486132891570366e-05,0.003389119781236769,0.02405276620541688,1.0
QR1_matched_ridge,1,120,2025-09-30,2025-08-31,100.0,-3.84430960652608,-3.402615745214786,0.19509346712008077,0.4416938613112942,0.00014125123713169314,0.011884916370412252,0.2967678423274742,1.0
QR1_matched_ridge,1,120,2025-10-31,2025-09-30,100.0,-3.200563742469265,-3.5433357523804956,0.11749265077858476,0.3427720099112306,0.00013977207424339496,0.011822524021688218,0.29930732052585507,1.0
QR1_matched_ridge,1,120,2025-11-30,2025-10-31,100.0,-3.187697796475165,-3.282901108386369,0.009063670598862022,0.09520331191120412,1.4043867229015287e-05,0.003747514807044168,0.019334783512477305,0.0
QR1_matched_ridge,1,120,2025-12-31,2025-11-30,100.0,-3.6690396499504754,-3.234232831063284,0.1890569697507989,0.4348068188871914,0.00019291722200200749,0.013889464424592025,0.28872708534869984,1.0
QR1_matched_ridge,1,120,2026-01-31,2025-12-31,100.0,-3.5432590006801346,-3.3231206292041833,0.04846090259608392,0.22013837147595128,5.071236512007722e-05,0.007121261483759547,0.0841349561547654,1.0
QR1_matched_ridge,1,120,2026-02-28,2026-01-31,100.0,-3.319270460859548,-3.3431404223016945,0.0005697750592495703,0.023869961442146703,7.28242084734461e-07,0.0008533710123589042,0.0011579026421876457,1.0
QR1_matched_ridge,1,120,2026-03-31,2026-02-28,100.0,-2.9305194230637723,-3.302827578442453,0.13861336256147566,0.37230815537868045,0.00027523755759520206,0.016590285036586987,0.36101706033713854,1.0
QR1_matched_ridge,1,120,2026-04-30,2026-03-31,100.0,-3.2372756219261025,-3.056268524524901,0.03276356930960803,0.18100709740120147,6.071907452227823e-05,0.007792244511196901,0.05828667912369323,1.0
QR1_matched_ridge,1,120,2026-05-31,2026-04-30,100.0,-3.511913129771558,-3.430978335823493,0.006550440871415688,0.08093479394806469,6.327732832387005e-06,0.0025154985256181338,0.01242170749524063,1.0
QR1_matched_ridge,1,120,2026-06-30,2026-05-31,100.0,-3.0167824583115244,-3.494092410306634,0.22782479027357405,0.47730995199510984,0.0003452976382369164,0.01858218604569754,0.6430631223050565,1.0
QR1_matched_ridge,1,120,2026-07-31,2026-06-30,100.0,-3.371790235714744,-3.2182158025328533,0.023585106527139004,0.15357443318189068,3.2470426251981166e-05,0.005698282745878899,0.04268996179210749,1.0
QR1_matched_ridge,1,120,2026-08-31,2026-07-31,100.0,-3.5077496504538077,-3.287955330929943,0.04830954289495865,0.21979431952386452,5.4255457692468264e-05,0.007365830414316384,0.08389004606504075,0.0
QR1_matched_ridge,2,571,2020-01-31,2019-12-31,1e-08,-3.3942209625474167,-3.6341261370085274,0.057554492733215966,0.2399051744611107,5.1261208042456535e-05,0.007159693292485128,0.13595759207979186,1.0
QR1_matched_ridge,2,571,2020-02-29,2020-01-31,1e-08,-2.656216692100947,-3.531721149839333,0.7665080555197855,0.8755044577383861,0.001677626372528306,0.040958837538781614,3.0094025980517554,0.0
QR1_matched_ridge,2,571,2020-03-31,2020-02-29,1e-08,-1.2968785055181968,-2.8528693025090037,2.4211073603200863,1.555990796990807,0.04652875174425689,0.21570524273706676,18.3535362630245,0.0
QR1_matched_ridge,2,571,2020-04-30,2020-03-31,1e-08,-2.134827132729708,-2.1606169968378066,0.0006651170907141857,0.02578986410809847,9.066392071718505e-06,0.0030110450132335292,0.0013534032098372686,1.0
QR1_matched_ridge,2,571,2020-05-31,2020-04-30,1e-08,-2.753012874659256,-2.6398187413699605,0.012812911811114823,0.11319413328929562,5.8349144048213854e-05,0.0076386611423870515,0.023796701086845562,1.0
QR1_matched_ridge,2,571,2020-06-30,2020-05-31,1e-08,-2.451931103357683,-2.7932190201700515,0.11647744216212622,0.3412879168123686,0.0006201738423179913,0.024903289789061832,0.29639283312483966,0.0
QR1_matched_ridge,2,571,2020-07-31,2020-06-30,1e-08,-3.218790749890995,-2.909126146992168,0.09589216628848823,0.309664602898827,0.00021082898607833298,0.01451995131115573,0.15763461445736476,1.0
QR1_matched_ridge,2,571,2020-08-31,2020-07-31,1e-08,-3.605902901033218,-3.085833317418526,0.27047237180115913,0.520069583614692,0.00034332509430888683,0.018529033820166848,0.39354466330197435,0.0
QR1_matched_ridge,2,571,2020-09-30,2020-08-31,1e-08,-2.6518079305455564,-3.300536526421545,0.42084879110723195,0.6487285958759887,0.0011330098756118319,0.03366021205536043,1.3625210105925838,1.0
QR1_matched_ridge,2,571,2020-10-31,2020-09-30,1e-08,-2.7990558904711156,-2.8561061163595465,0.0032547282739209906,0.057050225888430894,1.1392705529132392e-05,0.00337530821246481,0.006764260304354813,1.0
QR1_matched_ridge,2,571,2020-11-30,2020-10-31,1e-08,-3.0039008865838612,-2.861392563487546,0.020308622151723802,0.14250832309631534,5.769667003651027e-05,0.007595832412350227,0.03701838244206429,1.0
QR1_matched_ridge,2,571,2020-12-31,2020-11-30,1e-08,-3.651528771176814,-3.039251836859601,0.37488304429688474,0.612276934317213,0.00048045424561657716,0.021919266539201926,0.5184426527200667,1.0
QR1_matched_ridge,2,571,2021-01-31,2020-12-31,1e-08,-3.0833520658531506,-3.2692140802490237,0.034544688395291755,0.18586201439587313,6.035964969615847e-05,0.007769147295305867,0.07850867479993323,1.0
QR1_matched_ridge,2,571,2021-02-28,2021-01-31,1e-08,-3.2488415694882113,-3.118043609655351,0.017108106296438493,0.13079795983286013,2.9425097768303328e-05,0.005424490553803493,0.03141795047668314,1.0
QR1_matched_ridge,2,571,2021-03-31,2021-02-28,1e-08,-3.0053155591944845,-3.1936701670569034,0.035477458303005624,0.18835460786241898,7.228543462759213e-05,0.008502084134351537,0.08077121962946793,1.0
QR1_matched_ridge,2,571,2021-04-30,2021-03-31,1e-08,-3.42852988588876,-3.145077943755678,0.08034500349901588,0.28345194213308167,0.00011297519656422787,0.010628979093225646,0.13418296851827594,1.0
QR1_matched_ridge,2,571,2021-05-31,2021-04-30,1e-08,-3.25075444008131,-3.3269724667963407,0.005809187596333107,0.07621802671503053,8.084536639141318e-06,0.002843331960770905,0.012231929760600668,1.0
QR1_matched_ridge,2,571,2021-06-30,2021-05-31,1e-08,-3.7043212595884913,-3.2509308397678396,0.20556287278514684,0.45339041982065176,0.0001994086241972418,0.014121211852997667,0.3106029416181514,1.0
QR1_matched_ridge,2,571,2021-07-31,2021-06-30,1e-08,-3.3961998858730538,-3.436873705220189,0.0016543595802834086,0.04067381934713543,1.78288621933225e-06,0.0013352476247244366,0.003400292687225484,1.0
QR1_matched_ridge,2,571,2021-08-31,2021-07-31,1e-08,-3.708249345225621,-3.4015602539673733,0.09405819869680973,0.3066890912582476,7.745456095978875e-05,0.008800827288374016,0.1548966100883578,1.0
QR1_matched_ridge,2,571,2021-09-30,2021-08-31,1e-08,-3.2831324409451104,-3.5062915214956645,0.0497999752321687,0.2231590805505541,5.628871552176099e-05,0.0075025805908208,0.11623036851609192,1.0
QR1_matched_ridge,2,571,2021-10-31,2021-09-30,1e-08,-3.386780947876349,-3.257689685617497,0.016664553991583658,0.1290912622588518,2.171399782708431e-05,0.004659828089863864,0.030636751921310434,0.0
QR1_matched_ridge,2,571,2021-11-30,2021-10-31,1e-08,-3.3064112261583376,-3.448339002035429,0.02014349356541788,0.14192777587709138,2.351326499650072e-05,0.004849047844319616,0.044385503050484554,0.0
QR1_matched_ridge,2,571,2021-12-31,2021-11-30,1e-08,-2.9961728370061524,-3.3815364977336224,0.14850515100927658,0.38536366072746997,0.00025544975557654283,0.015982795612049315,0.39061034805692163,0.0
QR1_matched_ridge,2,571,2022-01-31,2021-12-31,1e-08,-2.941546598012492,-3.2740382722755417,0.1105507134542458,0.3324916742630495,0.00022292800166668071,0.014930773645952869,0.27947479444713963,0.0
QR1_matched_ridge,2,571,2022-02-28,2022-01-31,1e-08,-2.799886911249737,-2.939666203799797,0.019538250625795273,0.13977929255006005,6.294140418108056e-05,0.007933561884871168,0.042987306908723766,1.0
QR1_matched_ridge,2,571,2022-03-31,2022-02-28,1e-08,-2.6765886403079335,-2.9520060586902606,0.07585475434838578,0.27541741838232703,0.00027432079419223643,0.016562632465650998,0.1838657686100651,0.0
QR1_matched_ridge,2,571,2022-04-30,2022-03-31,1e-08,-2.6479040482811675,-3.004034555710263,0.12682893832170503,0.35613050742909547,0.00044998481657248563,0.02121284555575903,0.32633433123944466,0.0
QR1_matched_ridge,2,571,2022-05-31,2022-04-30,1e-08,-2.4244039455209907,-2.7018516416384655,0.07697722408089462,0.2774476961174748,0.00046008899471041635,0.021449685189074835,0.18686338151636894,0.0
QR1_matched_ridge,2,571,2022-06-30,2022-05-31,1e-08,-2.4599056517814564,-2.8351716723659157,0.14082458620529587,0.37526602058445935,0.0007147369995415121,0.026734565632183217,0.367594606287615,1.0
QR1_matched_ridge,2,571,2022-07-31,2022-06-30,1e-08,-2.8821019465281603,-2.528070325680332,0.1253383885601404,0.35403162084782824,0.0005662491483528179,0.02379599017382588,0.2006605578211491,1.0
QR1_matched_ridge,2,571,2022-08-31,2022-07-31,100.0,-2.844606483048602,-3.0044145403586624,0.025538615181215488,0.1598080573100602,7.377748828818466e-05,0.008589382299571062,0.05698309196017026,0.0
QR1_matched_ridge,2,571,2022-09-30,2022-08-31,1e-08,-2.6463004734576345,-2.853326259712702,0.0428596761745289,0.2070257862550675,0.0001758498217536231,0.013260837897871428,0.09888357822569427,0.0
QR1_matched_ridge,2,571,2022-10-31,2022-09-30,100.0,-2.523493614612676,-2.5807477370116807,0.0032780345316802033,0.057254122399004626,1.9906197274558873e-05,0.004461636165641353,0.006813641300295853,1.0
QR1_matched_ridge,2,571,2022-11-30,2022-10-31,100.0,-2.5435772319280385,-2.896672871315112,0.12467653055416637,0.35309563938707367,0.0005465395862944227,0.023378186120707113,0.3200678083825692,1.0
QR1_matched_ridge,2,571,2022-12-31,2022-11-30,100.0,-2.95330714551955,-2.816711623408935,0.018658336660671508,0.136595522110615,5.829895577148691e-05,0.007635375286879284,0.03413844335952562,1.0
QR1_matched_ridge,2,571,2023-01-31,2022-12-31,100.0,-3.0445998097233513,-2.797179800403671,0.06121666101175059,0.2474200093196801,0.00017866165981818744,0.013366437813351298,0.104508453719931,0.0
QR1_matched_ridge,2,571,2023-02-28,2023-01-31,100.0,-3.1746943824188296,-3.0470193656540934,0.016300909905875682,0.12767501676473625,3.24149807345501e-05,0.0056934155596223696,0.029995332200916935,1.0
QR1_matched_ridge,2,571,2023-03-31,2023-02-28,100.0,-2.924024732160048,-3.026408881256584,0.010482513986221766,0.10238414909653626,2.7327777245003656e-05,0.005227597655233583,0.022472379942247656,1.0
QR1_matched_ridge,2,571,2023-04-30,2023-03-31,100.0,-3.4424462204163033,-3.054588413038262,0.1504336787441017,0.3878578073780412,0.0002296975449646931,0.015155775960494174,0.23608982726728334,1.0
QR1_matched_ridge,2,571,2023-05-31,2023-04-30,100.0,-3.2992440662773723,-3.220837333010026,0.006147615821656766,0.07840673326734615,9.063455871999995e-06,0.0030105574022097625,0.011676971132805858,1.0
QR1_matched_ridge,2,571,2023-06-30,2023-05-31,100.0,-3.4043319921867217,-3.2039115874590465,0.04016833863120513,0.2004204047276752,5.4376769433728445e-05,0.007374060579743595,0.07059748093668838,0.0
QR1_matched_ridge,2,571,2023-07-31,2023-06-30,100.0,-3.766103134731879,-3.37319221096124,0.15437899401829705,0.3929109237706392,0.00012405424362249874,0.011137964069905179,0.24156684246852234,0.0
QR1_matched_ridge,2,571,2023-08-31,2023-07-31,100.0,-3.3080680545326713,-3.4449279533656147,0.01873063190856352,0.13685989883294347,2.1899858315201812e-05,0.0046797284446003715,0.041126529941526935,1.0
QR1_matched_ridge,2,571,2023-09-30,2023-08-31,100.0,-3.4377168665741427,-3.2758199723679335,0.026210604353616468,0.16189689420620912,3.1898731859761364e-05,0.00564789623309081,0.04719318875148193,0.0
QR1_matched_ridge,2,571,2023-10-31,2023-09-30,100.0,-3.193062653385387,-3.2497706224558076,0.0032157937560917836,0.05670796907042064,5.120561993916862e-06,0.002262865880673634,0.006681789296493323,1.0
QR1_matched_ridge,2,571,2023-11-30,2023-10-31,100.0,-3.314231456188941,-3.196304093074212,0.013906862971193213,0.11792736311472929,2.0712988306254368e-05,0.0045511524151861105,0.025750142913018526,1.0
QR1_matched_ridge,2,571,2023-12-31,2023-11-30,100.0,-3.5682415676821626,-3.406743874929232,0.026081504764520036,0.1614976927529308,2.443873213507993e-05,0.004943554605249135,0.046972580654592255,1.0
QR1_matched_ridge,2,571,2024-01-31,2023-12-31,100.0,-3.464679499845587,-3.4317812106149805,0.0010822974343006361,0.03289828923060645,1.0946895366334047e-06,0.0010462741211716003,0.002117891303763955,1.0
QR1_matched_ridge,2,571,2024-02-29,2024-01-31,100.0,-3.3448968495093907,-3.3887989399282548,0.0019273935431461154,0.04390209041886406,2.2942103207679486e-06,0.0015146650853465754,0.003970129926057497,1.0
QR1_matched_ridge,2,571,2024-03-31,2024-02-29,100.0,-3.578980917498339,-3.460654396006892,0.014001165688265885,0.11832652149144707,1.2285591866296628e-05,0.0035050808644447318,0.02591812455886852,1.0
QR1_matched_ridge,2,571,2024-04-30,2024-03-31,100.0,-3.229795427472849,-3.5041028562592214,0.07524456548739081,0.2743074287863725,9.009522172723523e-05,0.009491850279436314,0.1822390199615529,1.0
QR1_matched_ridge,2,571,2024-05-31,2024-04-30,100.0,-3.5511189897853304,-3.260971101520806,0.08418579706436288,0.2901478882645243,9.328897948128793e-05,0.009658622028078743,0.14002856278755932,1.0
QR1_matched_ridge,2,571,2024-06-30,2024-05-31,100.0,-3.974283728374348,-3.489059251465222,0.235442792991735,0.48522447690912607,0.00013775298899426638,0.011736821929051594,0.3493618393424429,0.0
QR1_matched_ridge,2,571,2024-07-31,2024-06-30,100.0,-3.1722014727576715,-3.6462292147197983,0.22470230014971268,0.4740277419621268,0.00025033280688750665,0.015821909078474274,0.6326311066935018,1.0
QR1_matched_ridge,2,571,2024-08-31,2024-07-31,100.0,-2.872824298145019,-3.391563368912607,0.2690902235408205,0.5187390707675879,0.0005236316365221515,0.02288299885334419,0.7846129769668881,0.0
QR1_matched_ridge,2,571,2024-09-30,2024-08-31,100.0,-3.260469768692696,-3.198534389847511,0.0038359911526965437,0.06193537884518463,6.010444024605847e-06,0.002451620693460929,0.00736477600215546,1.0
QR1_matched_ridge,2,571,2024-10-31,2024-09-30,100.0,-3.4205129328690873,-3.218302819189292,0.040888930074395764,0.20221011367979536,5.368883929506067e-05,0.007327266836622007,0.0717838452440187,0.0
QR1_matched_ridge,2,571,2024-11-30,2024-10-31,100.0,-3.343202830242378,-3.2765970834878444,0.004436325500729089,0.06660574675453379,5.918905140174878e-06,0.0024328800094075495,0.008491450011622048,1.0
QR1_matched_ridge,2,571,2024-12-31,2024-11-30,100.0,-3.197711188525805,-3.410565446899697,0.04530693530789945,0.2128542583738917,6.135722401617852e-05,0.007833085216961355,0.10496602735998639,0.0
QR1_matched_ridge,2,571,2025-01-31,2024-12-31,100.0,-3.243856524094862,-3.238792488905343,2.564445240068483e-05,0.005064035189518812,3.9229761103654295e-08,0.00019806504260887203,5.111618979424838e-05,1.0
QR1_matched_ridge,2,571,2025-02-28,2025-01-31,100.0,-3.336086010210643,-3.3037865567743623,0.0010432546922824588,0.0322994534362806,1.363854643462675e-06,0.0011678418743403043,0.0020422969552409825,1.0
QR1_matched_ridge,2,571,2025-03-31,2025-02-28,100.0,-2.8188957116043185,-3.25683047079776,0.1917868533098174,0.43793475919344127,0.00044781064918472327,0.021161537023210844,0.5250925488685523,1.0
QR1_matched_ridge,2,571,2025-04-30,2025-03-31,100.0,-1.9836117337402832,-3.0306142862695142,1.096214345002725,1.047002552529231,0.007971900479578183,0.08928549982823741,5.023355925047376,0.0
QR1_matched_ridge,2,571,2025-05-31,2025-04-30,1e-08,-3.0297758721398087,-2.775171193510608,0.06482354237987867,0.2546046786292009,0.00019634554776742428,0.01401233555719475,0.11017990128057298,1.0
QR1_matched_ridge,2,571,2025-06-30,2025-05-31,1e-08,-3.53015126294113,-3.015241688445811,0.26513186990695015,0.5149095744953187,0.0003894110085588256,0.01973349965309817,0.3868906804676341,0.0
QR1_matched_ridge,2,571,2025-07-31,2025-06-30,1.0,-3.950725844114382,-3.1621188138623424,0.6219010481629417,0.7886070302520398,0.000533388866428489,0.023095213063067617,0.7837637929466709,0.0
QR1_matched_ridge,2,571,2025-08-31,2025-07-31,100.0,-3.3885322185760227,-3.4852553277845217,0.009355359854959229,0.09672310920849903,9.686146906432882e-06,0.003112257525725158,0.01997790650928946,1.0
QR1_matched_ridge,2,571,2025-09-30,2025-08-31,100.0,-3.84430960652608,-3.414283515900981,0.18492243861830604,0.4300260906250992,0.00013222237553244573,0.01149879887346699,0.28319218301755567,1.0
QR1_matched_ridge,2,571,2025-10-31,2025-09-30,100.0,-3.200563742469265,-3.575532860650363,0.14060183958951017,0.3749691181810979,0.00016227523273858803,0.012738729635979721,0.3669310306660478,1.0
QR1_matched_ridge,2,571,2025-11-30,2025-10-31,100.0,-3.187697796475165,-3.3259148399196334,0.019103951098530095,0.1382170434444685,2.8378436045946768e-05,0.005327141451655547,0.041985961797698756,0.0
QR1_matched_ridge,2,571,2025-12-31,2025-11-30,100.0,-3.6690396499504754,-3.272901856682383,0.156925151255314,0.3961377932680925,0.00015364469443599076,0.01239534971011269,0.24508879289296948,1.0
QR1_matched_ridge,2,571,2026-01-31,2025-12-31,100.0,-3.5432590006801346,-3.3564979784151605,0.03487967943745813,0.18676102226497404,3.526209193351216e-05,0.005938189280707728,0.061827857280941756,1.0
QR1_matched_ridge,2,571,2026-02-28,2026-01-31,100.0,-3.319270460859548,-3.389558109415727,0.00494035353955699,0.07028764855617942,6.030170485579092e-06,0.0024556405448638227,0.010360441327481568,1.0
QR1_matched_ridge,2,571,2026-03-31,2026-02-28,100.0,-2.9305194230637723,-3.33698897054487,0.16521749302948838,0.40646954748109776,0.00031774807401090116,0.017825489446601492,0.44158542530070655,0.0
QR1_matched_ridge,2,571,2026-04-30,2026-03-31,100.0,-3.2372756219261025,-3.0560989394020828,0.032824990290409445,0.18117668252401975,6.084353141732324e-05,0.007800226369620515,0.05838973450362456,1.0
QR1_matched_ridge,2,571,2026-05-31,2026-04-30,100.0,-3.511913129771558,-3.3575233293827367,0.023836210464100026,0.1543898003888211,2.481654700961312e-05,0.004981620921910169,0.04312220150771501,1.0
QR1_matched_ridge,2,571,2026-06-30,2026-05-31,100.0,-3.0167824583115244,-3.437684450535019,0.17715848705770676,0.42090199222349467,0.00028289465436699495,0.016819472475883272,0.4787454537471354,1.0
QR1_matched_ridge,2,571,2026-07-31,2026-06-30,100.0,-3.371790235714744,-3.199399695782712,0.029718498258057526,0.17239053993203202,4.171292216558517e-05,0.006458554185387405,0.0531564940002498,1.0
QR1_matched_ridge,2,571,2026-08-31,2026-07-31,100.0,-3.5077496504538077,-3.300396882498875,0.04299517037857218,0.20735276795493274,4.7668851997321264e-05,0.0069042633203927894,0.07524029174635144,0.0
QR1_matched_ridge,2,120,2020-01-31,2019-12-31,100.0,-3.3942209625474167,-3.56969160552638,0.030789946547450767,0.1754706429789632,2.9183284818889585e-05,0.0054021555715186124,0.06946263985005274,1.0
QR1_matched_ridge,2,120,2020-02-29,2020-01-31,100.0,-2.656216692100947,-3.475631275140401,0.6714402588977225,0.8194145830394541,0.0015422164740024164,0.03927106408034313,2.5103080309306325,0.0
QR1_matched_ridge,2,120,2020-03-31,2020-02-29,1.0,-1.2968785055181968,-2.7401844768574657,2.0831321269035903,1.4433059713392689,0.04360804450488933,0.20882539238533548,14.045838449999557,0.0
QR1_matched_ridge,2,120,2020-04-30,2020-03-31,1e-08,-2.134827132729708,-1.7512064516908845,0.14716482692069086,0.38362068103882363,0.0030580222285503215,0.05529938723485389,0.23153347920280598,1.0
QR1_matched_ridge,2,120,2020-05-31,2020-04-30,1e-08,-2.753012874659256,-2.824082657310885,0.00505091400614977,0.07106978265162889,1.9118373901704085e-05,0.0043724562778493375,0.010597954168967416,1.0
QR1_matched_ridge,2,120,2020-06-30,2020-05-31,1e-08,-2.451931103357683,-2.859957784461862,0.16648577249289162,0.4080266811041793,0.0008326645527211516,0.028855927514483945,0.44550329421580437,0.0
QR1_matched_ridge,2,120,2020-07-31,2020-06-30,1e-08,-3.218790749890995,-3.642767931087019,0.17975665017492637,0.42397718119602423,0.0001910925634748116,0.013823623384439102,0.48691131189000614,1.0
QR1_matched_ridge,2,120,2020-08-31,2020-07-31,1e-08,-3.605902901033218,-3.0826519723977404,0.27379153431788994,0.5232509286354778,0.0003487416981177291,0.018674627121250082,0.39766588216815,0.0
QR1_matched_ridge,2,120,2020-09-30,2020-08-31,1e-08,-2.6518079305455564,-3.238974461035391,0.34476453452746986,0.5871665304898346,0.0009809120930634758,0.03131951616905146,1.0616509589909469,1.0
QR1_matched_ridge,2,120,2020-10-31,2020-09-30,1e-08,-2.7990558904711156,-2.8495178215432855,0.0025464064875324256,0.0504619310721699,8.971715511876813e-06,0.002995282209054234,0.005268553294259459,1.0
QR1_matched_ridge,2,120,2020-11-30,2020-10-31,1e-08,-3.0039008865838612,-2.905745245560568,0.009634529864693623,0.09815564102329333,2.616088787057873e-05,0.0051147715364988425,0.018067678894970768,1.0
QR1_matched_ridge,2,120,2020-12-31,2020-11-30,1e-08,-3.651528771176814,-3.1716843300542292,0.23025068767624557,0.4798444411225846,0.00025540785902960296,0.01598148488187512,0.34270091152814475,1.0
QR1_matched_ridge,2,120,2021-01-31,2020-12-31,1e-08,-3.0833520658531506,-3.2731651095972056,0.03602899157538256,0.18981304374405505,6.271267337823732e-05,0.007919133372928967,0.08211183765086022,1.0
QR1_matched_ridge,2,120,2021-02-28,2021-01-31,1e-08,-3.2488415694882113,-3.3283545513535726,0.006322314285121269,0.07951298186536127,8.80369320116658e-06,0.002967101818469764,0.013342421611907462,1.0
QR1_matched_ridge,2,120,2021-03-31,2021-02-28,1e-08,-3.0053155591944845,-3.264681541883764,0.06727071297637567,0.2593659826892796,0.0001280071218862975,0.011314023240487775,0.1611641667309457,0.0
QR1_matched_ridge,2,120,2021-04-30,2021-03-31,1e-08,-3.42852988588876,-3.3514918124257926,0.005934864762885532,0.0770380734629672,6.74682733338084e-06,0.0025974655596139942,0.01128289179362263,1.0
QR1_matched_ridge,2,120,2021-05-31,2021-04-30,1e-08,-3.25075444008131,-3.422393640616412,0.029460015160328867,0.17163920053510173,3.7341134580229746e-05,0.0061107392826261,0.06628272956306464,1.0
QR1_matched_ridge,2,120,2021-06-30,2021-05-31,1e-08,-3.7043212595884913,-3.3525946186466333,0.12371162994824271,0.351726640941858,0.00010767219588861587,0.010376521377061576,0.19832669416500648,1.0
QR1_matched_ridge,2,120,2021-07-31,2021-06-30,1e-08,-3.3961998858730538,-3.4628031439717675,0.004435993989363872,0.0666032580987137,4.659339109845857e-06,0.002158550233338538,0.00927939961918614,1.0
QR1_matched_ridge,2,120,2021-08-31,2021-07-31,1e-08,-3.708249345225621,-3.5382973928538264,0.028883666114984708,0.1699519523717945,2.063298859402894e-05,0.004542354961254012,0.05174262854432532,1.0
QR1_matched_ridge,2,120,2021-09-30,2021-08-31,1e-08,-3.2831324409451104,-3.518824723579067,0.055550852093204824,0.23569228263395647,6.203657101412372e-05,0.00787632979338243,0.13082645865749754,1.0
QR1_matched_ridge,2,120,2021-10-31,2021-09-30,1e-08,-3.386780947876349,-3.310504851046236,0.005818042947636748,0.07627609683011283,7.184444734751989e-06,0.0026803814532174314,0.011066277454838791,1.0
QR1_matched_ridge,2,120,2021-11-30,2021-10-31,1e-08,-3.3064112261583376,-3.535734729674213,0.05258926926479581,0.2293235035158756,5.6401848671944546e-05,0.007510116421996702,0.12328518624114515,0.0
QR1_matched_ridge,2,120,2021-12-31,2021-11-30,1e-08,-2.9961728370061524,-3.5173292440746877,0.27160400062858486,0.5211564070685353,0.0004120649495648794,0.020299382984831815,0.7934552260545302,0.0
QR1_matched_ridge,2,120,2022-01-31,2021-12-31,1e-08,-2.941546598012492,-3.49637130805744,0.3078304588764603,0.5548247100449477,0.0005052097041361979,0.022476870425755403,0.9236453757016858,0.0
QR1_matched_ridge,2,120,2022-02-28,2022-01-31,1e-08,-2.799886911249737,-2.8862574828508287,0.007459875638699334,0.08637057160109185,2.5324473145954274e-05,0.005032342709509585,0.015817255636498967,1.0
QR1_matched_ridge,2,120,2022-03-31,2022-02-28,1e-08,-2.6765886403079335,-3.113212575206929,0.1906404605266823,0.43662393489899554,0.0005924134902594016,0.02433954581045837,0.5214279623919484,0.0
QR1_matched_ridge,2,120,2022-04-30,2022-03-31,1e-08,-2.6479040482811675,-3.2725728392186273,0.3902110983712678,0.6246687909374598,0.0010817969330341143,0.03289068155320157,1.2386940747574493,0.0
QR1_matched_ridge,2,120,2022-05-31,2022-04-30,1e-08,-2.4244039455209907,-2.855620911132555,0.18594807143124484,0.4312169656115641,0.0009616683136109302,0.031010777378371705,0.506485538469762,0.0
QR1_matched_ridge,2,120,2022-06-30,2022-05-31,1e-08,-2.4599056517814564,-3.1481451167954404,0.47367356120273496,0.688239465013984,0.0018072128095090985,0.04251132566162926,1.584451402093329,1.0
QR1_matched_ridge,2,120,2022-07-31,2022-06-30,100.0,-2.8821019465281603,-2.7303078857548893,0.02304143688603951,0.15179406077327107,8.431496724318978e-05,0.009182318184597492,0.0417529595850506,1.0
QR1_matched_ridge,2,120,2022-08-31,2022-07-31,100.0,-2.844606483048602,-3.1786027340893233,0.11155349570925636,0.33399625104072106,0.00027269059967464736,0.016513346107759244,0.2823256264022076,0.0
QR1_matched_ridge,2,120,2022-09-30,2022-08-31,100.0,-2.6463004734576345,-2.9632870974843306,0.10048051981184197,0.3169866240266961,0.0003711097943621263,0.01926421019305298,0.25111238407579817,0.0
QR1_matched_ridge,2,120,2022-10-31,2022-09-30,100.0,-2.523493614612676,-2.7119401011899646,0.0355120783033242,0.18844648657728857,0.00018964480975612512,0.013771158620687118,0.08085530966715199,0.0
QR1_matched_ridge,2,120,2022-11-30,2022-10-31,100.0,-2.5435772319280385,-3.062714266039721,0.26950326018627424,0.5191370341116825,0.0010127783241573808,0.03182417829508534,0.7860641220499867,1.0
QR1_matched_ridge,2,120,2022-12-31,2022-11-30,100.0,-2.95330714551955,-2.9601996090597105,4.750605365244317e-05,0.006892463540160598,1.283947665506438e-07,0.000358322154702502,9.54501943361951e-05,1.0
QR1_matched_ridge,2,120,2023-01-31,2022-12-31,100.0,-3.0445998097233513,-2.9206444702218226,0.015364926190939243,0.1239553395015287,3.948333315835422e-05,0.006283576462362356,0.02834032792224167,0.0
QR1_matched_ridge,2,120,2023-02-28,2023-01-31,100.0,-3.1746943824188296,-3.153863727662054,0.00043391617759597754,0.02083065475677559,7.743970330906838e-07,0.0008799983142544557,0.0008559051612418225,1.0
QR1_matched_ridge,2,120,2023-03-31,2023-02-28,100.0,-2.924024732160048,-3.1159536887879318,0.036836724392268136,0.1919289566278839,8.800036272066787e-05,0.009380850852703494,0.08407893923958376,1.0
QR1_matched_ridge,2,120,2023-04-30,2023-03-31,100.0,-3.4424462204163033,-3.145996102363295,0.0878826724936426,0.29645011805300836,0.00012183087518949675,0.011037702441608795,0.14562216990842108,1.0
QR1_matched_ridge,2,120,2023-05-31,2023-04-30,100.0,-3.2992440662773723,-3.280134551118141,0.0003651735696209,0.019109515159231538,5.071363317630001e-07,0.0007121350516320624,0.000721130978675058,1.0
QR1_matched_ridge,2,120,2023-06-30,2023-05-31,100.0,-3.4043319921867217,-3.2607760619086257,0.020608305118009557,0.143555930278096,2.6312877139363358e-05,0.005129607893334866,0.03753964142916413,0.0
QR1_matched_ridge,2,120,2023-07-31,2023-06-30,100.0,-3.766103134731879,-3.413487335948813,0.12433790155141972,0.35261579878306604,9.572872950176119e-05,0.009784105963334677,0.19922575072940585,1.0
QR1_matched_ridge,2,120,2023-08-31,2023-07-31,100.0,-3.3080680545326713,-3.4564295449317677,0.022011131833441177,0.1483614903990964,2.5448070428445113e-05,0.005044608054987534,0.048719553603793375,1.0
QR1_matched_ridge,2,120,2023-09-30,2023-08-31,100.0,-3.4377168665741427,-3.2919378202067593,0.02125153035978371,0.14577904636738337,2.543942533664408e-05,0.005043751117634977,0.038656704075598125,0.0
QR1_matched_ridge,2,120,2023-10-31,2023-09-30,100.0,-3.193062653385387,-3.23701679111797,0.0019319662238148716,0.04395413773258294,3.1154546050346445e-06,0.0017650650427207051,0.003979689054014843,1.0
QR1_matched_ridge,2,120,2023-11-30,2023-10-31,100.0,-3.314231456188941,-3.219581284263678,0.008958655045481852,0.09465017192526304,1.303071348294419e-05,0.003609807956518489,0.016838267290520098,1.0
QR1_matched_ridge,2,120,2023-12-31,2023-11-30,100.0,-3.5682415676821626,-3.440435749776033,0.016334327090654716,0.12780581790612944,1.4786399714646819e-05,0.0038453087931461134,0.03005431200962755,1.0
QR1_matched_ridge,2,120,2024-01-31,2023-12-31,100.0,-3.464679499845587,-3.4381564615587172,0.0007034715599667586,0.02652303828686975,7.06982129541248e-07,0.0008408222936752141,0.0013823919611734153,1.0
QR1_matched_ridge,2,120,2024-02-29,2024-01-31,100.0,-3.3448968495093907,-3.3883880973513714,0.0018914886388525876,0.04349124784198066,2.2523905353058673e-06,0.0015007966335602793,0.0038950888011940743,1.0
QR1_matched_ridge,2,120,2024-03-31,2024-02-29,100.0,-3.578980917498339,-3.4710079170638712,0.011658168822821604,0.10797300043446789,1.012234123996934e-05,0.0031815627040763066,0.021724812923329784,1.0
QR1_matched_ridge,2,120,2024-04-30,2024-03-31,100.0,-3.229795427472849,-3.4939694178790432,0.06978789720713208,0.2641739904061944,8.437433904074013e-05,0.009185550557301404,0.16777997609308626,1.0
QR1_matched_ridge,2,120,2024-05-31,2024-04-30,100.0,-3.5511189897853304,-3.251018327680623,0.09006040739568384,0.30010066210470754,0.0001008463437512079,0.01004222802724614,0.14890248235600295,1.0
QR1_matched_ridge,2,120,2024-06-30,2024-05-31,100.0,-3.974283728374348,-3.4831877305141554,0.24117527911429845,0.49109599786019276,0.0001420054574489455,0.0119166042750838,0.356681315246715,0.0
QR1_matched_ridge,2,120,2024-07-31,2024-06-30,100.0,-3.1722014727576715,-3.6026836440526324,0.18531489980282406,0.4304821712949609,0.0002149371868367267,0.014660736231060387,0.5044763467914188,1.0
QR1_matched_ridge,2,120,2024-08-31,2024-07-31,100.0,-2.872824298145019,-3.3670673455828997,0.2442761899406832,0.4942430474378807,0.000486131040101316,0.022048379534589747,0.6986771862914465,0.0
QR1_matched_ridge,2,120,2024-09-30,2024-08-31,100.0,-3.260469768692696,-3.2104645689338245,0.0025005200029246223,0.0500051997588713,3.8710586596424086e-06,0.001967500612361381,0.004838407729848046,1.0
QR1_matched_ridge,2,120,2024-10-31,2024-09-30,100.0,-3.4205129328690873,-3.2384593553218846,0.033143505097735365,0.18205357754720275,4.262286983849096e-05,0.006528619290362317,0.05892389269504417,0.0
QR1_matched_ridge,2,120,2024-11-30,2024-10-31,100.0,-3.343202830242378,-3.2805028970555554,0.003931281621632038,0.06269993318682276,5.224413970719817e-06,0.0022856976988919198,0.007543958665238243,1.0
QR1_matched_ridge,2,120,2024-12-31,2024-11-30,100.0,-3.197711188525805,-3.413481573402665,0.04655685898990818,0.21577038487685973,6.287289135549181e-05,0.007929242798369325,0.10808713933075664,0.0
QR1_matched_ridge,2,120,2025-01-31,2024-12-31,100.0,-3.243856524094862,-3.226935954776268,0.00028630566606534024,0.01692056931859387,4.4321131326430573e-07,0.0006657411758816678,0.0005662063384724442,1.0
QR1_matched_ridge,2,120,2025-02-28,2025-01-31,100.0,-3.336086010210643,-3.316398256648128,0.0003876076403383159,0.019687753562514843,5.003445216261725e-07,0.0007073503528140582,0.000765139825241519,1.0
QR1_matched_ridge,2,120,2025-03-31,2025-02-28,100.0,-2.8188957116043185,-3.261173308127495,0.19560947238631765,0.44227759652317644,0.0004549014231243799,0.021328418204929776,0.5373516777953893,1.0
QR1_matched_ridge,2,120,2025-04-30,2025-03-31,100.0,-1.9836117337402832,-3.063680055353401,1.1665475793521776,1.080068321613118,0.008254813539647,0.09085600442264122,5.512185948416709,0.0
QR1_matched_ridge,2,120,2025-05-31,2025-04-30,100.0,-3.0297758721398087,-2.710011338274053,0.10224935711838407,0.31976453386575576,0.00033158895260230255,0.018209584086472226,0.16706986927187023,1.0
QR1_matched_ridge,2,120,2025-06-30,2025-05-31,100.0,-3.53015126294113,-3.178604956914664,0.12358480528085358,0.35154630602646586,0.00015235522640763674,0.012343225931969192,0.19814454243520085,1.0
QR1_matched_ridge,2,120,2025-07-31,2025-06-30,100.0,-3.950725844114382,-3.351842303400677,0.3586614953377842,0.5988835407137052,0.00024897831301383167,0.015779046644643385,0.4996345869144625,0.0
QR1_matched_ridge,2,120,2025-08-31,2025-07-31,100.0,-3.3885322185760227,-3.489787085871963,0.010252548151118491,0.10125486729594035,1.0567851923699878e-05,0.003250823268604413,0.021962270207253498,1.0
QR1_matched_ridge,2,120,2025-09-30,2025-08-31,100.0,-3.84430960652608,-3.41450919818117,0.18472839101345143,0.42980040834491007,0.00013205169412453026,0.011491374770867507,0.28293185196768855,1.0
QR1_matched_ridge,2,120,2025-10-31,2025-09-30,100.0,-3.200563742469265,-3.5626882759526057,0.13113417775052716,0.3621245334833407,0.0001531840666580574,0.012376755094048578,0.33893214021759643,1.0
QR1_matched_ridge,2,120,2025-11-30,2025-10-31,100.0,-3.187697796475165,-3.3107030244916102,0.015130286119377702,0.12300522801644531,2.281261322476336e-05,0.004776255146530947,0.03290248979476279,0.0
QR1_matched_ridge,2,120,2025-12-31,2025-11-30,100.0,-3.6690396499504754,-3.2694369530900147,0.15968231533815325,0.3996026968604607,0.00015692283463308206,0.012526884474324894,0.2488915393449428,1.0
QR1_matched_ridge,2,120,2026-01-31,2025-12-31,100.0,-3.5432590006801346,-3.351557642033927,0.03674941090680188,0.19170135864620752,3.734213619038553e-05,0.006110821236984889,0.06494109401487341,1.0
QR1_matched_ridge,2,120,2026-02-28,2026-01-31,100.0,-3.319270460859548,-3.3770868518639645,0.0033427350687755975,0.05781639100441671,4.1307784442774995e-06,0.0020324316579598684,0.006950781544365722,1.0
QR1_matched_ridge,2,120,2026-03-31,2026-02-28,100.0,-2.9305194230637723,-3.3346096220773944,0.1632888889388687,0.4040901990136221,0.0003147366098411313,0.017740817620423566,0.4356410099429735,0.0
QR1_matched_ridge,2,120,2026-04-30,2026-03-31,100.0,-3.2372756219261025,-3.077498250187383,0.025528808519732934,0.15977737173871942,4.628953527336899e-05,0.006803641324567969,0.04602717513767002,1.0
QR1_matched_ridge,2,120,2026-05-31,2026-04-30,100.0,-3.511913129771558,-3.4129303689622743,0.009797586937427825,0.09898276080928348,9.639452415687845e-06,0.0031047467554839066,0.018363660268727183,1.0
QR1_matched_ridge,2,120,2026-06-30,2026-05-31,100.0,-3.0167824583115244,-3.4611814385517787,0.197490453638578,0.44439898024025437,0.0003085587203194856,0.01756583958481591,0.5434063272869496,1.0
QR1_matched_ridge,2,120,2026-07-31,2026-06-30,100.0,-3.371790235714744,-3.205754748836786,0.027567782902800524,0.16603548687795788,3.8442164341295295e-05,0.006200174541196021,0.049507375647281526,1.0
QR1_matched_ridge,2,120,2026-08-31,2026-07-31,100.0,-3.5077496504538077,-3.3010052323718533,0.042743254408045966,0.20674441808195443,4.735973795195987e-05,0.006881841174566576,0.0748277535824089,0.0
QR1_matched_ridge,3,571,2020-01-31,2019-12-31,1e-08,-3.3942209625474167,-3.6230549559210097,0.052364996523305604,0.228833993373593,4.713800474262486e-05,0.006865712253118744,0.12271622069809507,1.0
QR1_matched_ridge,3,571,2020-02-29,2020-01-31,1e-08,-2.656216692100947,-3.518129932879793,0.7428944346298931,0.8619132407788461,0.0016449934430318943,0.04055851874800033,2.882112014317121,0.0
QR1_matched_ridge,3,571,2020-03-31,2020-02-29,1e-08,-1.2968785055181968,-2.8499500951100165,2.412031362397262,1.5530715895918197,0.04645603498396593,0.21553662098113613,18.228593813882313,0.0
QR1_matched_ridge,3,571,2020-04-30,2020-03-31,1.0,-2.134827132729708,-2.1538991559235505,0.0003637420687064617,0.01907202319384238,4.991562750059126e-06,0.002234180554489526,0.0007368227497070029,1.0
QR1_matched_ridge,3,571,2020-05-31,2020-04-30,1.0,-2.753012874659256,-2.6589084553065074,0.008855641741717987,0.09410441935274871,3.95524091171849e-05,0.00628907060837966,0.01665051718354288,1.0
QR1_matched_ridge,3,571,2020-06-30,2020-05-31,1.0,-2.451931103357683,-2.8755595009912285,0.17946101928156538,0.42362839763354554,0.0008846176158761907,0.029742522016066336,0.4859807214200209,0.0
QR1_matched_ridge,3,571,2020-07-31,2020-06-30,1e-08,-3.218790749890995,-2.8421586548964997,0.1418517349799425,0.37663209499449524,0.0003347537885997274,0.018296277998536406,0.2240913623392774,1.0
QR1_matched_ridge,3,571,2020-08-31,2020-07-31,1e-08,-3.605902901033218,-3.106944255255027,0.24895973019680664,0.4989586457781914,0.0003088646179017308,0.01757454460012352,0.3665637167710135,0.0
QR1_matched_ridge,3,571,2020-09-30,2020-08-31,0.01,-2.6518079305455564,-3.315401451191174,0.44035636064284545,0.6635935206456174,0.00116992256465336,0.03420413081271559,1.4432353725359692,1.0
QR1_matched_ridge,3,571,2020-10-31,2020-09-30,1.0,-2.7990558904711156,-2.8007822387892194,2.980278515419853e-06,0.0017263483181038097,1.102245059207131e-08,0.0001049878592603512,5.967422954707667e-06,1.0
QR1_matched_ridge,3,571,2020-11-30,2020-10-31,1.0,-3.0039008865838612,-2.8126324656532256,0.03658360884529883,0.19126842093063567,0.00010927524975114742,0.010453480269802369,0.06466560148165229,1.0
QR1_matched_ridge,3,571,2020-12-31,2020-11-30,1.0,-3.651528771176814,-3.0446359038907658,0.36831895236268075,0.6068928672860481,0.0004692517808532744,0.021662220127523273,0.5108562524078101,1.0
QR1_matched_ridge,3,571,2021-01-31,2020-12-31,1.0,-3.0833520658531506,-3.2486481843248236,0.027322806781801365,0.16529611847167303,4.870361112969952e-05,0.006978797255236716,0.06119991821856863,1.0
QR1_matched_ridge,3,571,2021-02-28,2021-01-31,1.0,-3.2488415694882113,-3.0371634315291165,0.044807634089829594,0.21167813795909485,8.375211154835133e-05,0.009151617974344828,0.07820156185895472,0.0
QR1_matched_ridge,3,571,2021-03-31,2021-02-28,1.0,-3.0053155591944845,-3.1950234687188352,0.03598909093609927,0.1897079095243508,7.323184050880836e-05,0.008557560429749145,0.08201478104943616,1.0
QR1_matched_ridge,3,571,2021-04-30,2021-03-31,1.0,-3.42852988588876,-3.179491747693003,0.062019994276008815,0.2490381381957567,8.412940348118726e-05,0.009172208211831394,0.10577485647132046,1.0
QR1_matched_ridge,3,571,2021-05-31,2021-04-30,1.0,-3.25075444008131,-3.323670366293938,0.00531673229544541,0.07291592621262799,7.423364554893574e-06,0.002724585207860744,0.011169772251154647,1.0
QR1_matched_ridge,3,571,2021-06-30,2021-05-31,1.0,-3.7043212595884913,-3.220213137854092,0.2343606735292081,0.48410812173439943,0.00023499734241502935,0.01532962303564668,0.3479760768568353,0.0
QR1_matched_ridge,3,571,2021-07-31,2021-06-30,1.0,-3.3961998858730538,-3.4334749572927508,0.0013894309493435114,0.03727507141969699,1.5024400624430824e-06,0.001225740617929863,0.002849223191802752,1.0
QR1_matched_ridge,3,571,2021-08-31,2021-07-31,1.0,-3.708249345225621,-3.4445763078218334,0.0695234706537391,0.26367303740378745,5.472848362975792e-05,0.007397870209037052,0.1175152327445691,1.0
QR1_matched_ridge,3,571,2021-09-30,2021-08-31,1.0,-3.2831324409451104,-3.5367080051593427,0.06430056676656626,0.25357556421423233,7.058649171841946e-05,0.008401576740018474,0.15340261717031733,1.0
QR1_matched_ridge,3,571,2021-10-31,2021-09-30,1.0,-3.386780947876349,-3.2513292188338165,0.018347170900611595,0.13545172904253233,2.4062369718718925e-05,0.004905340938071372,0.03359358250109168,0.0
QR1_matched_ridge,3,571,2021-11-30,2021-10-31,1.0,-3.3064112261583376,-3.4707820034485177,0.027017752426977994,0.16437077729018013,3.0855257872223787e-05,0.005554750928009625,0.06047721737899914,0.0
QR1_matched_ridge,3,571,2021-12-31,2021-11-30,1.0,-2.9961728370061524,-3.361599846527773,0.1335368992879147,0.36542700952162077,0.0002340362813810617,0.015298244388852654,0.34599950393005363,0.0
QR1_matched_ridge,3,571,2022-01-31,2021-12-31,1.0,-2.941546598012492,-3.2491762438978515,0.09463599902755158,0.30762964588535935,0.0001953808055679496,0.01397786842003993,0.23487697070616576,0.0
QR1_matched_ridge,3,571,2022-02-28,2022-01-31,1.0,-2.799886911249737,-2.93878457857933,0.01929256198960228,0.13889766732959297,6.220347564659713e-05,0.007886918006838738,0.04242063244662875,1.0
QR1_matched_ridge,3,571,2022-03-31,2022-02-28,1.0,-2.6765886403079335,-2.9245595412477563,0.061489567712907395,0.24797090093982277,0.0002282852936527105,0.015109112934011397,0.1461021892843618,0.0
QR1_matched_ridge,3,571,2022-04-30,2022-03-31,1.0,-2.6479040482811675,-3.0253395595565067,0.14245756517167665,0.37743551127533914,0.0004954236428174562,0.022258114089415935,0.372466104593032,0.0
QR1_matched_ridge,3,571,2022-05-31,2022-04-30,1.0,-2.4244039455209907,-2.678852323953098,0.06474397728672895,0.25444837843210744,0.00039557172138832776,0.019888984926042047,0.15455823007994518,0.0
QR1_matched_ridge,3,571,2022-06-30,2022-05-31,1.0,-2.4599056517814564,-2.8123351323912322,0.12420653880287638,0.35242948060977586,0.0006440653285994805,0.02537844220198475,0.31870230296270985,1.0
QR1_matched_ridge,3,571,2022-07-31,2022-06-30,1.0,-2.8821019465281603,-2.505205866182058,0.14205065538025546,0.3768960803461021,0.000657506573452032,0.025641890988225342,0.22437081569992423,1.0
QR1_matched_ridge,3,571,2022-08-31,2022-07-31,100.0,-2.844606483048602,-3.049758090365035,0.04208718198451593,0.205151607316433,0.00011635431435183168,0.01078676570394628,0.09697152895624384,0.0
QR1_matched_ridge,3,571,2022-09-30,2022-08-31,100.0,-2.6463004734576345,-2.8181209427044016,0.029522273652179232,0.17182046924676708,0.00012532852189201752,0.011195022192564762,0.06643130344295017,1.0
QR1_matched_ridge,3,571,2022-10-31,2022-09-30,100.0,-2.523493614612676,-2.563694397995065,0.0016161029845577434,0.04020078338238875,9.98136271853829e-06,0.0031593294729322374,0.0033206003481625612,1.0
QR1_matched_ridge,3,571,2022-11-30,2022-10-31,100.0,-2.5435772319280385,-2.933818098334598,0.15228793381374206,0.3902408664065593,0.0006447144939293592,0.0253912286809709,0.40204167262025226,1.0
QR1_matched_ridge,3,571,2022-12-31,2022-11-30,100.0,-2.95330714551955,-2.8367738697054126,0.013580004371973799,0.1165332758141373,4.157105978066499e-05,0.00644756231305018,0.025167407796659408,1.0
QR1_matched_ridge,3,571,2023-01-31,2022-12-31,1.0,-3.0445998097233513,-2.675034309095522,0.13657865925429796,0.3695655006278291,0.0004532258181365562,0.021289100923631232,0.21665970837077275,0.0
QR1_matched_ridge,3,571,2023-02-28,2023-01-31,100.0,-3.1746943824188296,-3.0564390428656756,0.013984325332831758,0.11825533955315404,2.7542331865221378e-05,0.005248078873761462,0.02588813151753369,1.0
QR1_matched_ridge,3,571,2023-03-31,2023-02-28,100.0,-2.924024732160048,-3.0267289109050672,0.010548148331688887,0.10270417874501936,2.7490236409003782e-05,0.005243113236332378,0.02261807889004641,1.0
QR1_matched_ridge,3,571,2023-04-30,2023-03-31,100.0,-3.4424462204163033,-3.033821415313793,0.16697423134506473,0.40862480510251054,0.0002606614266967915,0.01614501244027986,0.2588942908216013,1.0
QR1_matched_ridge,3,571,2023-05-31,2023-04-30,100.0,-3.2992440662773723,-3.219424442171852,0.006371172392346547,0.07981962410552024,9.406502214231649e-06,0.0030670021542593753,0.012090505030026566,1.0
QR1_matched_ridge,3,571,2023-06-30,2023-05-31,100.0,-3.4043319921867217,-3.1942855164478026,0.04411952197034033,0.2100464757389191,6.032311755277431e-05,0.0077667958356567035,0.07707870065833111,0.0
QR1_matched_ridge,3,571,2023-07-31,2023-06-30,100.0,-3.766103134731879,-3.3602571333835884,0.16471097681039681,0.40584600134829074,0.00013419506050535638,0.011584259169465969,0.2557980042989825,0.0
QR1_matched_ridge,3,571,2023-08-31,2023-07-31,100.0,-3.3080680545326713,-3.417439127478677,0.01196203159736047,0.10937107294600557,1.4367697156283494e-05,0.003790474529169599,0.025768187317148583,1.0
QR1_matched_ridge,3,571,2023-09-30,2023-08-31,100.0,-3.4377168665741427,-3.2303100551110737,0.043017585441277026,0.20740681146306894,5.48674824384886e-05,0.007407258766810337,0.07527698739003097,0.0
QR1_matched_ridge,3,571,2023-10-31,2023-09-30,100.0,-3.193062653385387,-3.240412281226516,0.002241987256693414,0.04734962784112895,3.6032269317164476e-06,0.0018982167767977523,0.004628933017227846,1.0
QR1_matched_ridge,3,571,2023-11-30,2023-10-31,100.0,-3.314231456188941,-3.191134621289801,0.015152830762186221,0.12309683489914036,2.2688067862839446e-05,0.004763199330580177,0.02796447466740465,0.0
QR1_matched_ridge,3,571,2023-12-31,2023-11-30,100.0,-3.5682415676821626,-3.4157694289849143,0.02324775307891292,0.1524721386972483,2.158264901387539e-05,0.0046457129715335825,0.042108727365531395,1.0
QR1_matched_ridge,3,571,2024-01-31,2023-12-31,100.0,-3.464679499845587,-3.4267081048209764,0.0014418268401150192,0.037971395024610555,1.4657964895791587e-06,0.0012107008257943655,0.002812021234915349,1.0
QR1_matched_ridge,3,571,2024-02-29,2024-01-31,100.0,-3.3448968495093907,-3.3529021268718533,6.408446564995604e-05,0.008005277362462593,7.90565668231535e-08,0.0002811699963067779,0.00012885569653238102,1.0
QR1_matched_ridge,3,571,2024-03-31,2024-02-29,100.0,-3.578980917498339,-3.4607511382687246,0.01397828069668339,0.11822977922961453,1.2264301071209269e-05,0.003502042414250471,0.025877365388077278,1.0
QR1_matched_ridge,3,571,2024-04-30,2024-03-31,100.0,-3.229795427472849,-3.4995034524981543,0.07274241876305079,0.26970802502530544,8.748254502478363e-05,0.009353210412729077,0.17558904253404373,1.0
QR1_matched_ridge,3,571,2024-05-31,2024-04-30,100.0,-3.5511189897853304,-3.244591011781074,0.0939594012993778,0.30652797800425624,0.00010592506326165714,0.01029199024784114,0.15474890328822788,1.0
QR1_matched_ridge,3,571,2024-06-30,2024-05-31,100.0,-3.974283728374348,-3.4877530243674815,0.23671212594141736,0.4865307040068667,0.00013869128821982068,0.011776726549420288,0.350985692879643,0.0
QR1_matched_ridge,3,571,2024-07-31,2024-06-30,100.0,-3.1722014727576715,-3.642261883250341,0.2209567895125368,0.47006041049266933,0.00024706176421524276,0.01571819850413026,0.6201699155070304,1.0
QR1_matched_ridge,3,571,2024-08-31,2024-07-31,100.0,-2.872824298145019,-3.358299303053997,0.23568598039137242,0.4854750049089782,0.0004728291283351164,0.021744634472327107,0.6695017134459005,0.0
QR1_matched_ridge,3,571,2024-09-30,2024-08-31,100.0,-3.260469768692696,-3.140842451855648,0.014310694933631381,0.11962731683704764,2.3775190697971383e-05,0.004875980998524439,0.026469039227405095,1.0
QR1_matched_ridge,3,571,2024-10-31,2024-09-30,100.0,-3.4205129328690873,-3.231927290969388,0.035564544330721655,0.1885856418996994,4.604536403057178e-05,0.006785673439723708,0.06296988144538973,0.0
QR1_matched_ridge,3,571,2024-11-30,2024-10-31,100.0,-3.343202830242378,-3.3087483657799615,0.0011871101213919376,0.034454464462416734,1.533304011968736e-06,0.001238266535108147,0.0023206119378673395,1.0
QR1_matched_ridge,3,571,2024-12-31,2024-11-30,100.0,-3.197711188525805,-3.440630778138561,0.059009927017629825,0.24291958961275606,7.76362202904372e-05,0.0088111418267122,0.13969937559444334,0.0
QR1_matched_ridge,3,571,2025-01-31,2024-12-31,100.0,-3.243856524094862,-3.2470901252898985,1.045617668854267e-05,0.003233601195036684,1.586320656917773e-08,0.00012594922218567978,2.095750783313085e-05,1.0
QR1_matched_ridge,3,571,2025-02-28,2025-01-31,100.0,-3.336086010210643,-3.287749655637021,0.002336403173466904,0.048336354573621954,3.104109724435905e-06,0.0017618483829308085,0.004525798673374382,1.0
QR1_matched_ridge,3,571,2025-03-31,2025-02-28,100.0,-2.8188957116043185,-3.2653122499379323,0.1992877256977669,0.44641653833361383,0.00046168219871564283,0.02148679126150861,0.5492052654237971,1.0
QR1_matched_ridge,3,571,2025-04-30,2025-03-31,100.0,-1.9836117337402832,-3.039619905680788,1.1151532592051272,1.056008171940505,0.008049389991442635,0.089718392715444,5.152873010064928,0.0
QR1_matched_ridge,3,571,2025-05-31,2025-04-30,100.0,-3.0297758721398087,-2.630275764341623,0.15960033613076197,0.3995001077981857,0.0005632135239280085,0.02373212008919575,0.24877863644649323,1.0
QR1_matched_ridge,3,571,2025-06-30,2025-05-31,1.0,-3.53015126294113,-3.0243041222052556,0.25588132979065936,0.5058471407358742,0.0003721480780536917,0.01929113988476813,0.37529669404104116,0.0
QR1_matched_ridge,3,571,2025-07-31,2025-06-30,100.0,-3.950725844114382,-3.278751445454442,0.4515495924543883,0.6719743986599402,0.00033983212288953664,0.018434536145223092,0.6047625292212058,0.0
QR1_matched_ridge,3,571,2025-08-31,2025-07-31,100.0,-3.3885322185760227,-3.457202103388082,0.004715553080101518,0.06866988481205949,5.019247970400688e-06,0.0022403678203368055,0.009878102469597805,1.0
QR1_matched_ridge,3,571,2025-09-30,2025-08-31,100.0,-3.84430960652608,-3.387109998329594,0.20903148173502048,0.4571996081964862,0.00015388561894412534,0.012405064245868513,0.3151565386029902,0.0
QR1_matched_ridge,3,571,2025-10-31,2025-09-30,100.0,-3.200563742469265,-3.545433558065887,0.11893518970964799,0.3448698155966219,0.0001412085901411134,0.011883122070445687,0.3034568682884694,1.0
QR1_matched_ridge,3,571,2025-11-30,2025-10-31,100.0,-3.187697796475165,-3.2920277598492174,0.010884741257631121,0.10432996337405243,1.6714868054909833e-05,0.004088382082793857,0.023366021461659114,0.0
QR1_matched_ridge,3,571,2025-12-31,2025-11-30,100.0,-3.6690396499504754,-3.2383050403297378,0.18553230392512923,0.4307346096207376,0.00018849600101467732,0.013729384582517795,0.28401004018195963,1.0
QR1_matched_ridge,3,571,2026-01-31,2025-12-31,100.0,-3.5432590006801346,-3.364982791739001,0.031782406674422725,0.1782762089411336,3.185117289052554e-05,0.005643684336541648,0.0566381913764295,1.0
QR1_matched_ridge,3,571,2026-02-28,2026-01-31,100.0,-3.319270460859548,-3.395129927740224,0.005754658715420416,0.07585946688067624,6.985553008371244e-06,0.0026430196761226057,0.012114142510914416,1.0
QR1_matched_ridge,3,571,2026-03-31,2026-02-28,100.0,-2.9305194230637723,-3.3378762293929842,0.16593956766273504,0.4073568063292119,0.0003188728786109477,0.01785701202919872,0.44381515301368313,0.0
QR1_matched_ridge,3,571,2026-04-30,2026-03-31,100.0,-3.2372756219261025,-3.050884990219253,0.03474146758807835,0.18639063170684933,6.474282970184775e-05,0.008046292916731763,0.061597149015825525,1.0
QR1_matched_ridge,3,571,2026-05-31,2026-04-30,100.0,-3.511913129771558,-3.397100219230102,0.01318200442700031,0.1148129105414557,1.3179899556883998e-05,0.00363041313859511,0.024456776937428704,1.0
QR1_matched_ridge,3,571,2026-06-30,2026-05-31,100.0,-3.0167824583115244,-3.4508158505253537,0.1883849855566438,0.4340333922138293,0.00029717429299409604,0.01723874395059269,0.514234113319683,1.0
QR1_matched_ridge,3,571,2026-07-31,2026-06-30,100.0,-3.371790235714744,-3.180593817282837,0.036556070421188885,0.19119641843190704,5.2313993399680873e-05,0.007232841308896586,0.06461983350763106,1.0
QR1_matched_ridge,3,571,2026-08-31,2026-07-31,100.0,-3.5077496504538077,-3.2987407064309764,0.043684738681539034,0.20900894402283132,4.851644460571501e-05,0.00696537469241354,0.07636833976221663,0.0
QR1_matched_ridge,3,120,2020-01-31,2019-12-31,100.0,-3.3942209625474167,-3.565670447965946,0.029394926050278502,0.17144948541852933,2.797006754173853e-05,0.005288673514383217,0.066127431140306,1.0
QR1_matched_ridge,3,120,2020-02-29,2020-01-31,100.0,-2.656216692100947,-3.454489853531007,0.6372400402595426,0.79827316143006,0.0014907271592091316,0.038609936016641255,2.3394094323028964,0.0
QR1_matched_ridge,3,120,2020-03-31,2020-02-29,100.0,-1.2968785055181968,-2.9935865941344195,2.8788183379757157,1.6967080886162227,0.049852363966083044,0.22327642949062726,25.374053545938768,0.0
QR1_matched_ridge,3,120,2020-04-30,2020-03-31,1e-08,-2.134827132729708,-1.6010282945478722,0.2849411996442779,0.5337988381818359,0.00695956091421952,0.08342398284797675,0.41143120182262194,1.0
QR1_matched_ridge,3,120,2020-05-31,2020-04-30,1e-08,-2.753012874659256,-2.880075877099393,0.01614500658910218,0.12706300244013669,5.783664525876709e-05,0.007605040779559771,0.0352082515610479,1.0
QR1_matched_ridge,3,120,2020-06-30,2020-05-31,1e-08,-2.451931103357683,-3.2134847774274258,0.579963998489124,0.7615536740697428,0.002107809017250576,0.045910881251077895,2.0633474391548408,0.0
QR1_matched_ridge,3,120,2020-07-31,2020-06-30,0.01,-3.218790749890995,-3.4096945931493865,0.03644427737082455,0.1909038432583916,4.833183648217201e-05,0.006952110217924627,0.08312264566974703,1.0
QR1_matched_ridge,3,120,2020-08-31,2020-07-31,0.01,-3.605902901033218,-3.1969806095034814,0.16721744050993106,0.4089222915297368,0.00018830861633866236,0.013722558665885249,0.2592265752337689,0.0
QR1_matched_ridge,3,120,2020-09-30,2020-08-31,1.0,-2.6518079305455564,-3.2891140079917633,0.4061590363498707,0.6373060774462069,0.0011046799110116313,0.033236725335261764,1.3027015425019335,1.0
QR1_matched_ridge,3,120,2020-10-31,2020-09-30,0.01,-2.7990558904711156,-2.716146065082899,0.006874039145904597,0.08290982538821678,2.7684647022032897e-05,0.00526162018983059,0.01301866287276851,1.0
QR1_matched_ridge,3,120,2020-11-30,2020-10-31,1.0,-3.0039008865838612,-2.761294511616335,0.05885785317488394,0.24260637496752624,0.00018541333333369902,0.013616656466757873,0.1007789710937338,0.0
QR1_matched_ridge,3,120,2020-12-31,2020-11-30,1.0,-3.651528771176814,-3.0848133280230448,0.3211663935089729,0.5667154431537691,0.00039153116921019954,0.01978714656564204,0.4553577513901772,1.0
QR1_matched_ridge,3,120,2021-01-31,2020-12-31,1.0,-3.0833520658531506,-3.270074237218251,0.03486516927929791,0.1867221713651004,6.086887004612234e-05,0.0078018504244904835,0.07928536359395344,1.0
QR1_matched_ridge,3,120,2021-02-28,2021-01-31,1.0,-3.2488415694882113,-3.0781004428094105,0.029152532339546306,0.17074112667880081,5.223662285750665e-05,0.007227490771872812,0.05219833368966725,0.0
QR1_matched_ridge,3,120,2021-03-31,2021-02-28,1.0,-3.0053155591944845,-3.274397388439741,0.07240503082997331,0.26908182924525637,0.00013650322368115997,0.011683459405551079,0.17469492060891423,0.0
QR1_matched_ridge,3,120,2021-04-30,2021-03-31,1.0,-3.42852988588876,-3.4036468665774726,0.0006191646500458929,0.024883019311287224,6.678084321775014e-07,0.0008171954675458629,0.0012180401058857898,1.0
QR1_matched_ridge,3,120,2021-05-31,2021-04-30,1.0,-3.25075444008131,-3.435759379249334,0.034226827516564244,0.18500493916802396,4.2824169411071795e-05,0.006544017833951234,0.07773903760694473,0.0
QR1_matched_ridge,3,120,2021-06-30,2021-05-31,1.0,-3.7043212595884913,-3.3429693806739147,0.13057518039509486,0.36135187891457665,0.00011481053453360697,0.010714967780334525,0.2081417311178968,1.0
QR1_matched_ridge,3,120,2021-07-31,2021-06-30,0.01,-3.3961998858730538,-3.470710506711461,0.005551832617724915,0.07451062083840743,5.785967516357129e-06,0.0024054038156528165,0.011676402434650013,1.0
QR1_matched_ridge,3,120,2021-08-31,2021-07-31,0.01,-3.708249345225621,-3.6014412314158486,0.01140797317560127,0.10680811380977229,7.639466636109245e-06,0.0027639585083914057,0.02127451011504497,1.0
QR1_matched_ridge,3,120,2021-09-30,2021-08-31,0.01,-3.2831324409451104,-3.6335370864497634,0.12278341559124153,0.350404645504653,0.0001229440296564285,0.011088012881324973,0.31457378805584413,1.0
QR1_matched_ridge,3,120,2021-10-31,2021-09-30,0.01,-3.386780947876349,-3.27353660498522,0.012824281196843536,0.11324434289112872,1.644212508726822e-05,0.004054889035136254,0.02381704919092703,0.0
QR1_matched_ridge,3,120,2021-11-30,2021-10-31,0.01,-3.3064112261583376,-3.550832325212439,0.05974167366281483,0.24442109905410137,6.315029703468978e-05,0.007946716116402408,0.14158521668179347,0.0
QR1_matched_ridge,3,120,2021-12-31,2021-11-30,0.01,-2.9961728370061524,-3.4369962225727178,0.1943252572623687,0.4408233855665653,0.0003174394801952027,0.017816831373597346,0.5332264061260643,0.0
QR1_matched_ridge,3,120,2022-01-31,2021-12-31,0.01,-2.941546598012492,-3.4736176711375357,0.2830996268564354,0.5320710731250435,0.0004743408289453182,0.021779367046480442,0.834209409286665,0.0
QR1_matched_ridge,3,120,2022-02-28,2022-01-31,1.0,-2.799886911249737,-2.926033100997099,0.015912861187777492,0.12614618974736214,5.195036921760894e-05,0.007207660453823345,0.03467988708759767,1.0
QR1_matched_ridge,3,120,2022-03-31,2022-02-28,0.01,-2.6765886403079335,-2.9847242793782742,0.09494757206528727,0.3081356390703407,0.000332843787133097,0.018244006882620303,0.23573824471351823,0.0
QR1_matched_ridge,3,120,2022-04-30,2022-03-31,100.0,-2.6479040482811675,-3.168787190723645,0.27131924808075014,0.5208831424424774,0.0008262680529399177,0.028744878725434166,0.7924523485570887,0.0
QR1_matched_ridge,3,120,2022-05-31,2022-04-30,100.0,-2.4244039455209907,-2.916553649165812,0.2422113307976856,0.49214970364482147,0.0011841162445213596,0.03441099017060334,0.6916370786674289,0.0
QR1_matched_ridge,3,120,2022-06-30,2022-05-31,1.0,-2.4599056517814564,-3.0637320553522436,0.3646063256492312,0.6038264035707872,0.001500011204500726,0.03872997811128643,1.1379698006573307,1.0
QR1_matched_ridge,3,120,2022-07-31,2022-06-30,1.0,-2.8821019465281603,-2.4682336588633365,0.1712869595346134,0.41386828766482386,0.0008246949361591653,0.028717502261846613,0.26477394416666755,1.0
QR1_matched_ridge,3,120,2022-08-31,2022-07-31,100.0,-2.844606483048602,-3.226823547848303,0.1460898846240988,0.38221706479970097,0.00034128117539206353,0.018473796994447664,0.383344536747263,0.0
QR1_matched_ridge,3,120,2022-09-30,2022-08-31,100.0,-2.6463004734576345,-2.961427062283464,0.09930476698500351,0.31512658882582967,0.00036741422087927645,0.019168052088808514,0.24783283083135965,0.0
QR1_matched_ridge,3,120,2022-10-31,2022-09-30,100.0,-2.523493614612676,-2.7167152777157733,0.03733461109232679,0.19322166310309719,0.00019845799081958372,0.014087511874691844,0.0852936595781284,0.0
QR1_matched_ridge,3,120,2022-11-30,2022-10-31,100.0,-2.5435772319280385,-3.094895257076984,0.3039515648541331,0.5513180251489453,0.001109224720277513,0.033305025450786147,0.9094595531843992,1.0
QR1_matched_ridge,3,120,2022-12-31,2022-11-30,100.0,-2.95330714551955,-2.983069849358202,0.0008858185397873161,0.029762703838652094,2.3401357582936097e-06,0.001529750227420676,0.0018073189590941882,1.0
QR1_matched_ridge,3,120,2023-01-31,2022-12-31,100.0,-3.0445998097233513,-2.917194473089772,0.016232119802715644,0.12740533663357922,4.185894330040516e-05,0.006469848784972115,0.02987389752619038,0.0
QR1_matched_ridge,3,120,2023-02-28,2023-01-31,100.0,-3.1746943824188296,-3.160048149085359,0.00021451215085846836,0.014646233333470704,3.80466072433958e-07,0.0006168193191153776,0.0004248657398259609,1.0
QR1_matched_ridge,3,120,2023-03-31,2023-02-28,100.0,-2.924024732160048,-3.0996686833937703,0.03085079760499427,0.17564395123372245,7.487310197844697e-05,0.008652924475484977,0.06960844412706124,1.0
QR1_matched_ridge,3,120,2023-04-30,2023-03-31,100.0,-3.4424462204163033,-3.121500169129521,0.10300636783657777,0.3209460512867821,0.00014652209074378247,0.012104630962725897,0.1681877785362315,1.0
QR1_matched_ridge,3,120,2023-05-31,2023-04-30,100.0,-3.2992440662773723,-3.265742724702486,0.0011223398873172106,0.03350134157488638,1.5813480928139101e-06,0.0012575166371916954,0.00219537522112373,1.0
QR1_matched_ridge,3,120,2023-06-30,2023-05-31,100.0,-3.4043319921867217,-3.246281789154671,0.024979866678472393,0.15805020303205053,3.237196879207853e-05,0.005689636964875573,0.04508665791667671,0.0
QR1_matched_ridge,3,120,2023-07-31,2023-06-30,100.0,-3.766103134731879,-3.4111325711075176,0.12600410103979698,0.35497056362436163,9.725373282195668e-05,0.009861730721427993,0.20161427000827847,1.0
QR1_matched_ridge,3,120,2023-08-31,2023-07-31,100.0,-3.3080680545326713,-3.4348108682439573,0.016063740827453758,0.12674281371128604,1.896849474860649e-05,0.004355283543996474,0.035023232736275334,1.0
QR1_matched_ridge,3,120,2023-09-30,2023-08-31,100.0,-3.4377168665741427,-3.2583819854378597,0.03216099959216473,0.17933488113628293,3.984872134514478e-05,0.006312584363408126,0.05727478126831104,0.0
QR1_matched_ridge,3,120,2023-10-31,2023-09-30,100.0,-3.193062653385387,-3.220990898874609,0.0007799868961062498,0.027928245489222014,1.2779900443535123e-06,0.0011304822176193274,0.0015894288393805273,1.0
QR1_matched_ridge,3,120,2023-11-30,2023-10-31,100.0,-3.314231456188941,-3.2011694190951845,0.012783024231790022,0.11306203709375673,1.894495370991758e-05,0.004352580121022194,0.023743205767802228,1.0
QR1_matched_ridge,3,120,2023-12-31,2023-11-30,100.0,-3.5682415676821626,-3.4709395429086944,0.009467684025016613,0.09730202477346817,8.30823671460702e-06,0.002882401206391473,0.017764573867798727,1.0
QR1_matched_ridge,3,120,2024-01-31,2023-12-31,100.0,-3.464679499845587,-3.436407380514167,0.0007993127314900612,0.028272119331420154,8.047142781005208e-07,0.0008970586815256407,0.0015689156051797715,1.0
QR1_matched_ridge,3,120,2024-02-29,2024-01-31,100.0,-3.3448968495093907,-3.3710043649897443,0.0006816023645569037,0.026107515480353616,8.258038775872211e-07,0.0009087375185317381,0.0013872443054607358,1.0
QR1_matched_ridge,3,120,2024-03-31,2024-02-29,100.0,-3.578980917498339,-3.4786900429787124,0.01005825951191151,0.1002908745196267,8.665213615198605e-06,0.0029436734899099468,0.01883634480368368,1.0
QR1_matched_ridge,3,120,2024-04-30,2024-03-31,100.0,-3.229795427472849,-3.495993247207082,0.07086127923125918,0.26619781973423295,8.550649859443195e-05,0.009246972401517804,0.17061157749964473,1.0
QR1_matched_ridge,3,120,2024-05-31,2024-04-30,100.0,-3.5511189897853304,-3.2432622818980494,0.09477575259119461,0.3078567078872809,0.00010699470640970004,0.010343824554278753,0.15596874689093332,1.0
QR1_matched_ridge,3,120,2024-06-30,2024-05-31,100.0,-3.974283728374348,-3.4936285857512637,0.2310293661300177,0.4806551426230845,0.00013450526055987892,0.011597640301366435,0.34370180086274793,0.0
QR1_matched_ridge,3,120,2024-07-31,2024-06-30,100.0,-3.1722014727576715,-3.622530186756615,0.20279595065194214,0.45032871399894336,0.00023092549316114215,0.01519623286084884,0.560563226758992,1.0
QR1_matched_ridge,3,120,2024-08-31,2024-07-31,100.0,-2.872824298145019,-3.351991140928621,0.22960086322320536,0.4791668427836022,0.00046330203898931494,0.021524452118214646,0.6490145041382471,0.0
QR1_matched_ridge,3,120,2024-09-30,2024-08-31,100.0,-3.260469768692696,-3.183952675800003,0.005854865504748947,0.0765170928926926,9.310043297505152e-06,0.0030512363555623076,0.011134572259705128,1.0
QR1_matched_ridge,3,120,2024-10-31,2024-09-30,100.0,-3.4205129328690873,-3.227566686776318,0.03722825388129151,0.19294624609276934,4.8416711733114196e-05,0.0069582118200809465,0.06573610243792177,0.0
QR1_matched_ridge,3,120,2024-11-30,2024-10-31,100.0,-3.343202830242378,-3.27819162638355,0.004226456627174117,0.06501120385882819,5.629817240439758e-06,0.0023727235912427216,0.008098162744173035,1.0
QR1_matched_ridge,3,120,2024-12-31,2024-11-30,100.0,-3.197711188525805,-3.43240718485386,0.05508221069241843,0.23469599632805505,7.304325455115546e-05,0.008546534651609122,0.12962968801893593,0.0
QR1_matched_ridge,3,120,2025-01-31,2024-12-31,100.0,-3.243856524094862,-3.2271712409046445,0.0002783986751377492,0.016685283190217337,4.3086933773045233e-07,0.0006564063815430593,0.0005506551302315726,1.0
QR1_matched_ridge,3,120,2025-02-28,2025-01-31,100.0,-3.336086010210643,-3.3055592509918545,0.0009318830284018786,0.030526759218788335,1.2160886646766807e-06,0.0011027641020076237,0.001826408171097589,1.0
QR1_matched_ridge,3,120,2025-03-31,2025-02-28,100.0,-2.8188957116043185,-3.251886808131429,0.18748128967174965,0.43299109652711065,0.0004397695832261046,0.020970683899818446,0.5113577533674063,1.0
QR1_matched_ridge,3,120,2025-04-30,2025-03-31,100.0,-1.9836117337402832,-3.062635811798515,1.1642929610294168,1.0790240780582316,0.008245946958400417,0.0908071966222965,5.496181301796851,0.0
QR1_matched_ridge,3,120,2025-05-31,2025-04-30,100.0,-3.0297758721398087,-2.6941596191066646,0.11263826930000742,0.33561625303314413,0.00037143691665864206,0.019272698738335585,0.1823107884277932,1.0
QR1_matched_ridge,3,120,2025-06-30,2025-05-31,100.0,-3.53015126294113,-3.2118734776052382,0.10130074863831988,0.31827778533589157,0.00012057343111585401,0.010980593386327262,0.16566734772243352,1.0
QR1_matched_ridge,3,120,2025-07-31,2025-06-30,100.0,-3.950725844114382,-3.3614065208204957,0.3472972648075643,0.5893193232938865,0.00023856984890576328,0.015445706487751322,0.48633598501470565,0.0
QR1_matched_ridge,3,120,2025-08-31,2025-07-31,100.0,-3.3885322185760227,-3.473709044552378,0.007255091683406341,0.08517682597635545,7.597521637693718e-06,0.0027563602155185954,0.015370458874483683,1.0
QR1_matched_ridge,3,120,2025-09-30,2025-08-31,100.0,-3.84430960652608,-3.397074639527865,0.20001911570589462,0.4472349669982152,0.00014568176309594133,0.012069870052984884,0.30329417904749445,1.0
QR1_matched_ridge,3,120,2025-10-31,2025-09-30,100.0,-3.200563742469265,-3.5439982808085473,0.11794728212431595,0.3434345383392823,0.000140225286158418,0.011841675817147589,0.3006140477933561,1.0
QR1_matched_ridge,3,120,2025-11-30,2025-10-31,100.0,-3.187697796475165,-3.281455057012439,0.00879042390345429,0.09375726053727407,1.3639879844874598e-05,0.0036932207955759425,0.01873324423298106,0.0
QR1_matched_ridge,3,120,2025-12-31,2025-11-30,100.0,-3.6690396499504754,-3.2414016804995884,0.1828742329160777,0.42763796945088695,0.0001851801204711026,0.013608090258045123,0.28044179399688407,1.0
QR1_matched_ridge,3,120,2026-01-31,2025-12-31,100.0,-3.5432590006801346,-3.332659396512866,0.044352193275410144,0.21059960416726842,4.595642634178761e-05,0.006779116929349103,0.07745856438801452,1.0
QR1_matched_ridge,3,120,2026-02-28,2026-01-31,100.0,-3.319270460859548,-3.3523305776149708,0.001092971319882199,0.033060116755422975,1.384231745926405e-06,0.0011765337844390211,0.0022349280252357273,1.0
QR1_matched_ridge,3,120,2026-03-31,2026-02-28,100.0,-2.9305194230637723,-3.3167334516269964,0.14916127585903485,0.38621402856322407,0.00029234809698837116,0.01709818987461454,0.3925886040675304,1.0
QR1_matched_ridge,3,120,2026-04-30,2026-03-31,100.0,-3.2372756219261025,-3.067467149842183,0.028834917191475334,0.1698084720839197,5.282591554978757e-05,0.0072681438861505465,0.0516599669300703,1.0
QR1_matched_ridge,3,120,2026-05-31,2026-04-30,100.0,-3.511913129771558,-3.463497920129936,0.00234403252464218,0.048415209641621715,2.1911188606240277e-06,0.0014802428383964665,0.00454034246484572,1.0
QR1_matched_ridge,3,120,2026-06-30,2026-05-31,100.0,-3.0167824583115244,-3.4833580028905873,0.21769273879924914,0.4665755445790629,0.00033322158740177487,0.018254358038610256,0.6093571491083365,1.0
QR1_matched_ridge,3,120,2026-07-31,2026-06-30,100.0,-3.371790235714744,-3.2064964247372707,0.027322043947456676,0.1652938109774733,3.807046498685385e-05,0.00617012682097004,0.04908902411489241,1.0
QR1_matched_ridge,3,120,2026-08-31,2026-07-31,100.0,-3.5077496504538077,-3.2932978114688316,0.04598959124403812,0.2144518389849761,5.136484088180274e-05,0.00716692687850258,0.08012633121805546,0.0
QR1_matched_ridge,4,571,2020-01-31,2019-12-31,1e-08,-3.3942209625474167,-3.6448849208064957,0.06283241997010933,0.25066395825907906,5.538749651360867e-05,0.007442277642873092,0.14958417268127422,1.0
QR1_matched_ridge,4,571,2020-02-29,2020-01-31,1e-08,-2.656216692100947,-3.5388995996597417,0.7791291152964478,0.8826829075587947,0.0016948114453709652,0.04116808770602498,3.078343869356803,0.0
QR1_matched_ridge,4,571,2020-03-31,2020-02-29,1.0,-1.2968785055181968,-2.837145427355426,2.3724221905059335,1.5402669218372294,0.04613523558389604,0.2147911441002539,17.689487239013367,0.0
QR1_matched_ridge,4,571,2020-04-30,2020-03-31,1.0,-2.134827132729708,-2.1190460367402126,0.0002490429906296712,0.01578109598949551,3.538748447616811e-06,0.0018811561465271326,0.0004928868414376814,1.0
QR1_matched_ridge,4,571,2020-05-31,2020-04-30,1.0,-2.753012874659256,-2.6730900227104346,0.006387662263633247,0.07992285194882154,2.812202330797728e-05,0.005303020206257683,0.012120985473277252,1.0
QR1_matched_ridge,4,571,2020-06-30,2020-05-31,1.0,-2.451931103357683,-2.930151044687019,0.22869431228503356,0.478219941329336,0.0010717852899366674,0.03273813204715057,0.6459751761247876,0.0
QR1_matched_ridge,4,571,2020-07-31,2020-06-30,1e-08,-3.218790749890995,-2.8852713601526268,0.1112351833314535,0.33351938973836814,0.0002507862339717695,0.01583623168470863,0.1802648849639249,1.0
QR1_matched_ridge,4,571,2020-08-31,2020-07-31,1e-08,-3.605902901033218,-3.109299706811191,0.24661473251152052,0.49660319422202726,0.0003051761526651588,0.01746929170473602,0.36359356829447076,0.0
QR1_matched_ridge,4,571,2020-09-30,2020-08-31,1e-08,-2.6518079305455564,-3.2721863793412407,0.38486941973013944,0.6203784487956843,0.0010627713831824817,0.03260017458822087,1.2174731027793197,1.0
QR1_matched_ridge,4,571,2020-10-31,2020-09-30,1e-08,-2.7990558904711156,-2.8246826518998422,0.0006567309013248726,0.025626761428726663,2.371660949978182e-06,0.001540019788826813,0.0013361921538936339,1.0
QR1_matched_ridge,4,571,2020-11-30,2020-10-31,1e-08,-3.0039008865838612,-2.812768904807403,0.036531434457796386,0.1911319817764583,0.00010910404361557451,0.010445288105915246,0.06457888671414369,1.0
QR1_matched_ridge,4,571,2020-12-31,2020-11-30,1e-08,-3.651528771176814,-3.0061320247518637,0.4165369602959114,0.6453967464249502,0.0005537212473708981,0.02353128231463169,0.5658459371780636,1.0
QR1_matched_ridge,4,571,2021-01-31,2020-12-31,1e-08,-3.0833520658531506,-3.2261533119980657,0.020392195900540623,0.14280124614491507,3.7155107164726135e-05,0.006095498926644655,0.04496094859915983,1.0
QR1_matched_ridge,4,571,2021-02-28,2021-01-31,1e-08,-3.2488415694882113,-3.054400164513533,0.03780745996852695,0.19444140497467854,6.941962520125113e-05,0.008331844045663069,0.0666965083307699,0.0
QR1_matched_ridge,4,571,2021-03-31,2021-02-28,1e-08,-3.0053155591944845,-3.1804393386417518,0.030668338127895125,0.1751237794472673,6.329372633559291e-05,0.007955735436500695,0.06917133597997643,1.0
QR1_matched_ridge,4,571,2021-04-30,2021-03-31,1e-08,-3.42852988588876,-3.153518959566865,0.0756310095964266,0.2750109263218947,0.00010541146740483337,0.010267008688261317,0.12695905528334223,1.0
QR1_matched_ridge,4,571,2021-05-31,2021-04-30,1.0,-3.25075444008131,-3.3171255134295636,0.004405119377399237,0.06637107334825343,6.190462274287946e-06,0.0024880639610524377,0.009213356668784312,1.0
QR1_matched_ridge,4,571,2021-06-30,2021-05-31,0.01,-3.7043212595884913,-3.2469064261256593,0.2092283298718304,0.45741483346283207,0.0002038448429544037,0.014277424240891762,0.3154145200552233,0.0
QR1_matched_ridge,4,571,2021-07-31,2021-06-30,1e-08,-3.3961998858730538,-3.452243667218502,0.003140905427496406,0.056043781345448185,3.333705913798959e-06,0.0018258438908622387,0.006523242238099053,1.0
QR1_matched_ridge,4,571,2021-08-31,2021-07-31,1e-08,-3.708249345225621,-3.432782511570479,0.07588197644398968,0.275466833655142,6.0474519925352036e-05,0.007776536499326164,0.1273450499084674,1.0
QR1_matched_ridge,4,571,2021-09-30,2021-08-31,1e-08,-3.2831324409451104,-3.5394987896719012,0.06572370475950655,0.25636634872679087,7.195620647907124e-05,0.008482700423748987,0.1571154580616676,1.0
QR1_matched_ridge,4,571,2021-10-31,2021-09-30,1e-08,-3.386780947876349,-3.250340022123111,0.018616126220400594,0.13644092575323796,2.4439816312654203e-05,0.004943664259701927,0.03406456641398223,0.0
QR1_matched_ridge,4,571,2021-11-30,2021-10-31,1e-08,-3.3064112261583376,-3.4798617330362402,0.030085078336201353,0.17345050687790264,3.405640408947929e-05,0.005835786501362031,0.06777567115190913,0.0
QR1_matched_ridge,4,571,2021-12-31,2021-11-30,1.0,-2.9961728370061524,-3.3592787642425277,0.13184591439418783,0.36310592723637525,0.00023157706591478636,0.015217656387065202,0.34102291584791034,0.0
QR1_matched_ridge,4,571,2022-01-31,2021-12-31,1.0,-2.941546598012492,-3.271420660446064,0.10881689706642807,0.32987406243357187,0.00021997513401026368,0.014831558718161206,0.2745569448261187,0.0
QR1_matched_ridge,4,571,2022-02-28,2022-01-31,1.0,-2.799886911249737,-2.915678313748724,0.013407648892682466,0.11579140249898723,4.421802848686631e-05,0.0066496637875058245,0.029010900717268473,1.0
QR1_matched_ridge,4,571,2022-03-31,2022-02-28,1e-08,-2.6765886403079335,-2.9328997661628122,0.06569539323699547,0.2563111258548787,0.00024195876025553224,0.015555023634039655,0.1570414863681303,0.0
QR1_matched_ridge,4,571,2022-04-30,2022-03-31,1e-08,-2.6479040482811675,-3.0299512015122856,0.1459600272920014,0.38204715323111804,0.0005054157727203274,0.022481453972559858,0.3829546189985342,0.0
QR1_matched_ridge,4,571,2022-05-31,2022-04-30,1e-08,-2.4244039455209907,-2.6891765146772433,0.07010451337760255,0.2647725691562526,0.0004241132969070713,0.020594011190321115,0.1686145668163922,0.0
QR1_matched_ridge,4,571,2022-06-30,2022-05-31,1e-08,-2.4599056517814564,-2.868776838088838,0.16717564699240547,0.4088711863073815,0.0008222379041821889,0.02867469100412747,0.4476373041885304,1.0
QR1_matched_ridge,4,571,2022-07-31,2022-06-30,1.0,-2.8821019465281603,-2.528585179963488,0.12497410424234089,0.3535167665646721,0.000564295689468597,0.023754908744691,0.20013834217105408,1.0
QR1_matched_ridge,4,571,2022-08-31,2022-07-31,100.0,-2.844606483048602,-3.0280106824433046,0.033637100355611765,0.18340419939470243,9.497085498863387e-05,0.009745299122583866,0.07631299002971575,0.0
QR1_matched_ridge,4,571,2022-09-30,2022-08-31,1.0,-2.6463004734576345,-2.813373859656087,0.027913516375817283,0.16707338619845258,0.00011904690329780586,0.010910861711973342,0.06260136020516155,1.0
QR1_matched_ridge,4,571,2022-10-31,2022-09-30,100.0,-2.523493614612676,-2.5767914642375445,0.002840660774635083,0.05329784962486839,1.7317951258027796e-05,0.004161484261417769,0.005888686022866033,1.0
QR1_matched_ridge,4,571,2022-11-30,2022-10-31,100.0,-2.5435772319280385,-2.9066629068194487,0.1318312073113508,0.3630856748914102,0.0005724992366793688,0.023926956276956096,0.3409796895302164,1.0
QR1_matched_ridge,4,571,2022-12-31,2022-11-30,100.0,-2.95330714551955,-2.8302283593220325,0.015148387611854183,0.12307878619751733,4.6682813538295376e-05,0.006832482238417849,0.02795659766948655,1.0
QR1_matched_ridge,4,571,2023-01-31,2022-12-31,100.0,-3.0445998097233513,-2.8101769196091864,0.05495409140947786,0.23442289011416495,0.0001582307003597853,0.012578978510188549,0.09456985496792925,0.0
QR1_matched_ridge,4,571,2023-02-28,2023-01-31,100.0,-3.1746943824188296,-3.0519302204174954,0.015071039471889832,0.12276416200133422,2.9819466690946373e-05,0.005460720345425718,0.027819449867443002,1.0
QR1_matched_ridge,4,571,2023-03-31,2023-02-28,100.0,-2.924024732160048,-3.0268624948275114,0.010575605430449544,0.10283776266746347,2.7558175672318353e-05,0.005249588143113548,0.02267904405297408,1.0
QR1_matched_ridge,4,571,2023-04-30,2023-03-31,100.0,-3.4424462204163033,-3.036234901403417,0.1650076356941888,0.4062113190128862,0.000256928461084161,0.01602898814910539,0.25620427860273864,1.0
QR1_matched_ridge,4,571,2023-05-31,2023-04-30,100.0,-3.2992440662773723,-3.2170916287121036,0.00674902299791537,0.08215243756526869,9.987953574776061e-06,0.0031603723791313043,0.012788176116817956,1.0
QR1_matched_ridge,4,571,2023-06-30,2023-05-31,100.0,-3.4043319921867217,-3.2026723656990956,0.04066660495512884,0.20165962648762603,5.512183381733249e-05,0.007424407977565113,0.0714180257270896,0.0
QR1_matched_ridge,4,571,2023-07-31,2023-06-30,100.0,-3.766103134731879,-3.3661111758995643,0.15999356713051227,0.39999195883231486,0.00012953999086863006,0.011381563639001016,0.2493201080990517,0.0
QR1_matched_ridge,4,571,2023-08-31,2023-07-31,100.0,-3.3080680545326713,-3.437991831995763,0.01688018795027903,0.12992377746309192,1.987062480205688e-05,0.004457647900188717,0.03688483620602978,1.0
QR1_matched_ridge,4,571,2023-09-30,2023-08-31,100.0,-3.4377168665741427,-3.2508877893032277,0.03490510411390149,0.1868290772709149,4.358406510720389e-05,0.006601822862452755,0.06187028835593694,0.0
QR1_matched_ridge,4,571,2023-10-31,2023-09-30,100.0,-3.193062653385387,-3.2362199827811815,0.0018625550805771106,0.04315732939579453,3.0059002213867342e-06,0.0017337532181330578,0.0038346406124761673,1.0
QR1_matched_ridge,4,571,2023-11-30,2023-10-31,100.0,-3.314231456188941,-3.1756310681172426,0.019210067573625454,0.1386003880716986,2.9222174794894785e-05,0.005405753859999064,0.03510308927345834,0.0
QR1_matched_ridge,4,571,2023-12-31,2023-11-30,100.0,-3.5682415676821626,-3.3967674602664437,0.0294033695140175,0.1714741074157189,2.7835305829867917e-05,0.005275917534407443,0.052623176077586375,1.0
QR1_matched_ridge,4,571,2024-01-31,2023-12-31,100.0,-3.464679499845587,-3.4422404834875064,0.0005035094551182062,0.022439016358080544,5.039513549019175e-07,0.0007098953126355445,0.0009921220764841504,1.0
QR1_matched_ridge,4,571,2024-02-29,2024-01-31,100.0,-3.3448968495093907,-3.3808913702607555,0.0012956055241204296,0.03599452075136478,1.5543433869116416e-06,0.0012467330856729686,0.0026545260179561964,1.0
QR1_matched_ridge,4,571,2024-03-31,2024-02-29,100.0,-3.578980917498339,-3.467733363661406,0.012376018234701374,0.1112475538369333,1.0781511974202258e-05,0.003283521276648327,0.023014030814163172,1.0
QR1_matched_ridge,4,571,2024-04-30,2024-03-31,100.0,-3.229795427472849,-3.5161975450910923,0.08202617297621413,0.2864021176182434,9.708933494280086e-05,0.009853392052628418,0.2004284120658394,1.0
QR1_matched_ridge,4,571,2024-05-31,2024-04-30,100.0,-3.5511189897853304,-3.260246908817293,0.08460656748667651,0.2908720809680374,9.382645540197117e-05,0.009686405700876418,0.14066682622118082,1.0
QR1_matched_ridge,4,571,2024-06-30,2024-05-31,100.0,-3.974283728374348,-3.480989963430754,0.24333873853222598,0.4932937649435942,0.00014362034304164865,0.011984170519549888,0.3594343812214368,0.0
QR1_matched_ridge,4,571,2024-07-31,2024-06-30,100.0,-3.1722014727576715,-3.667485087911781,0.24530585944012412,0.49528361515410957,0.0002679968119888074,0.016370608174066333,0.7021942248348019,1.0
QR1_matched_ridge,4,571,2024-08-31,2024-07-31,100.0,-2.872824298145019,-3.383553662634762,0.260844483752097,0.5107293644897433,0.0005113179895172188,0.022612341531058185,0.7557843265149926,0.0
QR1_matched_ridge,4,571,2024-09-30,2024-08-31,100.0,-3.260469768692696,-3.1483782054900424,0.01256451854121443,0.11209156320265334,2.0714441027415927e-05,0.004551312011652896,0.02335189846921798,1.0
QR1_matched_ridge,4,571,2024-10-31,2024-09-30,100.0,-3.4205129328690873,-3.213633848893238,0.04279895538668647,0.2068790839758492,5.646875639757679e-05,0.007514569608272771,0.07491898976171624,0.0
QR1_matched_ridge,4,571,2024-11-30,2024-10-31,100.0,-3.343202830242378,-3.3009842851946227,0.0017824055459493573,0.04221854504775546,2.320263083679946e-06,0.001523240980173507,0.0034665597099355627,1.0
QR1_matched_ridge,4,571,2024-12-31,2024-11-30,100.0,-3.197711188525805,-3.4253950301252507,0.05183993172548141,0.22768384159944555,6.920879327230295e-05,0.008319182247811557,0.12138533886181657,0.0
QR1_matched_ridge,4,571,2025-01-31,2024-12-31,100.0,-3.243856524094862,-3.2549394551669266,0.0001228313611481398,0.011082931072064817,1.8489385482381645e-07,0.00042999285438692636,0.0002474879340929638,1.0
QR1_matched_ridge,4,571,2025-02-28,2025-01-31,100.0,-3.336086010210643,-3.2940363778914277,0.0017681715781811885,0.04204963231921521,2.334333105326315e-06,0.0015278524488072515,0.0034392582520007403,1.0
QR1_matched_ridge,4,571,2025-03-31,2025-02-28,100.0,-2.8188957116043185,-3.256154251863774,0.1911950310298297,0.4372585402594553,0.00044670880424245874,0.02113548684659189,0.5232000295133274,1.0
QR1_matched_ridge,4,571,2025-04-30,2025-03-31,100.0,-1.9836117337402832,-3.0334559857810595,1.1021729535430569,1.0498442520407762,0.007996386951263864,0.08942251926256531,5.063938076028389,0.0
QR1_matched_ridge,4,571,2025-05-31,2025-04-30,100.0,-3.0297758721398087,-2.6125136096580075,0.17410779569143156,0.4172622624818012,0.0006261740765187686,0.025023470513075692,0.268605351933633,1.0
QR1_matched_ridge,4,571,2025-06-30,2025-05-31,1e-08,-3.53015126294113,-3.0107235674543373,0.26980513083872,0.5194276954867925,0.0003982236705481045,0.01995554235164017,0.3927148719758884,0.0
QR1_matched_ridge,4,571,2025-07-31,2025-06-30,100.0,-3.950725844114382,-3.3227163785669847,0.39439588881712795,0.6280094655473976,0.0002827115813803654,0.016814029302352408,0.5408044546086738,0.0
QR1_matched_ridge,4,571,2025-08-31,2025-07-31,100.0,-3.3885322185760227,-3.4923239984165577,0.010772733562466089,0.103791779840535,1.1076380749961313e-05,0.003328119701867905,0.02311698980803889,1.0
QR1_matched_ridge,4,571,2025-09-30,2025-08-31,100.0,-3.84430960652608,-3.403724689229838,0.19411506934893635,0.44058491729624194,0.00014037568269495752,0.011848024421605381,0.295467802582866,1.0
QR1_matched_ridge,4,571,2025-10-31,2025-09-30,100.0,-3.200563742469265,-3.5569957846667277,0.12704380070505383,0.3564320421974627,0.00014920235380308405,0.012214841538189681,0.32696104723949526,1.0
QR1_matched_ridge,4,571,2025-11-30,2025-10-31,100.0,-3.187697796475165,-3.29911688636012,0.012414213590791725,0.11141908988495519,1.893130839604143e-05,0.00435101234151794,0.026780164076145807,0.0
QR1_matched_ridge,4,571,2025-12-31,2025-11-30,100.0,-3.6690396499504754,-3.23907539967208,0.1848692565174626,0.42996425027839535,0.0001876673892965112,0.013699174766989113,0.28312083980947667,1.0
QR1_matched_ridge,4,571,2026-01-31,2025-12-31,100.0,-3.5432590006801346,-3.352626122730145,0.036340894155495594,0.1906328779499895,3.688634080961188e-05,0.0060734126164465295,0.06426211108796859,1.0
QR1_matched_ridge,4,571,2026-02-28,2026-01-31,100.0,-3.319270460859548,-3.3802523895878838,0.0037187956314278475,0.060981928728335966,4.581113905852859e-06,0.0021403536870930606,0.007749412874953732,1.0
QR1_matched_ridge,4,571,2026-03-31,2026-02-28,100.0,-2.9305194230637723,-3.3213948283877675,0.15278358248719748,0.3908754053239951,0.0002981447921339673,0.017266869783894453,0.4035441451478927,0.0
QR1_matched_ridge,4,571,2026-04-30,2026-03-31,100.0,-3.2372756219261025,-3.032236332057471,0.0420411103898327,0.2050392898686315,7.986945446679062e-05,0.008936971213268544,0.073676682460184,1.0
QR1_matched_ridge,4,571,2026-05-31,2026-04-30,100.0,-3.511913129771558,-3.3684645871864847,0.020577484369781535,0.1434485425850731,2.1184918663344112e-05,0.004602707753414734,0.03748605676873537,1.0
QR1_matched_ridge,4,571,2026-06-30,2026-05-31,100.0,-3.0167824583115244,-3.4713271997866255,0.20661092200266654,0.45454474147510116,0.00031979209157467043,0.017882731658632873,0.5729720619012797,1.0
QR1_matched_ridge,4,571,2026-07-31,2026-06-30,100.0,-3.371790235714744,-3.2127451919349497,0.025295325950916697,0.15904504377979434,3.5020968588939055e-05,0.005917851686967075,0.04562733096706517,1.0
QR1_matched_ridge,4,571,2026-08-31,2026-07-31,100.0,-3.5077496504538077,-3.2993203563695293,0.04344277063247064,0.20842929408427846,4.8218783658765557e-05,0.006943974629761082,0.07597270805755835,0.0
QR1_matched_ridge,4,120,2020-01-31,2019-12-31,100.0,-3.3942209625474167,-3.5758714987332376,0.03299691729659624,0.18165053618582094,3.10881260406402e-05,0.005575672698485825,0.0747676844707506,1.0
QR1_matched_ridge,4,120,2020-02-29,2020-01-31,100.0,-2.656216692100947,-3.461752982991715,0.6488887159420559,0.805536290890768,0.0015084402827161226,0.038838644192558044,2.397107448956878,0.0
QR1_matched_ridge,4,120,2020-03-31,2020-02-29,100.0,-1.2968785055181968,-2.9858459260272094,2.852610947540868,1.6889674205090126,0.049678641380414335,0.22288705969709038,24.93224354883786,0.0
QR1_matched_ridge,4,120,2020-04-30,2020-03-31,1.0,-2.134827132729708,-1.764623964736491,0.1370503855922142,0.3702031679932172,0.0028075308302102503,0.052986138094885255,0.21732642233651456,1.0
QR1_matched_ridge,4,120,2020-05-31,2020-04-30,0.01,-2.753012874659256,-3.0319150125388994,0.07778640251383553,0.27890213787964324,0.00024063277983592653,0.015512342822279507,0.1890284475787326,1.0
QR1_matched_ridge,4,120,2020-06-30,2020-05-31,0.01,-2.451931103357683,-3.4814047332111775,1.05981595456373,1.0294736298534946,0.0030650551522024465,0.0553629402416675,4.778767128224713,0.0
QR1_matched_ridge,4,120,2020-07-31,2020-06-30,1.0,-3.218790749890995,-3.3686757543939114,0.022465514574839307,0.14988500450291653,3.10047989838532e-05,0.005568195307624653,0.04977837889926334,1.0
QR1_matched_ridge,4,120,2020-08-31,2020-07-31,1.0,-3.605902901033218,-3.237150502295626,0.13597833157472805,0.368752398737592,0.00014671855165396242,0.012112743357883978,0.2158106953430884,1.0
QR1_matched_ridge,4,120,2020-09-30,2020-08-31,1.0,-2.6518079305455564,-3.243985066700591,0.35067376058477856,0.5921771361550348,0.0009932242847027763,0.03151546104220556,1.0842212578431636,1.0
QR1_matched_ridge,4,120,2020-10-31,2020-09-30,1.0,-2.7990558904711156,-2.788064191604686,0.00012081744397026462,0.010991698866429367,4.525625310776161e-07,0.0006727276797320117,0.00023987392459893717,1.0
QR1_matched_ridge,4,120,2020-11-30,2020-10-31,1.0,-3.0039008865838612,-2.8097170443390294,0.03770736458896575,0.19418384224483187,0.00011297132937827465,0.010628797174575995,0.06653063190985464,1.0
QR1_matched_ridge,4,120,2020-12-31,2020-11-30,1.0,-3.651528771176814,-3.113895496690601,0.28904953783476756,0.5376332744862129,0.0003413672241164724,0.018476125787525707,0.41647334383069756,1.0
QR1_matched_ridge,4,120,2021-01-31,2020-12-31,1.0,-3.0833520658531506,-3.2906768133481563,0.04298355092386789,0.20732474749500573,7.356170560431868e-05,0.008576812088667833,0.09919054418264805,1.0
QR1_matched_ridge,4,120,2021-02-28,2021-01-31,1.0,-3.2488415694882113,-3.1698804693337346,0.006234855337605312,0.07896110015447677,1.0172705087271728e-05,0.0031894678376293006,0.011838414110827061,1.0
QR1_matched_ridge,4,120,2021-03-31,2021-02-28,1.0,-3.0053155591944845,-3.3194449981718552,0.09867730443223771,0.3141294389773708,0.00017822843210665935,0.013350222174430632,0.24608539648045802,0.0
QR1_matched_ridge,4,120,2021-04-30,2021-03-31,1.0,-3.42852988588876,-3.3663346661223974,0.0038682453617861212,0.06219521976636244,4.331933939936851e-06,0.0020813298489035445,0.007425441326969914,1.0
QR1_matched_ridge,4,120,2021-05-31,2021-04-30,1.0,-3.25075444008131,-3.391612581522157,0.019841016010169587,0.14085814144084674,2.5914242287065678e-05,0.005090603332323751,0.043686344341652084,1.0
QR1_matched_ridge,4,120,2021-06-30,2021-05-31,1.0,-3.7043212595884913,-3.3381405996318767,0.13408827572626184,0.36618065995661464,0.0001185047851176111,0.01088599031405095,0.21313371117361624,1.0
QR1_matched_ridge,4,120,2021-07-31,2021-06-30,1.0,-3.3961998858730538,-3.4923514079204594,0.00924511519203273,0.09615152204740562,9.431637002901007e-06,0.0030710970357351146,0.019734718108052246,1.0
QR1_matched_ridge,4,120,2021-08-31,2021-07-31,1.0,-3.708249345225621,-3.535656847260155,0.029788170353959403,0.17259249796546605,2.1336989542742127e-05,0.004619197932838787,0.053274343633277654,1.0
QR1_matched_ridge,4,120,2021-09-30,2021-08-31,1.0,-3.2831324409451104,-3.6057009135493825,0.10405041951825306,0.3225684726042721,0.0001069606352059947,0.010342177488614025,0.2611111177278316,1.0
QR1_matched_ridge,4,120,2021-10-31,2021-09-30,1.0,-3.386780947876349,-3.2462246728921524,0.019756066437433044,0.14055627498419643,2.6045794918548102e-05,0.005103508099194916,0.03605591181528642,0.0
QR1_matched_ridge,4,120,2021-11-30,2021-10-31,1.0,-3.3064112261583376,-3.5515303102264904,0.060083365374410135,0.24511908406815275,6.346897513303858e-05,0.00796674181413196,0.14246686383051965,0.0
QR1_matched_ridge,4,120,2021-12-31,2021-11-30,1.0,-2.9961728370061524,-3.376832578759023,0.14490183899136225,0.38065974175287076,0.00025035177020639514,0.01582250834117003,0.3797800194224221,0.0
QR1_matched_ridge,4,120,2022-01-31,2021-12-31,1.0,-2.941546598012492,-3.5129533149188696,0.326505636125725,0.5714067169063775,0.0005278635009375547,0.022975280214560054,0.9927642736565963,0.0
QR1_matched_ridge,4,120,2022-02-28,2022-01-31,1.0,-2.799886911249737,-2.9241142133628015,0.015432422590290637,0.12422730211306465,5.0476641438002346e-05,0.007104691508996175,0.03358801750521062,1.0
QR1_matched_ridge,4,120,2022-03-31,2022-02-28,1.0,-2.6765886403079335,-3.0448065069230448,0.13558439729458385,0.36821786661511124,0.0004490976725280514,0.02119192470088669,0.3520426055347179,0.0
QR1_matched_ridge,4,120,2022-04-30,2022-03-31,100.0,-2.6479040482811675,-3.155006076635745,0.2571524671613267,0.5071020283545775,0.0007930592677538379,0.028161307990820277,0.7429639177159706,0.0
QR1_matched_ridge,4,120,2022-05-31,2022-04-30,100.0,-2.4244039455209907,-2.91247052944745,0.23820899034564375,0.4880665839264595,0.0011689260442675855,0.03418956045736162,0.6780399633703278,0.0
QR1_matched_ridge,4,120,2022-06-30,2022-05-31,100.0,-2.4599056517814564,-2.9839183822594517,0.2745893417030042,0.5240127304779953,0.0012144398676346977,0.034848814436572985,0.803988680447109,1.0
QR1_matched_ridge,4,120,2022-07-31,2022-06-30,100.0,-2.8821019465281603,-2.756943602397095,0.01566461110563017,0.1251583441310653,5.578020416443157e-05,0.007468614608107153,0.028870873316408363,1.0
QR1_matched_ridge,4,120,2022-08-31,2022-07-31,100.0,-2.844606483048602,-3.2013121486872342,0.12723893189869956,0.35670566563863204,0.0003044464908543431,0.017448395079615292,0.3275303937992333,0.0
QR1_matched_ridge,4,120,2022-09-30,2022-08-31,100.0,-2.6463004734576345,-2.978872877512816,0.11060440393904299,0.3325724040551816,0.0004025222553393775,0.020062957292965998,0.2796273116128548,0.0
QR1_matched_ridge,4,120,2022-10-31,2022-09-30,100.0,-2.523493614612676,-2.724609827598159,0.04044773112562211,0.20111621298548288,0.00021337088523415193,0.01460722031168668,0.09292638005983644,0.0
QR1_matched_ridge,4,120,2022-11-30,2022-10-31,100.0,-2.5435772319280385,-3.07006436727289,0.27718870368362775,0.5264871353448513,0.0010346910205908755,0.03216661344610084,0.813188927675764,1.0
QR1_matched_ridge,4,120,2022-12-31,2022-11-30,100.0,-2.95330714551955,-2.9683543654322446,0.0002264188271009975,0.015047219912694754,6.069820006625966e-07,0.000779090495810722,0.0004574146697808937,1.0
QR1_matched_ridge,4,120,2023-01-31,2022-12-31,100.0,-3.0445998097233513,-2.935552666671242,0.01189127940782716,0.10904714305210916,3.0096201054042136e-05,0.0054860004606308715,0.02214391348975317,0.0
QR1_matched_ridge,4,120,2023-02-28,2023-01-31,100.0,-3.1746943824188296,-3.1588825240908216,0.0002500148637849966,0.01581185832800802,4.439533894635625e-07,0.0006662982736459419,0.0004948002042038935,1.0
QR1_matched_ridge,4,120,2023-03-31,2023-02-28,100.0,-2.924024732160048,-3.110106041602722,0.03462625372390031,0.18608130944267431,8.31895190289068e-05,0.009120828856464022,0.0787062819082412,1.0
QR1_matched_ridge,4,120,2023-04-30,2023-03-31,100.0,-3.4424462204163033,-3.1289701022403733,0.09826727666664964,0.31347611817593,0.00013868598542261795,0.011776501408424234,0.16116972739025315,1.0
QR1_matched_ridge,4,120,2023-05-31,2023-04-30,100.0,-3.2992440662773723,-3.27467012013311,0.0006038788291011004,0.024573946144262226,8.432512693877777e-07,0.0009182871388556946,0.0011882121532693288,1.0
QR1_matched_ridge,4,120,2023-06-30,2023-05-31,100.0,-3.4043319921867217,-3.2595971469489062,0.020948175426014386,0.14473484523781543,2.6779135742159133e-05,0.005174856108353075,0.03813017458582796,0.0
QR1_matched_ridge,4,120,2023-07-31,2023-06-30,100.0,-3.766103134731879,-3.413957390194703,0.12400662539564207,0.35214574453717606,9.542618115066209e-05,0.009768632511803384,0.1987502687013264,1.0
QR1_matched_ridge,4,120,2023-08-31,2023-07-31,100.0,-3.3080680545326713,-3.4512069157337306,0.02048873358593613,0.14313886120105934,2.380897393380383e-05,0.00487944401892304,0.04518445838244284,1.0
QR1_matched_ridge,4,120,2023-09-30,2023-08-31,100.0,-3.4377168665741427,-3.2732947157700436,0.02703464367504589,0.16442215080409905,3.298705523455119e-05,0.005743435838812094,0.04859937433889433,0.0
QR1_matched_ridge,4,120,2023-10-31,2023-09-30,100.0,-3.193062653385387,-3.22120218051859,0.0007918329872802804,0.028139527133203224,1.29712677671317e-06,0.0011389147363666738,0.0016137977980682505,1.0
QR1_matched_ridge,4,120,2023-11-30,2023-10-31,100.0,-3.314231456188941,-3.191501349322712,0.015062679131396096,0.12273010686622943,2.2544646746481012e-05,0.004748120338247654,0.02780462347176757,0.0
QR1_matched_ridge,4,120,2023-12-31,2023-11-30,100.0,-3.5682415676821626,-3.441804083637937,0.015986437371433834,0.12643748404422572,1.4451270749427573e-05,0.0038014827040810766,0.029439939245215707,1.0
QR1_matched_ridge,4,120,2024-01-31,2023-12-31,100.0,-3.464679499845587,-3.4441358399036677,0.0004220419638092202,0.020543659941919312,4.216096384949843e-07,0.0006493147453238562,0.0008326413226334567,1.0
QR1_matched_ridge,4,120,2024-02-29,2024-01-31,100.0,-3.3448968495093907,-3.384696258800918,0.001583992979954506,0.039799409291527255,1.8931517445184301e-06,0.0013759185094032386,0.003253741615125788,1.0
QR1_matched_ridge,4,120,2024-03-31,2024-02-29,100.0,-3.578980917498339,-3.4791207575819767,0.009972051538521478,0.09986015991636243,8.587184119549406e-06,0.0029303897555699662,0.018680087688633745,1.0
QR1_matched_ridge,4,120,2024-04-30,2024-03-31,100.0,-3.229795427472849,-3.505537671530482,0.0760337851579392,0.2757422440576329,9.09156453069318e-05,0.009534969601783311,0.18434343399241282,1.0
QR1_matched_ridge,4,120,2024-05-31,2024-04-30,100.0,-3.5511189897853304,-3.2523802731593534,0.08924482081133576,0.29873871662597695,9.97902965979176e-05,0.009989509327185075,0.14767523093764945,1.0
QR1_matched_ridge,4,120,2024-06-30,2024-05-31,100.0,-3.974283728374348,-3.481870871653994,0.24247042146349995,0.49241285672035406,0.00014297154232178737,0.011957070808596367,0.3583300314874245,0.0
QR1_matched_ridge,4,120,2024-07-31,2024-06-30,100.0,-3.1722014727576715,-3.6340723802900365,0.2133247352247705,0.46187090753236504,0.00024033711284937345,0.015502809837231877,0.5949554638983237,1.0
QR1_matched_ridge,4,120,2024-08-31,2024-07-31,100.0,-2.872824298145019,-3.361465366509065,0.23877009369195615,0.48864106836404586,0.00047762448060632406,0.02185462149309212,0.6799423094095052,0.0
QR1_matched_ridge,4,120,2024-09-30,2024-08-31,100.0,-3.260469768692696,-3.1869217770834695,0.005409307069750824,0.07354799160922632,8.575724591141201e-06,0.002928433811978888,0.010307102876889601,1.0
QR1_matched_ridge,4,120,2024-10-31,2024-09-30,100.0,-3.4205129328690873,-3.224941899290397,0.038248029175037175,0.1955710335786902,4.987793903042208e-05,0.007062431523945707,0.06742613861598579,0.0
QR1_matched_ridge,4,120,2024-11-30,2024-10-31,100.0,-3.343202830242378,-3.2830292590510943,0.0036208586699125068,0.06017357119128386,4.799616976417258e-06,0.0021908028155033163,0.006959744860422237,1.0
QR1_matched_ridge,4,120,2024-12-31,2024-11-30,100.0,-3.197711188525805,-3.417702739706227,0.04839628259076824,0.21999155118042202,6.509161595953215e-05,0.008067937528236827,0.11269787928586994,0.0
QR1_matched_ridge,4,120,2025-01-31,2024-12-31,100.0,-3.243856524094862,-3.2328271923387346,0.00012164615898671573,0.011029331756127192,1.8720386199610573e-07,0.00043267061605348905,0.00024151323867658073,1.0
QR1_matched_ridge,4,120,2025-02-28,2025-01-31,100.0,-3.336086010210643,-3.3037782358949963,0.0010437922812307526,0.032307774315646576,1.364568853001423e-06,0.0011681476161005608,0.0020433381370612014,1.0
QR1_matched_ridge,4,120,2025-03-31,2025-02-28,100.0,-2.8188957116043185,-3.2517889291977555,0.1873965378383988,0.432893217593437,0.0004396107148893292,0.020966895690333588,0.5110881737851019,1.0
QR1_matched_ridge,4,120,2025-04-30,2025-03-31,100.0,-1.9836117337402832,-3.056606090997124,1.1513168907050209,1.0729943572568408,0.008194661436768315,0.0905243692978212,5.404502339468042,0.0
QR1_matched_ridge,4,120,2025-05-31,2025-04-30,100.0,-3.0297758721398087,-2.6834705525195965,0.1199273743972573,0.34630531962021216,0.0003999658544024956,0.019999146341844083,0.19287898188220493,1.0
QR1_matched_ridge,4,120,2025-06-30,2025-05-31,100.0,-3.53015126294113,-3.2103203850164563,0.10229179047406738,0.31983087792467346,0.00012195231558811123,0.01104320223432095,0.16713256363744017,1.0
QR1_matched_ridge,4,120,2025-07-31,2025-06-30,100.0,-3.950725844114382,-3.4036846640724754,0.2992540526616419,0.5470411800419068,0.00019627438422544635,0.014009796009415924,0.42892909482411135,0.0
QR1_matched_ridge,4,120,2025-08-31,2025-07-31,100.0,-3.3885322185760227,-3.499138136846085,0.012233669156363695,0.11060591827006228,1.2494595734314682e-05,0.0035347695447249007,0.02637585069250828,1.0
QR1_matched_ridge,4,120,2025-09-30,2025-08-31,100.0,-3.84430960652608,-3.409006062142187,0.18948917575317978,0.43530354438389285,0.00013625626548851552,0.011672885910884057,0.2893043744237245,1.0
QR1_matched_ridge,4,120,2025-10-31,2025-09-30,100.0,-3.200563742469265,-3.5546484714905766,0.12537599532609567,0.3540847290213116,0.00014756922021324356,0.012147807218310783,0.32210190002003136,1.0
QR1_matched_ridge,4,120,2025-11-30,2025-10-31,100.0,-3.187697796475165,-3.2872331875174194,0.009907294069934519,0.0995353910422545,1.5285751122284034e-05,0.003909699620467541,0.021197553895081267,0.0
QR1_matched_ridge,4,120,2025-12-31,2025-11-30,100.0,-3.6690396499504754,-3.244782217998244,0.1799943685667021,0.4242574319522312,0.00018160537647683877,0.013476103905685752,0.2765650367892608,1.0
QR1_matched_ridge,4,120,2026-01-31,2025-12-31,100.0,-3.5432590006801346,-3.3320504908798285,0.044609034612065966,0.21120850980030603,4.6251700660436254e-05,0.006800860288260321,0.07787766205674113,1.0
QR1_matched_ridge,4,120,2026-02-28,2026-01-31,100.0,-3.319270460859548,-3.3487620829064926,0.0008697557709598392,0.029491622046944777,1.1054498813531552e-06,0.001051403767043449,0.0017742225448423299,1.0
QR1_matched_ridge,4,120,2026-03-31,2026-02-28,100.0,-2.9305194230637723,-3.3095125870721773,0.14363581836510175,0.378993164008405,0.0002834284421658744,0.016835333146863307,0.37598843787527314,1.0
QR1_matched_ridge,4,120,2026-04-30,2026-03-31,100.0,-3.2372756219261025,-3.0556104334742713,0.03300224069523935,0.18166518845183122,6.120287180690445e-05,0.007823226432035854,0.05868704266769481,1.0
QR1_matched_ridge,4,120,2026-05-31,2026-04-30,100.0,-3.511913129771558,-3.4318743774960554,0.006406201865819239,0.08003875227550239,6.182780912239012e-06,0.0024865198395023942,0.01215525105478954,1.0
QR1_matched_ridge,4,120,2026-06-30,2026-05-31,100.0,-3.0167824583115244,-3.4885363311898043,0.22255171657565634,0.47175387287827997,0.00033903647592221323,0.018412943162955053,0.6254692043252681,1.0
QR1_matched_ridge,4,120,2026-07-31,2026-06-30,100.0,-3.371790235714744,-3.216760347601685,0.024034266208347577,0.15502988811305896,3.313823398150704e-05,0.005756581796648688,0.04346289106965562,1.0
QR1_matched_ridge,4,120,2026-08-31,2026-07-31,100.0,-3.5077496504538077,-3.2924170430478474,0.04636813181224942,0.21533260740596027,5.183489200736335e-05,0.007199645269550671,0.08074172514686134,0.0
QR2_matched_ridge,0,571,2020-01-31,2019-12-31,1.0,-3.3942209625474167,-3.586169530579806,0.03684425276968472,0.19194856803238913,3.436827298096634e-05,0.005862445989599081,0.08409729416655104,1.0
QR2_matched_ridge,0,571,2020-02-29,2020-01-31,1.0,-2.656216692100947,-3.4886348022179274,0.6929199100507255,0.8324181101169805,0.0015737738249944821,0.039670818305077626,2.61997141408568,0.0
QR2_matched_ridge,0,571,2020-03-31,2020-02-29,1.0,-1.2968785055181968,-2.8560398628654635,2.430984138244971,1.5591613573472667,0.0466075536634776,0.21588782657546396,18.490104326251984,0.0
QR2_matched_ridge,0,571,2020-04-30,2020-03-31,1.0,-2.134827132729708,-2.284143795832099,0.022295465880032936,0.149316663102391,0.00026908445645990205,0.01640379396541855,0.04938192476886116,1.0
QR2_matched_ridge,0,571,2020-05-31,2020-04-30,1.0,-2.753012874659256,-2.682822007599753,0.004926757818564832,0.07019086705950306,2.1477633073046982e-05,0.004634396732374882,0.009408169151510715,1.0
QR2_matched_ridge,0,571,2020-06-30,2020-05-31,1.0,-2.451931103357683,-2.791422872035179,0.11525466099977451,0.3394917686774961,0.0006147039527948425,0.024793223929026303,0.29288884125101533,0.0
QR2_matched_ridge,0,571,2020-07-31,2020-06-30,1.0,-3.218790749890995,-2.702184463549853,0.2668820550871858,0.5166062863411418,0.0007319980150852974,0.027055461834633268,0.389074462738466,1.0
QR2_matched_ridge,0,571,2020-08-31,2020-07-31,1.0,-3.605902901033218,-3.1356153675978153,0.22117036410475516,0.47028753343540286,0.00026601888592027873,0.016310085405057777,0.33097832968070284,0.0
QR2_matched_ridge,0,571,2020-09-30,2020-08-31,1.0,-2.6518079305455564,-3.2612851575670083,0.3714624902577584,0.6094772270214519,0.0010358421306847676,0.03218450140494284,1.1646936698723747,1.0
QR2_matched_ridge,0,571,2020-10-31,2020-09-30,1.0,-2.7990558904711156,-2.823184151733897,0.0005821729915650344,0.024128261262781336,2.1055487287551643e-06,0.0014510509049496384,0.0011833032278210018,1.0
QR2_matched_ridge,0,571,2020-11-30,2020-10-31,1.0,-3.0039008865838612,-2.7397601130859615,0.06977034822406879,0.2641407734978998,0.0002247782155071222,0.01499260536088115,0.11789887624963113,0.0
QR2_matched_ridge,0,571,2020-12-31,2020-11-30,1.0,-3.651528771176814,-3.0215668011507777,0.3968520836790845,0.6299619700260362,0.0005186273731038892,0.022773391778650127,0.5435995420828342,1.0
QR2_matched_ridge,0,571,2021-01-31,2020-12-31,1.0,-3.0833520658531506,-3.2615067238982567,0.03173908218316869,0.1781546580451061,5.587346114313353e-05,0.007474855259008935,0.07173988246006774,1.0
QR2_matched_ridge,0,571,2021-02-28,2021-01-31,1.0,-3.2488415694882113,-3.032428278832767,0.04683471237231784,0.21641329065544435,8.797137228226598e-05,0.009379305533048062,0.08149955537914438,0.0
QR2_matched_ridge,0,571,2021-03-31,2021-02-28,100.0,-3.0053155591944845,-3.192878445796664,0.03517983643054203,0.18756288660217946,7.173402328400924e-05,0.00846959404481757,0.08004865185503723,1.0
QR2_matched_ridge,0,571,2021-04-30,2021-03-31,100.0,-3.42852988588876,-3.1669133961658895,0.06844318769491671,0.2616164897228703,9.406785379600416e-05,0.009698858375912299,0.11583455836946571,1.0
QR2_matched_ridge,0,571,2021-05-31,2021-04-30,1.0,-3.25075444008131,-3.3322924129278726,0.006648441015926746,0.08153797284656239,9.204061237613108e-06,0.0030338195789488057,0.014050138257085537,1.0
QR2_matched_ridge,0,571,2021-06-30,2021-05-31,100.0,-3.7043212595884913,-3.2206430420135326,0.23394461815648915,0.48367821757495877,0.00023447123345871464,0.015312453541438571,0.34744292961470935,0.0
QR2_matched_ridge,0,571,2021-07-31,2021-06-30,1.0,-3.3961998858730538,-3.4375177687083047,0.0017071674419875252,0.04131788283525095,1.838620232554168e-06,0.001355957312216785,0.003510359115807299,1.0
QR2_matched_ridge,0,571,2021-08-31,2021-07-31,1.0,-3.708249345225621,-3.439654494804016,0.07214319367300431,0.2685948504216049,5.708336290636238e-05,0.007555353261520098,0.12157795350581768,1.0
QR2_matched_ridge,0,571,2021-09-30,2021-08-31,1.0,-3.2831324409451104,-3.525437740875596,0.05871185837440267,0.24230529993048577,6.515161443097728e-05,0.008071654999501483,0.13893207813185826,1.0
QR2_matched_ridge,0,571,2021-10-31,2021-09-30,1.0,-3.386780947876349,-3.256967983408928,0.01685140574381987,0.12981296446742085,2.1973661126903505e-05,0.0046876071856442394,0.030965996779429794,0.0
QR2_matched_ridge,0,571,2021-11-30,2021-10-31,1.0,-3.3064112261583376,-3.482217024891982,0.030907678868374734,0.17580579873364455,3.4907673107928034e-05,0.005908271583799109,0.0697447606175996,0.0
QR2_matched_ridge,0,571,2021-12-31,2021-11-30,1.0,-2.9961728370061524,-3.3661807275461832,0.13690583906188342,0.3700078905400308,0.00023891095991384877,0.015456744803284059,0.35595280980145105,0.0
QR2_matched_ridge,0,571,2022-01-31,2021-12-31,1.0,-2.941546598012492,-3.2602965290073467,0.1016015185092245,0.3187499309948545,0.0002075620371163011,0.014407013469706381,0.25424547560371813,0.0
QR2_matched_ridge,0,571,2022-02-28,2022-01-31,1.0,-2.799886911249737,-2.951811993887881,0.023081230734606942,0.1519250826381442,7.347896720972475e-05,0.0085719873547343,0.05121583966124571,0.0
QR2_matched_ridge,0,571,2022-03-31,2022-02-28,1.0,-2.6765886403079335,-2.9222000281654754,0.06032495384530787,0.24561138785754189,0.0002244688650167589,0.01498228503989825,0.14309062167458164,0.0
QR2_matched_ridge,0,571,2022-04-30,2022-03-31,1.0,-2.6479040482811675,-3.0407926106293615,0.15436142242403067,0.3928885623481939,0.0005291131574105978,0.023002459812172214,0.4083342518087907,0.0
QR2_matched_ridge,0,571,2022-05-31,2022-04-30,100.0,-2.4244039455209907,-2.7074374099426803,0.08010794198254385,0.28303346442168964,0.0004762581954395213,0.021823340611361985,0.19525906124487857,0.0
QR2_matched_ridge,0,571,2022-06-30,2022-05-31,1.0,-2.4599056517814564,-2.8225577813709206,0.13151656709577356,0.36265212958946424,0.0006754454522242859,0.025989333431703975,0.34005514975628026,1.0
QR2_matched_ridge,0,571,2022-07-31,2022-06-30,100.0,-2.8821019465281603,-2.536371622509608,0.11952945694597332,0.3457303240185525,0.000535282924368974,0.023136182147644284,0.19230462579644475,1.0
QR2_matched_ridge,0,571,2022-08-31,2022-07-31,100.0,-2.844606483048602,-3.0195307508821436,0.030598499477100534,0.17492426783354142,8.710534438815557e-05,0.009333024396633471,0.06900409108347,0.0
QR2_matched_ridge,0,571,2022-09-30,2022-08-31,100.0,-2.6463004734576345,-2.798657168934014,0.02321256265648218,0.1523566954763793,0.00010042641484285109,0.010021298061770795,0.05152284676837521,1.0
QR2_matched_ridge,0,571,2022-10-31,2022-09-30,100.0,-2.523493614612676,-2.5339857094651426,0.00011008405439315389,0.010492094852466494,7.003143694249262e-07,0.000836847877110844,0.0002217162382647693,1.0
QR2_matched_ridge,0,571,2022-11-30,2022-10-31,100.0,-2.5435772319280385,-2.925977430504677,0.14622991187145243,0.3824001985766383,0.0006236265735623811,0.024972516364242935,0.3837650749136827,1.0
QR2_matched_ridge,0,571,2022-12-31,2022-11-30,100.0,-2.95330714551955,-2.808155878962194,0.021068890183204615,0.145151266557356,6.640984016613039e-05,0.008149223286064163,0.038339760424991653,1.0
QR2_matched_ridge,0,571,2023-01-31,2022-12-31,100.0,-3.0445998097233513,-2.7508806971766826,0.08627091707520264,0.2937191125466687,0.0002642647382383413,0.016256221524030154,0.14318739204943914,0.0
QR2_matched_ridge,0,571,2023-02-28,2023-01-31,100.0,-3.1746943824188296,-3.0410120686350575,0.017870961018582918,0.13368231378377216,3.5755888147436325e-05,0.005979622742902459,0.032758564416516395,0.0
QR2_matched_ridge,0,571,2023-03-31,2023-02-28,100.0,-2.924024732160048,-3.02358752623329,0.009912749963670787,0.09956279407324198,2.5914193197648278e-05,0.005090598510749819,0.021209627767850264,1.0
QR2_matched_ridge,0,571,2023-04-30,2023-03-31,100.0,-3.4424462204163033,-3.0480305431087324,0.15556372650598987,0.3944156773075709,0.00023919541636263346,0.015465943759196639,0.24320684355889655,1.0
QR2_matched_ridge,0,571,2023-05-31,2023-04-30,100.0,-3.2992440662773723,-3.230614492615586,0.004710018380998528,0.06862957366178613,6.875614468427212e-06,0.002622139292338836,0.00900343398241421,1.0
QR2_matched_ridge,0,571,2023-06-30,2023-05-31,100.0,-3.4043319921867217,-3.2001136315355367,0.04170513882705744,0.20421836065118493,5.667925274072221e-05,0.007528562461766669,0.07312525308774676,0.0
QR2_matched_ridge,0,571,2023-07-31,2023-06-30,100.0,-3.766103134731879,-3.3605160405036365,0.1645008910045094,0.4055870942282427,0.00013398686259858273,0.011575269439567389,0.2555102140203299,0.0
QR2_matched_ridge,0,571,2023-08-31,2023-07-31,100.0,-3.3080680545326713,-3.4325193651811388,0.015488128722121356,0.12445131064846748,1.8329874437243145e-05,0.004281340261792228,0.033714506099004005,1.0
QR2_matched_ridge,0,571,2023-09-30,2023-08-31,100.0,-3.4377168665741427,-3.238314372898536,0.03976135448405037,0.1994024936756067,5.02963161185915e-05,0.007091989574061111,0.06992655313833662,0.0
QR2_matched_ridge,0,571,2023-10-31,2023-09-30,100.0,-3.193062653385387,-3.239093763882127,0.0021188631335630793,0.04603111049673991,3.409805043332551e-06,0.0018465657430301666,0.004370820118089272,1.0
QR2_matched_ridge,0,571,2023-11-30,2023-10-31,100.0,-3.314231456188941,-3.2156001637514766,0.009728131847884663,0.0986312924374646,1.4207303303794316e-05,0.0037692576595125885,0.0182376142562502,1.0
QR2_matched_ridge,0,571,2023-12-31,2023-11-30,100.0,-3.5682415676821626,-3.3816895502391278,0.03480165521206638,0.18655201744303485,3.3461261868493575e-05,0.005784571018536602,0.06169762624765779,1.0
QR2_matched_ridge,0,571,2024-01-31,2023-12-31,100.0,-3.464679499845587,-3.438648320883525,0.0006776222781549095,0.026031178962062196,6.806675088089732e-07,0.0008250257625122825,0.0013320284352656558,1.0
QR2_matched_ridge,0,571,2024-02-29,2024-01-31,100.0,-3.3448968495093907,-3.3594898677951965,0.00021295618268986352,0.014593018285805837,2.609875584651844e-07,0.0005108694142980028,0.0004300863409025732,1.0
QR2_matched_ridge,0,571,2024-03-31,2024-02-29,100.0,-3.578980917498339,-3.4629534566583295,0.013462371668979959,0.11602746084000959,1.1785160475888262e-05,0.0034329521517038747,0.024957496249342015,1.0
QR2_matched_ridge,0,571,2024-04-30,2024-03-31,100.0,-3.229795427472849,-3.5013153233664984,0.07372305386609829,0.27151989589364955,8.85086159955435e-05,0.00940790178496478,0.17819131024205537,1.0
QR2_matched_ridge,0,571,2024-05-31,2024-04-30,100.0,-3.5511189897853304,-3.2366379208845153,0.0988983426969992,0.31448106890081506,0.00011242941430863628,0.010603273754300428,0.16210698264795864,1.0
QR2_matched_ridge,0,571,2024-06-30,2024-05-31,100.0,-3.974283728374348,-3.4903133039432634,0.2342273717240043,0.48397042443108473,0.00013685631146783577,0.01169856023055127,0.34780528046236603,0.0
QR2_matched_ridge,0,571,2024-07-31,2024-06-30,100.0,-3.1722014727576715,-3.6176793718749742,0.19845055860196575,0.44547789911730273,0.0002269942556683292,0.015066328539771367,0.5465024583381417,1.0
QR2_matched_ridge,0,571,2024-08-31,2024-07-31,100.0,-2.872824298145019,-3.372208923976965,0.24938500451731258,0.49938462583194587,0.0004939622150176429,0.02222526074127462,0.7161691138604662,0.0
QR2_matched_ridge,0,571,2024-09-30,2024-08-31,100.0,-3.260469768692696,-3.155160963071539,0.011089944541354597,0.10530880562115685,1.8157567653927233e-05,0.004261169751831911,0.020701385833630737,1.0
QR2_matched_ridge,0,571,2024-10-31,2024-09-30,100.0,-3.4205129328690873,-3.2542721582120278,0.027635995158579254,0.16624077465705955,3.496654519465311e-05,0.005913251660013559,0.04962344981597616,0.0
QR2_matched_ridge,0,571,2024-11-30,2024-10-31,1e-08,-3.343202830242378,-3.324571803028256,0.00034711517505335945,0.01863102721412213,4.4127409515819506e-07,0.0006642846491965587,0.0006856872647819506,1.0
QR2_matched_ridge,0,571,2024-12-31,2024-11-30,1e-08,-3.197711188525805,-3.458739598093665,0.0681358306015263,0.26102840956785966,8.810087628994878e-05,0.009386206703985843,0.16343401757361442,0.0
QR2_matched_ridge,0,571,2025-01-31,2024-12-31,1e-08,-3.243856524094862,-3.267421780872106,0.0005553213269774638,0.023565256777244414,8.25566786439403e-07,0.0009086070583257666,0.0011282985812421376,1.0
QR2_matched_ridge,0,571,2025-02-28,2025-01-31,1e-08,-3.336086010210643,-3.304047859530097,0.0010264430990293593,0.03203815068054583,1.3415242524860695e-06,0.0011582418799568894,0.002009732564061305,1.0
QR2_matched_ridge,0,571,2025-03-31,2025-02-28,1e-08,-2.8188957116043185,-3.304164130632115,0.23548543850573708,0.4852684190277965,0.0005263308127331679,0.022941900809069153,0.6688241504622428,1.0
QR2_matched_ridge,0,571,2025-04-30,2025-03-31,1e-08,-1.9836117337402832,-2.9841317608252416,1.001040324598086,1.0005200270849584,0.007566923357522235,0.08698806445439647,4.395705061171856,0.0
QR2_matched_ridge,0,571,2025-05-31,2025-04-30,1e-08,-3.0297758721398087,-2.9630056457351177,0.004458263134133694,0.06677022640469099,1.1135125012221797e-05,0.003336933474347638,0.008532525183542972,1.0
QR2_matched_ridge,0,571,2025-06-30,2025-05-31,1e-08,-3.53015126294113,-3.16077854625025,0.13643620383560096,0.3693727166908798,0.00017140675028290374,0.01309224007887511,0.21645829572509057,1.0
QR2_matched_ridge,0,571,2025-07-31,2025-06-30,1e-08,-3.950725844114382,-3.1788890234165716,0.5957320777849042,0.7718368206978106,0.0005013636229213726,0.022391150549298994,0.7572686283693497,0.0
QR2_matched_ridge,0,571,2025-08-31,2025-07-31,1e-08,-3.3885322185760227,-3.3832545413558295,2.7853876840546574e-05,0.005277677220193233,3.19107518381225e-08,0.00017863580782732924,5.551226478835332e-05,1.0
QR2_matched_ridge,0,571,2025-09-30,2025-08-31,1e-08,-3.84430960652608,-3.4245913267092902,0.17616343441236504,0.4197182798167898,0.00012457716332982225,0.011161414038096708,0.27139039473754045,1.0
QR2_matched_ridge,0,571,2025-10-31,2025-09-30,1e-08,-3.200563742469265,-3.545313751386277,0.1188525686482798,0.3447500089170119,0.00014112643359200528,0.011879664708736744,0.3032189423535452,1.0
QR2_matched_ridge,0,571,2025-11-30,2025-10-31,1e-08,-3.187697796475165,-3.3835688172291,0.038365456771188404,0.19587102075393492,5.388446711143897e-05,0.007340604001813404,0.08781395662914454,0.0
QR2_matched_ridge,0,571,2025-12-31,2025-11-30,1e-08,-3.6690396499504754,-3.2351650104984904,0.18824720275958998,0.433874639451985,0.00019189903168409395,0.013852762601159883,0.2876448331892342,1.0
QR2_matched_ridge,0,571,2026-01-31,2025-12-31,1e-08,-3.5432590006801346,-3.4186257976894643,0.01553343528771362,0.12463320299067027,1.473402701925875e-05,0.0038384928056802124,0.02863872225997366,1.0
QR2_matched_ridge,0,571,2026-02-28,2026-01-31,1e-08,-3.319270460859548,-3.5027229992846856,0.03365483385462664,0.18345253842513776,3.677147096180034e-05,0.0060639484629901284,0.0763558368907079,1.0
QR2_matched_ridge,0,571,2026-03-31,2026-02-28,1e-08,-2.9305194230637723,-3.3955693034854257,0.21627139128019413,0.4650498804216534,0.0003939369448717155,0.01984784484199016,0.6046622741598993,0.0
QR2_matched_ridge,0,571,2026-04-30,2026-03-31,1e-08,-3.2372756219261025,-3.063246007046817,0.0302863068550325,0.1740296148792857,5.572631982630552e-05,0.007465006351390836,0.05411628514552108,1.0
QR2_matched_ridge,0,571,2026-05-31,2026-04-30,1e-08,-3.511913129771558,-3.4066869558101005,0.01107254768656687,0.10522617396145728,1.0963227127794266e-05,0.0033110764303764216,0.020670010710911124,1.0
QR2_matched_ridge,0,571,2026-06-30,2026-05-31,1e-08,-3.0167824583115244,-3.375675248124251,0.12880403457956208,0.35889278981272676,0.00021796007024134484,0.01476347080605861,0.33210328566110614,1.0
QR2_matched_ridge,0,571,2026-07-31,2026-06-30,1e-08,-3.371790235714744,-3.0842913083505934,0.08265563323553715,0.2874989273641506,0.00013074383435127492,0.011434327017856141,0.1377039306913816,1.0
QR2_matched_ridge,0,571,2026-08-31,2026-07-31,1e-08,-3.5077496504538077,-3.303971170501458,0.04152566889169017,0.20377847995234966,4.586973343484538e-05,0.006772719795978967,0.07283051630511866,0.0
QR2_raw_input_ridge,0,571,2020-01-31,2019-12-31,1e-08,-3.3942209625474167,-3.5425471864103297,0.022000668685430998,0.14832622386291305,2.1410747824846407e-05,0.0046271749291383404,0.048695191827167805,1.0
QR2_raw_input_ridge,0,571,2020-02-29,2020-01-31,1e-08,-2.656216692100947,-3.5350310517265484,0.772314678684156,0.8788143596256015,0.0016855546601011872,0.04105550706179607,3.0410420829327665,0.0
QR2_raw_input_ridge,0,571,2020-03-31,2020-02-29,1e-08,-1.2968785055181968,-2.842150940655163,2.3878668987941287,1.545272435136966,0.04626099704235038,0.21508369776054712,17.898511024896145,0.0
QR2_raw_input_ridge,0,571,2020-04-30,2020-03-31,1e-08,-2.134827132729708,-2.1317418323009782,9.519078735520892e-06,0.003085300428729898,1.3355123404692973e-07,0.0003654466227056008,1.899905884820193e-05,1.0
QR2_raw_input_ridge,0,571,2020-05-31,2020-04-30,1e-08,-2.753012874659256,-2.665301827351032,0.007693227819905526,0.0877110473082241,3.413837356778088e-05,0.005842805282377711,0.014524859866382633,1.0
QR2_raw_input_ridge,0,571,2020-06-30,2020-05-31,1e-08,-2.451931103357683,-2.7809063662724762,0.10822472360985737,0.3289752629147933,0.0005829714743020675,0.024144802221224913,0.27288056228050284,0.0
QR2_raw_input_ridge,0,571,2020-07-31,2020-06-30,1e-08,-3.218790749890995,-2.934789830252389,0.08065652235557393,0.28400091963860596,0.00017261975671862493,0.01313848380592772,0.13465841841994508,1.0
QR2_raw_input_ridge,0,571,2020-08-31,2020-07-31,1e-08,-3.605902901033218,-3.101972279924798,0.2539460708907182,0.5039306211084202,0.0003167521451818306,0.017797531996932344,0.372860031580572,0.0
QR2_raw_input_ridge,0,571,2020-09-30,2020-08-31,1e-08,-2.6518079305455564,-3.3279394778036453,0.4571538691976173,0.6761315472580889,0.0012010842472365425,0.03465666237877708,1.5139020402908883,1.0
QR2_raw_input_ridge,0,571,2020-10-31,2020-09-30,1e-08,-2.7990558904711156,-2.901431097108131,0.010480682933971598,0.10237520663701538,3.5081553380302036e-05,0.005922968291347003,0.022468315957393986,1.0
QR2_raw_input_ridge,0,571,2020-11-30,2020-10-31,1e-08,-3.0039008865838612,-2.7252817463385886,0.07762862531101493,0.2786191402452727,0.00025390844784710365,0.015934504945152944,0.130027043894466,0.0
QR2_raw_input_ridge,0,571,2020-12-31,2020-11-30,1e-08,-3.651528771176814,-3.0706238571434987,0.33745051914805324,0.5809049140333151,0.0004178254491016123,0.020440779072765605,0.474729165959473,1.0
QR2_raw_input_ridge,0,571,2021-01-31,2020-12-31,1e-08,-3.0833520658531506,-3.3865412964099297,0.09192370952561178,0.30318923055677915,0.0001435201373197784,0.011979989036713615,0.22739979836254587,1.0
QR2_raw_input_ridge,0,571,2021-02-28,2021-01-31,1e-08,-3.2488415694882113,-3.0959466981570314,0.023376841679378077,0.15289487133117996,4.112682407929217e-05,0.006413019887642028,0.04233120908682586,1.0
QR2_raw_input_ridge,0,571,2021-03-31,2021-02-28,1e-08,-3.0053155591944845,-3.263969834262081,0.06690203401074395,0.25865427506759664,0.00012739230238740352,0.01128681985270446,0.16019809323339174,0.0
QR2_raw_input_ridge,0,571,2021-04-30,2021-03-31,0.01,-3.42852988588876,-3.1687410776917253,0.0674902248644356,0.25978880819703454,9.25813864894249e-05,0.009621922182673527,0.11434933313816709,1.0
QR2_raw_input_ridge,0,571,2021-05-31,2021-04-30,0.01,-3.25075444008131,-3.337446259226005,0.007515471506616475,0.08669181914469481,1.0351636188363608e-05,0.0032173958706325848,0.015938648852367426,1.0
QR2_raw_input_ridge,0,571,2021-06-30,2021-05-31,0.01,-3.7043212595884913,-3.2068167315908855,0.24751075537812053,0.4975045279976058,0.0002518049663557167,0.015868363694966053,0.3647291523406878,0.0
QR2_raw_input_ridge,0,571,2021-07-31,2021-06-30,0.01,-3.3961998858730538,-3.5062619051793416,0.012113648093777666,0.11006201930628778,1.2190239801801946e-05,0.0034914523914557315,0.026107263189831365,1.0
QR2_raw_input_ridge,0,571,2021-08-31,2021-07-31,0.01,-3.708249345225621,-3.3955824447205805,0.09776059067142885,0.3126669005050404,8.10110135974848e-05,0.009000611845729423,0.16041658854050406,0.0
QR2_raw_input_ridge,0,571,2021-09-30,2021-08-31,1.0,-3.2831324409451104,-3.5099082690712278,0.05142727622228634,0.2267758281261174,5.792604076901997e-05,0.0076109158955424,0.12034053828836178,1.0
QR2_raw_input_ridge,0,571,2021-10-31,2021-09-30,1.0,-3.386780947876349,-3.245770396235664,0.019883975674010224,0.14101055164068477,2.622661731728232e-05,0.005121192958411382,0.036278870332620256,0.0
QR2_raw_input_ridge,0,571,2021-11-30,2021-10-31,1.0,-3.3064112261583376,-3.4915445969837853,0.03427436499319272,0.18513337082544767,3.836143031839793e-05,0.006193660494279447,0.07785409564214368,0.0
QR2_raw_input_ridge,0,571,2021-12-31,2021-11-30,1.0,-2.9961728370061524,-3.3228865780263392,0.10674186857140569,0.3267137410201868,0.0001940268588649805,0.01392935242087659,0.2686900931638635,0.0
QR2_raw_input_ridge,0,571,2022-01-31,2021-12-31,1.0,-2.941546598012492,-3.3288763189588577,0.1500243127283894,0.38732972094636553,0.00028732562685333975,0.016950682194334828,0.395193598402384,0.0
QR2_raw_input_ridge,0,571,2022-02-28,2022-01-31,1.0,-2.799886911249737,-2.8950634764912104,0.009058578571164471,0.09517656524147355,3.048613325822622e-05,0.0055214249300543985,0.01932356547500494,1.0
QR2_raw_input_ridge,0,571,2022-03-31,2022-02-28,1.0,-2.6765886403079335,-2.9078229336616577,0.05346929842279615,0.23123429335372414,0.0002017249476243999,0.014202990798574781,0.1255206528544256,0.0
QR2_raw_input_ridge,0,571,2022-04-30,2022-03-31,100.0,-2.6479040482811675,-3.0081038426104536,0.12974389183486,0.36019979432928606,0.0004585687187111069,0.021414217676840472,0.3348547142347327,0.0
QR2_raw_input_ridge,0,571,2022-05-31,2022-04-30,100.0,-2.4244039455209907,-2.7459234832635975,0.10337481315021954,0.3215195377426068,0.0005925269486230867,0.024341876440058738,0.2592141191765083,0.0
QR2_raw_input_ridge,0,571,2022-06-30,2022-05-31,100.0,-2.4599056517814564,-2.8184500159939407,0.12855406110853465,0.35854436421248437,0.000662784912079299,0.025744609379038927,0.3313721669440166,1.0
QR2_raw_input_ridge,0,571,2022-07-31,2022-06-30,1.0,-2.8821019465281603,-2.5306569697216097,0.1235135717225569,0.3514449768065506,0.0005564791086780888,0.023589809424369855,0.19804222061390453,1.0
QR2_raw_input_ridge,0,571,2022-08-31,2022-07-31,100.0,-2.844606483048602,-3.0096992285313897,0.02725561461104446,0.16509274548278752,7.833385567301168e-05,0.008850641540194229,0.06104067345036718,0.0
QR2_raw_input_ridge,0,571,2022-09-30,2022-08-31,100.0,-2.6463004734576345,-2.830097812996686,0.03378146202163331,0.1837973395390513,0.00014175263243811117,0.011905991451286665,0.0766618538554833,1.0
QR2_raw_input_ridge,0,571,2022-10-31,2022-09-30,100.0,-2.523493614612676,-2.6191137052523263,0.009143201733934932,0.09562009063965027,5.345929150367755e-05,0.007311586114084792,0.01951003541845231,1.0
QR2_raw_input_ridge,0,571,2022-11-30,2022-10-31,100.0,-2.5435772319280385,-2.9302467911456764,0.14951334802556238,0.3866695592176379,0.0006350862953409642,0.025200918541612015,0.3936509044619356,1.0
QR2_raw_input_ridge,0,571,2022-12-31,2022-11-30,100.0,-2.95330714551955,-2.8153435224721286,0.01903396128437095,0.13796362304742127,5.955589852531524e-05,0.007717246822884133,0.034795385468377515,1.0
QR2_raw_input_ridge,0,571,2023-01-31,2022-12-31,100.0,-3.0445998097233513,-2.755147529956186,0.0837826222624093,0.28945227976716525,0.0002554969751690313,0.015984272744452008,0.1394165974859985,0.0
QR2_raw_input_ridge,0,571,2023-02-28,2023-01-31,1.0,-3.1746943824188296,-3.0394386319840985,0.018294118025662276,0.13525575043473115,3.666146234069327e-05,0.006054870959871339,0.033500625776894916,0.0
QR2_raw_input_ridge,0,571,2023-03-31,2023-02-28,1.0,-2.924024732160048,-3.0223390298098587,0.009665701122375596,0.09831429764981081,2.52993974608744e-05,0.0050298506400165005,0.02066325352400411,1.0
QR2_raw_input_ridge,0,571,2023-04-30,2023-03-31,1.0,-3.4424462204163033,-3.0126339910856217,0.18473855248221047,0.42981222933068164,0.0002950037038196024,0.01717567185933646,0.2829454856772503,1.0
QR2_raw_input_ridge,0,571,2023-05-31,2023-04-30,1.0,-3.2992440662773723,-3.1975740400345427,0.010336794236217662,0.10167002624282961,1.5603703404860318e-05,0.0039501523267920086,0.019340763656383708,1.0
QR2_raw_input_ridge,0,571,2023-06-30,2023-05-31,1.0,-3.4043319921867217,-3.263632057043494,0.019796471749308528,0.14069993514322787,2.520253011852214e-05,0.005020212158716217,0.036126352724926314,0.0
QR2_raw_input_ridge,0,571,2023-07-31,2023-06-30,1.0,-3.766103134731879,-3.3728469092147453,0.15465045890798287,0.3932562255171339,0.00012431810848202173,0.011149803069203587,0.24194281553104457,0.0
QR2_raw_input_ridge,0,571,2023-08-31,2023-07-31,1e-08,-3.3080680545326713,-3.3482939944863377,0.0016181262451559757,0.04022593995366641,2.0808925516208316e-06,0.0014425299135965367,0.003324814045188376,1.0
QR2_raw_input_ridge,0,571,2023-09-30,2023-08-31,1e-08,-3.4377168665741427,-3.273829817139532,0.026858964972382472,0.16388704943461052,3.2754684754091454e-05,0.00572317086535877,0.04829986777716749,0.0
QR2_raw_input_ridge,0,571,2023-10-31,2023-09-30,1e-08,-3.193062653385387,-3.192064995417891,9.953214201081646e-07,0.0009976579674959574,1.6785631412899091e-09,4.0970271432953786e-05,1.9893195132695586e-06,1.0
QR2_raw_input_ridge,0,571,2023-11-30,2023-10-31,1e-08,-3.314231456188941,-3.219596984821341,0.008955683171025136,0.09463447136760017,1.3026183030005784e-05,0.0036091803820266152,0.0168328521969576,1.0
QR2_raw_input_ridge,0,571,2023-12-31,2023-11-30,1e-08,-3.5682415676821626,-3.430320125437621,0.019022324230814368,0.1379214422445414,1.7398635390269992e-05,0.004171167149644089,0.03477504589787811,1.0
QR2_raw_input_ridge,0,571,2024-01-31,2023-12-31,1e-08,-3.464679499845587,-3.3726376982074817,0.008471693248788319,0.09204180163810527,9.096360655167164e-06,0.0030160173499446524,0.01594985745141539,1.0
QR2_raw_input_ridge,0,571,2024-02-29,2024-01-31,1e-08,-3.3448968495093907,-3.382854251570615,0.0014407643712374373,0.03795740206122433,1.7251224375837581e-06,0.0013134391640208382,0.002955850787110928,1.0
QR2_raw_input_ridge,0,571,2024-03-31,2024-02-29,1e-08,-3.578980917498339,-3.4076091266402697,0.029368290701901886,0.17137179085806942,2.7208448684286683e-05,0.005216171841905391,0.052563780820187755,1.0
QR2_raw_input_ridge,0,571,2024-04-30,2024-03-31,1e-08,-3.229795427472849,-3.418734028031494,0.035697794781059326,0.1889386005586453,4.639949944248387e-05,0.006811717804084655,0.0813065446224826,1.0
QR2_raw_input_ridge,0,571,2024-05-31,2024-04-30,1e-08,-3.5511189897853304,-3.202152911364843,0.12177732388817371,0.3489660784204873,0.0001435689449700293,0.01198202591259213,0.1955453835811395,0.0
QR2_raw_input_ridge,0,571,2024-06-30,2024-05-31,100.0,-3.974283728374348,-3.449979742541952,0.2748946695597377,0.5243039858323963,0.00016779373418689185,0.012953522076520032,0.3990331832403361,0.0
QR2_raw_input_ridge,0,571,2024-07-31,2024-06-30,100.0,-3.1722014727576715,-3.6001361164674783,0.18312805928703932,0.42793464370980683,0.0002129038862599756,0.014591226345306813,0.49755000200111943,1.0
QR2_raw_input_ridge,0,571,2024-08-31,2024-07-31,1e-08,-2.872824298145019,-3.425866517081488,0.3058556959261733,0.553042218936469,0.0005768609197187748,0.024017929130521948,0.916415968248709,0.0
QR2_raw_input_ridge,0,571,2024-09-30,2024-08-31,1e-08,-3.260469768692696,-3.1154113554955885,0.02104194323926272,0.14505841319710733,3.587874595802267e-05,0.005989886973726856,0.038292982144361276,1.0
QR2_raw_input_ridge,0,571,2024-10-31,2024-09-30,100.0,-3.4205129328690873,-3.2217744475849868,0.03949698553301865,0.19873848528410054,5.1675438161083075e-05,0.007188563010858504,0.06949038912477923,0.0
QR2_raw_input_ridge,0,571,2024-11-30,2024-10-31,100.0,-3.343202830242378,-3.2929487293011093,0.0025254746614152457,0.05025410094126892,3.3142892651927577e-06,0.0018205189549116915,0.0048858966652665925,1.0
QR2_raw_input_ridge,0,571,2024-12-31,2024-11-30,100.0,-3.197711188525805,-3.4505041181218004,0.06390426525372578,0.2527929295959952,8.328334612755883e-05,0.00912597096902893,0.15237070588695067,0.0
QR2_raw_input_ridge,0,571,2025-01-31,2024-12-31,100.0,-3.243856524094862,-3.261978223572939,0.0003283959919737387,0.01812169947807707,4.908644745105763e-07,0.0007006172096876984,0.0006647991955161317,1.0
QR2_raw_input_ridge,0,571,2025-02-28,2025-01-31,100.0,-3.336086010210643,-3.332176072056045,1.5287616372779064e-05,0.003909938154597725,1.942454716379451e-08,0.00013937197409735758,3.0495690130274283e-05,1.0
QR2_raw_input_ridge,0,571,2025-03-31,2025-02-28,100.0,-2.8188957116043185,-3.2825772940171687,0.21500060986888478,0.4636815824128502,0.0004901972513158438,0.02214039862594718,0.6004717331977578,1.0
QR2_raw_input_ridge,0,571,2025-04-30,2025-03-31,100.0,-1.9836117337402832,-3.080995820590645,1.2042518340724022,1.0973840868503617,0.008401180747761215,0.09165795517990359,5.783151323995542,0.0
QR2_raw_input_ridge,0,571,2025-05-31,2025-04-30,100.0,-3.0297758721398087,-2.7910523715672326,0.05698890972562473,0.23872350057257608,0.0001697845941610131,0.0130301417552156,0.09781216451332664,1.0
QR2_raw_input_ridge,0,571,2025-06-30,2025-05-31,100.0,-3.53015126294113,-3.1176209378757593,0.17018126909854023,0.41253032506537046,0.00022385733469426402,0.014961862674622569,0.26326906439209585,1.0
QR2_raw_input_ridge,0,571,2025-07-31,2025-06-30,1e-08,-3.950725844114382,-3.2685571079455564,0.46535418460617306,0.6821687361688258,0.0003542140393778549,0.018820574894988062,0.6198874011491483,0.0
QR2_raw_input_ridge,0,571,2025-08-31,2025-07-31,1.0,-3.3885322185760227,-3.5957418739482225,0.042935841279465814,0.20720965537219982,3.991550448874197e-05,0.0063178718322503165,0.09907230640303488,1.0
QR2_raw_input_ridge,0,571,2025-09-30,2025-08-31,1.0,-3.84430960652608,-3.3110639848278725,0.28435089306030786,0.5332456216982076,0.00022729090396882536,0.01507617006964386,0.41070540814027645,0.0
QR2_raw_input_ridge,0,571,2025-10-31,2025-09-30,100.0,-3.200563742469265,-3.5121928015315578,0.09711267045204995,0.31162905906229277,0.00011898016206246523,0.010907802806361382,0.24173640816217146,1.0
QR2_raw_input_ridge,0,571,2025-11-30,2025-10-31,100.0,-3.187697796475165,-3.3450449082441756,0.024758113582049518,0.15734711176901062,3.609767943458305e-05,0.006008134438790717,0.05514615842745402,0.0
QR2_raw_input_ridge,0,571,2025-12-31,2025-11-30,100.0,-3.6690396499504754,-3.261022904695804,0.1664776644082153,0.40801674525467124,0.00016507630475499923,0.012848202393914848,0.2582155906375041,1.0
QR2_raw_input_ridge,0,571,2026-01-31,2025-12-31,100.0,-3.5432590006801346,-3.3510388710251218,0.03694857824458993,0.19222012965501278,3.756462100786203e-05,0.006128998369053628,0.06527187803897933,1.0
QR2_raw_input_ridge,0,571,2026-02-28,2026-01-31,100.0,-3.319270460859548,-3.4516892563483594,0.01753473739870772,0.13241879548881164,2.0134615219227055e-05,0.004487161153694734,0.03838171303940102,1.0
QR2_raw_input_ridge,0,571,2026-03-31,2026-02-28,100.0,-2.9305194230637723,-3.4037763633074767,0.22397213148883316,0.47325694024370435,0.0004048881092879936,0.020121831658375278,0.6301973797915816,0.0
QR2_raw_input_ridge,0,571,2026-04-30,2026-03-31,100.0,-3.2372756219261025,-3.1108366460002124,0.01598681463318783,0.12643897592589015,2.8014979947442653e-05,0.00529291790484631,0.02944060592591799,1.0
QR2_raw_input_ridge,0,571,2026-05-31,2026-04-30,100.0,-3.511913129771558,-3.367684230210624,0.02080197546855792,0.14422889956093377,2.1433156093800845e-05,0.004629595672820775,0.037876229717914545,1.0
QR2_raw_input_ridge,0,571,2026-06-30,2026-05-31,100.0,-3.0167824583115244,-3.378901527805029,0.1311302204908416,0.3621190694935046,0.00022122444490816433,0.014873615730822291,0.33892052191816924,1.0
QR2_raw_input_ridge,0,571,2026-07-31,2026-06-30,100.0,-3.371790235714744,-3.1739632247221414,0.0391355262782673,0.19782701099260258,5.6390048865910186e-05,0.0075093307868218315,0.06889360372755682,1.0
QR2_raw_input_ridge,0,571,2026-08-31,2026-07-31,100.0,-3.5077496504538077,-3.301496995310486,0.04254015775367008,0.20625265514332192,4.7110735671460736e-05,0.006863726077828335,0.07449499161318096,0.0
QR2_matched_ridge,0,120,2020-01-31,2019-12-31,100.0,-3.3942209625474167,-3.578584764530573,0.033990011481684415,0.18436380198315616,3.1939642583959276e-05,0.005651516839217528,0.0771660903537233,1.0
QR2_matched_ridge,0,120,2020-02-29,2020-01-31,100.0,-2.656216692100947,-3.4846389030099503,0.6862833595273613,0.8284222109090034,0.0015640861640715356,0.039548529227665795,2.585896413804888,0.0
QR2_matched_ridge,0,120,2020-03-31,2020-02-29,100.0,-1.2968785055181968,-2.89292942341939,2.5473785325332408,1.596050917901193,0.047511001138377765,0.21797018405822793,20.147429580942894,0.0
QR2_matched_ridge,0,120,2020-04-30,2020-03-31,1.0,-2.134827132729708,-1.5318827263869945,0.36354195713996734,0.6029444063427136,0.00957723344712111,0.09786334067014629,0.5053145604892616,1.0
QR2_matched_ridge,0,120,2020-05-31,2020-04-30,1.0,-2.753012874659256,-2.8407940707226684,0.007705538382323227,0.08778119606341228,2.868945866261678e-05,0.005356254163369843,0.016353960400784406,1.0
QR2_matched_ridge,0,120,2020-06-30,2020-05-31,1.0,-2.451931103357683,-3.0617471801709253,0.37187564753989427,0.6098160768132423,0.001546161485623947,0.03932125996994434,1.1663098444043283,0.0
QR2_matched_ridge,0,120,2020-07-31,2020-06-30,1.0,-3.218790749890995,-3.211954223067491,4.673809900848661e-05,0.006836526823503775,7.530705765166395e-08,0.0002744213141351523,9.305161532014924e-05,1.0
QR2_matched_ridge,0,120,2020-08-31,2020-07-31,1.0,-3.605902901033218,-3.229251557884405,0.14186623429580503,0.3766513431488132,0.00015436094564231804,0.012424208048898652,0.2241117338886428,1.0
QR2_matched_ridge,0,120,2020-09-30,2020-08-31,1.0,-2.6518079305455564,-3.270972639724776,0.38336493709298736,0.6191647091792194,0.001059770565180675,0.03255411748428569,1.2115159813429521,1.0
QR2_matched_ridge,0,120,2020-10-31,2020-09-30,1.0,-2.7990558904711156,-2.7686556797609003,0.0009241728112254865,0.03040021071021526,3.5298822832441772e-06,0.0018787980953908212,0.0018114481007591929,1.0
QR2_matched_ridge,0,120,2020-11-30,2020-10-31,1.0,-3.0039008865838612,-2.7620538828497123,0.05848997321518544,0.2418470037341489,0.00018410893895611733,0.013568674915264103,0.1001958254736483,0.0
QR2_matched_ridge,0,120,2020-12-31,2020-11-30,1.0,-3.651528771176814,-3.0446614835306853,0.36828790481496887,0.6068672876461285,0.00046919901644754526,0.021661002203211772,0.5108202914304887,1.0
QR2_matched_ridge,0,120,2021-01-31,2020-12-31,1.0,-3.0833520658531506,-3.3285387668293502,0.060116518335592346,0.24518670097619966,9.920181397136663e-05,0.009960010741528677,0.1425524418767331,1.0
QR2_matched_ridge,0,120,2021-02-28,2021-01-31,1.0,-3.2488415694882113,-3.054011758774886,0.037958655142590156,0.19482981071332528,6.972519406653762e-05,0.00835016131979123,0.06694699080336697,0.0
QR2_matched_ridge,0,120,2021-03-31,2021-02-28,1.0,-3.0053155591944845,-3.337561415564389,0.11038730907497132,0.33224585636990467,0.00019599006567074757,0.013999645198030826,0.2790106999802491,0.0
QR2_matched_ridge,0,120,2021-04-30,2021-03-31,1.0,-3.42852988588876,-3.421692964299849,4.674349681291464e-05,0.006836921588910805,4.951182176201582e-08,0.00022251252046124465,9.30623374576535e-05,1.0
QR2_matched_ridge,0,120,2021-05-31,2021-04-30,1.0,-3.25075444008131,-3.429770952882505,0.0320469118555003,0.17901651280119468,4.033020024087297e-05,0.0063506062892351445,0.0724798376464284,0.0
QR2_matched_ridge,0,120,2021-06-30,2021-05-31,1.0,-3.7043212595884913,-3.3514697535996993,0.12450418527855851,0.352851505988792,0.0001084911066259941,0.010415906423638516,0.19946434405980173,1.0
QR2_matched_ridge,0,120,2021-07-31,2021-06-30,1.0,-3.3961998858730538,-3.4707990746398143,0.00556503896465877,0.07459918876676053,5.799223542744593e-06,0.00240815770719955,0.011704885960255457,1.0
QR2_matched_ridge,0,120,2021-08-31,2021-07-31,1.0,-3.708249345225621,-3.593580925844777,0.013148846403301079,0.11466841938084382,8.876032386751397e-06,0.002979267088857828,0.024397519902482817,1.0
QR2_matched_ridge,0,120,2021-09-30,2021-08-31,1.0,-3.2831324409451104,-3.5950869784894364,0.0973156334944943,0.311954537544326,0.00010104829578061877,0.010052278138840905,0.24229987759971505,1.0
QR2_matched_ridge,0,120,2021-10-31,2021-09-30,1.0,-3.386780947876349,-3.231867870944808,0.023998061404397468,0.15491307693154077,3.2107156560491604e-05,0.005666317724986096,0.043400628091280036,0.0
QR2_matched_ridge,0,120,2021-11-30,2021-10-31,1.0,-3.3064112261583376,-3.5541501868782683,0.06137459265859138,0.24773896071993073,6.467028039191618e-05,0.00804178340866727,0.14580453427973428,0.0
QR2_matched_ridge,0,120,2021-12-31,2021-11-30,1.0,-2.9961728370061524,-3.4389951899813918,0.19609163629452744,0.4428223529752393,0.00031973217232217414,0.017881056241793272,0.5389023016500083,0.0
QR2_matched_ridge,0,120,2022-01-31,2021-12-31,1.0,-2.941546598012492,-3.4679120349391286,0.27706057319096883,0.5263654369266364,0.00046664467978540435,0.021601960091283484,0.8127347943487815,0.0
QR2_matched_ridge,0,120,2022-02-28,2022-01-31,1.0,-2.799886911249737,-2.875673431201,0.005743596606323228,0.07578651995126329,1.9702768271164635e-05,0.004438780043115972,0.012090252656715428,1.0
QR2_matched_ridge,0,120,2022-03-31,2022-02-28,1.0,-2.6765886403079335,-3.011519928768034,0.11217896798954294,0.33493128846010034,0.0003834011224535452,0.019580631308860938,0.2841062048566194,0.0
QR2_matched_ridge,0,120,2022-04-30,2022-03-31,1.0,-2.6479040482811675,-3.269419971380125,0.386282042665549,0.6215159230989573,0.0010739365796777155,0.03277097160106358,1.22307440532964,0.0
QR2_matched_ridge,0,120,2022-05-31,2022-04-30,1.0,-2.4244039455209907,-2.613677042486313,0.03582430523484436,0.18927309696532246,0.00023305753146255482,0.015266221911873115,0.0816140618510719,1.0
QR2_matched_ridge,0,120,2022-06-30,2022-05-31,1.0,-2.4599056517814564,-3.0754518303212306,0.3788970979149196,0.6155461785397742,0.0015424666158076498,0.039274248761849664,1.1938764254390772,1.0
QR2_matched_ridge,0,120,2022-07-31,2022-06-30,100.0,-2.8821019465281603,-2.669140096033105,0.045352749766278254,0.21296185049505523,0.00017675454414929344,0.013294906699533225,0.07908987714215199,1.0
QR2_matched_ridge,0,120,2022-08-31,2022-07-31,100.0,-2.844606483048602,-3.2006346015809495,0.12675602118568313,0.3560281185323473,0.00030348439931139864,0.017420803635636292,0.3261216927163899,0.0
QR2_matched_ridge,0,120,2022-09-30,2022-08-31,100.0,-2.6463004734576345,-2.9295768510970532,0.08024550612851056,0.2832763776394187,0.0003060202805012944,0.017493435354477817,0.19562914143106158,0.0
QR2_matched_ridge,0,120,2022-10-31,2022-09-30,100.0,-2.523493614612676,-2.643858224637821,0.01448763934650523,0.12036461002514498,8.267410425704146e-05,0.009092530135063698,0.03144728872353736,1.0
QR2_matched_ridge,0,120,2022-11-30,2022-10-31,100.0,-2.5435772319280385,-3.092383608442955,0.3011884389034323,0.5488063765149165,0.0011016528150789855,0.03319115567555588,0.8993901381633962,1.0
QR2_matched_ridge,0,120,2022-12-31,2022-11-30,100.0,-2.95330714551955,-2.9343155290787335,0.0003606814950350867,0.018991616440816372,1.0004027468521996e-06,0.0010002013531545534,0.0007123158299933985,1.0
QR2_matched_ridge,0,120,2023-01-31,2022-12-31,100.0,-3.0445998097233513,-2.885894624153832,0.025187335926655518,0.15870518556951918,6.706757377862222e-05,0.008189479457121937,0.045442301661852424,0.0
QR2_matched_ridge,0,120,2023-02-28,2023-01-31,100.0,-3.1746943824188296,-3.1556666149518886,0.00036205593477597886,0.019027767466941015,6.449824897116805e-07,0.000803108018707123,0.0007150131100997006,1.0
QR2_matched_ridge,0,120,2023-03-31,2023-02-28,100.0,-2.924024732160048,-3.1071917081240352,0.033550141083791916,0.18316697596398734,8.083216525232695e-05,0.00899067101235091,0.07610291487505949,1.0
QR2_matched_ridge,0,120,2023-04-30,2023-03-31,100.0,-3.4424462204163033,-3.1433597739320236,0.08945270247059392,0.29908644648427973,0.00012435099218224995,0.011151277603138124,0.14798818327445357,1.0
QR2_matched_ridge,0,120,2023-05-31,2023-04-30,100.0,-3.2992440662773723,-3.2767142948688814,0.0005075905997188533,0.022529771408490884,7.073421064177169e-07,0.0008410363288334916,0.0010001035616236456,1.0
QR2_matched_ridge,0,120,2023-06-30,2023-05-31,100.0,-3.4043319921867217,-3.2566287515165104,0.021816247304482343,0.14770324067021123,2.7973767803515697e-05,0.005289023331723514,0.0396354921087288,0.0
QR2_matched_ridge,0,120,2023-07-31,2023-06-30,100.0,-3.766103134731879,-3.408939641744134,0.1275657607232071,0.3571634929877452,9.868803436271298e-05,0.009934185138334849,0.20384844173786298,1.0
QR2_matched_ridge,0,120,2023-08-31,2023-07-31,100.0,-3.3080680545326713,-3.4538558366335925,0.021254077409905692,0.14578778210092125,2.4634576439679557e-05,0.0049633231246494075,0.046959210779138005,1.0
QR2_matched_ridge,0,120,2023-09-30,2023-08-31,100.0,-3.4377168665741427,-3.276149960251632,0.026103865218626874,0.16156690632251047,3.175806463328249e-05,0.005635429409839368,0.04701079663794239,0.0
QR2_matched_ridge,0,120,2023-10-31,2023-09-30,100.0,-3.193062653385387,-3.2315850195382017,0.0014839726940115221,0.03852236615281468,2.405972080173138e-06,0.0015511196214905987,0.00304565793981168,1.0
QR2_matched_ridge,0,120,2023-11-30,2023-10-31,100.0,-3.314231456188941,-3.2218916125804835,0.008526646717634428,0.0923398436084577,1.2373274711698884e-05,0.0035175665895187946,0.016050227035553588,1.0
QR2_matched_ridge,0,120,2023-12-31,2023-11-30,100.0,-3.5682415676821626,-3.435904623473532,0.017513066802478158,0.1323369442086304,1.5926996680691364e-05,0.003990864152121864,0.03213007393988748,1.0
QR2_matched_ridge,0,120,2024-01-31,2023-12-31,100.0,-3.464679499845587,-3.448231315758521,0.00027054275976201293,0.016448184087066053,2.691576240772931e-07,0.0005188040324412418,0.0005352007463383449,1.0
QR2_matched_ridge,0,120,2024-02-29,2024-01-31,100.0,-3.3448968495093907,-3.381084701535686,0.0013095606342770423,0.036187852026295264,1.5707835072389794e-06,0.0012533090230421942,0.0026834682343257754,1.0
QR2_matched_ridge,0,120,2024-03-31,2024-02-29,100.0,-3.578980917498339,-3.4813077383290443,0.009540049929037174,0.09767317916929485,8.196934830413989e-06,0.002863028960806018,0.017896070099121142,1.0
QR2_matched_ridge,0,120,2024-04-30,2024-03-31,100.0,-3.229795427472849,-3.5003392623758494,0.07319396660402198,0.2705438349030005,8.795535572216933e-05,0.00937845166976774,0.17678665663788573,1.0
QR2_matched_ridge,0,120,2024-05-31,2024-04-30,100.0,-3.5511189897853304,-3.2389282812412903,0.09746303850122978,0.3121907085440401,0.00011053105865821102,0.01051337522673908,0.15997405160878736,1.0
QR2_matched_ridge,0,120,2024-06-30,2024-05-31,100.0,-3.974283728374348,-3.4894621540864614,0.2350519588949849,0.48482157428788675,0.00013746446206810883,0.01172452395912554,0.34886148714086507,0.0
QR2_matched_ridge,0,120,2024-07-31,2024-06-30,100.0,-3.1722014727576715,-3.6129991506223718,0.19430259281091206,0.44079767786470025,0.00022321537261520523,0.014940393991297728,0.5331536630422853,1.0
QR2_matched_ridge,0,120,2024-08-31,2024-07-31,100.0,-2.872824298145019,-3.3738926642767852,0.2510695075379578,0.5010683661317663,0.0004965315357032579,0.022282987584775475,0.7219595464292436,0.0
QR2_matched_ridge,0,120,2024-09-30,2024-08-31,100.0,-3.260469768692696,-3.1896855002689435,0.005010412656285816,0.0707842684237523,7.921145309885456e-06,0.002814452932611497,0.009564220705912702,1.0
QR2_matched_ridge,0,120,2024-10-31,2024-09-30,100.0,-3.4205129328690873,-3.2449004015975045,0.030839761139612655,0.17561253127158283,3.9398039964409926e-05,0.006276785798831272,0.05505039385295579,0.0
QR2_matched_ridge,0,120,2024-11-30,2024-10-31,100.0,-3.343202830242378,-3.299516430284718,0.001908501541260635,0.043686399957659994,2.4880852991177893e-06,0.0015773665709396117,0.003708222096718547,1.0
QR2_matched_ridge,0,120,2024-12-31,2024-11-30,100.0,-3.197711188525805,-3.4275485679876194,0.052825220997874,0.22983737946181426,7.037826185903857e-05,0.008389175278836328,0.12388410391690441,0.0
QR2_matched_ridge,0,120,2025-01-31,2024-12-31,100.0,-3.243856524094862,-3.2379905451013045,3.4409709552856e-05,0.005865978993557341,5.268073643901151e-08,0.00022952284513531873,6.855107776472351e-05,1.0
QR2_matched_ridge,0,120,2025-02-28,2025-01-31,1e-08,-3.336086010210643,-3.269285132251881,0.0044623572960613995,0.06680087795876188,6.040176020090502e-06,0.002457676956007543,0.008540190202156406,1.0
QR2_matched_ridge,0,120,2025-03-31,2025-02-28,1e-08,-2.8188957116043185,-3.400240439672657,0.33796169285285055,0.5813447280683386,0.0006920348122746422,0.026306554549667696,1.0358345526256776,0.0
QR2_matched_ridge,0,120,2025-04-30,2025-03-31,1e-08,-1.9836117337402832,-3.015026674666728,1.0638167803663017,1.0314149409264448,0.007837019143313402,0.08852694021208121,4.805374541876272,0.0
QR2_matched_ridge,0,120,2025-05-31,2025-04-30,1e-08,-3.0297758721398087,-3.900562103574016,0.7582686608553887,0.8707862314342072,0.0007893813740460446,0.028095931628014128,2.9647368682159083,1.0
QR2_matched_ridge,0,120,2025-06-30,2025-05-31,100.0,-3.53015126294113,-3.185767557912536,0.11860013628922153,0.34438370502859383,0.00014510646129306035,0.012046014332261951,0.19096209791485869,1.0
QR2_matched_ridge,0,120,2025-07-31,2025-06-30,100.0,-3.950725844114382,-3.3676998376256364,0.33991932424221505,0.5830260064887458,0.00023189500531250502,0.015228099202215128,0.47764670086848127,0.0
QR2_matched_ridge,0,120,2025-08-31,2025-07-31,100.0,-3.3885322185760227,-3.499072333716204,0.012219117055204528,0.11054011514018125,1.2480539358518247e-05,0.0035327806836142894,0.026343277406793403,1.0
QR2_matched_ridge,0,120,2025-09-30,2025-08-31,100.0,-3.84430960652608,-3.4133932929058655,0.18568886934403508,0.43091631362021454,0.00013289709478001469,0.011528100224235331,0.2842199213648253,1.0
QR2_matched_ridge,0,120,2025-10-31,2025-09-30,100.0,-3.200563742469265,-3.5671927506632253,0.134416829649287,0.36662900819396027,0.00015635566385515564,0.012504225839897312,0.34859426303109853,1.0
QR2_matched_ridge,0,120,2025-11-30,2025-10-31,100.0,-3.187697796475165,-3.308591818452019,0.014615364549740046,0.12089402197685395,2.208186767542928e-05,0.004699134779449221,0.031736189092401224,0.0
QR2_matched_ridge,0,120,2025-12-31,2025-11-30,100.0,-3.6690396499504754,-3.2516656618912303,0.17420104590847885,0.4173739880592451,0.00017447051761984518,0.013208728841938015,0.2687318180625313,1.0
QR2_matched_ridge,0,120,2026-01-31,2025-12-31,100.0,-3.5432590006801346,-3.3706376382051015,0.029798134782736737,0.172621362475033,2.9689308624832975e-05,0.005448789647695438,0.05329119652879011,1.0
QR2_matched_ridge,0,120,2026-02-28,2026-01-31,100.0,-3.319270460859548,-3.400901537615682,0.006663632692365861,0.08163107675613412,8.043009568196298e-06,0.002836020022530923,0.014083140927611565,1.0
QR2_matched_ridge,0,120,2026-03-31,2026-02-28,100.0,-2.9305194230637723,-3.337256477667896,0.1654350315880378,0.40673705460412357,0.00031808709658985584,0.017834996400051664,0.44225693651644393,0.0
QR2_matched_ridge,0,120,2026-04-30,2026-03-31,100.0,-3.2372756219261025,-3.0423158607577294,0.03800930847482908,0.1949597611683731,7.146167740056896e-05,0.008453500896112152,0.06703088698265092,1.0
QR2_matched_ridge,0,120,2026-05-31,2026-04-30,100.0,-3.511913129771558,-3.430220612589567,0.006673667363529877,0.08169251718199089,6.451722717196474e-06,0.0025400241568135674,0.01264916394418203,1.0
QR2_matched_ridge,0,120,2026-06-30,2026-05-31,100.0,-3.0167824583115244,-3.479511393704235,0.2141180676496714,0.46272893539271065,0.00032891535894964555,0.01813602379105314,0.5975653437635395,1.0
QR2_matched_ridge,0,120,2026-07-31,2026-06-30,100.0,-3.371790235714744,-3.1957560493578443,0.030988034766335697,0.1760341863568997,4.3658230373732136e-05,0.006607437504337982,0.05530041116345896,1.0
QR2_matched_ridge,0,120,2026-08-31,2026-07-31,100.0,-3.5077496504538077,-3.3025569963025623,0.04210402531763262,0.20519265415124543,4.657665361064864e-05,0.00682470904952355,0.07377989774473959,0.0
QR2_raw_input_ridge,0,120,2020-01-31,2019-12-31,100.0,-3.3942209625474167,-3.5677357521576982,0.03010738221350027,0.17351478961028155,2.8590579674584466e-05,0.005347015959821372,0.06782899594478076,1.0
QR2_raw_input_ridge,0,120,2020-02-29,2020-01-31,100.0,-2.656216692100947,-3.4774966864812695,0.6745008291693427,0.8212799943803226,0.0015467490337044616,0.03932873038510729,2.525823606219646,0.0
QR2_raw_input_ridge,0,120,2020-03-31,2020-02-29,1e-08,-1.2968785055181968,-2.74199947582281,2.0883746188141465,1.445120970304613,0.043656951427777736,0.2089424596097637,14.10742149989207,0.0
QR2_raw_input_ridge,0,120,2020-04-30,2020-03-31,1e-08,-2.134827132729708,-1.811828011457894,0.10432843234236412,0.3229991212718142,0.002033127549288814,0.04509021567134952,0.17013730550269018,1.0
QR2_raw_input_ridge,0,120,2020-05-31,2020-04-30,1e-08,-2.753012874659256,-3.129634887766712,0.1418441407571126,0.3766220131074558,0.00040007129768344853,0.020001782362665796,0.3706347453468146,1.0
QR2_raw_input_ridge,0,120,2020-06-30,2020-05-31,1e-08,-2.451931103357683,-3.0871546304884276,0.40350892942042393,0.6352235271307447,0.0016398852622510418,0.040495496814473605,1.291997758291167,0.0
QR2_raw_input_ridge,0,120,2020-07-31,2020-06-30,1e-08,-3.218790749890995,-3.4982416676028354,0.07809281540998984,0.2794509177118405,9.511858979260304e-05,0.00975287597545478,0.18984919358681152,1.0
QR2_raw_input_ridge,0,120,2020-08-31,2020-07-31,1e-08,-3.605902901033218,-3.4574891237418104,0.022026649289903596,0.1484137772914078,1.8886578228543804e-05,0.004345869099333734,0.039999712528195286,1.0
QR2_raw_input_ridge,0,120,2020-09-30,2020-08-31,1e-08,-2.6518079305455564,-3.437369682782994,0.6171072665783534,0.7855617522374376,0.0014725991289096642,0.0383744593305191,2.240928014816991,1.0
QR2_raw_input_ridge,0,120,2020-10-31,2020-09-30,1e-08,-2.7990558904711156,-2.8437684762104816,0.0019992153235001545,0.044712585739365984,7.084096032818743e-06,0.002661596519538366,0.004120330379150286,1.0
QR2_raw_input_ridge,0,120,2020-11-30,2020-10-31,1e-08,-3.0039008865838612,-2.7191077971119357,0.08110710381096416,0.2847930894719255,0.0002670061010956254,0.016340321327796017,0.13534569240690242,0.0
QR2_raw_input_ridge,0,120,2020-12-31,2020-11-30,1e-08,-3.651528771176814,-3.1126598256649594,0.290379740437058,0.5388689455118545,0.0003434000941491981,0.018531057556146063,0.4181024882894725,1.0
QR2_raw_input_ridge,0,120,2021-01-31,2020-12-31,1e-08,-3.0833520658531506,-3.48339548889937,0.16003474032253656,0.40004342304621954,0.00022808471816002023,0.015102473908602532,0.42564737032626043,1.0
QR2_raw_input_ridge,0,120,2021-02-28,2021-01-31,1e-08,-3.2488415694882113,-3.387076946950536,0.019109019582151426,0.13823537746232484,2.511811704419013e-05,0.005011797785644402,0.041997638521763914,1.0
QR2_raw_input_ridge,0,120,2021-03-31,2021-02-28,1e-08,-3.0053155591944845,-3.4689534876877266,0.21496012873750472,0.46363792849324215,0.00033758595508467677,0.01837351232303385,0.6003383508682634,0.0
QR2_raw_input_ridge,0,120,2021-04-30,2021-03-31,1e-08,-3.42852988588876,-3.456014368006052,0.0007553967572557521,0.027484482117292153,7.731840294132244e-07,0.0008793088361964893,0.0015388604030753539,1.0
QR2_raw_input_ridge,0,120,2021-05-31,2021-04-30,1e-08,-3.25075444008131,-3.264610014137886,0.000191976932437262,0.013855574056576003,2.842295095649455e-07,0.0005331317938042576,0.00038752517258016164,1.0
QR2_raw_input_ridge,0,120,2021-06-30,2021-05-31,1e-08,-3.7043212595884913,-3.1077299835018786,0.355921150702653,0.5965912760866128,0.0004034230942516188,0.020085395048433048,0.4964371552352864,0.0
QR2_raw_input_ridge,0,120,2021-07-31,2021-06-30,1e-08,-3.3961998858730538,-3.6529214989962044,0.06590598664455265,0.25672161312315067,5.7532633629256435e-05,0.007585026936620359,0.15759182607515487,1.0
QR2_raw_input_ridge,0,120,2021-08-31,2021-07-31,1e-08,-3.708249345225621,-3.3617671039888517,0.12004994349245472,0.3464822412367692,0.00010309396505033515,0.010153519835521825,0.19305583986189773,0.0
QR2_raw_input_ridge,0,120,2021-09-30,2021-08-31,1e-08,-3.2831324409451104,-3.456902394023884,0.03019599659299923,0.17376995307877374,3.579991419515879e-05,0.00598330295030753,0.068040893720415,1.0
QR2_raw_input_ridge,0,120,2021-10-31,2021-09-30,1e-08,-3.386780947876349,-3.267416484712948,0.014247875066286912,0.11936446316340099,1.8381648555650857e-05,0.004287382483013483,0.026357285076591103,0.0
QR2_raw_input_ridge,0,120,2021-11-30,2021-10-31,1e-08,-3.3064112261583376,-3.579445037793305,0.07454746229591894,0.27303381163496754,7.66725264428598e-05,0.00875628496811632,0.18038297436800854,0.0
QR2_raw_input_ridge,0,120,2021-12-31,2021-11-30,0.01,-2.9961728370061524,-3.3294014223417108,0.11104129008473748,0.3332285853355583,0.00020060303957042768,0.014163440244884987,0.28086887064021027,0.0
QR2_raw_input_ridge,0,120,2022-01-31,2021-12-31,0.01,-2.941546598012492,-3.5484940435350723,0.3683852016263853,0.6069474455225801,0.0005767730400695365,0.024016099601507662,1.1526766883800632,0.0
QR2_raw_input_ridge,0,120,2022-02-28,2022-01-31,100.0,-2.799886911249737,-3.1097495405033477,0.09601484900796069,0.30986262925361086,0.00026259594738058,0.01620481247594615,0.23869212882613977,0.0
QR2_raw_input_ridge,0,120,2022-03-31,2022-02-28,100.0,-2.6765886403079335,-3.121435364023254,0.1978886076002548,0.44484672371532064,0.0006102685872235935,0.02470361486146498,0.5446898230162363,0.0
QR2_raw_input_ridge,0,120,2022-04-30,2022-03-31,100.0,-2.6479040482811675,-3.1748519660372443,0.277674108027465,0.5269479177560767,0.0008409511877052826,0.02899915839649976,0.8149099354963005,0.0
QR2_raw_input_ridge,0,120,2022-05-31,2022-04-30,100.0,-2.4244039455209907,-2.847685696445488,0.17916744066570833,0.4232817509244975,0.0009334569258054783,0.030552527322718792,0.48505695723740927,0.0
QR2_raw_input_ridge,0,120,2022-06-30,2022-05-31,1.0,-2.4599056517814564,-3.079247099309526,0.38358382862616464,0.6193414475280696,0.0015562346111101975,0.03944913954841344,1.2123821601519165,1.0
QR2_raw_input_ridge,0,120,2022-07-31,2022-06-30,1.0,-2.8821019465281603,-2.609632494472665,0.07423960230342187,0.27246945205549533,0.0003078157470573209,0.017544678596580814,0.12481611448228691,1.0
QR2_raw_input_ridge,0,120,2022-08-31,2022-07-31,1.0,-2.844606483048602,-3.123510211077436,0.07778728950838168,0.2789037280288338,0.0002003557839879781,0.014154708898030298,0.1890308227384676,0.0
QR2_raw_input_ridge,0,120,2022-09-30,2022-08-31,1.0,-2.6463004734576345,-2.8152363292949114,0.028539323387473198,0.16893585583727688,0.000121495726833257,0.01102251000604023,0.0640889250111914,1.0
QR2_raw_input_ridge,0,120,2022-10-31,2022-09-30,100.0,-2.523493614612676,-2.7224914551946044,0.03960014055627058,0.19899784058192838,0.00020932787449755023,0.014468167627503845,0.09084191868389802,0.0
QR2_raw_input_ridge,0,120,2022-11-30,2022-10-31,100.0,-2.5435772319280385,-3.082463152995399,0.29039803592461766,0.5388859210673607,0.0010718152177231009,0.03273858912236599,0.8603538023091721,1.0
QR2_raw_input_ridge,0,120,2022-12-31,2022-11-30,100.0,-2.95330714551955,-2.920247099869408,0.001092966618389457,0.033060045650141756,3.0746398755902037e-06,0.00175346510532437,0.0021385411693062434,1.0
QR2_raw_input_ridge,0,120,2023-01-31,2022-12-31,100.0,-3.0445998097233513,-2.87687636477045,0.028131153986868898,0.16772344495290126,7.560334006931066e-05,0.008695018117825325,0.050465370307990975,0.0
QR2_raw_input_ridge,0,120,2023-02-28,2023-01-31,1.0,-3.1746943824188296,-3.0468329320559118,0.016348550488908906,0.12786145036291785,3.251590637263704e-05,0.005702272036007844,0.030079413419343365,1.0
QR2_raw_input_ridge,0,120,2023-03-31,2023-02-28,1.0,-2.924024732160048,-3.022707624137033,0.009738313168941354,0.09868289197698532,2.5480215789681764e-05,0.005047793160350547,0.02082376945780351,1.0
QR2_raw_input_ridge,0,120,2023-04-30,2023-03-31,1.0,-3.4424462204163033,-3.001344165773201,0.19457102261036646,0.44110205464310237,0.0003144893419187143,0.01773384735241381,0.2960738008885275,1.0
QR2_raw_input_ridge,0,120,2023-05-31,2023-04-30,100.0,-3.2992440662773723,-3.267194719999282,0.0010271605968529482,0.03204934627809042,1.445131588530859e-06,0.0012021362603843455,0.0020111225438337876,1.0
QR2_raw_input_ridge,0,120,2023-06-30,2023-05-31,100.0,-3.4043319921867217,-3.3171086120877042,0.0076079180358976685,0.08722338009901742,9.17184237564589e-06,0.003028504973686834,0.014368330494966303,1.0
QR2_raw_input_ridge,0,120,2023-07-31,2023-06-30,1.0,-3.766103134731879,-3.613107670587601,0.02340761204872316,0.15299546414427834,1.4637050187933518e-05,0.0038258398016557775,0.042384228061880136,1.0
QR2_raw_input_ridge,0,120,2023-08-31,2023-07-31,0.01,-3.3080680545326713,-3.197461827886674,0.01223373737286572,0.11060622664599729,1.8309906723221835e-05,0.004279007679733916,0.02275882432623688,1.0
QR2_raw_input_ridge,0,120,2023-09-30,2023-08-31,1e-08,-3.4377168665741427,-3.14406464728987,0.08623162589057862,0.29365221928427276,0.0001203244178761498,0.010969248738001605,0.14312796224820318,0.0
QR2_raw_input_ridge,0,120,2023-10-31,2023-09-30,1e-08,-3.193062653385387,-3.009447889135747,0.03371438165045086,0.18361476424963996,6.84414052140302e-05,0.008272932080830242,0.059880172233922,1.0
QR2_raw_input_ridge,0,120,2023-11-30,2023-10-31,1e-08,-3.314231456188941,-3.0843169120921745,0.05286069758722408,0.2299145440967667,8.834681391015344e-05,0.009399298586072975,0.09122063674939562,0.0
QR2_raw_input_ridge,0,120,2023-12-31,2023-11-30,1e-08,-3.5682415676821626,-3.3825016994604886,0.034499298647004815,0.185739868221674,3.314278752517179e-05,0.005756977290659725,0.06119271816895383,1.0
QR2_raw_input_ridge,0,120,2024-01-31,2023-12-31,1e-08,-3.464679499845587,-3.1531888844521543,0.09702640347817941,0.3114906153934327,0.0001307058061381704,0.011432664000055735,0.1593243200430733,1.0
QR2_raw_input_ridge,0,120,2024-02-29,2024-01-31,1.0,-3.3448968495093907,-3.2584650055645072,0.007470463647712687,0.08643184394488346,1.0134779151393821e-05,0.0031835167898715128,0.014115967792606487,1.0
QR2_raw_input_ridge,0,120,2024-03-31,2024-02-29,1.0,-3.578980917498339,-3.4157564706561825,0.02664222004692802,0.16322444684215665,2.4477021033042878e-05,0.004947425697576759,0.04793014003907786,1.0
QR2_raw_input_ridge,0,120,2024-04-30,2024-03-31,100.0,-3.229795427472849,-3.4911909642526076,0.06832762664837817,0.2613955367797587,8.28286314474695e-05,0.009101023648330417,0.1639377967131299,1.0
QR2_raw_input_ridge,0,120,2024-05-31,2024-04-30,100.0,-3.5511189897853304,-3.275476418332194,0.07597882719729736,0.2756425714531363,8.292546130308961e-05,0.009106341817826168,0.12749396656956913,1.0
QR2_raw_input_ridge,0,120,2024-06-30,2024-05-31,100.0,-3.974283728374348,-3.48557470202417,0.23883651243613907,0.4887090263501781,0.00014026587057225926,0.011843389319458313,0.3536994371040121,0.0
QR2_raw_input_ridge,0,120,2024-07-31,2024-06-30,100.0,-3.1722014727576715,-3.5388008023219504,0.13439506843697877,0.3665993295642789,0.00016545906300703713,0.012863089170453462,0.34853005091216294,1.0
QR2_raw_input_ridge,0,120,2024-08-31,2024-07-31,100.0,-2.872824298145019,-3.3922275842228164,0.2697797735884144,0.5194032860777975,0.0005246548879252862,0.022905346273856812,0.7870359898163986,0.0
QR2_raw_input_ridge,0,120,2024-09-30,2024-08-31,100.0,-3.260469768692696,-3.243436258397691,0.00029014047297004115,0.017033510295004994,4.3451854518347254e-07,0.0006591802069111849,0.0005737472057438589,1.0
QR2_raw_input_ridge,0,120,2024-10-31,2024-09-30,100.0,-3.4205129328690873,-3.230141237685519,0.036241382327065454,0.19037169518356833,4.700819443371183e-05,0.006856252214855564,0.06409661250951709,0.0
QR2_raw_input_ridge,0,120,2024-11-30,2024-10-31,100.0,-3.343202830242378,-3.2772162940042153,0.004354222964710381,0.06598653623816286,5.8057288577078935e-06,0.0024095080115467335,0.008337665566307328,1.0
QR2_raw_input_ridge,0,120,2024-12-31,2024-11-30,100.0,-3.197711188525805,-3.4297412734011297,0.05383796028725029,0.2320300848753245,7.157644951752808e-05,0.008460286609656205,0.12645849892198846,0.0
QR2_raw_input_ridge,0,120,2025-01-31,2024-12-31,100.0,-3.243856524094862,-3.2299137290670545,0.00019440153318744696,0.013942795027807264,3.00043362141734e-07,0.0005477621401135113,0.0003852141201755241,1.0
QR2_raw_input_ridge,0,120,2025-02-28,2025-01-31,100.0,-3.336086010210643,-3.349552142327136,0.00018133671417884577,0.013466132116493057,2.2644177326505247e-07,0.00047585898464256454,0.0003659513411751504,1.0
QR2_raw_input_ridge,0,120,2025-03-31,2025-02-28,100.0,-2.8188957116043185,-3.2819854233100196,0.2144520810876694,0.4630897117057011,0.000489213811886908,0.022118178313028133,0.5986649421125481,1.0
QR2_raw_input_ridge,0,120,2025-04-30,2025-03-31,100.0,-1.9836117337402832,-3.1061067237274536,1.2599950025462976,1.1224949899871703,0.008611195941618638,0.09279652979297576,6.195330983753815,0.0
QR2_raw_input_ridge,0,120,2025-05-31,2025-04-30,100.0,-3.0297758721398087,-2.7926487928591683,0.0562292517281671,0.23712707928064036,0.0001672435789171801,0.012932268900590495,0.0966032156854828,1.0
QR2_raw_input_ridge,0,120,2025-06-30,2025-05-31,100.0,-3.53015126294113,-3.168758232756981,0.13060492226568093,0.3613930301841486,0.00016269781938768003,0.012755305538781892,0.20818408252330456,1.0
QR2_raw_input_ridge,0,120,2025-07-31,2025-06-30,100.0,-3.950725844114382,-3.2857912265513036,0.4421380456337576,0.6649346175630786,0.00033015769036174,0.018170241890567665,0.594381083022996,0.0
QR2_raw_input_ridge,0,120,2025-08-31,2025-07-31,100.0,-3.3885322185760227,-3.4781770530220424,0.008036196342854275,0.08964483444601967,8.378521987517687e-06,0.002894567668498646,0.017077575462403127,1.0
QR2_raw_input_ridge,0,120,2025-09-30,2025-08-31,100.0,-3.84430960652608,-3.421517735277568,0.17875296639381846,0.42279187124851214,0.00012682480777557803,0.011261652089084355,0.2748904229956015,1.0
QR2_raw_input_ridge,0,120,2025-10-31,2025-09-30,100.0,-3.200563742469265,-3.528302761132692,0.10741286435446618,0.32773901866342703,0.00012960764917806564,0.011384535527550768,0.2705849900338648,1.0
QR2_raw_input_ridge,0,120,2025-11-30,2025-10-31,100.0,-3.187697796475165,-3.3349657794804477,0.021687858818444254,0.14726798300528277,3.193336220970765e-05,0.005650961175738836,0.04796728097686026,0.0
QR2_raw_input_ridge,0,120,2025-12-31,2025-11-30,100.0,-3.6690396499504754,-3.272414062875665,0.15731185632243794,0.3966255870748103,0.00015410341854916554,0.012413839798755481,0.24562283696830733,1.0
QR2_raw_input_ridge,0,120,2026-01-31,2025-12-31,100.0,-3.5432590006801346,-3.367523686747755,0.03088290056291202,0.17573531393237962,3.0868867615765016e-05,0.005555975847298566,0.05512314530013629,1.0
QR2_raw_input_ridge,0,120,2026-02-28,2026-01-31,100.0,-3.319270460859548,-3.4069094155635637,0.007680586381612559,0.08763895470401595,9.215725390577999e-06,0.003035741324714278,0.01629941174160715,1.0
QR2_raw_input_ridge,0,120,2026-03-31,2026-02-28,100.0,-2.9305194230637723,-3.3766875431039756,0.1990659913402092,0.44616812004020323,0.0003689813488522347,0.019208887236178848,0.5484891093703608,0.0
QR2_raw_input_ridge,0,120,2026-04-30,2026-03-31,100.0,-3.2372756219261025,-3.1369229668022145,0.01007065539041401,0.10035265512388802,1.718473739606947e-05,0.004145447791984537,0.018858807731515964,1.0
QR2_raw_input_ridge,0,120,2026-05-31,2026-04-30,100.0,-3.511913129771558,-3.4316201047912043,0.006446969860495673,0.08029302498035351,6.223730553455119e-06,0.002494740578387885,0.012230586400628907,1.0
QR2_raw_input_ridge,0,120,2026-06-30,2026-05-31,100.0,-3.0167824583115244,-3.390395011216996,0.13958633968854386,0.3736125529054717,0.00023296304500071427,0.015263126973222567,0.3639086027137446,1.0
QR2_raw_input_ridge,0,120,2026-07-31,2026-06-30,100.0,-3.371790235714744,-3.2441656839351865,0.01628802621693297,0.12762455177955756,2.183658470374029e-05,0.0046729631609654584,0.02997259110332587,1.0
QR2_raw_input_ridge,0,120,2026-08-31,2026-07-31,100.0,-3.5077496504538077,-3.3377221937175428,0.02890933604420245,0.17002745673626496,3.08413571995564e-05,0.005553499545291815,0.0517861515282213,0.0
QR2_matched_ridge,1,571,2020-01-31,2019-12-31,1.0,-3.3942209625474167,-3.6024923163881004,0.04337695683063129,0.20827135384068374,3.9828542050157905e-05,0.006310985822370219,0.1001660673728697,1.0
QR2_matched_ridge,1,571,2020-02-29,2020-01-31,1.0,-2.656216692100947,-3.5264573087457434,0.7573187308583156,0.8702406166447965,0.0016650023550447448,0.040804440383918325,2.959604600516472,0.0
QR2_matched_ridge,1,571,2020-03-31,2020-02-29,1.0,-1.2968785055181968,-2.8956578354959066,2.556095345963975,1.5987793299777098,0.04757684447356739,0.2181211692467455,20.27515233800291,0.0
QR2_matched_ridge,1,571,2020-04-30,2020-03-31,1.0,-2.134827132729708,-2.2307799330006564,0.009206939879836479,0.09595280027094821,0.00011708181147724231,0.01082043490240768,0.01965054078138681,1.0
QR2_matched_ridge,1,571,2020-05-31,2020-04-30,1.0,-2.753012874659256,-2.674137596469143,0.006221309509567746,0.0788752781901132,2.7360589542123265e-05,0.005230735086211427,0.011813352295445695,1.0
QR2_matched_ridge,1,571,2020-06-30,2020-05-31,1.0,-2.451931103357683,-2.870982862356459,0.17560437671996815,0.4190517589987759,0.0008692991059160542,0.029483878746122502,0.47387467344262313,0.0
QR2_matched_ridge,1,571,2020-07-31,2020-06-30,1.0,-3.218790749890995,-2.845676185126627,0.13921447843930368,0.3731145647643679,0.0003273048094227657,0.0180915673567208,0.22038027798006232,1.0
QR2_matched_ridge,1,571,2020-08-31,2020-07-31,1.0,-3.605902901033218,-3.113609911818945,0.24235238722952443,0.4922929892142731,0.00029850619285629824,0.017277331763217902,0.35817984927153346,0.0
QR2_matched_ridge,1,571,2020-09-30,2020-08-31,1.0,-2.6518079305455564,-3.308475809774513,0.4312127036110553,0.6566678792289564,0.0011527194392356023,0.0339517221836478,1.405221496830635,1.0
QR2_matched_ridge,1,571,2020-10-31,2020-09-30,1.0,-2.7990558904711156,-2.81014774328837,0.00012302919891963782,0.011091852817254555,4.507818927511128e-07,0.0006714029287626863,0.00024788802925359427,1.0
QR2_matched_ridge,1,571,2020-11-30,2020-10-31,1.0,-3.0039008865838612,-2.777467066974329,0.05127227466296224,0.22643381960953235,0.00015882585366897958,0.012602612969895552,0.08866992256303885,0.0
QR2_matched_ridge,1,571,2020-12-31,2020-11-30,1.0,-3.651528771176814,-3.0743883069573053,0.33309111543950987,0.5771404642195086,0.00041072965433911466,0.02026646625189292,0.46956509572925886,1.0
QR2_matched_ridge,1,571,2021-01-31,2020-12-31,1.0,-3.0833520658531506,-3.251298718278816,0.028206078060987193,0.1679466524256652,5.014866720643359e-05,0.007081572368226818,0.0632964252389615,1.0
QR2_matched_ridge,1,571,2021-02-28,2021-01-31,1.0,-3.2488415694882113,-3.0572721266881944,0.03669885141470897,0.19156944280001698,6.718461942007659e-05,0.008196622439766064,0.06485709746790791,0.0
QR2_matched_ridge,1,571,2021-03-31,2021-02-28,1.0,-3.0053155591944845,-3.1883478759430206,0.03350082897433647,0.18303231674853615,6.861100774781942e-05,0.0082831761871772,0.07598381077933919,1.0
QR2_matched_ridge,1,571,2021-04-30,2021-03-31,1.0,-3.42852988588876,-3.168467793994327,0.06763229164050849,0.26006209189443297,9.28027252532177e-05,0.009633417111971104,0.11457090652889795,1.0
QR2_matched_ridge,1,571,2021-05-31,2021-04-30,1.0,-3.25075444008131,-3.3156379736524744,0.004209872928680387,0.06488353357116416,5.9247953107348745e-06,0.002434090242931612,0.008796076525282998,1.0
QR2_matched_ridge,1,571,2021-06-30,2021-05-31,1.0,-3.7043212595884913,-3.22731203475623,0.227537800575075,0.4770092248322615,0.0002264137379545214,0.015047050805872937,0.3392084921396591,0.0
QR2_matched_ridge,1,571,2021-07-31,2021-06-30,1.0,-3.3961998858730538,-3.458752618930447,0.003912844412949488,0.06255273305739317,4.126350725428102e-06,0.002031342099555883,0.008162502019145201,1.0
QR2_matched_ridge,1,571,2021-08-31,2021-07-31,1.0,-3.708249345225621,-3.4354515227343922,0.07441865195595589,0.27279782249122864,5.914302912716774e-05,0.007690450515227813,0.1250921513149052,1.0
QR2_matched_ridge,1,571,2021-09-30,2021-08-31,1.0,-3.2831324409451104,-3.5301585114640686,0.061021879516037304,0.2470260705189582,6.740905663112487e-05,0.00821030185992725,0.14489187377001111,1.0
QR2_matched_ridge,1,571,2021-10-31,2021-09-30,1.0,-3.386780947876349,-3.273337631569254,0.012869386014751589,0.11344331630709492,1.650329977290244e-05,0.004062425355979164,0.023897764851387393,0.0
QR2_matched_ridge,1,571,2021-11-30,2021-10-31,1.0,-3.3064112261583376,-3.4746759243371272,0.028313008653199172,0.16826469817878964,3.221229971034396e-05,0.005675588049739336,0.063550629560442,0.0
QR2_matched_ridge,1,571,2021-12-31,2021-11-30,1.0,-2.9961728370061524,-3.3586463373017086,0.13138703841651253,0.36247350029555614,0.00023090826734559094,0.015195666071139854,0.33967467274736274,0.0
QR2_matched_ridge,1,571,2022-01-31,2021-12-31,1.0,-2.941546598012492,-3.280258535252214,0.11472577642868526,0.3387119372397218,0.00022999239229795317,0.015165500067520134,0.29137544507333935,0.0
QR2_matched_ridge,1,571,2022-02-28,2022-01-31,1.0,-2.799886911249737,-2.9310082446254277,0.017192804066219064,0.13112133337569087,5.585637028382336e-05,0.00747371194814353,0.037599265828189565,1.0
QR2_matched_ridge,1,571,2022-03-31,2022-02-28,1.0,-2.6765886403079335,-2.939889938744341,0.06932757375829805,0.26330129843640737,0.0002536342783649619,0.015925899609283048,0.1665675475473004,0.0
QR2_matched_ridge,1,571,2022-04-30,2022-03-31,1.0,-2.6479040482811675,-3.065153353920891,0.17409698305683122,0.4172493056397233,0.0005833559133285971,0.024152762022770752,0.4691601188967194,0.0
QR2_matched_ridge,1,571,2022-05-31,2022-04-30,1.0,-2.4244039455209907,-2.673461957271846,0.06202989321728912,0.24905801175085518,0.00038095158062643976,0.019517980956708605,0.14750201919437733,0.0
QR2_matched_ridge,1,571,2022-06-30,2022-05-31,1.0,-2.4599056517814564,-2.8326871761704595,0.13896606492578895,0.37278152438900314,0.0007069495752624122,0.026588523374990423,0.36206474943747113,1.0
QR2_matched_ridge,1,571,2022-07-31,2022-06-30,1.0,-2.8821019465281603,-2.4453640132301486,0.19074002238141852,0.4367379332980117,0.0009411198478455579,0.030677676702213906,0.29097372403126853,0.0
QR2_matched_ridge,1,571,2022-08-31,2022-07-31,100.0,-2.844606483048602,-3.0127618198571566,0.028276217297198383,0.16815533680855443,8.102549398197854e-05,0.009001416220905382,0.06346315644798445,0.0
QR2_matched_ridge,1,571,2022-09-30,2022-08-31,100.0,-2.6463004734576345,-2.815102870497644,0.028494249246453062,0.16880239704000966,0.00012131957483297485,0.011014516550124878,0.06398168458185094,1.0
QR2_matched_ridge,1,571,2022-10-31,2022-09-30,100.0,-2.523493614612676,-2.551320921772296,0.0007743590237558266,0.027827307159619785,4.84179545705837e-06,0.0022004080205858118,0.0015778533952264667,1.0
QR2_matched_ridge,1,571,2022-11-30,2022-10-31,100.0,-2.5435772319280385,-2.900902097746915,0.12768105973247798,0.35732486581887635,0.0005574875509423522,0.0236111742813091,0.3288210620833538,1.0
QR2_matched_ridge,1,571,2022-12-31,2022-11-30,100.0,-2.95330714551955,-2.8172374553827497,0.018514960573924807,0.13606969013680015,5.781986712026543e-05,0.007603937606284354,0.03388746130795808,1.0
QR2_matched_ridge,1,571,2023-01-31,2022-12-31,100.0,-3.0445998097233513,-2.758017911161189,0.08212918458349355,0.28658189856216243,0.00024970254964844734,0.01580197929527967,0.1369028554298296,0.0
QR2_matched_ridge,1,571,2023-02-28,2023-01-31,100.0,-3.1746943824188296,-3.040416749799184,0.018030482621936496,0.13427763261964554,3.609701828190286e-05,0.0060080794170768795,0.03303843753621011,0.0
QR2_matched_ridge,1,571,2023-03-31,2023-02-28,100.0,-2.924024732160048,-3.0108517184659354,0.007538925550962771,0.08682698630588748,1.9957134624297128e-05,0.00446734088964533,0.015989872626711144,1.0
QR2_matched_ridge,1,571,2023-04-30,2023-03-31,100.0,-3.4424462204163033,-3.04346726700557,0.15918420526472427,0.39897895341073353,0.00024595575073805285,0.01568297646296942,0.24820538007265514,1.0
QR2_matched_ridge,1,571,2023-05-31,2023-04-30,100.0,-3.2992440662773723,-3.2130236327696617,0.007433963154257542,0.08622043350771058,1.104708015823228e-05,0.0033237148130115315,0.0140489211518805,1.0
QR2_matched_ridge,1,571,2023-06-30,2023-05-31,100.0,-3.4043319921867217,-3.1946993558168546,0.04394584223138091,0.20963263636986706,6.005992187116693e-05,0.0077498336673226045,0.07679502015289091,0.0
QR2_matched_ridge,1,571,2023-07-31,2023-06-30,100.0,-3.766103134731879,-3.36294874580254,0.1625334613129889,0.4031543889293392,0.00013204112827011895,0.011490915031890148,0.25281194838021803,0.0
QR2_matched_ridge,1,571,2023-08-31,2023-07-31,100.0,-3.3080680545326713,-3.438312844591363,0.01696370533743265,0.1302447900586916,1.9962667490665747e-05,0.004467960103969791,0.03707561318756203,1.0
QR2_matched_ridge,1,571,2023-09-30,2023-08-31,100.0,-3.4377168665741427,-3.2542854640103536,0.03364707944651885,0.1834314025637891,4.186634767671869e-05,0.006470420981413705,0.05976750662331409,0.0
QR2_matched_ridge,1,571,2023-10-31,2023-09-30,100.0,-3.193062653385387,-3.2483792291627602,0.0030599235557338777,0.055316575777373256,4.879088001335756e-06,0.002208865772593653,0.00635191589446861,1.0
QR2_matched_ridge,1,571,2023-11-30,2023-10-31,100.0,-3.314231456188941,-3.2016589737090797,0.012672563811678727,0.11257248247986151,1.877188198891644e-05,0.004332652996596478,0.023545435237549123,1.0
QR2_matched_ridge,1,571,2023-12-31,2023-11-30,100.0,-3.5682415676821626,-3.4025707452087746,0.02744682141900886,0.16567082247338805,2.582853902253079e-05,0.005082178570508005,0.04930148473073187,1.0
QR2_matched_ridge,1,571,2024-01-31,2023-12-31,100.0,-3.464679499845587,-3.441307752487421,0.0005462385745739418,0.02337174735816605,5.47230102351432e-07,0.0007397500269357427,0.0010756521550212908,1.0
QR2_matched_ridge,1,571,2024-02-29,2024-01-31,100.0,-3.3448968495093907,-3.387913722479297,0.0018504513601090558,0.043016872969906306,2.204561221687674e-06,0.0014847764887981202,0.00380935952461485,1.0
QR2_matched_ridge,1,571,2024-03-31,2024-02-29,100.0,-3.578980917498339,-3.4678477921444655,0.012350571550919795,0.11113312535387365,1.0758089886763681e-05,0.003279952726300134,0.022968399145507995,1.0
QR2_matched_ridge,1,571,2024-04-30,2024-03-31,100.0,-3.229795427472849,-3.504979997846646,0.0757265477718112,0.27518457037379696,9.059646710593355e-05,0.009518217643337094,0.18352380953988556,1.0
QR2_matched_ridge,1,571,2024-05-31,2024-04-30,100.0,-3.5511189897853304,-3.247271931996808,0.09232303452674152,0.30384705778852217,0.00010378751714895261,0.010187615871682276,0.15229933459394673,1.0
QR2_matched_ridge,1,571,2024-06-30,2024-05-31,100.0,-3.974283728374348,-3.493451314467384,0.23119981026359812,0.4808324139069642,0.00013463026163989484,0.011603028123722482,0.3439207933912206,0.0
QR2_matched_ridge,1,571,2024-07-31,2024-06-30,100.0,-3.1722014727576715,-3.6419090003313945,0.22062516145941977,0.469707527573723,0.0002467712294818699,0.015708953799724215,0.6190693531053939,1.0
QR2_matched_ridge,1,571,2024-08-31,2024-07-31,100.0,-2.872824298145019,-3.387234032804953,0.2646173751129036,0.5144097346599339,0.0005169700216719453,0.022736974769567417,0.7689415723128932,0.0
QR2_matched_ridge,1,571,2024-09-30,2024-08-31,100.0,-3.260469768692696,-3.1672051521302897,0.008698288702532623,0.09326461656240603,1.4068404515101113e-05,0.003750787186058563,0.016363536071825058,1.0
QR2_matched_ridge,1,571,2024-10-31,2024-09-30,100.0,-3.4205129328690873,-3.2379638103085933,0.033324182147606275,0.18254912256049405,4.287710944958484e-05,0.006548061503191982,0.05922669791513124,0.0
QR2_matched_ridge,1,571,2024-11-30,2024-10-31,100.0,-3.343202830242378,-3.313581068670654,0.0008774487586120663,0.029621761571724026,1.1278439261641017e-06,0.0010619999652373355,0.0017207493354195191,1.0
QR2_matched_ridge,1,571,2024-12-31,2024-11-30,100.0,-3.197711188525805,-3.4438718712015763,0.06059508169540171,0.24616068267577118,7.947424378725424e-05,0.008914832796371126,0.14378845838622967,0.0
QR2_matched_ridge,1,571,2025-01-31,2024-12-31,100.0,-3.243856524094862,-3.25492220766915,0.0001224493529662709,0.011065683574288165,1.8432200414666078e-07,0.0004293273857403704,0.00024671539396192363,1.0
QR2_matched_ridge,1,571,2025-02-28,2025-01-31,1.0,-3.336086010210643,-3.328812351847865,5.290610597840616e-05,0.007273658362777713,6.744956159234427e-08,0.0002597105342344516,0.00010530097799122534,1.0
QR2_matched_ridge,1,571,2025-03-31,2025-02-28,1.0,-2.8188957116043185,-3.292961619560057,0.22473848508589878,0.47406590795573855,0.0005075162056118561,0.02252812033019746,0.6327517711606108,1.0
QR2_matched_ridge,1,571,2025-04-30,2025-03-31,100.0,-1.9836117337402832,-3.034846429749641,1.105094386093887,1.051234696009358,0.008008356498603394,0.08948942115470071,5.083890914092931,0.0
QR2_matched_ridge,1,571,2025-05-31,2025-04-30,1.0,-3.0297758721398087,-2.7761885822834635,0.06430651357668601,0.25358728985634515,0.0001945730668920503,0.013948945010001663,0.10936921005280636,1.0
QR2_matched_ridge,1,571,2025-06-30,2025-05-31,1.0,-3.53015126294113,-3.0351347291019914,0.2450413687741148,0.49501653383913835,0.0003522266684351586,0.01876770280122633,0.36159747172500056,1.0
QR2_matched_ridge,1,571,2025-07-31,2025-06-30,100.0,-3.950725844114382,-3.2660067519902225,0.46884023511933354,0.6847190921241597,0.0003578819710598253,0.018917768659644438,0.6236879452038907,0.0
QR2_matched_ridge,1,571,2025-08-31,2025-07-31,100.0,-3.3885322185760227,-3.4968288815733137,0.01172816721634882,0.10829666299729102,1.2005499464506877e-05,0.0034648953035419233,0.025245649808894682,1.0
QR2_matched_ridge,1,571,2025-09-30,2025-08-31,100.0,-3.84430960652608,-3.4111424469545324,0.1876337881312826,0.4331671595715476,0.0001346134214482738,0.011602302420135144,0.2868244292785478,1.0
QR2_matched_ridge,1,571,2025-10-31,2025-09-30,100.0,-3.200563742469265,-3.571227520744723,0.13739163652543776,0.3706637782754578,0.0001592118566480317,0.012617918078987187,0.35739227862867007,1.0
QR2_matched_ridge,1,571,2025-11-30,2025-10-31,100.0,-3.187697796475165,-3.3242514474844933,0.018646899603977446,0.13655365100932837,2.7744554678287958e-05,0.005267310004004697,0.04093393451887817,0.0
QR2_matched_ridge,1,571,2025-12-31,2025-11-30,100.0,-3.6690396499504754,-3.2553481211001927,0.17114068104248428,0.4136915288502827,0.00017073196338887714,0.013066444175401246,0.26457495426456534,1.0
QR2_matched_ridge,1,571,2026-01-31,2025-12-31,100.0,-3.5432590006801346,-3.377305782377219,0.027540470665095216,0.16595321830291576,2.7252400038734197e-05,0.00522038313141231,0.04946089315005292,1.0
QR2_matched_ridge,1,571,2026-02-28,2026-01-31,100.0,-3.319270460859548,-3.4227707494351525,0.010712309735233443,0.10350028857560467,1.265433955598565e-05,0.003557293852914832,0.02298270451567702,1.0
QR2_matched_ridge,1,571,2026-03-31,2026-02-28,100.0,-2.9305194230637723,-3.3478042712277443,0.17412664450722912,0.41728484816397193,0.00033152526379029304,0.018207835230754178,0.46925279536120645,0.0
QR2_matched_ridge,1,571,2026-04-30,2026-03-31,100.0,-3.2372756219261025,-3.0436689471632916,0.03748354451271284,0.1936066747628109,7.037481003647059e-05,0.008388969545568191,0.06615957614364398,1.0
QR2_matched_ridge,1,571,2026-05-31,2026-04-30,100.0,-3.511913129771558,-3.3723126429237444,0.019488295928146507,0.13960048684781334,1.998470725545809e-05,0.004470425847216134,0.035588847567897014,1.0
QR2_matched_ridge,1,571,2026-06-30,2026-05-31,100.0,-3.0167824583115244,-3.447740710639521,0.18572501524960125,0.43095825232799667,0.00029381563480637983,0.017141051158151878,0.5057775402288909,1.0
QR2_matched_ridge,1,571,2026-07-31,2026-06-30,100.0,-3.371790235714744,-3.207228674007721,0.02708050759145436,0.16456156170702307,3.770552974124893e-05,0.006140482858965485,0.04867754071045055,1.0
QR2_matched_ridge,1,571,2026-08-31,2026-07-31,100.0,-3.5077496504538077,-3.310527729068013,0.03889648627510456,0.19722192138579464,4.2675378702205866e-05,0.006532639489686069,0.06849865825151596,0.0
QR2_matched_ridge,1,120,2020-01-31,2019-12-31,100.0,-3.3942209625474167,-3.5836260596366367,0.03587429080337687,0.18940509708922004,3.3546005430413355e-05,0.005791891351744554,0.08173559516086193,1.0
QR2_matched_ridge,1,120,2020-02-29,2020-01-31,100.0,-2.656216692100947,-3.4783140278461993,0.6758440294394421,0.8220973357452523,0.0015487344318204067,0.039353963355936675,2.5326445001034132,0.0
QR2_matched_ridge,1,120,2020-03-31,2020-02-29,100.0,-1.2968785055181968,-2.906657849276663,2.5913895355914374,1.609779343758466,0.04784094412758043,0.21872572808789648,20.797518708795785,0.0
QR2_matched_ridge,1,120,2020-04-30,2020-03-31,1.0,-2.134827132729708,-1.380056018409919,0.5696794350115361,0.754771114319789,0.01776873741472674,0.1332994276609121,0.730553356009983,1.0
QR2_matched_ridge,1,120,2020-05-31,2020-04-30,100.0,-2.753012874659256,-2.806451141196262,0.0028556483304800605,0.053438266537005674,1.0999261470164006e-05,0.003316513450924631,0.005920319316567529,1.0
QR2_matched_ridge,1,120,2020-06-30,2020-05-31,100.0,-2.451931103357683,-3.138641941956415,0.4715717758489737,0.6867108385987319,0.001830597904410593,0.04278548707693525,1.5754175816063176,0.0
QR2_matched_ridge,1,120,2020-07-31,2020-06-30,100.0,-3.218790749890995,-2.982644160538979,0.055765211662589596,0.23614658935201582,0.00011353549734184417,0.010655303718892492,0.09586384717958935,1.0
QR2_matched_ridge,1,120,2020-08-31,2020-07-31,100.0,-3.605902901033218,-3.299304435983421,0.09400261877089162,0.30659846504979704,9.498300751737947e-05,0.009745922609859955,0.1548135180908885,1.0
QR2_matched_ridge,1,120,2020-09-30,2020-08-31,100.0,-2.6518079305455564,-3.487513270000848,0.6984034143940845,0.8357053394552918,0.0015957453906475464,0.03994678198112517,2.648256169484645,1.0
QR2_matched_ridge,1,120,2020-10-31,2020-09-30,100.0,-2.7990558904711156,-2.976749448715326,0.03157500064148863,0.17769355824421051,9.819410533312802e-05,0.009909293886706964,0.0713457427167179,1.0
QR2_matched_ridge,1,120,2020-11-30,2020-10-31,100.0,-3.0039008865838612,-2.9871848475693055,0.00027942596033615037,0.01671603901455576,6.988458491480576e-07,0.0008359700049332258,0.0005526757667958793,1.0
QR2_matched_ridge,1,120,2020-12-31,2020-11-30,100.0,-3.651528771176814,-3.2670686629876684,0.14780957478880943,0.38446010818914544,0.000148025559971979,0.012166575523621222,0.23243350863552847,1.0
QR2_matched_ridge,1,120,2021-01-31,2020-12-31,100.0,-3.0833520658531506,-3.412524199488736,0.10835429356220376,0.3291721336355855,0.00016505962179599884,0.012847553144315023,0.27324721874526703,1.0
QR2_matched_ridge,1,120,2021-02-28,2021-01-31,1.0,-3.2488415694882113,-3.108128000051823,0.019800308623529224,0.14071356943638813,3.440262905972168e-05,0.005865375440645013,0.03613304126760769,1.0
QR2_matched_ridge,1,120,2021-03-31,2021-02-28,1.0,-3.0053155591944845,-3.241033432967312,0.055562916015982684,0.2357178737728276,0.00010815337822554473,0.010399681640586154,0.1308572832880157,1.0
QR2_matched_ridge,1,120,2021-04-30,2021-03-31,1.0,-3.42852988588876,-3.3871016031802643,0.001716302608175029,0.04142828270849552,1.8821959311613578e-06,0.0013719314600815005,0.003339732288004535,1.0
QR2_matched_ridge,1,120,2021-05-31,2021-04-30,1.0,-3.25075444008131,-3.3999405451537488,0.02225649394668468,0.14918610507243857,2.8833805086122e-05,0.005369711825239973,0.04929109834865664,1.0
QR2_matched_ridge,1,120,2021-06-30,2021-05-31,1.0,-3.7043212595884913,-3.3162448621267675,0.15060329026686986,0.38807639746172384,0.00013623384816160102,0.011671925640681619,0.23632578494781753,1.0
QR2_matched_ridge,1,120,2021-07-31,2021-06-30,1.0,-3.3961998858730538,-3.468727137736564,0.005260202262873023,0.07252725186351006,5.492788584074718e-06,0.0023436698965670737,0.011048076723293138,1.0
QR2_matched_ridge,1,120,2021-08-31,2021-07-31,1.0,-3.708249345225621,-3.5652214885601827,0.020456967782309123,0.14302785666543816,1.4215209021651848e-05,0.0037703062238566044,0.03727647510099372,1.0
QR2_matched_ridge,1,120,2021-09-30,2021-08-31,1.0,-3.2831324409451104,-3.602456563827304,0.10196789545448234,0.3193241228821937,0.00010514227188388646,0.010253890573040384,0.2552707893611573,1.0
QR2_matched_ridge,1,120,2021-10-31,2021-09-30,1.0,-3.386780947876349,-3.3253449663747197,0.0037743798230685265,0.06143598150162921,4.591376960210865e-06,0.0021427498594588368,0.007248851276146662,1.0
QR2_matched_ridge,1,120,2021-11-30,2021-10-31,1.0,-3.3064112261583376,-3.584475129287825,0.07731953422360506,0.2780639031294876,7.914287013485595e-05,0.008896227859877238,0.18777885870535127,0.0
QR2_matched_ridge,1,120,2021-12-31,2021-11-30,1.0,-2.9961728370061524,-3.4607803426378854,0.21586013428934073,0.4646075056317329,0.00034494633966860753,0.01857273107727045,0.6033053858845756,0.0
QR2_matched_ridge,1,120,2022-01-31,2021-12-31,1.0,-2.941546598012492,-3.5059678122204394,0.31857130704797343,0.5644212142079472,0.0005183054230650759,0.02276632212424914,0.96323270095654,0.0
QR2_matched_ridge,1,120,2022-02-28,2022-01-31,1.0,-2.799886911249737,-2.868174684635955,0.004663219994047455,0.06828777338621794,1.6115611571971546e-05,0.004014425434850116,0.009765930130837347,1.0
QR2_matched_ridge,1,120,2022-03-31,2022-02-28,1.0,-2.6765886403079335,-3.0511893179709633,0.1403256677056011,0.37460067766302974,0.00046202703251701106,0.021494814084262535,0.36610860546548674,0.0
QR2_matched_ridge,1,120,2022-04-30,2022-03-31,100.0,-2.6479040482811675,-3.1790121155065068,0.28207577907183545,0.5311080672253392,0.0008510459960124719,0.02917269264247769,0.8305585340903194,0.0
QR2_matched_ridge,1,120,2022-05-31,2022-04-30,100.0,-2.4244039455209907,-2.8557913226453193,0.18609506914220772,0.4313873771243286,0.0009622762985186767,0.031020578629656098,0.5069522353479998,0.0
QR2_matched_ridge,1,120,2022-06-30,2022-05-31,100.0,-2.4599056517814564,-2.996335375358012,0.28775684833641985,0.5364297235765556,0.001258344937197896,0.0354731579817458,0.8508683565136614,1.0
QR2_matched_ridge,1,120,2022-07-31,2022-06-30,100.0,-2.8821019465281603,-2.683264120636886,0.03953648100516867,0.1988378258912742,0.00015185204356204574,0.012322826119119175,0.0695555671597961,1.0
QR2_matched_ridge,1,120,2022-08-31,2022-07-31,100.0,-2.844606483048602,-3.1978640257187503,0.1247908914533515,0.3532575426701481,0.00029955938735862876,0.017307784010630267,0.3204002240523611,0.0
QR2_matched_ridge,1,120,2022-09-30,2022-08-31,100.0,-2.6463004734576345,-2.9487257723786717,0.0914610614274787,0.3024252989210372,0.00034249542882092566,0.01850663202262707,0.22612803844866214,0.0
QR2_matched_ridge,1,120,2022-10-31,2022-09-30,100.0,-2.523493614612676,-2.6503392075578516,0.016089804449613155,0.1268455929451755,9.123594028391735e-05,0.00955175063974753,0.03508256539988508,0.0
QR2_matched_ridge,1,120,2022-11-30,2022-10-31,100.0,-2.5435772319280385,-3.0726897667527764,0.27996007450865945,0.5291125348247379,0.0010425355983230094,0.03228831984360613,0.8230273560374675,1.0
QR2_matched_ridge,1,120,2022-12-31,2022-11-30,100.0,-2.95330714551955,-2.9466602431830156,4.4181310671425274e-05,0.0066469023365343105,1.2103665531756204e-07,0.00034790322694330106,8.797236073988628e-05,1.0
QR2_matched_ridge,1,120,2023-01-31,2022-12-31,100.0,-3.0445998097233513,-2.890410097510883,0.023774467352163778,0.15418971221246824,6.301283208105597e-05,0.00793806223716191,0.04301595050567081,0.0
QR2_matched_ridge,1,120,2023-02-28,2023-01-31,100.0,-3.1746943824188296,-3.1575074352965,0.0002953911513857537,0.0171869471223296,5.252521810384543e-07,0.0007247428378662699,0.0005840709129637384,1.0
QR2_matched_ridge,1,120,2023-03-31,2023-02-28,100.0,-2.924024732160048,-3.1034998011477306,0.032211300388133475,0.17947506898768273,7.788486412801772e-05,0.008825240173956611,0.07287526810267586,1.0
QR2_matched_ridge,1,120,2023-04-30,2023-03-31,100.0,-3.4424462204163033,-3.143084412434891,0.08961749207789992,0.2993618079814122,0.00012461608936086701,0.011163157678760388,0.14823619370878327,1.0
QR2_matched_ridge,1,120,2023-05-31,2023-04-30,100.0,-3.2992440662773723,-3.2722171025164473,0.0007304567701343564,0.02702696376092506,1.0225195752107593e-06,0.0010111971000802758,0.0014349427356491959,1.0
QR2_matched_ridge,1,120,2023-06-30,2023-05-31,100.0,-3.4043319921867217,-3.25904113603924,0.02110943288006816,0.1452908561474815,2.700065047352261e-05,0.005196215014173548,0.03841013233400259,0.0
QR2_matched_ridge,1,120,2023-07-31,2023-06-30,100.0,-3.766103134731879,-3.4192154164710633,0.12033108908019517,0.3468877182608159,9.20840089940144e-05,0.009596041318898872,0.1934614071965155,1.0
QR2_matched_ridge,1,120,2023-08-31,2023-07-31,100.0,-3.3080680545326713,-3.4655934369723917,0.024814246112780197,0.15752538243972047,2.8433816031124367e-05,0.005332336826488399,0.05527810889193824,1.0
QR2_matched_ridge,1,120,2023-09-30,2023-08-31,100.0,-3.4377168665741427,-3.2826450198202046,0.02404727765567684,0.15507184675393804,2.9061629375381247e-05,0.0053908839141073375,0.043485265737863654,0.0
QR2_matched_ridge,1,120,2023-10-31,2023-09-30,100.0,-3.193062653385387,-3.228856569725515,0.0012812044469640955,0.035793916340128185,2.0828630871877055e-06,0.0014432127657375074,0.0026246648404519707,1.0
QR2_matched_ridge,1,120,2023-11-30,2023-10-31,100.0,-3.314231456188941,-3.2186269649245736,0.009140218749918551,0.09560449126436765,1.3307699841862779e-05,0.0036479720176918543,0.01716894144146236,1.0
QR2_matched_ridge,1,120,2023-12-31,2023-11-30,100.0,-3.5682415676821626,-3.44877472094261,0.01427232746989179,0.11946684673955277,1.2810315311005622e-05,0.0035791500822130416,0.02640078832413867,1.0
QR2_matched_ridge,1,120,2024-01-31,2023-12-31,100.0,-3.464679499845587,-3.459237787425524,2.9612234062670023e-05,0.005441712420063194,2.9137559554268762e-08,0.00017069727459531614,5.901019642893558e-05,1.0
QR2_matched_ridge,1,120,2024-02-29,2024-01-31,100.0,-3.3448968495093907,-3.39568161237792,0.002579092139612762,0.0507847628685294,3.049047326797318e-06,0.001746152148811013,0.00533734849592668,1.0
QR2_matched_ridge,1,120,2024-03-31,2024-02-29,100.0,-3.578980917498339,-3.4893240794197284,0.008038348614254216,0.08965683807861069,6.850651556170765e-06,0.002617374936108842,0.01515735019777506,1.0
QR2_matched_ridge,1,120,2024-04-30,2024-03-31,100.0,-3.229795427472849,-3.5105850544780437,0.07884281463371644,0.28078962700519483,9.382176847741886e-05,0.009686163764742926,0.1918601871288219,1.0
QR2_matched_ridge,1,120,2024-05-31,2024-04-30,100.0,-3.5511189897853304,-3.2431009989414474,0.09487508268350235,0.3080179908438829,0.00010712500385109265,0.010350120958283176,0.1561170729533215,1.0
QR2_matched_ridge,1,120,2024-06-30,2024-05-31,100.0,-3.974283728374348,-3.495229074331286,0.22949336156031785,0.479054654043062,0.00013338031844548076,0.01154903971962521,0.3417268113427889,0.0
QR2_matched_ridge,1,120,2024-07-31,2024-06-30,100.0,-3.1722014727576715,-3.6192295811330593,0.1998341296776774,0.44702810837538776,0.0002282489903393579,0.01510791151481097,0.5509709077992153,1.0
QR2_matched_ridge,1,120,2024-08-31,2024-07-31,100.0,-2.872824298145019,-3.3763544075867555,0.25354257111440726,0.5035301094417366,0.0005002922363690355,0.022367213424318987,0.7304811826701869,0.0
QR2_matched_ridge,1,120,2024-09-30,2024-08-31,100.0,-3.260469768692696,-3.1767035773486,0.007016774812295688,0.08376619134409591,1.1239904118068085e-05,0.0033525966232262547,0.013281611900010537,1.0
QR2_matched_ridge,1,120,2024-10-31,2024-09-30,100.0,-3.4205129328690873,-3.24645746996154,0.030295304167960634,0.17405546290754748,3.864052399978863e-05,0.006216150255567238,0.054131481780046675,0.0
QR2_matched_ridge,1,120,2024-11-30,2024-10-31,100.0,-3.343202830242378,-3.305063875836559,0.0014545798431691611,0.03813895440581927,1.8857523722938237e-06,0.0013732269922681478,0.0028365807676738325,1.0
QR2_matched_ridge,1,120,2024-12-31,2024-11-30,100.0,-3.197711188525805,-3.4373446122405493,0.05742417776125011,0.23963342371474416,7.57886062847356e-05,0.008705665183358226,0.13562315988542617,0.0
QR2_matched_ridge,1,120,2025-01-31,2024-12-31,100.0,-3.243856524094862,-3.2361001509341465,6.016132460826486e-05,0.007756373160715313,9.228054275356208e-08,0.000303777126778107,0.00011970287642827475,1.0
QR2_matched_ridge,1,120,2025-02-28,2025-01-31,100.0,-3.336086010210643,-3.322688926176232,0.00017948186062506654,0.013397084034410867,2.3022784458455703e-07,0.0004798206379310471,0.0003557790377430002,1.0
QR2_matched_ridge,1,120,2025-03-31,2025-02-28,100.0,-2.8188957116043185,-3.263529298649866,0.1976990267289903,0.44463358704554734,0.000458758504392507,0.021418648519281207,0.5440786048125559,1.0
QR2_matched_ridge,1,120,2025-04-30,2025-03-31,100.0,-1.9836117337402832,-3.052826849876825,1.1432209645748785,1.0692151161365417,0.008162441377731752,0.09034623056736651,5.3476757202815275,0.0
QR2_matched_ridge,1,120,2025-05-31,2025-04-30,100.0,-3.0297758721398087,-2.6894641988499526,0.11581203497734177,0.3403116732898561,0.0003838014657212262,0.019590851582338788,0.18692463938123077,1.0
QR2_matched_ridge,1,120,2025-06-30,2025-05-31,100.0,-3.53015126294113,-3.1937473552869102,0.11316758908502869,0.33640390765421957,0.00013729724193607896,0.011717390577090061,0.18308162514114706,1.0
QR2_matched_ridge,1,120,2025-07-31,2025-06-30,100.0,-3.950725844114382,-3.3829813890381697,0.3223337662697855,0.5677444550762125,0.0002162477968441175,0.014705366260114622,0.4567539233574912,0.0
QR2_matched_ridge,1,120,2025-08-31,2025-07-31,100.0,-3.3885322185760227,-3.5162190774483033,0.016303933928669703,0.1276868588722806,1.637521454763376e-05,0.004046630023566988,0.035570261662081715,1.0
QR2_matched_ridge,1,120,2025-09-30,2025-08-31,100.0,-3.84430960652608,-3.417430506533223,0.1822257660107117,0.4268790999928571,0.00012985572726688084,0.011395425716790086,0.2795698357841697,1.0
QR2_matched_ridge,1,120,2025-10-31,2025-09-30,100.0,-3.200563742469265,-3.5700358635693883,0.13650964827022416,0.3694721211001233,0.00015836679968584452,0.012584387139858839,0.35477963970651594,1.0
QR2_matched_ridge,1,120,2025-11-30,2025-10-31,100.0,-3.187697796475165,-3.3088734564562907,0.014683540571861409,0.12117565998112578,2.217875130765706e-05,0.004709432164036027,0.03189046080036628,0.0
QR2_matched_ridge,1,120,2025-12-31,2025-11-30,100.0,-3.6690396499504754,-3.248411868696926,0.17692773036228387,0.4206277812535495,0.000177819218249901,0.013334887260487094,0.27242438652893686,1.0
QR2_matched_ridge,1,120,2026-01-31,2025-12-31,100.0,-3.5432590006801346,-3.3579974082681767,0.034321857623014394,0.18526159241195783,3.464455626458582e-05,0.00588596264553096,0.06089622826035462,1.0
QR2_matched_ridge,1,120,2026-02-28,2026-01-31,100.0,-3.319270460859548,-3.3898718492088693,0.00498455603685171,0.0706013883493215,6.0822376996310485e-06,0.0024662193129628696,0.010455377048919412,1.0
QR2_matched_ridge,1,120,2026-03-31,2026-02-28,100.0,-2.9305194230637723,-3.327420097307116,0.15753014521482095,0.39690067424334385,0.00030568125803518206,0.017483742678133365,0.41798689544616363,0.0
QR2_matched_ridge,1,120,2026-04-30,2026-03-31,100.0,-3.2372756219261025,-3.0341662341568156,0.04125342340001455,0.2031093877692869,7.821677416767621e-05,0.008844024771995848,0.07238318654227566,1.0
QR2_matched_ridge,1,120,2026-05-31,2026-04-30,100.0,-3.511913129771558,-3.428121911036037,0.007020968337183922,0.08379121873552098,6.801930255036194e-06,0.0026080510453279464,0.013289333948333565,1.0
QR2_matched_ridge,1,120,2026-06-30,2026-05-31,100.0,-3.0167824583115244,-3.4927686447841766,0.22656284971277846,0.47598618647265223,0.00034380384725877806,0.01854194831345342,0.6388423029903372,1.0
QR2_matched_ridge,1,120,2026-07-31,2026-06-30,100.0,-3.371790235714744,-3.211506555180783,0.02569085824551284,0.16028368053396091,3.561383383011752e-05,0.005967732721068993,0.04630452629954074,1.0
QR2_matched_ridge,1,120,2026-08-31,2026-07-31,100.0,-3.5077496504538077,-3.302162737908101,0.0422659786100761,0.20558691254570682,4.6774879221138274e-05,0.006839216272434896,0.07404552294369804,0.0
QR2_matched_ridge,2,571,2020-01-31,2019-12-31,1.0,-3.3942209625474167,-3.606299153914744,0.044977159253636705,0.2120781913673273,4.1146408459284945e-05,0.0064145466292860435,0.10414419218593396,1.0
QR2_matched_ridge,2,571,2020-02-29,2020-01-31,1.0,-2.656216692100947,-3.516346063509275,0.7398225355592859,0.8601293714083282,0.0016407012962698555,0.040505571175701936,2.86571486503614,0.0
QR2_matched_ridge,2,571,2020-03-31,2020-02-29,1e-08,-1.2968785055181968,-2.9250526772197496,2.6509511333960374,1.6281741717015528,0.048277741271566726,0.21972196356205886,21.698238303774573,0.0
QR2_matched_ridge,2,571,2020-04-30,2020-03-31,1.0,-2.134827132729708,-2.18421286086887,0.0024389501438352042,0.049385728139161866,3.247550798878158e-05,0.005698728629157698,0.0050425446912071015,1.0
QR2_matched_ridge,2,571,2020-05-31,2020-04-30,1.0,-2.753012874659256,-2.719223093523172,0.0011417493092244803,0.03378978113608433,4.79788897230593e-06,0.0021904084030851256,0.0022329167852922494,1.0
QR2_matched_ridge,2,571,2020-06-30,2020-05-31,1.0,-2.451931103357683,-2.6846631036098354,0.05416418394136789,0.23273200025215246,0.0003197989750905547,0.017882924120248195,0.1272890551733259,1.0
QR2_matched_ridge,2,571,2020-07-31,2020-06-30,1.0,-3.218790749890995,-2.8849738761395223,0.11143370520120661,0.3338168737514726,0.00025131271217246885,0.015852845554425517,0.18055459068681318,1.0
QR2_matched_ridge,2,571,2020-08-31,2020-07-31,1.0,-3.605902901033218,-3.1245475942839036,0.23170293133572675,0.4813553067493146,0.000282035316375022,0.01679390712059055,0.3445670302168823,0.0
QR2_matched_ridge,2,571,2020-09-30,2020-08-31,1.0,-2.6518079305455564,-3.270929821925554,0.3833119163859456,0.6191218913799976,0.0010596647145747035,0.03255249167997288,1.2113062000153376,1.0
QR2_matched_ridge,2,571,2020-10-31,2020-09-30,1.0,-2.7990558904711156,-2.8242666625882755,0.0006355830307433691,0.02521077211715994,2.296240334321746e-06,0.0015153350567850485,0.0012928028294107025,1.0
QR2_matched_ridge,2,571,2020-11-30,2020-10-31,1.0,-3.0039008865838612,-2.818619124144406,0.03432933149267078,0.18528176243945538,0.00010191053924602627,0.010095074999524584,0.06090871919053176,1.0
QR2_matched_ridge,2,571,2020-12-31,2020-11-30,1.0,-3.651528771176814,-3.0463227849052386,0.36627428581895016,0.6052059862715753,0.0004657813980014995,0.021581969279968395,0.5084864281832223,1.0
QR2_matched_ridge,2,571,2021-01-31,2020-12-31,1.0,-3.0833520658531506,-3.2796104705524547,0.03851736141511584,0.1962584046993041,6.66270451566815e-05,0.008162539136609484,0.08818594539606733,1.0
QR2_matched_ridge,2,571,2021-02-28,2021-01-31,1.0,-3.2488415694882113,-3.103894891755685,0.021009539385696913,0.14494667773252656,3.6662187013548394e-05,0.006054930801714285,0.038236725518973724,1.0
QR2_matched_ridge,2,571,2021-03-31,2021-02-28,1.0,-3.0053155591944845,-3.2103354576003937,0.04203315874236936,0.20501989840590928,8.427325879885996e-05,0.009180046775417866,0.0968379560381285,1.0
QR2_matched_ridge,2,571,2021-04-30,2021-03-31,1.0,-3.42852988588876,-3.147117385004745,0.07919299565379558,0.2814125008840147,0.00011111780344363831,0.01054124297431941,0.13242267616224518,1.0
QR2_matched_ridge,2,571,2021-05-31,2021-04-30,1.0,-3.25075444008131,-3.318090544200224,0.004534150917913227,0.067336104118914,6.365711211861451e-06,0.0025230361099004214,0.009489467866128698,1.0
QR2_matched_ridge,2,571,2021-06-30,2021-05-31,1.0,-3.7043212595884913,-3.2524742410455714,0.20416572816612588,0.45184701854292,0.00019772492409381336,0.01406146948557701,0.3087645840192622,1.0
QR2_matched_ridge,2,571,2021-07-31,2021-06-30,1.0,-3.3961998858730538,-3.4421363409791192,0.002110157907711569,0.04593645510606548,2.262244988549081e-06,0.001504076124585814,0.004352583949786049,1.0
QR2_matched_ridge,2,571,2021-08-31,2021-07-31,1.0,-3.708249345225621,-3.400428879086204,0.09475343937428786,0.3078204661394168,7.811992077604324e-05,0.008838547435865422,0.1559354244094367,1.0
QR2_matched_ridge,2,571,2021-09-30,2021-08-31,1.0,-3.2831324409451104,-3.4952912718096085,0.045011369513790735,0.21215883086449816,5.141840701317987e-05,0.007170662940982505,0.10422941584868328,1.0
QR2_matched_ridge,2,571,2021-10-31,2021-09-30,1.0,-3.386780947876349,-3.2583220373469284,0.016501691694405657,0.1284589105294205,2.1487903486551984e-05,0.00463550466363178,0.030349592016718996,0.0
QR2_matched_ridge,2,571,2021-11-30,2021-10-31,1.0,-3.3064112261583376,-3.4389135303161433,0.01755686060712766,0.13250230415780573,2.0683539103587257e-05,0.004547915907708415,0.038432374097911726,0.0
QR2_matched_ridge,2,571,2021-12-31,2021-11-30,1.0,-2.9961728370061524,-3.3604063890997242,0.13266608047070066,0.3642335520935718,0.00023277088902099623,0.015256830897043994,0.3434350578475265,0.0
QR2_matched_ridge,2,571,2022-01-31,2021-12-31,1.0,-2.941546598012492,-3.2881165580636673,0.12011073720987313,0.34656996005117513,0.00023901002076424612,0.015459948925020617,0.30684555903517374,0.0
QR2_matched_ridge,2,571,2022-02-28,2022-01-31,1.0,-2.799886911249737,-2.9245242319846296,0.015534461719972527,0.12463732073489275,5.078999566311388e-05,0.007126710016768879,0.03381973413906547,1.0
QR2_matched_ridge,2,571,2022-03-31,2022-02-28,1.0,-2.6765886403079335,-2.957823074078023,0.07909280673798291,0.2812344337700896,0.00028444850199298887,0.016865601145319098,0.19253115110204533,0.0
QR2_matched_ridge,2,571,2022-04-30,2022-03-31,0.01,-2.6479040482811675,-3.0775951142961295,0.18463441221307442,0.429691066014962,0.0006115498256040381,0.02472953346919505,0.502318891363291,0.0
QR2_matched_ridge,2,571,2022-05-31,2022-04-30,1e-08,-2.4244039455209907,-2.5987407980869883,0.030393338162618393,0.17433685256599762,0.000200610680599313,0.014163709987122478,0.06851298901372233,1.0
QR2_matched_ridge,2,571,2022-06-30,2022-05-31,1e-08,-2.4599056517814564,-2.896547725368335,0.19065630042624926,0.4366420735868788,0.0009138231777024188,0.030229508393330162,0.5214785591469584,1.0
QR2_matched_ridge,2,571,2022-07-31,2022-06-30,1e-08,-2.8821019465281603,-2.3889053252285324,0.2432429072613686,0.49319662129962794,0.0012754290127210566,0.035713149017148525,0.3593125403745475,0.0
QR2_matched_ridge,2,571,2022-08-31,2022-07-31,100.0,-2.844606483048602,-2.991167544475732,0.021480144726646905,0.14656106142712977,6.285936632419395e-05,0.007928389894814328,0.04748437627304419,0.0
QR2_matched_ridge,2,571,2022-09-30,2022-08-31,100.0,-2.6463004734576345,-2.8148527124771165,0.028409857278480596,0.16855223901948202,0.00012098967279144723,0.01099953057141291,0.0637809398153133,1.0
QR2_matched_ridge,2,571,2022-10-31,2022-09-30,100.0,-2.523493614612676,-2.5553482721400615,0.0010147192061870163,0.03185465752738548,6.3193090933995205e-06,0.0025138236002948816,0.0020732317330250244,1.0
QR2_matched_ridge,2,571,2022-11-30,2022-10-31,100.0,-2.5435772319280385,-2.8877019657372935,0.11842183241929062,0.344124733809255,0.0005235266559842432,0.022880704883902578,0.30197905497713284,1.0
QR2_matched_ridge,2,571,2022-12-31,2022-11-30,100.0,-2.95330714551955,-2.8324165508560846,0.014614535878086265,0.1208905946634653,4.493719974391446e-05,0.006703521443533575,0.027009164344241582,1.0
QR2_matched_ridge,2,571,2023-01-31,2022-12-31,100.0,-3.0445998097233513,-2.771149369660304,0.07477514317067423,0.2734504400630473,0.0002242404699207556,0.01497466092840688,0.12564150066452684,0.0
QR2_matched_ridge,2,571,2023-02-28,2023-01-31,100.0,-3.1746943824188296,-3.0338155894411516,0.019846834310847463,0.14087879297767802,4.000255993259673e-05,0.006324757697540415,0.036214139187156075,0.0
QR2_matched_ridge,2,571,2023-03-31,2023-02-28,100.0,-2.924024732160048,-3.020128522012678,0.009235938424038515,0.09610378985263024,2.422714870398534e-05,0.004922108156469679,0.019714481575268672,1.0
QR2_matched_ridge,2,571,2023-04-30,2023-03-31,100.0,-3.4424462204163033,-3.050224573573768,0.15383782025187043,0.39222164684253524,0.00023598938869049185,0.015361946123147674,0.24081699088292263,1.0
QR2_matched_ridge,2,571,2023-05-31,2023-04-30,100.0,-3.2992440662773723,-3.216284990672901,0.006882208225148395,0.08295907560447136,1.0193387950050821e-05,0.003192708560149332,0.013033717945934303,1.0
QR2_matched_ridge,2,571,2023-06-30,2023-05-31,100.0,-3.4043319921867217,-3.193810344959841,0.04431936395111912,0.2105216472268805,6.062616406492799e-05,0.007786280502584529,0.07740497842720068,0.0
QR2_matched_ridge,2,571,2023-07-31,2023-06-30,100.0,-3.766103134731879,-3.3633185075381578,0.16223545590358515,0.40278462719372143,0.0001317470423844063,0.011478111446767116,0.2524027466088351,0.0
QR2_matched_ridge,2,571,2023-08-31,2023-07-31,100.0,-3.3080680545326713,-3.44742219792591,0.019419577280863305,0.1393541433932386,2.2650111128274228e-05,0.004759213288798289,0.04271352465031014,1.0
QR2_matched_ridge,2,571,2023-09-30,2023-08-31,100.0,-3.4377168665741427,-3.2723090057725264,0.02735976041496687,0.1654078608016163,3.3417583148003134e-05,0.005780794335383602,0.04915325253624786,0.0
QR2_matched_ridge,2,571,2023-10-31,2023-09-30,100.0,-3.193062653385387,-3.2442602504956994,0.0026211939498698754,0.051197597110312465,4.196625387611584e-06,0.002048566666626103,0.005425995541472731,1.0
QR2_matched_ridge,2,571,2023-11-30,2023-10-31,100.0,-3.314231456188941,-3.1921228559835835,0.014910510244111892,0.12210860020535774,2.230274365534819e-05,0.0047225780729754155,0.027534679317201216,0.0
QR2_matched_ridge,2,571,2023-12-31,2023-11-30,100.0,-3.5682415676821626,-3.396687935999462,0.029430648543523716,0.17155363168270066,2.7863409118947606e-05,0.005278580218102933,0.05266936082502094,1.0
QR2_matched_ridge,2,571,2024-01-31,2023-12-31,100.0,-3.464679499845587,-3.4428092792716605,0.00047830654795219855,0.021870220573926513,4.784531037175908e-07,0.0006917030459074117,0.0009428167298238394,1.0
QR2_matched_ridge,2,571,2024-02-29,2024-01-31,100.0,-3.3448968495093907,-3.39674386017672,0.00268811251513815,0.05184701066732922,3.1745879796972095e-06,0.0017817373486844826,0.005566971451399755,1.0
QR2_matched_ridge,2,571,2024-03-31,2024-02-29,100.0,-3.578980917498339,-3.4603891339573476,0.014064011123433392,0.11859178354099154,1.2344075396424785e-05,0.003513413638674613,0.026030035563597814,1.0
QR2_matched_ridge,2,571,2024-04-30,2024-03-31,100.0,-3.229795427472849,-3.5063721019433194,0.07649465686114462,0.2765766744704705,9.139393679066651e-05,0.00956001761455838,0.18557384695538426,1.0
QR2_matched_ridge,2,571,2024-05-31,2024-04-30,100.0,-3.5511189897853304,-3.2545436420910336,0.08795693685999299,0.2965753476942967,9.812717757059417e-05,0.009905916291317738,0.14573421218662863,1.0
QR2_matched_ridge,2,571,2024-06-30,2024-05-31,100.0,-3.974283728374348,-3.483801424546246,0.24057289036852286,0.4904823038281023,0.0001415567859343834,0.01189776390480091,0.35591385309953516,0.0
QR2_matched_ridge,2,571,2024-07-31,2024-06-30,100.0,-3.1722014727576715,-3.643368023285351,0.22199791833615248,0.47116655052767964,0.00024797291095340353,0.015747155646446236,0.6236279854953781,1.0
QR2_matched_ridge,2,571,2024-08-31,2024-07-31,100.0,-2.872824298145019,-3.4060915492787722,0.2843739611317495,0.5332672511337533,0.0005460832800196956,0.02336842485106122,0.8387592428371664,0.0
QR2_matched_ridge,2,571,2024-09-30,2024-08-31,1.0,-3.260469768692696,-3.122494145736655,0.01903727253010757,0.13797562295604093,3.222608835765299e-05,0.005676802652695705,0.034801172807512076,1.0
QR2_matched_ridge,2,571,2024-10-31,2024-09-30,100.0,-3.4205129328690873,-3.2350207641292608,0.03440734466380428,0.18549216873982655,4.4405266989144774e-05,0.006663727709709091,0.06103908695035637,0.0
QR2_matched_ridge,2,571,2024-11-30,2024-10-31,100.0,-3.343202830242378,-3.2894753606226494,0.002886640991738875,0.05372746961972874,3.801558732147232e-06,0.0019497586343307297,0.005571930613160428,1.0
QR2_matched_ridge,2,571,2024-12-31,2024-11-30,1e-08,-3.197711188525805,-3.4148449740341107,0.04714708080916683,0.21713378550830553,6.358633518293013e-05,0.007974104036374878,0.10956432651035997,0.0
QR2_matched_ridge,2,571,2025-01-31,2024-12-31,1e-08,-3.243856524094862,-3.2295841148174427,0.00020370166658215962,0.014272409277419129,3.145012717747664e-07,0.0005608041295985314,0.0004035544208240739,1.0
QR2_matched_ridge,2,571,2025-02-28,2025-01-31,1e-08,-3.336086010210643,-3.376502040426411,0.0016334554984018814,0.04041603021576812,1.9857586972943805e-06,0.0014091695062320858,0.0033567426455790306,1.0
QR2_matched_ridge,2,571,2025-03-31,2025-02-28,1e-08,-2.8188957116043185,-3.27080731104833,0.20422409371204447,0.45191159944401127,0.0004707183585648246,0.021696044767764114,0.5652014629033206,1.0
QR2_matched_ridge,2,571,2025-04-30,2025-03-31,1e-08,-1.9836117337402832,-2.9736369890860734,0.9801500062224971,0.9900252553457902,0.007474364624922531,0.08645440778192012,4.263058319666021,0.0
QR2_matched_ridge,2,571,2025-05-31,2025-04-30,1e-08,-3.0297758721398087,-2.819964804166242,0.044020684244208554,0.20981106797356652,0.00012727387596166614,0.011281572406436353,0.07691727704933782,1.0
QR2_matched_ridge,2,571,2025-06-30,2025-05-31,1e-08,-3.53015126294113,-3.0452845457003965,0.2350957334878052,0.48486671724073327,0.0003342420228408403,0.01828228713374889,0.34891753652096646,1.0
QR2_matched_ridge,2,571,2025-07-31,2025-06-30,1e-08,-3.950725844114382,-3.0977424253348103,0.7275807127128866,0.852983418779572,0.0006713430389339504,0.02591028828349755,0.8875635642950972,0.0
QR2_matched_ridge,2,571,2025-08-31,2025-07-31,100.0,-3.3885322185760227,-3.486901858491052,0.009676586057012533,0.09836963991502934,1.0002516167489424e-05,0.003162675476157714,0.020687311827095017,1.0
QR2_matched_ridge,2,571,2025-09-30,2025-08-31,100.0,-3.84430960652608,-3.4122886627020295,0.18664209590262343,0.43202094382405054,0.0001337375443797865,0.011564494990261638,0.28549704828881683,1.0
QR2_matched_ridge,2,571,2025-10-31,2025-09-30,100.0,-3.200563742469265,-3.5759863606642703,0.14094214225239274,0.37542261819500533,0.00016259883914504513,0.01275142498488091,0.36794490210586184,1.0
QR2_matched_ridge,2,571,2025-11-30,2025-10-31,100.0,-3.187697796475165,-3.3466786878577706,0.025274923824807848,0.15898089138260563,3.679262236630101e-05,0.006065692241311045,0.05636195460575122,0.0
QR2_matched_ridge,2,571,2025-12-31,2025-11-30,100.0,-3.6690396499504754,-3.2733974494358984,0.15653275082801674,0.395642200514577,0.0001531795649842903,0.012376573232696128,0.24454665177985557,1.0
QR2_matched_ridge,2,571,2026-01-31,2025-12-31,100.0,-3.5432590006801346,-3.366376961385189,0.031287255825138645,0.1768820392949455,3.13099757643548e-05,0.0055955317677906895,0.05580465281163832,1.0
QR2_matched_ridge,2,571,2026-02-28,2026-01-31,100.0,-3.319270460859548,-3.410608108205909,0.00834256582276824,0.09133764734636118,9.973610921359144e-06,0.0031581024241400316,0.017749265872953,1.0
QR2_matched_ridge,2,571,2026-03-31,2026-02-28,100.0,-2.9305194230637723,-3.338995330459567,0.1668525669228178,0.40847590739579465,0.0003202930037561153,0.017896731650111852,0.44663765610962614,0.0
QR2_matched_ridge,2,571,2026-04-30,2026-03-31,100.0,-3.2372756219261025,-3.0402088707970245,0.03883530440056997,0.197066751129078,7.317367719022605e-05,0.00855416139608238,0.06839753671848464,1.0
QR2_matched_ridge,2,571,2026-05-31,2026-04-30,100.0,-3.511913129771558,-3.3497911460892906,0.026283537593073298,0.16212198368226716,2.7582557947996027e-05,0.0052519099333476794,0.047317781811048565,1.0
QR2_matched_ridge,2,571,2026-06-30,2026-05-31,100.0,-3.0167824583115244,-3.4446360619922367,0.18305870618257206,0.42785360368071235,0.0002904337070380931,0.017042115685503754,0.4973306706343641,1.0
QR2_matched_ridge,2,571,2026-07-31,2026-06-30,100.0,-3.371790235714744,-3.208384955900936,0.026701285471028936,0.16340527981380815,3.713338420578103e-05,0.006093716780896617,0.04803091796684139,1.0
QR2_matched_ridge,2,571,2026-08-31,2026-07-31,100.0,-3.5077496504538077,-3.304027770549002,0.04150260435194809,0.20372187990480572,4.584157331548563e-05,0.006770640539526938,0.07279262950253029,0.0
QR2_matched_ridge,2,120,2020-01-31,2019-12-31,100.0,-3.3942209625474167,-3.581496124623479,0.03507198633061545,0.18727516207606243,3.286350281889284e-05,0.005732669781078694,0.07978696305172933,1.0
QR2_matched_ridge,2,120,2020-02-29,2020-01-31,100.0,-2.656216692100947,-3.495095357777819,0.7037174157278093,0.8388786656768721,0.0015894178791857495,0.03986750405011266,2.675778958740765,0.0
QR2_matched_ridge,2,120,2020-03-31,2020-02-29,1.0,-1.2968785055181968,-2.774688778671107,2.183923203436279,1.4778102731529101,0.04452730677952856,0.21101494444595284,15.258021429469153,0.0
QR2_matched_ridge,2,120,2020-04-30,2020-03-31,1.0,-2.134827132729708,-1.4188565874174044,0.5126138217547976,0.7159705453123038,0.015308004559107092,0.12372552105005294,0.6707859431094503,1.0
QR2_matched_ridge,2,120,2020-05-31,2020-04-30,1.0,-2.753012874659256,-2.883519737742812,0.017032041311909964,0.13050686308355575,6.0809021329403494e-05,0.007798013934932631,0.037231759078761584,1.0
QR2_matched_ridge,2,120,2020-06-30,2020-05-31,1.0,-2.451931103357683,-3.007885347387252,0.30908512145448985,0.5559542440295693,0.0013491723582149712,0.03673108163687766,0.9282464727188731,0.0
QR2_matched_ridge,2,120,2020-07-31,2020-06-30,1.0,-3.218790749890995,-3.5937864520659093,0.1406217766496571,0.3749957021749144,0.0001564844599798827,0.012509374883657564,0.36699041534949783,1.0
QR2_matched_ridge,2,120,2020-08-31,2020-07-31,1.0,-3.605902901033218,-3.1952055896541385,0.16867228157400477,0.4106973113790797,0.0001903074224227355,0.01379519562828797,0.2612124693700866,0.0
QR2_matched_ridge,2,120,2020-09-30,2020-08-31,1.0,-2.6518079305455564,-3.26162443140693,0.3718761647228097,0.6098165008613736,0.0010366794345077457,0.03219750665048065,1.166311867914037,1.0
QR2_matched_ridge,2,120,2020-10-31,2020-09-30,1.0,-2.7990558904711156,-2.8579852211877936,0.0034726660187156155,0.05892933071667805,1.2132965284905149e-05,0.0034832406297735374,0.007226420782901921,1.0
QR2_matched_ridge,2,120,2020-11-30,2020-10-31,1.0,-3.0039008865838612,-2.9028088947620203,0.010219590810507152,0.10109199182184092,2.783247775989869e-05,0.005275649510714173,0.019128593312317588,1.0
QR2_matched_ridge,2,120,2020-12-31,2020-11-30,1.0,-3.651528771176814,-3.1065064558593836,0.2970493241939724,0.5450223153174303,0.0003536512905703223,0.01880561859047243,0.42624611912087795,1.0
QR2_matched_ridge,2,120,2021-01-31,2020-12-31,1.0,-3.0833520658531506,-3.2799841116391266,0.03866416142997818,0.19663204578597604,6.685681126758708e-05,0.00817660144972146,0.08854557953330444,1.0
QR2_matched_ridge,2,120,2021-02-28,2021-01-31,1.0,-3.2488415694882113,-3.2328511255084074,0.0002556942986712494,0.01599044397980398,3.9153169769917353e-07,0.0006257249377315671,0.0005059803526065651,1.0
QR2_matched_ridge,2,120,2021-03-31,2021-02-28,1.0,-3.0053155591944845,-3.2959605586592327,0.08447451571386348,0.2906449994647482,0.00015601679393941915,0.012490668274332609,0.20705390619430997,0.0
QR2_matched_ridge,2,120,2021-04-30,2021-03-31,1.0,-3.42852988588876,-3.3480945067131094,0.006469850223130665,0.08043537917565047,7.380364076877622e-06,0.0027166825498901453,0.012272858959290311,1.0
QR2_matched_ridge,2,120,2021-05-31,2021-04-30,1.0,-3.25075444008131,-3.416129482419215,0.027348904628263802,0.1653750423379048,3.487695830170507e-05,0.005905671706224878,0.06126177906165198,1.0
QR2_matched_ridge,2,120,2021-06-30,2021-05-31,1.0,-3.7043212595884913,-3.3536479472368255,0.12297177199568902,0.3506733123516659,0.00010690900711909961,0.010339681190399422,0.1972636645087259,1.0
QR2_matched_ridge,2,120,2021-07-31,2021-06-30,1.0,-3.3961998858730538,-3.4763958834744186,0.0064313980312781195,0.08019599760136487,6.665116071659417e-06,0.002581688608577614,0.013578976593622949,1.0
QR2_matched_ridge,2,120,2021-08-31,2021-07-31,1.0,-3.708249345225621,-3.518678563175846,0.03593708140696328,0.18957078204977496,2.6195585434466583e-05,0.005118162310289366,0.06359027654152849,1.0
QR2_matched_ridge,2,120,2021-09-30,2021-08-31,1.0,-3.2831324409451104,-3.520154560828856,0.0561794853141847,0.23702211988374566,6.265850156140558e-05,0.007915712321794267,0.13243381590359016,1.0
QR2_matched_ridge,2,120,2021-10-31,2021-09-30,1.0,-3.386780947876349,-3.2771101436462846,0.01202768530046908,0.10967080423006426,1.5364774127169726e-05,0.003919792612775544,0.022388951985644084,0.0
QR2_matched_ridge,2,120,2021-11-30,2021-10-31,1.0,-3.3064112261583376,-3.5313389485240676,0.05059248028863492,0.22492772236573,5.4490279207948816e-05,0.007381753125643584,0.11823004935469383,0.0
QR2_matched_ridge,2,120,2021-12-31,2021-11-30,1.0,-2.9961728370061524,-3.462538947226765,0.21749734876230445,0.4663661102206125,0.0003469991036694834,0.018627911951409996,0.6087112636734351,0.0
QR2_matched_ridge,2,120,2022-01-31,2021-12-31,1.0,-2.941546598012492,-3.4982616341792134,0.30993163149411374,0.5567150361667212,0.0005077859659526396,0.022534106726308,0.9313542615218053,0.0
QR2_matched_ridge,2,120,2022-02-28,2022-01-31,1.0,-2.799886911249737,-2.8746270423593465,0.005586087198281639,0.07474013110960964,1.918225990278897e-05,0.004379755689851772,0.011750288252539515,1.0
QR2_matched_ridge,2,120,2022-03-31,2022-02-28,1.0,-2.6765886403079335,-3.1259613161566517,0.20193580179943715,0.4493726758487182,0.0006201459864500591,0.024902730501895953,0.5577737576644834,0.0
QR2_matched_ridge,2,120,2022-04-30,2022-03-31,100.0,-2.6479040482811675,-3.1466512022199145,0.24874872356200012,0.4987471539387469,0.0007730390253378162,0.02780357936197813,0.7139848694511042,0.0
QR2_matched_ridge,2,120,2022-05-31,2022-04-30,100.0,-2.4244039455209907,-2.816582434594286,0.15380396729181264,0.3921784890732951,0.0008248886111764188,0.028720874136704454,0.4066406501700677,0.0
QR2_matched_ridge,2,120,2022-06-30,2022-05-31,1.0,-2.4599056517814564,-3.1878224250709692,0.529862828836216,0.7279167732895129,0.0019519950919133274,0.04418138852405306,1.832222724401721,1.0
QR2_matched_ridge,2,120,2022-07-31,2022-06-30,100.0,-2.8821019465281603,-2.650613738745957,0.05358679034221645,0.23148820778220314,0.0002128964199252183,0.0145909704929185,0.09238389211761722,1.0
QR2_matched_ridge,2,120,2022-08-31,2022-07-31,100.0,-2.844606483048602,-3.1773384726314835,0.11071057689178264,0.3327319895828813,0.00027095346455967544,0.016460664159130257,0.2799289545950844,0.0
QR2_matched_ridge,2,120,2022-09-30,2022-08-31,100.0,-2.6463004734576345,-2.9339936217360094,0.082767347566323,0.2876931482783749,0.0003143123831903559,0.017728857357155195,0.20243086237398378,0.0
QR2_matched_ridge,2,120,2022-10-31,2022-09-30,100.0,-2.523493614612676,-2.632306310200182,0.011840202721019188,0.10881269558750573,6.833640846675126e-05,0.00826658384502034,0.0254959050003723,1.0
QR2_matched_ridge,2,120,2022-11-30,2022-10-31,100.0,-2.5435772319280385,-3.064474833320359,0.2713343111362729,0.5208976013923206,0.0010180203426141247,0.03190643105416406,0.7925053914925955,1.0
QR2_matched_ridge,2,120,2022-12-31,2022-11-30,100.0,-2.95330714551955,-2.958257896752687,2.450993777240793e-05,0.004950751233137041,6.637171175201432e-08,0.0002576270788407428,4.9182066970120467e-05,1.0
QR2_matched_ridge,2,120,2023-01-31,2022-12-31,100.0,-3.0445998097233513,-2.875396766890164,0.028629669704009385,0.1692030428331872,7.706024523343181e-05,0.008778396506961383,0.05131181397789347,0.0
QR2_matched_ridge,2,120,2023-02-28,2023-01-31,100.0,-3.1746943824188296,-3.137358255305925,0.0013939863877909596,0.03733612711290446,2.5294107054839545e-06,0.001590412118126605,0.002719854394830079,1.0
QR2_matched_ridge,2,120,2023-03-31,2023-02-28,100.0,-2.924024732160048,-3.108331630989602,0.03396903295616753,0.1843068988295542,8.175101142545746e-05,0.009041626591795165,0.07711535420212962,1.0
QR2_matched_ridge,2,120,2023-04-30,2023-03-31,100.0,-3.4424462204163033,-3.1509349449905724,0.08497882370033638,0.29151127542573096,0.00011719658829678125,0.010825737309614586,0.1412311511209967,1.0
QR2_matched_ridge,2,120,2023-05-31,2023-04-30,100.0,-3.2992440662773723,-3.2799888245203963,0.0003707643351195928,0.019255241756976016,5.149758109741812e-07,0.0007176181512295945,0.000732100737144234,1.0
QR2_matched_ridge,2,120,2023-06-30,2023-05-31,100.0,-3.4043319921867217,-3.2564946843855767,0.021855869577890492,0.147837307801145,2.802842319218738e-05,0.005294187680106116,0.03970409982528045,0.0
QR2_matched_ridge,2,120,2023-07-31,2023-06-30,100.0,-3.766103134731879,-3.4171123715461444,0.12179455278896159,0.34899076318573474,9.341151914996277e-05,0.00966496348415051,0.19557018678668103,1.0
QR2_matched_ridge,2,120,2023-08-31,2023-07-31,100.0,-3.3080680545326713,-3.4699425125483327,0.026203340157864147,0.16187445801566147,2.989869208746788e-05,0.00546796964946477,0.05855127409458416,1.0
QR2_matched_ridge,2,120,2023-09-30,2023-08-31,100.0,-3.4377168665741427,-3.2961329382338898,0.02004600876425787,0.1415839283402529,2.3893483521260374e-05,0.004888096103930484,0.03656117182487953,0.0
QR2_matched_ridge,2,120,2023-10-31,2023-09-30,100.0,-3.193062653385387,-3.2259875137731786,0.0010840464315555705,0.03292486038779163,1.767376394315811e-06,0.0013294270925161,0.002216476169582357,1.0
QR2_matched_ridge,2,120,2023-11-30,2023-10-31,100.0,-3.314231456188941,-3.214782655526399,0.009890063953218063,0.09944880066254225,1.4455802389625893e-05,0.0038020786932447745,0.018531419777951752,1.0
QR2_matched_ridge,2,120,2023-12-31,2023-11-30,100.0,-3.5682415676821626,-3.440986208624248,0.01619392640895872,0.1272553590579144,1.465106564938853e-05,0.003827671047698395,0.02980646145248761,1.0
QR2_matched_ridge,2,120,2024-01-31,2023-12-31,100.0,-3.464679499845587,-3.453522798343358,0.00012447198840983696,0.011156701502228916,1.2317967370736193e-07,0.00035096961935096593,0.0002471026639866841,1.0
QR2_matched_ridge,2,120,2024-02-29,2024-01-31,100.0,-3.3448968495093907,-3.3984013266587825,0.0028627290750297863,0.05350447714939177,3.375255583052357e-06,0.0018371868666666319,0.005935265771000481,1.0
QR2_matched_ridge,2,120,2024-03-31,2024-02-29,100.0,-3.578980917498339,-3.4829111862721565,0.009229393257870979,0.09606973122618268,7.917104477068238e-06,0.002813734969230087,0.017331239649857527,1.0
QR2_matched_ridge,2,120,2024-04-30,2024-03-31,100.0,-3.229795427472849,-3.5056179802767966,0.07607808063528654,0.27582255280394774,9.096164066112212e-05,0.009537381226580079,0.18446164321989345,1.0
QR2_matched_ridge,2,120,2024-05-31,2024-04-30,100.0,-3.5511189897853304,-3.2412729986662407,0.09600453821257096,0.3098459911190896,0.00010860883320385121,0.010421556179566045,0.1578021417958494,1.0
QR2_matched_ridge,2,120,2024-06-30,2024-05-31,100.0,-3.974283728374348,-3.4858856893439008,0.23853264452878645,0.48839803903044743,0.0001400403217299081,0.011833863347610031,0.35331157274073144,0.0
QR2_matched_ridge,2,120,2024-07-31,2024-06-30,100.0,-3.1722014727576715,-3.6096745417871556,0.19138268612607579,0.43747306902948413,0.0002205396459111494,0.014850577292184617,0.5237999513081399,1.0
QR2_matched_ridge,2,120,2024-08-31,2024-07-31,100.0,-2.872824298145019,-3.3890482146070093,0.266487131927356,0.5162239164619904,0.0005197598487320416,0.02279824222899743,0.7754829416325868,0.0
QR2_matched_ridge,2,120,2024-09-30,2024-08-31,100.0,-3.260469768692696,-3.2160606918813945,0.0019721661032320536,0.04440907681130124,3.035941669376653e-06,0.001742395382620332,0.0038301036775088004,1.0
QR2_matched_ridge,2,120,2024-10-31,2024-09-30,100.0,-3.4205129328690873,-3.24454069779382,0.030966227517385203,0.1759722350752675,3.957425091675783e-05,0.00629080685737194,0.05526364625050578,0.0
QR2_matched_ridge,2,120,2024-11-30,2024-10-31,100.0,-3.343202830242378,-3.2884723470715462,0.00299542578811272,0.054730483170831956,3.9488172434278865e-06,0.0019871631144493113,0.005778116558357832,1.0
QR2_matched_ridge,2,120,2024-12-31,2024-11-30,100.0,-3.197711188525805,-3.417938311920364,0.0484999858786423,0.22022712339455897,6.521629223077126e-05,0.008075660482633681,0.11295844420784218,0.0
QR2_matched_ridge,2,120,2025-01-31,2024-12-31,100.0,-3.243856524094862,-3.2307938427769964,0.00017063364321210885,0.013062681317865366,2.6312730181916986e-07,0.0005129593568882138,0.0003383146854648855,1.0
QR2_matched_ridge,2,120,2025-02-28,2025-01-31,1e-08,-3.336086010210643,-3.4638101512319626,0.016313456199633956,0.12772414102131968,1.8196125529510543e-05,0.004265691682425084,0.035591959284492936,1.0
QR2_matched_ridge,2,120,2025-03-31,2025-02-28,1e-08,-2.8188957116043185,-3.298572998993876,0.23009030003740424,0.4796772873895576,0.0005169240556990423,0.022735963927202257,0.6506567877357972,1.0
QR2_matched_ridge,2,120,2025-04-30,2025-03-31,1e-08,-1.9836117337402832,-3.017575983605941,1.0690820700002526,1.0339642498656578,0.007859143527886515,0.08865181062948752,4.840495336322858,0.0
QR2_matched_ridge,2,120,2025-05-31,2025-04-30,1e-08,-3.0297758721398087,-3.417998300797536,0.15071665411290422,0.3882224286577274,0.00024175545565418413,0.01554848724648749,0.3972857325512096,1.0
QR2_matched_ridge,2,120,2025-06-30,2025-05-31,0.0001,-3.53015126294113,-3.2138241254905084,0.10006285788770429,0.31632713745062135,0.00011885569227554262,0.01090209577446202,0.1638343053006121,1.0
QR2_matched_ridge,2,120,2025-07-31,2025-06-30,0.0001,-3.950725844114382,-3.050094142344646,0.8111374622326512,0.9006317017697363,0.0007903821061337983,0.028113735186449315,0.9663535844291613,0.0
QR2_matched_ridge,2,120,2025-08-31,2025-07-31,100.0,-3.3885322185760227,-3.503369476465064,0.013187595799474181,0.11483725788904131,1.3413063298984208e-05,0.0036623849195550444,0.028515906367254706,1.0
QR2_matched_ridge,2,120,2025-09-30,2025-08-31,100.0,-3.84430960652608,-3.417419525415608,0.18223514135050525,0.4268900811104719,0.000129863935413949,0.011395785862060984,0.27958244634678264,1.0
QR2_matched_ridge,2,120,2025-10-31,2025-09-30,100.0,-3.200563742469265,-3.5760406911532954,0.14098293899306996,0.37547694868403036,0.00016263761981270063,0.012752945534765709,0.36806648344549475,1.0
QR2_matched_ridge,2,120,2025-11-30,2025-10-31,100.0,-3.187697796475165,-3.3228022140877176,0.018253203658427027,0.13510441761255265,2.7197273925897753e-05,0.005215100567189261,0.040029210796263315,0.0
QR2_matched_ridge,2,120,2025-12-31,2025-11-30,100.0,-3.6690396499504754,-3.267046279702196,0.16159866972357007,0.4019933702482792,0.00015921153564201705,0.012617905358735935,0.25152791273534236,1.0
QR2_matched_ridge,2,120,2026-01-31,2025-12-31,100.0,-3.5432590006801346,-3.363209305774058,0.03241789263577126,0.18004969490607658,3.254742467134247e-05,0.005705035028055697,0.05770637741001833,1.0
QR2_matched_ridge,2,120,2026-02-28,2026-01-31,100.0,-3.319270460859548,-3.3968855008243493,0.006024094428737727,0.07761503996480146,7.2999570586805955e-06,0.0027018432705618947,0.012696566745406729,1.0
QR2_matched_ridge,2,120,2026-03-31,2026-02-28,100.0,-2.9305194230637723,-3.334583729514451,0.1632679637474679,0.4040643064506786,0.00031470387799958433,0.017739895095506747,0.435576601503356,0.0
QR2_matched_ridge,2,120,2026-04-30,2026-03-31,100.0,-3.2372756219261025,-3.0394967665795636,0.039116475622187175,0.19777885534653894,7.375769173694276e-05,0.008588229837221566,0.06886213613199837,1.0
QR2_matched_ridge,2,120,2026-05-31,2026-04-30,100.0,-3.511913129771558,-3.414278897429778,0.009532443324968644,0.09763423234177981,9.365742583546636e-06,0.003060350075325801,0.017882250343026707,1.0
QR2_matched_ridge,2,120,2026-06-30,2026-05-31,100.0,-3.0167824583115244,-3.4728394735027583,0.20798800110513743,0.456057015191234,0.0003214738263912543,0.017929691196204533,0.577465991605064,1.0
QR2_matched_ridge,2,120,2026-07-31,2026-06-30,100.0,-3.371790235714744,-3.201517119656854,0.02899293405206363,0.17027311605788986,4.060598887210986e-05,0.006372282861903562,0.051927869234992596,1.0
QR2_matched_ridge,2,120,2026-08-31,2026-07-31,100.0,-3.5077496504538077,-3.3039801966275686,0.041521990312643794,0.20376945382623912,4.586524199630233e-05,0.00677238820478436,0.07282447384733537,0.0
QR2_matched_ridge,3,571,2020-01-31,2019-12-31,1.0,-3.3942209625474167,-3.579318093788199,0.03426094799356747,0.18509713124078253,3.217136110188902e-05,0.00567198035097875,0.07782162001966109,1.0
QR2_matched_ridge,3,571,2020-02-29,2020-01-31,1.0,-2.656216692100947,-3.519313619154166,0.7449363054887099,0.8630969270532192,0.0016478403616293645,0.040593600008244704,2.8930317081860526,0.0
QR2_matched_ridge,3,571,2020-03-31,2020-02-29,100.0,-1.2968785055181968,-2.884978433838373,2.522061382330549,1.5880999283201762,0.047318358790779204,0.21752783451958327,19.779345995521272,0.0
QR2_matched_ridge,3,571,2020-04-30,2020-03-31,1.0,-2.134827132729708,-2.219348415924061,0.007143847312820006,0.08452128319435293,9.187477293382417e-05,0.009585132911641037,0.015127977326138742,1.0
QR2_matched_ridge,3,571,2020-05-31,2020-04-30,100.0,-2.753012874659256,-2.6608368123678035,0.008496426459557768,0.0921760622914527,3.787378696320627e-05,0.006154168259253745,0.015995034932173746,1.0
QR2_matched_ridge,3,571,2020-06-30,2020-05-31,1.0,-2.451931103357683,-2.888566247482472,0.19065024908487516,0.4366351441247889,0.0009284911752938293,0.03047115316645941,0.5214592294663423,0.0
QR2_matched_ridge,3,571,2020-07-31,2020-06-30,1.0,-3.218790749890995,-2.8014526600580423,0.17417108122541763,0.4173380898329526,0.00042925157076115856,0.02071838726255397,0.2686911812288387,1.0
QR2_matched_ridge,3,571,2020-08-31,2020-07-31,1.0,-3.605902901033218,-3.1356831431466663,0.2211066207068875,0.4702197578865519,0.00026592278559063733,0.01630713909889277,0.33089570176063765,0.0
QR2_matched_ridge,3,571,2020-09-30,2020-08-31,1.0,-2.6518079305455564,-3.2796353102645046,0.39416721872476035,0.6278273797189482,0.0010812005406707502,0.03288161402168011,1.2544811572735952,1.0
QR2_matched_ridge,3,571,2020-10-31,2020-09-30,1.0,-2.7990558904711156,-2.7958145707156863,1.0506153756936224e-05,0.003241319755429295,3.905015520850867e-08,0.0001976111211660636,2.096697593311197e-05,1.0
QR2_matched_ridge,3,571,2020-11-30,2020-10-31,1.0,-3.0039008865838612,-2.7202205865005666,0.08047451265534807,0.2836803000832946,0.00026461502794224796,0.0162669919758463,0.1343806581961446,0.0
QR2_matched_ridge,3,571,2020-12-31,2020-11-30,1.0,-3.651528771176814,-3.0497903435609057,0.3620891352696655,0.6017384276159081,0.00045870630301967925,0.021417429888286765,0.5036256768609778,1.0
QR2_matched_ridge,3,571,2021-01-31,2020-12-31,1.0,-3.0833520658531506,-3.229909543638791,0.02147909429488849,0.14655747778564043,3.899226828800649e-05,0.006244378935331078,0.04748193508431392,1.0
QR2_matched_ridge,3,571,2021-02-28,2021-01-31,1.0,-3.2488415694882113,-3.0324057746902433,0.046844453269828126,0.21643579479796804,8.799172049542865e-05,0.009380390210190014,0.08151536866308579,0.0
QR2_matched_ridge,3,571,2021-03-31,2021-02-28,1.0,-3.0053155591944845,-3.1891043760375712,0.033778329196581705,0.1837888168430868,6.912862235481384e-05,0.008314362414209152,0.07665428153857229,1.0
QR2_matched_ridge,3,571,2021-04-30,2021-03-31,1.0,-3.42852988588876,-3.1841067968686994,0.05974264644610842,0.2444230890200605,8.065177274502534e-05,0.008980633204013252,0.10217984196456137,1.0
QR2_matched_ridge,3,571,2021-05-31,2021-04-30,1.0,-3.25075444008131,-3.316918586579981,0.00437769428189755,0.06616414649867064,6.15318117919562e-06,0.002480560658237492,0.009154705639258603,1.0
QR2_matched_ridge,3,571,2021-06-30,2021-05-31,100.0,-3.7043212595884913,-3.203923460603683,0.25039795722884084,0.5003977989848085,0.00025554158803391076,0.0159856682073009,0.36838247140318103,0.0
QR2_matched_ridge,3,571,2021-07-31,2021-06-30,1.0,-3.3961998858730538,-3.4504948113831206,0.0029479389361437105,0.05429492551006687,3.134320793202814e-06,0.0017704013085181602,0.006115210405637908,1.0
QR2_matched_ridge,3,571,2021-08-31,2021-07-31,1.0,-3.708249345225621,-3.437040148468202,0.07355442840580445,0.27120919675741906,5.835921210383386e-05,0.0076393201336135835,0.12375903406021183,1.0
QR2_matched_ridge,3,571,2021-09-30,2021-08-31,1.0,-3.2831324409451104,-3.536886314836982,0.06439102851513179,0.25375387389187143,7.06737262309096e-05,0.00840676669302233,0.15363828902617704,1.0
QR2_matched_ridge,3,571,2021-10-31,2021-09-30,1.0,-3.386780947876349,-3.267360259378079,0.014261300841400792,0.11942068849826981,1.840002468485585e-05,0.0042895249952478245,0.02638117138953691,0.0
QR2_matched_ridge,3,571,2021-11-30,2021-10-31,1.0,-3.3064112261583376,-3.475516952512147,0.028596746685649536,0.1691057263538096,3.250853122111482e-05,0.0057016253139885315,0.06422556845224514,0.0
QR2_matched_ridge,3,571,2021-12-31,2021-11-30,1.0,-2.9961728370061524,-3.3545715895315045,0.12844966581172854,0.358398752525352,0.00022661231150514072,0.01505364778069225,0.3310669174819145,0.0
QR2_matched_ridge,3,571,2022-01-31,2021-12-31,1.0,-2.941546598012492,-3.265611615392947,0.10501813548979454,0.3240650173804549,0.00021346523483393277,0.014610449508277723,0.26383214650492715,0.0
QR2_matched_ridge,3,571,2022-02-28,2022-01-31,1.0,-2.799886911249737,-2.933570396572148,0.017871274247947315,0.13368348532241114,5.7915303305874344e-05,0.0076102104639671,0.03915284214191517,1.0
QR2_matched_ridge,3,571,2022-03-31,2022-02-28,1.0,-2.6765886403079335,-2.9137812111122185,0.05626031564474576,0.23719257080428502,0.00021104281014926288,0.014527312557705327,0.13264065874762343,0.0
QR2_matched_ridge,3,571,2022-04-30,2022-03-31,1.0,-2.6479040482811675,-3.049884639954834,0.16158839608231101,0.4019805916736665,0.0005492021240208566,0.023435061852294235,0.4304130043392984,0.0
QR2_matched_ridge,3,571,2022-05-31,2022-04-30,1.0,-2.4244039455209907,-2.642469774467047,0.04755270575393074,0.21806582894605642,0.0003008709412086196,0.017345631761588265,0.11058076034934095,1.0
QR2_matched_ridge,3,571,2022-06-30,2022-05-31,1.0,-2.4599056517814564,-2.8178278941691484,0.12810833159583374,0.357922242387692,0.000660873404265367,0.025707458144775167,0.3300692111301131,1.0
QR2_matched_ridge,3,571,2022-07-31,2022-06-30,1.0,-2.8821019465281603,-2.4303316025084882,0.20409644373565286,0.4517703440196721,0.0010234080665869917,0.03199074970342195,0.30867335691795106,0.0
QR2_matched_ridge,3,571,2022-08-31,2022-07-31,100.0,-2.844606483048602,-3.020360159697479,0.030889354855597927,0.17575367664887676,8.786255411026384e-05,0.009373502766322941,0.06970084439653512,0.0
QR2_matched_ridge,3,571,2022-09-30,2022-08-31,100.0,-2.6463004734576345,-2.8020717555292594,0.024264692318237708,0.15577128207162483,0.00010462965307820938,0.010228863723708972,0.05398734365424929,1.0
QR2_matched_ridge,3,571,2022-10-31,2022-09-30,100.0,-2.523493614612676,-2.526712604676719,1.0361897032408438e-05,0.003218990064043137,6.63992163522617e-08,0.0002576804539585059,2.0768338861144008e-05,1.0
QR2_matched_ridge,3,571,2022-11-30,2022-10-31,100.0,-2.5435772319280385,-2.921974401245409,0.1431844177473987,0.37839716931737044,0.0006129325575292533,0.024757474780947537,0.3746382674095685,1.0
QR2_matched_ridge,3,571,2022-12-31,2022-11-30,100.0,-2.95330714551955,-2.8340394776606272,0.014224776596506283,0.11926766785892262,4.3666411380367805e-05,0.0066080565509359715,0.02631618668129032,1.0
QR2_matched_ridge,3,571,2023-01-31,2022-12-31,100.0,-3.0445998097233513,-2.755522651396376,0.08356560346639917,0.28907715832697534,0.0002547349948148458,0.01596041963153995,0.13908703255704602,0.0
QR2_matched_ridge,3,571,2023-02-28,2023-01-31,100.0,-3.1746943824188296,-3.043853086048724,0.017119444835809797,0.13084129637010555,3.415295696493217e-05,0.005844053128175014,0.031437903600406186,0.0
QR2_matched_ridge,3,571,2023-03-31,2023-02-28,100.0,-2.924024732160048,-3.025059727182442,0.010208070219175202,0.1010349950223941,2.6647624914195126e-05,0.0051621337559380545,0.02186367824111632,1.0
QR2_matched_ridge,3,571,2023-04-30,2023-03-31,100.0,-3.4424462204163033,-3.0398584524957863,0.16207691087922405,0.402587767920517,0.0002513910766443832,0.015855316983409168,0.2521849893328051,1.0
QR2_matched_ridge,3,571,2023-05-31,2023-04-30,100.0,-3.2992440662773723,-3.2321745577619936,0.004498318972494461,0.06706950851537874,6.556226875888193e-06,0.0025605130102946544,0.008607507170836609,1.0
QR2_matched_ridge,3,571,2023-06-30,2023-05-31,100.0,-3.4043319921867217,-3.1930702752349456,0.044631513049412354,0.2112617169517761,6.10999533159213e-05,0.00781664591214936,0.07791432968339734,0.0
QR2_matched_ridge,3,571,2023-07-31,2023-06-30,100.0,-3.766103134731879,-3.348251889068898,0.17459966350210512,0.41785124566298126,0.00014408808754360112,0.012003669753188027,0.26927228673136605,0.0
QR2_matched_ridge,3,571,2023-08-31,2023-07-31,100.0,-3.3080680545326713,-3.418836233032923,0.012269589368263617,0.11076817850025167,1.471690958396891e-05,0.0038362624498291184,0.026456263663791224,1.0
QR2_matched_ridge,3,571,2023-09-30,2023-08-31,100.0,-3.4377168665741427,-3.230172767915967,0.04307455288783461,0.2075440986581758,5.494794626123342e-05,0.007412688193984246,0.07537024034893841,0.0
QR2_matched_ridge,3,571,2023-10-31,2023-09-30,100.0,-3.193062653385387,-3.2451462554333856,0.002712701602294291,0.05208360204799867,4.33931917224287e-06,0.0020831032553003392,0.00561879607209842,1.0
QR2_matched_ridge,3,571,2023-11-30,2023-10-31,100.0,-3.314231456188941,-3.2044677691068104,0.012048067001863928,0.1097636870821308,1.779583054424084e-05,0.004218510465109793,0.02242555288983597,1.0
QR2_matched_ridge,3,571,2023-12-31,2023-11-30,100.0,-3.5682415676821626,-3.391816598225751,0.031125769847695734,0.1764249694564115,2.961634317690187e-05,0.005442089964058098,0.05553256969835668,1.0
QR2_matched_ridge,3,571,2024-01-31,2023-12-31,100.0,-3.464679499845587,-3.4251105062807548,0.0015657052517337347,0.03956899356483223,1.594295760331042e-06,0.0012626542520939935,0.0030504147545441507,1.0
QR2_matched_ridge,3,571,2024-02-29,2024-01-31,100.0,-3.3448968495093907,-3.3601128548827983,0.00023152681952356941,0.015216005373407615,2.8357044806201036e-07,0.000532513331346747,0.0004677868118802414,1.0
QR2_matched_ridge,3,571,2024-03-31,2024-02-29,100.0,-3.578980917498339,-3.462275776965429,0.013620089826806332,0.11670514053291026,1.1931468947947199e-05,0.003454195846785066,0.025238915640402843,1.0
QR2_matched_ridge,3,571,2024-04-30,2024-03-31,100.0,-3.229795427472849,-3.493291885394149,0.0694303833370714,0.26349645792129994,8.399649396045502e-05,0.009164960117777655,0.16683823399704145,1.0
QR2_matched_ridge,3,571,2024-05-31,2024-04-30,100.0,-3.5511189897853304,-3.226343111603674,0.10547937104866621,0.32477587818165654,0.00012121802824701821,0.011009905914539788,0.1718315892749927,0.0
QR2_matched_ridge,3,571,2024-06-30,2024-05-31,100.0,-3.974283728374348,-3.4862842904177382,0.23814345144596719,0.48799943795660994,0.0001397515973108178,0.011821657976393066,0.352814649229532,0.0
QR2_matched_ridge,3,571,2024-07-31,2024-06-30,100.0,-3.1722014727576715,-3.6162716157631367,0.19719829190889432,0.4440701430054652,0.0002258561384618672,0.015028510853104082,0.5424649289839711,1.0
QR2_matched_ridge,3,571,2024-08-31,2024-07-31,100.0,-2.872824298145019,-3.357253572390246,0.23467172174575732,0.48442927424522697,0.0004712472448419449,0.021708229887347906,0.6660765430289439,0.0
QR2_matched_ridge,3,571,2024-09-30,2024-08-31,100.0,-3.260469768692696,-3.1464377221933395,0.013003307628831352,0.11403204649935628,2.1480274260836997e-05,0.004634681678479871,0.02413732847817507,1.0
QR2_matched_ridge,3,571,2024-10-31,2024-09-30,100.0,-3.4205129328690873,-3.261470373393058,0.025294535724686353,0.1590425594760294,3.176826386218485e-05,0.005636334257492617,0.04562597721554151,1.0
QR2_matched_ridge,3,571,2024-11-30,2024-10-31,100.0,-3.343202830242378,-3.3304003352331266,0.00016390387846191133,0.012802495009251569,2.0715057021801154e-07,0.0004551379683326931,0.00032502773713806443,1.0
QR2_matched_ridge,3,571,2024-12-31,2024-11-30,100.0,-3.197711188525805,-3.4505198570399136,0.06391222287587636,0.25280866851410844,8.329246114535434e-05,0.00912647035525533,0.15239141775735554,0.0
QR2_matched_ridge,3,571,2025-01-31,2024-12-31,100.0,-3.243856524094862,-3.2517433305114194,6.220171545225398e-05,0.00788680641655759,9.392937657232364e-08,0.0003064789985828126,0.00012506011561681102,1.0
QR2_matched_ridge,3,571,2025-02-28,2025-01-31,0.0001,-3.336086010210643,-3.317631596051476,0.00034056540195805276,0.01845441415916671,4.390763151028218e-07,0.0006626283385902099,0.0006728276465211014,1.0
QR2_matched_ridge,3,571,2025-03-31,2025-02-28,0.01,-2.8188957116043185,-3.2949387032324786,0.22661692987828852,0.4760429916281601,0.0005108270766656368,0.022601483948308278,0.6390230526612866,1.0
QR2_matched_ridge,3,571,2025-04-30,2025-03-31,1e-08,-1.9836117337402832,-3.014120127371035,1.061947549343433,1.030508393630752,0.007829145527572304,0.08848245886938441,4.792934762391997,0.0
QR2_matched_ridge,3,571,2025-05-31,2025-04-30,1e-08,-3.0297758721398087,-2.8299849629976475,0.03991640737585133,0.19979090914216124,0.00011421780059130688,0.010687272832266746,0.07018223852646344,1.0
QR2_matched_ridge,3,571,2025-06-30,2025-05-31,1e-08,-3.53015126294113,-3.067428556412424,0.21411230313725063,0.4627227065287056,0.000297224302651623,0.017240194391352524,0.32180025118932254,1.0
QR2_matched_ridge,3,571,2025-07-31,2025-06-30,1e-08,-3.950725844114382,-3.164607357329702,0.6179822752646355,0.7861184867846802,0.0005285396037642009,0.022989989207570345,0.7798172844986173,0.0
QR2_matched_ridge,3,571,2025-08-31,2025-07-31,100.0,-3.3885322185760227,-3.4693351148180422,0.006529108041098574,0.08080289624201953,6.8668284550870915e-06,0.0026204634046456537,0.013791007244193298,1.0
QR2_matched_ridge,3,571,2025-09-30,2025-08-31,100.0,-3.84430960652608,-3.3947761677188213,0.20208031260587941,0.4495334388072587,0.00014754695561954617,0.012146890779929906,0.3060160936645825,1.0
QR2_matched_ridge,3,571,2025-10-31,2025-09-30,1e-08,-3.200563742469265,-3.5749958967875575,0.14019943818743758,0.37443215431829246,0.00016189229589753154,0.012723690341152269,0.36573281407207014,1.0
QR2_matched_ridge,3,571,2025-11-30,2025-10-31,1e-08,-3.187697796475165,-3.3615036922564023,0.030208489408318356,0.1738058957812374,4.334509387442069e-05,0.006583699102664146,0.0680707715720969,0.0
QR2_matched_ridge,3,571,2025-12-31,2025-11-30,100.0,-3.6690396499504754,-3.2530678321070434,0.17303255323996933,0.41597181784343196,0.0001730405893061516,0.013154489321374342,0.26714622415690237,1.0
QR2_matched_ridge,3,571,2026-01-31,2025-12-31,1e-08,-3.5432590006801346,-3.4352485930443244,0.011666248157653877,0.10801040763581016,1.087992859104957e-05,0.0032984736759673512,0.021739345720488884,1.0
QR2_matched_ridge,3,571,2026-02-28,2026-01-31,1e-08,-3.319270460859548,-3.4982105978436095,0.03201957262387478,0.17894013698406175,3.513821085508116e-05,0.005927749223363043,0.07241409279126743,1.0
QR2_matched_ridge,3,571,2026-03-31,2026-02-28,1e-08,-2.9305194230637723,-3.4200638117478643,0.23965370849208134,0.489544388684092,0.00042679271612762313,0.02065896212609973,0.6829406575807457,0.0
QR2_matched_ridge,3,571,2026-04-30,2026-03-31,100.0,-3.2372756219261025,-3.047116958784488,0.036160317167805954,0.19015866314161434,6.764933044589068e-05,0.008224921303325076,0.06396176272375798,1.0
QR2_matched_ridge,3,571,2026-05-31,2026-04-30,100.0,-3.511913129771558,-3.3710745411292837,0.019835508050747686,0.14083858864227405,2.0366552286253363e-05,0.004512931673120408,0.036194397804031136,1.0
QR2_matched_ridge,3,571,2026-06-30,2026-05-31,100.0,-3.0167824583115244,-3.4286853663310115,0.16966400563491008,0.41190290801948715,0.000273206038095877,0.016528945462305725,0.45535159029885697,1.0
QR2_matched_ridge,3,571,2026-07-31,2026-06-30,1e-08,-3.371790235714744,-3.1465504506051465,0.05073296079621767,0.22523978510959752,7.5204898400371e-05,0.008672075783823098,0.08780200768009294,1.0
QR2_matched_ridge,3,571,2026-08-31,2026-07-31,100.0,-3.5077496504538077,-3.312085159862003,0.03828459287855047,0.1956644905918048,4.1936533770256544e-05,0.006475842321293543,0.06748665747642663,0.0
QR2_matched_ridge,3,120,2020-01-31,2019-12-31,100.0,-3.3942209625474167,-3.564269231443783,0.02891641375465096,0.17004826889636648,2.7552233128818093e-05,0.0052490221116716675,0.06498668985710648,1.0
QR2_matched_ridge,3,120,2020-02-29,2020-01-31,100.0,-2.656216692100947,-3.473355674472142,0.6677161165106321,0.817138982371195,0.0015366848136276299,0.039200571598225833,2.4914777195195086,0.0
QR2_matched_ridge,3,120,2020-03-31,2020-02-29,100.0,-1.2968785055181968,-2.9123462927416073,2.609736171556502,1.6154677872234104,0.04797666632862836,0.21903576495318833,21.07238346468972,0.0
QR2_matched_ridge,3,120,2020-04-30,2020-03-31,1.0,-2.134827132729708,-1.591758730891049,0.29492328907559534,0.5430684018386591,0.007276472814062352,0.0853022438981669,0.42365467983559846,1.0
QR2_matched_ridge,3,120,2020-05-31,2020-04-30,1.0,-2.753012874659256,-2.892516374812647,0.019461226555047062,0.13950350015339064,6.887351040870608e-05,0.008299006591677469,0.04280959665205791,1.0
QR2_matched_ridge,3,120,2020-06-30,2020-05-31,1.0,-2.451931103357683,-3.187440912493095,0.5409746793344101,0.735509809135412,0.002011498924396544,0.04484973717198958,1.88265234395343,0.0
QR2_matched_ridge,3,120,2020-07-31,2020-06-30,1.0,-3.218790749890995,-3.3220439376933024,0.010661220791338587,0.10325318780230752,1.5400837337241795e-05,0.003924390059262942,0.022869196600033143,1.0
QR2_matched_ridge,3,120,2020-08-31,2020-07-31,1.0,-3.605902901033218,-3.227666583357694,0.14306271200874018,0.37823631767552435,0.00015592522820045393,0.012487002370483235,0.2257916052302904,1.0
QR2_matched_ridge,3,120,2020-09-30,2020-08-31,1.0,-2.6518079305455564,-3.2467376544556794,0.3539413763917752,0.594929723910123,0.0009999943150762448,0.03162268671501909,1.0967597856006304,1.0
QR2_matched_ridge,3,120,2020-10-31,2020-09-30,1.0,-2.7990558904711156,-2.6846998044368746,0.013077314413070721,0.11435608603424097,5.4378466896098335e-05,0.007374175675700867,0.024269656287876612,1.0
QR2_matched_ridge,3,120,2020-11-30,2020-10-31,1.0,-3.0039008865838612,-2.611510388511448,0.1539703029775166,0.39239049807241333,0.0005678845752623232,0.023830328895387137,0.24100060084273967,0.0
QR2_matched_ridge,3,120,2020-12-31,2020-11-30,1.0,-3.651528771176814,-3.072713561127792,0.3350270473840932,0.5788152100490218,0.00041387566375820293,0.020343934323483324,0.47186031232815107,1.0
QR2_matched_ridge,3,120,2021-01-31,2020-12-31,1.0,-3.0833520658531506,-3.274958771416973,0.03671312961702125,0.1916067055638222,6.379261172930671e-05,0.007987027715571464,0.08377765775483731,1.0
QR2_matched_ridge,3,120,2021-02-28,2021-01-31,1.0,-3.2488415694882113,-3.0743516961936783,0.03044671588234219,0.17448987329453303,5.476639257938641e-05,0.007400431918434654,0.054387163620635115,0.0
QR2_matched_ridge,3,120,2021-03-31,2021-02-28,1.0,-3.0053155591944845,-3.2702817917180873,0.07020710437775197,0.26496623252360285,0.00013288108211750605,0.011527405697619307,0.16888511013238394,0.0
QR2_matched_ridge,3,120,2021-04-30,2021-03-31,1.0,-3.42852988588876,-3.4259557028826837,6.62641814877123e-06,0.0025741830060761473,6.988980200706066e-09,8.360012081753271e-05,1.3230122056385324e-05,1.0
QR2_matched_ridge,3,120,2021-05-31,2021-04-30,1.0,-3.25075444008131,-3.432806062758472,0.033142793319387694,0.1820516226771618,4.1586733496799335e-05,0.006448777674629459,0.07511955420110539,0.0
QR2_matched_ridge,3,120,2021-06-30,2021-05-31,1.0,-3.7043212595884913,-3.34377372966038,0.1299945213372625,0.36054752992811157,0.00011420256545541303,0.010686560038450775,0.20731458470023223,1.0
QR2_matched_ridge,3,120,2021-07-31,2021-06-30,1.0,-3.3961998858730538,-3.4677251309496278,0.005115860683263971,0.07152524507657398,5.347355916260679e-06,0.002312435062063512,0.01073756497784073,1.0
QR2_matched_ridge,3,120,2021-08-31,2021-07-31,1.0,-3.708249345225621,-3.589491163764203,0.014103505664023094,0.11875818146141803,9.560244663632402e-06,0.0030919645314318213,0.026100350259407767,1.0
QR2_matched_ridge,3,120,2021-09-30,2021-08-31,1.0,-3.2831324409451104,-3.6273845436935694,0.11850951024673563,0.3442521027484591,0.00011935444131800361,0.010924945826776607,0.302231368269946,1.0
QR2_matched_ridge,3,120,2021-10-31,2021-09-30,1.0,-3.386780947876349,-3.29617409605972,0.008209601596120561,0.09060685181662897,1.0286051121430866e-05,0.003207187416012801,0.015470759513833615,1.0
QR2_matched_ridge,3,120,2021-11-30,2021-10-31,1.0,-3.3064112261583376,-3.5687858269851622,0.06884043115903556,0.2623746008268246,7.152756326186154e-05,0.008457396955438568,0.16528573560202098,0.0
QR2_matched_ridge,3,120,2021-12-31,2021-11-30,1.0,-2.9961728370061524,-3.4282818402073847,0.18671819064756254,0.43210900320123224,0.0003074882237927793,0.017535342135036297,0.5089315660067744,0.0
QR2_matched_ridge,3,120,2022-01-31,2021-12-31,1.0,-2.941546598012492,-3.4809988998572843,0.29100878596564467,0.5394523018447921,0.0004843246434010797,0.02200737702228686,0.8625511222657649,0.0
QR2_matched_ridge,3,120,2022-02-28,2022-01-31,1.0,-2.799886911249737,-2.88880819190019,0.00790699415251665,0.08892128065045313,2.677495008668597e-05,0.005174451670146893,0.016794662996932136,1.0
QR2_matched_ridge,3,120,2022-03-31,2022-02-28,1.0,-2.6765886403079335,-2.9878489820464083,0.09688300033915206,0.3112603417384747,0.000338623476097743,0.018401724813118553,0.2410990382050494,0.0
QR2_matched_ridge,3,120,2022-04-30,2022-03-31,100.0,-2.6479040482811675,-3.1892604220404124,0.2930667234097592,0.5413563737592448,0.000875989386570557,0.029597117876079708,0.8699658204431562,0.0
QR2_matched_ridge,3,120,2022-05-31,2022-04-30,100.0,-2.4244039455209907,-2.864539275506035,0.19371910870104386,0.44013532998504434,0.000993603817176082,0.03152148183661552,0.5312816688049367,0.0
QR2_matched_ridge,3,120,2022-06-30,2022-05-31,100.0,-2.4599056517814564,-2.990522951138542,0.2815547183770071,0.5306172993570857,0.001237763713301235,0.03518186625665607,0.8287021011236861,1.0
QR2_matched_ridge,3,120,2022-07-31,2022-06-30,100.0,-2.8821019465281603,-2.693488780336337,0.03557492646090429,0.1886131661918231,0.00013520191500734398,0.011627635830526513,0.06298717882684257,1.0
QR2_matched_ridge,3,120,2022-08-31,2022-07-31,100.0,-2.844606483048602,-3.2087915338760387,0.13263075124618248,0.36418505082743646,0.0003151241206790721,0.0177517357089123,0.34333109037092013,0.0
QR2_matched_ridge,3,120,2022-09-30,2022-08-31,100.0,-2.6463004734576345,-2.9367902018633614,0.08438428230923295,0.29048972840572684,0.0003196008407625608,0.01787738349878306,0.20680917843007174,0.0
QR2_matched_ridge,3,120,2022-10-31,2022-09-30,100.0,-2.523493614612676,-2.6338102083210537,0.012169750847419268,0.11031659370837765,7.013478798613677e-05,0.008374651514310119,0.02623279312194471,1.0
QR2_matched_ridge,3,120,2022-11-30,2022-10-31,100.0,-2.5435772319280385,-3.095611414818161,0.30474173907916524,0.5520341828901225,0.0011113849916973197,0.03333744128899697,0.9123446000436073,1.0
QR2_matched_ridge,3,120,2022-12-31,2022-11-30,100.0,-2.95330714551955,-2.9607380952806794,5.521901435243159e-05,0.007430949761129568,1.49160364149134e-07,0.00038621284824450625,0.00011098717381704225,1.0
QR2_matched_ridge,3,120,2023-01-31,2022-12-31,100.0,-3.0445998097233513,-2.8854069010142034,0.025342382183279107,0.15919290870914793,6.751421490511495e-05,0.008216703408613149,0.04570793815024227,0.0
QR2_matched_ridge,3,120,2023-02-28,2023-01-31,100.0,-3.1746943824188296,-3.1546898809765658,0.00040018007795353624,0.020004501442263845,7.135974476243939e-07,0.0008447469725452669,0.0007897921994115889,1.0
QR2_matched_ridge,3,120,2023-03-31,2023-02-28,100.0,-2.924024732160048,-3.108649549768944,0.03408632327711813,0.18462481760889604,8.200801156378532e-05,0.009055827491940498,0.0773990578463199,1.0
QR2_matched_ridge,3,120,2023-04-30,2023-03-31,100.0,-3.4424462204163033,-3.1344164854518572,0.0948823176222669,0.3080297349644461,0.00013314390720094778,0.011538800076305498,0.15612787578852794,1.0
QR2_matched_ridge,3,120,2023-05-31,2023-04-30,100.0,-3.2992440662773723,-3.2799477159231953,0.0003723491369911462,0.019296350354176983,5.171983621857158e-07,0.0007191650451639844,0.0007352100218449426,1.0
QR2_matched_ridge,3,120,2023-06-30,2023-05-31,100.0,-3.4043319921867217,-3.2486069137526816,0.02425030005328792,0.15572507843404004,3.1351616031017056e-05,0.00559925138130242,0.04383427078172564,0.0
QR2_matched_ridge,3,120,2023-07-31,2023-06-30,100.0,-3.766103134731879,-3.4001210519140264,0.1339428849436937,0.3659820828178528,0.00010459482166606881,0.010227160977811428,0.212927535629297,0.0
QR2_matched_ridge,3,120,2023-08-31,2023-07-31,100.0,-3.3080680545326713,-3.4431468278203745,0.01824627499291073,0.13507877328770324,2.1370717366606693e-05,0.004622847322441732,0.04001330082907556,1.0
QR2_matched_ridge,3,120,2023-09-30,2023-08-31,100.0,-3.4377168665741427,-3.261215121449548,0.031152866032027316,0.1765017451245945,3.848716995959137e-05,0.006203802862727939,0.055578231461230476,0.0
QR2_matched_ridge,3,120,2023-10-31,2023-09-30,100.0,-3.193062653385387,-3.232326275731032,0.0015416320397014212,0.039263622345644844,2.497615405451006e-06,0.0015803845751749812,0.0031655804566262935,1.0
QR2_matched_ridge,3,120,2023-11-30,2023-10-31,100.0,-3.314231456188941,-3.2207447646104694,0.008739761502288307,0.09348669157847178,1.2697310759631531e-05,0.0035633286067427924,0.016439197009917944,1.0
QR2_matched_ridge,3,120,2023-12-31,2023-11-30,100.0,-3.5682415676821626,-3.447940486394195,0.014472350159054154,0.12030108128796746,1.30009060617645e-05,0.003605676921434379,0.02675648837028463,1.0
QR2_matched_ridge,3,120,2024-01-31,2023-12-31,100.0,-3.464679499845587,-3.444539715100525,0.000405610929577439,0.020139784745062173,4.0503126572038363e-07,0.0006364206672637082,0.0008004387725469436,1.0
QR2_matched_ridge,3,120,2024-02-29,2024-01-31,100.0,-3.3448968495093907,-3.3742609170135074,0.0008622484603863215,0.029364067504116687,1.0412871094979565e-06,0.0010204347649399037,0.00175875727753666,1.0
QR2_matched_ridge,3,120,2024-03-31,2024-02-29,100.0,-3.578980917498339,-3.48401006730192,0.009019462387030667,0.09497085019641904,7.728390216859586e-06,0.0027799982404418146,0.016949047134228207,1.0
QR2_matched_ridge,3,120,2024-04-30,2024-03-31,100.0,-3.229795427472849,-3.499547403007937,0.07276612830508278,0.2697519755350881,8.750738555493951e-05,0.009354538233121906,0.1756518988364405,1.0
QR2_matched_ridge,3,120,2024-05-31,2024-04-30,100.0,-3.5511189897853304,-3.2300916551842214,0.1030585495610924,0.321027334601109,0.00011796910307672757,0.010861358251928143,0.1682647940052392,1.0
QR2_matched_ridge,3,120,2024-06-30,2024-05-31,100.0,-3.974283728374348,-3.4928946742579186,0.23173542142311082,0.4813890541164296,0.00013502329261755715,0.011619952350055363,0.3446087525235132,0.0
QR2_matched_ridge,3,120,2024-07-31,2024-06-30,100.0,-3.1722014727576715,-3.6075684300441235,0.18954438749686334,0.435366957286452,0.00021884836640340046,0.014793524475370988,0.5179293705999,1.0
QR2_matched_ridge,3,120,2024-08-31,2024-07-31,100.0,-2.872824298145019,-3.359807325349853,0.237152468785584,0.4869830272048339,0.0004751120702782255,0.02179706563458085,0.6744614105441482,0.0
QR2_matched_ridge,3,120,2024-09-30,2024-08-31,100.0,-3.260469768692696,-3.1738502183857764,0.007502946495372935,0.08661955030691937,1.2053514869240947e-05,0.0034718172286629587,0.014175622980055286,1.0
QR2_matched_ridge,3,120,2024-10-31,2024-09-30,100.0,-3.4205129328690873,-3.2609920881628147,0.025446899895802736,0.1595208447062726,3.1975318472312735e-05,0.005654672269222394,0.045886936335888084,1.0
QR2_matched_ridge,3,120,2024-11-30,2024-10-31,100.0,-3.343202830242378,-3.316879875459291,0.0006928979485124542,0.026322954783087216,8.87681530946249e-07,0.0009421685257671522,0.001361793799501687,1.0
QR2_matched_ridge,3,120,2024-12-31,2024-11-30,100.0,-3.197711188525805,-3.4421127880400575,0.059732141845124986,0.24440159951425233,7.847473849648221e-05,0.008858596869509426,0.14156063183266565,0.0
QR2_matched_ridge,3,120,2025-01-31,2024-12-31,100.0,-3.243856524094862,-3.2411486698630263,7.3324745408694514e-06,0.0027078542318355048,1.1190483681520401e-08,0.00010578508250939922,1.4638511190118858e-05,1.0
QR2_matched_ridge,3,120,2025-02-28,2025-01-31,100.0,-3.336086010210643,-3.3150961457382904,0.00044057441056772636,0.020989864472352515,5.694603690906425e-07,0.0007546259796022414,0.0008689470165408886,1.0
QR2_matched_ridge,3,120,2025-03-31,2025-02-28,100.0,-2.8188957116043185,-3.273069722546122,0.20627403221496549,0.45417401094180354,0.00047444961845985494,0.021781864439479347,0.5718738530735574,1.0
QR2_matched_ridge,3,120,2025-04-30,2025-03-31,100.0,-1.9836117337402832,-3.0515889383072894,1.140575309474757,1.0679772045670062,0.008151874856821147,0.09028773370076994,5.329167433134412,0.0
QR2_matched_ridge,3,120,2025-05-31,2025-04-30,100.0,-3.0297758721398087,-2.683186255056472,0.12012436266997395,0.3465896170833367,0.00040074330107795186,0.02001857390220272,0.19316320762016503,1.0
QR2_matched_ridge,3,120,2025-06-30,2025-05-31,100.0,-3.53015126294113,-3.2034341638139137,0.10674406286210318,0.32671709912721614,0.0001281871524824703,0.011321976527200111,0.17369024122945137,1.0
QR2_matched_ridge,3,120,2025-07-31,2025-06-30,100.0,-3.950725844114382,-3.3556230523093022,0.35414733281420036,0.59510279180508,0.0002448253428904077,0.015646895631095892,0.49436431119956736,0.0
QR2_matched_ridge,3,120,2025-08-31,2025-07-31,100.0,-3.3885322185760227,-3.49279927548403,0.010871619156257634,0.1042670569080073,1.1172834238756652e-05,0.003342578980182316,0.023336839347188915,1.0
QR2_matched_ridge,3,120,2025-09-30,2025-08-31,100.0,-3.84430960652608,-3.402580029918499,0.19512501884991262,0.44172957660758083,0.00014127949716159253,0.01188610521413943,0.2968097459877147,1.0
QR2_matched_ridge,3,120,2025-10-31,2025-09-30,100.0,-3.200563742469265,-3.563385096852297,0.13163933519633775,0.3628213543830321,0.00015367350420856472,0.012396511775841005,0.34041583851325385,1.0
QR2_matched_ridge,3,120,2025-11-30,2025-10-31,100.0,-3.187697796475165,-3.302489199034736,0.013177066101593455,0.11479140255957088,2.0028257547303978e-05,0.004475294129697396,0.02849223284456809,0.0
QR2_matched_ridge,3,120,2025-12-31,2025-11-30,100.0,-3.6690396499504754,-3.252421863939671,0.17357037962054445,0.41661778601080446,0.00017369836543147421,0.013179467570105942,0.2678762694964787,1.0
QR2_matched_ridge,3,120,2026-01-31,2025-12-31,100.0,-3.5432590006801346,-3.3719765164650237,0.02933768939889969,0.17128248421511083,2.9190315370774553e-05,0.005402806249605343,0.05251196217570964,1.0
QR2_matched_ridge,3,120,2026-02-28,2026-01-31,100.0,-3.319270460859548,-3.4006857096424996,0.006628442734389936,0.08141524878295181,8.002238724688413e-06,0.0028288228514151276,0.014006698446449944,1.0
QR2_matched_ridge,3,120,2026-03-31,2026-02-28,100.0,-2.9305194230637723,-3.340215467761059,0.16785084904060105,0.4096960446972866,0.00032184312178667015,0.01793998667186434,0.44972790665960494,0.0
QR2_matched_ridge,3,120,2026-04-30,2026-03-31,100.0,-3.2372756219261025,-3.0385180990692615,0.039504552892187676,0.198757522856841,7.456479279361294e-05,0.008635090780855344,0.06950287774869185,1.0
QR2_matched_ridge,3,120,2026-05-31,2026-04-30,100.0,-3.511913129771558,-3.443019797757949,0.004746291195937322,0.0688933320136087,4.529363275285367e-06,0.002128230080438994,0.009071212284043867,1.0
QR2_matched_ridge,3,120,2026-06-30,2026-05-31,100.0,-3.0167824583115244,-3.4823793582425253,0.2167804732253585,0.46559689993100095,0.0003321249244145882,0.018224294894853634,0.6063428812193881,1.0
QR2_matched_ridge,3,120,2026-07-31,2026-06-30,100.0,-3.371790235714744,-3.1957248394242996,0.030999023770911224,0.17606539629044438,4.3675115544170116e-05,0.00660871512051852,0.05531893675012717,1.0
QR2_matched_ridge,3,120,2026-08-31,2026-07-31,100.0,-3.5077496504538077,-3.3051725617313736,0.041037476875256926,0.20257708872243407,4.5274203318994684e-05,0.006728610801569272,0.07202816344969837,0.0
QR2_matched_ridge,4,571,2020-01-31,2019-12-31,1.0,-3.3942209625474167,-3.5814958991224852,0.03507190186919595,0.18727493657506855,3.286343085557319e-05,0.005732663504477931,0.07978675814485758,1.0
QR2_matched_ridge,4,571,2020-02-29,2020-01-31,1.0,-2.656216692100947,-3.5130056607190046,0.734087336745595,0.8567889686180576,0.0016326585151411736,0.04040616927080781,2.8352012496541006,0.0
QR2_matched_ridge,4,571,2020-03-31,2020-02-29,1.0,-1.2968785055181968,-2.901041618813988,2.5733392940588447,1.604163113295791,0.047706375531911746,0.2184178919683819,20.529320112552202,0.0
QR2_matched_ridge,4,571,2020-04-30,2020-03-31,1.0,-2.134827132729708,-2.175937774328386,0.0016900848526549494,0.041110641598677944,2.2689674353171268e-05,0.00476336796323476,0.003474746341693244,1.0
QR2_matched_ridge,4,571,2020-05-31,2020-04-30,1.0,-2.753012874659256,-2.7320772497636283,0.00043830038977043205,0.020935624895627836,1.8182070845803921e-06,0.001348409093925279,0.0008644929958968386,1.0
QR2_matched_ridge,4,571,2020-06-30,2020-05-31,1.0,-2.451931103357683,-2.836844681315913,0.14815846249660658,0.3849135779582302,0.0007571741035132761,0.027516796752406994,0.3895658273093925,0.0
QR2_matched_ridge,4,571,2020-07-31,2020-06-30,1.0,-3.218790749890995,-2.8701432346170246,0.12155508990671336,0.3486475152739703,0.00027846941116012395,0.0166874027685594,0.195225400778123,1.0
QR2_matched_ridge,4,571,2020-08-31,2020-07-31,1.0,-3.605902901033218,-3.106969571997878,0.24893446682228723,0.4989333290353404,0.00030882480959831354,0.017573412007868976,0.36653174961137835,0.0
QR2_matched_ridge,4,571,2020-09-30,2020-08-31,1.0,-2.6518079305455564,-3.2684840019709025,0.38028937706859856,0.6166760714253461,0.0010536196291230967,0.032459507530507865,1.1993650870074317,1.0
QR2_matched_ridge,4,571,2020-10-31,2020-09-30,1.0,-2.7990558904711156,-2.8029751131346305,1.536030628620934e-05,0.003919222663514965,5.668514726563025e-08,0.0002380864281424505,3.080103739268661e-05,1.0
QR2_matched_ridge,4,571,2020-11-30,2020-10-31,1.0,-3.0039008865838612,-2.763151061336182,0.05796047835678807,0.24074982524767918,0.0001822341522095716,0.013499413032038526,0.09935577894071762,0.0
QR2_matched_ridge,4,571,2020-12-31,2020-11-30,1.0,-3.651528771176814,-3.0655711617119947,0.3433463200897255,0.5859576094648191,0.00042748779331871914,0.020675777937449395,0.48168830841368815,1.0
QR2_matched_ridge,4,571,2021-01-31,2020-12-31,1.0,-3.0833520658531506,-3.229149405765872,0.02125686432562565,0.14579733991272148,3.861747017695696e-05,0.006214295629993552,0.0469656823270288,1.0
QR2_matched_ridge,4,571,2021-02-28,2021-01-31,1.0,-3.2488415694882113,-3.0668688078737665,0.03311408596958758,0.18197276161444487,6.00250753579221e-05,0.007747585130730872,0.0588745744315024,0.0
QR2_matched_ridge,4,571,2021-03-31,2021-02-28,1.0,-3.0053155591944845,-3.1936560223029224,0.035472130043900894,0.188340463108438,7.227556852304197e-05,0.008501503897725506,0.0807582783162521,1.0
QR2_matched_ridge,4,571,2021-04-30,2021-03-31,1.0,-3.42852988588876,-3.1544719372874943,0.0751077591915339,0.27405794860126553,0.00010457791529399606,0.010226334401631704,0.1261537650189148,1.0
QR2_matched_ridge,4,571,2021-05-31,2021-04-30,1.0,-3.25075444008131,-3.305474328723241,0.0029942662129852932,0.05471988864193067,4.256619172310329e-06,0.0020631575733109503,0.006213103981356827,1.0
QR2_matched_ridge,4,571,2021-06-30,2021-05-31,1.0,-3.7043212595884913,-3.2218736320606185,0.23275571330727313,0.48244762752787285,0.00023296976386146884,0.015263347072692439,0.3459183629491537,0.0
QR2_matched_ridge,4,571,2021-07-31,2021-06-30,1.0,-3.3961998858730538,-3.4564099913589317,0.003625256802620545,0.06021010548587791,3.831945452437511e-06,0.001957535555855247,0.007550526714371231,1.0
QR2_matched_ridge,4,571,2021-08-31,2021-07-31,1.0,-3.708249345225621,-3.4272369990085716,0.07896793872641078,0.2810123462170493,6.330011857707139e-05,0.007956137164294705,0.13207840362462892,1.0
QR2_matched_ridge,4,571,2021-09-30,2021-08-31,1.0,-3.2831324409451104,-3.5322287610026013,0.06204897666618396,0.24909632005749094,6.840775350135153e-05,0.00827089798639492,0.1475514890923748,1.0
QR2_matched_ridge,4,571,2021-10-31,2021-09-30,1.0,-3.386780947876349,-3.2551002677446217,0.017339801519954248,0.13168068013172718,2.2653703828520247e-05,0.004759590720694401,0.0318255149856638,0.0
QR2_matched_ridge,4,571,2021-11-30,2021-10-31,1.0,-3.3064112261583376,-3.4835734863881216,0.0313864664497257,0.17716226022978399,3.5401784085380074e-05,0.00594993983880342,0.07089310325932296,0.0
QR2_matched_ridge,4,571,2021-12-31,2021-11-30,1.0,-2.9961728370061524,-3.324606793021534,0.10786886346391356,0.3284339560153815,0.00019575676947930493,0.013991310498995616,0.27187396280975373,0.0
QR2_matched_ridge,4,571,2022-01-31,2021-12-31,1.0,-2.941546598012492,-3.281746856176722,0.11573621565500862,0.34020025816422983,0.0002316924447826252,0.015221446868896045,0.294267944503417,0.0
QR2_matched_ridge,4,571,2022-02-28,2022-01-31,1.0,-2.799886911249737,-2.9166636122133305,0.013636797887940564,0.1167767009635936,4.4930322106794327e-05,0.006703008437022463,0.02952687508373758,1.0
QR2_matched_ridge,4,571,2022-03-31,2022-02-28,1.0,-2.6765886403079335,-2.9274963123762956,0.06295465990276472,0.25090767206836206,0.00023306760964644216,0.015266551989445494,0.14990164135921502,0.0
QR2_matched_ridge,4,571,2022-04-30,2022-03-31,1.0,-2.6479040482811675,-3.061562450330852,0.17111327358629844,0.4136584020496845,0.0005752781699012406,0.023984957158628417,0.45985676076368875,0.0
QR2_matched_ridge,4,571,2022-05-31,2022-04-30,1.0,-2.4244039455209907,-2.641817413162354,0.047268615911842206,0.2174134676413635,0.0002992615634338954,0.01729917811440461,0.10986876820918257,1.0
QR2_matched_ridge,4,571,2022-06-30,2022-05-31,1.0,-2.4599056517814564,-2.849536000197901,0.15181180840711994,0.3896303484164445,0.0007602066437045901,0.027571845126951336,0.4005993953263225,1.0
QR2_matched_ridge,4,571,2022-07-31,2022-06-30,1.0,-2.8821019465281603,-2.451070851230886,0.1857878051131681,0.43103109529727446,0.0009110940118770837,0.030184333881619514,0.28435253120388126,0.0
QR2_matched_ridge,4,571,2022-08-31,2022-07-31,100.0,-2.844606483048602,-3.007663682517758,0.02658765029872401,0.16305719946915564,7.656553905551622e-05,0.008750173658591938,0.05945946904768479,0.0
QR2_matched_ridge,4,571,2022-09-30,2022-08-31,100.0,-2.6463004734576345,-2.8125121037386656,0.02762630604067815,0.16621163028103103,0.0001179207513826514,0.010859132165263088,0.06191963342717277,1.0
QR2_matched_ridge,4,571,2022-10-31,2022-09-30,100.0,-2.523493614612676,-2.5441776231628848,0.0004278282097051061,0.020684008550208688,2.694159145406392e-06,0.00164138939481355,0.0008675783971106368,1.0
QR2_matched_ridge,4,571,2022-11-30,2022-10-31,100.0,-2.5435772319280385,-2.9058715369000616,0.13125716341516128,0.3622943049720231,0.0005704303900433779,0.023883684599395,0.3392932548751202,1.0
QR2_matched_ridge,4,571,2022-12-31,2022-11-30,100.0,-2.95330714551955,-2.821134432060667,0.017469626183083942,0.13217271345888282,5.433850099619209e-05,0.007371465322186091,0.03205373365367509,1.0
QR2_matched_ridge,4,571,2023-01-31,2022-12-31,100.0,-3.0445998097233513,-2.758406598856641,0.08190655394619727,0.28619321086671023,0.0002489242853249476,0.015777334544369262,0.13656388729117014,0.0
QR2_matched_ridge,4,571,2023-02-28,2023-01-31,100.0,-3.1746943824188296,-3.043466562107012,0.01722074082379068,0.13122782031181757,3.4368612120891694e-05,0.005862474914308094,0.031616123714811845,0.0
QR2_matched_ridge,4,571,2023-03-31,2023-02-28,100.0,-2.924024732160048,-3.007789795155019,0.007016585778551478,0.0837650629949711,1.8630540124059864e-05,0.004316310939223432,0.014850784053839022,1.0
QR2_matched_ridge,4,571,2023-04-30,2023-03-31,100.0,-3.4424462204163033,-3.0468763556174405,0.1564755179369906,0.3955698647988628,0.00024089350098627452,0.01552074421496194,0.2444675591906339,1.0
QR2_matched_ridge,4,571,2023-05-31,2023-04-30,100.0,-3.2992440662773723,-3.218236180056639,0.006562277629951271,0.0810078862207333,9.700327051583442e-06,0.003114534805004343,0.012443563553361736,1.0
QR2_matched_ridge,4,571,2023-06-30,2023-05-31,100.0,-3.4043319921867217,-3.193539212244084,0.04443359607594527,0.21079277994263768,6.079948726554799e-05,0.007797402597374846,0.07759141809165154,0.0
QR2_matched_ridge,4,571,2023-07-31,2023-06-30,100.0,-3.766103134731879,-3.353837725395243,0.16996276773550423,0.41226540933663625,0.00013942647144258967,0.011807898688699428,0.26297147105552865,0.0
QR2_matched_ridge,4,571,2023-08-31,2023-07-31,100.0,-3.3080680545326713,-3.432747686268179,0.015545010569701865,0.12467963173550789,1.8393080082625788e-05,0.004288715435025479,0.033843694745840536,1.0
QR2_matched_ridge,4,571,2023-09-30,2023-08-31,100.0,-3.4377168665741427,-3.249528107726474,0.03541500895662593,0.1881887588476685,4.428280253441983e-05,0.006654532480529329,0.06272069512824702,0.0
QR2_matched_ridge,4,571,2023-10-31,2023-09-30,100.0,-3.193062653385387,-3.24600512691083,0.002802905502992246,0.05294247352544312,4.479796527796434e-06,0.0021165529825157778,0.005809018428274887,1.0
QR2_matched_ridge,4,571,2023-11-30,2023-10-31,100.0,-3.314231456188941,-3.2074319954830965,0.01140612480705926,0.10679946070584467,1.6796872733782862e-05,0.004098398801212842,0.021271181530252065,1.0
QR2_matched_ridge,4,571,2023-12-31,2023-11-30,100.0,-3.5682415676821626,-3.3863297421913505,0.03309191225339967,0.18191182549081208,3.166556390022466e-05,0.0056272163544886615,0.05883739991044329,1.0
QR2_matched_ridge,4,571,2024-01-31,2023-12-31,100.0,-3.464679499845587,-3.4360926988277907,0.0008172051924310804,0.028586801017796315,8.229878167712235e-07,0.0009071867595876956,0.0016037021819722275,1.0
QR2_matched_ridge,4,571,2024-02-29,2024-01-31,100.0,-3.3448968495093907,-3.3910913815450403,0.0021339347899926578,0.046194532035649605,2.534287335239642e-06,0.0015919445138696392,0.004402397160426549,1.0
QR2_matched_ridge,4,571,2024-03-31,2024-02-29,100.0,-3.578980917498339,-3.4674393506239927,0.012441521140784305,0.11154156687434646,1.084182191088969e-05,0.003292692198018164,0.023131469261248677,1.0
QR2_matched_ridge,4,571,2024-04-30,2024-03-31,100.0,-3.229795427472849,-3.500165298512896,0.0730998671662118,0.2703698710400473,8.785687339247825e-05,0.009373199741415855,0.17653699222146546,1.0
QR2_matched_ridge,4,571,2024-05-31,2024-04-30,100.0,-3.5511189897853304,-3.2390239603369615,0.09740330740637823,0.31209502944836887,0.00011045220128893931,0.010509624222061382,0.1598851932620628,1.0
QR2_matched_ridge,4,571,2024-06-30,2024-05-31,100.0,-3.974283728374348,-3.495458757262193,0.22927335296055612,0.47882497111215505,0.00013321941513445948,0.011542071527003265,0.34144370674707003,0.0
QR2_matched_ridge,4,571,2024-07-31,2024-06-30,100.0,-3.1722014727576715,-3.619356987526322,0.19994805438801666,0.44715551476865034,0.0002283521798671687,0.015111326211394178,0.551339198571432,1.0
QR2_matched_ridge,4,571,2024-08-31,2024-07-31,1.0,-2.872824298145019,-3.365509689925696,0.24273889527407924,0.49268539178067705,0.0004837630068629739,0.021994613132832637,0.6934341735829808,0.0
QR2_matched_ridge,4,571,2024-09-30,2024-08-31,1.0,-3.260469768692696,-3.091972174321409,0.028391439308910686,0.16849759437128675,4.958886917065186e-05,0.007041936464542396,0.05090746345276431,1.0
QR2_matched_ridge,4,571,2024-10-31,2024-09-30,100.0,-3.4205129328690873,-3.240407849869082,0.03243784092243879,0.18010508300000527,4.1631728893303104e-05,0.006452265407847317,0.057739879635303415,0.0
QR2_matched_ridge,4,571,2024-11-30,2024-10-31,1.0,-3.343202830242378,-3.3458890978971265,7.216033912947099e-06,0.002686267654748331,8.979726583832084e-09,9.47614192793253e-05,1.4457948175319348e-05,1.0
QR2_matched_ridge,4,571,2024-12-31,2024-11-30,0.01,-3.197711188525805,-3.4881067342961205,0.08432957300323932,0.29039554577031534,0.00010602686430293654,0.010296934704218365,0.20666081812514092,0.0
QR2_matched_ridge,4,571,2025-01-31,2024-12-31,100.0,-3.243856524094862,-3.245781667261804,3.7061762132244584e-06,0.0019251431669422558,5.6300485822994975e-09,7.503364966666287e-05,7.421874817083e-06,1.0
QR2_matched_ridge,4,571,2025-02-28,2025-01-31,1e-08,-3.336086010210643,-3.332404540719544,1.3553217613890595e-05,0.00368146949109871,1.721687209724208e-08,0.00013121307898697476,2.7040029831271878e-05,1.0
QR2_matched_ridge,4,571,2025-03-31,2025-02-28,1e-08,-2.8188957116043185,-3.288411608625333,0.2204451775554481,0.4695158970210147,0.0004999128567076477,0.02235873110683269,0.618472234531013,1.0
QR2_matched_ridge,4,571,2025-04-30,2025-03-31,1e-08,-1.9836117337402832,-3.0314280438473364,1.0979190197263604,1.0478163101070532,0.007978915771289374,0.08932477691709828,5.034950294482329,0.0
QR2_matched_ridge,4,571,2025-05-31,2025-04-30,1e-08,-3.0297758721398087,-2.7965616323588196,0.05438888163662468,0.2332142397809891,0.00016111330578195558,0.0126930416284654,0.09366694715840257,1.0
QR2_matched_ridge,4,571,2025-06-30,2025-05-31,1e-08,-3.53015126294113,-2.975449628424979,0.3076939033348894,0.5547016345161508,0.00047193232074857765,0.02172400333153578,0.43915894683289036,0.0
QR2_matched_ridge,4,571,2025-07-31,2025-06-30,100.0,-3.950725844114382,-3.2203326697744057,0.5334741891224274,0.7303931743399765,0.00042853296172097073,0.02070103769671875,0.6928400765038065,0.0
QR2_matched_ridge,4,571,2025-08-31,2025-07-31,100.0,-3.3885322185760227,-3.4939999479724544,0.011123441944038939,0.10546772939643168,1.1418156322032816e-05,0.0033790762527698033,0.023897196106427432,1.0
QR2_matched_ridge,4,571,2025-09-30,2025-08-31,100.0,-3.84430960652608,-3.407422631698176,0.19087022877427767,0.43688697482790406,0.00013748261002272227,0.011725297864989284,0.2911473765984878,1.0
QR2_matched_ridge,4,571,2025-10-31,2025-09-30,100.0,-3.200563742469265,-3.5724791241483347,0.1383210511294881,0.3719153816790697,0.00016010075722957471,0.012653092793051615,0.3601491824249845,1.0
QR2_matched_ridge,4,571,2025-11-30,2025-10-31,100.0,-3.187697796475165,-3.3186126720368643,0.017138704643335223,0.13091487556169934,2.5641500884481075e-05,0.005063743761732131,0.03747556720413264,0.0
QR2_matched_ridge,4,571,2025-12-31,2025-11-30,100.0,-3.6690396499504754,-3.2559177737272647,0.17066968461418586,0.4131218762232107,0.0001701584693120354,0.013044480415564101,0.263934027884172,1.0
QR2_matched_ridge,4,571,2026-01-31,2025-12-31,100.0,-3.5432590006801346,-3.38265348673146,0.025794131110717915,0.16060551394867462,2.5384502001157324e-05,0.005038303484423832,0.046481210495564196,1.0
QR2_matched_ridge,4,571,2026-02-28,2026-01-31,100.0,-3.319270460859548,-3.427709536878572,0.011759033207859697,0.10843907601902414,1.3823593877374818e-05,0.003718009397160639,0.025314582224948312,1.0
QR2_matched_ridge,4,571,2026-03-31,2026-02-28,100.0,-2.9305194230637723,-3.3569936903988893,0.1818803006990248,0.42647426733511695,0.0003433412096594266,0.018529468682599255,0.4936070273951736,0.0
QR2_matched_ridge,4,571,2026-04-30,2026-03-31,100.0,-3.2372756219261025,-3.0379333635101426,0.03973733599037532,0.19934225841595987,7.504949590278068e-05,0.008663111213806543,0.06988693785282069,1.0
QR2_matched_ridge,4,571,2026-05-31,2026-04-30,100.0,-3.511913129771558,-3.3588019204757966,0.02344304241201038,0.15311120929576116,2.4375223501021377e-05,0.004937127049309282,0.04244527018609079,1.0
QR2_matched_ridge,4,571,2026-06-30,2026-05-31,100.0,-3.0167824583115244,-3.4416847797614096,0.18054198277350164,0.42490232144988527,0.0002872273255614524,0.01694778231986275,0.4893851870443653,1.0
QR2_matched_ridge,4,571,2026-07-31,2026-06-30,100.0,-3.371790235714744,-3.2080501640615253,0.02681081106500119,0.1637400716532187,3.729852637940878e-05,0.006107251949887836,0.048217745905603904,1.0
QR2_matched_ridge,4,571,2026-08-31,2026-07-31,100.0,-3.5077496504538077,-3.3208947711534185,0.034914745918363035,0.18685487930038924,3.789915561571796e-05,0.006156229009362628,0.06188637879169451,0.0
QR2_matched_ridge,4,120,2020-01-31,2019-12-31,100.0,-3.3942209625474167,-3.565650511277817,0.029388090177908763,0.1714295487304005,2.796410460847004e-05,0.005288109738693973,0.06611112299676153,1.0
QR2_matched_ridge,4,120,2020-02-29,2020-01-31,100.0,-2.656216692100947,-3.477850542172609,0.6750821835835827,0.8216338500716622,0.0015476086249332905,0.039339657153225044,2.5287749133489923,0.0
QR2_matched_ridge,4,120,2020-03-31,2020-02-29,100.0,-1.2968785055181968,-2.9021569993232283,2.5769190426729507,1.6052784938050315,0.04773314585575707,0.21847916572469117,20.582334725379496,0.0
QR2_matched_ridge,4,120,2020-04-30,2020-03-31,1.0,-2.134827132729708,-1.5947035157103264,0.29173352166209976,0.5401236170193817,0.0071747106695181345,0.08470366384943531,0.4197588104883283,1.0
QR2_matched_ridge,4,120,2020-05-31,2020-04-30,0.01,-2.753012874659256,-3.719029321424022,0.9331877754200236,0.9660164467647658,0.00155851578220641,0.039478041772691944,3.971497234483439,1.0
QR2_matched_ridge,4,120,2020-06-30,2020-05-31,100.0,-2.451931103357683,-3.1541748352963257,0.49314625904711235,0.7022437319386428,0.001888207205086278,0.043453506246173945,1.6689509579315467,0.0
QR2_matched_ridge,4,120,2020-07-31,2020-06-30,100.0,-3.218790749890995,-2.975537710933483,0.059172040962064874,0.24325303895751205,0.00012136524366826662,0.011016589475344292,0.10127668466244699,1.0
QR2_matched_ridge,4,120,2020-08-31,2020-07-31,100.0,-3.605902901033218,-3.296831376570452,0.09552520723373815,0.309071524462766,9.677273300838016e-05,0.00983731330233922,0.1570873510840734,1.0
QR2_matched_ridge,4,120,2020-09-30,2020-08-31,100.0,-2.6518079305455564,-3.4534656731039313,0.6426551362037896,0.8016577425583749,0.0015122601460563216,0.03888778916390493,2.3661658976346858,1.0
QR2_matched_ridge,4,120,2020-10-31,2020-09-30,100.0,-2.7990558904711156,-2.9580534477348155,0.02528022321582353,0.1589975572636999,8.005985811979659e-05,0.008947617454931597,0.05637443223899652,1.0
QR2_matched_ridge,4,120,2020-11-30,2020-10-31,100.0,-3.0039008865838612,-2.9769960948052265,0.0007238678206516891,0.026904791778634696,1.8290050822752842e-06,0.001352407143679478,0.0014221138878032016,1.0
QR2_matched_ridge,4,120,2020-12-31,2020-11-30,100.0,-3.651528771176814,-3.2518129922306174,0.1597727039385646,0.3997157789461965,0.00016262751958449643,0.012752549532720758,0.2490160121217755,1.0
QR2_matched_ridge,4,120,2021-01-31,2020-12-31,100.0,-3.0833520658531506,-3.397598268769261,0.09875067604719322,0.3142462029161104,0.00015257032781653576,0.012351936197071929,0.24628963135596682,1.0
QR2_matched_ridge,4,120,2021-02-28,2021-01-31,1.0,-3.2488415694882113,-3.21083803241621,0.0014442688299829791,0.038003537072001325,2.2609819834303143e-06,0.001503656205197955,0.002816724295266207,1.0
QR2_matched_ridge,4,120,2021-03-31,2021-02-28,1.0,-3.0053155591944845,-3.328160537426627,0.10422887996971272,0.32284497823214275,0.00018670813842963825,0.013664118648110395,0.26161257464664056,0.0
QR2_matched_ridge,4,120,2021-04-30,2021-03-31,1.0,-3.42852988588876,-3.369260292844383,0.003512884659646031,0.059269593044376734,3.922367291321612e-06,0.001980496728429919,0.0067561953130425845,1.0
QR2_matched_ridge,4,120,2021-05-31,2021-04-30,1.0,-3.25075444008131,-3.393807936983113,0.020464302975834136,0.1430534969018029,2.6671085000613443e-05,0.0051644055805691175,0.045127887712652304,1.0
QR2_matched_ridge,4,120,2021-06-30,2021-05-31,1.0,-3.7043212595884913,-3.343654299333271,0.13008065621974071,0.3606669602552204,0.00011429270423479295,0.01069077659643082,0.2074373205100325,1.0
QR2_matched_ridge,4,120,2021-07-31,2021-06-30,1.0,-3.3961998858730538,-3.5012638287336797,0.011038432089420869,0.10506394286062593,1.1162884139374298e-05,0.0033410902620812713,0.023707954132664494,1.0
QR2_matched_ridge,4,120,2021-08-31,2021-07-31,1.0,-3.708249345225621,-3.5349556471328585,0.030030705798665486,0.1732936980927624,2.152623888513149e-05,0.004639637796760809,0.05368441519002404,1.0
QR2_matched_ridge,4,120,2021-09-30,2021-08-31,1.0,-3.2831324409451104,-3.6013795182398045,0.10128120220661503,0.31824707729469415,0.00010454076973623718,0.010224518068654247,0.2533495970982873,1.0
QR2_matched_ridge,4,120,2021-10-31,2021-09-30,1.0,-3.386780947876349,-3.2348475441545275,0.023083759166497974,0.1519334037218214,3.0789673799575284e-05,0.005548844366133843,0.0418259580144838,0.0
QR2_matched_ridge,4,120,2021-11-30,2021-10-31,1.0,-3.3064112261583376,-3.5677746106840904,0.06831081877075652,0.2613633845257528,7.104595549292387e-05,0.008428876288861041,0.16389364043828558,0.0
QR2_matched_ridge,4,120,2021-12-31,2021-11-30,1.0,-2.9961728370061524,-3.353228874241418,0.12748901372615135,0.3570560372352656,0.00022520173081454678,0.015006722853926062,0.3282603278377909,0.0
QR2_matched_ridge,4,120,2022-01-31,2021-12-31,1.0,-2.941546598012492,-3.5400055642241224,0.3581531342390931,0.5984589662116302,0.0005650539874428297,0.023770864255277503,1.1129819185353464,0.0
QR2_matched_ridge,4,120,2022-02-28,2022-01-31,1.0,-2.799886911249737,-2.8907596708264554,0.00825785843308808,0.09087275957671848,2.7909359227036118e-05,0.00528293093150347,0.01756343473133723,1.0
QR2_matched_ridge,4,120,2022-03-31,2022-02-28,1.0,-2.6765886403079335,-3.0393045614740757,0.13156283946740305,0.36271592116614215,0.00043803475491823764,0.020929279847100274,0.34019108847924806,0.0
QR2_matched_ridge,4,120,2022-04-30,2022-03-31,100.0,-2.6479040482811675,-3.2009475802358667,0.30585714823692833,0.5530435319546991,0.0009045569380170275,0.030075853072141237,0.9164212794189384,0.0
QR2_matched_ridge,4,120,2022-05-31,2022-04-30,100.0,-2.4244039455209907,-2.8590116257846505,0.18888383574415957,0.4346076802636598,0.0009737820649447227,0.0312054813285218,0.5158233630930724,0.0
QR2_matched_ridge,4,120,2022-06-30,2022-05-31,100.0,-2.4599056517814564,-3.0179696625691155,0.3114354401364085,0.5580640107876591,0.001335362347561666,0.03654261002667524,0.936882077223713,1.0
QR2_matched_ridge,4,120,2022-07-31,2022-06-30,100.0,-2.8821019465281603,-2.695553886150171,0.03480017883078999,0.18654806037798943,0.0001319761396796966,0.011488086858989909,0.061695161758393235,1.0
QR2_matched_ridge,4,120,2022-08-31,2022-07-31,100.0,-2.844606483048602,-3.1900691477419922,0.11934445269705764,0.34546266469339004,0.0002885963558656003,0.01698812396545305,0.3046359012354082,0.0
QR2_matched_ridge,4,120,2022-09-30,2022-08-31,100.0,-2.6463004734576345,-2.950431284331539,0.09249555012281852,0.30413081087390426,0.00034580882301768164,0.01859593565857017,0.22897319035891117,0.0
QR2_matched_ridge,4,120,2022-10-31,2022-09-30,100.0,-2.523493614612676,-2.6430314497201706,0.014289294022186544,0.1195378351074945,8.160833770310678e-05,0.009033733320344739,0.03099896955377074,1.0
QR2_matched_ridge,4,120,2022-11-30,2022-10-31,100.0,-2.5435772319280385,-3.0788208886372974,0.286485772047499,0.5352436567092589,0.001060889629586284,0.03257130070455099,0.8463132363290782,1.0
QR2_matched_ridge,4,120,2022-12-31,2022-11-30,100.0,-2.95330714551955,-2.9498624729493184,1.1865769116105362e-05,0.0034446725702315106,3.240278446467338e-08,0.00018000773445792095,2.3677133714812386e-05,1.0
QR2_matched_ridge,4,120,2023-01-31,2022-12-31,100.0,-3.0445998097233513,-2.8898141103744863,0.023958612722917223,0.154785699348865,6.353973024104382e-05,0.007971181232480154,0.04333277861899265,0.0
QR2_matched_ridge,4,120,2023-02-28,2023-01-31,100.0,-3.1746943824188296,-3.155247372436433,0.0003781861972554361,0.01944700998239668,6.740010705169295e-07,0.0008209756820496752,0.000746660886446586,1.0
QR2_matched_ridge,4,120,2023-03-31,2023-02-28,100.0,-2.924024732160048,-3.1054920211034593,0.03293037695647159,0.18146728894341146,7.946983491757047e-05,0.00891458551574724,0.07460723125500762,1.0
QR2_matched_ridge,4,120,2023-04-30,2023-03-31,100.0,-3.4424462204163033,-3.1439399639360865,0.08910598515783297,0.2985062564802168,0.00012379359139074548,0.011126256845442023,0.14746616823870762,1.0
QR2_matched_ridge,4,120,2023-05-31,2023-04-30,100.0,-3.2992440662773723,-3.2775489499973567,0.0004706780704033995,0.021695116280015636,6.553541940270118e-07,0.0008095394950383902,0.0009278873396147136,1.0
QR2_matched_ridge,4,120,2023-06-30,2023-05-31,100.0,-3.4043319921867217,-3.256674885810903,0.02180262106327979,0.14765710637581853,2.795497418160776e-05,0.00528724637042835,0.03961189564859158,0.0
QR2_matched_ridge,4,120,2023-07-31,2023-06-30,100.0,-3.766103134731879,-3.404480768979461,0.13077073541237574,0.36162236575241824,0.00010164666837401685,0.010081997241321625,0.20842016664836926,1.0
QR2_matched_ridge,4,120,2023-08-31,2023-07-31,100.0,-3.3080680545326713,-3.457630212124696,0.022368838983581642,0.14956215759202474,2.583136906077133e-05,0.005082456990548108,0.049552958931440017,1.0
QR2_matched_ridge,4,120,2023-09-30,2023-08-31,100.0,-3.4377168665741427,-3.27645234581063,0.02600624565708546,0.16126452076351283,3.162947727731558e-05,0.00562400900402156,0.0468439378178554,0.0
QR2_matched_ridge,4,120,2023-10-31,2023-09-30,100.0,-3.193062653385387,-3.2277047799081124,0.0012000769300165193,0.03464212652272547,1.953208713205965e-06,0.0013975724357635153,0.002456558398366185,1.0
QR2_matched_ridge,4,120,2023-11-30,2023-10-31,100.0,-3.314231456188941,-3.223544850065713,0.008224060530149553,0.09068660612322832,1.1914168629626582e-05,0.003451690691476654,0.015497207553433479,1.0
QR2_matched_ridge,4,120,2023-12-31,2023-11-30,100.0,-3.5682415676821626,-3.4313565714828105,0.018737502184496647,0.13688499619935213,1.7119965141816564e-05,0.004137627960778562,0.03427696993006005,1.0
QR2_matched_ridge,4,120,2024-01-31,2023-12-31,100.0,-3.464679499845587,-3.4542270836470763,0.00010925300438688829,0.010452416198510672,1.0804244223725091e-07,0.00032869810196782534,0.00021699132260165344,1.0
QR2_matched_ridge,4,120,2024-02-29,2024-01-31,100.0,-3.3448968495093907,-3.3957549229783064,0.0025865436369696257,0.05085807346891569,3.057634349321846e-06,0.0017486092614766302,0.005353035208797388,1.0
QR2_matched_ridge,4,120,2024-03-31,2024-02-29,100.0,-3.578980917498339,-3.486598132602781,0.008534578945058952,0.09238278489555807,7.293717896290612e-06,0.002700688411551879,0.016064712433610573,1.0
QR2_matched_ridge,4,120,2024-04-30,2024-03-31,100.0,-3.229795427472849,-3.5058443700924085,0.0762030187213769,0.2760489426195596,9.109134396958536e-05,0.009544178538228702,0.18479511534812743,1.0
QR2_matched_ridge,4,120,2024-05-31,2024-04-30,100.0,-3.5511189897853304,-3.2375760866915497,0.09830915208047591,0.31354290309378063,0.00011164933890085065,0.010566425076668582,0.16123194664869622,1.0
QR2_matched_ridge,4,120,2024-06-30,2024-05-31,100.0,-3.974283728374348,-3.4951557871604666,0.22956358405185276,0.4791279412138816,0.00013343168765120347,0.011551263465578276,0.34181716132207207,0.0
QR2_matched_ridge,4,120,2024-07-31,2024-06-30,100.0,-3.1722014727576715,-3.6055396768161248,0.18778199909660567,0.43333820405845325,0.00021722201154987072,0.014738453499260725,0.5123144964983686,1.0
QR2_matched_ridge,4,120,2024-08-31,2024-07-31,100.0,-2.872824298145019,-3.367748371720718,0.24494983860476394,0.494924073575699,0.00048716702876869044,0.022071860564272565,0.7009776846043865,0.0
QR2_matched_ridge,4,120,2024-09-30,2024-08-31,100.0,-3.260469768692696,-3.169911784286924,0.008200748539635965,0.09055798440577156,1.3227295169072873e-05,0.0036369348590637243,0.01545456464132089,1.0
QR2_matched_ridge,4,120,2024-10-31,2024-09-30,100.0,-3.4205129328690873,-3.253028176147443,0.028051143734108417,0.16748475672164442,3.553722096347488e-05,0.005961310339470248,0.05032940832341776,0.0
QR2_matched_ridge,4,120,2024-11-30,2024-10-31,100.0,-3.343202830242378,-3.313312394704874,0.0008934381366216973,0.029890435537504256,1.1487062656894334e-06,0.0010717771529984363,0.0017517951213308278,1.0
QR2_matched_ridge,4,120,2024-12-31,2024-11-30,100.0,-3.197711188525805,-3.4389060123484736,0.05817494303884806,0.24119482382266844,7.666447033374113e-05,0.00875582493736262,0.13755122084355864,0.0
QR2_matched_ridge,4,120,2025-01-31,2024-12-31,100.0,-3.243856524094862,-3.236110128387823,6.000664645002795e-05,0.007746395707038722,9.204236473474692e-08,0.00030338484592139225,0.00011939590570817123,1.0
QR2_matched_ridge,4,120,2025-02-28,2025-01-31,100.0,-3.336086010210643,-3.3279929778973676,6.549717202371806e-05,0.008093032313275295,8.357034359493261e-08,0.00028908535693620424,0.00013029043376105998,1.0
QR2_matched_ridge,4,120,2025-03-31,2025-02-28,100.0,-2.8188957116043185,-3.2667806761254106,0.20060094144405988,0.44788496452109205,0.00046409317892828766,0.02154282198153918,0.5534508608855944,1.0
QR2_matched_ridge,4,120,2025-04-30,2025-03-31,100.0,-1.9836117337402832,-3.051832349568058,1.1410952840794708,1.068220615827775,0.00815395305039725,0.09029924169336778,5.332802625836763,0.0
QR2_matched_ridge,4,120,2025-05-31,2025-04-30,100.0,-3.0297758721398087,-2.6861787871742826,0.11805895679680696,0.3435970849655261,0.000392608659585677,0.019814354886941866,0.19017955243597995,1.0
QR2_matched_ridge,4,120,2025-06-30,2025-05-31,100.0,-3.53015126294113,-3.187635471181371,0.11731706760481443,0.34251579175975877,0.0001432534839444415,0.011968854746567923,0.18910589240215575,1.0
QR2_matched_ridge,4,120,2025-07-31,2025-06-30,100.0,-3.950725844114382,-3.3654871085194986,0.3425043776406981,0.5852387355948836,0.0002342263070595066,0.01530445383081365,0.48069625655544335,0.0
QR2_matched_ridge,4,120,2025-08-31,2025-07-31,100.0,-3.3885322185760227,-3.516633064390722,0.01640982669844141,0.1281008458146995,1.6474893877445487e-05,0.004058927675808659,0.0358115982984864,1.0
QR2_matched_ridge,4,120,2025-09-30,2025-08-31,100.0,-3.84430960652608,-3.417330573400648,0.18231109472872872,0.42697903312543195,0.00012993043799920288,0.011398703347276079,0.2796846051722959,1.0
QR2_matched_ridge,4,120,2025-10-31,2025-09-30,100.0,-3.200563742469265,-3.5741839477734194,0.13959205781151848,0.3736202053041544,0.00016131372226743445,0.012700933913198448,0.3639256086372533,1.0
QR2_matched_ridge,4,120,2025-11-30,2025-10-31,100.0,-3.187697796475165,-3.3078748556596453,0.014442525554230106,0.1201770591844804,2.1836066817265258e-05,0.004672907747566311,0.031345284344714786,0.0
QR2_matched_ridge,4,120,2025-12-31,2025-11-30,100.0,-3.6690396499504754,-3.2528567689531958,0.1732081904351958,0.4161828809972796,0.00017325532661644218,0.013162648920959724,0.26738467877188155,1.0
QR2_matched_ridge,4,120,2026-01-31,2025-12-31,100.0,-3.5432590006801346,-3.3651311925461496,0.03172951603061777,0.178127808133985,3.1793309228968514e-05,0.005638555597754492,0.056549207188600126,1.0
QR2_matched_ridge,4,120,2026-02-28,2026-01-31,100.0,-3.319270460859548,-3.3953165671782624,0.005783010286237238,0.07604610631871456,7.018675346293386e-06,0.002649278268942956,0.012175379030153366,1.0
QR2_matched_ridge,4,120,2026-03-31,2026-02-28,100.0,-2.9305194230637723,-3.3348879149168087,0.16351387720349914,0.40436849185303636,0.0003150884650615763,0.01775073139511655,0.4363336507442048,0.0
QR2_matched_ridge,4,120,2026-04-30,2026-03-31,100.0,-3.2372756219261025,-3.0296450334350142,0.04311046127715564,0.20763058849108829,8.212081864724746e-05,0.009062053776448663,0.07542901452550782,1.0
QR2_matched_ridge,4,120,2026-05-31,2026-04-30,100.0,-3.511913129771558,-3.4168896472012453,0.009029462239790476,0.09502348257031246,8.848055466827395e-06,0.002974568114336499,0.016967261743978224,1.0
QR2_matched_ridge,4,120,2026-06-30,2026-05-31,100.0,-3.0167824583115244,-3.488893077266556,0.22288843653010293,0.4721106189550315,0.0003394378148996166,0.01842383822387769,0.6265893111196235,1.0
QR2_matched_ridge,4,120,2026-07-31,2026-06-30,100.0,-3.371790235714744,-3.21186576526169,0.02557583624968975,0.15992447045305402,3.5441312265656544e-05,0.005953260641501978,0.04610767768072993,1.0
QR2_matched_ridge,4,120,2026-08-31,2026-07-31,100.0,-3.5077496504538077,-3.308523766284445,0.03969095292306437,0.19922588416936282,4.3637270971705404e-05,0.006605851267755383,0.06981042889330014,0.0
