run_id,configuration,model,seed,window,target_month,forecast_origin,training_start,training_end,actual_log_rv,previous_log_rv,predicted_log_rv,status,warnings,seconds,error,mse_log_rv,mae_log_rv,mse_rv,mae_rv,qlike_variance,directional_accuracy
6896fea73c283c52ec3df2db2143d92e1dad9531a594c684d1d0adfc23fe05fa,colin,AR1,0,120,2025-09-30,2025-08-31,2015-09-30,2025-08-31,-3.844352655797379,-3.3885720022366694,-3.3457317730099976,ok,[],6.020907312631607e-05,,0.2486227847516674,0.49862088278738126,0.00019138430707014875,0.013834171716085815,0.3661373051597987,0.0
6896fea73c283c52ec3df2db2143d92e1dad9531a594c684d1d0adfc23fe05fa,colin,AR1,0,120,2025-10-31,2025-09-30,2015-10-31,2025-09-30,-3.200601249147139,-3.844352655797379,-3.6104161402736783,ok,[],5.858391523361206e-05,,0.1679482449890571,0.4098148911265391,0.00018761085683878094,0.013697111258903497,0.45002963152458375,1.0
6896fea73c283c52ec3df2db2143d92e1dad9531a594c684d1d0adfc23fe05fa,colin,AR1,0,120,2025-11-30,2025-10-31,2015-11-30,2025-10-31,-3.1877347547552812,-3.200601249147139,-3.2386966505128303,ok,[],5.749997217208147e-05,,0.0025971148192032965,0.05096189575754906,4.203600580959666e-06,0.0020502684168078253,0.00537529141186166,0.0
6896fea73c283c52ec3df2db2143d92e1dad9531a594c684d1d0adfc23fe05fa,colin,AR1,0,120,2025-12-31,2025-11-30,2015-12-31,2025-11-30,-3.669080341092571,-3.1877347547552812,-3.2296861180879026,ok,[],5.862500984221697e-05,,0.19306728320987643,0.43939422300466857,0.0001979650895074541,0.014070006734449494,0.29407419412806324,1.0
6896fea73c283c52ec3df2db2143d92e1dad9531a594c684d1d0adfc23fe05fa,colin,AR1,0,120,2026-01-31,2025-12-31,2016-01-31,2025-12-31,-3.5432987087435324,-3.669080341092571,-3.5096905644720917,ok,[],5.979195702821016e-05,,0.0011295073613699692,0.033608144271440654,9.769123980068667e-07,0.000988388788891733,0.00220923974523303,1.0
6896fea73c283c52ec3df2db2143d92e1dad9531a594c684d1d0adfc23fe05fa,colin,AR1,0,120,2026-02-28,2026-01-31,2016-02-29,2026-01-31,-3.319307735691405,-3.5432987087435324,-3.440786444141306,ok,[],0.00010333291720598936,,0.014757076606656087,0.12147870844990116,1.7126268287921062e-05,0.004138389576625316,0.032056911999715054,1.0
6896fea73c283c52ec3df2db2143d92e1dad9531a594c684d1d0adfc23fe05fa,colin,AR1,0,120,2026-03-31,2026-02-28,2016-03-31,2026-02-28,-2.9305511753093016,-3.319307735691405,-3.313657545061652,ok,[],5.970895290374756e-05,,0.1467704905448245,0.38310636975235024,0.0002884819693389826,0.016984756970265504,0.3853893864659528,1.0
6896fea73c283c52ec3df2db2143d92e1dad9531a594c684d1d0adfc23fe05fa,colin,AR1,0,120,2026-04-30,2026-03-31,2016-04-30,2026-03-31,-3.237312027686596,-2.9305511753093016,-3.0893576867051005,ok,[],5.8750039897859097e-05,,0.02189048701526861,0.1479543409814954,3.921116778789276e-05,0.006261882128233712,0.03976403429235942,1.0
6896fea73c283c52ec3df2db2143d92e1dad9531a594c684d1d0adfc23fe05fa,colin,AR1,0,120,2026-05-31,2026-04-30,2016-05-31,2026-04-30,-3.5119546359486353,-3.237312027686596,-3.2618252626619615,ok,[],6.554194260388613e-05,,0.06256470338078422,0.25012937328667384,7.19080101535011e-05,0.008479859088068687,0.10663248885794901,1.0
6896fea73c283c52ec3df2db2143d92e1dad9531a594c684d1d0adfc23fe05fa,colin,AR1,0,120,2026-06-30,2026-05-31,2016-06-30,2026-05-31,-3.0168147582707263,-3.5119546359486353,-3.418005713709883,ok,[],5.991698708385229e-05,,0.16095418272618353,0.40119095543915684,0.00026176560242150836,0.01617917187069562,0.4284663760800205,1.0
6896fea73c283c52ec3df2db2143d92e1dad9531a594c684d1d0adfc23fe05fa,colin,AR1,0,120,2026-07-31,2026-06-30,2016-07-31,2026-06-30,-3.371829178429884,-3.0168147582707263,-3.140640712910029,ok,[],5.816703196614981e-05,,0.05344810658942521,0.23118846551985506,7.971427088310633e-05,0.008928284879141477,0.09216184075620948,1.0
6896fea73c283c52ec3df2db2143d92e1dad9531a594c684d1d0adfc23fe05fa,colin,AR1,0,120,2026-08-31,2026-07-31,2016-08-31,2026-07-31,-3.507788998946598,-3.371829178429884,-3.3361092693082126,ok,[],5.8833975344896317e-05,,0.029473929568709107,0.1716797296383854,3.149468173332809e-05,0.005612012271309471,0.052742630639711685,0.0
6896fea73c283c52ec3df2db2143d92e1dad9531a594c684d1d0adfc23fe05fa,colin,AR1,0,571,2025-09-30,2025-08-31,1978-02-28,2025-08-31,-3.844352655797379,-3.3885720022366694,-3.336055255136246,ok,[],0.0001770419767126441,,0.2583662475188643,0.5082974006611329,0.00020098089702311282,0.014176773152699905,0.3784197319011542,0.0
6896fea73c283c52ec3df2db2143d92e1dad9531a594c684d1d0adfc23fe05fa,colin,AR1,0,571,2025-10-31,2025-09-30,1978-03-31,2025-09-30,-3.200601249147139,-3.844352655797379,-3.625728602013366,ok,[],0.0001812500413507223,,0.18073326615504526,0.4251273528662267,0.000199036095201253,0.014108015282145572,0.48998814355739007,1.0
6896fea73c283c52ec3df2db2143d92e1dad9531a594c684d1d0adfc23fe05fa,colin,AR1,0,571,2025-11-30,2025-10-31,1978-04-30,2025-10-31,-3.1877347547552812,-3.200601249147139,-3.216307658042685,ok,[],0.00017625000327825546,,0.0008164108022713185,0.028572903287403584,1.3511327077282142e-06,0.0011623823414557768,0.0016643740521302547,0.0
6896fea73c283c52ec3df2db2143d92e1dad9531a594c684d1d0adfc23fe05fa,colin,AR1,0,571,2025-12-31,2025-11-30,1978-05-31,2025-11-30,-3.669080341092571,-3.1877347547552812,-3.208657209460226,ok,[],0.00018066703341901302,,0.21198946014213574,0.46042313163234505,0.00022233582642461173,0.014910929763921891,0.3190281949862087,1.0
6896fea73c283c52ec3df2db2143d92e1dad9531a594c684d1d0adfc23fe05fa,colin,AR1,0,571,2026-01-31,2025-12-31,1978-06-30,2025-12-31,-3.5432987087435324,-3.669080341092571,-3.513751841081956,ok,[],0.0001962080132216215,,0.0008730173886106983,0.029546867661576215,7.519974657591137e-07,0.0008671778743482295,0.001712143697935202,1.0
6896fea73c283c52ec3df2db2143d92e1dad9531a594c684d1d0adfc23fe05fa,colin,AR1,0,571,2026-02-28,2026-01-31,1978-07-31,2026-01-31,-3.319307735691405,-3.5432987087435324,-3.4340336924707495,ok,[],0.0002015409991145134,,0.013162045158936047,0.1147259567793446,1.5376615612706282e-05,0.003921302795335535,0.028458463776713572,1.0
6896fea73c283c52ec3df2db2143d92e1dad9531a594c684d1d0adfc23fe05fa,colin,AR1,0,571,2026-03-31,2026-02-28,1978-08-31,2026-02-28,-2.9305511753093016,-3.319307735691405,-3.291733427271384,ok,[],0.0001787920482456684,,0.13045261913240103,0.3611822519620822,0.0002617369582998562,0.016178286630538358,0.33693216968093376,1.0
6896fea73c283c52ec3df2db2143d92e1dad9531a594c684d1d0adfc23fe05fa,colin,AR1,0,571,2026-04-30,2026-03-31,1978-09-30,2026-03-31,-3.237312027686596,-2.9305511753093016,-3.045333168320945,ok,[],0.0002235410502180457,,0.036855882443336346,0.19197885936565084,6.907519554873112e-05,0.00831114887056724,0.0651179456205801,1.0
6896fea73c283c52ec3df2db2143d92e1dad9531a594c684d1d0adfc23fe05fa,colin,AR1,0,571,2026-05-31,2026-04-30,1978-10-31,2026-04-30,-3.5119546359486353,-3.237312027686596,-3.239371614140718,ok,[],0.00019337492994964123,,0.0743015037779355,0.27258302180791727,8.742210622816368e-05,0.009349978942658838,0.12491155592217967,1.0
6896fea73c283c52ec3df2db2143d92e1dad9531a594c684d1d0adfc23fe05fa,colin,AR1,0,571,2026-06-30,2026-05-31,1978-11-30,2026-05-31,-3.0168147582707263,-3.5119546359486353,-3.4139547945512545,ok,[],0.00018924998585134745,,0.15772020841689924,0.3971400362805282,0.00025747805049108034,0.016046122599901833,0.4185672611372284,1.0
6896fea73c283c52ec3df2db2143d92e1dad9531a594c684d1d0adfc23fe05fa,colin,AR1,0,571,2026-07-31,2026-06-30,1978-12-31,2026-06-30,-3.371829178429884,-3.0168147582707263,-3.1011028663481808,ok,[],0.00018199998885393143,,0.07329273605335986,0.2707263120817034,0.00011390773074354932,0.01067275647354278,0.12335497688070107,1.0
6896fea73c283c52ec3df2db2143d92e1dad9531a594c684d1d0adfc23fe05fa,colin,AR1,0,571,2026-08-31,2026-07-31,1979-01-31,2026-07-31,-3.507788998946598,-3.371829178429884,-3.325151547683288,ok,[],0.00021162501070648432,,0.033356438603957934,0.18263745126331,3.604775108685272e-05,0.006003977938571454,0.05928074321960397,0.0
6896fea73c283c52ec3df2db2143d92e1dad9531a594c684d1d0adfc23fe05fa,colin,AR3,0,120,2025-09-30,2025-08-31,2015-09-30,2025-08-31,-3.844352655797379,-3.3885720022366694,-3.3849848376098257,ok,[],7.416598964482546e-05,,0.21101879238639287,0.4593678181875531,0.00015569812839650134,0.012477905609376172,0.31775886911262086,0.0
6896fea73c283c52ec3df2db2143d92e1dad9531a594c684d1d0adfc23fe05fa,colin,AR3,0,120,2025-10-31,2025-09-30,2015-10-31,2025-09-30,-3.200601249147139,-3.844352655797379,-3.5851312176078727,ok,[],7.354095578193665e-05,,0.1478632966444127,0.3845299684607335,0.00016912156599084373,0.013004674774512576,0.38867695436383154,1.0
6896fea73c283c52ec3df2db2143d92e1dad9531a594c684d1d0adfc23fe05fa,colin,AR3,0,120,2025-11-30,2025-10-31,2015-11-30,2025-10-31,-3.1877347547552812,-3.200601249147139,-3.297981589324811,ok,[],7.345899939537048e-05,,0.012154364532601216,0.11024683456952955,1.8555013500687314e-05,0.004307553075782969,0.02619836294029504,0.0
6896fea73c283c52ec3df2db2143d92e1dad9531a594c684d1d0adfc23fe05fa,colin,AR3,0,120,2025-12-31,2025-11-30,2015-12-31,2025-11-30,-3.669080341092571,-3.1877347547552812,-3.209881599075916,ok,[],7.512501906603575e-05,,0.21086348466967847,0.459198742016655,0.00022086363026665605,0.014861481429072138,0.3175556702275336,1.0
6896fea73c283c52ec3df2db2143d92e1dad9531a594c684d1d0adfc23fe05fa,colin,AR3,0,120,2026-01-31,2025-12-31,2016-01-31,2025-12-31,-3.5432987087435324,-3.669080341092571,-3.484282257073712,ok,[],0.0001207499299198389,,0.003482941567696246,0.05901645166982039,3.090527426974973e-06,0.0017579895980849754,0.006699715367260661,1.0
6896fea73c283c52ec3df2db2143d92e1dad9531a594c684d1d0adfc23fe05fa,colin,AR3,0,120,2026-02-28,2026-01-31,2016-02-29,2026-01-31,-3.319307735691405,-3.5432987087435324,-3.4710117504089446,ok,[],8.56249826028943e-05,,0.023014108081419498,0.1517040147175397,2.593155819912013e-05,0.005092303820386224,0.051058984681880915,1.0
6896fea73c283c52ec3df2db2143d92e1dad9531a594c684d1d0adfc23fe05fa,colin,AR3,0,120,2026-03-31,2026-02-28,2016-03-31,2026-02-28,-2.9305511753093016,-3.319307735691405,-3.32877112497009,ok,[],0.00011954107321798801,,0.1585791283078408,0.39821994966078833,0.00030731835197870644,0.017530497767567994,0.4211919662850745,0.0
6896fea73c283c52ec3df2db2143d92e1dad9531a594c684d1d0adfc23fe05fa,colin,AR3,0,120,2026-04-30,2026-03-31,2016-04-30,2026-03-31,-3.237312027686596,-2.9305511753093016,-3.1019427372247543,ok,[],7.087492849677801e-05,,0.018324844800142424,0.13536929046184154,3.240410556645302e-05,0.005692460414131399,0.03355446588967392,1.0
6896fea73c283c52ec3df2db2143d92e1dad9531a594c684d1d0adfc23fe05fa,colin,AR3,0,120,2026-05-31,2026-04-30,2016-05-31,2026-04-30,-3.5119546359486353,-3.237312027686596,-3.2251021437725162,ok,[],6.950006354600191e-05,,0.08228435226765046,0.2868524921761191,9.82712774877939e-05,0.009913187049975094,0.1371390368195884,0.0
6896fea73c283c52ec3df2db2143d92e1dad9531a594c684d1d0adfc23fe05fa,colin,AR3,0,120,2026-06-30,2026-05-31,2016-06-30,2026-05-31,-3.0168147582707263,-3.5119546359486353,-3.408215106211291,ok,[],6.920890882611275e-05,,0.15319423236799518,0.3914003479405648,0.0002514343574672785,0.015856681792458298,0.4047897736210144,1.0
6896fea73c283c52ec3df2db2143d92e1dad9531a594c684d1d0adfc23fe05fa,colin,AR3,0,120,2026-07-31,2026-06-30,2016-07-31,2026-06-30,-3.371829178429884,-3.0168147582707263,-3.1791063957926986,ok,[],6.729201413691044e-05,,0.03714207094741987,0.19272278263718556,5.323224037248255e-05,0.007296042788558915,0.06559308383890428,1.0
6896fea73c283c52ec3df2db2143d92e1dad9531a594c684d1d0adfc23fe05fa,colin,AR3,0,120,2026-08-31,2026-07-31,2016-08-31,2026-07-31,-3.507788998946598,-3.371829178429884,-3.29953446100988,ok,[],6.729201413691044e-05,,0.043369952571235916,0.208254537936718,4.8125469128411794e-05,0.006937252275102283,0.07585360451422668,0.0
6896fea73c283c52ec3df2db2143d92e1dad9531a594c684d1d0adfc23fe05fa,colin,AR3,0,571,2025-09-30,2025-08-31,1978-02-28,2025-08-31,-3.844352655797379,-3.3885720022366694,-3.453088344660828,ok,[],0.0002610000083222985,,0.15308776116915962,0.3912643111365508,0.00010501116899092447,0.010247495742420412,0.23977696220166822,1.0
6896fea73c283c52ec3df2db2143d92e1dad9531a594c684d1d0adfc23fe05fa,colin,AR3,0,571,2025-10-31,2025-09-30,1978-03-31,2025-09-30,-3.200601249147139,-3.844352655797379,-3.6121149872133276,ok,[],0.00025525002274662256,,0.1693435566172075,0.4115137380661884,0.00018887032625208516,0.013743010087025519,0.45435666123520924,1.0
6896fea73c283c52ec3df2db2143d92e1dad9531a594c684d1d0adfc23fe05fa,colin,AR3,0,571,2025-11-30,2025-10-31,1978-04-30,2025-10-31,-3.1877347547552812,-3.200601249147139,-3.335541415654318,ok,[],0.0002537500113248825,,0.021846809006122892,0.14780666089903693,3.2148127765228543e-05,0.005669931901286694,0.04833705823084794,0.0
6896fea73c283c52ec3df2db2143d92e1dad9531a594c684d1d0adfc23fe05fa,colin,AR3,0,571,2025-12-31,2025-11-30,1978-05-31,2025-11-30,-3.669080341092571,-3.1877347547552812,-3.247443836468366,ok,[],0.00025120796635746956,,0.17777734203171724,0.421636504624205,0.00017885150377668196,0.01337353744439675,0.2735728499897506,1.0
6896fea73c283c52ec3df2db2143d92e1dad9531a594c684d1d0adfc23fe05fa,colin,AR3,0,571,2026-01-31,2025-12-31,1978-06-30,2025-12-31,-3.5432987087435324,-3.669080341092571,-3.440384424070498,ok,[],0.00028208293952047825,,0.010591349989762324,0.1029142846730342,9.82561066532504e-06,0.003134583012989932,0.01980117352478497,1.0
6896fea73c283c52ec3df2db2143d92e1dad9531a594c684d1d0adfc23fe05fa,colin,AR3,0,571,2026-02-28,2026-01-31,1978-07-31,2026-01-31,-3.319307735691405,-3.5432987087435324,-3.459843502065107,ok,[],0.0002727499231696129,,0.019750301630243786,0.14053576637370213,2.2497819480641282e-05,0.004743186637761715,0.04347681638160361,1.0
6896fea73c283c52ec3df2db2143d92e1dad9531a594c684d1d0adfc23fe05fa,colin,AR3,0,571,2026-03-31,2026-02-28,1978-08-31,2026-02-28,-2.9305511753093016,-3.319307735691405,-3.3604348829068433,ok,[],0.00022741698194295168,,0.18480000205780872,0.4298837075975417,0.0003477277147391212,0.018647458667044182,0.5028437071552301,0.0
6896fea73c283c52ec3df2db2143d92e1dad9531a594c684d1d0adfc23fe05fa,colin,AR3,0,571,2026-04-30,2026-03-31,1978-09-30,2026-03-31,-3.237312027686596,-2.9305511753093016,-3.1219262127061,ok,[],0.0002246249932795763,,0.013313886298713214,0.11538581498049583,2.3067714038222105e-05,0.004802886011370883,0.024692383008528496,1.0
6896fea73c283c52ec3df2db2143d92e1dad9531a594c684d1d0adfc23fe05fa,colin,AR3,0,571,2026-05-31,2026-04-30,1978-10-31,2026-04-30,-3.5119546359486353,-3.237312027686596,-3.1924770220738385,ok,[],0.00023458304349333048,,0.10206594576713375,0.3194776138747968,0.00012614613358826932,0.011231479581438473,0.16679884016815416,0.0
6896fea73c283c52ec3df2db2143d92e1dad9531a594c684d1d0adfc23fe05fa,colin,AR3,0,571,2026-06-30,2026-05-31,1978-11-30,2026-05-31,-3.0168147582707263,-3.5119546359486353,-3.3534272229222326,ok,[],0.00023308303207159042,,0.11330795135876158,0.3366124646515063,0.0001957926267956794,0.013992591854109067,0.2873248416654338,1.0
6896fea73c283c52ec3df2db2143d92e1dad9531a594c684d1d0adfc23fe05fa,colin,AR3,0,571,2026-07-31,2026-06-30,1978-12-31,2026-06-30,-3.371829178429884,-3.0168147582707263,-3.177949824928623,ok,[],0.00023029197473078966,,0.03758920371406695,0.19387935350126106,5.393742630493396e-05,0.007344210393564032,0.06633476616541406,1.0
6896fea73c283c52ec3df2db2143d92e1dad9531a594c684d1d0adfc23fe05fa,colin,AR3,0,571,2026-08-31,2026-07-31,1979-01-31,2026-07-31,-3.507788998946598,-3.371829178429884,-3.287399382689604,ok,[],0.0002311660209670663,,0.048571582953905,0.22038961625699383,5.457912803255814e-05,0.007387768812879714,0.08431399495737435,0.0
6896fea73c283c52ec3df2db2143d92e1dad9531a594c684d1d0adfc23fe05fa,colin,ARMAX,0,120,2025-09-30,2025-08-31,2015-09-30,2025-08-31,-3.844352655797379,-3.3885720022366694,-3.5433088748291417,ok,[],1.1241375409299508,,0.09062735805965194,0.30104378096823714,5.650880493096317e-05,0.007517233861665019,0.14975471475418894,1.0
6896fea73c283c52ec3df2db2143d92e1dad9531a594c684d1d0adfc23fe05fa,colin,ARMAX,0,120,2025-10-31,2025-09-30,2015-10-31,2025-09-30,-3.200601249147139,-3.844352655797379,-3.6134489725229653,ok,[],0.7157892080722377,,0.17044324269660263,0.4128477233758261,0.00018986074738191512,0.01377899660287044,0.4577727970829608,1.0
6896fea73c283c52ec3df2db2143d92e1dad9531a594c684d1d0adfc23fe05fa,colin,ARMAX,0,120,2025-11-30,2025-10-31,2015-11-30,2025-10-31,-3.1877347547552812,-3.200601249147139,-3.075974848159897,ok,[],0.5527795000234619,,0.012490276722209015,0.11175990659538426,2.3808362953018294e-05,0.004879381410898137,0.0232188603116196,1.0
6896fea73c283c52ec3df2db2143d92e1dad9531a594c684d1d0adfc23fe05fa,colin,ARMAX,0,120,2025-12-31,2025-11-30,2015-12-31,2025-11-30,-3.669080341092571,-3.1877347547552812,-3.0742803782262453,ok,[],0.4918469999684021,,0.3537869958257826,0.5947999628663259,0.00042944144502382977,0.02072296902048135,0.49394292524867567,0.0
6896fea73c283c52ec3df2db2143d92e1dad9531a594c684d1d0adfc23fe05fa,colin,ARMAX,0,120,2026-01-31,2025-12-31,2016-01-31,2025-12-31,-3.5432987087435324,-3.669080341092571,-3.5730458093714104,ok,[],0.6593062909087166,,0.0008848899957650996,0.029747100627877998,7.183434805805117e-07,0.0008475514619068931,0.001805405500951228,1.0
6896fea73c283c52ec3df2db2143d92e1dad9531a594c684d1d0adfc23fe05fa,colin,ARMAX,0,120,2026-02-28,2026-01-31,2016-02-29,2026-01-31,-3.319307735691405,-3.5432987087435324,-3.324496957949102,ok,[],0.6733392080059275,,2.69280276397805e-05,0.005189222257697246,3.506209011970782e-08,0.0001872487386331556,5.404285372434016e-05,1.0
6896fea73c283c52ec3df2db2143d92e1dad9531a594c684d1d0adfc23fe05fa,colin,ARMAX,0,120,2026-03-31,2026-02-28,2016-03-31,2026-02-28,-2.9305511753093016,-3.319307735691405,-3.116568460979021,ok,[],0.7721839579753578,,0.03460243056793005,0.18601728566971953,8.205930969476577e-05,0.009058659376241375,0.07864856114580948,1.0
6896fea73c283c52ec3df2db2143d92e1dad9531a594c684d1d0adfc23fe05fa,colin,ARMAX,0,120,2026-04-30,2026-03-31,2016-04-30,2026-03-31,-3.237312027686596,-2.9305511753093016,-3.156491340252729,ok,[],0.7858480419963598,,0.006531983517282801,0.08082068743386683,1.0926673009090797e-05,0.003305551846377666,0.012387623692433708,1.0
6896fea73c283c52ec3df2db2143d92e1dad9531a594c684d1d0adfc23fe05fa,colin,ARMAX,0,120,2026-05-31,2026-04-30,2016-05-31,2026-04-30,-3.5119546359486353,-3.237312027686596,-3.6160464567972914,ok,[],0.4066549999406561,,0.010835107167588716,0.10409182084865609,8.70109218363932e-06,0.0029497613774065387,0.023255650689920027,1.0
6896fea73c283c52ec3df2db2143d92e1dad9531a594c684d1d0adfc23fe05fa,colin,ARMAX,0,120,2026-06-30,2026-05-31,2016-06-30,2026-05-31,-3.0168147582707263,-3.5119546359486353,-3.2672094267914273,ok,[],0.6105145000619814,,0.06269749002359175,0.250394668520701,0.00011759829921951221,0.010844274951305514,0.14923384418414176,1.0
6896fea73c283c52ec3df2db2143d92e1dad9531a594c684d1d0adfc23fe05fa,colin,ARMAX,0,120,2026-07-31,2026-06-30,2016-07-31,2026-06-30,-3.371829178429884,-3.0168147582707263,-3.1276058874256916,ok,[],0.5257640419295058,,0.059645015868918544,0.2442232910041926,9.017017801601396e-05,0.009495797913604415,0.10202538060521904,1.0
6896fea73c283c52ec3df2db2143d92e1dad9531a594c684d1d0adfc23fe05fa,colin,ARMAX,0,120,2026-08-31,2026-07-31,2016-08-31,2026-07-31,-3.507788998946598,-3.371829178429884,-3.5041618291367547,ok,[],0.3278618750628084,,1.3156360829439005e-05,0.0036271698098433447,1.1854539829629353e-08,0.0001088785554167089,2.624920974513608e-05,1.0
6896fea73c283c52ec3df2db2143d92e1dad9531a594c684d1d0adfc23fe05fa,colin,ARMAX,0,571,2025-09-30,2025-08-31,1978-02-28,2025-08-31,-3.844352655797379,-3.3885720022366694,-3.598469201496133,ok,[],1.2678136250469834,,0.060458673099112945,0.24588345430124603,3.558517615024873e-05,0.005965331185294638,0.10331180367731707,1.0
6896fea73c283c52ec3df2db2143d92e1dad9531a594c684d1d0adfc23fe05fa,colin,ARMAX,0,571,2025-10-31,2025-09-30,1978-03-31,2025-09-30,-3.200601249147139,-3.844352655797379,-3.6709004876436593,ok,[],2.4175673340214416,,0.2211813737304067,0.4702992384965201,0.000233605671561603,0.01528416407794692,0.6209154898694873,1.0
6896fea73c283c52ec3df2db2143d92e1dad9531a594c684d1d0adfc23fe05fa,colin,ARMAX,0,571,2025-11-30,2025-10-31,1978-04-30,2025-10-31,-3.1877347547552812,-3.200601249147139,-3.3016247933864813,ok,[],2.052570707979612,,0.012970940899416243,0.11389003863120006,1.9730942045539015e-05,0.004441952503746412,0.028029036820207298,0.0
6896fea73c283c52ec3df2db2143d92e1dad9531a594c684d1d0adfc23fe05fa,colin,ARMAX,0,571,2025-12-31,2025-11-30,1978-05-31,2025-11-30,-3.669080341092571,-3.1877347547552812,-3.2889481981415494,ok,[],2.325893500004895,,0.14450044610453608,0.3801321429510218,0.0001390782287068134,0.011793143292049554,0.22780713159955368,1.0
6896fea73c283c52ec3df2db2143d92e1dad9531a594c684d1d0adfc23fe05fa,colin,ARMAX,0,571,2026-01-31,2025-12-31,1978-06-30,2025-12-31,-3.5432987087435324,-3.669080341092571,-3.429942901906062,ok,[],2.7706017079763114,,0.01284953894377392,0.11335580683747049,1.204792299407786e-05,0.003471011811284695,0.023862250162659082,1.0
6896fea73c283c52ec3df2db2143d92e1dad9531a594c684d1d0adfc23fe05fa,colin,ARMAX,0,571,2026-02-28,2026-01-31,1978-07-31,2026-01-31,-3.319307735691405,-3.5432987087435324,-3.4971486756390746,ok,[],2.5481165000237525,,0.03162739992147066,0.1778409399476697,3.474228805915076e-05,0.005894258906694781,0.07147158993540631,1.0
6896fea73c283c52ec3df2db2143d92e1dad9531a594c684d1d0adfc23fe05fa,colin,ARMAX,0,571,2026-03-31,2026-02-28,1978-08-31,2026-02-28,-2.9305511753093016,-3.319307735691405,-3.3867853441441658,ok,[],2.270688417018391,,0.2081496168124393,0.4562341688348641,0.00038221822112453056,0.01955040207066163,0.5779939169433064,0.0
6896fea73c283c52ec3df2db2143d92e1dad9531a594c684d1d0adfc23fe05fa,colin,ARMAX,0,571,2026-04-30,2026-03-31,1978-09-30,2026-03-31,-3.237312027686596,-2.9305511753093016,-3.155469150551856,ok,[],2.251329082995653,,0.006698256537692134,0.08184287713473992,1.121642847757154e-05,0.0033490936800232296,0.012694531617563731,1.0
6896fea73c283c52ec3df2db2143d92e1dad9531a594c684d1d0adfc23fe05fa,colin,ARMAX,0,571,2026-05-31,2026-04-30,1978-10-31,2026-04-30,-3.5119546359486353,-3.237312027686596,-3.4336148833888425,ok,[],2.4295156670268625,,0.006137116831129573,0.07833975255979286,5.912402246339312e-06,0.0024315431820840262,0.011657536113385963,1.0
6896fea73c283c52ec3df2db2143d92e1dad9531a594c684d1d0adfc23fe05fa,colin,ARMAX,0,571,2026-06-30,2026-05-31,1978-11-30,2026-05-31,-3.0168147582707263,-3.5119546359486353,-3.2106336112625513,ok,[],2.127769625047222,,0.03756574777506667,0.193818852991825,7.440544173855813e-05,0.008625858898600076,0.0858581428603708,1.0
6896fea73c283c52ec3df2db2143d92e1dad9531a594c684d1d0adfc23fe05fa,colin,ARMAX,0,571,2026-07-31,2026-06-30,1978-12-31,2026-06-30,-3.371829178429884,-3.0168147582707263,-3.083281718066687,ok,[],2.621862250030972,,0.08325963688205087,0.28854746036319723,0.0001318337630936582,0.011481888481154057,0.13862220134846392,1.0
6896fea73c283c52ec3df2db2143d92e1dad9531a594c684d1d0adfc23fe05fa,colin,ARMAX,0,571,2026-08-31,2026-07-31,1979-01-31,2026-07-31,-3.507788998946598,-3.371829178429884,-3.299143572576852,ok,[],3.2096903329947963,,0.04353291394501307,0.20864542636974592,4.832584107732016e-05,0.00695167901138424,0.07612012251600353,0.0
6896fea73c283c52ec3df2db2143d92e1dad9531a594c684d1d0adfc23fe05fa,colin,CRL,0,120,2025-09-30,2025-08-31,2015-09-30,2025-08-31,-3.844352655797379,-3.3885720022366694,-3.3865150786721134,ok,[],0.00010629196185618639,,0.20961524702793335,0.4578375771252654,0.00015440804841353992,0.012426103508885636,0.31592146110269603,0.0
6896fea73c283c52ec3df2db2143d92e1dad9531a594c684d1d0adfc23fe05fa,colin,CRL,0,120,2025-10-31,2025-09-30,2015-10-31,2025-09-30,-3.200601249147139,-3.844352655797379,-3.5870735073192312,ok,[],0.00010437506716698408,,0.1493608063366362,0.3864722581720921,0.000170524110744251,0.013058488072677135,0.39319057644831434,1.0
6896fea73c283c52ec3df2db2143d92e1dad9531a594c684d1d0adfc23fe05fa,colin,CRL,0,120,2025-11-30,2025-10-31,2015-11-30,2025-10-31,-3.1877347547552812,-3.200601249147139,-3.29494042483827,ok,[],0.00010383292101323605,,0.011493055697942607,0.10720567008298865,1.75979208746103e-05,0.004194987589327327,0.0247209146781803,0.0
6896fea73c283c52ec3df2db2143d92e1dad9531a594c684d1d0adfc23fe05fa,colin,CRL,0,120,2025-12-31,2025-11-30,2015-12-31,2025-11-30,-3.669080341092571,-3.1877347547552812,-3.2023506860615596,ok,[],0.0001016249880194664,,0.2178365708853671,0.4667296550310116,0.0002300253606114981,0.015166586979656897,0.3266504948712796,1.0
6896fea73c283c52ec3df2db2143d92e1dad9531a594c684d1d0adfc23fe05fa,colin,CRL,0,120,2026-01-31,2025-12-31,2016-01-31,2025-12-31,-3.5432987087435324,-3.669080341092571,-3.4780581209422365,ok,[],0.00010258296970278025,,0.00425633429665859,0.06524058780129582,3.800609419182702e-06,0.0019495151754173913,0.00815419006144473,1.0
6896fea73c283c52ec3df2db2143d92e1dad9531a594c684d1d0adfc23fe05fa,colin,CRL,0,120,2026-02-28,2026-01-31,2016-02-29,2026-01-31,-3.319307735691405,-3.5432987087435324,-3.468098087622411,ok,[],0.00010216608643531799,,0.02213856882775265,0.1487903519310061,2.5015991476408404e-05,0.005001598891995279,0.049016342687842385,1.0
6896fea73c283c52ec3df2db2143d92e1dad9531a594c684d1d0adfc23fe05fa,colin,CRL,0,120,2026-03-31,2026-02-28,2016-03-31,2026-02-28,-2.9305511753093016,-3.319307735691405,-3.3271611480066907,ok,[],0.00010087492410093546,,0.1572994704430237,0.39660997269738907,0.00030529714506065717,0.017472754363884853,0.4172827317668626,0.0
6896fea73c283c52ec3df2db2143d92e1dad9531a594c684d1d0adfc23fe05fa,colin,CRL,0,120,2026-04-30,2026-03-31,2016-04-30,2026-03-31,-3.237312027686596,-2.9305511753093016,-3.0968512149815854,ok,[],0.00014579202979803085,,0.019729239905752018,0.14046081270501043,3.506970540480847e-05,0.005921968034767536,0.036009138245414934,1.0
6896fea73c283c52ec3df2db2143d92e1dad9531a594c684d1d0adfc23fe05fa,colin,CRL,0,120,2026-05-31,2026-04-30,2016-05-31,2026-04-30,-3.5119546359486353,-3.237312027686596,-3.2188575316638164,ok,[],0.00012158299796283245,,0.08590591254014603,0.29309710428481894,0.00010327026426342555,0.010162197806745623,0.14263516688318834,0.0
6896fea73c283c52ec3df2db2143d92e1dad9531a594c684d1d0adfc23fe05fa,colin,CRL,0,120,2026-06-30,2026-05-31,2016-06-30,2026-05-31,-3.0168147582707263,-3.5119546359486353,-3.402898491741617,ok,[],0.00010837498120963573,,0.1490606492508219,0.38608373347089087,0.0002458696755364377,0.01568023199880785,0.3922850856644233,1.0
6896fea73c283c52ec3df2db2143d92e1dad9531a594c684d1d0adfc23fe05fa,colin,CRL,0,120,2026-07-31,2026-06-30,2016-07-31,2026-06-30,-3.371829178429884,-3.0168147582707263,-3.17485349036751,ok,[],0.00010666600428521633,,0.03879942168764579,0.1969756880623743,5.585227127583795e-05,0.007473437714722586,0.06833822286989294,1.0
6896fea73c283c52ec3df2db2143d92e1dad9531a594c684d1d0adfc23fe05fa,colin,CRL,0,120,2026-08-31,2026-07-31,2016-08-31,2026-07-31,-3.507788998946598,-3.371829178429884,-3.2923097095301523,ok,[],0.00010133290197700262,,0.046431324167416355,0.21547928941644567,5.1909336746469455e-05,0.007204813442863698,0.08084440807967452,0.0
6896fea73c283c52ec3df2db2143d92e1dad9531a594c684d1d0adfc23fe05fa,colin,CRL,1,120,2025-09-30,2025-08-31,2015-09-30,2025-08-31,-3.844352655797379,-3.3885720022366694,-3.3860119605341774,ok,[],0.0001040410716086626,,0.21007619293435487,0.4583406952632014,0.00015483139567635986,0.012443126442994938,0.31652515758436595,0.0
6896fea73c283c52ec3df2db2143d92e1dad9531a594c684d1d0adfc23fe05fa,colin,CRL,1,120,2025-10-31,2025-09-30,2015-10-31,2025-09-30,-3.200601249147139,-3.844352655797379,-3.585052117356289,ok,[],0.00010120798833668232,,0.14780247006676894,0.38445086820914964,0.00016906451210937188,0.013002480998231526,0.3884938268049418,1.0
6896fea73c283c52ec3df2db2143d92e1dad9531a594c684d1d0adfc23fe05fa,colin,CRL,1,120,2025-11-30,2025-10-31,2015-11-30,2025-10-31,-3.1877347547552812,-3.200601249147139,-3.2979019133113066,ok,[],9.92080895230174e-05,,0.012136802824308424,0.11016715855602532,1.8529652764732365e-05,0.004304608317226129,0.026159067892763732,0.0
6896fea73c283c52ec3df2db2143d92e1dad9531a594c684d1d0adfc23fe05fa,colin,CRL,1,120,2025-12-31,2025-11-30,2015-12-31,2025-11-30,-3.669080341092571,-3.1877347547552812,-3.209126440278383,ok,[],0.00010012497659772635,,0.21155759087418807,0.4599539008141882,0.0002217708360180885,0.014891972200420215,0.31846358721340506,1.0
6896fea73c283c52ec3df2db2143d92e1dad9531a594c684d1d0adfc23fe05fa,colin,CRL,1,120,2026-01-31,2025-12-31,2016-01-31,2025-12-31,-3.5432987087435324,-3.669080341092571,-3.4830990241456927,ok,[],0.00010062498040497303,,0.0036240020256793713,0.06019968459783964,3.2195399744893417e-06,0.0017943076588169994,0.006965667932000791,1.0
6896fea73c283c52ec3df2db2143d92e1dad9531a594c684d1d0adfc23fe05fa,colin,CRL,1,120,2026-02-28,2026-01-31,2016-02-29,2026-01-31,-3.319307735691405,-3.5432987087435324,-3.470158397701504,ok,[],0.00010529207065701485,,0.022755922228885093,0.1508506620100989,2.5661980593542123e-05,0.0050657655486157395,0.05045598546284391,1.0
6896fea73c283c52ec3df2db2143d92e1dad9531a594c684d1d0adfc23fe05fa,colin,CRL,1,120,2026-03-31,2026-02-28,2016-03-31,2026-02-28,-2.9305511753093016,-3.319307735691405,-3.32863358474482,ok,[],0.00014949997421354055,,0.15846960470198773,0.3980824094355184,0.0003071455471607748,0.017525568383387022,0.4208571034584736,0.0
6896fea73c283c52ec3df2db2143d92e1dad9531a594c684d1d0adfc23fe05fa,colin,CRL,1,120,2026-04-30,2026-03-31,2016-04-30,2026-03-31,-3.237312027686596,-2.9305511753093016,-3.100914851807774,ok,[],0.00014062493573874235,,0.018604189587718256,0.13639717587882183,3.2932674484006735e-05,0.005738699720669024,0.03404367287549068,1.0
6896fea73c283c52ec3df2db2143d92e1dad9531a594c684d1d0adfc23fe05fa,colin,CRL,1,120,2026-05-31,2026-04-30,2016-05-31,2026-04-30,-3.5119546359486353,-3.237312027686596,-3.2243156998649543,ok,[],0.0001205839216709137,,0.08273615755135197,0.2876389360836811,9.889232138820259e-05,0.00994446184507752,0.13782640267487423,0.0
6896fea73c283c52ec3df2db2143d92e1dad9531a594c684d1d0adfc23fe05fa,colin,CRL,1,120,2026-06-30,2026-05-31,2016-06-30,2026-05-31,-3.0168147582707263,-3.5119546359486353,-3.4071255851316407,ok,[],0.00011516700033098459,,0.15234254156485066,0.39031082686091434,0.000250291344592706,0.01582059874317992,0.4022071537352776,1.0
6896fea73c283c52ec3df2db2143d92e1dad9531a594c684d1d0adfc23fe05fa,colin,CRL,1,120,2026-07-31,2026-06-30,2016-07-31,2026-06-30,-3.371829178429884,-3.0168147582707263,-3.177997083927341,ok,[],0.00010962504893541336,,0.03757088085924281,0.19383209450254313,5.390850452237675e-05,0.00734224111034068,0.06630438884937478,1.0
6896fea73c283c52ec3df2db2143d92e1dad9531a594c684d1d0adfc23fe05fa,colin,CRL,1,120,2026-08-31,2026-07-31,2016-08-31,2026-07-31,-3.507788998946598,-3.371829178429884,-3.2986579236127858,ok,[],0.0001109590521082282,,0.043735806670276656,0.20913107533381226,4.857547727562103e-05,0.006969610984525681,0.07645181161505932,0.0
6896fea73c283c52ec3df2db2143d92e1dad9531a594c684d1d0adfc23fe05fa,colin,CRL,2,120,2025-09-30,2025-08-31,2015-09-30,2025-08-31,-3.844352655797379,-3.3885720022366694,-3.3849871802931215,ok,[],9.854196105152369e-05,,0.21101664008525245,0.4593654755042573,0.00015569614776744312,0.01247782624367895,0.317756053320533,0.0
6896fea73c283c52ec3df2db2143d92e1dad9531a594c684d1d0adfc23fe05fa,colin,CRL,2,120,2025-10-31,2025-09-30,2015-10-31,2025-09-30,-3.200601249147139,-3.844352655797379,-3.585344125441901,ok,[],0.00010095804464071989,,0.14802708085956637,0.3847428762947618,0.00016927515875901563,0.013010578724984359,0.38917013251872623,1.0
6896fea73c283c52ec3df2db2143d92e1dad9531a594c684d1d0adfc23fe05fa,colin,CRL,2,120,2025-11-30,2025-10-31,2015-11-30,2025-10-31,-3.1877347547552812,-3.200601249147139,-3.2979276960246,ok,[],9.808398317545652e-05,,0.01214248430558349,0.11019294126931856,1.8537857680412357e-05,0.0043055612503380275,0.02617178008654944,0.0
6896fea73c283c52ec3df2db2143d92e1dad9531a594c684d1d0adfc23fe05fa,colin,CRL,2,120,2025-12-31,2025-11-30,2015-12-31,2025-11-30,-3.669080341092571,-3.1877347547552812,-3.21027475545924,ok,[],0.00010249996557831764,,0.2105025654083439,0.45880558563333107,0.0002203923206308836,0.014845616209200736,0.31708334406826344,1.0
6896fea73c283c52ec3df2db2143d92e1dad9531a594c684d1d0adfc23fe05fa,colin,CRL,2,120,2026-01-31,2025-12-31,2016-01-31,2025-12-31,-3.5432987087435324,-3.669080341092571,-3.484416353911832,ok,[],0.00017295789439231157,,0.003467131710526291,0.05888235483170057,3.0760822525028365e-06,0.0017538763504029685,0.006669888473093896,1.0
6896fea73c283c52ec3df2db2143d92e1dad9531a594c684d1d0adfc23fe05fa,colin,CRL,2,120,2026-02-28,2026-01-31,2016-02-29,2026-01-31,-3.319307735691405,-3.5432987087435324,-3.470996962401093,ok,[],0.00012787501327693462,,0.023009621499783153,0.1516892267096881,2.5926876577247575e-05,0.005091844123424005,0.05104850155230295,1.0
6896fea73c283c52ec3df2db2143d92e1dad9531a594c684d1d0adfc23fe05fa,colin,CRL,2,120,2026-03-31,2026-02-28,2016-03-31,2026-02-28,-2.9305511753093016,-3.319307735691405,-3.3290086346194694,ok,[],0.00011487503070384264,,0.15876834687991398,0.39845745931016774,0.0003076168162875746,0.01753900841802565,0.4217706151565661,0.0
6896fea73c283c52ec3df2db2143d92e1dad9531a594c684d1d0adfc23fe05fa,colin,CRL,2,120,2026-04-30,2026-03-31,2016-04-30,2026-03-31,-3.237312027686596,-2.9305511753093016,-3.102083756887402,ok,[],0.00010537495836615562,,0.018286685223340107,0.13522827079919386,3.2331964836416714e-05,0.0056861203677390365,0.033487600984296706,1.0
6896fea73c283c52ec3df2db2143d92e1dad9531a594c684d1d0adfc23fe05fa,colin,CRL,2,120,2026-05-31,2026-04-30,2016-05-31,2026-04-30,-3.5119546359486353,-3.237312027686596,-3.2254317897639737,ok,[],0.00010179204400628805,,0.08209534138575926,0.2865228461846616,9.801168724651304e-05,0.009900085214103616,0.13685133487007162,0.0
6896fea73c283c52ec3df2db2143d92e1dad9531a594c684d1d0adfc23fe05fa,colin,CRL,2,120,2026-06-30,2026-05-31,2016-06-30,2026-05-31,-3.0168147582707263,-3.5119546359486353,-3.4083258789385007,ok,[],9.79170436039567e-05,,0.1532809576065366,0.3915111206677744,0.0002515506447689679,0.01586034819192088,0.4050529325812915,1.0
6896fea73c283c52ec3df2db2143d92e1dad9531a594c684d1d0adfc23fe05fa,colin,CRL,2,120,2026-07-31,2026-06-30,2016-07-31,2026-06-30,-3.371829178429884,-3.0168147582707263,-3.179130642416799,ok,[],0.00010025000665336847,,0.03713272578158624,0.19269853601308506,5.321751504438427e-05,0.007295033587611799,0.06557757395286307,1.0
6896fea73c283c52ec3df2db2143d92e1dad9531a594c684d1d0adfc23fe05fa,colin,CRL,2,120,2026-08-31,2026-07-31,2016-08-31,2026-07-31,-3.507788998946598,-3.371829178429884,-3.29989435483329,ok,[],9.958399459719658e-05,,0.043220183050999006,0.20789464411330805,4.794142231439018e-05,0.006923974459397592,0.075608575756415,0.0
6896fea73c283c52ec3df2db2143d92e1dad9531a594c684d1d0adfc23fe05fa,colin,CRL,3,120,2025-09-30,2025-08-31,2015-09-30,2025-08-31,-3.844352655797379,-3.3885720022366694,-3.3854445333790704,ok,[],0.00010675005614757538,,0.2105966648214972,0.4589081224183085,0.00015530980719646314,0.012462335543406908,0.31720650485300494,0.0
6896fea73c283c52ec3df2db2143d92e1dad9531a594c684d1d0adfc23fe05fa,colin,CRL,3,120,2025-10-31,2025-09-30,2015-10-31,2025-09-30,-3.200601249147139,-3.844352655797379,-3.5852803081767712,ok,[],0.00010741699952632189,,0.14797797845592314,0.38467905902963206,0.0001692291167831162,0.013008809199274014,0.389022265601221,1.0
6896fea73c283c52ec3df2db2143d92e1dad9531a594c684d1d0adfc23fe05fa,colin,CRL,3,120,2025-11-30,2025-10-31,2015-11-30,2025-10-31,-3.1877347547552812,-3.200601249147139,-3.2978488079193733,ok,[],0.00010241696145385504,,0.012125104704224494,0.11011405316409206,1.8512757921936165e-05,0.004302645456220645,0.026132894667553586,0.0
6896fea73c283c52ec3df2db2143d92e1dad9531a594c684d1d0adfc23fe05fa,colin,CRL,3,120,2025-12-31,2025-11-30,2015-12-31,2025-11-30,-3.669080341092571,-3.1877347547552812,-3.2096543465714884,ok,[],0.00010237505193799734,,0.21107224444168599,0.4594259945210828,0.00022113637116883414,0.01487065469872911,0.31782879706320466,1.0
6896fea73c283c52ec3df2db2143d92e1dad9531a594c684d1d0adfc23fe05fa,colin,CRL,3,120,2026-01-31,2025-12-31,2016-01-31,2025-12-31,-3.5432987087435324,-3.669080341092571,-3.483835386673731,ok,[],0.00010233302600681782,,0.0035358866715769466,0.05946332206980154,3.138923561930907e-06,0.0017717007540583446,0.006799573195386946,1.0
6896fea73c283c52ec3df2db2143d92e1dad9531a594c684d1d0adfc23fe05fa,colin,CRL,3,120,2026-02-28,2026-01-31,2016-02-29,2026-01-31,-3.319307735691405,-3.5432987087435324,-3.470544800202638,ok,[],0.00010333303362131119,,0.022872649681974812,0.15123706451123287,2.57839007132883e-05,0.005077785020389136,0.05072853827004342,1.0
6896fea73c283c52ec3df2db2143d92e1dad9531a594c684d1d0adfc23fe05fa,colin,CRL,3,120,2026-03-31,2026-02-28,2016-03-31,2026-02-28,-2.9305511753093016,-3.319307735691405,-3.3289629071267584,ok,[],0.00010225002188235521,,0.15873190804978504,0.3984117318174567,0.0003075593475065037,0.017537370028214143,0.4216591695671166,0.0
6896fea73c283c52ec3df2db2143d92e1dad9531a594c684d1d0adfc23fe05fa,colin,CRL,3,120,2026-04-30,2026-03-31,2016-04-30,2026-03-31,-3.237312027686596,-2.9305511753093016,-3.1016087488853685,ok,[],0.00010358309373259544,,0.01841537987740364,0.13570327880122734,3.2575323710198375e-05,0.005707479628539937,0.033713069490699965,1.0
6896fea73c283c52ec3df2db2143d92e1dad9531a594c684d1d0adfc23fe05fa,colin,CRL,3,120,2026-05-31,2026-04-30,2016-05-31,2026-04-30,-3.5119546359486353,-3.237312027686596,-3.2249342684702986,ok,[],0.00014599994756281376,,0.08238069134739943,0.2870203674783367,9.840364111502819e-05,0.009919860942323142,0.1372856458543233,0.0
6896fea73c283c52ec3df2db2143d92e1dad9531a594c684d1d0adfc23fe05fa,colin,CRL,3,120,2026-06-30,2026-05-31,2016-06-30,2026-05-31,-3.0168147582707263,-3.5119546359486353,-3.4078073336749233,ok,[],0.00010191707406193018,,0.15287519402120664,0.39099257540419696,0.00025100640562512725,0.01584318167620151,0.4038219673657226,1.0
6896fea73c283c52ec3df2db2143d92e1dad9531a594c684d1d0adfc23fe05fa,colin,CRL,3,120,2026-07-31,2026-06-30,2016-07-31,2026-06-30,-3.371829178429884,-3.0168147582707263,-3.178668966236785,ok,[],0.00010608299635350704,,0.03731086757448315,0.1931602121930993,5.3498309068895404e-05,0.007314253828579878,0.06587316990597308,1.0
6896fea73c283c52ec3df2db2143d92e1dad9531a594c684d1d0adfc23fe05fa,colin,CRL,3,120,2026-08-31,2026-07-31,2016-08-31,2026-07-31,-3.507788998946598,-3.371829178429884,-3.2993048703638572,ok,[],0.00010233302600681782,,0.0434656318709048,0.2084841285827408,4.824309884656143e-05,0.006945725221066654,0.07601009663362895,0.0
6896fea73c283c52ec3df2db2143d92e1dad9531a594c684d1d0adfc23fe05fa,colin,CRL,4,120,2025-09-30,2025-08-31,2015-09-30,2025-08-31,-3.844352655797379,-3.3885720022366694,-3.3850741574543965,ok,[],0.00010179204400628805,,0.21093673904018478,0.4592784983429823,0.00015562262484889125,0.012474879752883042,0.31765151717695717,0.0
6896fea73c283c52ec3df2db2143d92e1dad9531a594c684d1d0adfc23fe05fa,colin,CRL,4,120,2025-10-31,2025-09-30,2015-10-31,2025-09-30,-3.200601249147139,-3.844352655797379,-3.585308797766202,ok,[],0.0001009589759632945,,0.14799989796448854,0.38470754861906276,0.0001692496706375344,0.013009599172823672,0.38908827266808554,1.0
6896fea73c283c52ec3df2db2143d92e1dad9531a594c684d1d0adfc23fe05fa,colin,CRL,4,120,2025-11-30,2025-10-31,2015-11-30,2025-10-31,-3.1877347547552812,-3.200601249147139,-3.2979174973927083,ok,[],9.829201735556126e-05,,0.012140236775105498,0.11018274263742711,1.8534611945196267e-05,0.004305184310246922,0.02616675124417958,0.0
6896fea73c283c52ec3df2db2143d92e1dad9531a594c684d1d0adfc23fe05fa,colin,CRL,4,120,2025-12-31,2025-11-30,2015-12-31,2025-11-30,-3.669080341092571,-3.1877347547552812,-3.210222227906325,ok,[],9.966595098376274e-05,,0.21055076803684208,0.45885811318624636,0.0002204552499722235,0.014847735516644398,0.3171464347870292,1.0
6896fea73c283c52ec3df2db2143d92e1dad9531a594c684d1d0adfc23fe05fa,colin,CRL,4,120,2026-01-31,2025-12-31,2016-01-31,2025-12-31,-3.5432987087435324,-3.669080341092571,-3.484297290922643,ok,[],9.833299554884434e-05,,0.0034811673048751536,0.0590014178208893,3.088906170630258e-06,0.0017575284266919435,0.0066963682363136295,1.0
6896fea73c283c52ec3df2db2143d92e1dad9531a594c684d1d0adfc23fe05fa,colin,CRL,4,120,2026-02-28,2026-01-31,2016-02-29,2026-01-31,-3.319307735691405,-3.5432987087435324,-3.470916655227621,ok,[],0.00010129099246114492,,0.022985264482938826,0.15160891953621602,2.5901458917184102e-05,0.005089347592490034,0.05099159296751021,1.0
6896fea73c283c52ec3df2db2143d92e1dad9531a594c684d1d0adfc23fe05fa,colin,CRL,4,120,2026-03-31,2026-02-28,2016-03-31,2026-02-28,-2.9305511753093016,-3.319307735691405,-3.328969915547046,ok,[],9.858398698270321e-05,,0.15873749257263123,0.3984187402377444,0.0003075681552765107,0.017537621140750838,0.4216762490618655,0.0
6896fea73c283c52ec3df2db2143d92e1dad9531a594c684d1d0adfc23fe05fa,colin,CRL,4,120,2026-04-30,2026-03-31,2016-04-30,2026-03-31,-3.237312027686596,-2.9305511753093016,-3.101986754218615,ok,[],9.866699110716581e-05,,0.01831292963918386,0.13532527346798107,3.238157828827477e-05,0.005690481375795441,0.03353358858219521,1.0
6896fea73c283c52ec3df2db2143d92e1dad9531a594c684d1d0adfc23fe05fa,colin,CRL,4,120,2026-05-31,2026-04-30,2016-05-31,2026-04-30,-3.5119546359486353,-3.237312027686596,-3.225342182703475,ok,[],0.00010091695003211498,,0.08214669835520924,0.2866124532451604,9.808220873806916e-05,0.009903646234497129,0.1369295161119647,0.0
6896fea73c283c52ec3df2db2143d92e1dad9531a594c684d1d0adfc23fe05fa,colin,CRL,4,120,2026-06-30,2026-05-31,2016-06-30,2026-05-31,-3.0168147582707263,-3.5119546359486353,-3.408226046488676,ok,[],9.92499990388751e-05,,0.1532027965444349,0.3914112882179497,0.0002514458417588379,0.015857043916154043,0.4048157592829942,1.0
6896fea73c283c52ec3df2db2143d92e1dad9531a594c684d1d0adfc23fe05fa,colin,CRL,4,120,2026-07-31,2026-06-30,2016-07-31,2026-06-30,-3.371829178429884,-3.0168147582707263,-3.179026267222147,ok,[],9.908294305205345e-05,,0.03717296257017859,0.19280291120773718,5.3280920650880515e-05,0.007299378100282278,0.06564435121658113,1.0
6896fea73c283c52ec3df2db2143d92e1dad9531a594c684d1d0adfc23fe05fa,colin,CRL,4,120,2026-08-31,2026-07-31,2016-08-31,2026-07-31,-3.507788998946598,-3.371829178429884,-3.2998090815874668,ok,[],0.00010145897977054119,,0.04325564602471106,0.20797991735913124,4.798499250855469e-05,0.006927120073201756,0.0756666019786939,0.0
6896fea73c283c52ec3df2db2143d92e1dad9531a594c684d1d0adfc23fe05fa,colin,CRL,0,571,2025-09-30,2025-08-31,1978-02-28,2025-08-31,-3.844352655797379,-3.3885720022366694,-3.452240034530214,ok,[],0.00012029102072119713,,0.15375230775700705,0.39211262126716484,0.00010556235498006709,0.010274354236645099,0.24069846339225365,1.0
6896fea73c283c52ec3df2db2143d92e1dad9531a594c684d1d0adfc23fe05fa,colin,CRL,0,571,2025-10-31,2025-09-30,1978-03-31,2025-09-30,-3.200601249147139,-3.844352655797379,-3.6060851460700585,ok,[],0.00011441600508987904,,0.16441719066379665,0.4054838969229193,0.0001844094644534315,0.01357974463874161,0.43911675740916656,1.0
6896fea73c283c52ec3df2db2143d92e1dad9531a594c684d1d0adfc23fe05fa,colin,CRL,0,571,2025-11-30,2025-10-31,1978-04-30,2025-10-31,-3.1877347547552812,-3.200601249147139,-3.338253960623451,ok,[],0.00011462508700788021,,0.02265603133518445,0.1505192058681697,3.325084932827817e-05,0.005766354942966845,0.05022283309548414,0.0
6896fea73c283c52ec3df2db2143d92e1dad9531a594c684d1d0adfc23fe05fa,colin,CRL,0,571,2025-12-31,2025-11-30,1978-05-31,2025-11-30,-3.669080341092571,-3.1877347547552812,-3.253326129913493,ok,[],0.00011420901864767075,,0.17285156411313773,0.4157542111790784,0.0001728053175301217,0.013145543637678957,0.26690045801736595,1.0
6896fea73c283c52ec3df2db2143d92e1dad9531a594c684d1d0adfc23fe05fa,colin,CRL,0,571,2026-01-31,2025-12-31,1978-06-30,2025-12-31,-3.5432987087435324,-3.669080341092571,-3.442676345277847,ok,[],0.00011458294466137886,,0.010124860029420528,0.10062236346568554,9.370980008109294e-06,0.0030612056461644804,0.018957017776635665,1.0
6896fea73c283c52ec3df2db2143d92e1dad9531a594c684d1d0adfc23fe05fa,colin,CRL,0,571,2026-02-28,2026-01-31,1978-07-31,2026-01-31,-3.319307735691405,-3.5432987087435324,-3.459598641062887,ok,[],0.00011545803863555193,,0.019681538129950125,0.14029090537148203,2.242485197580193e-05,0.004735488567803953,0.04331803671925921,1.0
6896fea73c283c52ec3df2db2143d92e1dad9531a594c684d1d0adfc23fe05fa,colin,CRL,0,571,2026-03-31,2026-02-28,1978-08-31,2026-02-28,-2.9305511753093016,-3.319307735691405,-3.3634497916336348,ok,[],0.00011408294085413218,,0.18740121201552218,0.43289861632433313,0.000351636721319934,0.018751979130746013,0.5111030406746395,0.0
6896fea73c283c52ec3df2db2143d92e1dad9531a594c684d1d0adfc23fe05fa,colin,CRL,0,571,2026-04-30,2026-03-31,1978-09-30,2026-03-31,-3.237312027686596,-2.9305511753093016,-3.1276415679338854,ok,[],0.0001165410503745079,,0.012027609742370894,0.1096704597527105,2.0718120474146366e-05,0.004551716211951967,0.022388816294374836,1.0
6896fea73c283c52ec3df2db2143d92e1dad9531a594c684d1d0adfc23fe05fa,colin,CRL,0,571,2026-05-31,2026-04-30,1978-10-31,2026-04-30,-3.5119546359486353,-3.237312027686596,-3.19835807577477,ok,[],0.00011720799375325441,,0.09834280255288085,0.3135965601738655,0.00012079446383469622,0.010990653476235897,0.16128194243998578,0.0
6896fea73c283c52ec3df2db2143d92e1dad9531a594c684d1d0adfc23fe05fa,colin,CRL,0,571,2026-06-30,2026-05-31,1978-11-30,2026-05-31,-3.0168147582707263,-3.5119546359486353,-3.3578451175537234,ok,[],0.00011454196646809578,,0.11630170595269007,0.3410303592829971,0.0002001296815442028,0.01414671981571003,0.2958888141307431,1.0
6896fea73c283c52ec3df2db2143d92e1dad9531a594c684d1d0adfc23fe05fa,colin,CRL,0,571,2026-07-31,2026-06-30,1978-12-31,2026-06-30,-3.371829178429884,-3.0168147582707263,-3.182983669585962,ok,[],0.00011504197027534246,,0.035662626210519924,0.18884550884392226,5.09078272797736e-05,0.007134972128871535,0.06313327517104084,1.0
6896fea73c283c52ec3df2db2143d92e1dad9531a594c684d1d0adfc23fe05fa,colin,CRL,0,571,2026-08-31,2026-07-31,1979-01-31,2026-07-31,-3.507788998946598,-3.371829178429884,-3.292951941591695,ok,[],0.00015550001990050077,,0.04615496121291397,0.21483705735490322,5.1566052774209414e-05,0.007180950687353967,0.08039523532441356,0.0
6896fea73c283c52ec3df2db2143d92e1dad9531a594c684d1d0adfc23fe05fa,colin,CRL,1,571,2025-09-30,2025-08-31,1978-02-28,2025-08-31,-3.844352655797379,-3.3885720022366694,-3.4547109875982134,ok,[],0.00011662498582154512,,0.15182062959702855,0.38964166819916546,0.00010396217615376474,0.010196184391906844,0.23801798835497368,1.0
6896fea73c283c52ec3df2db2143d92e1dad9531a594c684d1d0adfc23fe05fa,colin,CRL,1,571,2025-10-31,2025-09-30,1978-03-31,2025-09-30,-3.200601249147139,-3.844352655797379,-3.6109214206856683,ok,[],0.00011725001968443394,,0.168362643171408,0.4103201715385292,0.0001879852383714507,0.013710770889029205,0.45131385890418096,1.0
6896fea73c283c52ec3df2db2143d92e1dad9531a594c684d1d0adfc23fe05fa,colin,CRL,1,571,2025-11-30,2025-10-31,1978-04-30,2025-10-31,-3.1877347547552812,-3.200601249147139,-3.3368845903634208,ok,[],0.00011670892126858234,,0.022245673461935053,0.14914983560813955,3.269221365429988e-05,0.005717710525577513,0.049265882770292146,0.0
6896fea73c283c52ec3df2db2143d92e1dad9531a594c684d1d0adfc23fe05fa,colin,CRL,1,571,2025-12-31,2025-11-30,1978-05-31,2025-11-30,-3.669080341092571,-3.1877347547552812,-3.248558475480603,ok,[],0.00011729204561561346,,0.17683863945777029,0.42052186561196825,0.00017769507777586164,0.013330231722511864,0.2723038999655196,1.0
6896fea73c283c52ec3df2db2143d92e1dad9531a594c684d1d0adfc23fe05fa,colin,CRL,1,571,2026-01-31,2025-12-31,1978-06-30,2025-12-31,-3.5432987087435324,-3.669080341092571,-3.4398272724545502,ok,[],0.00011729099787771702,,0.010706338127704891,0.10347143628898214,9.937915868653908e-06,0.0031524460135986324,0.02000896960889073,1.0
6896fea73c283c52ec3df2db2143d92e1dad9531a594c684d1d0adfc23fe05fa,colin,CRL,1,571,2026-02-28,2026-01-31,1978-07-31,2026-01-31,-3.319307735691405,-3.5432987087435324,-3.4595158802135124,ok,[],0.00011399993672966957,,0.019658323790332183,0.1402081445221075,2.2400212370114813e-05,0.00473288626211478,0.04326444240101063,1.0
6896fea73c283c52ec3df2db2143d92e1dad9531a594c684d1d0adfc23fe05fa,colin,CRL,1,571,2026-03-31,2026-02-28,1978-08-31,2026-02-28,-2.9305511753093016,-3.319307735691405,-3.3614117904597958,ok,[],0.00011395802721381187,,0.1856408696878622,0.4308606151504941,0.0003489932296810962,0.01868136048795955,0.5055105097960353,0.0
6896fea73c283c52ec3df2db2143d92e1dad9531a594c684d1d0adfc23fe05fa,colin,CRL,1,571,2026-04-30,2026-03-31,1978-09-30,2026-03-31,-3.237312027686596,-2.9305511753093016,-3.122487223170726,ok,[],0.000174832995980978,,0.01318473573210775,0.11482480451586996,2.2830889277758978e-05,0.004778167983417805,0.02446165771303438,1.0
6896fea73c283c52ec3df2db2143d92e1dad9531a594c684d1d0adfc23fe05fa,colin,CRL,1,571,2026-05-31,2026-04-30,1978-10-31,2026-04-30,-3.5119546359486353,-3.237312027686596,-3.19290782794783,ok,[],0.00013099994976073503,,0.10179086569550287,0.31904680800080554,0.00012574909040278552,0.011213790188994332,0.16639222066291193,0.0
6896fea73c283c52ec3df2db2143d92e1dad9531a594c684d1d0adfc23fe05fa,colin,CRL,1,571,2026-06-30,2026-05-31,1978-11-30,2026-05-31,-3.0168147582707263,-3.5119546359486353,-3.353407085949817,ok,[],0.00012250000145286322,,0.11329439505242825,0.33659232767909053,0.0001957729234106073,0.013991887771512723,0.28728615812692526,1.0
6896fea73c283c52ec3df2db2143d92e1dad9531a594c684d1d0adfc23fe05fa,colin,CRL,1,571,2026-07-31,2026-06-30,1978-12-31,2026-06-30,-3.371829178429884,-3.0168147582707263,-3.1782020798788206,ok,[],0.00011954095680266619,,0.037491453293303265,0.19362709855106353,5.378315573583978e-05,0.007333700003125283,0.06617269097862599,1.0
6896fea73c283c52ec3df2db2143d92e1dad9531a594c684d1d0adfc23fe05fa,colin,CRL,1,571,2026-08-31,2026-07-31,1979-01-31,2026-07-31,-3.507788998946598,-3.371829178429884,-3.2877609108246153,ok,[],0.00011720799375325441,,0.04841235956261499,0.2200280881219827,5.4379826578723316e-05,0.007374267867302036,0.08405641879618991,0.0
6896fea73c283c52ec3df2db2143d92e1dad9531a594c684d1d0adfc23fe05fa,colin,CRL,2,571,2025-09-30,2025-08-31,1978-02-28,2025-08-31,-3.844352655797379,-3.3885720022366694,-3.453040299086462,ok,[],0.00011545803863555193,,0.15312536051465186,0.3913123567109169,0.00010504233538597607,0.010249016313089568,0.23982911794309647,1.0
6896fea73c283c52ec3df2db2143d92e1dad9531a594c684d1d0adfc23fe05fa,colin,CRL,2,571,2025-10-31,2025-09-30,1978-03-31,2025-09-30,-3.200601249147139,-3.844352655797379,-3.6112403737556837,ok,[],0.00011416699271649122,,0.1686244906592718,0.41063912460854457,0.0001882216575116318,0.013719389837439266,0.45212570865439305,1.0
6896fea73c283c52ec3df2db2143d92e1dad9531a594c684d1d0adfc23fe05fa,colin,CRL,2,571,2025-11-30,2025-10-31,1978-04-30,2025-10-31,-3.1877347547552812,-3.200601249147139,-3.3356904968153698,ok,[],0.00011558306869119406,,0.021890901608551457,0.14795574206008855,3.220832744361107e-05,0.005675238095764007,0.048439671019895436,0.0
6896fea73c283c52ec3df2db2143d92e1dad9531a594c684d1d0adfc23fe05fa,colin,CRL,2,571,2025-12-31,2025-11-30,1978-05-31,2025-11-30,-3.669080341092571,-3.1877347547552812,-3.248017161180904,ok,[],0.00011424999684095383,,0.17729420147732491,0.4210631799116671,0.00017825605610342975,0.013351256723748133,0.27291988661799393,1.0
6896fea73c283c52ec3df2db2143d92e1dad9531a594c684d1d0adfc23fe05fa,colin,CRL,2,571,2026-01-31,2025-12-31,1978-06-30,2025-12-31,-3.5432987087435324,-3.669080341092571,-3.440622670205035,ok,[],0.0001199580729007721,,0.010542368889959023,0.1026760385384975,9.77780111434881e-06,0.003126947571410306,0.01971262532767576,1.0
6896fea73c283c52ec3df2db2143d92e1dad9531a594c684d1d0adfc23fe05fa,colin,CRL,2,571,2026-02-28,2026-01-31,1978-07-31,2026-01-31,-3.319307735691405,-3.5432987087435324,-3.459959932591515,ok,[],0.00011637492571026087,,0.019783040492827374,0.14065219690011022,2.2532550566447122e-05,0.004746846381172148,0.04355242696599276,1.0
6896fea73c283c52ec3df2db2143d92e1dad9531a594c684d1d0adfc23fe05fa,colin,CRL,2,571,2026-03-31,2026-02-28,1978-08-31,2026-02-28,-2.9305511753093016,-3.319307735691405,-3.3607255490265358,ok,[],0.00011479202657938004,,0.1850499918030146,0.4301743737172341,0.00034810414116686353,0.018657549173641846,0.5036362362266418,0.0
6896fea73c283c52ec3df2db2143d92e1dad9531a594c684d1d0adfc23fe05fa,colin,CRL,2,571,2026-04-30,2026-03-31,1978-09-30,2026-03-31,-3.237312027686596,-2.9305511753093016,-3.122429134993408,ok,[],0.00011495791841298342,,0.01319807903355454,0.11488289269318797,2.2855347735517807e-05,0.004780726695338043,0.024485501064793497,1.0
6896fea73c283c52ec3df2db2143d92e1dad9531a594c684d1d0adfc23fe05fa,colin,CRL,2,571,2026-05-31,2026-04-30,1978-10-31,2026-04-30,-3.5119546359486353,-3.237312027686596,-3.193102983966695,ok,[],0.00011358305346220732,,0.10166637597161246,0.31885165198194043,0.00012556949112238442,0.011205779362560394,0.16620815017675888,0.0
6896fea73c283c52ec3df2db2143d92e1dad9531a594c684d1d0adfc23fe05fa,colin,CRL,2,571,2026-06-30,2026-05-31,1978-11-30,2026-05-31,-3.0168147582707263,-3.5119546359486353,-3.353899788221905,ok,[],0.00012025004252791405,,0.11362631741718691,0.3370850299511785,0.0001962551874817772,0.014009110874062536,0.2882335625740634,1.0
6896fea73c283c52ec3df2db2143d92e1dad9531a594c684d1d0adfc23fe05fa,colin,CRL,2,571,2026-07-31,2026-06-30,1978-12-31,2026-06-30,-3.371829178429884,-3.0168147582707263,-3.178267179124542,ok,[],0.00011891697067767382,,0.03746624757508135,0.19356199930534235,5.374338542153194e-05,0.007330988024920784,0.06613089240554182,1.0
6896fea73c283c52ec3df2db2143d92e1dad9531a594c684d1d0adfc23fe05fa,colin,CRL,2,571,2026-08-31,2026-07-31,1979-01-31,2026-07-31,-3.507788998946598,-3.371829178429884,-3.2879148997895533,ok,[],0.00011987495236098766,,0.04834461948012193,0.2198740991570447,5.429506884793559e-05,0.0073685187689206295,0.08394680927283243,0.0
6896fea73c283c52ec3df2db2143d92e1dad9531a594c684d1d0adfc23fe05fa,colin,CRL,3,571,2025-09-30,2025-08-31,1978-02-28,2025-08-31,-3.844352655797379,-3.3885720022366694,-3.4535382151010987,ok,[],0.00012250000145286322,,0.15273592705674627,0.39081444069628013,0.00010471964213360142,0.010233261558936203,0.23928881147959968,1.0
6896fea73c283c52ec3df2db2143d92e1dad9531a594c684d1d0adfc23fe05fa,colin,CRL,3,571,2025-10-31,2025-09-30,1978-03-31,2025-09-30,-3.200601249147139,-3.844352655797379,-3.610889374047003,ok,[],0.00018612504936754704,,0.1683363454338462,0.41028812489986377,0.00018796148833139545,0.013709904752819965,0.4512323398571967,1.0
6896fea73c283c52ec3df2db2143d92e1dad9531a594c684d1d0adfc23fe05fa,colin,CRL,3,571,2025-11-30,2025-10-31,1978-04-30,2025-10-31,-3.1877347547552812,-3.200601249147139,-3.336552900791385,ok,[],0.0001337080029770732,,0.022146840589623042,0.14881814603610355,3.255749822274706e-05,0.005705917824745381,0.04903561147788299,0.0
6896fea73c283c52ec3df2db2143d92e1dad9531a594c684d1d0adfc23fe05fa,colin,CRL,3,571,2025-12-31,2025-11-30,1978-05-31,2025-11-30,-3.669080341092571,-3.1877347547552812,-3.248975302129499,ok,[],0.00012383307330310345,,0.1764882437621645,0.4201050389630723,0.00017726391827686006,0.013314049657292857,0.2718299180293835,1.0
6896fea73c283c52ec3df2db2143d92e1dad9531a594c684d1d0adfc23fe05fa,colin,CRL,3,571,2026-01-31,2025-12-31,1978-06-30,2025-12-31,-3.5432987087435324,-3.669080341092571,-3.4405844797976988,ok,[],0.00011837505735456944,,0.01055021282793712,0.1027142289458336,9.785456282197711e-06,0.0031281713959113097,0.019726806995676666,1.0
6896fea73c283c52ec3df2db2143d92e1dad9531a594c684d1d0adfc23fe05fa,colin,CRL,3,571,2026-02-28,2026-01-31,1978-07-31,2026-01-31,-3.319307735691405,-3.5432987087435324,-3.459446240231382,ok,[],0.000128875020891428,,0.01963880045470122,0.14013850453997723,2.2379488030794407e-05,0.00473069635791544,0.04321937299868772,1.0
6896fea73c283c52ec3df2db2143d92e1dad9531a594c684d1d0adfc23fe05fa,colin,CRL,3,571,2026-03-31,2026-02-28,1978-08-31,2026-02-28,-2.9305511753093016,-3.319307735691405,-3.361449156301185,ok,[],0.00011779204942286015,,0.18567307002288128,0.43089798099188314,0.00034904165557224517,0.01868265654483444,0.5056126919351718,0.0
6896fea73c283c52ec3df2db2143d92e1dad9531a594c684d1d0adfc23fe05fa,colin,CRL,3,571,2026-04-30,2026-03-31,1978-09-30,2026-03-31,-3.237312027686596,-2.9305511753093016,-3.12314508877846,ok,[],0.0001222500577569008,,0.013034089939653984,0.11416693890813567,2.2554902475536455e-05,0.004749200193246907,0.024192373791168093,1.0
6896fea73c283c52ec3df2db2143d92e1dad9531a594c684d1d0adfc23fe05fa,colin,CRL,3,571,2026-05-31,2026-04-30,1978-10-31,2026-04-30,-3.5119546359486353,-3.237312027686596,-3.1937293721893276,ok,[],0.00012083293404430151,,0.10126731849468096,0.3182252637593077,0.00012499413823994788,0.011180077738546717,0.16561788705793423,0.0
6896fea73c283c52ec3df2db2143d92e1dad9531a594c684d1d0adfc23fe05fa,colin,CRL,3,571,2026-06-30,2026-05-31,1978-11-30,2026-05-31,-3.0168147582707263,-3.5119546359486353,-3.3540971273101325,ok,[],0.0001188330352306366,,0.11375939646483421,0.3372823690394062,0.00019644844550798903,0.014016006760414645,0.28861355514355924,1.0
6896fea73c283c52ec3df2db2143d92e1dad9531a594c684d1d0adfc23fe05fa,colin,CRL,3,571,2026-07-31,2026-06-30,1978-12-31,2026-06-30,-3.371829178429884,-3.0168147582707263,-3.178955195306486,ok,[],0.00011512497439980507,,0.03720037336588494,0.19287398312339832,5.332412065112602e-05,0.007302336656928796,0.06568983863569194,1.0
6896fea73c283c52ec3df2db2143d92e1dad9531a594c684d1d0adfc23fe05fa,colin,CRL,3,571,2026-08-31,2026-07-31,1979-01-31,2026-07-31,-3.507788998946598,-3.371829178429884,-3.288619595508467,ok,[],0.00011483393609523773,,0.04803522740342616,0.21916940343813085,5.390820350730527e-05,0.007342220611457086,0.08344598595521802,0.0
6896fea73c283c52ec3df2db2143d92e1dad9531a594c684d1d0adfc23fe05fa,colin,CRL,4,571,2025-09-30,2025-08-31,1978-02-28,2025-08-31,-3.844352655797379,-3.3885720022366694,-3.4531341515786673,ok,[],0.00013637496158480644,,0.153051918043126,0.3912185042187115,0.00010498146047666433,0.010246046089915091,0.23972724055919115,1.0
6896fea73c283c52ec3df2db2143d92e1dad9531a594c684d1d0adfc23fe05fa,colin,CRL,4,571,2025-10-31,2025-09-30,1978-03-31,2025-09-30,-3.200601249147139,-3.844352655797379,-3.6119503200284644,ok,[],0.00012479093857109547,,0.1692080581149295,0.4113490708813252,0.00018874815674399078,0.013738564580915678,0.453936098225699,1.0
6896fea73c283c52ec3df2db2143d92e1dad9531a594c684d1d0adfc23fe05fa,colin,CRL,4,571,2025-11-30,2025-10-31,1978-04-30,2025-10-31,-3.1877347547552812,-3.200601249147139,-3.335593088421711,ok,[],0.00011733302380889654,,0.02186208683461331,0.14785833366642986,3.216898811291167e-05,0.005671771161895697,0.04837261114395541,0.0
6896fea73c283c52ec3df2db2143d92e1dad9531a594c684d1d0adfc23fe05fa,colin,CRL,4,571,2025-12-31,2025-11-30,1978-05-31,2025-11-30,-3.669080341092571,-3.1877347547552812,-3.247706153973086,ok,[],0.00012258300557732582,,0.17755620557060708,0.4213741871194854,0.00017857889860858358,0.013363341595895226,0.2732740245699492,1.0
6896fea73c283c52ec3df2db2143d92e1dad9531a594c684d1d0adfc23fe05fa,colin,CRL,4,571,2026-01-31,2025-12-31,1978-06-30,2025-12-31,-3.5432987087435324,-3.669080341092571,-3.4403996365296954,ok,[],0.00011045800056308508,,0.010588219062468438,0.10289907221383698,9.822554110821768e-06,0.003134095421460835,0.019795514033189104,1.0
6896fea73c283c52ec3df2db2143d92e1dad9531a594c684d1d0adfc23fe05fa,colin,CRL,4,571,2026-02-28,2026-01-31,1978-07-31,2026-01-31,-3.319307735691405,-3.5432987087435324,-3.45980653414291,ok,[],0.00011508294846862555,,0.019739912366316604,0.14049879845150492,2.248679675158747e-05,0.00474202454143665,0.04345282424560254,1.0
6896fea73c283c52ec3df2db2143d92e1dad9531a594c684d1d0adfc23fe05fa,colin,CRL,4,571,2026-03-31,2026-02-28,1978-08-31,2026-02-28,-2.9305511753093016,-3.319307735691405,-3.360615989925212,ok,[],0.00010945799294859171,,0.18495574477061746,0.4300648146159105,0.00034796224586460727,0.01865374616168579,0.5033374190351929,0.0
6896fea73c283c52ec3df2db2143d92e1dad9531a594c684d1d0adfc23fe05fa,colin,CRL,4,571,2026-04-30,2026-03-31,1978-09-30,2026-03-31,-3.237312027686596,-2.9305511753093016,-3.1220560301642397,ok,[],0.00011224998161196709,,0.01328394496487337,0.11525599752235616,2.301279244494404e-05,0.004797165042495832,0.024638904402029094,1.0
6896fea73c283c52ec3df2db2143d92e1dad9531a594c684d1d0adfc23fe05fa,colin,CRL,4,571,2026-05-31,2026-04-30,1978-10-31,2026-04-30,-3.5119546359486353,-3.237312027686596,-3.1927220684434827,ok,[],0.0001105000264942646,,0.10190943215593182,0.3192325675051526,0.00012592019402769133,0.011221416756706407,0.16656750315276342,0.0
6896fea73c283c52ec3df2db2143d92e1dad9531a594c684d1d0adfc23fe05fa,colin,CRL,4,571,2026-06-30,2026-05-31,1978-11-30,2026-05-31,-3.0168147582707263,-3.5119546359486353,-3.353519500044288,ok,[],0.00010916695464402437,,0.11337008313280093,0.3367047417735618,0.00019588292462118016,0.013995818111892572,0.2875021485928263,1.0
6896fea73c283c52ec3df2db2143d92e1dad9531a594c684d1d0adfc23fe05fa,colin,CRL,4,571,2026-07-31,2026-06-30,1978-12-31,2026-06-30,-3.371829178429884,-3.0168147582707263,-3.1780166894813906,ok,[],0.00010970910079777241,,0.03756328087240994,0.19381248894849357,5.3896508901214247e-05,0.007341424173906194,0.06629178849722739,1.0
6896fea73c283c52ec3df2db2143d92e1dad9531a594c684d1d0adfc23fe05fa,colin,CRL,4,571,2026-08-31,2026-07-31,1979-01-31,2026-07-31,-3.507788998946598,-3.371829178429884,-3.287629884783892,ok,[],0.00010950001887977123,,0.04847003554890749,0.22015911416270617,5.445200752925721e-05,0.0073791603539465934,0.08414973138385712,0.0
6896fea73c283c52ec3df2db2143d92e1dad9531a594c684d1d0adfc23fe05fa,colin,CRLX,0,120,2025-09-30,2025-08-31,2015-09-30,2025-08-31,-3.844352655797379,-3.3885720022366694,-3.422745837824735,ok,[],7.720803841948509e-05,,0.17775230896101815,0.421606817972644,0.00012594416280938467,0.011222484698558723,0.2735390257679655,1.0
6896fea73c283c52ec3df2db2143d92e1dad9531a594c684d1d0adfc23fe05fa,colin,CRLX,0,120,2025-10-31,2025-09-30,2015-10-31,2025-09-30,-3.200601249147139,-3.844352655797379,-3.615557899207064,ok,[],7.670803461223841e-05,,0.17218902142895476,0.41495665005992466,0.00019142910236025828,0.013835790630110673,0.4632066183034447,1.0
6896fea73c283c52ec3df2db2143d92e1dad9531a594c684d1d0adfc23fe05fa,colin,CRLX,0,120,2025-11-30,2025-10-31,2015-11-30,2025-10-31,-3.1877347547552812,-3.200601249147139,-3.481650547086873,ok,[],0.00012966606300324202,,0.08638649298190727,0.2939157923315916,0.00011043145465676902,0.010508637145546944,0.21224927272276595,0.0
6896fea73c283c52ec3df2db2143d92e1dad9531a594c684d1d0adfc23fe05fa,colin,CRLX,0,120,2025-12-31,2025-11-30,2015-12-31,2025-11-30,-3.669080341092571,-3.1877347547552812,-3.3540318321520965,ok,[],9.441608563065529e-05,,0.09925556298561633,0.31504850894047465,8.917542884010423e-05,0.00944327426479313,0.1626371504663227,1.0
6896fea73c283c52ec3df2db2143d92e1dad9531a594c684d1d0adfc23fe05fa,colin,CRLX,0,120,2026-01-31,2025-12-31,2016-01-31,2025-12-31,-3.5432987087435324,-3.669080341092571,-3.2999246401371733,ok,[],8.745898958295584e-05,,0.059230937270012746,0.24337406860635902,6.349171353774623e-05,0.007968168769406571,0.10136995102791163,1.0
6896fea73c283c52ec3df2db2143d92e1dad9531a594c684d1d0adfc23fe05fa,colin,CRLX,0,120,2026-02-28,2026-01-31,2016-02-29,2026-01-31,-3.319307735691405,-3.5432987087435324,-3.419287214812234,ok,[],7.887498941272497e-05,,0.009995896245272293,0.09997947912082905,1.1848104343242682e-05,0.003442107543822924,0.02139367243034035,1.0
6896fea73c283c52ec3df2db2143d92e1dad9531a594c684d1d0adfc23fe05fa,colin,CRLX,0,120,2026-03-31,2026-02-28,2016-03-31,2026-02-28,-2.9305511753093016,-3.319307735691405,-3.379831791422264,ok,[],8.208304643630981e-05,,0.20185307201484304,0.4492806161129623,0.000373047315749825,0.019314432835313207,0.5575056257712399,0.0
6896fea73c283c52ec3df2db2143d92e1dad9531a594c684d1d0adfc23fe05fa,colin,CRLX,0,120,2026-04-30,2026-03-31,2016-04-30,2026-03-31,-3.237312027686596,-2.9305511753093016,-3.272375131162403,ok,[],8.095894008874893e-05,,0.001229421225355156,0.0350631034758071,1.8307286939344968e-06,0.0013530442320687439,0.002517340832658546,1.0
6896fea73c283c52ec3df2db2143d92e1dad9531a594c684d1d0adfc23fe05fa,colin,CRLX,0,120,2026-05-31,2026-04-30,2016-05-31,2026-04-30,-3.5119546359486353,-3.237312027686596,-3.4590510236992253,ok,[],7.7415956184268e-05,,0.002798792189035922,0.05290361224940998,2.627862582882806e-06,0.0016210683461479365,0.0054052763255110076,1.0
6896fea73c283c52ec3df2db2143d92e1dad9531a594c684d1d0adfc23fe05fa,colin,CRLX,0,120,2026-06-30,2026-05-31,2016-06-30,2026-05-31,-3.0168147582707263,-3.5119546359486353,-3.556276580328486,ok,[],7.874995935708284e-05,,0.29101905745787815,0.5394618220577598,0.0004166496660572896,0.020411998090762443,0.8625880889429198,0.0
6896fea73c283c52ec3df2db2143d92e1dad9531a594c684d1d0adfc23fe05fa,colin,CRLX,0,120,2026-07-31,2026-06-30,2016-07-31,2026-06-30,-3.371829178429884,-3.0168147582707263,-3.4836686402393067,ok,[],7.691700011491776e-05,,0.012508065217821274,0.1118394618094225,1.3192827940980467e-05,0.0036321932686712126,0.02699047093361251,1.0
6896fea73c283c52ec3df2db2143d92e1dad9531a594c684d1d0adfc23fe05fa,colin,CRLX,0,120,2026-08-31,2026-07-31,2016-08-31,2026-07-31,-3.507788998946598,-3.371829178429884,-3.410548383795528,ok,[],7.90830235928297e-05,,0.009455737234958477,0.09724061515106985,9.363578018311349e-06,0.0030599964082187008,0.017742860785709774,1.0
6896fea73c283c52ec3df2db2143d92e1dad9531a594c684d1d0adfc23fe05fa,colin,CRLX,1,120,2025-09-30,2025-08-31,2015-09-30,2025-08-31,-3.844352655797379,-3.3885720022366694,-3.4116538020578204,ok,[],7.937510963529348e-05,,0.18722829802752777,0.4326988537395584,0.00013424354164797062,0.011586351524443345,0.2862818380495732,1.0
6896fea73c283c52ec3df2db2143d92e1dad9531a594c684d1d0adfc23fe05fa,colin,CRLX,1,120,2025-10-31,2025-09-30,2015-10-31,2025-09-30,-3.200601249147139,-3.844352655797379,-3.621518708543002,ok,[],7.850001566112041e-05,,0.1771715076242679,0.4209174593958629,0.00019587880170409235,0.013995670820081914,0.4787863051890153,1.0
6896fea73c283c52ec3df2db2143d92e1dad9531a594c684d1d0adfc23fe05fa,colin,CRLX,1,120,2025-11-30,2025-10-31,2015-11-30,2025-10-31,-3.1877347547552812,-3.200601249147139,-3.426535207789251,ok,[],0.00012654101010411978,,0.05702565636922921,0.2388004530339698,7.684085589739452e-05,0.008765891620217223,0.13460102889659042,0.0
6896fea73c283c52ec3df2db2143d92e1dad9531a594c684d1d0adfc23fe05fa,colin,CRLX,1,120,2025-12-31,2025-11-30,2015-12-31,2025-11-30,-3.669080341092571,-3.1877347547552812,-3.0729142995772003,ok,[],8.525000885128975e-05,,0.3554139490561069,0.5961660415153709,0.00043206429201018346,0.020786156258678117,0.4958447044778084,0.0
6896fea73c283c52ec3df2db2143d92e1dad9531a594c684d1d0adfc23fe05fa,colin,CRLX,1,120,2026-01-31,2025-12-31,2016-01-31,2025-12-31,-3.5432987087435324,-3.669080341092571,-3.3042761582678404,ok,[],0.00012679200153797865,,0.057131779635904725,0.23902255047569199,6.0964983103066945e-05,0.007808007626985705,0.09803933497299766,1.0
6896fea73c283c52ec3df2db2143d92e1dad9531a594c684d1d0adfc23fe05fa,colin,CRLX,1,120,2026-02-28,2026-01-31,2016-02-29,2026-01-31,-3.319307735691405,-3.5432987087435324,-3.4220052944439887,ok,[],9.466707706451416e-05,,0.0105467885737404,0.1026975587525838,1.2467714757186166e-05,0.0035309651311201257,0.022615059931112846,1.0
6896fea73c283c52ec3df2db2143d92e1dad9531a594c684d1d0adfc23fe05fa,colin,CRLX,1,120,2026-03-31,2026-02-28,2016-03-31,2026-02-28,-2.9305511753093016,-3.319307735691405,-3.3081286344204184,ok,[],0.00010866695083677769,,0.14256473762880703,0.37757745911111673,0.0002816705082144139,0.01678304228125562,0.37278623646015663,1.0
6896fea73c283c52ec3df2db2143d92e1dad9531a594c684d1d0adfc23fe05fa,colin,CRLX,1,120,2026-04-30,2026-03-31,2016-04-30,2026-03-31,-3.237312027686596,-2.9305511753093016,-3.0982478836472924,ok,[],7.825007196515799e-05,,0.01933883615738414,0.13906414403930345,3.432664888379582e-05,0.0058588948517442965,0.03532796367024038,1.0
6896fea73c283c52ec3df2db2143d92e1dad9531a594c684d1d0adfc23fe05fa,colin,CRLX,1,120,2026-05-31,2026-04-30,2016-05-31,2026-04-30,-3.5119546359486353,-3.237312027686596,-3.6183943564956014,ok,[],7.77500681579113e-05,,0.011329414110116225,0.10643972054696604,9.077081112829162e-06,0.0030128194623689555,0.02435604140172068,1.0
6896fea73c283c52ec3df2db2143d92e1dad9531a594c684d1d0adfc23fe05fa,colin,CRLX,1,120,2026-06-30,2026-05-31,2016-06-30,2026-05-31,-3.0168147582707263,-3.5119546359486353,-3.5319761552527114,ok,[],8.104101289063692e-05,,0.26539126494043036,0.515161396981985,0.00038847810339396276,0.019709847878508924,0.7716473538247841,0.0
6896fea73c283c52ec3df2db2143d92e1dad9531a594c684d1d0adfc23fe05fa,colin,CRLX,1,120,2026-07-31,2026-06-30,2016-07-31,2026-06-30,-3.371829178429884,-3.0168147582707263,-3.4206780673101433,ok,[],7.858395110815763e-05,,0.0023862139448359086,0.04884888888025918,2.6782266208091223e-06,0.0016365288328682517,0.004931717831297894,1.0
6896fea73c283c52ec3df2db2143d92e1dad9531a594c684d1d0adfc23fe05fa,colin,CRLX,1,120,2026-08-31,2026-07-31,2016-08-31,2026-07-31,-3.507788998946598,-3.371829178429884,-3.308669826795337,ok,[],8.020794484764338e-05,,0.03964844471820345,0.19911917215126085,4.3582300729532385e-05,0.006601689233032133,0.06974030422339289,0.0
6896fea73c283c52ec3df2db2143d92e1dad9531a594c684d1d0adfc23fe05fa,colin,CRLX,2,120,2025-09-30,2025-08-31,2015-09-30,2025-08-31,-3.844352655797379,-3.3885720022366694,-3.3749863290278173,ok,[],7.524993270635605e-05,,0.22030474870515085,0.4693663267695616,0.000164309730209762,0.012818335703583442,0.3298558635416523,0.0
6896fea73c283c52ec3df2db2143d92e1dad9531a594c684d1d0adfc23fe05fa,colin,CRLX,2,120,2025-10-31,2025-09-30,2015-10-31,2025-09-30,-3.200601249147139,-3.844352655797379,-3.646521190181037,ok,[],7.462501525878906e-05,,0.19884459381167496,0.44591994103389787,0.00021479829716600622,0.014655998675150262,0.5477742447882759,1.0
6896fea73c283c52ec3df2db2143d92e1dad9531a594c684d1d0adfc23fe05fa,colin,CRLX,2,120,2025-11-30,2025-10-31,2015-11-30,2025-10-31,-3.1877347547552812,-3.200601249147139,-3.447704541311287,ok,[],7.741700392216444e-05,,0.06758428992197509,0.25996978655600556,8.923919928669394e-05,0.009446650162184156,0.16198643996131612,0.0
6896fea73c283c52ec3df2db2143d92e1dad9531a594c684d1d0adfc23fe05fa,colin,CRLX,2,120,2025-12-31,2025-11-30,2015-12-31,2025-11-30,-3.669080341092571,-3.1877347547552812,-3.156759778197359,ok,[],7.620803080499172e-05,,0.262472359165267,0.5123205628952121,0.00029116379877933797,0.017063522461066998,0.3835663771018848,0.0
6896fea73c283c52ec3df2db2143d92e1dad9531a594c684d1d0adfc23fe05fa,colin,CRLX,2,120,2026-01-31,2025-12-31,2016-01-31,2025-12-31,-3.5432987087435324,-3.669080341092571,-3.3156931657515196,ok,[],7.595797069370747e-05,,0.05180428320068896,0.22760554299201274,5.462826370374231e-05,0.007391093539101119,0.08952514499227376,1.0
6896fea73c283c52ec3df2db2143d92e1dad9531a594c684d1d0adfc23fe05fa,colin,CRLX,2,120,2026-02-28,2026-01-31,2016-02-29,2026-01-31,-3.319307735691405,-3.5432987087435324,-3.476106617835887,ok,[],7.804203778505325e-05,,0.024585889441759195,0.15679888214448212,2.7565417788436575e-05,0.005250277877259124,0.05474146664583229,1.0
6896fea73c283c52ec3df2db2143d92e1dad9531a594c684d1d0adfc23fe05fa,colin,CRLX,2,120,2026-03-31,2026-02-28,2016-03-31,2026-02-28,-2.9305511753093016,-3.319307735691405,-3.3647459217980717,ok,[],7.27908918634057e-05,,0.18852507787844733,0.4341947464887701,0.0003533203081644111,0.018796816436950463,0.5146803176986103,0.0
6896fea73c283c52ec3df2db2143d92e1dad9531a594c684d1d0adfc23fe05fa,colin,CRLX,2,120,2026-04-30,2026-03-31,2016-04-30,2026-03-31,-3.237312027686596,-2.9305511753093016,-2.9070908243290647,ok,[],7.508404087275267e-05,,0.10904604314689594,0.33022120335753113,0.0002360872785579274,0.015365131908250167,0.1770651332782635,0.0
6896fea73c283c52ec3df2db2143d92e1dad9531a594c684d1d0adfc23fe05fa,colin,CRLX,2,120,2026-05-31,2026-04-30,2016-05-31,2026-04-30,-3.5119546359486353,-3.237312027686596,-3.5059688588009896,ok,[],7.512501906603575e-05,,3.582952806127748e-05,0.005985777147645699,3.209201128855891e-08,0.00017914243296483084,7.137395315384536e-05,1.0
6896fea73c283c52ec3df2db2143d92e1dad9531a594c684d1d0adfc23fe05fa,colin,CRLX,2,120,2026-06-30,2026-05-31,2016-06-30,2026-05-31,-3.0168147582707263,-3.5119546359486353,-3.5365685991523437,ok,[],7.558299694210291e-05,,0.2701440551111936,0.5197538408816174,0.000393778598061677,0.01984385542332127,0.7883168002690475,0.0
6896fea73c283c52ec3df2db2143d92e1dad9531a594c684d1d0adfc23fe05fa,colin,CRLX,2,120,2026-07-31,2026-06-30,2016-07-31,2026-06-30,-3.371829178429884,-3.0168147582707263,-3.7119043550906827,ok,[],7.612502668052912e-05,,0.11565112578087335,0.34007517666079856,9.79275765802724e-05,0.009895836325458925,0.2940241802942959,1.0
6896fea73c283c52ec3df2db2143d92e1dad9531a594c684d1d0adfc23fe05fa,colin,CRLX,2,120,2026-08-31,2026-07-31,2016-08-31,2026-07-31,-3.507788998946598,-3.371829178429884,-3.468436232258945,ok,[],7.462501525878906e-05,,0.0015486402459728495,0.039352766687652974,1.4463402273945477e-06,0.0012026388599220249,0.003017596803984182,1.0
6896fea73c283c52ec3df2db2143d92e1dad9531a594c684d1d0adfc23fe05fa,colin,CRLX,3,120,2025-09-30,2025-08-31,2015-09-30,2025-08-31,-3.844352655797379,-3.3885720022366694,-3.551033732014632,ok,[],0.00011975003872066736,,0.08603599104906891,0.29331892378274693,5.321280872979043e-05,0.007294711010711146,0.14283200172106725,1.0
6896fea73c283c52ec3df2db2143d92e1dad9531a594c684d1d0adfc23fe05fa,colin,CRLX,3,120,2025-10-31,2025-09-30,2015-10-31,2025-09-30,-3.200601249147139,-3.844352655797379,-3.4527471125003673,ok,[],9.079196024686098e-05,,0.06357753640614477,0.2521458633532281,8.243107156821819e-05,0.00907915588412371,0.15152061067862788,1.0
6896fea73c283c52ec3df2db2143d92e1dad9531a594c684d1d0adfc23fe05fa,colin,CRLX,3,120,2025-11-30,2025-10-31,2015-11-30,2025-10-31,-3.1877347547552812,-3.200601249147139,-3.3108589132941795,ok,[],8.191599044948816e-05,,0.01515955841591175,0.12312415853889824,2.2852396682254137e-05,0.004780418044716815,0.03296886850145331,0.0
6896fea73c283c52ec3df2db2143d92e1dad9531a594c684d1d0adfc23fe05fa,colin,CRLX,3,120,2025-12-31,2025-11-30,2015-12-31,2025-11-30,-3.669080341092571,-3.1877347547552812,-3.3352113500039495,ok,[],7.991609163582325e-05,,0.11146850321053414,0.33386899108862167,0.00010215447056377378,0.010107149477660542,0.18060536401039295,1.0
6896fea73c283c52ec3df2db2143d92e1dad9531a594c684d1d0adfc23fe05fa,colin,CRLX,3,120,2026-01-31,2025-12-31,2016-01-31,2025-12-31,-3.5432987087435324,-3.669080341092571,-3.264563263386078,ok,[],7.854192517697811e-05,,0.07769344849861834,0.2787354453574542,8.641268741515269e-05,0.009295842480117264,0.1301264330909483,1.0
6896fea73c283c52ec3df2db2143d92e1dad9531a594c684d1d0adfc23fe05fa,colin,CRLX,3,120,2026-02-28,2026-01-31,2016-02-29,2026-01-31,-3.319307735691405,-3.5432987087435324,-3.2304442330153273,ok,[],7.754191756248474e-05,,0.007896722107861244,0.08886350267607757,1.1303462305054715e-05,0.0033620622101702274,0.014897940832946183,1.0
6896fea73c283c52ec3df2db2143d92e1dad9531a594c684d1d0adfc23fe05fa,colin,CRLX,3,120,2026-03-31,2026-02-28,2016-03-31,2026-02-28,-2.9305511753093016,-3.319307735691405,-3.222734517191503,ok,[],7.941597141325474e-05,,0.08537110527345132,0.2921833418822013,0.0001828354354872573,0.013521665411008264,0.20948786484153736,1.0
6896fea73c283c52ec3df2db2143d92e1dad9531a594c684d1d0adfc23fe05fa,colin,CRLX,3,120,2026-04-30,2026-03-31,2016-04-30,2026-03-31,-3.237312027686596,-2.9305511753093016,-3.377040019757213,ok,[],7.974996697157621e-05,,0.019523911768086388,0.13972799207061692,2.622386616403064e-05,0.005120924346641985,0.04295422035187246,1.0
6896fea73c283c52ec3df2db2143d92e1dad9531a594c684d1d0adfc23fe05fa,colin,CRLX,3,120,2026-05-31,2026-04-30,2016-05-31,2026-04-30,-3.5119546359486353,-3.237312027686596,-3.6535399390052063,ok,[],7.708300836384296e-05,,0.02004639804162106,0.14158530305657102,1.5517686641426796e-05,0.003939249502307108,0.04416098727215911,1.0
6896fea73c283c52ec3df2db2143d92e1dad9531a594c684d1d0adfc23fe05fa,colin,CRLX,3,120,2026-06-30,2026-05-31,2016-06-30,2026-05-31,-3.0168147582707263,-3.5119546359486353,-3.6098274176129213,ok,[],7.691595237702131e-05,,0.3516640141401021,0.5930126593421949,0.00047962725400601766,0.021900393923535204,1.0880167188793375,0.0
6896fea73c283c52ec3df2db2143d92e1dad9531a594c684d1d0adfc23fe05fa,colin,CRLX,3,120,2026-07-31,2026-06-30,2016-07-31,2026-06-30,-3.371829178429884,-3.0168147582707263,-3.74709216144786,ok,[],7.645797450095415e-05,,0.1408223064235495,0.37526298301797567,0.00011535960483240488,0.010740558869649423,0.36758781355864434,1.0
6896fea73c283c52ec3df2db2143d92e1dad9531a594c684d1d0adfc23fe05fa,colin,CRLX,3,120,2026-08-31,2026-07-31,2016-08-31,2026-07-31,-3.507788998946598,-3.371829178429884,-3.6527590631557496,ok,[],7.804203778505325e-05,,0.021016319516805534,0.1449700642091516,1.6350484435479704e-05,0.0040435732261799966,0.046407347974873114,1.0
6896fea73c283c52ec3df2db2143d92e1dad9531a594c684d1d0adfc23fe05fa,colin,CRLX,4,120,2025-09-30,2025-08-31,2015-09-30,2025-08-31,-3.844352655797379,-3.3885720022366694,-3.4498169318858753,ok,[],8.02080612629652e-05,,0.1556584374423741,0.3945357239115035,0.00010714730247023253,0.010351198117620614,0.24333785739317826,1.0
6896fea73c283c52ec3df2db2143d92e1dad9531a594c684d1d0adfc23fe05fa,colin,CRLX,4,120,2025-10-31,2025-09-30,2015-10-31,2025-09-30,-3.200601249147139,-3.844352655797379,-3.5779084318887424,ok,[],8.075009100139141e-05,,0.1423607101484056,0.37730718274160324,0.0001639331949872267,0.012803639911651166,0.37217683561281323,1.0
6896fea73c283c52ec3df2db2143d92e1dad9531a594c684d1d0adfc23fe05fa,colin,CRLX,4,120,2025-11-30,2025-10-31,2015-11-30,2025-10-31,-3.1877347547552812,-3.200601249147139,-3.451134908838358,ok,[],8.01669666543603e-05,,0.0693796411709886,0.2634001540830768,9.130973265014315e-05,0.009555612625579961,0.1667046282080421,0.0
6896fea73c283c52ec3df2db2143d92e1dad9531a594c684d1d0adfc23fe05fa,colin,CRLX,4,120,2025-12-31,2025-11-30,2015-12-31,2025-11-30,-3.669080341092571,-3.1877347547552812,-3.1799582408542464,ok,[],7.970898877829313e-05,,0.23924042894154987,0.4891221002383248,0.00025880705627400196,0.016087481352716527,0.3542148492257785,0.0
6896fea73c283c52ec3df2db2143d92e1dad9531a594c684d1d0adfc23fe05fa,colin,CRLX,4,120,2026-01-31,2025-12-31,2016-01-31,2025-12-31,-3.5432987087435324,-3.669080341092571,-3.249915084155602,ok,[],8.104194421321154e-05,,0.08607395117635157,0.2933836245879302,9.72141232240953e-05,0.009859722269115662,0.14288943556868228,1.0
6896fea73c283c52ec3df2db2143d92e1dad9531a594c684d1d0adfc23fe05fa,colin,CRLX,4,120,2026-02-28,2026-01-31,2016-02-29,2026-01-31,-3.319307735691405,-3.5432987087435324,-3.4955922478920947,ok,[],7.904204539954662e-05,,0.031076229241835132,0.17628451220068975,3.418843758944606e-05,0.005847087958073323,0.070148830206398,1.0
6896fea73c283c52ec3df2db2143d92e1dad9531a594c684d1d0adfc23fe05fa,colin,CRLX,4,120,2026-03-31,2026-02-28,2016-03-31,2026-02-28,-2.9305511753093016,-3.319307735691405,-3.2861251754741883,ok,[],7.583398837596178e-05,,0.12643286959325878,0.3555740001648866,0.00025501322693980625,0.015969133568851074,0.32517962176907433,1.0
6896fea73c283c52ec3df2db2143d92e1dad9531a594c684d1d0adfc23fe05fa,colin,CRLX,4,120,2026-04-30,2026-03-31,2016-04-30,2026-03-31,-3.237312027686596,-2.9305511753093016,-3.1221633302109844,ok,[],7.408298552036285e-05,,0.013259222530329903,0.11514869747561152,2.296745203019978e-05,0.0047924369615259185,0.024594742304881123,1.0
6896fea73c283c52ec3df2db2143d92e1dad9531a594c684d1d0adfc23fe05fa,colin,CRLX,4,120,2026-05-31,2026-04-30,2016-05-31,2026-04-30,-3.5119546359486353,-3.237312027686596,-3.2924717927791587,ok,[],7.466599345207214e-05,,0.04817271844575708,0.21948284316947664,5.3631387620388913e-05,0.0073233453844803,0.08366858770604685,1.0
6896fea73c283c52ec3df2db2143d92e1dad9531a594c684d1d0adfc23fe05fa,colin,CRLX,4,120,2026-06-30,2026-05-31,2016-06-30,2026-05-31,-3.0168147582707263,-3.5119546359486353,-3.4402432463587127,ok,[],7.512490265071392e-05,,0.17929168452447802,0.4234284880879864,0.00028561078438470893,0.01690002320663226,0.4854478540732008,1.0
6896fea73c283c52ec3df2db2143d92e1dad9531a594c684d1d0adfc23fe05fa,colin,CRLX,4,120,2026-07-31,2026-06-30,2016-07-31,2026-06-30,-3.371829178429884,-3.0168147582707263,-3.2767569951818896,ok,[],7.479102350771427e-05,,0.009038720027540265,0.0950721832479946,1.1721676849587428e-05,0.0034236934514625325,0.016984123864054124,1.0
6896fea73c283c52ec3df2db2143d92e1dad9531a594c684d1d0adfc23fe05fa,colin,CRLX,4,120,2026-08-31,2026-07-31,2016-08-31,2026-07-31,-3.507788998946598,-3.371829178429884,-3.201000425584773,ok,[],0.00013716600369662046,,0.09411922874538399,0.3067885733618252,0.00011574220536621872,0.010758355142224053,0.15498784222867928,0.0
6896fea73c283c52ec3df2db2143d92e1dad9531a594c684d1d0adfc23fe05fa,colin,CRLX,0,571,2025-09-30,2025-08-31,1978-02-28,2025-08-31,-3.844352655797379,-3.3885720022366694,-3.4546940116032387,ok,[],8.77090496942401e-05,,0.15183385899521545,0.3896586441941401,0.00010397311461181266,0.010196720777378022,0.23803636565502773,1.0
6896fea73c283c52ec3df2db2143d92e1dad9531a594c684d1d0adfc23fe05fa,colin,CRLX,0,571,2025-10-31,2025-09-30,1978-03-31,2025-09-30,-3.200601249147139,-3.844352655797379,-3.5966324150547715,ok,[],8.779100608080626e-05,,0.1568406843701586,0.3960311659076323,0.00017747063746198263,0.01332181059248264,0.41588291797166566,1.0
6896fea73c283c52ec3df2db2143d92e1dad9531a594c684d1d0adfc23fe05fa,colin,CRLX,0,571,2025-11-30,2025-10-31,1978-04-30,2025-10-31,-3.1877347547552812,-3.200601249147139,-3.3336314403850196,ok,[],8.358398918062449e-05,,0.021285842877742697,0.14589668562973834,3.138106820428025e-05,0.005601880773836609,0.0470329777946763,0.0
6896fea73c283c52ec3df2db2143d92e1dad9531a594c684d1d0adfc23fe05fa,colin,CRLX,0,571,2025-12-31,2025-11-30,1978-05-31,2025-11-30,-3.669080341092571,-3.1877347547552812,-3.275160358534169,ok,[],8.25000461190939e-05,,0.1551729526588118,0.3939199825584021,0.0001515581374654388,0.012310895071660662,0.24266614051459534,1.0
6896fea73c283c52ec3df2db2143d92e1dad9531a594c684d1d0adfc23fe05fa,colin,CRLX,0,571,2026-01-31,2025-12-31,1978-06-30,2025-12-31,-3.5432987087435324,-3.669080341092571,-3.3581389222555487,ok,[],8.395907934755087e-05,,0.03428414653227571,0.1851597864879837,3.460011104616842e-05,0.00588218590714102,0.06083319885519395,1.0
6896fea73c283c52ec3df2db2143d92e1dad9531a594c684d1d0adfc23fe05fa,colin,CRLX,0,571,2026-02-28,2026-01-31,1978-07-31,2026-01-31,-3.319307735691405,-3.5432987087435324,-3.454291941879824,ok,[],8.450006134808064e-05,,0.018220735920317612,0.134984206188419,2.0868358144658655e-05,0.004568189810489343,0.03995466034650391,1.0
6896fea73c283c52ec3df2db2143d92e1dad9531a594c684d1d0adfc23fe05fa,colin,CRLX,0,571,2026-03-31,2026-02-28,1978-08-31,2026-02-28,-2.9305511753093016,-3.319307735691405,-3.2857045004031633,ok,[],8.195789996534586e-05,,0.12613388432522618,0.35515332509386166,0.0002545108965899929,0.01595339765034373,0.3243084279026054,1.0
6896fea73c283c52ec3df2db2143d92e1dad9531a594c684d1d0adfc23fe05fa,colin,CRLX,0,571,2026-04-30,2026-03-31,1978-09-30,2026-03-31,-3.237312027686596,-2.9305511753093016,-3.0839337840232974,ok,[],8.450006134808064e-05,,0.02352488562923815,0.15337824366329844,4.2373718104530953e-05,0.006509509820603311,0.04258625029159824,1.0
6896fea73c283c52ec3df2db2143d92e1dad9531a594c684d1d0adfc23fe05fa,colin,CRLX,0,571,2026-05-31,2026-04-30,1978-10-31,2026-04-30,-3.5119546359486353,-3.237312027686596,-3.370594395478963,ok,[],8.187501225620508e-05,,0.019982717585643586,0.14136024046967233,2.0526956551440304e-05,0.0045306684442188334,0.036450921381684126,1.0
6896fea73c283c52ec3df2db2143d92e1dad9531a594c684d1d0adfc23fe05fa,colin,CRLX,0,571,2026-06-30,2026-05-31,1978-11-30,2026-05-31,-3.0168147582707263,-3.5119546359486353,-3.395695168618933,ok,[],8.366699330508709e-05,,0.14355036534562543,0.37888041034820663,0.0002383832223064867,0.015439663931138096,0.3757327725204389,1.0
6896fea73c283c52ec3df2db2143d92e1dad9531a594c684d1d0adfc23fe05fa,colin,CRLX,0,571,2026-07-31,2026-06-30,1978-12-31,2026-06-30,-3.371829178429884,-3.0168147582707263,-3.260991142630549,ok,[],8.345802780240774e-05,,0.012285070179854725,0.11083803579933527,1.6189183395311585e-05,0.004023578431609304,0.022850917191304443,1.0
6896fea73c283c52ec3df2db2143d92e1dad9531a594c684d1d0adfc23fe05fa,colin,CRLX,0,571,2026-08-31,2026-07-31,1979-01-31,2026-07-31,-3.507788998946598,-3.371829178429884,-3.37346973241117,ok,[],8.20419518277049e-05,,0.018041665362615356,0.13431926653542803,1.85539669721147e-05,0.004307431598077293,0.033058051161960644,1.0
6896fea73c283c52ec3df2db2143d92e1dad9531a594c684d1d0adfc23fe05fa,colin,CRLX,1,571,2025-09-30,2025-08-31,1978-02-28,2025-08-31,-3.844352655797379,-3.3885720022366694,-3.4539087308816625,ok,[],0.0001053329324349761,,0.15244645850358954,0.39044392491571633,0.00010447994160024438,0.010221543014645312,0.2388870460588639,1.0
6896fea73c283c52ec3df2db2143d92e1dad9531a594c684d1d0adfc23fe05fa,colin,CRLX,1,571,2025-10-31,2025-09-30,1978-03-31,2025-09-30,-3.200601249147139,-3.844352655797379,-3.615586020359113,ok,[],9.141606278717518e-05,,0.17221236033785428,0.41498477121197386,0.00019145003654283372,0.013836547132244869,0.4632793499739951,1.0
6896fea73c283c52ec3df2db2143d92e1dad9531a594c684d1d0adfc23fe05fa,colin,CRLX,1,571,2025-11-30,2025-10-31,1978-04-30,2025-10-31,-3.1877347547552812,-3.200601249147139,-3.3961316364321545,ok,[],8.737505413591862e-05,,0.04342926029264474,0.2083968816768733,6.0258286498347424e-05,0.007762621110059889,0.10029583784409668,0.0
6896fea73c283c52ec3df2db2143d92e1dad9531a594c684d1d0adfc23fe05fa,colin,CRLX,1,571,2025-12-31,2025-11-30,1978-05-31,2025-11-30,-3.669080341092571,-3.1877347547552812,-3.252201258819083,ok,[],8.583406452089548e-05,,0.1737881692371858,0.41687908227348824,0.00017395075635738265,0.013189039250733264,0.26817178138261566,1.0
6896fea73c283c52ec3df2db2143d92e1dad9531a594c684d1d0adfc23fe05fa,colin,CRLX,1,571,2026-01-31,2025-12-31,1978-06-30,2025-12-31,-3.5432987087435324,-3.669080341092571,-3.343795330685806,ok,[],8.829205762594938e-05,,0.039801597856444125,0.19950337805772644,4.0767451210733786e-05,0.006384939405408151,0.06999292419356629,1.0
6896fea73c283c52ec3df2db2143d92e1dad9531a594c684d1d0adfc23fe05fa,colin,CRLX,1,571,2026-02-28,2026-01-31,1978-07-31,2026-01-31,-3.319307735691405,-3.5432987087435324,-3.4544949175066453,ok,[],0.00016558298375457525,,0.018275574127146855,0.13518718181524036,2.0927012311145126e-05,0.004574605153578298,0.040080581956332406,1.0
6896fea73c283c52ec3df2db2143d92e1dad9531a594c684d1d0adfc23fe05fa,colin,CRLX,1,571,2026-03-31,2026-02-28,1978-08-31,2026-02-28,-2.9305511753093016,-3.319307735691405,-3.389989311154966,ok,[],0.00010620802640914917,,0.21108340066933928,0.4594381358456645,0.0003864596857276362,0.019658577917225757,0.5875959413282692,0.0
6896fea73c283c52ec3df2db2143d92e1dad9531a594c684d1d0adfc23fe05fa,colin,CRLX,1,571,2026-04-30,2026-03-31,1978-09-30,2026-03-31,-3.237312027686596,-2.9305511753093016,-3.095015275424407,ok,[],9.787501767277718e-05,,0.02024836570436678,0.14229675226218896,3.606017747387089e-05,0.0060050126955628405,0.03691351137504484,1.0
6896fea73c283c52ec3df2db2143d92e1dad9531a594c684d1d0adfc23fe05fa,colin,CRLX,1,571,2026-05-31,2026-04-30,1978-10-31,2026-04-30,-3.5119546359486353,-3.237312027686596,-3.45974025966482,ok,[],9.220803622156382e-05,,0.0027263410907078663,0.05221437628381542,2.5580570966624034e-06,0.0015993927274632717,0.005267730152281394,1.0
6896fea73c283c52ec3df2db2143d92e1dad9531a594c684d1d0adfc23fe05fa,colin,CRLX,1,571,2026-06-30,2026-05-31,1978-11-30,2026-05-31,-3.0168147582707263,-3.5119546359486353,-3.429187811874253,ok,[],8.525000885128975e-05,,0.17005153533829703,0.4123730536035266,0.00027369249159392206,0.016543654118541105,0.45655537858213147,1.0
6896fea73c283c52ec3df2db2143d92e1dad9531a594c684d1d0adfc23fe05fa,colin,CRLX,1,571,2026-07-31,2026-06-30,1978-12-31,2026-06-30,-3.371829178429884,-3.0168147582707263,-3.1819030178753422,ok,[],8.512497879564762e-05,,0.03607194646298963,0.18992616055454192,5.154955778617465e-05,0.007179802071518034,0.06381472967344515,1.0
6896fea73c283c52ec3df2db2143d92e1dad9531a594c684d1d0adfc23fe05fa,colin,CRLX,1,571,2026-08-31,2026-07-31,1979-01-31,2026-07-31,-3.507788998946598,-3.371829178429884,-3.2525451413023703,ok,[],8.391705341637135e-05,,0.0651494268651068,0.25524385764422775,7.590866335011467e-05,0.008712557796084607,0.11069049463347702,0.0
6896fea73c283c52ec3df2db2143d92e1dad9531a594c684d1d0adfc23fe05fa,colin,CRLX,2,571,2025-09-30,2025-08-31,1978-02-28,2025-08-31,-3.844352655797379,-3.3885720022366694,-3.4598013192348827,ok,[],9.799993131309748e-05,,0.1478797304520022,0.3845513365624962,0.00010071641297674934,0.010035756721680202,0.2325314019696889,1.0
6896fea73c283c52ec3df2db2143d92e1dad9531a594c684d1d0adfc23fe05fa,colin,CRLX,2,571,2025-10-31,2025-09-30,1978-03-31,2025-09-30,-3.200601249147139,-3.844352655797379,-3.598215532365681,ok,[],9.004096500575542e-05,,0.15809711821939482,0.39761428321854186,0.0001786280051298533,0.013365178828951496,0.419718635104265,1.0
6896fea73c283c52ec3df2db2143d92e1dad9531a594c684d1d0adfc23fe05fa,colin,CRLX,2,571,2025-11-30,2025-10-31,1978-04-30,2025-10-31,-3.1877347547552812,-3.200601249147139,-3.4053251983156922,ok,[],8.775002788752317e-05,,0.04734560112881641,0.21759044356041102,6.511227915365701e-05,0.008069218001371448,0.11006166102726245,0.0
6896fea73c283c52ec3df2db2143d92e1dad9531a594c684d1d0adfc23fe05fa,colin,CRLX,2,571,2025-12-31,2025-11-30,1978-05-31,2025-11-30,-3.669080341092571,-3.1877347547552812,-3.234478385303075,ok,[],9.129196405410767e-05,,0.18887885997605525,0.43460195578949623,0.00019267746288919376,0.013880830770857836,0.2884891160958776,1.0
6896fea73c283c52ec3df2db2143d92e1dad9531a594c684d1d0adfc23fe05fa,colin,CRLX,2,571,2026-01-31,2025-12-31,1978-06-30,2025-12-31,-3.5432987087435324,-3.669080341092571,-3.3403739225516915,ok,[],8.475000504404306e-05,,0.04117846885100432,0.20292478619184084,4.232714174193636e-05,0.0065059312739942435,0.07225997879794949,1.0
6896fea73c283c52ec3df2db2143d92e1dad9531a594c684d1d0adfc23fe05fa,colin,CRLX,2,571,2026-02-28,2026-01-31,1978-07-31,2026-01-31,-3.319307735691405,-3.5432987087435324,-3.4607494117588313,ok,[],0.00010404095519334078,,0.020005747728762787,0.14144167606742641,2.2768650643233145e-05,0.004771650725192818,0.04406701472677865,1.0
6896fea73c283c52ec3df2db2143d92e1dad9531a594c684d1d0adfc23fe05fa,colin,CRLX,2,571,2026-03-31,2026-02-28,1978-08-31,2026-02-28,-2.9305511753093016,-3.319307735691405,-3.3448953867182256,ok,[],9.120895992964506e-05,,0.17168112552808307,0.41434421140892397,0.0003277443551635709,0.0181037110881601,0.46162442457635633,0.0
6896fea73c283c52ec3df2db2143d92e1dad9531a594c684d1d0adfc23fe05fa,colin,CRLX,2,571,2026-04-30,2026-03-31,1978-09-30,2026-03-31,-3.237312027686596,-2.9305511753093016,-3.0047089676210836,ok,[],8.437503129243851e-05,,0.054104183551840296,0.23260306006551223,0.00010575789236143893,0.010283865633186721,0.09321176737288545,1.0
6896fea73c283c52ec3df2db2143d92e1dad9531a594c684d1d0adfc23fe05fa,colin,CRLX,2,571,2026-05-31,2026-04-30,1978-10-31,2026-04-30,-3.5119546359486353,-3.237312027686596,-3.36701947442236,ok,[],8.316605817526579e-05,,0.021006201046647507,0.14493516152627528,2.1657440362349148e-05,0.004653755511664654,0.03823092945816042,1.0
6896fea73c283c52ec3df2db2143d92e1dad9531a594c684d1d0adfc23fe05fa,colin,CRLX,2,571,2026-06-30,2026-05-31,1978-11-30,2026-05-31,-3.0168147582707263,-3.5119546359486353,-3.4229136432015776,ok,[],0.0001489589922130108,,0.16491630434208082,0.40609888493085133,0.0002669841154360779,0.01633964857137625,0.44065603413311827,1.0
6896fea73c283c52ec3df2db2143d92e1dad9531a594c684d1d0adfc23fe05fa,colin,CRLX,2,571,2026-07-31,2026-06-30,1978-12-31,2026-06-30,-3.371829178429884,-3.0168147582707263,-3.2986062097874216,ok,[],9.958294685930014e-05,,0.005361603136815059,0.07322296864246258,6.80072819614976e-06,0.002607820583581194,0.010218366240119153,1.0
6896fea73c283c52ec3df2db2143d92e1dad9531a594c684d1d0adfc23fe05fa,colin,CRLX,2,571,2026-08-31,2026-07-31,1979-01-31,2026-07-31,-3.507788998946598,-3.371829178429884,-3.264461061009791,ok,[],0.00010766705963760614,,0.059208485380578685,0.24332793793680718,6.813572644781345e-05,0.008254436773506322,0.10133439813635131,0.0
6896fea73c283c52ec3df2db2143d92e1dad9531a594c684d1d0adfc23fe05fa,colin,CRLX,3,571,2025-09-30,2025-08-31,1978-02-28,2025-08-31,-3.844352655797379,-3.3885720022366694,-3.4237189570005455,ok,[],0.00010629103053361177,,0.1769327085635051,0.4206336987968333,0.0001252329824896228,0.011190754330679537,0.27243111872534365,1.0
6896fea73c283c52ec3df2db2143d92e1dad9531a594c684d1d0adfc23fe05fa,colin,CRLX,3,571,2025-10-31,2025-09-30,1978-03-31,2025-09-30,-3.200601249147139,-3.844352655797379,-3.349179542813688,ok,[],8.512497879564762e-05,,0.02207550934886326,0.14857829366654896,3.16355849897938e-05,0.005624551981250933,0.048869466243865456,1.0
6896fea73c283c52ec3df2db2143d92e1dad9531a594c684d1d0adfc23fe05fa,colin,CRLX,3,571,2025-11-30,2025-10-31,1978-04-30,2025-10-31,-3.1877347547552812,-3.200601249147139,-3.317803906102812,ok,[],8.312496356666088e-05,,0.016917984132266854,0.13006915134753072,2.533035445462923e-05,0.0050329270265551465,0.03697116530117728,0.0
6896fea73c283c52ec3df2db2143d92e1dad9531a594c684d1d0adfc23fe05fa,colin,CRLX,3,571,2025-12-31,2025-11-30,1978-05-31,2025-11-30,-3.669080341092571,-3.1877347547552812,-3.379139423189157,ok,[],8.39160056784749e-05,,0.0840657358746744,0.28994091790341425,7.35624830267337e-05,0.00857685740972378,0.13984636621999563,1.0
6896fea73c283c52ec3df2db2143d92e1dad9531a594c684d1d0adfc23fe05fa,colin,CRLX,3,571,2026-01-31,2025-12-31,1978-06-30,2025-12-31,-3.5432987087435324,-3.669080341092571,-3.2975844394495653,ok,[],8.345802780240774e-05,,0.06037550213466819,0.2457142692939671,6.487642603625565e-05,0.008054590370481646,0.10318039713094967,1.0
6896fea73c283c52ec3df2db2143d92e1dad9531a594c684d1d0adfc23fe05fa,colin,CRLX,3,571,2026-02-28,2026-01-31,1978-07-31,2026-01-31,-3.319307735691405,-3.5432987087435324,-3.340238360491988,ok,[],9.324995335191488e-05,,0.000438091054542787,0.020930624800583164,5.615340795527277e-07,0.0007493557763524131,0.0008885371629963612,1.0
6896fea73c283c52ec3df2db2143d92e1dad9531a594c684d1d0adfc23fe05fa,colin,CRLX,3,571,2026-03-31,2026-02-28,1978-08-31,2026-02-28,-2.9305511753093016,-3.319307735691405,-3.2749730855276384,ok,[],8.545804303139448e-05,,0.11862645223844805,0.3444219102183368,0.00024179404278484455,0.015549728061443537,0.3025679516891775,1.0
6896fea73c283c52ec3df2db2143d92e1dad9531a594c684d1d0adfc23fe05fa,colin,CRLX,3,571,2026-04-30,2026-03-31,1978-09-30,2026-03-31,-3.237312027686596,-2.9305511753093016,-3.1492009712850386,ok,[],8.404196705669165e-05,,0.007763558260198403,0.08811105640155725,1.3083213144776765e-05,0.0036170724550078845,0.014653849033866406,1.0
6896fea73c283c52ec3df2db2143d92e1dad9531a594c684d1d0adfc23fe05fa,colin,CRLX,3,571,2026-05-31,2026-04-30,1978-10-31,2026-04-30,-3.5119546359486353,-3.237312027686596,-3.4406709338532036,ok,[],8.737505413591862e-05,,0.005081366184430265,0.07128370209543178,4.860461040969766e-06,0.0022046453322404867,0.00969650837760766,1.0
6896fea73c283c52ec3df2db2143d92e1dad9531a594c684d1d0adfc23fe05fa,colin,CRLX,3,571,2026-06-30,2026-05-31,1978-11-30,2026-05-31,-3.0168147582707263,-3.5119546359486353,-3.397724286592786,ok,[],8.320901542901993e-05,,0.1450920687665341,0.3809095283220598,0.00024048582596581273,0.015507605423333827,0.3803503493074558,1.0
6896fea73c283c52ec3df2db2143d92e1dad9531a594c684d1d0adfc23fe05fa,colin,CRLX,3,571,2026-07-31,2026-06-30,1978-12-31,2026-06-30,-3.371829178429884,-3.0168147582707263,-3.593178999929219,ok,[],8.208397775888443e-05,,0.04899574347778738,0.2213498214993348,4.645861145516264e-05,0.006816055417553663,0.11420499390042871,1.0
6896fea73c283c52ec3df2db2143d92e1dad9531a594c684d1d0adfc23fe05fa,colin,CRLX,3,571,2026-08-31,2026-07-31,1979-01-31,2026-07-31,-3.507788998946598,-3.371829178429884,-3.5082572217915096,ok,[],8.295802399516106e-05,,2.192326324970633e-07,0.00046822284491154775,1.9673201867654982e-10,1.4026119159502026e-05,4.38602163344644e-07,1.0
6896fea73c283c52ec3df2db2143d92e1dad9531a594c684d1d0adfc23fe05fa,colin,CRLX,4,571,2025-09-30,2025-08-31,1978-02-28,2025-08-31,-3.844352655797379,-3.3885720022366694,-3.5073320305125124,ok,[],8.454103954136372e-05,,0.11358290186740234,0.3370206252848664,7.355694548622773e-05,0.008576534584914104,0.18368605868867,1.0
6896fea73c283c52ec3df2db2143d92e1dad9531a594c684d1d0adfc23fe05fa,colin,CRLX,4,571,2025-10-31,2025-09-30,1978-03-31,2025-09-30,-3.200601249147139,-3.844352655797379,-3.576385448417012,ok,[],9.062502067536116e-05,,0.14121376442089958,0.37578419926987294,0.00016284476417242837,0.01276106438242627,0.36875452294604094,1.0
6896fea73c283c52ec3df2db2143d92e1dad9531a594c684d1d0adfc23fe05fa,colin,CRLX,4,571,2025-11-30,2025-10-31,1978-04-30,2025-10-31,-3.1877347547552812,-3.200601249147139,-3.375401513243152,ok,[],0.00015674997121095657,,0.03521881224134484,0.18766675848787084,4.985572975077418e-05,0.0070608589952479706,0.08014324290973723,0.0
6896fea73c283c52ec3df2db2143d92e1dad9531a594c684d1d0adfc23fe05fa,colin,CRLX,4,571,2025-12-31,2025-11-30,1978-05-31,2025-11-30,-3.669080341092571,-3.1877347547552812,-3.2128654871960474,ok,[],0.00019583303947001696,,0.2081319929158266,0.45621485389652383,0.0002173037750442734,0.014741227053548609,0.31397710276780455,1.0
6896fea73c283c52ec3df2db2143d92e1dad9531a594c684d1d0adfc23fe05fa,colin,CRLX,4,571,2026-01-31,2025-12-31,1978-06-30,2025-12-31,-3.5432987087435324,-3.669080341092571,-3.3194012679444294,ok,[],0.00012370909098535776,,0.050130063996387836,0.223897440799103,5.265977975919858e-05,0.007256705847641792,0.08683063017922543,1.0
6896fea73c283c52ec3df2db2143d92e1dad9531a594c684d1d0adfc23fe05fa,colin,CRLX,4,571,2026-02-28,2026-01-31,1978-07-31,2026-01-31,-3.319307735691405,-3.5432987087435324,-3.4779461152813003,ok,[],9.291688911616802e-05,,0.025166135478907725,0.15863837958989535,2.816548879500552e-05,0.005307116806233449,0.05610585639918381,1.0
6896fea73c283c52ec3df2db2143d92e1dad9531a594c684d1d0adfc23fe05fa,colin,CRLX,4,571,2026-03-31,2026-02-28,1978-08-31,2026-02-28,-2.9305511753093016,-3.319307735691405,-3.247789723823002,ok,[],8.966599125415087e-05,,0.10064029666307943,0.31723854851370037,0.00021047077123838808,0.014507610803932813,0.25155857288113803,1.0
6896fea73c283c52ec3df2db2143d92e1dad9531a594c684d1d0adfc23fe05fa,colin,CRLX,4,571,2026-04-30,2026-03-31,1978-09-30,2026-03-31,-3.237312027686596,-2.9305511753093016,-3.039876620185329,ok,[],8.725002408027649e-05,,0.03898074013519135,0.19743540750126698,7.347033013058148e-05,0.008571483543155262,0.06863788922725039,1.0
6896fea73c283c52ec3df2db2143d92e1dad9531a594c684d1d0adfc23fe05fa,colin,CRLX,4,571,2026-05-31,2026-04-30,1978-10-31,2026-04-30,-3.5119546359486353,-3.237312027686596,-3.3515713122019797,ok,[],8.537492249161005e-05,,0.025722810536024557,0.16038332374665565,2.6943729719490694e-05,0.005190734988370211,0.04635919756989615,1.0
6896fea73c283c52ec3df2db2143d92e1dad9531a594c684d1d0adfc23fe05fa,colin,CRLX,4,571,2026-06-30,2026-05-31,1978-11-30,2026-05-31,-3.0168147582707263,-3.5119546359486353,-3.3928676169792533,ok,[],8.50829528644681e-05,,0.14141575254285538,0.376052858708527,0.00023546160038233268,0.01534475807506696,0.36935679973615065,1.0
6896fea73c283c52ec3df2db2143d92e1dad9531a594c684d1d0adfc23fe05fa,colin,CRLX,4,571,2026-07-31,2026-06-30,1978-12-31,2026-06-30,-3.371829178429884,-3.0168147582707263,-3.221533355954808,ok,[],8.408306166529655e-05,,0.02258883425345966,0.15029582247507633,3.099204373530175e-05,0.00556704982331771,0.04097169390644906,1.0
6896fea73c283c52ec3df2db2143d92e1dad9531a594c684d1d0adfc23fe05fa,colin,CRLX,4,571,2026-08-31,2026-07-31,1979-01-31,2026-07-31,-3.507788998946598,-3.371829178429884,-3.285469195878291,ok,[],8.649996016174555e-05,,0.04942609483633086,0.22231980306830712,5.565059394428462e-05,0.007459932569687518,0.08569487292684935,0.0
6896fea73c283c52ec3df2db2143d92e1dad9531a594c684d1d0adfc23fe05fa,colin,HAR,0,120,2025-09-30,2025-08-31,2015-09-30,2025-08-31,-3.844352655797379,-3.3885720022366694,-3.3471368366437666,ok,[],4.466692917048931e-05,,0.24722357081659763,0.49721581915361224,0.00019001795063242616,0.01378469987458654,0.3643652792222075,0.0
6896fea73c283c52ec3df2db2143d92e1dad9531a594c684d1d0adfc23fe05fa,colin,HAR,0,120,2025-10-31,2025-09-30,2015-10-31,2025-09-30,-3.200601249147139,-3.844352655797379,-3.6070022987381476,ok,[],3.708305303007364e-05,,0.16516181310867328,0.4064010495910084,0.0001850862625639178,0.013604641214082707,0.44141358189061597,1.0
6896fea73c283c52ec3df2db2143d92e1dad9531a594c684d1d0adfc23fe05fa,colin,HAR,0,120,2025-11-30,2025-10-31,2015-11-30,2025-10-31,-3.1877347547552812,-3.200601249147139,-3.252245033196462,ok,[],3.358302637934685e-05,,0.004161576024558654,0.06451027844118062,6.64600639118324e-06,0.00257798494781937,0.008692954885803628,0.0
6896fea73c283c52ec3df2db2143d92e1dad9531a594c684d1d0adfc23fe05fa,colin,HAR,0,120,2025-12-31,2025-11-30,2015-12-31,2025-11-30,-3.669080341092571,-3.1877347547552812,-3.241094862906837,ok,[],3.250001464039087e-05,,0.18317156953787156,0.4279854781857342,0.00018553515745782032,0.013621129081607748,0.28084141643401483,1.0
6896fea73c283c52ec3df2db2143d92e1dad9531a594c684d1d0adfc23fe05fa,colin,HAR,0,120,2026-01-31,2025-12-31,2016-01-31,2025-12-31,-3.5432987087435324,-3.669080341092571,-3.491225421823242,ok,[],3.2542040571570396e-05,,0.0027116272106828695,0.05207328692029023,2.389313326767206e-06,0.001545740381424774,0.005239784889153887,1.0
6896fea73c283c52ec3df2db2143d92e1dad9531a594c684d1d0adfc23fe05fa,colin,HAR,0,120,2026-02-28,2026-01-31,2016-02-29,2026-01-31,-3.319307735691405,-3.5432987087435324,-3.439199904262213,ok,[],4.0958053432404995e-05,,0.014374132084611062,0.11989216857080809,1.6707797858174156e-05,0.00408751732206411,0.031190681515383845,1.0
6896fea73c283c52ec3df2db2143d92e1dad9531a594c684d1d0adfc23fe05fa,colin,HAR,0,120,2026-03-31,2026-02-28,2016-03-31,2026-02-28,-2.9305511753093016,-3.319307735691405,-3.3289613845731383,ok,[],3.466603811830282e-05,,0.1587306948456541,0.39841020926383663,0.0003075574340592652,0.017537315474703226,0.4216554591671138,0.0
6896fea73c283c52ec3df2db2143d92e1dad9531a594c684d1d0adfc23fe05fa,colin,HAR,0,120,2026-04-30,2026-03-31,2016-04-30,2026-03-31,-3.237312027686596,-2.9305511753093016,-3.109436247709959,ok,[],3.3250078558921814e-05,,0.01635221510463328,0.12787577997663702,2.8695286364526813e-05,0.005356798144836784,0.030085880505372392,1.0
6896fea73c283c52ec3df2db2143d92e1dad9531a594c684d1d0adfc23fe05fa,colin,HAR,0,120,2026-05-31,2026-04-30,2016-05-31,2026-04-30,-3.5119546359486353,-3.237312027686596,-3.260488798862913,ok,[],3.245798870921135e-05,,0.06323506722122293,0.2514658370857221,7.277974346685103e-05,0.008531104469343406,0.10768678754816818,1.0
6896fea73c283c52ec3df2db2143d92e1dad9531a594c684d1d0adfc23fe05fa,colin,HAR,0,120,2026-06-30,2026-05-31,2016-06-30,2026-05-31,-3.0168147582707263,-3.5119546359486353,-3.4077495528938493,ok,[],3.50830378010869e-05,,0.15283001364702334,0.39093479462312297,0.00025094578084073336,0.015841268283844363,0.40368494823733103,1.0
6896fea73c283c52ec3df2db2143d92e1dad9531a594c684d1d0adfc23fe05fa,colin,HAR,0,120,2026-07-31,2026-06-30,2016-07-31,2026-06-30,-3.371829178429884,-3.0168147582707263,-3.1606394948931955,ok,[],3.212492447346449e-05,,0.0446010824323267,0.21118968353668865,6.515441777720718e-05,0.008071828651378024,0.07786468974383104,1.0
6896fea73c283c52ec3df2db2143d92e1dad9531a594c684d1d0adfc23fe05fa,colin,HAR,0,120,2026-08-31,2026-07-31,2016-08-31,2026-07-31,-3.507788998946598,-3.371829178429884,-3.3355061064136,ok,[],3.1624920666217804e-05,,0.029681395059536615,0.17228289253299822,3.1736055507556934e-05,0.005633476325285918,0.05309372516235844,0.0
6896fea73c283c52ec3df2db2143d92e1dad9531a594c684d1d0adfc23fe05fa,colin,HAR,0,571,2025-09-30,2025-08-31,1978-02-28,2025-08-31,-3.844352655797379,-3.3885720022366694,-3.378641532339423,ok,[],6.183399818837643e-05,,0.2168868505124712,0.4657111234579556,0.00016112464077850237,0.012693488124960073,0.3254152033495782,0.0
6896fea73c283c52ec3df2db2143d92e1dad9531a594c684d1d0adfc23fe05fa,colin,HAR,0,571,2025-10-31,2025-09-30,1978-03-31,2025-09-30,-3.200601249147139,-3.844352655797379,-3.5972537114635497,ok,[],5.7041062973439693e-05,,0.15733317586167145,0.3966524623164105,0.00017792461780447553,0.0133388386977456,0.41738560734378316,1.0
6896fea73c283c52ec3df2db2143d92e1dad9531a594c684d1d0adfc23fe05fa,colin,HAR,0,571,2025-11-30,2025-10-31,1978-04-30,2025-10-31,-3.1877347547552812,-3.200601249147139,-3.2775433033185295,ok,[],7.61660048738122e-05,,0.008065575395037322,0.08980854856324827,1.2562979581811213e-05,0.0035444293732293797,0.017141935780344036,0.0
6896fea73c283c52ec3df2db2143d92e1dad9531a594c684d1d0adfc23fe05fa,colin,HAR,0,571,2025-12-31,2025-11-30,1978-05-31,2025-11-30,-3.669080341092571,-3.1877347547552812,-3.2550261706786596,ok,[],5.195906851440668e-05,,0.17144085603715253,0.41405417041391157,0.00017108379981513176,0.013079900604176308,0.26498326444733056,1.0
6896fea73c283c52ec3df2db2143d92e1dad9531a594c684d1d0adfc23fe05fa,colin,HAR,0,571,2026-01-31,2025-12-31,1978-06-30,2025-12-31,-3.5432987087435324,-3.669080341092571,-3.441820517614901,ok,[],4.837499000132084e-05,,0.01029782327473903,0.10147819112863132,9.539362614061468e-06,0.003088585859914124,0.0192702286737082,1.0
6896fea73c283c52ec3df2db2143d92e1dad9531a594c684d1d0adfc23fe05fa,colin,HAR,0,571,2026-02-28,2026-01-31,1978-07-31,2026-01-31,-3.319307735691405,-3.5432987087435324,-3.4221593978869085,ok,[],5.1958952099084854e-05,,0.010578464416377978,0.10285166219550357,1.250326589864819e-05,0.003535995743584569,0.02268539256908761,1.0
6896fea73c283c52ec3df2db2143d92e1dad9531a594c684d1d0adfc23fe05fa,colin,HAR,0,571,2026-03-31,2026-02-28,1978-08-31,2026-02-28,-2.9305511753093016,-3.319307735691405,-3.3421492242682067,ok,[],4.737498238682747e-05,,0.16941295390677721,0.41159804895890506,0.00032424259854514035,0.01800673758750153,0.4545720884077369,0.0
6896fea73c283c52ec3df2db2143d92e1dad9531a594c684d1d0adfc23fe05fa,colin,HAR,0,571,2026-04-30,2026-03-31,1978-09-30,2026-03-31,-3.237312027686596,-2.9305511753093016,-3.1312312633773884,ok,[],4.529103171080351e-05,,0.011253128556425617,0.10608076430920743,1.9313336055128132e-05,0.004394694079811259,0.020995565787951198,1.0
6896fea73c283c52ec3df2db2143d92e1dad9531a594c684d1d0adfc23fe05fa,colin,HAR,0,571,2026-05-31,2026-04-30,1978-10-31,2026-04-30,-3.5119546359486353,-3.237312027686596,-3.2494614748120787,ok,[],4.583306144922972e-05,,0.06890265964346229,0.26249316113655663,8.021997446055584e-05,0.008956560414609831,0.11654977782797493,1.0
6896fea73c283c52ec3df2db2143d92e1dad9531a594c684d1d0adfc23fe05fa,colin,HAR,0,571,2026-06-30,2026-05-31,1978-11-30,2026-05-31,-3.0168147582707263,-3.5119546359486353,-3.3827368367434314,ok,[],4.583306144922972e-05,,0.13389896751378452,0.3659220784727051,0.00022507530808424356,0.015002510059461502,0.3470667557999456,1.0
6896fea73c283c52ec3df2db2143d92e1dad9531a594c684d1d0adfc23fe05fa,colin,HAR,0,571,2026-07-31,2026-06-30,1978-12-31,2026-06-30,-3.371829178429884,-3.0168147582707263,-3.1841847413936097,ok,[],4.733307287096977e-05,,0.03521043475066036,0.18764443703627443,5.020010819803616e-05,0.007085203469063973,0.06237964148431324,1.0
6896fea73c283c52ec3df2db2143d92e1dad9531a594c684d1d0adfc23fe05fa,colin,HAR,0,571,2026-08-31,2026-07-31,1979-01-31,2026-07-31,-3.507788998946598,-3.371829178429884,-3.326477932610228,ok,[],4.600000102072954e-05,,0.032873702776031626,0.18131106633637017,3.5477550033392184e-05,0.005956303386614233,0.05847145522380348,0.0
6896fea73c283c52ec3df2db2143d92e1dad9531a594c684d1d0adfc23fe05fa,colin,HARX,0,120,2025-09-30,2025-08-31,2015-09-30,2025-08-31,-3.844352655797379,-3.3885720022366694,-3.5415480872412335,ok,[],5.641707684844732e-05,,0.09169060673847333,0.30280456855614535,5.7277594673051654e-05,0.007568196262852309,0.1513510308420114,1.0
6896fea73c283c52ec3df2db2143d92e1dad9531a594c684d1d0adfc23fe05fa,colin,HARX,0,120,2025-10-31,2025-09-30,2015-10-31,2025-09-30,-3.200601249147139,-3.844352655797379,-3.6830339919947357,ok,[],5.554209928959608e-05,,0.23274135137145519,0.4824327428475965,0.0002430836028449688,0.015591138600017922,0.6595691230380238,1.0
6896fea73c283c52ec3df2db2143d92e1dad9531a594c684d1d0adfc23fe05fa,colin,HARX,0,120,2025-11-30,2025-10-31,2015-11-30,2025-10-31,-3.1877347547552812,-3.200601249147139,-3.190312598234765,ok,[],5.745794624090195e-05,,6.645277004716338e-06,0.0025778434794836436,1.1286585055469763e-08,0.00010623834079780126,1.3313424124947876e-05,1.0
6896fea73c283c52ec3df2db2143d92e1dad9531a594c684d1d0adfc23fe05fa,colin,HARX,0,120,2025-12-31,2025-11-30,2015-12-31,2025-11-30,-3.669080341092571,-3.1877347547552812,-3.2652624744348753,ok,[],5.6709046475589275e-05,,0.16306886943197269,0.4038178666576959,0.0001609599764653488,0.01268700029421253,0.25354680694834764,1.0
6896fea73c283c52ec3df2db2143d92e1dad9531a594c684d1d0adfc23fe05fa,colin,HARX,0,120,2026-01-31,2025-12-31,2016-01-31,2025-12-31,-3.5432987087435324,-3.669080341092571,-3.5363768521784076,ok,[],5.5208103731274605e-05,,4.7912098308161075e-05,0.006921856565124784,4.034436603339339e-08,0.0002008590700799777,9.538353520533067e-05,1.0
6896fea73c283c52ec3df2db2143d92e1dad9531a594c684d1d0adfc23fe05fa,colin,HARX,0,120,2026-02-28,2026-01-31,2016-02-29,2026-01-31,-3.319307735691405,-3.5432987087435324,-3.4540800251322397,ok,[],5.6292046792805195e-05,,0.018163570001124136,0.13477228944083475,2.080719540393472e-05,0.004561490480526592,0.03982342220464341,1.0
6896fea73c283c52ec3df2db2143d92e1dad9531a594c684d1d0adfc23fe05fa,colin,HARX,0,120,2026-03-31,2026-02-28,2016-03-31,2026-02-28,-2.9305511753093016,-3.319307735691405,-3.2277906846706843,ok,[],5.429098382592201e-05,,0.08835132592539549,0.29723950936138266,0.00018831042964524664,0.013722624736006106,0.21760761706507803,1.0
6896fea73c283c52ec3df2db2143d92e1dad9531a594c684d1d0adfc23fe05fa,colin,HARX,0,120,2026-04-30,2026-03-31,2016-04-30,2026-03-31,-3.237312027686596,-2.9305511753093016,-3.022536300539352,ok,[],5.416700150817633e-05,,0.04612861297162727,0.2147757271472437,8.85159670643462e-05,0.009408292462734467,0.08035239752744366,1.0
6896fea73c283c52ec3df2db2143d92e1dad9531a594c684d1d0adfc23fe05fa,colin,HARX,0,120,2026-05-31,2026-04-30,2016-05-31,2026-04-30,-3.5119546359486353,-3.237312027686596,-3.570086656295052,ok,[],5.845795385539532e-05,,0.003379331789556196,0.058132020346416624,2.8396294955350345e-06,0.0016851200240739633,0.007028387198219382,1.0
6896fea73c283c52ec3df2db2143d92e1dad9531a594c684d1d0adfc23fe05fa,colin,HARX,0,120,2026-06-30,2026-05-31,2016-06-30,2026-05-31,-3.0168147582707263,-3.5119546359486353,-3.329851128729209,ok,[],5.533394869416952e-05,,0.09799176922982053,0.31303637045848287,0.0001731454863195983,0.013158475835734103,0.24417843574481157,1.0
6896fea73c283c52ec3df2db2143d92e1dad9531a594c684d1d0adfc23fe05fa,colin,HARX,0,120,2026-07-31,2026-06-30,2016-07-31,2026-06-30,-3.371829178429884,-3.0168147582707263,-3.4117389401409532,ok,[],5.5582961067557335e-05,,0.0015927890798343156,0.03990976171106908,1.803639393393611e-06,0.0013429964234478106,0.003272053951245371,1.0
6896fea73c283c52ec3df2db2143d92e1dad9531a594c684d1d0adfc23fe05fa,colin,HARX,0,120,2026-08-31,2026-07-31,2016-08-31,2026-07-31,-3.507788998946598,-3.371829178429884,-3.659169224867875,ok,[],5.670799873769283e-05,,0.022915972799976824,0.15138022592127687,1.7717281596256062e-05,0.004209190135436514,0.05082972372738925,1.0
6896fea73c283c52ec3df2db2143d92e1dad9531a594c684d1d0adfc23fe05fa,colin,HARX,0,571,2025-09-30,2025-08-31,1978-02-28,2025-08-31,-3.844352655797379,-3.3885720022366694,-3.437447098581906,ok,[],0.00010504201054573059,,0.16557213249283453,0.40690555721547295,0.00011548505877517449,0.010746397478930997,0.2569770022489346,1.0
6896fea73c283c52ec3df2db2143d92e1dad9531a594c684d1d0adfc23fe05fa,colin,HARX,0,571,2025-10-31,2025-09-30,1978-03-31,2025-09-30,-3.200601249147139,-3.844352655797379,-3.572833625292372,ok,[],0.00010549998842179775,,0.13855694185072595,0.37223237614523264,0.00016031407939256403,0.012661519632041172,0.3608495164204115,1.0
6896fea73c283c52ec3df2db2143d92e1dad9531a594c684d1d0adfc23fe05fa,colin,HARX,0,571,2025-11-30,2025-10-31,1978-04-30,2025-10-31,-3.1877347547552812,-3.200601249147139,-3.1987888123070323,ok,[],0.00012758304364979267,,0.0001221921883574242,0.01105405755175104,2.0578604534472377e-07,0.0004536364682702701,0.00024619533415406666,1.0
6896fea73c283c52ec3df2db2143d92e1dad9531a594c684d1d0adfc23fe05fa,colin,HARX,0,571,2025-12-31,2025-11-30,1978-05-31,2025-11-30,-3.669080341092571,-3.1877347547552812,-3.262699983630856,ok,[],0.00011337501928210258,,0.1651449949307115,0.4063803574617153,0.000163455697831622,0.012784979383308446,0.2563923485384859,1.0
6896fea73c283c52ec3df2db2143d92e1dad9531a594c684d1d0adfc23fe05fa,colin,HARX,0,571,2026-01-31,2025-12-31,1978-06-30,2025-12-31,-3.5432987087435324,-3.669080341092571,-3.394585876929609,ok,[],0.00010479101911187172,,0.022115506346116223,0.14871283181392325,2.1498696808694746e-05,0.004636668718885871,0.040153456486179906,1.0
6896fea73c283c52ec3df2db2143d92e1dad9531a594c684d1d0adfc23fe05fa,colin,HARX,0,571,2026-02-28,2026-01-31,1978-07-31,2026-01-31,-3.319307735691405,-3.5432987087435324,-3.4083122285904404,ok,[],9.704194962978363e-05,,0.00792179975621445,0.08900449289903545,9.49166308259109e-06,0.0030808542780519643,0.01682707194403449,1.0
6896fea73c283c52ec3df2db2143d92e1dad9531a594c684d1d0adfc23fe05fa,colin,HARX,0,571,2026-03-31,2026-02-28,1978-08-31,2026-02-28,-2.9305511753093016,-3.319307735691405,-3.273553992156298,ok,[],9.958306327462196e-05,,0.11765093236497423,0.3430028168469965,0.00024012672420651248,0.015496022851251623,0.2997621530718725,1.0
6896fea73c283c52ec3df2db2143d92e1dad9531a594c684d1d0adfc23fe05fa,colin,HARX,0,571,2026-04-30,2026-03-31,1978-09-30,2026-03-31,-3.237312027686596,-2.9305511753093016,-3.0302979492541424,ok,[],9.995896834880114e-05,,0.04285482866923799,0.20701407843245345,8.157587670787961e-05,0.009031936487148236,0.07501049667835252,1.0
6896fea73c283c52ec3df2db2143d92e1dad9531a594c684d1d0adfc23fe05fa,colin,HARX,0,571,2026-05-31,2026-04-30,1978-10-31,2026-04-30,-3.5119546359486353,-3.237312027686596,-3.4242982820961423,ok,[],0.00010045897215604782,,0.007683636370713472,0.08765635385249304,7.472544302110788e-06,0.002733595489846804,0.01450726483513412,1.0
6896fea73c283c52ec3df2db2143d92e1dad9531a594c684d1d0adfc23fe05fa,colin,HARX,0,571,2026-06-30,2026-05-31,1978-11-30,2026-05-31,-3.0168147582707263,-3.5119546359486353,-3.295275118830963,ok,[],9.712495375424623e-05,,0.07754017240333703,0.2784603605602367,0.00014158766535143078,0.011899061532382744,0.1883692617097401,1.0
6896fea73c283c52ec3df2db2143d92e1dad9531a594c684d1d0adfc23fe05fa,colin,HARX,0,571,2026-07-31,2026-06-30,1978-12-31,2026-06-30,-3.371829178429884,-3.0168147582707263,-3.24428558182636,ok,[],9.625009261071682e-05,,0.016267369034562485,0.1275435966035241,2.1805389209835526e-05,0.004669624097273305,0.02993612665910325,1.0
6896fea73c283c52ec3df2db2143d92e1dad9531a594c684d1d0adfc23fe05fa,colin,HARX,0,571,2026-08-31,2026-07-31,1979-01-31,2026-07-31,-3.507788998946598,-3.371829178429884,-3.438675116677093,ok,[],9.558303281664848e-05,,0.004776728722363027,0.06911388226950521,4.597189565467572e-06,0.0021441057729196973,0.009128073485991678,1.0
6896fea73c283c52ec3df2db2143d92e1dad9531a594c684d1d0adfc23fe05fa,colin,LSTM,0,120,2025-09-30,2025-08-31,2015-09-30,2025-08-31,-3.844352655797379,-3.3885720022366694,-3.3769627175060104,ok,[],0.37862541701179,,0.2184533544160092,0.46738993829136843,0.00016258221900984437,0.012750773271054755,0.3274521689684835,0.0
6896fea73c283c52ec3df2db2143d92e1dad9531a594c684d1d0adfc23fe05fa,colin,LSTM,0,120,2025-10-31,2025-09-30,2015-10-31,2025-09-30,-3.200601249147139,-3.844352655797379,-3.3861562053890606,ok,[],0.5376185839995742,,0.03443064178594137,0.18555495624192142,4.75990660044992e-05,0.0068992076359897445,0.07823245296787357,1.0
6896fea73c283c52ec3df2db2143d92e1dad9531a594c684d1d0adfc23fe05fa,colin,LSTM,0,120,2025-11-30,2025-10-31,2015-11-30,2025-10-31,-3.1877347547552812,-3.200601249147139,-3.362614929703855,ok,[],0.9164316250244156,,0.030583075590043772,0.17488017494857377,4.3833585053441306e-05,0.006620693698808404,0.0689671597589453,0.0
6896fea73c283c52ec3df2db2143d92e1dad9531a594c684d1d0adfc23fe05fa,colin,LSTM,0,120,2025-12-31,2025-11-30,2015-12-31,2025-11-30,-3.669080341092571,-3.1877347547552812,-3.332557651008755,ok,[],0.5254469170467928,,0.11324752094124828,0.3365226900838163,0.00010407601691312087,0.010201765382183658,0.18319798127259473,1.0
6896fea73c283c52ec3df2db2143d92e1dad9531a594c684d1d0adfc23fe05fa,colin,LSTM,0,120,2026-01-31,2025-12-31,2016-01-31,2025-12-31,-3.5432987087435324,-3.669080341092571,-3.3153260469750605,ok,[],0.5386582080973312,,0.05197153451380207,0.22797266176847186,5.4825519277032504e-05,0.007404425654771105,0.08979381628175687,1.0
6896fea73c283c52ec3df2db2143d92e1dad9531a594c684d1d0adfc23fe05fa,colin,LSTM,0,120,2026-02-28,2026-01-31,2016-02-29,2026-01-31,-3.319307735691405,-3.5432987087435324,-3.3680992759218364,ok,[],0.48946858395356685,,0.0023806143980578186,0.04879154023043153,2.9680502411686305e-06,0.001722803018678755,0.004919953757816162,1.0
6896fea73c283c52ec3df2db2143d92e1dad9531a594c684d1d0adfc23fe05fa,colin,LSTM,0,120,2026-03-31,2026-02-28,2016-03-31,2026-02-28,-2.9305511753093016,-3.319307735691405,-3.364570674195352,ok,[],0.4496015419717878,,0.1883729254132983,0.4340194988860504,0.00035309256578753656,0.018790757456460784,0.5141957047204366,0.0
6896fea73c283c52ec3df2db2143d92e1dad9531a594c684d1d0adfc23fe05fa,colin,LSTM,0,120,2026-04-30,2026-03-31,2016-04-30,2026-03-31,-3.237312027686596,-2.9305511753093016,-3.3097364382144896,ok,[],0.5134575829142705,,0.005245295240312883,0.07242441052789372,7.526841001211775e-06,0.0027435088848428713,0.011015993580551914,1.0
6896fea73c283c52ec3df2db2143d92e1dad9531a594c684d1d0adfc23fe05fa,colin,LSTM,0,120,2026-05-31,2026-04-30,2016-05-31,2026-04-30,-3.5119546359486353,-3.237312027686596,-3.235514183881228,ok,[],0.446950291050598,,0.07641932353923264,0.2764404520674075,9.027732086158321e-05,0.00950143783127497,0.1281709693522834,0.0
6896fea73c283c52ec3df2db2143d92e1dad9531a594c684d1d0adfc23fe05fa,colin,LSTM,0,120,2026-06-30,2026-05-31,2016-06-30,2026-05-31,-3.0168147582707263,-3.5119546359486353,-3.2570338735642332,ok,[],0.46255804202519357,,0.057705223352395175,0.24021911529350692,0.00010929610961470538,0.010454477969497347,0.13634454004283192,1.0
6896fea73c283c52ec3df2db2143d92e1dad9531a594c684d1d0adfc23fe05fa,colin,LSTM,0,120,2026-07-31,2026-06-30,2016-07-31,2026-06-30,-3.371829178429884,-3.0168147582707263,-3.2949231467379345,ok,[],0.4245958330575377,,0.005914537710603164,0.07690603169194965,7.530106209860767e-06,0.002744103899246668,0.011245212338509392,1.0
6896fea73c283c52ec3df2db2143d92e1dad9531a594c684d1d0adfc23fe05fa,colin,LSTM,0,120,2026-08-31,2026-07-31,2016-08-31,2026-07-31,-3.507788998946598,-3.371829178429884,-3.3030451374245064,ok,[],0.47146791592240334,,0.041920048830977406,0.20474386152209156,4.6347968679087113e-05,0.00680793424462128,0.07347803300533862,0.0
6896fea73c283c52ec3df2db2143d92e1dad9531a594c684d1d0adfc23fe05fa,colin,LSTM,1,120,2025-09-30,2025-08-31,2015-09-30,2025-08-31,-3.844352655797379,-3.3885720022366694,-3.3609691016226106,ok,[],0.33877883304376155,,0.23365966044663106,0.4833835541747682,0.00017692625362451057,0.01330136284838928,0.3470776639881217,0.0
6896fea73c283c52ec3df2db2143d92e1dad9531a594c684d1d0adfc23fe05fa,colin,LSTM,1,120,2025-10-31,2025-09-30,2015-10-31,2025-09-30,-3.200601249147139,-3.844352655797379,-3.451865823384666,ok,[],0.3420080830110237,,0.06313388626676561,0.2512645742375268,8.192500443036115e-05,0.00905124325329737,0.15036726065960204,1.0
6896fea73c283c52ec3df2db2143d92e1dad9531a594c684d1d0adfc23fe05fa,colin,LSTM,1,120,2025-11-30,2025-10-31,2015-11-30,2025-10-31,-3.1877347547552812,-3.200601249147139,-3.350152431783017,ok,[],0.34191545797511935,,0.02637950181108586,0.16241767702773569,3.8269497280511564e-05,0.006186234499314713,0.0589674356506365,0.0
6896fea73c283c52ec3df2db2143d92e1dad9531a594c684d1d0adfc23fe05fa,colin,LSTM,1,120,2025-12-31,2025-11-30,2015-12-31,2025-11-30,-3.669080341092571,-3.1877347547552812,-3.337197800022623,ok,[],0.342068083002232,,0.11014602106704585,0.3318825410699482,0.00010073109215444293,0.010036488038873106,0.1786740877115946,1.0
6896fea73c283c52ec3df2db2143d92e1dad9531a594c684d1d0adfc23fe05fa,colin,LSTM,1,120,2026-01-31,2025-12-31,2016-01-31,2025-12-31,-3.5432987087435324,-3.669080341092571,-3.3160014466756196,ok,[],0.3406304169911891,,0.05166404534356942,0.2272972620679128,5.446295252183471e-05,0.007379901931722041,0.08929979758419099,1.0
6896fea73c283c52ec3df2db2143d92e1dad9531a594c684d1d0adfc23fe05fa,colin,LSTM,1,120,2026-02-28,2026-01-31,2016-02-29,2026-01-31,-3.319307735691405,-3.5432987087435324,-3.361817282867181,ok,[],0.3398653329350054,,0.0018070616010895382,0.04250954717577615,2.267057982396383e-06,0.0015056752579478694,0.003718760891730191,1.0
6896fea73c283c52ec3df2db2143d92e1dad9531a594c684d1d0adfc23fe05fa,colin,LSTM,1,120,2026-03-31,2026-02-28,2016-03-31,2026-02-28,-2.9305511753093016,-3.319307735691405,-3.370577349085824,ok,[],0.34165233303792775,,0.1936230336084064,0.44002617377652253,0.00036091742605898826,0.018997826877276996,0.530973566867744,0.0
6896fea73c283c52ec3df2db2143d92e1dad9531a594c684d1d0adfc23fe05fa,colin,LSTM,1,120,2026-04-30,2026-03-31,2016-04-30,2026-03-31,-3.237312027686596,-2.9305511753093016,-3.2961957331343,ok,[],0.3401159589411691,,0.0034672907672519716,0.05888370544770405,5.042540290517512e-06,0.0022455601284573773,0.007215011385818815,1.0
6896fea73c283c52ec3df2db2143d92e1dad9531a594c684d1d0adfc23fe05fa,colin,LSTM,1,120,2026-05-31,2026-04-30,2016-05-31,2026-04-30,-3.5119546359486353,-3.237312027686596,-3.2442725726091526,ok,[],0.34086737502366304,,0.07165368703368286,0.26768206333948275,8.387606238554903e-05,0.009158387542878333,0.12082019783188436,1.0
6896fea73c283c52ec3df2db2143d92e1dad9531a594c684d1d0adfc23fe05fa,colin,LSTM,1,120,2026-06-30,2026-05-31,2016-06-30,2026-05-31,-3.0168147582707263,-3.5119546359486353,-3.277510583392976,ok,[],0.33923683303873986,,0.06796231323617062,0.26069582512224976,0.00012622216817456919,0.011234863958881264,0.16297842318357714,1.0
6896fea73c283c52ec3df2db2143d92e1dad9531a594c684d1d0adfc23fe05fa,colin,LSTM,1,120,2026-07-31,2026-06-30,2016-07-31,2026-06-30,-3.371829178429884,-3.0168147582707263,-3.3002489700830124,ok,[],0.34094479109626263,,0.005123726226981566,0.07158020834687173,6.488205839402344e-06,0.002547195681411686,0.009775454918929893,1.0
6896fea73c283c52ec3df2db2143d92e1dad9531a594c684d1d0adfc23fe05fa,colin,LSTM,1,120,2026-08-31,2026-07-31,2016-08-31,2026-07-31,-3.507788998946598,-3.371829178429884,-3.309036505212172,ok,[],0.3398714169161394,,0.039502553765653065,0.19875249373442605,4.340548837862809e-05,0.006588284175612653,0.06949957855599131,0.0
6896fea73c283c52ec3df2db2143d92e1dad9531a594c684d1d0adfc23fe05fa,colin,LSTM,2,120,2025-09-30,2025-08-31,2015-09-30,2025-08-31,-3.844352655797379,-3.3885720022366694,-3.395084020679559,ok,[],0.3326664580963552,,0.2018423065006286,0.44926863511781967,0.0001473185611606018,0.012137485784156528,0.3057020666747966,1.0
6896fea73c283c52ec3df2db2143d92e1dad9531a594c684d1d0adfc23fe05fa,colin,LSTM,2,120,2025-10-31,2025-09-30,2015-10-31,2025-09-30,-3.200601249147139,-3.844352655797379,-3.410496595715319,ok,[],0.3320776670007035,,0.04405605651097634,0.20989534656817987,5.9488930896917734e-05,0.007712906773513974,0.10185233881824385,1.0
6896fea73c283c52ec3df2db2143d92e1dad9531a594c684d1d0adfc23fe05fa,colin,LSTM,2,120,2025-11-30,2025-10-31,2015-11-30,2025-10-31,-3.1877347547552812,-3.200601249147139,-3.3568397485325434,ok,[],0.33188449998851866,,0.02859649892040788,0.16910499377726218,4.121686612707534e-05,0.0064200363026290855,0.06422497882190342,0.0
6896fea73c283c52ec3df2db2143d92e1dad9531a594c684d1d0adfc23fe05fa,colin,LSTM,2,120,2025-12-31,2025-11-30,2015-12-31,2025-11-30,-3.669080341092571,-3.1877347547552812,-3.316622956986845,ok,[],0.3334292499348521,,0.12422620761065137,0.35245738410572613,0.00011610531042809575,0.01077521741906379,0.19906545801988096,1.0
6896fea73c283c52ec3df2db2143d92e1dad9531a594c684d1d0adfc23fe05fa,colin,LSTM,2,120,2026-01-31,2025-12-31,2016-01-31,2025-12-31,-3.5432987087435324,-3.669080341092571,-3.2959667556512167,ok,[],0.33291750005446374,,0.06117309502045946,0.2473319530923157,6.5844272427117e-05,0.008114448374789071,0.10443972092504511,1.0
6896fea73c283c52ec3df2db2143d92e1dad9531a594c684d1d0adfc23fe05fa,colin,LSTM,2,120,2026-02-28,2026-01-31,2016-02-29,2026-01-31,-3.319307735691405,-3.5432987087435324,-3.356502363211774,ok,[],0.33387604204472154,,0.0013834403163789873,0.03719462752036895,1.7447893729148045e-06,0.0013209047554289463,0.0028367845216155096,1.0
6896fea73c283c52ec3df2db2143d92e1dad9531a594c684d1d0adfc23fe05fa,colin,LSTM,2,120,2026-03-31,2026-02-28,2016-03-31,2026-02-28,-2.9305511753093016,-3.319307735691405,-3.3812336088754558,ok,[],0.3361025000922382,,0.2031146559251109,0.4506824335661541,0.0003748923003132044,0.01936213573739231,0.5615975674631601,0.0
6896fea73c283c52ec3df2db2143d92e1dad9531a594c684d1d0adfc23fe05fa,colin,LSTM,2,120,2026-04-30,2026-03-31,2016-04-30,2026-03-31,-3.237312027686596,-2.9305511753093016,-3.304814890132584,ok,[],0.3348583329934627,,0.004556636438401995,0.06750286244598813,6.5705188017621e-06,0.0025633023235198185,0.009537611827547282,1.0
6896fea73c283c52ec3df2db2143d92e1dad9531a594c684d1d0adfc23fe05fa,colin,LSTM,2,120,2026-05-31,2026-04-30,2016-05-31,2026-04-30,-3.5119546359486353,-3.237312027686596,-3.258830256437468,ok,[],0.3350186669267714,,0.06407195150291356,0.2531243795111675,7.387050013890399e-05,0.008594794944552429,0.1090011717742479,1.0
6896fea73c283c52ec3df2db2143d92e1dad9531a594c684d1d0adfc23fe05fa,colin,LSTM,2,120,2026-06-30,2026-05-31,2016-06-30,2026-05-31,-3.0168147582707263,-3.5119546359486353,-3.2711323443083433,ok,[],0.33641491597518325,,0.06467743456800072,0.254317586037617,0.00012085692779649569,0.010993494794490771,0.15438473725451096,1.0
6896fea73c283c52ec3df2db2143d92e1dad9531a594c684d1d0adfc23fe05fa,colin,LSTM,2,120,2026-07-31,2026-06-30,2016-07-31,2026-06-30,-3.371829178429884,-3.0168147582707263,-3.3017935196621235,ok,[],0.3312690840102732,,0.004904993499034207,0.07003565876776063,6.2015240805331445e-06,0.0024902859435280006,0.009367554658301719,1.0
6896fea73c283c52ec3df2db2143d92e1dad9531a594c684d1d0adfc23fe05fa,colin,LSTM,2,120,2026-08-31,2026-07-31,2016-08-31,2026-07-31,-3.507788998946598,-3.371829178429884,-3.286806188523518,ok,[],0.33369083295110613,,0.04883340250248291,0.22098281042308,5.490708775465814e-05,0.007409931697030556,0.08473735387013481,0.0
6896fea73c283c52ec3df2db2143d92e1dad9531a594c684d1d0adfc23fe05fa,colin,LSTM,3,120,2025-09-30,2025-08-31,2015-09-30,2025-08-31,-3.844352655797379,-3.3885720022366694,-3.40353270268357,ok,[],0.3396116669755429,,0.19432223106326044,0.4408199531138086,0.0001405488427166034,0.011855329717751564,0.2957431702607427,1.0
6896fea73c283c52ec3df2db2143d92e1dad9531a594c684d1d0adfc23fe05fa,colin,LSTM,3,120,2025-10-31,2025-09-30,2015-10-31,2025-09-30,-3.200601249147139,-3.844352655797379,-3.3880532377054084,ok,[],0.3506978750228882,,0.035138248014449515,0.18745198855826928,4.8488097076960695e-05,0.006963339506081884,0.07994773173820197,1.0
6896fea73c283c52ec3df2db2143d92e1dad9531a594c684d1d0adfc23fe05fa,colin,LSTM,3,120,2025-11-30,2025-10-31,2015-11-30,2025-10-31,-3.1877347547552812,-3.200601249147139,-3.3801442883400927,ok,[],0.3447634589392692,,0.037021428614324704,0.1924095335848115,5.2167375049315806e-05,0.007222698598814421,0.0845293768464832,0.0
6896fea73c283c52ec3df2db2143d92e1dad9531a594c684d1d0adfc23fe05fa,colin,LSTM,3,120,2025-12-31,2025-11-30,2015-12-31,2025-11-30,-3.669080341092571,-3.1877347547552812,-3.3396039507720525,ok,[],0.3430228750221431,,0.10855469177863877,0.3294763903205187,9.902409058340073e-05,0.009951084894794172,0.1763456553621371,1.0
6896fea73c283c52ec3df2db2143d92e1dad9531a594c684d1d0adfc23fe05fa,colin,LSTM,3,120,2026-01-31,2025-12-31,2016-01-31,2025-12-31,-3.5432987087435324,-3.669080341092571,-3.3065634645203397,ok,[],0.3437944169854745,,0.05604357585741469,0.2367352442231927,5.9661728604435286e-05,0.0077241005045529595,0.09630745308198652,1.0
6896fea73c283c52ec3df2db2143d92e1dad9531a594c684d1d0adfc23fe05fa,colin,LSTM,3,120,2026-02-28,2026-01-31,2016-02-29,2026-01-31,-3.319307735691405,-3.5432987087435324,-3.345907751206049,ok,[],0.34842020797077566,,0.0007075608253792999,0.02660001551464397,9.018266821692879e-07,0.0009496455560730477,0.0014405538338365872,1.0
6896fea73c283c52ec3df2db2143d92e1dad9531a594c684d1d0adfc23fe05fa,colin,LSTM,3,120,2026-03-31,2026-02-28,2016-03-31,2026-02-28,-2.9305511753093016,-3.319307735691405,-3.38576136601118,ok,[],0.3393873750464991,,0.2072163177188405,0.4552101907018784,0.00038086474195945906,0.019515756248720137,0.5749467345211827,0.0
6896fea73c283c52ec3df2db2143d92e1dad9531a594c684d1d0adfc23fe05fa,colin,LSTM,3,120,2026-04-30,2026-03-31,2016-04-30,2026-03-31,-3.237312027686596,-2.9305511753093016,-3.2968977630000156,ok,[],0.3394159160088748,,0.003550459852840912,0.05958573531341971,5.159906619358678e-06,0.0022715427839595445,0.007391603577265177,1.0
6896fea73c283c52ec3df2db2143d92e1dad9531a594c684d1d0adfc23fe05fa,colin,LSTM,3,120,2026-05-31,2026-04-30,2016-05-31,2026-04-30,-3.5119546359486353,-3.237312027686596,-3.239771655324925,ok,[],0.3411371250404045,,0.07408357494120697,0.27218298062371016,8.71292509320692e-05,0.009334305058871239,0.12457550332259387,1.0
6896fea73c283c52ec3df2db2143d92e1dad9531a594c684d1d0adfc23fe05fa,colin,LSTM,3,120,2026-06-30,2026-05-31,2016-06-30,2026-05-31,-3.0168147582707263,-3.5119546359486353,-3.2681002798345524,ok,[],0.3386377500137314,,0.06314441334760412,0.2512855215638261,0.00011833550913433994,0.01087821258913154,0.15039461497841633,1.0
6896fea73c283c52ec3df2db2143d92e1dad9531a594c684d1d0adfc23fe05fa,colin,LSTM,3,120,2026-07-31,2026-06-30,2016-07-31,2026-06-30,-3.371829178429884,-3.0168147582707263,-3.2880714358979897,ok,[],0.34099075000267476,,0.007015359434039128,0.0837577425318945,8.993851650451196e-06,0.0029989751000051995,0.013279005549165862,1.0
6896fea73c283c52ec3df2db2143d92e1dad9531a594c684d1d0adfc23fe05fa,colin,LSTM,3,120,2026-08-31,2026-07-31,2016-08-31,2026-07-31,-3.507788998946598,-3.371829178429884,-3.297421978849565,ok,[],0.33930508291814476,,0.04425428314450554,0.21036702009703312,4.921423741726782e-05,0.00701528598257176,0.07729873820403493,0.0
6896fea73c283c52ec3df2db2143d92e1dad9531a594c684d1d0adfc23fe05fa,colin,LSTM,4,120,2025-09-30,2025-08-31,2015-09-30,2025-08-31,-3.844352655797379,-3.3885720022366694,-3.4124913418660228,ok,[],0.34012691699899733,,0.18650419447051728,0.4318613139313561,0.00013360436632576172,0.01155873549856392,0.2853123636686412,1.0
6896fea73c283c52ec3df2db2143d92e1dad9531a594c684d1d0adfc23fe05fa,colin,LSTM,4,120,2025-10-31,2025-09-30,2015-10-31,2025-09-30,-3.200601249147139,-3.844352655797379,-3.3821629387335364,ok,[],0.33968674996867776,,0.03296464712546725,0.18156168958639718,4.574914389092149e-05,0.006763811343534168,0.07468986533410654,1.0
6896fea73c283c52ec3df2db2143d92e1dad9531a594c684d1d0adfc23fe05fa,colin,LSTM,4,120,2025-11-30,2025-10-31,2015-11-30,2025-10-31,-3.1877347547552812,-3.200601249147139,-3.357172730440177,ok,[],0.34161079197656363,,0.02870922760419535,0.16943797568489583,4.136595699296511e-05,0.006431637193822823,0.0644932970119827,0.0
6896fea73c283c52ec3df2db2143d92e1dad9531a594c684d1d0adfc23fe05fa,colin,LSTM,4,120,2025-12-31,2025-11-30,2015-12-31,2025-11-30,-3.669080341092571,-3.1877347547552812,-3.3610150229310314,ok,[],0.33900966693181545,,0.09490424025397075,0.3080653181615398,8.464201226478662e-05,0.009200109361566667,0.15616060882925364,1.0
6896fea73c283c52ec3df2db2143d92e1dad9531a594c684d1d0adfc23fe05fa,colin,LSTM,4,120,2026-01-31,2025-12-31,2016-01-31,2025-12-31,-3.5432987087435324,-3.669080341092571,-3.3084732877034164,ok,[],0.3392379169818014,,0.055142978366667726,0.23482542104011594,5.858659052199445e-05,0.007654187776766026,0.0948713729566158,1.0
6896fea73c283c52ec3df2db2143d92e1dad9531a594c684d1d0adfc23fe05fa,colin,LSTM,4,120,2026-02-28,2026-01-31,2016-02-29,2026-01-31,-3.319307735691405,-3.5432987087435324,-3.3519664283087964,ok,[],0.339056208031252,,0.001066590203477263,0.032658692617391516,1.351259108895703e-06,0.001162436711780776,0.0021803934218730947,1.0
6896fea73c283c52ec3df2db2143d92e1dad9531a594c684d1d0adfc23fe05fa,colin,LSTM,4,120,2026-03-31,2026-02-28,2016-03-31,2026-02-28,-2.9305511753093016,-3.319307735691405,-3.3622616082212584,ok,[],0.3391408330062404,,0.18637389788502912,0.43171043291195677,0.0003500949707488491,0.01871082496173937,0.507837726550779,0.0
6896fea73c283c52ec3df2db2143d92e1dad9531a594c684d1d0adfc23fe05fa,colin,LSTM,4,120,2026-04-30,2026-03-31,2016-04-30,2026-03-31,-3.237312027686596,-2.9305511753093016,-3.3233230646031,ok,[],0.3391950420336798,,0.0073978984714522375,0.08601103691650414,1.0474383501068474e-05,0.003236415223834617,0.015681976272408166,1.0
6896fea73c283c52ec3df2db2143d92e1dad9531a594c684d1d0adfc23fe05fa,colin,LSTM,4,120,2026-05-31,2026-04-30,2016-05-31,2026-04-30,-3.5119546359486353,-3.237312027686596,-3.2560399603134886,ok,[],0.33958458295091987,,0.06549232120544235,0.2559146756351467,7.572802496790076e-05,0.00870218506858483,0.1112274169072856,1.0
6896fea73c283c52ec3df2db2143d92e1dad9531a594c684d1d0adfc23fe05fa,colin,LSTM,4,120,2026-06-30,2026-05-31,2016-06-30,2026-05-31,-3.0168147582707263,-3.5119546359486353,-3.270402006786752,ok,[],0.33858929108828306,,0.0643064926099285,0.25358724851602554,0.00012024786081471804,0.010965758560843752,0.15341805384235652,1.0
6896fea73c283c52ec3df2db2143d92e1dad9531a594c684d1d0adfc23fe05fa,colin,LSTM,4,120,2026-07-31,2026-06-30,2016-07-31,2026-06-30,-3.371829178429884,-3.0168147582707263,-3.288118825010789,ok,[],0.3391788750886917,,0.007007423269549836,0.08371035341909527,8.983245646846011e-06,0.002997206307020925,0.01326439108814459,1.0
6896fea73c283c52ec3df2db2143d92e1dad9531a594c684d1d0adfc23fe05fa,colin,LSTM,4,120,2026-08-31,2026-07-31,2016-08-31,2026-07-31,-3.507788998946598,-3.371829178429884,-3.2898034450648996,ok,[],0.3384629589272663,,0.047517701701110825,0.21798555388169838,5.326201354527141e-05,0.007298082867799694,0.08260751620105433,0.0
6896fea73c283c52ec3df2db2143d92e1dad9531a594c684d1d0adfc23fe05fa,colin,LSTM,0,571,2025-09-30,2025-08-31,1978-02-28,2025-08-31,-3.844352655797379,-3.3885720022366694,-3.481467243976998,ok,[],2.0167795839952305,,0.13168582211204738,0.3628854118203808,8.764689014875177e-05,0.009361991783202534,0.2097222076169517,1.0
6896fea73c283c52ec3df2db2143d92e1dad9531a594c684d1d0adfc23fe05fa,colin,LSTM,0,571,2025-10-31,2025-09-30,1978-03-31,2025-09-30,-3.200601249147139,-3.844352655797379,-3.4647307093916178,ok,[],2.092090458027087,,0.06976437176903959,0.2641294602444786,8.94211372024632e-05,0.009456275017281551,0.1677179854385188,1.0
6896fea73c283c52ec3df2db2143d92e1dad9531a594c684d1d0adfc23fe05fa,colin,LSTM,0,571,2025-11-30,2025-10-31,1978-04-30,2025-10-31,-3.1877347547552812,-3.200601249147139,-3.4147054199281777,ok,[],2.0801896669436246,,0.051515682849027064,0.22697066517289644,7.021012413394732e-05,0.008379148174722018,0.12056428871912994,0.0
6896fea73c283c52ec3df2db2143d92e1dad9531a594c684d1d0adfc23fe05fa,colin,LSTM,0,571,2025-12-31,2025-11-30,1978-05-31,2025-11-30,-3.669080341092571,-3.1877347547552812,-3.3003638781972335,ok,[],2.0762001669500023,,0.1359518300100489,0.36871646289533766,0.00012927322697335497,0.011369838476133026,0.21577320154455337,1.0
6896fea73c283c52ec3df2db2143d92e1dad9531a594c684d1d0adfc23fe05fa,colin,LSTM,0,571,2026-01-31,2025-12-31,1978-06-30,2025-12-31,-3.5432987087435324,-3.669080341092571,-3.3013990996569227,ok,[],2.1203691250411794,,0.058515420876254574,0.24189960908660968,6.262857879927984e-05,0.007913822009577916,0.10023617699971188,1.0
6896fea73c283c52ec3df2db2143d92e1dad9531a594c684d1d0adfc23fe05fa,colin,LSTM,0,571,2026-02-28,2026-01-31,1978-07-31,2026-01-31,-3.319307735691405,-3.5432987087435324,-3.4449931439107395,ok,[],2.0165843749418855,,0.01579682183926078,0.1256854082193346,1.8257562875755196e-05,0.004272886948627964,0.034415970379680305,1.0
6896fea73c283c52ec3df2db2143d92e1dad9531a594c684d1d0adfc23fe05fa,colin,LSTM,0,571,2026-03-31,2026-02-28,1978-08-31,2026-02-28,-2.9305511753093016,-3.319307735691405,-3.331983529810329,ok,[],2.0986595419235528,,0.16114793524023857,0.40143235450102743,0.00031136142515720725,0.017645436383303396,0.4290608873641284,0.0
6896fea73c283c52ec3df2db2143d92e1dad9531a594c684d1d0adfc23fe05fa,colin,LSTM,0,571,2026-04-30,2026-03-31,1978-09-30,2026-03-31,-3.237312027686596,-2.9305511753093016,-3.2297918436675515,ok,[],2.0718697919510305,,5.655316768029106e-05,0.007520184019044418,8.78681448591008e-08,0.0002964256143775379,0.00011254140749965107,1.0
6896fea73c283c52ec3df2db2143d92e1dad9531a594c684d1d0adfc23fe05fa,colin,LSTM,0,571,2026-05-31,2026-04-30,1978-10-31,2026-04-30,-3.5119546359486353,-3.237312027686596,-3.140166659870162,ok,[],2.2364858330693096,,0.13822629915652757,0.37178797607847347,0.00018055434144253048,0.013437051069432254,0.21898677804103994,0.0
6896fea73c283c52ec3df2db2143d92e1dad9531a594c684d1d0adfc23fe05fa,colin,LSTM,0,571,2026-06-30,2026-05-31,1978-11-30,2026-05-31,-3.0168147582707263,-3.5119546359486353,-3.3065123010534236,ok,[],2.1501894580433145,,0.08392466629433275,0.2896975427826973,0.00015161381905361778,0.012313156340013627,0.2055632714661847,1.0
6896fea73c283c52ec3df2db2143d92e1dad9531a594c684d1d0adfc23fe05fa,colin,LSTM,0,571,2026-07-31,2026-06-30,1978-12-31,2026-06-30,-3.371829178429884,-3.0168147582707263,-3.2256006331072373,ok,[],2.132950083934702,,0.02138278746717738,0.14622854532264684,2.9215322751796003e-05,0.005405120049711755,0.03888436370664178,1.0
6896fea73c283c52ec3df2db2143d92e1dad9531a594c684d1d0adfc23fe05fa,colin,LSTM,0,571,2026-08-31,2026-07-31,1979-01-31,2026-07-31,-3.507788998946598,-3.371829178429884,-3.25515487427311,ok,[],2.002828457974829,,0.06382400094953948,0.252634124673488,7.41623461133267e-05,0.008611756273451236,0.10861195650901068,0.0
6896fea73c283c52ec3df2db2143d92e1dad9531a594c684d1d0adfc23fe05fa,colin,LSTM,1,571,2025-09-30,2025-08-31,1978-02-28,2025-08-31,-3.844352655797379,-3.3885720022366694,-3.5037535469183836,ok,[],1.5720801670104265,,0.11600775296916566,0.34059910887899525,7.54118244230953e-05,0.008683998181891524,0.18720853618315708,1.0
6896fea73c283c52ec3df2db2143d92e1dad9531a594c684d1d0adfc23fe05fa,colin,LSTM,1,571,2025-10-31,2025-09-30,1978-03-31,2025-09-30,-3.200601249147139,-3.844352655797379,-3.658186487763815,ok,[],1.5725764579838142,,0.20938425059988,0.45758523861667566,0.00022375617808274623,0.01495848181075694,0.5820304542920927,1.0
6896fea73c283c52ec3df2db2143d92e1dad9531a594c684d1d0adfc23fe05fa,colin,LSTM,1,571,2025-11-30,2025-10-31,1978-04-30,2025-10-31,-3.1877347547552812,-3.200601249147139,-3.4482382497057875,ok,[],1.5732150840340182,,0.06786207088142845,0.2605034949505063,8.956024508709438e-05,0.009463627480363668,0.1627152977527968,0.0
6896fea73c283c52ec3df2db2143d92e1dad9531a594c684d1d0adfc23fe05fa,colin,LSTM,1,571,2025-12-31,2025-11-30,1978-05-31,2025-11-30,-3.669080341092571,-3.1877347547552812,-3.248032248682118,ok,[],1.5672100420342758,,0.17728149612248167,0.4210480924104534,0.0001782404044320658,0.013350670561139085,0.2729027110074107,1.0
6896fea73c283c52ec3df2db2143d92e1dad9531a594c684d1d0adfc23fe05fa,colin,LSTM,1,571,2026-01-31,2025-12-31,1978-06-30,2025-12-31,-3.5432987087435324,-3.669080341092571,-3.416990162286852,ok,[],1.572278541047126,,0.015953848907999345,0.12630854645668022,1.5157505618196646e-05,0.0038932641341420243,0.029382346720883218,1.0
6896fea73c283c52ec3df2db2143d92e1dad9531a594c684d1d0adfc23fe05fa,colin,LSTM,1,571,2026-02-28,2026-01-31,1978-07-31,2026-01-31,-3.319307735691405,-3.5432987087435324,-3.450331548436206,ok,[],1.5717538329772651,,0.01716723950618471,0.13102381274480113,1.973807045545398e-05,0.004442754827295108,0.03754080900142198,1.0
6896fea73c283c52ec3df2db2143d92e1dad9531a594c684d1d0adfc23fe05fa,colin,LSTM,1,571,2026-03-31,2026-02-28,1978-08-31,2026-02-28,-2.9305511753093016,-3.319307735691405,-3.3739428148399284,ok,[],1.6085202910471708,,0.19659614600565728,0.44339163953062677,0.00036531834386637505,0.01911330279847978,0.5405258246937157,0.0
6896fea73c283c52ec3df2db2143d92e1dad9531a594c684d1d0adfc23fe05fa,colin,LSTM,1,571,2026-04-30,2026-03-31,1978-09-30,2026-03-31,-3.237312027686596,-2.9305511753093016,-3.1523878088138675,ok,[],1.5728509170003235,,0.007212122951143076,0.08492421887272839,1.2114702164524429e-05,0.003480618072199883,0.013641131773973775,1.0
6896fea73c283c52ec3df2db2143d92e1dad9531a594c684d1d0adfc23fe05fa,colin,LSTM,1,571,2026-05-31,2026-04-30,1978-10-31,2026-04-30,-3.5119546359486353,-3.237312027686596,-3.1392398462481594,ok,[],1.5657900829100981,,0.13891631446146996,0.3727147897004759,0.0001816343285514589,0.01347717806335803,0.21995998706178177,0.0
6896fea73c283c52ec3df2db2143d92e1dad9531a594c684d1d0adfc23fe05fa,colin,LSTM,1,571,2026-06-30,2026-05-31,1978-11-30,2026-05-31,-3.0168147582707263,-3.5119546359486353,-3.3290028384897936,ok,[],1.580844416981563,,0.0974613974308668,0.3121880802190673,0.00017234689118686373,0.013128095489706941,0.2427046747170184,1.0
6896fea73c283c52ec3df2db2143d92e1dad9531a594c684d1d0adfc23fe05fa,colin,LSTM,1,571,2026-07-31,2026-06-30,1978-12-31,2026-06-30,-3.371829178429884,-3.0168147582707263,-3.2775284067318604,ok,[],1.7365196249447763,,0.008892635542842798,0.09430077169802376,1.1523197286328017e-05,0.0033945835217781897,0.016717952812630693,1.0
6896fea73c283c52ec3df2db2143d92e1dad9531a594c684d1d0adfc23fe05fa,colin,LSTM,1,571,2026-08-31,2026-07-31,1979-01-31,2026-07-31,-3.507788998946598,-3.371829178429884,-3.131936471032243,ok,[],1.554968166979961,,0.14126512273961098,0.375852527914355,0.0001868724882547599,0.013670131244972007,0.2232668834712549,0.0
6896fea73c283c52ec3df2db2143d92e1dad9531a594c684d1d0adfc23fe05fa,colin,LSTM,2,571,2025-09-30,2025-08-31,1978-02-28,2025-08-31,-3.844352655797379,-3.3885720022366694,-3.4246271484694217,ok,[],1.506961707957089,,0.17616950150171098,0.4197255073279571,0.00012457169109979387,0.011161168894869115,0.27139860590266873,1.0
6896fea73c283c52ec3df2db2143d92e1dad9531a594c684d1d0adfc23fe05fa,colin,LSTM,2,571,2025-10-31,2025-09-30,1978-03-31,2025-09-30,-3.200601249147139,-3.844352655797379,-3.6193712397134696,ok,[],1.5087767080403864,,0.1753683049989245,0.41876999056633046,0.00019427290166126608,0.013938181433073186,0.4731356924087109,1.0
6896fea73c283c52ec3df2db2143d92e1dad9531a594c684d1d0adfc23fe05fa,colin,LSTM,2,571,2025-11-30,2025-10-31,1978-04-30,2025-10-31,-3.1877347547552812,-3.200601249147139,-3.49154225323265,ok,[],1.5386587920365855,,0.09229899613107635,0.30380749847736865,0.00011688577921215508,0.010811372679366625,0.2284321975846434,0.0
6896fea73c283c52ec3df2db2143d92e1dad9531a594c684d1d0adfc23fe05fa,colin,LSTM,2,571,2025-12-31,2025-11-30,1978-05-31,2025-11-30,-3.669080341092571,-3.1877347547552812,-3.312124555938695,ok,[],1.5295749580254778,,0.12741743255482027,0.35695578515387627,0.0001196565812057001,0.010938765067671035,0.20363642319679431,1.0
6896fea73c283c52ec3df2db2143d92e1dad9531a594c684d1d0adfc23fe05fa,colin,LSTM,2,571,2026-01-31,2025-12-31,1978-06-30,2025-12-31,-3.5432987087435324,-3.669080341092571,-3.388259569063791,ok,[],1.5608919590013102,,0.024037134832634387,0.15503913967974148,2.3518788536168e-05,0.0048496173597685,0.04346782407292171,1.0
6896fea73c283c52ec3df2db2143d92e1dad9531a594c684d1d0adfc23fe05fa,colin,LSTM,2,571,2026-02-28,2026-01-31,1978-07-31,2026-01-31,-3.319307735691405,-3.5432987087435324,-3.4593899983164125,ok,[],1.5125656250165775,,0.01962304030214159,0.14008226262500756,2.2362756804431996e-05,0.004728927659039837,0.04318299325918917,1.0
6896fea73c283c52ec3df2db2143d92e1dad9531a594c684d1d0adfc23fe05fa,colin,LSTM,2,571,2026-03-31,2026-02-28,1978-08-31,2026-02-28,-2.9305511753093016,-3.319307735691405,-3.4309837898610525,ok,[],1.5187161249341443,,0.2504328017071012,0.5004326145517508,0.00044152602318469285,0.021012520629012904,0.7197695536805373,0.0
6896fea73c283c52ec3df2db2143d92e1dad9531a594c684d1d0adfc23fe05fa,colin,LSTM,2,571,2026-04-30,2026-03-31,1978-09-30,2026-03-31,-3.237312027686596,-2.9305511753093016,-3.1599008703696034,ok,[],1.5080272919731215,,0.0059924872771561525,0.07741115731699244,9.989637384230985e-06,0.00316063876205918,0.011389678082079496,1.0
6896fea73c283c52ec3df2db2143d92e1dad9531a594c684d1d0adfc23fe05fa,colin,LSTM,2,571,2026-05-31,2026-04-30,1978-10-31,2026-04-30,-3.5119546359486353,-3.237312027686596,-3.2122008372474062,ok,[],1.515746625023894,,0.08985233983581697,0.2997537987012291,0.000108771522307788,0.01042935867193127,0.14858953631510202,0.0
6896fea73c283c52ec3df2db2143d92e1dad9531a594c684d1d0adfc23fe05fa,colin,LSTM,2,571,2026-06-30,2026-05-31,1978-11-30,2026-05-31,-3.0168147582707263,-3.5119546359486353,-3.425752535055233,ok,[],1.5091539589921013,,0.16723010528145513,0.4089377767845068,0.0002700143750041857,0.016432114136780626,0.4478058487529766,1.0
6896fea73c283c52ec3df2db2143d92e1dad9531a594c684d1d0adfc23fe05fa,colin,LSTM,2,571,2026-07-31,2026-06-30,1978-12-31,2026-06-30,-3.371829178429884,-3.0168147582707263,-3.2049658197782707,ok,[],1.5112209590151906,,0.027843380460497,0.1668633586516135,3.8856496271392696e-05,0.0062334979162098625,0.04997621138019004,1.0
6896fea73c283c52ec3df2db2143d92e1dad9531a594c684d1d0adfc23fe05fa,colin,LSTM,2,571,2026-08-31,2026-07-31,1979-01-31,2026-07-31,-3.507788998946598,-3.371829178429884,-3.2928629784492074,ok,[],1.508113665971905,,0.04619319428684478,0.21492602049739062,5.161352399862629e-05,0.007184255284900885,0.08045739151741937,0.0
6896fea73c283c52ec3df2db2143d92e1dad9531a594c684d1d0adfc23fe05fa,colin,LSTM,3,571,2025-09-30,2025-08-31,1978-02-28,2025-08-31,-3.844352655797379,-3.3885720022366694,-3.5054541031343205,ok,[],1.532127125072293,,0.11485222899711574,0.33889855266305835,7.452664647202547e-05,0.008632881701496058,0.18553135171053858,1.0
6896fea73c283c52ec3df2db2143d92e1dad9531a594c684d1d0adfc23fe05fa,colin,LSTM,3,571,2025-10-31,2025-09-30,1978-03-31,2025-09-30,-3.200601249147139,-3.844352655797379,-3.556536631123131,ok,[],1.5394549169577658,,0.1266899961423952,0.35593538197599184,0.000148845209246755,0.012200213491851485,0.32592917367897956,1.0
6896fea73c283c52ec3df2db2143d92e1dad9531a594c684d1d0adfc23fe05fa,colin,LSTM,3,571,2025-11-30,2025-10-31,1978-04-30,2025-10-31,-3.1877347547552812,-3.200601249147139,-3.313358979421213,ok,[],1.5342186669586226,,0.01578144582291651,0.12562422466593182,2.3731693359933528e-05,0.004871518588688083,0.03438100910351993,0.0
6896fea73c283c52ec3df2db2143d92e1dad9531a594c684d1d0adfc23fe05fa,colin,LSTM,3,571,2025-12-31,2025-11-30,1978-05-31,2025-11-30,-3.669080341092571,-3.1877347547552812,-3.3003743625142246,ok,[],1.5404157920274884,,0.1359440986394162,0.36870597857834664,0.00012926443705271455,0.011369451924024946,0.2157622631578925,1.0
6896fea73c283c52ec3df2db2143d92e1dad9531a594c684d1d0adfc23fe05fa,colin,LSTM,3,571,2026-01-31,2025-12-31,1978-06-30,2025-12-31,-3.5432987087435324,-3.669080341092571,-3.370312724924972,ok,[],1.5319157920312136,,0.029924150597675298,0.17298598381856056,2.9823681813854245e-05,0.005461106281135192,0.05350428826839171,1.0
6896fea73c283c52ec3df2db2143d92e1dad9531a594c684d1d0adfc23fe05fa,colin,LSTM,3,571,2026-02-28,2026-01-31,1978-07-31,2026-01-31,-3.319307735691405,-3.5432987087435324,-3.428771179603276,ok,[],1.5307955840835348,,0.011982245553047357,0.10946344391187113,1.4070786961110066e-05,0.003751104765413793,0.02581337986705004,1.0
6896fea73c283c52ec3df2db2143d92e1dad9531a594c684d1d0adfc23fe05fa,colin,LSTM,3,571,2026-03-31,2026-02-28,1978-08-31,2026-02-28,-2.9305511753093016,-3.319307735691405,-3.424211759830239,ok,[],1.5878462919499725,,0.24370077270955337,0.4936605845209372,0.0004323350164098993,0.020792667371212846,0.6967135888018474,0.0
6896fea73c283c52ec3df2db2143d92e1dad9531a594c684d1d0adfc23fe05fa,colin,LSTM,3,571,2026-04-30,2026-03-31,1978-09-30,2026-03-31,-3.237312027686596,-2.9305511753093016,-3.1345137258349656,ok,[],1.5370357080828398,,0.010567490863578898,0.1027983018516303,1.8076133211470935e-05,0.004251603604696813,0.01975804346116994,1.0
6896fea73c283c52ec3df2db2143d92e1dad9531a594c684d1d0adfc23fe05fa,colin,LSTM,3,571,2026-05-31,2026-04-30,1978-10-31,2026-04-30,-3.5119546359486353,-3.237312027686596,-3.21837966462287,ok,[],1.5353041669586673,,0.08618626378892383,0.29357497132576515,0.0001036592241218157,0.01018131740600477,0.1430593454299917,0.0
6896fea73c283c52ec3df2db2143d92e1dad9531a594c684d1d0adfc23fe05fa,colin,LSTM,3,571,2026-06-30,2026-05-31,1978-11-30,2026-05-31,-3.0168147582707263,-3.5119546359486353,-3.313533438455943,ok,[],1.5378847910324112,,0.088041975170857,0.29671868018521685,0.0001579932371800292,0.012569536076563415,0.2167626830010544,1.0
6896fea73c283c52ec3df2db2143d92e1dad9531a594c684d1d0adfc23fe05fa,colin,LSTM,3,571,2026-07-31,2026-06-30,1978-12-31,2026-06-30,-3.371829178429884,-3.0168147582707263,-3.2236245490407773,ok,[],1.528941958094947,,0.021964612172362508,0.14820462938910683,3.0071089293379833e-05,0.005483711270059706,0.03989234754535437,1.0
6896fea73c283c52ec3df2db2143d92e1dad9531a594c684d1d0adfc23fe05fa,colin,LSTM,3,571,2026-08-31,2026-07-31,1979-01-31,2026-07-31,-3.507788998946598,-3.371829178429884,-3.2072350453477987,ok,[],1.545905083999969,,0.09033267902386923,0.30055395359879933,0.00011036053402753642,0.010505262206510432,0.149311847627231,0.0
6896fea73c283c52ec3df2db2143d92e1dad9531a594c684d1d0adfc23fe05fa,colin,LSTM,4,571,2025-09-30,2025-08-31,1978-02-28,2025-08-31,-3.844352655797379,-3.3885720022366694,-3.4326094880536737,ok,[],1.5295185419963673,,0.1695324361836209,0.4117431677437051,0.00011885986627977444,0.01090228720405835,0.26238517099971137,1.0
6896fea73c283c52ec3df2db2143d92e1dad9531a594c684d1d0adfc23fe05fa,colin,LSTM,4,571,2025-10-31,2025-09-30,1978-03-31,2025-09-30,-3.200601249147139,-3.844352655797379,-3.5638303607674153,ok,[],1.527208250015974,,0.13193538752845504,0.36322911162027616,0.0001539485623826457,0.01240760099224043,0.3412859119064453,1.0
6896fea73c283c52ec3df2db2143d92e1dad9531a594c684d1d0adfc23fe05fa,colin,LSTM,4,571,2025-11-30,2025-10-31,1978-04-30,2025-10-31,-3.1877347547552812,-3.200601249147139,-3.404017078128554,ok,[],1.5384117499925196,,0.0467780434037409,0.2162823233732727,6.441290702880523e-05,0.008025765198957993,0.10864045922157162,0.0
6896fea73c283c52ec3df2db2143d92e1dad9531a594c684d1d0adfc23fe05fa,colin,LSTM,4,571,2025-12-31,2025-11-30,1978-05-31,2025-11-30,-3.669080341092571,-3.1877347547552812,-3.183787709142832,ok,[],1.5710319170029834,,0.23550893862470487,0.48529263194973904,0.00025371801386547284,0.015928528301932757,0.3494465032974893,0.0
6896fea73c283c52ec3df2db2143d92e1dad9531a594c684d1d0adfc23fe05fa,colin,LSTM,4,571,2026-01-31,2025-12-31,1978-06-30,2025-12-31,-3.5432987087435324,-3.669080341092571,-3.4264170310661215,ok,[],1.5351805420359597,,0.013661326576686166,0.11688167767741087,1.2855179664606092e-05,0.003585412063432332,0.02531246494668693,1.0
6896fea73c283c52ec3df2db2143d92e1dad9531a594c684d1d0adfc23fe05fa,colin,LSTM,4,571,2026-02-28,2026-01-31,1978-07-31,2026-01-31,-3.319307735691405,-3.5432987087435324,-3.3886544084416714,ok,[],1.538968333043158,,0.004808961021532557,0.06934667275026651,5.8748170697897e-06,0.0024238021927933187,0.010078424451918755,1.0
6896fea73c283c52ec3df2db2143d92e1dad9531a594c684d1d0adfc23fe05fa,colin,LSTM,4,571,2026-03-31,2026-02-28,1978-08-31,2026-02-28,-2.9305511753093016,-3.319307735691405,-3.341295909848057,ok,[],1.526427417062223,,0.16871123695131263,0.4107447345387554,0.00032315637734171333,0.017976550763194626,0.45239472757683385,0.0
6896fea73c283c52ec3df2db2143d92e1dad9531a594c684d1d0adfc23fe05fa,colin,LSTM,4,571,2026-04-30,2026-03-31,1978-09-30,2026-03-31,-3.237312027686596,-2.9305511753093016,-3.227614041342185,ok,[],1.5363346670055762,,9.405093913637561e-05,0.009697986344410658,1.4644846454569767e-07,0.00038268585621328843,0.00018689161289221767,1.0
6896fea73c283c52ec3df2db2143d92e1dad9531a594c684d1d0adfc23fe05fa,colin,LSTM,4,571,2026-05-31,2026-04-30,1978-10-31,2026-04-30,-3.5119546359486353,-3.237312027686596,-3.204761375596947,ok,[],1.5290465829893947,,0.09436769920550026,0.3071932603516885,0.00011513391309186472,0.010730047208277544,0.1553591897666327,0.0
6896fea73c283c52ec3df2db2143d92e1dad9531a594c684d1d0adfc23fe05fa,colin,LSTM,4,571,2026-06-30,2026-05-31,1978-11-30,2026-05-31,-3.0168147582707263,-3.5119546359486353,-3.361212128090462,ok,[],1.5233632089802995,,0.1186095483387517,0.34439736981973557,0.0002034539648792658,0.01426372899627814,0.3025192948075869,1.0
6896fea73c283c52ec3df2db2143d92e1dad9531a594c684d1d0adfc23fe05fa,colin,LSTM,4,571,2026-07-31,2026-06-30,1978-12-31,2026-06-30,-3.371829178429884,-3.0168147582707263,-3.212919432333968,ok,[],1.5307382500031963,,0.02525230740426853,0.15890974609591613,3.4953832468072926e-05,0.005912176626934697,0.04555363044546029,1.0
6896fea73c283c52ec3df2db2143d92e1dad9531a594c684d1d0adfc23fe05fa,colin,LSTM,4,571,2026-08-31,2026-07-31,1979-01-31,2026-07-31,-3.507788998946598,-3.371829178429884,-3.360297685962508,ok,[],1.5305002919631079,,0.021753687405770734,0.1474913129840898,2.2675030745158995e-05,0.004761830608616711,0.03952714906195254,0.0
6896fea73c283c52ec3df2db2143d92e1dad9531a594c684d1d0adfc23fe05fa,colin,LSTMX,0,120,2025-09-30,2025-08-31,2015-09-30,2025-08-31,-3.844352655797379,-3.3885720022366694,-3.3370235506742327,ok,[],0.32726083404850215,,0.2573828209050522,0.5073291051231461,0.00020000580196245113,0.014142340752592943,0.37718452668639857,0.0
6896fea73c283c52ec3df2db2143d92e1dad9531a594c684d1d0adfc23fe05fa,colin,LSTMX,0,120,2025-10-31,2025-09-30,2015-10-31,2025-09-30,-3.200601249147139,-3.844352655797379,-3.452118495424149,ok,[],0.32720745902042836,,0.06326092517476993,0.25151724627700967,8.206998382567024e-05,0.00905924852433524,0.1506974090819504,1.0
6896fea73c283c52ec3df2db2143d92e1dad9531a594c684d1d0adfc23fe05fa,colin,LSTMX,0,120,2025-11-30,2025-10-31,2015-11-30,2025-10-31,-3.1877347547552812,-3.200601249147139,-3.3614402668281853,ok,[],0.33131883398164064,,0.030173604924509826,0.17370551207290408,4.3296059472529474e-05,0.006579974124001513,0.06798734458718547,0.0
6896fea73c283c52ec3df2db2143d92e1dad9531a594c684d1d0adfc23fe05fa,colin,LSTMX,0,120,2025-12-31,2025-11-30,2015-12-31,2025-11-30,-3.669080341092571,-3.1877347547552812,-3.25636329664949,ok,[],0.33324099995661527,,0.1703353587738321,0.412717044443081,0.00016973787792949008,0.01302834901011982,0.2634788896943836,1.0
6896fea73c283c52ec3df2db2143d92e1dad9531a594c684d1d0adfc23fe05fa,colin,LSTMX,0,120,2026-01-31,2025-12-31,2016-01-31,2025-12-31,-3.5432987087435324,-3.669080341092571,-3.2587692377125803,ok,[],0.3302143750479445,,0.08095701988515339,0.28452947103095205,9.059034141035868e-05,0.009517895849942816,0.13511682345514248,1.0
6896fea73c283c52ec3df2db2143d92e1dad9531a594c684d1d0adfc23fe05fa,colin,LSTMX,0,120,2026-02-28,2026-01-31,2016-02-29,2026-01-31,-3.319307735691405,-3.5432987087435324,-3.3637438809574434,ok,[],0.32532070903107524,,0.0019745710061044716,0.04443614526603845,2.4724742499243706e-06,0.0015724103312826365,0.004068777958770656,1.0
6896fea73c283c52ec3df2db2143d92e1dad9531a594c684d1d0adfc23fe05fa,colin,LSTMX,0,120,2026-03-31,2026-02-28,2016-03-31,2026-02-28,-2.9305511753093016,-3.319307735691405,-3.310011337005993,ok,[],0.3292912079486996,,0.14399001431487926,0.3794601616966915,0.000283985028856672,0.016851855353541105,0.37704849613724756,1.0
6896fea73c283c52ec3df2db2143d92e1dad9531a594c684d1d0adfc23fe05fa,colin,LSTMX,0,120,2026-04-30,2026-03-31,2016-04-30,2026-03-31,-3.237312027686596,-2.9305511753093016,-3.1971958924562562,ok,[],0.32936966593842953,,0.0016093043058188967,0.04011613523033963,2.5835991421945463e-06,0.0016073578139899486,0.0031342290872150153,1.0
6896fea73c283c52ec3df2db2143d92e1dad9531a594c684d1d0adfc23fe05fa,colin,LSTMX,0,120,2026-05-31,2026-04-30,2016-05-31,2026-04-30,-3.5119546359486353,-3.237312027686596,-3.267727247836013,ok,[],0.3283753750147298,,0.05964701710431352,0.24422738811262246,6.813463350825502e-05,0.008254370570083162,0.10202854704494191,1.0
6896fea73c283c52ec3df2db2143d92e1dad9531a594c684d1d0adfc23fe05fa,colin,LSTMX,0,120,2026-06-30,2026-05-31,2016-06-30,2026-05-31,-3.0168147582707263,-3.5119546359486353,-3.3630777074558367,ok,[],0.32786820898763835,,0.11989802997837032,0.34626294918511036,0.00020530280421854777,0.014328391543315243,0.30623192316196524,1.0
6896fea73c283c52ec3df2db2143d92e1dad9531a594c684d1d0adfc23fe05fa,colin,LSTMX,0,120,2026-07-31,2026-06-30,2016-07-31,2026-06-30,-3.371829178429884,-3.0168147582707263,-3.441630823451732,ok,[],0.33008350001182407,,0.004872269647756069,0.06980164502184794,5.356234225966919e-06,0.0023143539543395084,0.010214274247429822,1.0
6896fea73c283c52ec3df2db2143d92e1dad9531a594c684d1d0adfc23fe05fa,colin,LSTMX,0,120,2026-08-31,2026-07-31,2016-08-31,2026-07-31,-3.507788998946598,-3.371829178429884,-3.302266572044757,ok,[],0.3275743330596015,,0.042239467959622655,0.2055224269018412,4.673874458188352e-05,0.006836574038353093,0.07400204858564546,0.0
6896fea73c283c52ec3df2db2143d92e1dad9531a594c684d1d0adfc23fe05fa,colin,LSTMX,1,120,2025-09-30,2025-08-31,2015-09-30,2025-08-31,-3.844352655797379,-3.3885720022366694,-3.3555053046659316,ok,[],0.3228779579512775,,0.23897173270823252,0.4888473511314473,0.00018202014961311906,0.013491484336911157,0.3538720029841803,0.0
6896fea73c283c52ec3df2db2143d92e1dad9531a594c684d1d0adfc23fe05fa,colin,LSTMX,1,120,2025-10-31,2025-09-30,2015-10-31,2025-09-30,-3.200601249147139,-3.844352655797379,-3.4790510282832567,ok,[],0.3238064160104841,,0.07753427950095265,0.27844977913611757,9.803064919376519e-05,0.009901042833649655,0.18835348964176535,1.0
6896fea73c283c52ec3df2db2143d92e1dad9531a594c684d1d0adfc23fe05fa,colin,LSTMX,1,120,2025-11-30,2025-10-31,2015-11-30,2025-10-31,-3.1877347547552812,-3.200601249147139,-3.363400834105499,ok,[],0.3223077500006184,,0.03085857143427695,0.1756660793502176,4.419471142104398e-05,0.006647910304828426,0.06962707280535524,0.0
6896fea73c283c52ec3df2db2143d92e1dad9531a594c684d1d0adfc23fe05fa,colin,LSTMX,1,120,2025-12-31,2025-11-30,2015-12-31,2025-11-30,-3.669080341092571,-3.1877347547552812,-3.27593688741263,ok,[],0.32327245897613466,,0.15456177517139225,0.3931434536799414,0.00015083635461839634,0.012281545286257602,0.24182000287922534,1.0
6896fea73c283c52ec3df2db2143d92e1dad9531a594c684d1d0adfc23fe05fa,colin,LSTMX,1,120,2026-01-31,2025-12-31,2016-01-31,2025-12-31,-3.5432987087435324,-3.669080341092571,-3.245515173858924,ok,[],0.32426829205360264,,0.08867503364837286,0.2977835348846085,0.00010061525735242214,0.01003071569492537,0.14681694984582028,1.0
6896fea73c283c52ec3df2db2143d92e1dad9531a594c684d1d0adfc23fe05fa,colin,LSTMX,1,120,2026-02-28,2026-01-31,2016-02-29,2026-01-31,-3.319307735691405,-3.5432987087435324,-3.334983302587788,ok,[],0.3259297920158133,,0.00024572339752298024,0.015675566896383053,3.166164867951609e-07,0.0005626868461188345,0.0004966231068347579,1.0
6896fea73c283c52ec3df2db2143d92e1dad9531a594c684d1d0adfc23fe05fa,colin,LSTMX,1,120,2026-03-31,2026-02-28,2016-03-31,2026-02-28,-2.9305511753093016,-3.319307735691405,-3.317084266934448,ok,[],0.32607829198241234,,0.14940783092129364,0.38653309162514615,0.0002927253247775393,0.01710921753843639,0.39333247253028003,1.0
6896fea73c283c52ec3df2db2143d92e1dad9531a594c684d1d0adfc23fe05fa,colin,LSTMX,1,120,2026-04-30,2026-03-31,2016-04-30,2026-03-31,-3.237312027686596,-2.9305511753093016,-3.2354462455071267,ok,[],0.32523800001945347,,3.4811431412248374e-06,0.0018657821794691998,5.378223012753495e-09,7.33363689635197e-05,6.953634282213204e-06,1.0
6896fea73c283c52ec3df2db2143d92e1dad9531a594c684d1d0adfc23fe05fa,colin,LSTMX,1,120,2026-05-31,2026-04-30,2016-05-31,2026-04-30,-3.5119546359486353,-3.237312027686596,-3.223775103832768,ok,[],0.323540750076063,,0.08304744273052021,0.28817953211586733,9.932064153503614e-05,0.009965974188960964,0.1382997004167142,0.0
6896fea73c283c52ec3df2db2143d92e1dad9531a594c684d1d0adfc23fe05fa,colin,LSTMX,1,120,2026-06-30,2026-05-31,2016-06-30,2026-05-31,-3.0168147582707263,-3.5119546359486353,-3.3540922284218873,ok,[],0.3228521660203114,,0.11375609187156725,0.33727747015116094,0.000196443647241505,0.014015835588415876,0.2886041182321504,1.0
6896fea73c283c52ec3df2db2143d92e1dad9531a594c684d1d0adfc23fe05fa,colin,LSTMX,1,120,2026-07-31,2026-06-30,2016-07-31,2026-06-30,-3.371829178429884,-3.0168147582707263,-3.406220462187378,ok,[],0.3215301249874756,,0.0011827603984884557,0.034391283757493785,1.3466974043265853e-06,0.001160472922702889,0.0024207019211191783,1.0
6896fea73c283c52ec3df2db2143d92e1dad9531a594c684d1d0adfc23fe05fa,colin,LSTMX,1,120,2026-08-31,2026-07-31,2016-08-31,2026-07-31,-3.507788998946598,-3.371829178429884,-3.290834682484132,ok,[],0.3221756670391187,,0.047069175431695795,0.21695431646246588,5.270291825030541e-05,0.007259677558287655,0.08188008896241639,0.0
6896fea73c283c52ec3df2db2143d92e1dad9531a594c684d1d0adfc23fe05fa,colin,LSTMX,2,120,2025-09-30,2025-08-31,2015-09-30,2025-08-31,-3.844352655797379,-3.3885720022366694,-3.340029614041886,ok,[],0.33175758307334036,,0.25434173044551245,0.5043230417554927,0.00019699969266796094,0.014035657899363355,0.37335851913832885,0.0
6896fea73c283c52ec3df2db2143d92e1dad9531a594c684d1d0adfc23fe05fa,colin,LSTMX,2,120,2025-10-31,2025-09-30,2015-10-31,2025-09-30,-3.200601249147139,-3.844352655797379,-3.440541293230029,ok,[],0.3297834999393672,,0.05757122475449922,0.23994004408289005,7.552252164536833e-05,0.008690369476919167,0.13600053919949018,1.0
6896fea73c283c52ec3df2db2143d92e1dad9531a594c684d1d0adfc23fe05fa,colin,LSTMX,2,120,2025-11-30,2025-10-31,2015-11-30,2025-10-31,-3.1877347547552812,-3.200601249147139,-3.4184319655594515,ok,[],0.3273906670510769,,0.053221203072823776,0.23069721080417027,7.227501999243637e-05,0.00850147163686596,0.12488997114203482,0.0
6896fea73c283c52ec3df2db2143d92e1dad9531a594c684d1d0adfc23fe05fa,colin,LSTMX,2,120,2025-12-31,2025-11-30,2015-12-31,2025-11-30,-3.669080341092571,-3.1877347547552812,-3.219000965247756,ok,[],0.32820600003469735,,0.2025714445608586,0.4500793758448154,0.0002101074692078526,0.014495084311857333,0.3066638729327268,1.0
6896fea73c283c52ec3df2db2143d92e1dad9531a594c684d1d0adfc23fe05fa,colin,LSTMX,2,120,2026-01-31,2025-12-31,2016-01-31,2025-12-31,-3.5432987087435324,-3.669080341092571,-3.2445275511983733,ok,[],0.3279900409979746,,0.08926420458087424,0.29877115754515904,0.00010138881102470459,0.010069201111543288,0.1477044160894817,1.0
6896fea73c283c52ec3df2db2143d92e1dad9531a594c684d1d0adfc23fe05fa,colin,LSTMX,2,120,2026-02-28,2026-01-31,2016-02-29,2026-01-31,-3.319307735691405,-3.5432987087435324,-3.355777058162338,ok,[],0.3290479159913957,,0.0013300114814888935,0.03646932247093293,1.6786147388749537e-06,0.001295613653399405,0.0027258924879303703,1.0
6896fea73c283c52ec3df2db2143d92e1dad9531a594c684d1d0adfc23fe05fa,colin,LSTMX,2,120,2026-03-31,2026-02-28,2016-03-31,2026-02-28,-2.9305511753093016,-3.319307735691405,-3.2968623260085863,ok,[],0.3284001250285655,,0.13418385912663403,0.36631115069928466,0.0002679290566145784,0.01636853862183727,0.3479069339048533,1.0
6896fea73c283c52ec3df2db2143d92e1dad9531a594c684d1d0adfc23fe05fa,colin,LSTMX,2,120,2026-04-30,2026-03-31,2016-04-30,2026-03-31,-3.237312027686596,-2.9305511753093016,-3.1704732556233073,ok,[],0.3216050830669701,,0.004467421450928247,0.06683877206328859,7.368054181123054e-06,0.002714415992644284,0.008549670906938617,1.0
6896fea73c283c52ec3df2db2143d92e1dad9531a594c684d1d0adfc23fe05fa,colin,LSTMX,2,120,2026-05-31,2026-04-30,2016-05-31,2026-04-30,-3.5119546359486353,-3.237312027686596,-3.2440760965087416,ok,[],0.30929412494879216,,0.07175891189245069,0.2678785394398937,8.401647734469525e-05,0.009166050258682595,0.1209831389756974,1.0
6896fea73c283c52ec3df2db2143d92e1dad9531a594c684d1d0adfc23fe05fa,colin,LSTMX,2,120,2026-06-30,2026-05-31,2016-06-30,2026-05-31,-3.0168147582707263,-3.5119546359486353,-3.322715393590303,ok,[],0.3078190829837695,,0.09357519868892071,0.3059006353195768,0.00016646454864278817,0.012902114115244376,0.2319482306876789,1.0
6896fea73c283c52ec3df2db2143d92e1dad9531a594c684d1d0adfc23fe05fa,colin,LSTMX,2,120,2026-07-31,2026-06-30,2016-07-31,2026-06-30,-3.371829178429884,-3.0168147582707263,-3.3615948056606326,ok,[],0.3068114999914542,,0.0001047423859799975,0.010234372769251543,1.2469165028634236e-07,0.00035311704898849383,0.00020806275926804965,1.0
6896fea73c283c52ec3df2db2143d92e1dad9531a594c684d1d0adfc23fe05fa,colin,LSTMX,2,120,2026-08-31,2026-07-31,2016-08-31,2026-07-31,-3.507788998946598,-3.371829178429884,-3.296042033047212,ok,[],0.30497358401771635,,0.04483677756759574,0.21174696589938602,4.993329329289214e-05,0.007066349361083992,0.07824908063914898,0.0
6896fea73c283c52ec3df2db2143d92e1dad9531a594c684d1d0adfc23fe05fa,colin,LSTMX,3,120,2025-09-30,2025-08-31,2015-09-30,2025-08-31,-3.844352655797379,-3.3885720022366694,-3.350151383351318,ok,[],0.2559553339378908,,0.24423489768730552,0.4942012724460607,0.00018710937546128774,0.013678792909510976,0.3605732873561359,0.0
6896fea73c283c52ec3df2db2143d92e1dad9531a594c684d1d0adfc23fe05fa,colin,LSTMX,3,120,2025-10-31,2025-09-30,2015-10-31,2025-09-30,-3.200601249147139,-3.844352655797379,-3.404731898860999,ok,[],0.25449129205662757,,0.04166932215260251,0.20413064971385975,5.658016871556967e-05,0.007521979042484077,0.0959388570354931,1.0
6896fea73c283c52ec3df2db2143d92e1dad9531a594c684d1d0adfc23fe05fa,colin,LSTMX,3,120,2025-11-30,2025-10-31,2015-11-30,2025-10-31,-3.1877347547552812,-3.200601249147139,-3.392406745492743,ok,[],0.2524520830484107,,0.0418906237924356,0.20467199073746167,5.833285424515461e-05,0.007637594794511857,0.09648562742337197,0.0
6896fea73c283c52ec3df2db2143d92e1dad9531a594c684d1d0adfc23fe05fa,colin,LSTMX,3,120,2025-12-31,2025-11-30,2015-12-31,2025-11-30,-3.669080341092571,-3.1877347547552812,-3.259817879098018,ok,[],0.250111083034426,,0.16749576279784317,0.4092624619945533,0.00016629339405591583,0.01289547959774726,0.25960672805523,1.0
6896fea73c283c52ec3df2db2143d92e1dad9531a594c684d1d0adfc23fe05fa,colin,LSTMX,3,120,2026-01-31,2025-12-31,2016-01-31,2025-12-31,-3.5432987087435324,-3.669080341092571,-3.2410150953200554,ok,[],0.2547360829776153,,0.09137538294435407,0.302283613423477,0.00010417023222613386,0.010206381936128682,0.150878030983306,1.0
6896fea73c283c52ec3df2db2143d92e1dad9531a594c684d1d0adfc23fe05fa,colin,LSTMX,3,120,2026-02-28,2026-01-31,2016-02-29,2026-01-31,-3.319307735691405,-3.5432987087435324,-3.3339271124941168,ok,[],0.2563033750047907,,0.0002137261780996696,0.014619376802711859,2.75678104050218e-07,0.0005250505728500998,0.0004316490457763715,1.0
6896fea73c283c52ec3df2db2143d92e1dad9531a594c684d1d0adfc23fe05fa,colin,LSTMX,3,120,2026-03-31,2026-02-28,2016-03-31,2026-02-28,-2.9305511753093016,-3.319307735691405,-3.3021539704802736,ok,[],0.2543008750071749,,0.13808863737887933,0.37160279517097194,0.00027435971817295736,0.016563807478142137,0.3594594150279198,1.0
6896fea73c283c52ec3df2db2143d92e1dad9531a594c684d1d0adfc23fe05fa,colin,LSTMX,3,120,2026-04-30,2026-03-31,2016-04-30,2026-03-31,-3.237312027686596,-2.9305511753093016,-3.2123776028318742,ok,[],0.2537150839343667,,0.0006217255428357601,0.024934424854721637,9.830069639994723e-07,0.0009914670766089373,0.0012230364066869934,1.0
6896fea73c283c52ec3df2db2143d92e1dad9531a594c684d1d0adfc23fe05fa,colin,LSTMX,3,120,2026-05-31,2026-04-30,2016-05-31,2026-04-30,-3.5119546359486353,-3.237312027686596,-3.247579116501768,ok,[],0.25424370798282325,,0.06989441528280103,0.26437551944686755,8.153467766837795e-05,0.009029655456792244,0.11809161256093603,1.0
6896fea73c283c52ec3df2db2143d92e1dad9531a594c684d1d0adfc23fe05fa,colin,LSTMX,3,120,2026-06-30,2026-05-31,2016-06-30,2026-05-31,-3.0168147582707263,-3.5119546359486353,-3.3530299574243614,ok,[],0.2544394159922376,,0.11304066014191849,0.33621519915363507,0.0001954040251038155,0.013978698977509155,0.2865622737630289,1.0
6896fea73c283c52ec3df2db2143d92e1dad9531a594c684d1d0adfc23fe05fa,colin,LSTMX,3,120,2026-07-31,2026-06-30,2016-07-31,2026-06-30,-3.371829178429884,-3.0168147582707263,-3.387881923965776,ok,[],0.25410400005057454,,0.0002576906392400962,0.016052745535891866,2.988152362744241e-07,0.0005466399512242259,0.0005209413569232796,1.0
6896fea73c283c52ec3df2db2143d92e1dad9531a594c684d1d0adfc23fe05fa,colin,LSTMX,3,120,2026-08-31,2026-07-31,2016-08-31,2026-07-31,-3.507788998946598,-3.371829178429884,-3.3121123941309856,ok,[],0.2542652500560507,,0.03828933367216536,0.19567660481561244,4.193895083995959e-05,0.006476028940636352,0.06749450387165884,0.0
6896fea73c283c52ec3df2db2143d92e1dad9531a594c684d1d0adfc23fe05fa,colin,LSTMX,4,120,2025-09-30,2025-08-31,2015-09-30,2025-08-31,-3.844352655797379,-3.3885720022366694,-3.3709153634656133,ok,[],0.21207570901606232,,0.22414286977043366,0.47343729233176557,0.00016790775091867418,0.012957922322605356,0.33482622529926664,0.0
6896fea73c283c52ec3df2db2143d92e1dad9531a594c684d1d0adfc23fe05fa,colin,LSTMX,4,120,2025-10-31,2025-09-30,2015-10-31,2025-09-30,-3.200601249147139,-3.844352655797379,-3.4336182890345457,ok,[],0.21190600004047155,,0.0542969408778892,0.23301703988740652,7.170255117641735e-05,0.00846773589434728,0.1276272302667929,1.0
6896fea73c283c52ec3df2db2143d92e1dad9531a594c684d1d0adfc23fe05fa,colin,LSTMX,4,120,2025-11-30,2025-10-31,2015-11-30,2025-10-31,-3.1877347547552812,-3.200601249147139,-3.4664811709564316,ok,[],0.21207570796832442,,0.07769956454498494,0.27874641620115037,0.00010077192375637394,0.01003852199063059,0.188795936198211,0.0
6896fea73c283c52ec3df2db2143d92e1dad9531a594c684d1d0adfc23fe05fa,colin,LSTMX,4,120,2025-12-31,2025-11-30,2015-12-31,2025-11-30,-3.669080341092571,-3.1877347547552812,-3.2465696864618763,ok,[],0.21319383301306516,,0.17851525327645837,0.4225106546306949,0.00017976195524391342,0.01340753352574266,0.2745695140196279,1.0
6896fea73c283c52ec3df2db2143d92e1dad9531a594c684d1d0adfc23fe05fa,colin,LSTMX,4,120,2026-01-31,2025-12-31,2016-01-31,2025-12-31,-3.5432987087435324,-3.669080341092571,-3.231691392219977,ok,[],0.21086654195096344,,0.0970991197110112,0.31160731652355533,0.00011178557680185381,0.010572869847011918,0.1594325532219607,1.0
6896fea73c283c52ec3df2db2143d92e1dad9531a594c684d1d0adfc23fe05fa,colin,LSTMX,4,120,2026-02-28,2026-01-31,2016-02-29,2026-01-31,-3.319307735691405,-3.5432987087435324,-3.3403611281451413,ok,[],0.21193695801775903,,0.0004432453338110442,0.021053392453736386,5.680712038766671e-07,0.0007537049846436383,0.0008990651799908461,1.0
6896fea73c283c52ec3df2db2143d92e1dad9531a594c684d1d0adfc23fe05fa,colin,LSTMX,4,120,2026-03-31,2026-02-28,2016-03-31,2026-02-28,-2.9305511753093016,-3.319307735691405,-3.306503494227151,ok,[],0.21114366699475795,,0.14134014609970827,0.3759523189178493,0.00027967675280090047,0.016723538883887598,0.36913133940836595,1.0
6896fea73c283c52ec3df2db2143d92e1dad9531a594c684d1d0adfc23fe05fa,colin,LSTMX,4,120,2026-04-30,2026-03-31,2016-04-30,2026-03-31,-3.237312027686596,-2.9305511753093016,-3.202965202410052,ok,[],0.21208483399823308,,0.001179704406577425,0.03434682527654376,1.882951063613605e-06,0.0013722066402745633,0.0023062985443395856,1.0
6896fea73c283c52ec3df2db2143d92e1dad9531a594c684d1d0adfc23fe05fa,colin,LSTMX,4,120,2026-05-31,2026-04-30,2016-05-31,2026-04-30,-3.5119546359486353,-3.237312027686596,-3.234005910038906,ok,[],0.208707416895777,,0.07725549423484195,0.2779487259097295,9.140924180808737e-05,0.009560818051196632,0.12945474193601364,0.0
6896fea73c283c52ec3df2db2143d92e1dad9531a594c684d1d0adfc23fe05fa,colin,LSTMX,4,120,2026-06-30,2026-05-31,2016-06-30,2026-05-31,-3.0168147582707263,-3.5119546359486353,-3.3702672229892308,ok,[],0.21186604106333107,,0.12492864481558563,0.35345246471850444,0.00021247321515501026,0.014576460995557539,0.3208007149672616,1.0
6896fea73c283c52ec3df2db2143d92e1dad9531a594c684d1d0adfc23fe05fa,colin,LSTMX,4,120,2026-07-31,2026-06-30,2016-07-31,2026-06-30,-3.371829178429884,-3.0168147582707263,-3.394184885654413,ok,[],0.2108282089466229,,0.0004997776455088511,0.022355707224528842,5.759069793032232e-07,0.0007588853532011428,0.0010146204866642583,1.0
6896fea73c283c52ec3df2db2143d92e1dad9531a594c684d1d0adfc23fe05fa,colin,LSTMX,4,120,2026-08-31,2026-07-31,2016-08-31,2026-07-31,-3.507788998946598,-3.371829178429884,-3.3268789255537605,ok,[],0.2113291659625247,,0.03272845465500185,0.1809100733928375,3.530620948964873e-05,0.005941902850909692,0.058227754511440355,0.0
6896fea73c283c52ec3df2db2143d92e1dad9531a594c684d1d0adfc23fe05fa,colin,LSTMX,0,571,2025-09-30,2025-08-31,1978-02-28,2025-08-31,-3.844352655797379,-3.3885720022366694,-3.5136287250921874,ok,[],1.500272999983281,,0.10937831834109228,0.33072393070519146,7.036480066816639e-05,0.008388372945224026,0.17755140827702187,1.0
6896fea73c283c52ec3df2db2143d92e1dad9531a594c684d1d0adfc23fe05fa,colin,LSTMX,0,571,2025-10-31,2025-09-30,1978-03-31,2025-09-30,-3.200601249147139,-3.844352655797379,-3.5059139452775447,ok,[],1.487726082908921,,0.09321584241841736,0.30531269613040557,0.00011488363384429415,0.010718378321569647,0.2309573580598232,1.0
6896fea73c283c52ec3df2db2143d92e1dad9531a594c684d1d0adfc23fe05fa,colin,LSTMX,0,571,2025-11-30,2025-10-31,1978-04-30,2025-10-31,-3.1877347547552812,-3.200601249147139,-3.2351986059397997,ok,[],1.4924642090918496,,0.002252817169266114,0.04746385118451846,3.659004653310527e-06,0.0019128524912576314,0.004651652900833095,0.0
6896fea73c283c52ec3df2db2143d92e1dad9531a594c684d1d0adfc23fe05fa,colin,LSTMX,0,571,2025-12-31,2025-11-30,1978-05-31,2025-11-30,-3.669080341092571,-3.1877347547552812,-3.24376429292143,ok,[],1.5361455000238493,,0.18089374083191662,0.4253160481711413,0.0001827048950867298,0.013516837466165294,0.2777769462438171,1.0
6896fea73c283c52ec3df2db2143d92e1dad9531a594c684d1d0adfc23fe05fa,colin,LSTMX,0,571,2026-01-31,2025-12-31,1978-06-30,2025-12-31,-3.5432987087435324,-3.669080341092571,-3.3661626128872624,ok,[],1.4800701249623671,,0.03137719645520167,0.17713609585627,3.140570115579926e-05,0.005604078974800343,0.055956140516593256,1.0
6896fea73c283c52ec3df2db2143d92e1dad9531a594c684d1d0adfc23fe05fa,colin,LSTMX,0,571,2026-02-28,2026-01-31,1978-07-31,2026-01-31,-3.319307735691405,-3.5432987087435324,-3.444080588959844,ok,[],1.4876333749853075,,0.015568264912747438,0.12477285326843912,1.800948715583439e-05,0.004243758611871602,0.03389651827773771,1.0
6896fea73c283c52ec3df2db2143d92e1dad9531a594c684d1d0adfc23fe05fa,colin,LSTMX,0,571,2026-03-31,2026-02-28,1978-08-31,2026-02-28,-2.9305511753093016,-3.319307735691405,-3.381848618910147,ok,[],1.483853540965356,,0.2036693826006581,0.4512974436008452,0.0003757023566646824,0.019383043018697615,0.5633989045513448,0.0
6896fea73c283c52ec3df2db2143d92e1dad9531a594c684d1d0adfc23fe05fa,colin,LSTMX,0,571,2026-04-30,2026-03-31,1978-09-30,2026-03-31,-3.237312027686596,-2.9305511753093016,-3.221752679085208,ok,[],1.4829394590342417,,0.00024209332889951025,0.015559348601387857,3.791887321077071e-07,0.0006157830235624454,0.00047920306933120146,1.0
6896fea73c283c52ec3df2db2143d92e1dad9531a594c684d1d0adfc23fe05fa,colin,LSTMX,0,571,2026-05-31,2026-04-30,1978-10-31,2026-04-30,-3.5119546359486353,-3.237312027686596,-3.368686397673331,ok,[],1.4891296669375151,,0.020525788098509377,0.14326823827530433,2.112604177515358e-05,0.00459630740651162,0.03739616581071356,1.0
6896fea73c283c52ec3df2db2143d92e1dad9531a594c684d1d0adfc23fe05fa,colin,LSTMX,0,571,2026-06-30,2026-05-31,1978-11-30,2026-05-31,-3.0168147582707263,-3.5119546359486353,-3.3022302963079677,ok,[],1.4736017920076847,,0.081462029353088,0.2854155380372414,0.0001477661768970168,0.012155911191556838,0.19890615062812156,1.0
6896fea73c283c52ec3df2db2143d92e1dad9531a594c684d1d0adfc23fe05fa,colin,LSTMX,0,571,2026-07-31,2026-06-30,1978-12-31,2026-06-30,-3.371829178429884,-3.0168147582707263,-3.1728372594184333,ok,[],1.4783129580318928,,0.039597783831859815,0.19899191901145086,5.71203657451043e-05,0.007557801647642276,0.06965672115894306,1.0
6896fea73c283c52ec3df2db2143d92e1dad9531a594c684d1d0adfc23fe05fa,colin,LSTMX,0,571,2026-08-31,2026-07-31,1979-01-31,2026-07-31,-3.507788998946598,-3.371829178429884,-3.4477310184497636,ok,[],1.4850863750325516,,0.0036069610213581432,0.06005798049683442,3.4397590595762623e-06,0.0018546587447765862,0.006933555498637237,1.0
6896fea73c283c52ec3df2db2143d92e1dad9531a594c684d1d0adfc23fe05fa,colin,LSTMX,1,571,2025-09-30,2025-08-31,1978-02-28,2025-08-31,-3.844352655797379,-3.3885720022366694,-3.542180875240062,ok,[],1.4598144999472424,,0.09130778496517933,0.30217178055731697,5.700055477441317e-05,0.007549871176014408,0.15077656992305677,1.0
6896fea73c283c52ec3df2db2143d92e1dad9531a594c684d1d0adfc23fe05fa,colin,LSTMX,1,571,2025-10-31,2025-09-30,1978-03-31,2025-09-30,-3.200601249147139,-3.844352655797379,-3.6006493948626774,ok,[],1.4491541670868173,,0.16003851889044055,0.40004814571553826,0.00018041106943439617,0.013431718781838613,0.4256589479002981,1.0
6896fea73c283c52ec3df2db2143d92e1dad9531a594c684d1d0adfc23fe05fa,colin,LSTMX,1,571,2025-11-30,2025-10-31,1978-04-30,2025-10-31,-3.1877347547552812,-3.200601249147139,-3.341875482891318,ok,[],1.4549907919717953,,0.023759364070307588,0.15414072813603674,3.474728105363288e-05,0.005894682438743658,0.052802564393642226,0.0
6896fea73c283c52ec3df2db2143d92e1dad9531a594c684d1d0adfc23fe05fa,colin,LSTMX,1,571,2025-12-31,2025-11-30,1978-05-31,2025-11-30,-3.669080341092571,-3.1877347547552812,-3.26470902266065,ok,[],1.4617995419539511,,0.16351616317037013,0.4043713184319211,0.00016149684150619346,0.01270814075725452,0.25416040301936704,1.0
6896fea73c283c52ec3df2db2143d92e1dad9531a594c684d1d0adfc23fe05fa,colin,LSTMX,1,571,2026-01-31,2025-12-31,1978-06-30,2025-12-31,-3.5432987087435324,-3.669080341092571,-3.364500009898833,ok,[],1.4503713749581948,,0.03196897470855753,0.17879869884469946,3.205284106867556e-05,0.005661522857736738,0.056951977794700404,1.0
6896fea73c283c52ec3df2db2143d92e1dad9531a594c684d1d0adfc23fe05fa,colin,LSTMX,1,571,2026-02-28,2026-01-31,1978-07-31,2026-01-31,-3.319307735691405,-3.5432987087435324,-3.4322297460922604,ok,[],1.457363999914378,,0.012751380432970912,0.11292201040085548,1.4923241566366634e-05,0.0038630611652375677,0.027536127997859428,1.0
6896fea73c283c52ec3df2db2143d92e1dad9531a594c684d1d0adfc23fe05fa,colin,LSTMX,1,571,2026-03-31,2026-02-28,1978-08-31,2026-02-28,-2.9305511753093016,-3.319307735691405,-3.3010334066802773,ok,[],1.4519101670011878,,0.13725708376161716,0.3704822313709757,0.0002729944386985417,0.01652254334836322,0.3569934785865707,1.0
6896fea73c283c52ec3df2db2143d92e1dad9531a594c684d1d0adfc23fe05fa,colin,LSTMX,1,571,2026-04-30,2026-03-31,1978-09-30,2026-03-31,-3.237312027686596,-2.9305511753093016,-3.1078013636326682,ok,[],1.4490625000325963,,0.016773012103689304,0.12951066405392764,2.9482905348849912e-05,0.005429816327358589,0.03082788980242343,1.0
6896fea73c283c52ec3df2db2143d92e1dad9531a594c684d1d0adfc23fe05fa,colin,LSTMX,1,571,2026-05-31,2026-04-30,1978-10-31,2026-04-30,-3.5119546359486353,-3.237312027686596,-3.485352941540195,ok,[],1.5107740419916809,,0.0007076501454000493,0.0266016944084404,6.470713060068409e-07,0.0008044074253802241,0.0013905310249801225,1.0
6896fea73c283c52ec3df2db2143d92e1dad9531a594c684d1d0adfc23fe05fa,colin,LSTMX,1,571,2026-06-30,2026-05-31,1978-11-30,2026-05-31,-3.0168147582707263,-3.5119546359486353,-3.3146215008732667,ok,[],1.4536833330057561,,0.08868885593953572,0.29780674260254036,0.00015898956115811347,0.012609106279118813,0.2185300686658198,1.0
6896fea73c283c52ec3df2db2143d92e1dad9531a594c684d1d0adfc23fe05fa,colin,LSTMX,1,571,2026-07-31,2026-06-30,1978-12-31,2026-06-30,-3.371829178429884,-3.0168147582707263,-3.198689907627471,ok,[],1.467346666031517,,0.02997720709399141,0.17313927080241331,4.2105189499960345e-05,0.006488851169502992,0.05359398449151537,1.0
6896fea73c283c52ec3df2db2143d92e1dad9531a594c684d1d0adfc23fe05fa,colin,LSTMX,1,571,2026-08-31,2026-07-31,1979-01-31,2026-07-31,-3.507788998946598,-3.371829178429884,-3.356097249203242,ok,[],1.4657866669585928,,0.023010386940200904,0.15169174974335586,2.408843658500048e-05,0.004907997207110094,0.04169939778947812,0.0
6896fea73c283c52ec3df2db2143d92e1dad9531a594c684d1d0adfc23fe05fa,colin,LSTMX,2,571,2025-09-30,2025-08-31,1978-02-28,2025-08-31,-3.844352655797379,-3.3885720022366694,-3.56200021839347,ok,[],1.4841683749109507,,0.07972289890792837,0.28235243740390903,4.874479535880428e-05,0.00698174729983865,0.1332327837170999,1.0
6896fea73c283c52ec3df2db2143d92e1dad9531a594c684d1d0adfc23fe05fa,colin,LSTMX,2,571,2025-10-31,2025-09-30,1978-03-31,2025-09-30,-3.200601249147139,-3.844352655797379,-3.576546788845775,ok,[],1.49200483399909,,0.1413350488192985,0.37594553969863576,0.0001629599760880295,0.01276557778120636,0.36911614010604943,1.0
6896fea73c283c52ec3df2db2143d92e1dad9531a594c684d1d0adfc23fe05fa,colin,LSTMX,2,571,2025-11-30,2025-10-31,1978-04-30,2025-10-31,-3.1877347547552812,-3.200601249147139,-3.334796052686329,ok,[],1.4830232081003487,,0.02162702534916438,0.14706129793104772,3.184785730383612e-05,0.005643390585794689,0.047825815043039066,0.0
6896fea73c283c52ec3df2db2143d92e1dad9531a594c684d1d0adfc23fe05fa,colin,LSTMX,2,571,2025-12-31,2025-11-30,1978-05-31,2025-11-30,-3.669080341092571,-3.1877347547552812,-3.32665917426963,ok,[],1.4866237919777632,,0.11725225548838446,0.3424211668229411,0.00010843001036448183,0.01041297317601855,0.18901204755518913,1.0
6896fea73c283c52ec3df2db2143d92e1dad9531a594c684d1d0adfc23fe05fa,colin,LSTMX,2,571,2026-01-31,2025-12-31,1978-06-30,2025-12-31,-3.5432987087435324,-3.669080341092571,-3.2934580682816152,ok,[],1.4907008750597015,,0.06242034562642094,0.24984064046191712,6.736251919952385e-05,0.008207467282878675,0.10640528433752366,1.0
6896fea73c283c52ec3df2db2143d92e1dad9531a594c684d1d0adfc23fe05fa,colin,LSTMX,2,571,2026-02-28,2026-01-31,1978-07-31,2026-01-31,-3.319307735691405,-3.5432987087435324,-3.4835970281305455,ok,[],1.4830054579069838,,0.026990971610153458,0.1642892924391406,3.0042158616163733e-05,0.005481072761436737,0.060413804958903916,1.0
6896fea73c283c52ec3df2db2143d92e1dad9531a594c684d1d0adfc23fe05fa,colin,LSTMX,2,571,2026-03-31,2026-02-28,1978-08-31,2026-02-28,-2.9305511753093016,-3.319307735691405,-3.30778362933175,ok,[],1.4916067500598729,,0.14230432436779858,0.3772324540224483,0.0002812469279412895,0.016770418239903544,0.37200845203883093,1.0
6896fea73c283c52ec3df2db2143d92e1dad9531a594c684d1d0adfc23fe05fa,colin,LSTMX,2,571,2026-04-30,2026-03-31,1978-09-30,2026-03-31,-3.237312027686596,-2.9305511753093016,-3.23308266108468,ok,[],1.4946998340310529,,1.788754185340227e-05,0.004229366601915974,2.770094603592969e-08,0.0001664360118361699,3.567442602640976e-05,1.0
6896fea73c283c52ec3df2db2143d92e1dad9531a594c684d1d0adfc23fe05fa,colin,LSTMX,2,571,2026-05-31,2026-04-30,1978-10-31,2026-04-30,-3.5119546359486353,-3.237312027686596,-3.3789721417005016,ok,[],1.483522499911487,,0.01768434377645491,0.1329824942481337,1.8010982221754444e-05,0.004243934757009637,0.03243095065341792,1.0
6896fea73c283c52ec3df2db2143d92e1dad9531a594c684d1d0adfc23fe05fa,colin,LSTMX,2,571,2026-06-30,2026-05-31,1978-11-30,2026-05-31,-3.0168147582707263,-3.5119546359486353,-3.2509756158341654,ok,[],1.4893257080111653,,0.0548313072148452,0.23416085756343907,0.00010445887202853248,0.010220512317322086,0.12898948408280386,1.0
6896fea73c283c52ec3df2db2143d92e1dad9531a594c684d1d0adfc23fe05fa,colin,LSTMX,2,571,2026-07-31,2026-06-30,1978-12-31,2026-06-30,-3.371829178429884,-3.0168147582707263,-3.226103041577445,ok,[],1.4895697920583189,,0.02123610696193577,0.14572613685243896,2.899998500783985e-05,0.0053851634151472,0.03862994647902096,1.0
6896fea73c283c52ec3df2db2143d92e1dad9531a594c684d1d0adfc23fe05fa,colin,LSTMX,2,571,2026-08-31,2026-07-31,1979-01-31,2026-07-31,-3.507788998946598,-3.371829178429884,-3.3512432201227584,ok,[],1.403283999999985,,0.0245065808675625,0.15654577882383958,2.5782772759577056e-05,0.0050776739516807355,0.04427452175956914,0.0
6896fea73c283c52ec3df2db2143d92e1dad9531a594c684d1d0adfc23fe05fa,colin,LSTMX,3,571,2025-09-30,2025-08-31,1978-02-28,2025-08-31,-3.844352655797379,-3.3885720022366694,-3.4347357075394447,ok,[],1.3102930840104818,,0.1677860443001431,0.40961694825793415,0.00011736857649937002,0.010833677884235345,0.2600030965277914,1.0
6896fea73c283c52ec3df2db2143d92e1dad9531a594c684d1d0adfc23fe05fa,colin,LSTMX,3,571,2025-10-31,2025-09-30,1978-03-31,2025-09-30,-3.200601249147139,-3.844352655797379,-3.606858207384736,ok,[],1.3073036250425503,,0.16504471611646446,0.4062569582375968,0.00018497989169858424,0.013600731292786584,0.44105223221719925,1.0
6896fea73c283c52ec3df2db2143d92e1dad9531a594c684d1d0adfc23fe05fa,colin,LSTMX,3,571,2025-11-30,2025-10-31,1978-04-30,2025-10-31,-3.1877347547552812,-3.200601249147139,-3.4175999301630475,ok,[],1.3118617079453543,,0.052837998865243166,0.2298651754077663,7.181206016500079e-05,0.008474199676960698,0.12391654750513381,0.0
6896fea73c283c52ec3df2db2143d92e1dad9531a594c684d1d0adfc23fe05fa,colin,LSTMX,3,571,2025-12-31,2025-11-30,1978-05-31,2025-11-30,-3.669080341092571,-3.1877347547552812,-3.2413438835008925,ok,[],1.3100649579428136,,0.18295847715307792,0.42773645759167866,0.0001852698928142745,0.013611388349991139,0.2805550309368775,1.0
6896fea73c283c52ec3df2db2143d92e1dad9531a594c684d1d0adfc23fe05fa,colin,LSTMX,3,571,2026-01-31,2025-12-31,1978-06-30,2025-12-31,-3.5432987087435324,-3.669080341092571,-3.284666549111999,ok,[],1.3067841249285266,,0.06689059399567092,0.2586321596315333,7.285123554905487e-05,0.008535293524481444,0.11341351235487268,1.0
6896fea73c283c52ec3df2db2143d92e1dad9531a594c684d1d0adfc23fe05fa,colin,LSTMX,3,571,2026-02-28,2026-01-31,1978-07-31,2026-01-31,-3.319307735691405,-3.5432987087435324,-3.4884038777845703,ok,[],1.309868749929592,,0.028593505270791974,0.16909614209316537,3.1677463381222175e-05,0.005628273570218684,0.0642178545872864,1.0
6896fea73c283c52ec3df2db2143d92e1dad9531a594c684d1d0adfc23fe05fa,colin,LSTMX,3,571,2026-03-31,2026-02-28,1978-08-31,2026-02-28,-2.9305511753093016,-3.319307735691405,-3.246509716168688,ok,[],1.3079630410065874,,0.09982979954199252,0.31595854085938635,0.00020902907537991106,0.014457837852871053,0.24929648296731988,1.0
6896fea73c283c52ec3df2db2143d92e1dad9531a594c684d1d0adfc23fe05fa,colin,LSTMX,3,571,2026-04-30,2026-03-31,1978-09-30,2026-03-31,-3.237312027686596,-2.9305511753093016,-3.090656569743659,ok,[],1.2576051250798628,,0.021507823344452528,0.14665545794293688,3.8474490007281934e-05,0.006202780828570516,0.039101142503092934,1.0
6896fea73c283c52ec3df2db2143d92e1dad9531a594c684d1d0adfc23fe05fa,colin,LSTMX,3,571,2026-05-31,2026-04-30,1978-10-31,2026-04-30,-3.5119546359486353,-3.237312027686596,-3.3261051829598265,ok,[],1.246040333993733,,0.034540019176239466,0.18584945298880884,3.71398900271708e-05,0.006094250571413256,0.06126074019430855,1.0
6896fea73c283c52ec3df2db2143d92e1dad9531a594c684d1d0adfc23fe05fa,colin,LSTMX,3,571,2026-06-30,2026-05-31,1978-11-30,2026-05-31,-3.0168147582707263,-3.5119546359486353,-3.2593068734878776,ok,[],1.2344607500126585,,0.05880242594248818,0.2424921152171513,0.00011113154191803141,0.010541894607613539,0.13916516607736895,1.0
6896fea73c283c52ec3df2db2143d92e1dad9531a594c684d1d0adfc23fe05fa,colin,LSTMX,3,571,2026-07-31,2026-06-30,1978-12-31,2026-06-30,-3.371829178429884,-3.0168147582707263,-3.138584576436223,ok,[],1.2324806660180911,,0.0544030443591814,0.23324460199366115,8.131196464726904e-05,0.009017314713775329,0.0936895840446818,1.0
6896fea73c283c52ec3df2db2143d92e1dad9531a594c684d1d0adfc23fe05fa,colin,LSTMX,3,571,2026-08-31,2026-07-31,1979-01-31,2026-07-31,-3.507788998946598,-3.371829178429884,-3.388181775431718,ok,[],1.2415814580162987,,0.014305887916938506,0.11960722351488018,1.4492738266967026e-05,0.0038069329212591894,0.02646048872407239,1.0
6896fea73c283c52ec3df2db2143d92e1dad9531a594c684d1d0adfc23fe05fa,colin,LSTMX,4,571,2025-09-30,2025-08-31,1978-02-28,2025-08-31,-3.844352655797379,-3.3885720022366694,-3.5487287505736083,ok,[],0.9497023340081796,,0.0873934933397529,0.2956239052237706,5.4183270592238536e-05,0.007360928650125508,0.14488383117771592,1.0
6896fea73c283c52ec3df2db2143d92e1dad9531a594c684d1d0adfc23fe05fa,colin,LSTMX,4,571,2025-10-31,2025-09-30,1978-03-31,2025-09-30,-3.200601249147139,-3.844352655797379,-3.617532080826912,ok,[],0.9489514169981703,,0.1738313184051871,0.41693083167977285,0.00019290008493584753,0.013888847502073292,0.4683302233813025,1.0
6896fea73c283c52ec3df2db2143d92e1dad9531a594c684d1d0adfc23fe05fa,colin,LSTMX,4,571,2025-11-30,2025-10-31,1978-04-30,2025-10-31,-3.1877347547552812,-3.200601249147139,-3.248828008341733,ok,[],0.9584884999785572,,0.003732385633778518,0.0610932535864519,5.980780917580244e-06,0.0024455635173882204,0.007778321501442198,0.0
6896fea73c283c52ec3df2db2143d92e1dad9531a594c684d1d0adfc23fe05fa,colin,LSTMX,4,571,2025-12-31,2025-11-30,1978-05-31,2025-11-30,-3.669080341092571,-3.1877347547552812,-3.232964817361702,ok,[],0.9544412499526516,,0.19019675003905048,0.43611552373086937,0.00019433701969477564,0.0139404813293794,0.29024893782475913,1.0
6896fea73c283c52ec3df2db2143d92e1dad9531a594c684d1d0adfc23fe05fa,colin,LSTMX,4,571,2026-01-31,2025-12-31,1978-06-30,2025-12-31,-3.5432987087435324,-3.669080341092571,-3.290103925589861,ok,[],0.9542062919354066,,0.06410759821623467,0.2531947831536714,6.94255522091729e-05,0.008332199722112577,0.1090571131034968,1.0
6896fea73c283c52ec3df2db2143d92e1dad9531a594c684d1d0adfc23fe05fa,colin,LSTMX,4,571,2026-02-28,2026-01-31,1978-07-31,2026-01-31,-3.319307735691405,-3.5432987087435324,-3.4563679987869325,ok,[],0.9201434580609202,,0.01878551571981523,0.13706026309552755,2.1471594844860175e-05,0.004633745228738863,0.04125280343136151,1.0
6896fea73c283c52ec3df2db2143d92e1dad9531a594c684d1d0adfc23fe05fa,colin,LSTMX,4,571,2026-03-31,2026-02-28,1978-08-31,2026-02-28,-2.9305511753093016,-3.319307735691405,-3.293067422630531,ok,[],0.898762208991684,,0.13141802957186688,0.36251624732122956,0.00026334356827758723,0.016227863946853487,0.3397656991129834,1.0
6896fea73c283c52ec3df2db2143d92e1dad9531a594c684d1d0adfc23fe05fa,colin,LSTMX,4,571,2026-04-30,2026-03-31,1978-09-30,2026-03-31,-3.237312027686596,-2.9305511753093016,-3.112013542826964,ok,[],0.9717100000707433,,0.015699710308119407,0.1252984848596319,2.7477846742058256e-05,0.0052419315850226675,0.02893297104995171,1.0
6896fea73c283c52ec3df2db2143d92e1dad9531a594c684d1d0adfc23fe05fa,colin,LSTMX,4,571,2026-05-31,2026-04-30,1978-10-31,2026-04-30,-3.5119546359486353,-3.237312027686596,-3.4457331270039626,ok,[],0.9691861249739304,,0.004385288246909368,0.06622150894467271,4.1732215929106185e-06,0.002042846443791265,0.008395864215500815,1.0
6896fea73c283c52ec3df2db2143d92e1dad9531a594c684d1d0adfc23fe05fa,colin,LSTMX,4,571,2026-06-30,2026-05-31,1978-11-30,2026-05-31,-3.0168147582707263,-3.5119546359486353,-3.2897428457126914,ok,[],0.9714617910794914,,0.07448974091472893,0.27292808744196506,0.00013673745696787505,0.011693479249901419,0.18022940615407113,1.0
6896fea73c283c52ec3df2db2143d92e1dad9531a594c684d1d0adfc23fe05fa,colin,LSTMX,4,571,2026-07-31,2026-06-30,1978-12-31,2026-06-30,-3.371829178429884,-3.0168147582707263,-3.2468680701234396,ok,[],0.957690833020024,,0.015615278589174972,0.12496110830644458,2.0876183548351907e-05,0.004569046240557421,0.02878357980311877,1.0
6896fea73c283c52ec3df2db2143d92e1dad9531a594c684d1d0adfc23fe05fa,colin,LSTMX,4,571,2026-08-31,2026-07-31,1979-01-31,2026-07-31,-3.507788998946598,-3.371829178429884,-3.353677678528064,ok,[],0.9662451249314472,,0.023750299081143997,0.15411132041853381,2.4924780884514854e-05,0.004992472422008443,0.0429743548976968,0.0
6896fea73c283c52ec3df2db2143d92e1dad9531a594c684d1d0adfc23fe05fa,colin,Persistence,0,120,2025-09-30,2025-08-31,2015-09-30,2025-08-31,-3.844352655797379,-3.3885720022366694,-3.3885720022366694,ok,[],1.6459031030535698e-05,,0.20773600416022742,0.4557806535607094,0.00015268548432754154,0.012356596793921114,0.31345755757490545,0.0
6896fea73c283c52ec3df2db2143d92e1dad9531a594c684d1d0adfc23fe05fa,colin,Persistence,0,120,2025-10-31,2025-09-30,2015-10-31,2025-09-30,-3.200601249147139,-3.844352655797379,-3.844352655797379,ok,[],2.520799171179533e-05,,0.4144158735641622,0.6437514066502397,0.00037393707685001026,0.019337452698067817,1.3362233136825723,0.0
6896fea73c283c52ec3df2db2143d92e1dad9531a594c684d1d0adfc23fe05fa,colin,Persistence,0,120,2025-11-30,2025-10-31,2015-11-30,2025-10-31,-3.1877347547552812,-3.200601249147139,-3.200601249147139,ok,[],1.4708028174936771e-05,,0.00016554667793571186,0.012866494391857941,2.7829627053886184e-07,0.0005275379327961752,0.00033395172797966166,0.0
6896fea73c283c52ec3df2db2143d92e1dad9531a594c684d1d0adfc23fe05fa,colin,Persistence,0,120,2025-12-31,2025-11-30,2015-12-31,2025-11-30,-3.669080341092571,-3.1877347547552812,-3.1877347547552812,ok,[],1.354096457362175e-05,,0.23169357348638947,0.48134558633728997,0.0002485456505334083,0.0157653306509381,0.3445550130684034,0.0
6896fea73c283c52ec3df2db2143d92e1dad9531a594c684d1d0adfc23fe05fa,colin,Persistence,0,120,2026-01-31,2025-12-31,2016-01-31,2025-12-31,-3.5432987087435324,-3.669080341092571,-3.6690803410925708,ok,[],1.3499986380338669e-05,,0.015821019036388658,0.12578163234903839,1.1681820714259344e-05,0.0034178678608540944,0.03447099336130621,1.0
6896fea73c283c52ec3df2db2143d92e1dad9531a594c684d1d0adfc23fe05fa,colin,Persistence,0,120,2026-02-28,2026-01-31,2016-02-29,2026-01-31,-3.319307735691405,-3.5432987087435324,-3.5432987087435324,ok,[],1.2792064808309078e-05,,0.050171956008838885,0.22399097305212745,5.2708899357482215e-05,0.007260089486878396,0.11716849223135106,0.0
6896fea73c283c52ec3df2db2143d92e1dad9531a594c684d1d0adfc23fe05fa,colin,Persistence,0,120,2026-03-31,2026-02-28,2016-03-31,2026-02-28,-2.9305511753093016,-3.319307735691405,-3.319307735691405,ok,[],1.3167038559913635e-05,,0.1511316632401239,0.38875656038210327,0.00029548741538926334,0.017189747391665282,0.3985408267971491,0.0
6896fea73c283c52ec3df2db2143d92e1dad9531a594c684d1d0adfc23fe05fa,colin,Persistence,0,120,2026-04-30,2026-03-31,2016-04-30,2026-03-31,-3.237312027686596,-2.9305511753093016,-2.9305511753093016,ok,[],1.2167030945420265e-05,,0.0941022205512441,0.3067608523772942,0.0001987622588734378,0.0140983069506036,0.15496241796676002,0.0
6896fea73c283c52ec3df2db2143d92e1dad9531a594c684d1d0adfc23fe05fa,colin,Persistence,0,120,2026-05-31,2026-04-30,2016-05-31,2026-04-30,-3.5119546359486353,-3.237312027686596,-3.237312027686596,ok,[],1.2165983207523823e-05,,0.07542856227297606,0.27464260826203946,8.893950289450705e-05,0.009430774246821257,0.1266475685168607,0.0
6896fea73c283c52ec3df2db2143d92e1dad9531a594c684d1d0adfc23fe05fa,colin,Persistence,0,120,2026-06-30,2026-05-31,2016-06-30,2026-05-31,-3.0168147582707263,-3.5119546359486353,-3.5119546359486353,ok,[],1.2082979083061218e-05,,0.2451634984668947,0.495139877677909,0.0003655122984668762,0.019118375936958563,0.7017077095727886,0.0
6896fea73c283c52ec3df2db2143d92e1dad9531a594c684d1d0adfc23fe05fa,colin,Persistence,0,120,2026-07-31,2026-06-30,2016-07-31,2026-06-30,-3.371829178429884,-3.0168147582707263,-3.0168147582707263,ok,[],1.2042000889778137e-05,,0.12603523852094306,0.35501442015915785,0.00021404040558108635,0.01463011980747548,0.2016588588085919,0.0
6896fea73c283c52ec3df2db2143d92e1dad9531a594c684d1d0adfc23fe05fa,colin,Persistence,0,120,2026-08-31,2026-07-31,2016-08-31,2026-07-31,-3.507788998946598,-3.371829178429884,-3.371829178429884,ok,[],1.2040953151881695e-05,,0.018485072794937045,0.13595982051671385,1.904188102004827e-05,0.00436370038156245,0.03383512640429215,0.0
6896fea73c283c52ec3df2db2143d92e1dad9531a594c684d1d0adfc23fe05fa,colin,Persistence,0,571,2025-09-30,2025-08-31,1978-02-28,2025-08-31,-3.844352655797379,-3.3885720022366694,-3.3885720022366694,ok,[],1.225003506988287e-05,,0.20773600416022742,0.4557806535607094,0.00015268548432754154,0.012356596793921114,0.31345755757490545,0.0
6896fea73c283c52ec3df2db2143d92e1dad9531a594c684d1d0adfc23fe05fa,colin,Persistence,0,571,2025-10-31,2025-09-30,1978-03-31,2025-09-30,-3.200601249147139,-3.844352655797379,-3.844352655797379,ok,[],1.2750038877129555e-05,,0.4144158735641622,0.6437514066502397,0.00037393707685001026,0.019337452698067817,1.3362233136825723,0.0
6896fea73c283c52ec3df2db2143d92e1dad9531a594c684d1d0adfc23fe05fa,colin,Persistence,0,571,2025-11-30,2025-10-31,1978-04-30,2025-10-31,-3.1877347547552812,-3.200601249147139,-3.200601249147139,ok,[],1.1999974958598614e-05,,0.00016554667793571186,0.012866494391857941,2.7829627053886184e-07,0.0005275379327961752,0.00033395172797966166,0.0
6896fea73c283c52ec3df2db2143d92e1dad9531a594c684d1d0adfc23fe05fa,colin,Persistence,0,571,2025-12-31,2025-11-30,1978-05-31,2025-11-30,-3.669080341092571,-3.1877347547552812,-3.1877347547552812,ok,[],1.1916039511561394e-05,,0.23169357348638947,0.48134558633728997,0.0002485456505334083,0.0157653306509381,0.3445550130684034,0.0
6896fea73c283c52ec3df2db2143d92e1dad9531a594c684d1d0adfc23fe05fa,colin,Persistence,0,571,2026-01-31,2025-12-31,1978-06-30,2025-12-31,-3.5432987087435324,-3.669080341092571,-3.6690803410925708,ok,[],1.395796425640583e-05,,0.015821019036388658,0.12578163234903839,1.1681820714259344e-05,0.0034178678608540944,0.03447099336130621,1.0
6896fea73c283c52ec3df2db2143d92e1dad9531a594c684d1d0adfc23fe05fa,colin,Persistence,0,571,2026-02-28,2026-01-31,1978-07-31,2026-01-31,-3.319307735691405,-3.5432987087435324,-3.5432987087435324,ok,[],1.5249941498041153e-05,,0.050171956008838885,0.22399097305212745,5.2708899357482215e-05,0.007260089486878396,0.11716849223135106,0.0
6896fea73c283c52ec3df2db2143d92e1dad9531a594c684d1d0adfc23fe05fa,colin,Persistence,0,571,2026-03-31,2026-02-28,1978-08-31,2026-02-28,-2.9305511753093016,-3.319307735691405,-3.319307735691405,ok,[],1.2082979083061218e-05,,0.1511316632401239,0.38875656038210327,0.00029548741538926334,0.017189747391665282,0.3985408267971491,0.0
6896fea73c283c52ec3df2db2143d92e1dad9531a594c684d1d0adfc23fe05fa,colin,Persistence,0,571,2026-04-30,2026-03-31,1978-09-30,2026-03-31,-3.237312027686596,-2.9305511753093016,-2.9305511753093016,ok,[],1.2415926903486252e-05,,0.0941022205512441,0.3067608523772942,0.0001987622588734378,0.0140983069506036,0.15496241796676002,0.0
6896fea73c283c52ec3df2db2143d92e1dad9531a594c684d1d0adfc23fe05fa,colin,Persistence,0,571,2026-05-31,2026-04-30,1978-10-31,2026-04-30,-3.5119546359486353,-3.237312027686596,-3.237312027686596,ok,[],1.6249949112534523e-05,,0.07542856227297606,0.27464260826203946,8.893950289450705e-05,0.009430774246821257,0.1266475685168607,0.0
6896fea73c283c52ec3df2db2143d92e1dad9531a594c684d1d0adfc23fe05fa,colin,Persistence,0,571,2026-06-30,2026-05-31,1978-11-30,2026-05-31,-3.0168147582707263,-3.5119546359486353,-3.5119546359486353,ok,[],1.2416974641382694e-05,,0.2451634984668947,0.495139877677909,0.0003655122984668762,0.019118375936958563,0.7017077095727886,0.0
6896fea73c283c52ec3df2db2143d92e1dad9531a594c684d1d0adfc23fe05fa,colin,Persistence,0,571,2026-07-31,2026-06-30,1978-12-31,2026-06-30,-3.371829178429884,-3.0168147582707263,-3.0168147582707263,ok,[],1.1999974958598614e-05,,0.12603523852094306,0.35501442015915785,0.00021404040558108635,0.01463011980747548,0.2016588588085919,0.0
6896fea73c283c52ec3df2db2143d92e1dad9531a594c684d1d0adfc23fe05fa,colin,Persistence,0,571,2026-08-31,2026-07-31,1979-01-31,2026-07-31,-3.507788998946598,-3.371829178429884,-3.371829178429884,ok,[],1.2249918654561043e-05,,0.018485072794937045,0.13595982051671385,1.904188102004827e-05,0.00436370038156245,0.03383512640429215,0.0
6896fea73c283c52ec3df2db2143d92e1dad9531a594c684d1d0adfc23fe05fa,colin,QR1,0,120,2025-09-30,2025-08-31,2015-09-30,2025-08-31,-3.844352655797379,-3.3885720022366694,-3.3267021631859697,ok,[],4.5708962716162205e-05,,0.26796203250083456,0.5176504926114092,0.0002105717136355693,0.014511089333181341,0.3904204643450947,0.0
6896fea73c283c52ec3df2db2143d92e1dad9531a594c684d1d0adfc23fe05fa,colin,QR1,0,120,2025-10-31,2025-09-30,2015-10-31,2025-09-30,-3.200601249147139,-3.844352655797379,-3.6033121626991567,ok,[],6.495905108749866e-05,,0.1621760798939005,0.4027109135520175,0.00018236697088906583,0.013504331560246358,0.43221836994740714,1.0
6896fea73c283c52ec3df2db2143d92e1dad9531a594c684d1d0adfc23fe05fa,colin,QR1,0,120,2025-11-30,2025-10-31,2015-11-30,2025-10-31,-3.1877347547552812,-3.200601249147139,-3.1667529224699664,ok,[],5.562498699873686e-05,,0.0004402372860490787,0.020981832285314805,7.655680873555754e-07,0.0008749674778845071,0.0008682867212895726,1.0
6896fea73c283c52ec3df2db2143d92e1dad9531a594c684d1d0adfc23fe05fa,colin,QR1,0,120,2025-12-31,2025-11-30,2015-12-31,2025-11-30,-3.669080341092571,-3.1877347547552812,-3.1216376932824303,ok,[],3.9790989831089973e-05,,0.2996934526413779,0.5474426478101408,0.000345402274018642,0.018585001318768907,0.4294632779278643,0.0
6896fea73c283c52ec3df2db2143d92e1dad9531a594c684d1d0adfc23fe05fa,colin,QR1,0,120,2026-01-31,2025-12-31,2016-01-31,2025-12-31,-3.5432987087435324,-3.669080341092571,-3.480240671236236,ok,[],4.1624996811151505e-05,,0.003976316094271576,0.06305803750729622,3.5427491928924306e-06,0.001882219220200567,0.0076285942807521046,1.0
6896fea73c283c52ec3df2db2143d92e1dad9531a594c684d1d0adfc23fe05fa,colin,QR1,0,120,2026-02-28,2026-01-31,2016-02-29,2026-01-31,-3.319307735691405,-3.5432987087435324,-3.4038139005669628,ok,[],4.0375045500695705e-05,,0.007141291901974966,0.08450616487555784,8.59449956873593e-06,0.002931637693975149,0.015122409169464668,1.0
6896fea73c283c52ec3df2db2143d92e1dad9531a594c684d1d0adfc23fe05fa,colin,QR1,0,120,2026-03-31,2026-02-28,2016-03-31,2026-02-28,-2.9305511753093016,-3.319307735691405,-3.1811698492320506,ok,[],3.700004890561104e-05,,0.06280971971879716,0.25061867392274895,0.00013996263511388793,0.011830580506208811,0.14952522720808803,1.0
6896fea73c283c52ec3df2db2143d92e1dad9531a594c684d1d0adfc23fe05fa,colin,QR1,0,120,2026-04-30,2026-03-31,2016-04-30,2026-03-31,-3.237312027686596,-2.9305511753093016,-2.9703290119512302,ok,[],4.291697405278683e-05,,0.0712799306911505,0.26698301573536565,0.00014441130603253243,0.012017125531196403,0.12024119840488223,1.0
6896fea73c283c52ec3df2db2143d92e1dad9531a594c684d1d0adfc23fe05fa,colin,QR1,0,120,2026-05-31,2026-04-30,2016-05-31,2026-04-30,-3.5119546359486353,-3.237312027686596,-3.5210477494302643,ok,[],3.999995533376932e-05,,8.268471278978309e-05,0.009093113481629,7.295147671055578e-08,0.0002700953104194069,0.00016637648201787633,1.0
6896fea73c283c52ec3df2db2143d92e1dad9531a594c684d1d0adfc23fe05fa,colin,QR1,0,120,2026-06-30,2026-05-31,2016-06-30,2026-05-31,-3.0168147582707263,-3.5119546359486353,-3.485414241761913,ok,[],4.083302337676287e-05,,0.2195854759282071,0.46859948349118685,0.0003354702466790239,0.018315846873104828,0.6156218920328633,1.0
6896fea73c283c52ec3df2db2143d92e1dad9531a594c684d1d0adfc23fe05fa,colin,QR1,0,120,2026-07-31,2026-06-30,2016-07-31,2026-06-30,-3.371829178429884,-3.0168147582707263,-3.071548027616803,ok,[],4.0624989196658134e-05,,0.09016876953362839,0.30028115081308115,0.00014454192882774677,0.01202255916299632,0.14906542679098367,1.0
6896fea73c283c52ec3df2db2143d92e1dad9531a594c684d1d0adfc23fe05fa,colin,QR1,0,120,2026-08-31,2026-07-31,2016-08-31,2026-07-31,-3.507788998946598,-3.371829178429884,-3.368190464279893,ok,[],3.925000783056021e-05,,0.019487750881091243,0.13959853466670502,2.0149624230270135e-05,0.004488833281630109,0.03558789642368146,0.0
6896fea73c283c52ec3df2db2143d92e1dad9531a594c684d1d0adfc23fe05fa,colin,QR1,1,120,2025-09-30,2025-08-31,2015-09-30,2025-08-31,-3.844352655797379,-3.3885720022366694,-3.301535023018726,ok,[],4.125002305954695e-05,,0.2946509824554205,0.5428176327786529,0.00023797208660390843,0.015426343915649891,0.4233224622534679,0.0
6896fea73c283c52ec3df2db2143d92e1dad9531a594c684d1d0adfc23fe05fa,colin,QR1,1,120,2025-10-31,2025-09-30,2015-10-31,2025-09-30,-3.200601249147139,-3.844352655797379,-3.5527184384173918,ok,[],4.124990664422512e-05,,0.12398651497958289,0.3521171892702526,0.00014619333470618088,0.01209104357390961,0.31806339894318647,1.0
6896fea73c283c52ec3df2db2143d92e1dad9531a594c684d1d0adfc23fe05fa,colin,QR1,1,120,2025-11-30,2025-10-31,2015-11-30,2025-10-31,-3.1877347547552812,-3.200601249147139,-3.1773653051872786,ok,[],5.837494973093271e-05,,0.00010752548434335088,0.010369449568002675,1.8500670406672004e-07,0.0004301240566007905,0.00021357200453016312,1.0
6896fea73c283c52ec3df2db2143d92e1dad9531a594c684d1d0adfc23fe05fa,colin,QR1,1,120,2025-12-31,2025-11-30,2015-12-31,2025-11-30,-3.669080341092571,-3.1877347547552812,-3.0438329281945053,ok,[],6.383296567946672e-05,,0.3909343273357244,0.6252474128980658,0.0004907103216889583,0.022151982342195887,0.5368578877620529,0.0
6896fea73c283c52ec3df2db2143d92e1dad9531a594c684d1d0adfc23fe05fa,colin,QR1,1,120,2026-01-31,2025-12-31,2016-01-31,2025-12-31,-3.5432987087435324,-3.669080341092571,-3.333929483292379,ok,[],4.804099444299936e-05,,0.043835472566015915,0.20936922545115344,4.535961061506125e-05,0.006734954388491525,0.07661469060699794,1.0
6896fea73c283c52ec3df2db2143d92e1dad9531a594c684d1d0adfc23fe05fa,colin,QR1,1,120,2026-02-28,2026-01-31,2016-02-29,2026-01-31,-3.319307735691405,-3.5432987087435324,-3.373896636883077,ok,[],4.2584026232361794e-05,,0.0029799481333141566,0.05458890119167226,3.6939824273623925e-06,0.0019219735761353204,0.006182844110051877,1.0
6896fea73c283c52ec3df2db2143d92e1dad9531a594c684d1d0adfc23fe05fa,colin,QR1,1,120,2026-03-31,2026-02-28,2016-03-31,2026-02-28,-2.9305511753093016,-3.319307735691405,-3.1088633202298994,ok,[],4.63330652564764e-05,,0.03179522102618426,0.17831214492059777,7.596750475256601e-05,0.00871593395756106,0.07187477756646204,1.0
6896fea73c283c52ec3df2db2143d92e1dad9531a594c684d1d0adfc23fe05fa,colin,QR1,1,120,2026-04-30,2026-03-31,2016-04-30,2026-03-31,-3.237312027686596,-2.9305511753093016,-2.867153690707187,ok,[],4.1624996811151505e-05,,0.13701719443536156,0.3701583369794088,0.0003094514072894872,0.017591230977094446,0.21727952384795524,0.0
6896fea73c283c52ec3df2db2143d92e1dad9531a594c684d1d0adfc23fe05fa,colin,QR1,1,120,2026-05-31,2026-04-30,2016-05-31,2026-04-30,-3.5119546359486353,-3.237312027686596,-3.3615780665871604,ok,[],4.199997056275606e-05,,0.022613112612926478,0.15037656936147492,2.3444515563638562e-05,0.004841953692843268,0.04101363056596097,1.0
6896fea73c283c52ec3df2db2143d92e1dad9531a594c684d1d0adfc23fe05fa,colin,QR1,1,120,2026-06-30,2026-05-31,2016-06-30,2026-05-31,-3.0168147582707263,-3.5119546359486353,-3.456563115754475,ok,[],4.341697786003351e-05,,0.19337861790965477,0.43974835748374863,0.00030341952482862666,0.01741894155305157,0.5301899269968042,1.0
6896fea73c283c52ec3df2db2143d92e1dad9531a594c684d1d0adfc23fe05fa,colin,QR1,1,120,2026-07-31,2026-06-30,2016-07-31,2026-06-30,-3.371829178429884,-3.0168147582707263,-3.0213646874153195,ok,[],4.2208004742860794e-05,,0.12282535946209788,0.35046449101456467,0.00020758687118469863,0.014407875318196595,0.19705318120949689,1.0
6896fea73c283c52ec3df2db2143d92e1dad9531a594c684d1d0adfc23fe05fa,colin,QR1,1,120,2026-08-31,2026-07-31,2016-08-31,2026-07-31,-3.507788998946598,-3.371829178429884,-3.290995094508357,ok,[],3.958295565098524e-05,,0.046999597001577256,0.2167939044382412,5.261626607937927e-05,0.0072537070577311895,0.0817671830905648,0.0
6896fea73c283c52ec3df2db2143d92e1dad9531a594c684d1d0adfc23fe05fa,colin,QR1,2,120,2025-09-30,2025-08-31,2015-09-30,2025-08-31,-3.844352655797379,-3.3885720022366694,-3.374195611700329,ok,[],4.916603211313486e-05,,0.22104764611407537,0.47015704409704995,0.0001650043944862779,0.01284540363267258,0.3308192512272211,0.0
6896fea73c283c52ec3df2db2143d92e1dad9531a594c684d1d0adfc23fe05fa,colin,QR1,2,120,2025-10-31,2025-09-30,2015-10-31,2025-09-30,-3.200601249147139,-3.844352655797379,-3.637612489221286,ok,[],4.195794463157654e-05,,0.1909788239511436,0.4370112400741468,0.00020801157833837667,0.014422606502930622,0.5225090113405431,1.0
6896fea73c283c52ec3df2db2143d92e1dad9531a594c684d1d0adfc23fe05fa,colin,QR1,2,120,2025-11-30,2025-10-31,2015-11-30,2025-10-31,-3.1877347547552812,-3.200601249147139,-3.2553443244999025,ok,[],0.0002792500890791416,,0.004571053921052811,0.06760956974462129,7.277598285896351e-06,0.002697702408698252,0.00956848555196052,0.0
6896fea73c283c52ec3df2db2143d92e1dad9531a594c684d1d0adfc23fe05fa,colin,QR1,2,120,2025-12-31,2025-11-30,2015-12-31,2025-11-30,-3.669080341092571,-3.1877347547552812,-3.206703503147576,ok,[],4.3042004108428955e-05,,0.21379234026801222,0.46237683794499507,0.00022469883637840475,0.014989957851121689,0.3213827822447498,1.0
6896fea73c283c52ec3df2db2143d92e1dad9531a594c684d1d0adfc23fe05fa,colin,QR1,2,120,2026-01-31,2025-12-31,2016-01-31,2025-12-31,-3.5432987087435324,-3.669080341092571,-3.444243767976489,ok,[],6.454100366681814e-05,,0.009811881290362512,0.09905494076704358,9.06684560332179e-06,0.0030111203236207265,0.018389596126308055,1.0
6896fea73c283c52ec3df2db2143d92e1dad9531a594c684d1d0adfc23fe05fa,colin,QR1,2,120,2026-02-28,2026-01-31,2016-02-29,2026-01-31,-3.319307735691405,-3.5432987087435324,-3.415152530178049,ok,[],3.895896952599287e-05,,0.009186224630187038,0.09584479448664407,1.0932778870584246e-05,0.003306475294113695,0.019604870471624875,1.0
6896fea73c283c52ec3df2db2143d92e1dad9531a594c684d1d0adfc23fe05fa,colin,QR1,2,120,2026-03-31,2026-02-28,2016-03-31,2026-02-28,-2.9305511753093016,-3.319307735691405,-3.1999704650727967,ok,[],3.75829404219985e-05,,0.0725867536966661,0.26941928976349505,0.0001588660396617224,0.012604207220675262,0.17517643406706762,1.0
6896fea73c283c52ec3df2db2143d92e1dad9531a594c684d1d0adfc23fe05fa,colin,QR1,2,120,2026-04-30,2026-03-31,2016-04-30,2026-03-31,-3.237312027686596,-2.9305511753093016,-2.994492271279408,ok,[],3.7958030588924885e-05,,0.05896143410164607,0.2428197564071879,0.00011648302937526825,0.01079273039481985,0.10094308920760564,1.0
6896fea73c283c52ec3df2db2143d92e1dad9531a594c684d1d0adfc23fe05fa,colin,QR1,2,120,2026-05-31,2026-04-30,2016-05-31,2026-04-30,-3.5119546359486353,-3.237312027686596,-3.4798764808826146,ok,[],0.00017470901366323233,,0.0010290080324396721,0.03207815506602074,9.461115256893175e-07,0.0009726826438717397,0.0020147014359129037,1.0
6896fea73c283c52ec3df2db2143d92e1dad9531a594c684d1d0adfc23fe05fa,colin,QR1,2,120,2026-06-30,2026-05-31,2016-06-30,2026-05-31,-3.0168147582707263,-3.5119546359486353,-3.485499457536462,ok,[],8.399994112551212e-05,,0.21966534732581305,0.46868469926573564,0.0003355658985067284,0.018318457863770312,0.6158865787752255,1.0
6896fea73c283c52ec3df2db2143d92e1dad9531a594c684d1d0adfc23fe05fa,colin,QR1,2,120,2026-07-31,2026-06-30,2016-07-31,2026-06-30,-3.371829178429884,-3.0168147582707263,-3.1499830708298564,ok,[],6.633298471570015e-05,,0.0492156954572831,0.22184610760002776,7.269373777260861e-05,0.008526062266521903,0.08535509972019878,1.0
6896fea73c283c52ec3df2db2143d92e1dad9531a594c684d1d0adfc23fe05fa,colin,QR1,2,120,2026-08-31,2026-07-31,2016-08-31,2026-07-31,-3.507788998946598,-3.371829178429884,-3.2267456409260635,ok,[],5.6458055041730404e-05,,0.07898536908745832,0.2810433580205345,9.454359587144015e-05,0.009723353118726078,0.1321050715407195,0.0
6896fea73c283c52ec3df2db2143d92e1dad9531a594c684d1d0adfc23fe05fa,colin,QR1,3,120,2025-09-30,2025-08-31,2015-09-30,2025-08-31,-3.844352655797379,-3.3885720022366694,-3.3622748938662164,ok,[],3.750005271285772e-05,,0.23239896854855857,0.4820777619311625,0.0001757236390132513,0.013256079322833403,0.3454605907081145,0.0
6896fea73c283c52ec3df2db2143d92e1dad9531a594c684d1d0adfc23fe05fa,colin,QR1,3,120,2025-10-31,2025-09-30,2015-10-31,2025-09-30,-3.200601249147139,-3.844352655797379,-3.653306543547788,ok,[],3.662507515400648e-05,,0.20494208357837798,0.45270529440064866,0.00021999929467508684,0.014832373197674296,0.5675364902129232,1.0
6896fea73c283c52ec3df2db2143d92e1dad9531a594c684d1d0adfc23fe05fa,colin,QR1,3,120,2025-11-30,2025-10-31,2015-11-30,2025-10-31,-3.1877347547552812,-3.200601249147139,-3.310694862538635,ok,[],4.008307587355375e-05,,0.015119188106093973,0.12296010778335376,2.2795202746080007e-05,0.004774432190960513,0.032877325767662724,0.0
6896fea73c283c52ec3df2db2143d92e1dad9531a594c684d1d0adfc23fe05fa,colin,QR1,3,120,2025-12-31,2025-11-30,2015-12-31,2025-11-30,-3.669080341092571,-3.1877347547552812,-3.1495955879609023,ok,[],3.2791984267532825e-05,,0.26986440873627093,0.5194847531316689,0.0003017012637835549,0.01736954990158222,0.3927886087923792,0.0
6896fea73c283c52ec3df2db2143d92e1dad9531a594c684d1d0adfc23fe05fa,colin,QR1,3,120,2026-01-31,2025-12-31,2016-01-31,2025-12-31,-3.5432987087435324,-3.669080341092571,-3.408143812206901,ok,[],3.641704097390175e-05,,0.018266846057827472,0.13515489653663115,1.751263270686983e-05,0.004184809757548105,0.03345283435814936,1.0
6896fea73c283c52ec3df2db2143d92e1dad9531a594c684d1d0adfc23fe05fa,colin,QR1,3,120,2026-02-28,2026-01-31,2016-02-29,2026-01-31,-3.319307735691405,-3.5432987087435324,-3.39852123169974,ok,[],0.00010595796629786491,,0.006274777949862513,0.07921349600833505,7.591181770910338e-06,0.00275520993227564,0.013239388086319193,1.0
6896fea73c283c52ec3df2db2143d92e1dad9531a594c684d1d0adfc23fe05fa,colin,QR1,3,120,2026-03-31,2026-02-28,2016-03-31,2026-02-28,-2.9305511753093016,-3.319307735691405,-3.1911348942311637,ok,[],5.337502807378769e-05,,0.06790387456714801,0.26058371892186205,0.00014987742042541104,0.01224244340094783,0.16282502126088394,1.0
6896fea73c283c52ec3df2db2143d92e1dad9531a594c684d1d0adfc23fe05fa,colin,QR1,3,120,2026-04-30,2026-03-31,2016-04-30,2026-03-31,-3.237312027686596,-2.9305511753093016,-2.9142855510613237,ok,[],3.700004890561104e-05,,0.10434610460093752,0.3230264766252722,0.00022420458545730862,0.01497346270764744,0.17016334097537772,0.0
6896fea73c283c52ec3df2db2143d92e1dad9531a594c684d1d0adfc23fe05fa,colin,QR1,3,120,2026-05-31,2026-04-30,2016-05-31,2026-04-30,-3.5119546359486353,-3.237312027686596,-3.391871874758251,ok,[],3.641704097390175e-05,,0.014419869535106919,0.12008276119038452,1.4494037587889018e-05,0.0038071035693672713,0.02666318970626569,1.0
6896fea73c283c52ec3df2db2143d92e1dad9531a594c684d1d0adfc23fe05fa,colin,QR1,3,120,2026-06-30,2026-05-31,2016-06-30,2026-05-31,-3.0168147582707263,-3.5119546359486353,-3.429746213554821,ok,[],0.0005533329676836729,,0.1705123867630404,0.4129314552840948,0.00027429151942345034,0.016561748682535016,0.45798776359420534,1.0
6896fea73c283c52ec3df2db2143d92e1dad9531a594c684d1d0adfc23fe05fa,colin,QR1,3,120,2026-07-31,2026-06-30,2016-07-31,2026-06-30,-3.371829178429884,-3.0168147582707263,-3.033272077479128,ok,[],6.375007797032595e-05,,0.11462091060418036,0.338557100950756,0.0001912969460735209,0.013831013920661092,0.1851953001612659,1.0
6896fea73c283c52ec3df2db2143d92e1dad9531a594c684d1d0adfc23fe05fa,colin,QR1,3,120,2026-08-31,2026-07-31,2016-08-31,2026-07-31,-3.507788998946598,-3.371829178429884,-3.241636356102247,ok,[],4.075001925230026e-05,,0.07083722929303268,0.26615264284435103,8.348059800146355e-05,0.0091367717494454,0.11955491557709763,0.0
6896fea73c283c52ec3df2db2143d92e1dad9531a594c684d1d0adfc23fe05fa,colin,QR1,4,120,2025-09-30,2025-08-31,2015-09-30,2025-08-31,-3.844352655797379,-3.3885720022366694,-3.35647888729301,ok,[],3.466696944087744e-05,,0.23802081399465466,0.48787376850436903,0.000181105137414843,0.013457530881065924,0.3526580306916649,0.0
6896fea73c283c52ec3df2db2143d92e1dad9531a594c684d1d0adfc23fe05fa,colin,QR1,4,120,2025-10-31,2025-09-30,2015-10-31,2025-09-30,-3.200601249147139,-3.844352655797379,-3.581839443988824,ok,[],3.8624973967671394e-05,,0.1453425612061464,0.38123819484168475,0.0001667515995306137,0.012913233504069137,0.3811015978973107,1.0
6896fea73c283c52ec3df2db2143d92e1dad9531a594c684d1d0adfc23fe05fa,colin,QR1,4,120,2025-11-30,2025-10-31,2015-11-30,2025-10-31,-3.1877347547552812,-3.200601249147139,-3.1950323417807933,ok,[],3.691692836582661e-05,,5.325477639492235e-05,0.007297587025512087,9.002434362393952e-08,0.00030004056996336265,0.00010702962419018545,1.0
6896fea73c283c52ec3df2db2143d92e1dad9531a594c684d1d0adfc23fe05fa,colin,QR1,4,120,2025-12-31,2025-11-30,2015-12-31,2025-11-30,-3.669080341092571,-3.1877347547552812,-3.1406211240705875,ok,[],3.541703335940838e-05,,0.2792691440554881,0.5284592170219837,0.0003152759577269628,0.01775601187561449,0.40444351747604645,0.0
6896fea73c283c52ec3df2db2143d92e1dad9531a594c684d1d0adfc23fe05fa,colin,QR1,4,120,2026-01-31,2025-12-31,2016-01-31,2025-12-31,-3.5432987087435324,-3.669080341092571,-3.4021684785756654,ok,[],3.9334059692919254e-05,,0.019917741867235106,0.14113023016786697,1.9212450140979482e-05,0.004383200901279735,0.03633771207430039,1.0
6896fea73c283c52ec3df2db2143d92e1dad9531a594c684d1d0adfc23fe05fa,colin,QR1,4,120,2026-02-28,2026-01-31,2016-02-29,2026-01-31,-3.319307735691405,-3.5432987087435324,-3.396567768178099,ok,[],3.754196222871542e-05,,0.005969112619845029,0.07726003248669411,7.2353262537961375e-06,0.002689856177158202,0.012577630633373027,1.0
6896fea73c283c52ec3df2db2143d92e1dad9531a594c684d1d0adfc23fe05fa,colin,QR1,4,120,2026-03-31,2026-02-28,2016-03-31,2026-02-28,-2.9305511753093016,-3.319307735691405,-3.208296772513482,ok,[],8.345802780240774e-05,,0.07714261676630674,0.27774559720418024,0.0001675007166038831,0.012942206790338466,0.18730563221228713,1.0
6896fea73c283c52ec3df2db2143d92e1dad9531a594c684d1d0adfc23fe05fa,colin,QR1,4,120,2026-04-30,2026-03-31,2016-04-30,2026-03-31,-3.237312027686596,-2.9305511753093016,-2.9283648912715354,ok,[],4.425004590302706e-05,,0.09544833309906596,0.30894713641506044,0.00020206939077707902,0.01421511135296094,0.15697266812668947,0.0
6896fea73c283c52ec3df2db2143d92e1dad9531a594c684d1d0adfc23fe05fa,colin,QR1,4,120,2026-05-31,2026-04-30,2016-05-31,2026-04-30,-3.5119546359486353,-3.237312027686596,-3.3833375678263726,ok,[],3.975001163780689e-05,,0.016542350212366764,0.1286170681222627,1.6772911704509347e-05,0.0040954745395996965,0.0304212976770519,1.0
6896fea73c283c52ec3df2db2143d92e1dad9531a594c684d1d0adfc23fe05fa,colin,QR1,4,120,2026-06-30,2026-05-31,2016-06-30,2026-05-31,-3.0168147582707263,-3.5119546359486353,-3.4657258015772907,ok,[],4.183291457593441e-05,,0.20152112480258813,0.4489110433065644,0.0003135234781735933,0.01770659420028576,0.5564300510951043,1.0
6896fea73c283c52ec3df2db2143d92e1dad9531a594c684d1d0adfc23fe05fa,colin,QR1,4,120,2026-07-31,2026-06-30,2016-07-31,2026-06-30,-3.371829178429884,-3.0168147582707263,-3.1330849836797117,ok,[],3.8375030271708965e-05,,0.056998790526908295,0.2387441947501725,8.567994727354573e-05,0.009256346324200804,0.09782787750612293,1.0
6896fea73c283c52ec3df2db2143d92e1dad9531a594c684d1d0adfc23fe05fa,colin,QR1,4,120,2026-08-31,2026-07-31,2016-08-31,2026-07-31,-3.507788998946598,-3.371829178429884,-3.198357507748031,ok,[],4.129100125283003e-05,,0.09574784774536894,0.30943149119856717,0.00011807258385658118,0.010866120920392023,0.15741942014825977,0.0
6896fea73c283c52ec3df2db2143d92e1dad9531a594c684d1d0adfc23fe05fa,colin,QR1,0,571,2025-09-30,2025-08-31,1978-02-28,2025-08-31,-3.844352655797379,-3.3885720022366694,-3.3854127654999,ok,[],3.604206722229719e-05,,0.21062582290626192,0.45893989029747884,0.00015533662130856976,0.01246341130303296,0.31724466585441236,0.0
6896fea73c283c52ec3df2db2143d92e1dad9531a594c684d1d0adfc23fe05fa,colin,QR1,0,571,2025-10-31,2025-09-30,1978-03-31,2025-09-30,-3.200601249147139,-3.844352655797379,-3.5653796910777285,ok,[],3.566604573279619e-05,,0.13306331169730828,0.3647784419305893,0.00015503884850024836,0.012451459693555947,0.34460442579926354,1.0
6896fea73c283c52ec3df2db2143d92e1dad9531a594c684d1d0adfc23fe05fa,colin,QR1,0,571,2025-11-30,2025-10-31,1978-04-30,2025-10-31,-3.1877347547552812,-3.200601249147139,-3.156698758967608,ok,[],3.895896952599287e-05,,0.0009632330345324782,0.031035995787673354,1.692052223512732e-06,0.0013007890772576206,0.0018872171523220543,1.0
6896fea73c283c52ec3df2db2143d92e1dad9531a594c684d1d0adfc23fe05fa,colin,QR1,0,571,2025-12-31,2025-11-30,1978-05-31,2025-11-30,-3.669080341092571,-3.1877347547552812,-3.197007738278625,ok,[],3.6415993236005306e-05,,0.22285254232753374,0.47207260281394614,0.00023668122309137464,0.015384447441860714,0.33315715967878934,1.0
6896fea73c283c52ec3df2db2143d92e1dad9531a594c684d1d0adfc23fe05fa,colin,QR1,0,571,2026-01-31,2025-12-31,1978-06-30,2025-12-31,-3.5432987087435324,-3.669080341092571,-3.4414912362844357,ok,[],3.7207966670393944e-05,,0.010364761448509736,0.10180747245909672,9.604586261900698e-06,0.0030991266934252137,0.019391374496543157,1.0
6896fea73c283c52ec3df2db2143d92e1dad9531a594c684d1d0adfc23fe05fa,colin,QR1,0,571,2026-02-28,2026-01-31,1978-07-31,2026-01-31,-3.319307735691405,-3.5432987087435324,-3.4001235316974556,ok,[],3.679096698760986e-05,,0.006531192884091602,0.08081579600605071,7.888909024907042e-06,0.002808720175615051,0.013795532790034565,1.0
6896fea73c283c52ec3df2db2143d92e1dad9531a594c684d1d0adfc23fe05fa,colin,QR1,0,571,2026-03-31,2026-02-28,1978-08-31,2026-02-28,-2.9305511753093016,-3.319307735691405,-3.0742247358890777,ok,[],3.629201091825962e-05,,0.02064209200967059,0.1436735605797761,5.101050229359535e-05,0.007142163698319673,0.0455396852373714,1.0
6896fea73c283c52ec3df2db2143d92e1dad9531a594c684d1d0adfc23fe05fa,colin,QR1,0,571,2026-04-30,2026-03-31,1978-09-30,2026-03-31,-3.237312027686596,-2.9305511753093016,-2.986737444531971,ok,[],3.5917037166655064e-05,,0.06278762172311401,0.2505745831546249,0.0001250474570095009,0.011182462028082228,0.10698322175595137,1.0
6896fea73c283c52ec3df2db2143d92e1dad9531a594c684d1d0adfc23fe05fa,colin,QR1,0,571,2026-05-31,2026-04-30,1978-10-31,2026-04-30,-3.5119546359486353,-3.237312027686596,-3.308353162104547,ok,[],3.5708071663975716e-05,,0.041453560151484985,0.20360147384408833,4.5398293665732995e-05,0.006737825588847859,0.07271206074739861,1.0
6896fea73c283c52ec3df2db2143d92e1dad9531a594c684d1d0adfc23fe05fa,colin,QR1,0,571,2026-06-30,2026-05-31,1978-11-30,2026-05-31,-3.0168147582707263,-3.5119546359486353,-3.309968804987715,ok,[],7.112498860806227e-05,,0.08593929510654649,0.29315404671698886,0.00015474357280300917,0.01243959697108428,0.21103244451022984,1.0
6896fea73c283c52ec3df2db2143d92e1dad9531a594c684d1d0adfc23fe05fa,colin,QR1,0,571,2026-07-31,2026-06-30,1978-12-31,2026-06-30,-3.371829178429884,-3.0168147582707263,-3.0497297416138878,ok,[],6.262504030019045e-05,,0.10374804719718206,0.3220994368159964,0.0001701703346253577,0.013044935209703332,0.16928190514545932,1.0
6896fea73c283c52ec3df2db2143d92e1dad9531a594c684d1d0adfc23fe05fa,colin,QR1,0,571,2026-08-31,2026-07-31,1979-01-31,2026-07-31,-3.507788998946598,-3.371829178429884,-3.217564842764296,ok,[],4.7708977945148945e-05,,0.08423006083172924,0.290224156182302,0.00010179566943126,0.010089383996620408,0.14009572582624602,0.0
6896fea73c283c52ec3df2db2143d92e1dad9531a594c684d1d0adfc23fe05fa,colin,QR1,1,571,2025-09-30,2025-08-31,1978-02-28,2025-08-31,-3.844352655797379,-3.3885720022366694,-3.390473026886677,ok,[],6.224995013326406e-05,,0.20600671754011646,0.4538796289107019,0.00015110519124899888,0.012292485153499226,0.31118644613900737,1.0
6896fea73c283c52ec3df2db2143d92e1dad9531a594c684d1d0adfc23fe05fa,colin,QR1,1,571,2025-10-31,2025-09-30,1978-03-31,2025-09-30,-3.200601249147139,-3.844352655797379,-3.568949844928401,ok,[],5.345896352082491e-05,,0.13568068801402738,0.3683485957812618,0.00015755937873523215,0.01255226588051863,0.3523272686568084,1.0
6896fea73c283c52ec3df2db2143d92e1dad9531a594c684d1d0adfc23fe05fa,colin,QR1,1,571,2025-11-30,2025-10-31,1978-04-30,2025-10-31,-3.1877347547552812,-3.200601249147139,-3.116299066483561,ok,[],4.954100586473942e-05,,0.005103057558854383,0.0714356882717202,9.337014700077288e-06,0.0030556529089668036,0.009736937513352084,1.0
6896fea73c283c52ec3df2db2143d92e1dad9531a594c684d1d0adfc23fe05fa,colin,QR1,1,571,2025-12-31,2025-11-30,1978-05-31,2025-11-30,-3.669080341092571,-3.1877347547552812,-3.1690592832630937,ok,[],4.954205360263586e-05,,0.25002105827290966,0.5000210578294775,0.0002736781146075238,0.016543219596182716,0.36790606367157097,0.0
6896fea73c283c52ec3df2db2143d92e1dad9531a594c684d1d0adfc23fe05fa,colin,QR1,1,571,2026-01-31,2025-12-31,1978-06-30,2025-12-31,-3.5432987087435324,-3.669080341092571,-3.4301140976432,ok,[],4.9459049478173256e-05,,0.012810756189933513,0.11318461110033251,1.2009464737760331e-05,0.003465467463093591,0.02379284300111395,1.0
6896fea73c283c52ec3df2db2143d92e1dad9531a594c684d1d0adfc23fe05fa,colin,QR1,1,571,2026-02-28,2026-01-31,1978-07-31,2026-01-31,-3.319307735691405,-3.5432987087435324,-3.374704864178354,ok,[],5.237502045929432e-05,,0.003068841844599561,0.05539712848694922,3.8011309865885785e-06,0.0019496489393192248,0.0063707773192221845,1.0
6896fea73c283c52ec3df2db2143d92e1dad9531a594c684d1d0adfc23fe05fa,colin,QR1,1,571,2026-03-31,2026-02-28,1978-08-31,2026-02-28,-2.9305511753093016,-3.319307735691405,-3.0439035604415237,ok,[],4.9541937187314034e-05,,0.012848763215163586,0.11335238513222201,3.270796799322524e-05,0.005719088038597171,0.027754689266234367,1.0
6896fea73c283c52ec3df2db2143d92e1dad9531a594c684d1d0adfc23fe05fa,colin,QR1,1,571,2026-04-30,2026-03-31,1978-09-30,2026-03-31,-3.237312027686596,-2.9305511753093016,-2.9530104498649985,ok,[],4.7459034249186516e-05,,0.08082738715184978,0.2843015778215974,0.00016674734189054346,0.012913068647325603,0.1349190973366981,1.0
6896fea73c283c52ec3df2db2143d92e1dad9531a594c684d1d0adfc23fe05fa,colin,QR1,1,571,2026-05-31,2026-04-30,1978-10-31,2026-04-30,-3.5119546359486353,-3.237312027686596,-3.2541729067014145,ok,[],4.533398896455765e-05,,0.06645141993368749,0.25778172924722087,7.698675890182053e-05,0.008774209873362988,0.11272748115827569,1.0
6896fea73c283c52ec3df2db2143d92e1dad9531a594c684d1d0adfc23fe05fa,colin,QR1,1,571,2026-06-30,2026-05-31,1978-11-30,2026-05-31,-3.0168147582707263,-3.5119546359486353,-3.208669561053416,ok,[],5.170807708054781e-05,,0.03680826535078482,0.19185480278268985,7.30438391109532e-05,0.008546568850185038,0.08400955674870575,1.0
6896fea73c283c52ec3df2db2143d92e1dad9531a594c684d1d0adfc23fe05fa,colin,QR1,1,571,2026-07-31,2026-06-30,1978-12-31,2026-06-30,-3.371829178429884,-3.0168147582707263,-3.0265326359446885,ok,[],4.741700831800699e-05,,0.11922970225223056,0.3452965424851957,0.00020041121351329881,0.014156666751509651,0.19187176500557535,1.0
6896fea73c283c52ec3df2db2143d92e1dad9531a594c684d1d0adfc23fe05fa,colin,QR1,1,571,2026-08-31,2026-07-31,1979-01-31,2026-07-31,-3.507788998946598,-3.371829178429884,-3.287771084845769,ok,[],5.2875024266541004e-05,,0.04840788252527984,0.22001791410082916,5.4374224209540485e-05,0.007373887998168977,0.08404917503138676,0.0
6896fea73c283c52ec3df2db2143d92e1dad9531a594c684d1d0adfc23fe05fa,colin,QR1,2,571,2025-09-30,2025-08-31,1978-02-28,2025-08-31,-3.844352655797379,-3.3885720022366694,-3.4381196570592985,ok,[],4.933401942253113e-05,,0.16502524926373321,0.4062329987380804,0.00011502099715053087,0.01072478424727187,0.25622839634225725,1.0
6896fea73c283c52ec3df2db2143d92e1dad9531a594c684d1d0adfc23fe05fa,colin,QR1,2,571,2025-10-31,2025-09-30,1978-03-31,2025-09-30,-3.200601249147139,-3.844352655797379,-3.616623177063077,ok,[],4.0624989196658134e-05,,0.1730742445068936,0.4160219279159376,0.0001922225130261001,0.013864433382800037,0.4659668905726573,1.0
6896fea73c283c52ec3df2db2143d92e1dad9531a594c684d1d0adfc23fe05fa,colin,QR1,2,571,2025-11-30,2025-10-31,1978-04-30,2025-10-31,-3.1877347547552812,-3.200601249147139,-3.196530721826937,ok,[],3.8375030271708965e-05,,7.736903672565227e-05,0.008795967071655753,1.3059264628120048e-07,0.0003613760455276477,0.00015564945884431053,1.0
6896fea73c283c52ec3df2db2143d92e1dad9531a594c684d1d0adfc23fe05fa,colin,QR1,2,571,2025-12-31,2025-11-30,1978-05-31,2025-11-30,-3.669080341092571,-3.1877347547552812,-3.229752584295284,ok,[],4.04169550165534e-05,,0.19300887789253623,0.4393277567972871,0.00019789108889471346,0.014067376759535285,0.2939964703200397,1.0
6896fea73c283c52ec3df2db2143d92e1dad9531a594c684d1d0adfc23fe05fa,colin,QR1,2,571,2026-01-31,2025-12-31,1978-06-30,2025-12-31,-3.5432987087435324,-3.669080341092571,-3.4481214828184483,ok,[],3.904092591255903e-05,,0.00905870433479449,0.09517722592508404,8.337938661186098e-06,0.0028875489019557915,0.01702052054031969,1.0
6896fea73c283c52ec3df2db2143d92e1dad9531a594c684d1d0adfc23fe05fa,colin,QR1,2,571,2026-02-28,2026-01-31,1978-07-31,2026-01-31,-3.319307735691405,-3.5432987087435324,-3.4035281852759205,ok,[],4.425004590302706e-05,,0.00709308412821793,0.08422044958451558,8.538886870839527e-06,0.0029221373805554604,0.015017382241082927,1.0
6896fea73c283c52ec3df2db2143d92e1dad9531a594c684d1d0adfc23fe05fa,colin,QR1,2,571,2026-03-31,2026-02-28,1978-08-31,2026-02-28,-2.9305511753093016,-3.319307735691405,-3.129890377720616,ok,[],4.1375053115189075e-05,,0.039736117617979023,0.19933920241131453,9.302651044357398e-05,0.009645025165523104,0.09117600673982301,1.0
6896fea73c283c52ec3df2db2143d92e1dad9531a594c684d1d0adfc23fe05fa,colin,QR1,2,571,2026-04-30,2026-03-31,1978-09-30,2026-03-31,-3.237312027686596,-2.9305511753093016,-2.9753339428428642,ok,[],0.00013208307791501284,,0.06863251693838945,0.26197808484373164,0.00013832304393043653,0.011761081750010775,0.11612933986126661,1.0
6896fea73c283c52ec3df2db2143d92e1dad9531a594c684d1d0adfc23fe05fa,colin,QR1,2,571,2026-05-31,2026-04-30,1978-10-31,2026-04-30,-3.5119546359486353,-3.237312027686596,-3.303049706594475,ok,[],6.766605656594038e-05,,0.043641269508466696,0.20890492935416027,4.805708803255465e-05,0.006932321979867543,0.07629728087952653,1.0
6896fea73c283c52ec3df2db2143d92e1dad9531a594c684d1d0adfc23fe05fa,colin,QR1,2,571,2026-06-30,2026-05-31,1978-11-30,2026-05-31,-3.0168147582707263,-3.5119546359486353,-3.3069522392592736,ok,[],5.012494511902332e-05,,0.08417975787437965,0.2901374809885473,0.00015201099198154894,0.012329273781595936,0.20625462895315738,1.0
6896fea73c283c52ec3df2db2143d92e1dad9531a594c684d1d0adfc23fe05fa,colin,QR1,2,571,2026-07-31,2026-06-30,1978-12-31,2026-06-30,-3.371829178429884,-3.0168147582707263,-3.0967696006578587,ok,[],4.624994471669197e-05,,0.07565777132412495,0.2750595777720255,0.00011811721822453331,0.01086817455806325,0.1270002232516083,1.0
6896fea73c283c52ec3df2db2143d92e1dad9531a594c684d1d0adfc23fe05fa,colin,QR1,2,571,2026-08-31,2026-07-31,1979-01-31,2026-07-31,-3.507788998946598,-3.371829178429884,-3.2798399933032174,ok,[],7.358298171311617e-05,,0.05196074917380596,0.2279490056433806,5.8847131252244134e-05,0.00767118838591806,0.08977649353947087,0.0
6896fea73c283c52ec3df2db2143d92e1dad9531a594c684d1d0adfc23fe05fa,colin,QR1,3,571,2025-09-30,2025-08-31,1978-02-28,2025-08-31,-3.844352655797379,-3.3885720022366694,-3.3559307218663617,ok,[],0.00010349997319281101,,0.23855598554491492,0.4884219339310172,0.00018161993214699617,0.013476643949700391,0.35334136937120264,0.0
6896fea73c283c52ec3df2db2143d92e1dad9531a594c684d1d0adfc23fe05fa,colin,QR1,3,571,2025-10-31,2025-09-30,1978-03-31,2025-09-30,-3.200601249147139,-3.844352655797379,-3.582942715230597,ok,[],8.787494152784348e-05,,0.14618499668684798,0.38234146608345787,0.00016754492292883388,0.012943914513346953,0.3836301735085692,1.0
6896fea73c283c52ec3df2db2143d92e1dad9531a594c684d1d0adfc23fe05fa,colin,QR1,3,571,2025-11-30,2025-10-31,1978-04-30,2025-10-31,-3.1877347547552812,-3.200601249147139,-3.1980221307027974,ok,[],6.379198748618364e-05,,0.0001058301038855341,0.010287375947516164,1.7836682198381163e-07,0.0004223349641976279,0.00021311932402930459,1.0
6896fea73c283c52ec3df2db2143d92e1dad9531a594c684d1d0adfc23fe05fa,colin,QR1,3,571,2025-12-31,2025-11-30,1978-05-31,2025-11-30,-3.669080341092571,-3.1877347547552812,-3.2242164375141167,ok,[],5.212496034801006e-05,,0.19790389270706046,0.4448639035784545,0.00020411935585377155,0.014287034536731951,0.3004953526800337,1.0
6896fea73c283c52ec3df2db2143d92e1dad9531a594c684d1d0adfc23fe05fa,colin,QR1,3,571,2026-01-31,2025-12-31,1978-06-30,2025-12-31,-3.5432987087435324,-3.669080341092571,-3.440001825953067,ok,[],4.7208042815327644e-05,,0.010670245994227157,0.10329688279046545,9.902655685238117e-06,0.003146848532299913,0.01994375922764563,1.0
6896fea73c283c52ec3df2db2143d92e1dad9531a594c684d1d0adfc23fe05fa,colin,QR1,3,571,2026-02-28,2026-01-31,1978-07-31,2026-01-31,-3.319307735691405,-3.5432987087435324,-3.3918075134578265,ok,[],4.4291955418884754e-05,,0.005256217776180517,0.07249977776642158,6.401227334175097e-06,0.0025300646897214105,0.011039500913671674,1.0
6896fea73c283c52ec3df2db2143d92e1dad9531a594c684d1d0adfc23fe05fa,colin,QR1,3,571,2026-03-31,2026-02-28,1978-08-31,2026-02-28,-2.9305511753093016,-3.319307735691405,-3.0829043443866118,ok,[],4.733307287096977e-05,,0.023211488127899443,0.1523531690773101,5.6876429441470485e-05,0.007541646334950379,0.05152033433983183,1.0
6896fea73c283c52ec3df2db2143d92e1dad9531a594c684d1d0adfc23fe05fa,colin,QR1,3,571,2026-04-30,2026-03-31,1978-09-30,2026-03-31,-3.237312027686596,-2.9305511753093016,-2.9435555173382673,ok,[],4.758394788950682e-05,,0.0862928873720277,0.2937565103483286,0.00017979563073398588,0.013408789309031069,0.14322062161301985,1.0
6896fea73c283c52ec3df2db2143d92e1dad9531a594c684d1d0adfc23fe05fa,colin,QR1,3,571,2026-05-31,2026-04-30,1978-10-31,2026-04-30,-3.5119546359486353,-3.237312027686596,-3.2561925602919572,ok,[],4.683295264840126e-05,,0.06541423934421232,0.2557620756566781,7.562570681576168e-05,0.008696304204417051,0.11110518113307916,1.0
6896fea73c283c52ec3df2db2143d92e1dad9531a594c684d1d0adfc23fe05fa,colin,QR1,3,571,2026-06-30,2026-05-31,1978-11-30,2026-05-31,-3.0168147582707263,-3.5119546359486353,-3.263977066129697,ok,[],5.0833914428949356e-05,,0.06108920642617258,0.24716230785897064,0.00011493730767232525,0.010720881851430192,0.14506603068113644,1.0
6896fea73c283c52ec3df2db2143d92e1dad9531a594c684d1d0adfc23fe05fa,colin,QR1,3,571,2026-07-31,2026-06-30,1978-12-31,2026-06-30,-3.371829178429884,-3.0168147582707263,-3.0309399184653856,ok,[],4.8291985876858234e-05,,0.1162054875591435,0.3408892599644986,0.0001944199831686483,0.013943456643481497,0.18749528465099335,1.0
6896fea73c283c52ec3df2db2143d92e1dad9531a594c684d1d0adfc23fe05fa,colin,QR1,3,571,2026-08-31,2026-07-31,1979-01-31,2026-07-31,-3.507788998946598,-3.371829178429884,-3.20966488719512,ok,[],4.900002386420965e-05,,0.08887798600760768,0.2981241117514779,0.00010830668720784418,0.010407049880145871,0.14712274551830717,0.0
6896fea73c283c52ec3df2db2143d92e1dad9531a594c684d1d0adfc23fe05fa,colin,QR1,4,571,2025-09-30,2025-08-31,1978-02-28,2025-08-31,-3.844352655797379,-3.3885720022366694,-3.3775707080987925,ok,[],4.1499966755509377e-05,,0.21788538669728583,0.4667819476985864,0.00016205330941367784,0.012730016080652759,0.32671396032489386,0.0
6896fea73c283c52ec3df2db2143d92e1dad9531a594c684d1d0adfc23fe05fa,colin,QR1,4,571,2025-10-31,2025-09-30,1978-03-31,2025-09-30,-3.200601249147139,-3.844352655797379,-3.5672598048463877,ok,[],4.2665982618927956e-05,,0.13443849646745895,0.36665855569924855,0.0001563647982549058,0.012504591087073011,0.34865819873820825,1.0
6896fea73c283c52ec3df2db2143d92e1dad9531a594c684d1d0adfc23fe05fa,colin,QR1,4,571,2025-11-30,2025-10-31,1978-04-30,2025-10-31,-3.1877347547552812,-3.200601249147139,-3.16544615290543,ok,[],4.033301956951618e-05,,0.0004967817724211981,0.022288601849851375,8.650320944066255e-07,0.0009300710157867653,0.0009789631887415148,1.0
6896fea73c283c52ec3df2db2143d92e1dad9531a594c684d1d0adfc23fe05fa,colin,QR1,4,571,2025-12-31,2025-11-30,1978-05-31,2025-11-30,-3.669080341092571,-3.1877347547552812,-3.197180656188876,ok,[],4.054210148751736e-05,,0.22268931261220679,0.47189968490369516,0.00023646376692860782,0.015377378415341408,0.33294588139266823,1.0
6896fea73c283c52ec3df2db2143d92e1dad9531a594c684d1d0adfc23fe05fa,colin,QR1,4,571,2026-01-31,2025-12-31,1978-06-30,2025-12-31,-3.5432987087435324,-3.669080341092571,-3.4226676887597605,ok,[],4.175002686679363e-05,,0.014551842982325177,0.1206310199837719,1.3745603658916326e-05,0.0037075063936446995,0.026897771419145372,1.0
6896fea73c283c52ec3df2db2143d92e1dad9531a594c684d1d0adfc23fe05fa,colin,QR1,4,571,2026-02-28,2026-01-31,1978-07-31,2026-01-31,-3.319307735691405,-3.5432987087435324,-3.378645865423487,ok,[],4.016596358269453e-05,,0.0035210136401014297,0.0593381297320823,4.344210335159043e-06,0.0020842769334133704,0.007329066243175891,1.0
6896fea73c283c52ec3df2db2143d92e1dad9531a594c684d1d0adfc23fe05fa,colin,QR1,4,571,2026-03-31,2026-02-28,1978-08-31,2026-02-28,-2.9305511753093016,-3.319307735691405,-3.0732787738947573,ok,[],7.904204539954662e-05,,0.020371167397970975,0.1427275985854557,5.038750245859221e-05,0.007098415489290001,0.04491227265096903,1.0
6896fea73c283c52ec3df2db2143d92e1dad9531a594c684d1d0adfc23fe05fa,colin,QR1,4,571,2026-04-30,2026-03-31,1978-09-30,2026-03-31,-3.237312027686596,-2.9305511753093016,-2.9188472391863085,ok,[],5.2332994528114796e-05,,0.10141982151453277,0.31846478850028737,0.0002168723827980547,0.014726587615535879,0.16584349989962877,0.0
6896fea73c283c52ec3df2db2143d92e1dad9531a594c684d1d0adfc23fe05fa,colin,QR1,4,571,2026-05-31,2026-04-30,1978-10-31,2026-04-30,-3.5119546359486353,-3.237312027686596,-3.2607808764269017,ok,[],6.283307448029518e-05,,0.06308825747228165,0.2511737595217336,7.258868229830166e-05,0.008519899195313384,0.1074560064234098,1.0
6896fea73c283c52ec3df2db2143d92e1dad9531a594c684d1d0adfc23fe05fa,colin,QR1,4,571,2026-06-30,2026-05-31,1978-11-30,2026-05-31,-3.0168147582707263,-3.5119546359486353,-3.255045539651083,ok,[],5.0167087465524673e-05,,0.05675390519709525,0.23823078138035658,0.00010769969006577553,0.01037784611881365,0.13390456672424944,1.0
6896fea73c283c52ec3df2db2143d92e1dad9531a594c684d1d0adfc23fe05fa,colin,QR1,4,571,2026-07-31,2026-06-30,1978-12-31,2026-06-30,-3.371829178429884,-3.0168147582707263,-3.020449097362063,ok,[],5.066697485744953e-05,,0.12346796137122856,0.35138008106782115,0.0002088752397314849,0.014452516726559596,0.19797669985155208,1.0
6896fea73c283c52ec3df2db2143d92e1dad9531a594c684d1d0adfc23fe05fa,colin,QR1,4,571,2026-08-31,2026-07-31,1979-01-31,2026-07-31,-3.507788998946598,-3.371829178429884,-3.199222387576476,ok,[],4.3665990233421326e-05,,0.0952133536524399,0.308566611370122,0.00011730674474570357,0.010830823825808616,0.1566220398539745,0.0
6896fea73c283c52ec3df2db2143d92e1dad9531a594c684d1d0adfc23fe05fa,colin,QR2,0,120,2025-09-30,2025-08-31,2015-09-30,2025-08-31,-3.844352655797379,-3.3885720022366694,-3.229551089890049,ok,[],3.966700751334429e-05,,0.3779809654421048,0.6148015659073298,0.0003303309932154666,0.018175010129721156,0.5220117341421343,0.0
6896fea73c283c52ec3df2db2143d92e1dad9531a594c684d1d0adfc23fe05fa,colin,QR2,0,120,2025-10-31,2025-09-30,2015-10-31,2025-09-30,-3.200601249147139,-3.844352655797379,-3.4513897676644976,ok,[],4.0207989513874054e-05,,0.06289488102013141,0.2507885185173584,8.165209974536762e-05,0.00903615514172746,0.14974637947007796,1.0
6896fea73c283c52ec3df2db2143d92e1dad9531a594c684d1d0adfc23fe05fa,colin,QR2,0,120,2025-11-30,2025-10-31,2015-11-30,2025-10-31,-3.1877347547552812,-3.200601249147139,-3.505523641121494,ok,[],3.883300814777613e-05,,0.10098977629787759,0.3177888863662126,0.00012620718898233334,0.011234197300311818,0.25253495368991885,0.0
6896fea73c283c52ec3df2db2143d92e1dad9531a594c684d1d0adfc23fe05fa,colin,QR2,0,120,2025-12-31,2025-11-30,2015-12-31,2025-11-30,-3.669080341092571,-3.1877347547552812,-3.2508457560014103,ok,[],3.958295565098524e-05,,0.17492016816637546,0.41823458509116085,0.00017533779339209523,0.013241517790347723,0.2697066841856708,1.0
6896fea73c283c52ec3df2db2143d92e1dad9531a594c684d1d0adfc23fe05fa,colin,QR2,0,120,2026-01-31,2025-12-31,2016-01-31,2025-12-31,-3.5432987087435324,-3.669080341092571,-3.4663658015356775,ok,[],4.1207997128367424e-05,,0.005918672211452403,0.07693290720785484,5.347857974816671e-06,0.002312543615765262,0.011252876692469382,1.0
6896fea73c283c52ec3df2db2143d92e1dad9531a594c684d1d0adfc23fe05fa,colin,QR2,0,120,2026-02-28,2026-01-31,2016-02-29,2026-01-31,-3.319307735691405,-3.5432987087435324,-3.4778038296005196,ok,[],3.9082951843738556e-05,,0.0251210117844469,0.15849609390911468,2.811888211621842e-05,0.005302724027914183,0.05599965800346318,1.0
6896fea73c283c52ec3df2db2143d92e1dad9531a594c684d1d0adfc23fe05fa,colin,QR2,0,120,2026-03-31,2026-02-28,2016-03-31,2026-02-28,-2.9305511753093016,-3.319307735691405,-3.1874621782982393,ok,[],3.854196984320879e-05,,0.06600326345678194,0.25691100298893765,0.00014619529462857054,0.012091124622158625,0.15784612044239943,1.0
6896fea73c283c52ec3df2db2143d92e1dad9531a594c684d1d0adfc23fe05fa,colin,QR2,0,120,2026-04-30,2026-03-31,2016-04-30,2026-03-31,-3.237312027686596,-2.9305511753093016,-2.839758559836624,ok,[],4.0458980947732925e-05,,0.15804875979953867,0.3975534678499719,0.00036750675879511005,0.019170465794943796,0.24663988304897688,0.0
6896fea73c283c52ec3df2db2143d92e1dad9531a594c684d1d0adfc23fe05fa,colin,QR2,0,120,2026-05-31,2026-04-30,2016-05-31,2026-04-30,-3.5119546359486353,-3.237312027686596,-3.3509736498752454,ok,[],4.466692917048931e-05,,0.02591487787716097,0.16098098607338995,2.7161576320682214e-05,0.00521167692021313,0.04668772171709956,1.0
6896fea73c283c52ec3df2db2143d92e1dad9531a594c684d1d0adfc23fe05fa,colin,QR2,0,120,2026-06-30,2026-05-31,2016-06-30,2026-05-31,-3.0168147582707263,-3.5119546359486353,-3.5228422866824927,ok,[],4.2082974687218666e-05,,0.256063859510521,0.5060275284117663,0.0003779713518314591,0.019441485329867652,0.7391941259590402,0.0
6896fea73c283c52ec3df2db2143d92e1dad9531a594c684d1d0adfc23fe05fa,colin,QR2,0,120,2026-07-31,2026-06-30,2016-07-31,2026-06-30,-3.371829178429884,-3.0168147582707263,-3.2391996176842537,ok,[],3.85830644518137e-05,,0.017590600383578885,0.13262956074563048,2.3701938586044893e-05,0.004868463678209471,0.03226629767164799,1.0
6896fea73c283c52ec3df2db2143d92e1dad9531a594c684d1d0adfc23fe05fa,colin,QR2,0,120,2026-08-31,2026-07-31,2016-08-31,2026-07-31,-3.507788998946598,-3.371829178429884,-3.301712371356949,ok,[],3.875000402331352e-05,,0.04246757643872291,0.20607662758964906,4.701809366590926e-05,0.006856974089633799,0.07437603438339802,0.0
6896fea73c283c52ec3df2db2143d92e1dad9531a594c684d1d0adfc23fe05fa,colin,QR2,1,120,2025-09-30,2025-08-31,2015-09-30,2025-08-31,-3.844352655797379,-3.3885720022366694,-3.3797139734258352,ok,[],4.4042011722922325e-05,,0.21588910515596418,0.4646386823715436,0.0001601982364332272,0.01265694419807669,0.32411629657968,0.0
6896fea73c283c52ec3df2db2143d92e1dad9531a594c684d1d0adfc23fe05fa,colin,QR2,1,120,2025-10-31,2025-09-30,2015-10-31,2025-09-30,-3.200601249147139,-3.844352655797379,-3.5350852932517896,ok,[],4.299997817724943e-05,,0.1118795757606017,0.3344840441046504,0.0001341295915850972,0.011581433054035119,0.2832536720127824,1.0
6896fea73c283c52ec3df2db2143d92e1dad9531a594c684d1d0adfc23fe05fa,colin,QR2,1,120,2025-11-30,2025-10-31,2015-11-30,2025-10-31,-3.1877347547552812,-3.200601249147139,-3.5020220483721136,ok,[],3.916595596820116e-05,,0.09877650292899301,0.3142872936168324,0.00012385144683368417,0.011128856492635897,0.2463615285008497,0.0
6896fea73c283c52ec3df2db2143d92e1dad9531a594c684d1d0adfc23fe05fa,colin,QR2,1,120,2025-12-31,2025-11-30,2015-12-31,2025-11-30,-3.669080341092571,-3.1877347547552812,-3.217676703830048,ok,[],3.708305303007364e-05,,0.20376524373383562,0.4514036372625232,0.00021164672551279317,0.014548083224699849,0.3082371821642307,1.0
6896fea73c283c52ec3df2db2143d92e1dad9531a594c684d1d0adfc23fe05fa,colin,QR2,1,120,2026-01-31,2025-12-31,2016-01-31,2025-12-31,-3.5432987087435324,-3.669080341092571,-3.27022084890473,ok,[],4.3459003791213036e-05,,0.07457151753414049,0.2730778598388022,8.245105042711531e-05,0.009080256077177301,0.12532775555325715,1.0
6896fea73c283c52ec3df2db2143d92e1dad9531a594c684d1d0adfc23fe05fa,colin,QR2,1,120,2026-02-28,2026-01-31,2016-02-29,2026-01-31,-3.319307735691405,-3.5432987087435324,-3.414390664953143,ok,[],3.8458965718746185e-05,,0.009040763436992652,0.09508292926173789,1.0767731529851e-05,0.0032814221809835745,0.019284320120130094,1.0
6896fea73c283c52ec3df2db2143d92e1dad9531a594c684d1d0adfc23fe05fa,colin,QR2,1,120,2026-03-31,2026-02-28,2016-03-31,2026-02-28,-2.9305511753093016,-3.319307735691405,-3.2928217303240928,ok,[],3.724999260157347e-05,,0.1312399550307248,0.3622705550147911,0.0002630474582472189,0.016218737874668883,0.3392427229058128,1.0
6896fea73c283c52ec3df2db2143d92e1dad9531a594c684d1d0adfc23fe05fa,colin,QR2,1,120,2026-04-30,2026-03-31,2016-04-30,2026-03-31,-3.237312027686596,-2.9305511753093016,-3.0925634200186245,ok,[],3.591598942875862e-05,,0.020952159421816302,0.14474860766797137,3.740735174745276e-05,0.006116154980660052,0.038137092954490415,1.0
6896fea73c283c52ec3df2db2143d92e1dad9531a594c684d1d0adfc23fe05fa,colin,QR2,1,120,2026-05-31,2026-04-30,2016-05-31,2026-04-30,-3.5119546359486353,-3.237312027686596,-3.0783367220897446,ok,[],3.629096318036318e-05,,0.18802449521933637,0.4336179138588907,0.00026235023847167,0.01619722934552913,0.28734703323192057,0.0
6896fea73c283c52ec3df2db2143d92e1dad9531a594c684d1d0adfc23fe05fa,colin,QR2,1,120,2026-06-30,2026-05-31,2016-06-30,2026-05-31,-3.0168147582707263,-3.5119546359486353,-3.43685521236295,ok,[],3.675010520964861e-05,,0.17643398307400138,0.42004045409222357,0.0002819453777107769,0.01679122918999014,0.4764734892250784,1.0
6896fea73c283c52ec3df2db2143d92e1dad9531a594c684d1d0adfc23fe05fa,colin,QR2,1,120,2026-07-31,2026-06-30,2016-07-31,2026-06-30,-3.371829178429884,-3.0168147582707263,-3.253512283858756,ok,[],3.750005271285772e-05,,0.013998887540955506,0.11831689457112837,1.8588779010982002e-05,0.004311470632044477,0.02591406724862777,1.0
6896fea73c283c52ec3df2db2143d92e1dad9531a594c684d1d0adfc23fe05fa,colin,QR2,1,120,2026-08-31,2026-07-31,2016-08-31,2026-07-31,-3.507788998946598,-3.371829178429884,-3.362456261243389,ok,[],7.862492930144072e-05,,0.02112160464830974,0.14533273770320898,2.1967548065817327e-05,0.004686955095348933,0.03843125763356625,0.0
6896fea73c283c52ec3df2db2143d92e1dad9531a594c684d1d0adfc23fe05fa,colin,QR2,2,120,2025-09-30,2025-08-31,2015-09-30,2025-08-31,-3.844352655797379,-3.3885720022366694,-3.144713717835267,ok,[],3.3708056434988976e-05,,0.4894946435127516,0.6996389379621117,0.00046997924468932846,0.021679004697848295,0.6460529777816034,0.0
6896fea73c283c52ec3df2db2143d92e1dad9531a594c684d1d0adfc23fe05fa,colin,QR2,2,120,2025-10-31,2025-09-30,2015-10-31,2025-09-30,-3.200601249147139,-3.844352655797379,-3.397959454881004,ok,[],3.433297388255596e-05,,0.038950261370490576,0.19735820573386498,5.323546767684046e-05,0.00729626395334218,0.08924688480242488,1.0
6896fea73c283c52ec3df2db2143d92e1dad9531a594c684d1d0adfc23fe05fa,colin,QR2,2,120,2025-11-30,2025-10-31,2015-11-30,2025-10-31,-3.1877347547552812,-3.200601249147139,-3.594312827985906,ok,[],3.545801155269146e-05,,0.1653057296319273,0.4065780732306248,0.00019004500513006428,0.01378568116307875,0.4418577748391228,0.0
6896fea73c283c52ec3df2db2143d92e1dad9531a594c684d1d0adfc23fe05fa,colin,QR2,2,120,2025-12-31,2025-11-30,2015-12-31,2025-11-30,-3.669080341092571,-3.1877347547552812,-3.2023781893968786,ok,[],3.67090106010437e-05,,0.2178108983973893,0.4667021516956926,0.0002299914357563862,0.015165468530724206,0.32661711693349904,1.0
6896fea73c283c52ec3df2db2143d92e1dad9531a594c684d1d0adfc23fe05fa,colin,QR2,2,120,2026-01-31,2025-12-31,2016-01-31,2025-12-31,-3.5432987087435324,-3.669080341092571,-3.2441549731866104,ok,[],3.74580267816782e-05,,0.08948697452294967,0.299143735556922,0.00010168160081289616,0.010083729509110018,0.1480397682124171,1.0
6896fea73c283c52ec3df2db2143d92e1dad9531a594c684d1d0adfc23fe05fa,colin,QR2,2,120,2026-02-28,2026-01-31,2016-02-29,2026-01-31,-3.319307735691405,-3.5432987087435324,-3.421097805117398,ok,[],3.6624958738684654e-05,,0.01036121823374852,0.10179006942599322,1.2259276534554034e-05,0.0035013249684303846,0.02220324772657531,1.0
6896fea73c283c52ec3df2db2143d92e1dad9531a594c684d1d0adfc23fe05fa,colin,QR2,2,120,2026-03-31,2026-02-28,2016-03-31,2026-02-28,-2.9305511753093016,-3.319307735691405,-3.1298833042411003,ok,[],3.558304160833359e-05,,0.039733297624483195,0.19933212893179864,9.30205446679678e-05,0.00964471589358483,0.09116907693861748,1.0
6896fea73c283c52ec3df2db2143d92e1dad9531a594c684d1d0adfc23fe05fa,colin,QR2,2,120,2026-04-30,2026-03-31,2016-04-30,2026-03-31,-3.237312027686596,-2.9305511753093016,-2.800389958446999,ok,[],3.612495493143797e-05,,0.19090089458861098,0.43692206923959676,0.0004629832546105794,0.021517045675709744,0.29118827150018867,0.0
6896fea73c283c52ec3df2db2143d92e1dad9531a594c684d1d0adfc23fe05fa,colin,QR2,2,120,2026-05-31,2026-04-30,2016-05-31,2026-04-30,-3.5119546359486353,-3.237312027686596,-3.022809774098333,ok,[],3.516604192554951e-05,,0.2392626958745513,0.48914486185030226,0.0003544091075316906,0.01882575649294579,0.354243257443258,0.0
6896fea73c283c52ec3df2db2143d92e1dad9531a594c684d1d0adfc23fe05fa,colin,QR2,2,120,2026-06-30,2026-05-31,2016-06-30,2026-05-31,-3.0168147582707263,-3.5119546359486353,-3.5722964118470135,ok,[],3.616698086261749e-05,,0.30855986745984637,0.5554816535762872,0.0004353749091349334,0.020865639437480304,0.9263195147627434,0.0
6896fea73c283c52ec3df2db2143d92e1dad9531a594c684d1d0adfc23fe05fa,colin,QR2,2,120,2026-07-31,2026-06-30,2016-07-31,2026-06-30,-3.371829178429884,-3.0168147582707263,-3.1268411841782178,ok,[],3.654195461422205e-05,,0.060019117327454526,0.2449879942516664,9.080797788061738e-05,0.009529322005295937,0.10261709294097798,1.0
6896fea73c283c52ec3df2db2143d92e1dad9531a594c684d1d0adfc23fe05fa,colin,QR2,2,120,2026-08-31,2026-07-31,2016-08-31,2026-07-31,-3.507788998946598,-3.371829178429884,-3.255226241348109,ok,[],3.5207951441407204e-05,,0.06378794652575312,0.252562757598489,7.411493950265683e-05,0.00860900339776079,0.10855534625647556,0.0
6896fea73c283c52ec3df2db2143d92e1dad9531a594c684d1d0adfc23fe05fa,colin,QR2,3,120,2025-09-30,2025-08-31,2015-09-30,2025-08-31,-3.844352655797379,-3.3885720022366694,-3.4144403434318256,ok,[],3.475008998066187e-05,,0.18482459632349704,0.4299123123655533,0.0001321249312470167,0.011494560941898421,0.28306092572069685,1.0
6896fea73c283c52ec3df2db2143d92e1dad9531a594c684d1d0adfc23fe05fa,colin,QR2,3,120,2025-10-31,2025-09-30,2015-10-31,2025-09-30,-3.200601249147139,-3.844352655797379,-3.648192278849241,ok,[],3.666698466986418e-05,,0.20033772986978773,0.44759102970210174,0.0002160766855060366,0.014699547119079438,0.5525993311155237,1.0
6896fea73c283c52ec3df2db2143d92e1dad9531a594c684d1d0adfc23fe05fa,colin,QR2,3,120,2025-11-30,2025-10-31,2015-11-30,2025-10-31,-3.1877347547552812,-3.200601249147139,-3.366591473086745,ok,[],3.4542055800557137e-05,,0.03198972569230057,0.17885671833146377,4.567307384300682e-05,0.006758185691663615,0.07234232354346692,0.0
6896fea73c283c52ec3df2db2143d92e1dad9531a594c684d1d0adfc23fe05fa,colin,QR2,3,120,2025-12-31,2025-11-30,2015-12-31,2025-11-30,-3.669080341092571,-3.1877347547552812,-3.158070238273707,ok,[],3.474997356534004e-05,,0.26113132518294624,0.5110101028188643,0.000289264625186074,0.017007781312860123,0.38188740522006137,0.0
6896fea73c283c52ec3df2db2143d92e1dad9531a594c684d1d0adfc23fe05fa,colin,QR2,3,120,2026-01-31,2025-12-31,2016-01-31,2025-12-31,-3.5432987087435324,-3.669080341092571,-3.470780637297007,ok,[],3.3958000130951405e-05,,0.005258870686323337,0.07251807144652522,4.730497885846988e-06,0.002174970778159327,0.01002717216055185,1.0
6896fea73c283c52ec3df2db2143d92e1dad9531a594c684d1d0adfc23fe05fa,colin,QR2,3,120,2026-02-28,2026-01-31,2016-02-29,2026-01-31,-3.319307735691405,-3.5432987087435324,-3.4631267934669587,ok,[],3.5250093787908554e-05,,0.020683921379448085,0.14381905777555382,2.3485912338372303e-05,0.0048462266082357625,0.04563660986944851,1.0
6896fea73c283c52ec3df2db2143d92e1dad9531a594c684d1d0adfc23fe05fa,colin,QR2,3,120,2026-03-31,2026-02-28,2016-03-31,2026-02-28,-2.9305511753093016,-3.319307735691405,-3.310527004968804,ok,[],3.4207943826913834e-05,,0.14438163112542718,0.3799758296595024,0.0002846198607629215,0.016870680506811855,0.37822119794750364,1.0
6896fea73c283c52ec3df2db2143d92e1dad9531a594c684d1d0adfc23fe05fa,colin,QR2,3,120,2026-04-30,2026-03-31,2016-04-30,2026-03-31,-3.237312027686596,-2.9305511753093016,-2.895134739785722,ok,[],3.3250078558921814e-05,,0.11708529635519745,0.34217728790087376,0.00025671302196743026,0.016022266442904706,0.188770262426473,0.0
6896fea73c283c52ec3df2db2143d92e1dad9531a594c684d1d0adfc23fe05fa,colin,QR2,3,120,2026-05-31,2026-04-30,2016-05-31,2026-04-30,-3.5119546359486353,-3.237312027686596,-3.3393660094551514,ok,[],3.345799632370472e-05,,0.029786833994907308,0.17258862649348394,3.159448997528354e-05,0.0056208976129514705,0.05327208340668049,1.0
6896fea73c283c52ec3df2db2143d92e1dad9531a594c684d1d0adfc23fe05fa,colin,QR2,3,120,2026-06-30,2026-05-31,2016-06-30,2026-05-31,-3.0168147582707263,-3.5119546359486353,-3.3895458377334577,ok,[],3.4125056117773056e-05,,0.138928457597453,0.37273107946273143,0.00023204186023998842,0.015232920279447025,0.36195301175839667,1.0
6896fea73c283c52ec3df2db2143d92e1dad9531a594c684d1d0adfc23fe05fa,colin,QR2,3,120,2026-07-31,2026-06-30,2016-07-31,2026-06-30,-3.371829178429884,-3.0168147582707263,-3.0903654519780677,ok,[],3.391597419977188e-05,,0.07922182930814299,0.2814637264518165,0.0001245129838196458,0.011158538605912774,0.13246677435848342,1.0
6896fea73c283c52ec3df2db2143d92e1dad9531a594c684d1d0adfc23fe05fa,colin,QR2,3,120,2026-08-31,2026-07-31,2016-08-31,2026-07-31,-3.507788998946598,-3.371829178429884,-3.4788726527926475,ok,[],3.329198807477951e-05,,0.0008361550748950911,0.028916346153950556,7.727668596594432e-07,0.0008790715896099949,0.0016405328475515221,1.0
6896fea73c283c52ec3df2db2143d92e1dad9531a594c684d1d0adfc23fe05fa,colin,QR2,4,120,2025-09-30,2025-08-31,2015-09-30,2025-08-31,-3.844352655797379,-3.3885720022366694,-3.206636495477138,ok,[],7.112498860806227e-05,,0.4066819011335911,0.6377161603202408,0.00036451710506395734,0.019092331053696857,0.5547425111959572,0.0
6896fea73c283c52ec3df2db2143d92e1dad9531a594c684d1d0adfc23fe05fa,colin,QR2,4,120,2025-10-31,2025-09-30,2015-10-31,2025-09-30,-3.200601249147139,-3.844352655797379,-3.525952413849481,ok,[],5.000003147870302e-05,,0.10585338037317042,0.32535116470234193,0.00012800507293428612,0.011313932690903111,0.26618431280607147,1.0
6896fea73c283c52ec3df2db2143d92e1dad9531a594c684d1d0adfc23fe05fa,colin,QR2,4,120,2025-11-30,2025-10-31,2015-11-30,2025-10-31,-3.1877347547552812,-3.200601249147139,-3.6466586990299605,ok,[],4.008389078080654e-05,,0.21061118662862896,0.4589239442746793,0.00023064869974799944,0.015187122826526407,0.5860480356336082,0.0
6896fea73c283c52ec3df2db2143d92e1dad9531a594c684d1d0adfc23fe05fa,colin,QR2,4,120,2025-12-31,2025-11-30,2015-12-31,2025-11-30,-3.669080341092571,-3.1877347547552812,-3.3068955123128525,ok,[],3.62499849870801e-05,,0.13117785019819414,0.3621848287797187,0.0001238725266212796,0.011129803530219192,0.20899961308456583,1.0
6896fea73c283c52ec3df2db2143d92e1dad9531a594c684d1d0adfc23fe05fa,colin,QR2,4,120,2026-01-31,2025-12-31,2016-01-31,2025-12-31,-3.5432987087435324,-3.669080341092571,-3.3792741557999646,ok,[],3.487500362098217e-05,,0.026904053968337265,0.16402455294356777,2.6567824992198916e-05,0.005154398606258437,0.048376752395817846,1.0
6896fea73c283c52ec3df2db2143d92e1dad9531a594c684d1d0adfc23fe05fa,colin,QR2,4,120,2026-02-28,2026-01-31,2016-02-29,2026-01-31,-3.319307735691405,-3.5432987087435324,-3.3688628980119812,ok,[],3.3708056434988976e-05,,0.0024557141126186678,0.04955516232057633,3.0593634877452663e-06,0.0017491036240729896,0.005077787355369998,1.0
6896fea73c283c52ec3df2db2143d92e1dad9531a594c684d1d0adfc23fe05fa,colin,QR2,4,120,2026-03-31,2026-02-28,2016-03-31,2026-02-28,-2.9305511753093016,-3.319307735691405,-3.185317574569915,ok,[],3.2957992516458035e-05,,0.06490591819221833,0.2547663992606135,0.0001440601962937916,0.012002507916839364,0.15498055163505975,1.0
6896fea73c283c52ec3df2db2143d92e1dad9531a594c684d1d0adfc23fe05fa,colin,QR2,4,120,2026-04-30,2026-03-31,2016-04-30,2026-03-31,-3.237312027686596,-2.9305511753093016,-2.704367747539312,ok,[],3.304204437881708e-05,,0.2840296057417064,0.5329442801472837,0.0007641524753442478,0.02764330796674392,0.4103102396254228,0.0
6896fea73c283c52ec3df2db2143d92e1dad9531a594c684d1d0adfc23fe05fa,colin,QR2,4,120,2026-05-31,2026-04-30,2016-05-31,2026-04-30,-3.5119546359486353,-3.237312027686596,-3.02865779517405,ok,[],3.27499583363533e-05,,0.2335758363026948,0.48329684077458523,0.0003438056609335165,0.018541997220728853,0.346970198950169,0.0
6896fea73c283c52ec3df2db2143d92e1dad9531a594c684d1d0adfc23fe05fa,colin,QR2,4,120,2026-06-30,2026-05-31,2016-06-30,2026-05-31,-3.0168147582707263,-3.5119546359486353,-3.4696398061345883,ok,[],3.1832954846322536e-05,,0.20505052397290893,0.452825047863862,0.0003178614390841884,0.017828669021668117,0.5678893421748039,1.0
6896fea73c283c52ec3df2db2143d92e1dad9531a594c684d1d0adfc23fe05fa,colin,QR2,4,120,2026-07-31,2026-06-30,2016-07-31,2026-06-30,-3.371829178429884,-3.0168147582707263,-3.2550124993640437,ok,[],3.2667070627212524e-05,,0.013646136507971572,0.11681667906584048,1.8092673761957673e-05,0.004253548373059565,0.025285373598366717,1.0
6896fea73c283c52ec3df2db2143d92e1dad9531a594c684d1d0adfc23fe05fa,colin,QR2,4,120,2026-08-31,2026-07-31,2016-08-31,2026-07-31,-3.507788998946598,-3.371829178429884,-3.4128452074484255,ok,[],3.2374984584748745e-05,,0.009014323544048464,0.09494379149817256,8.905659975623399e-06,0.0029842352413346034,0.01693968643326843,1.0
6896fea73c283c52ec3df2db2143d92e1dad9531a594c684d1d0adfc23fe05fa,colin,QR2,0,571,2025-09-30,2025-08-31,1978-02-28,2025-08-31,-3.844352655797379,-3.3885720022366694,-3.3606953479716912,ok,[],8.758401963859797e-05,,0.23392439141319193,0.4836573078256876,0.00017717909622337906,0.013310863842117049,0.3474170054751339,0.0
6896fea73c283c52ec3df2db2143d92e1dad9531a594c684d1d0adfc23fe05fa,colin,QR2,0,571,2025-10-31,2025-09-30,1978-03-31,2025-09-30,-3.200601249147139,-3.844352655797379,-3.490823556663232,ok,[],7.479195483028889e-05,,0.08422898777996567,0.290222307516093,0.00010530740823066437,0.01026193978888321,0.206388091812722,1.0
6896fea73c283c52ec3df2db2143d92e1dad9531a594c684d1d0adfc23fe05fa,colin,QR2,0,571,2025-11-30,2025-10-31,1978-04-30,2025-10-31,-3.1877347547552812,-3.200601249147139,-3.214257398031087,ok,[],6.766594015061855e-05,,0.0007034506063356514,0.02652264327580589,1.1665656968470868e-06,0.0010800767087790972,0.0014321111315551277,0.0
6896fea73c283c52ec3df2db2143d92e1dad9531a594c684d1d0adfc23fe05fa,colin,QR2,0,571,2025-12-31,2025-11-30,1978-05-31,2025-11-30,-3.669080341092571,-3.1877347547552812,-3.3160937701074005,ok,[],6.174994632601738e-05,,0.12459951929586897,0.3529865709851707,0.00011651947768025198,0.010794418820865345,0.19960111232081268,1.0
6896fea73c283c52ec3df2db2143d92e1dad9531a594c684d1d0adfc23fe05fa,colin,QR2,0,571,2026-01-31,2025-12-31,1978-06-30,2025-12-31,-3.5432987087435324,-3.669080341092571,-3.444646642453274,ok,[],6.187497638165951e-05,,0.009732230183337572,0.09865206629025858,8.989560485808318e-06,0.002998259576122174,0.018245053041600956,1.0
6896fea73c283c52ec3df2db2143d92e1dad9531a594c684d1d0adfc23fe05fa,colin,QR2,0,571,2026-02-28,2026-01-31,1978-07-31,2026-01-31,-3.319307735691405,-3.5432987087435324,-3.4703144171567626,ok,[],5.833408795297146e-05,,0.022803017847179998,0.15100668146535767,2.571117971237388e-05,0.005070619263203843,0.05056593808149029,1.0
6896fea73c283c52ec3df2db2143d92e1dad9531a594c684d1d0adfc23fe05fa,colin,QR2,0,571,2026-03-31,2026-02-28,1978-08-31,2026-02-28,-2.9305511753093016,-3.319307735691405,-3.210031360731487,ok,[],5.8750039897859097e-05,,0.07810917404361922,0.27948018542218556,0.00016931910410142499,0.01301226744658382,0.1898930250393016,1.0
6896fea73c283c52ec3df2db2143d92e1dad9531a594c684d1d0adfc23fe05fa,colin,QR2,0,571,2026-04-30,2026-03-31,1978-09-30,2026-03-31,-3.237312027686596,-2.9305511753093016,-2.913526218208872,ok,[],6.320804823189974e-05,,0.10483725041914495,0.32378580947772395,0.0002254402151321397,0.015014666667366935,0.17088666229284383,0.0
6896fea73c283c52ec3df2db2143d92e1dad9531a594c684d1d0adfc23fe05fa,colin,QR2,0,571,2026-05-31,2026-04-30,1978-10-31,2026-04-30,-3.5119546359486353,-3.237312027686596,-3.267858645406344,ok,[],6.76250783726573e-05,,0.05958285259882245,0.24409599054229147,6.805203253541436e-05,0.008249365583813967,0.1019270172986419,1.0
6896fea73c283c52ec3df2db2143d92e1dad9531a594c684d1d0adfc23fe05fa,colin,QR2,0,571,2026-06-30,2026-05-31,1978-11-30,2026-05-31,-3.0168147582707263,-3.5119546359486353,-3.310884655187199,ok,[],6.400002166628838e-05,,0.0864771042724648,0.29406989691647256,0.0001555763788198398,0.01247302604903236,0.21249595048579117,1.0
6896fea73c283c52ec3df2db2143d92e1dad9531a594c684d1d0adfc23fe05fa,colin,QR2,0,571,2026-07-31,2026-06-30,1978-12-31,2026-06-30,-3.371829178429884,-3.0168147582707263,-3.101247851982265,ok,[],6.166694220155478e-05,,0.07321425422215302,0.2705813264476191,0.00011376851912944599,0.010666232658696602,0.12323376504221067,1.0
6896fea73c283c52ec3df2db2143d92e1dad9531a594c684d1d0adfc23fe05fa,colin,QR2,0,571,2026-08-31,2026-07-31,1979-01-31,2026-07-31,-3.507788998946598,-3.371829178429884,-3.16091735025847,ok,[],5.5458047427237034e-05,,0.12031994066361996,0.3468716486881278,0.00015434956370875754,0.012423749985763458,0.19344532778926504,0.0
6896fea73c283c52ec3df2db2143d92e1dad9531a594c684d1d0adfc23fe05fa,colin,QR2,1,571,2025-09-30,2025-08-31,1978-02-28,2025-08-31,-3.844352655797379,-3.3885720022366694,-3.4762238069698332,ok,[],4.366703797131777e-05,,0.13551884933909392,0.3681288488275456,9.070115283525611e-05,0.00952371528528946,0.21516046282136936,1.0
6896fea73c283c52ec3df2db2143d92e1dad9531a594c684d1d0adfc23fe05fa,colin,QR2,1,571,2025-10-31,2025-09-30,1978-03-31,2025-09-30,-3.200601249147139,-3.844352655797379,-3.53674924201316,ok,[],4.3874955736100674e-05,,0.11299547310785446,0.33614799286602093,0.0001352547427132764,0.01162990725299546,0.286433390783864,1.0
6896fea73c283c52ec3df2db2143d92e1dad9531a594c684d1d0adfc23fe05fa,colin,QR2,1,571,2025-11-30,2025-10-31,1978-04-30,2025-10-31,-3.1877347547552812,-3.200601249147139,-3.193437848610034,ok,[],4.800001624971628e-05,,3.252527951611997e-05,0.005703093854752872,5.5069884409767e-08,0.00023466973475454178,6.529859220235669e-05,1.0
6896fea73c283c52ec3df2db2143d92e1dad9531a594c684d1d0adfc23fe05fa,colin,QR2,1,571,2025-12-31,2025-11-30,1978-05-31,2025-11-30,-3.669080341092571,-3.1877347547552812,-3.2960578869621817,ok,[],5.2208080887794495e-05,,0.13914575128545853,0.3730224541303895,0.00013291649427909138,0.011528941594053262,0.22028341348411695,1.0
6896fea73c283c52ec3df2db2143d92e1dad9531a594c684d1d0adfc23fe05fa,colin,QR2,1,571,2026-01-31,2025-12-31,1978-06-30,2025-12-31,-3.5432987087435324,-3.669080341092571,-3.485274970909023,ok,[],4.7874986194074154e-05,,0.0033667541522878807,0.058023737834509426,2.9844374644792048e-06,0.0017275524491254107,0.006480424063043291,1.0
6896fea73c283c52ec3df2db2143d92e1dad9531a594c684d1d0adfc23fe05fa,colin,QR2,1,571,2026-02-28,2026-01-31,1978-07-31,2026-01-31,-3.319307735691405,-3.5432987087435324,-3.4536433300571523,ok,[],0.00010987499263137579,,0.018046051913598617,0.13433559436574738,2.0681400196522206e-05,0.004547680749186579,0.03955372249409134,1.0
6896fea73c283c52ec3df2db2143d92e1dad9531a594c684d1d0adfc23fe05fa,colin,QR2,1,571,2026-03-31,2026-02-28,1978-08-31,2026-02-28,-2.9305511753093016,-3.319307735691405,-3.2099261373770895,ok,[],7.058307528495789e-05,,0.07805036943037792,0.2793749620677879,0.00016920860768590147,0.013008020898119033,0.18973547003050095,1.0
6896fea73c283c52ec3df2db2143d92e1dad9531a594c684d1d0adfc23fe05fa,colin,QR2,1,571,2026-04-30,2026-03-31,1978-09-30,2026-03-31,-3.237312027686596,-2.9305511753093016,-3.012387334566366,ok,[],6.279104854911566e-05,,0.05059111757522954,0.22492469312022978,9.810576055574945e-05,0.00990483521093357,0.08757358066783988,1.0
6896fea73c283c52ec3df2db2143d92e1dad9531a594c684d1d0adfc23fe05fa,colin,QR2,1,571,2026-05-31,2026-04-30,1978-10-31,2026-04-30,-3.5119546359486353,-3.237312027686596,-3.2778773044558296,ok,[],5.8916048146784306e-05,,0.054792197118792865,0.23407733149280574,6.193187975808642e-05,0.00786968104551172,0.09431133589325497,1.0
6896fea73c283c52ec3df2db2143d92e1dad9531a594c684d1d0adfc23fe05fa,colin,QR2,1,571,2026-06-30,2026-05-31,1978-11-30,2026-05-31,-3.0168147582707263,-3.5119546359486353,-3.2634387005810557,ok,[],5.2458024583756924e-05,,0.06082336892068866,0.24662394231032936,0.0001144962349560426,0.010700291349119546,0.14437852886151614,1.0
6896fea73c283c52ec3df2db2143d92e1dad9531a594c684d1d0adfc23fe05fa,colin,QR2,1,571,2026-07-31,2026-06-30,1978-12-31,2026-06-30,-3.371829178429884,-3.0168147582707263,-3.119941469444627,ok,[],9.391701314598322e-05,,0.06344741793784159,0.25188770898525714,9.668716099195706e-05,0.009832962981317334,0.10802048817351173,1.0
6896fea73c283c52ec3df2db2143d92e1dad9531a594c684d1d0adfc23fe05fa,colin,QR2,1,571,2026-08-31,2026-07-31,1979-01-31,2026-07-31,-3.507788998946598,-3.371829178429884,-3.314936076074982,ok,[],7.65420263633132e-05,,0.0371922498601254,0.19285292287161582,4.061871823219512e-05,0.006373281590530511,0.0656763582293503,0.0
6896fea73c283c52ec3df2db2143d92e1dad9531a594c684d1d0adfc23fe05fa,colin,QR2,2,571,2025-09-30,2025-08-31,1978-02-28,2025-08-31,-3.844352655797379,-3.3885720022366694,-3.434121802521157,ok,[],4.916603211313486e-05,,0.16828935297973718,0.410230853276222,0.00011779786595873691,0.010853472529966476,0.2606900578144856,1.0
6896fea73c283c52ec3df2db2143d92e1dad9531a594c684d1d0adfc23fe05fa,colin,QR2,2,571,2025-10-31,2025-09-30,1978-03-31,2025-09-30,-3.200601249147139,-3.844352655797379,-3.546543706981466,ok,[],5.1541952416300774e-05,,0.11967618413245502,0.34594245783432687,0.00014193412489100433,0.011913610908998343,0.3055921471912362,1.0
6896fea73c283c52ec3df2db2143d92e1dad9531a594c684d1d0adfc23fe05fa,colin,QR2,2,571,2025-11-30,2025-10-31,1978-04-30,2025-10-31,-3.1877347547552812,-3.200601249147139,-3.2099631075596537,ok,[],4.912505391985178e-05,,0.0004940996683956557,0.02222835280437252,8.229009542204437e-07,0.0009071388836448604,0.0010030075800251809,0.0
6896fea73c283c52ec3df2db2143d92e1dad9531a594c684d1d0adfc23fe05fa,colin,QR2,2,571,2025-12-31,2025-11-30,1978-05-31,2025-11-30,-3.669080341092571,-3.1877347547552812,-3.336970627221834,ok,[],4.8416899517178535e-05,,0.11029686204730292,0.3321097138707372,0.0001008932229407787,0.010044561859074725,0.178894539809544,1.0
6896fea73c283c52ec3df2db2143d92e1dad9531a594c684d1d0adfc23fe05fa,colin,QR2,2,571,2026-01-31,2025-12-31,1978-06-30,2025-12-31,-3.5432987087435324,-3.669080341092571,-3.4237115417622057,ok,[],5.133403465151787e-05,,0.014301090506619703,0.11958716698132665,1.349436832887727e-05,0.003673468160863419,0.02645195514363638,1.0
6896fea73c283c52ec3df2db2143d92e1dad9531a594c684d1d0adfc23fe05fa,colin,QR2,2,571,2026-02-28,2026-01-31,1978-07-31,2026-01-31,-3.319307735691405,-3.5432987087435324,-3.462259421389198,ok,[],4.9915979616343975e-05,,0.02043518444384067,0.14295168569779326,2.322313330037429e-05,0.004819038628230146,0.04506046846447187,1.0
6896fea73c283c52ec3df2db2143d92e1dad9531a594c684d1d0adfc23fe05fa,colin,QR2,2,571,2026-03-31,2026-02-28,1978-08-31,2026-02-28,-2.9305511753093016,-3.319307735691405,-3.2382021909696097,ok,[],5.145894829183817e-05,,0.09464914743681911,0.30765101566030806,0.00019974868470373409,0.014133247493189033,0.23491330683719291,1.0
6896fea73c283c52ec3df2db2143d92e1dad9531a594c684d1d0adfc23fe05fa,colin,QR2,2,571,2026-04-30,2026-03-31,1978-09-30,2026-03-31,-3.237312027686596,-2.9305511753093016,-2.98132204061837,ok,[],5.012506153434515e-05,,0.06553087347919044,0.25598998706822584,0.0001312495562044577,0.01145641986854784,0.11128776351783276,1.0
6896fea73c283c52ec3df2db2143d92e1dad9531a594c684d1d0adfc23fe05fa,colin,QR2,2,571,2026-05-31,2026-04-30,1978-10-31,2026-04-30,-3.5119546359486353,-3.237312027686596,-3.218736851482726,ok,[],4.8625050112605095e-05,,0.0859766691270965,0.2932177844659094,0.00010336840535382885,0.010167025393586309,0.14274224066051966,0.0
6896fea73c283c52ec3df2db2143d92e1dad9531a594c684d1d0adfc23fe05fa,colin,QR2,2,571,2026-06-30,2026-05-31,1978-11-30,2026-05-31,-3.0168147582707263,-3.5119546359486353,-3.259850653431428,ok,[],5.137501284480095e-05,,0.05906644633656368,0.2430358951607019,0.00011157228422929732,0.010562778243875866,0.13984492678386917,1.0
6896fea73c283c52ec3df2db2143d92e1dad9531a594c684d1d0adfc23fe05fa,colin,QR2,2,571,2026-07-31,2026-06-30,1978-12-31,2026-06-30,-3.371829178429884,-3.0168147582707263,-3.095774680328638,ok,[],5.341600626707077e-05,,0.07620608592193098,0.27605449810124627,0.00011909711188918947,0.010913162323047773,0.1278433038197465,1.0
6896fea73c283c52ec3df2db2143d92e1dad9531a594c684d1d0adfc23fe05fa,colin,QR2,2,571,2026-08-31,2026-07-31,1979-01-31,2026-07-31,-3.507788998946598,-3.371829178429884,-3.2487793817390473,ok,[],5.3333002142608166e-05,,0.06708598180600192,0.25900961720755067,7.847258922209514e-05,0.00885847555858767,0.11371855527721553,0.0
6896fea73c283c52ec3df2db2143d92e1dad9531a594c684d1d0adfc23fe05fa,colin,QR2,3,571,2025-09-30,2025-08-31,1978-02-28,2025-08-31,-3.844352655797379,-3.3885720022366694,-3.402820870957204,ok,[],3.883300814777613e-05,,0.19495031702415055,0.44153178484017497,0.00014111089098503042,0.01187901052213653,0.29657770948763273,1.0
6896fea73c283c52ec3df2db2143d92e1dad9531a594c684d1d0adfc23fe05fa,colin,QR2,3,571,2025-10-31,2025-09-30,1978-03-31,2025-09-30,-3.200601249147139,-3.844352655797379,-3.5215574202125155,ok,[],3.9207981899380684e-05,,0.10301286374494711,0.32095617106537633,0.0001250892558032602,0.011184330816068531,0.2581987274364347,1.0
6896fea73c283c52ec3df2db2143d92e1dad9531a594c684d1d0adfc23fe05fa,colin,QR2,3,571,2025-11-30,2025-10-31,1978-04-30,2025-10-31,-3.1877347547552812,-3.200601249147139,-3.1758135857506042,ok,[],4.0499959141016006e-05,,0.0001421142704380714,0.01192116900467699,2.44900066794392e-07,0.0004948737887526394,0.000281983050255695,1.0
6896fea73c283c52ec3df2db2143d92e1dad9531a594c684d1d0adfc23fe05fa,colin,QR2,3,571,2025-12-31,2025-11-30,1978-05-31,2025-11-30,-3.669080341092571,-3.1877347547552812,-3.2462186383337457,ok,[],4.1874940507113934e-05,,0.1788120196600933,0.4228617027588255,0.00018012845667333456,0.013421194308754141,0.274970131935236,1.0
6896fea73c283c52ec3df2db2143d92e1dad9531a594c684d1d0adfc23fe05fa,colin,QR2,3,571,2026-01-31,2025-12-31,1978-06-30,2025-12-31,-3.5432987087435324,-3.669080341092571,-3.471691543790594,ok,[],4.308403003960848e-05,,0.005127586072597297,0.07160716495293817,4.608153821869653e-06,0.00214666108686715,0.009782647390113308,1.0
6896fea73c283c52ec3df2db2143d92e1dad9531a594c684d1d0adfc23fe05fa,colin,QR2,3,571,2026-02-28,2026-01-31,1978-07-31,2026-01-31,-3.319307735691405,-3.5432987087435324,-3.460621490869975,ok,[],4.133302718400955e-05,,0.01996957740266886,0.14131375517857014,2.273032401290805e-05,0.004767632957024696,0.04398341058777194,1.0
6896fea73c283c52ec3df2db2143d92e1dad9531a594c684d1d0adfc23fe05fa,colin,QR2,3,571,2026-03-31,2026-02-28,1978-08-31,2026-02-28,-2.9305511753093016,-3.319307735691405,-3.154634739129415,ok,[],4.025001544505358e-05,,0.05021344357432289,0.22408356382011352,0.00011478202095549062,0.010713637148769349,0.11727317449546093,1.0
6896fea73c283c52ec3df2db2143d92e1dad9531a594c684d1d0adfc23fe05fa,colin,QR2,3,571,2026-04-30,2026-03-31,1978-09-30,2026-03-31,-3.237312027686596,-2.9305511753093016,-3.011484944751707,ok,[],3.9624981582164764e-05,,0.050997871386881215,0.22582708293488896,9.89871673357851e-05,0.009949229484527186,0.08822844664442792,1.0
6896fea73c283c52ec3df2db2143d92e1dad9531a594c684d1d0adfc23fe05fa,colin,QR2,3,571,2026-05-31,2026-04-30,1978-10-31,2026-04-30,-3.5119546359486353,-3.237312027686596,-3.320602751640371,ok,[],4.0708924643695354e-05,,0.03661554362832342,0.19135188430826444,3.9595722539492724e-05,0.006292513213295044,0.06471867219947236,1.0
6896fea73c283c52ec3df2db2143d92e1dad9531a594c684d1d0adfc23fe05fa,colin,QR2,3,571,2026-06-30,2026-05-31,1978-11-30,2026-05-31,-3.0168147582707263,-3.5119546359486353,-3.268844966585868,ok,[],3.899994771927595e-05,,0.06351922590337365,0.25203020831514156,0.00011895302343326014,0.010906558734690798,0.1513689589700794,1.0
6896fea73c283c52ec3df2db2143d92e1dad9531a594c684d1d0adfc23fe05fa,colin,QR2,3,571,2026-07-31,2026-06-30,1978-12-31,2026-06-30,-3.371829178429884,-3.0168147582707263,-3.0643908464912286,ok,[],3.699993249028921e-05,,0.09451832794522295,0.30743833193865555,0.0001526578814827684,0.012355479815967019,0.15558424385065162,1.0
6896fea73c283c52ec3df2db2143d92e1dad9531a594c684d1d0adfc23fe05fa,colin,QR2,3,571,2026-08-31,2026-07-31,1979-01-31,2026-07-31,-3.507788998946598,-3.371829178429884,-3.236152182569187,ok,[],3.866699989885092e-05,,0.0737865600116553,0.271636816377411,8.745599935542744e-05,0.00935179123780185,0.12411730051820802,0.0
6896fea73c283c52ec3df2db2143d92e1dad9531a594c684d1d0adfc23fe05fa,colin,QR2,4,571,2025-09-30,2025-08-31,1978-02-28,2025-08-31,-3.844352655797379,-3.3885720022366694,-3.382113088904018,ok,[],3.400002606213093e-05,,0.21366541720176194,0.462239566893361,0.0001581390500971209,0.012575334989459362,0.3212171464795611,0.0
6896fea73c283c52ec3df2db2143d92e1dad9531a594c684d1d0adfc23fe05fa,colin,QR2,4,571,2025-10-31,2025-09-30,1978-03-31,2025-09-30,-3.200601249147139,-3.844352655797379,-3.54334743245771,ok,[],3.4958007745444775e-05,,0.11747494617396334,0.3427461833105707,0.00013974393291800376,0.011821333804524926,0.29925645244910093,1.0
6896fea73c283c52ec3df2db2143d92e1dad9531a594c684d1d0adfc23fe05fa,colin,QR2,4,571,2025-11-30,2025-10-31,1978-04-30,2025-10-31,-3.1877347547552812,-3.200601249147139,-3.2279623444545535,ok,[],3.545801155269146e-05,,0.001618258973013,0.040227589699272315,2.647309645476824e-06,0.0016270555139505302,0.003325090471553188,0.0
6896fea73c283c52ec3df2db2143d92e1dad9531a594c684d1d0adfc23fe05fa,colin,QR2,4,571,2025-12-31,2025-11-30,1978-05-31,2025-11-30,-3.669080341092571,-3.1877347547552812,-3.351792550150927,ok,[],3.550003748387098e-05,,0.10067154228062843,0.31728779094164405,9.066104906911199e-05,0.009521609583947033,0.1647360321583754,1.0
6896fea73c283c52ec3df2db2143d92e1dad9531a594c684d1d0adfc23fe05fa,colin,QR2,4,571,2026-01-31,2025-12-31,1978-06-30,2025-12-31,-3.5432987087435324,-3.669080341092571,-3.5101071237582135,ok,[],3.8041966035962105e-05,,0.0011016813138376418,0.03319158498531882,9.524465704467189e-07,0.0009759336916239335,0.0021554057387010994,1.0
6896fea73c283c52ec3df2db2143d92e1dad9531a594c684d1d0adfc23fe05fa,colin,QR2,4,571,2026-02-28,2026-01-31,1978-07-31,2026-01-31,-3.319307735691405,-3.5432987087435324,-3.461947559156864,ok,[],3.699993249028921e-05,,0.020346119238257278,0.1426398234654589,2.3128957399996782e-05,0.004809257468674014,0.044854297060713255,1.0
6896fea73c283c52ec3df2db2143d92e1dad9531a594c684d1d0adfc23fe05fa,colin,QR2,4,571,2026-03-31,2026-02-28,1978-08-31,2026-02-28,-2.9305511753093016,-3.319307735691405,-3.2118829981227925,ok,[],3.429199568927288e-05,,0.07914759452756144,0.2813318228134909,0.00017126752166480284,0.013086921779578375,0.19267824185441074,1.0
6896fea73c283c52ec3df2db2143d92e1dad9531a594c684d1d0adfc23fe05fa,colin,QR2,4,571,2026-04-30,2026-03-31,1978-09-30,2026-03-31,-3.237312027686596,-2.9305511753093016,-2.935465580464428,ok,[],3.516697324812412e-05,,0.09111127770064506,0.301846447222168,0.00019145372072916196,0.01383668026403595,0.15048156469511637,1.0
6896fea73c283c52ec3df2db2143d92e1dad9531a594c684d1d0adfc23fe05fa,colin,QR2,4,571,2026-05-31,2026-04-30,1978-10-31,2026-04-30,-3.5119546359486353,-3.237312027686596,-3.236665218877321,ok,[],3.3665914088487625e-05,,0.07578426315146401,0.27528941707131427,8.941938175118628e-05,0.00945618219744027,0.12719478290885622,0.0
6896fea73c283c52ec3df2db2143d92e1dad9531a594c684d1d0adfc23fe05fa,colin,QR2,4,571,2026-06-30,2026-05-31,1978-11-30,2026-05-31,-3.0168147582707263,-3.5119546359486353,-3.234222981218644,ok,[],3.408303018659353e-05,,0.0472663354053715,0.21740822294791773,9.151044946214929e-05,0.009566109421397462,0.10986305477018943,1.0
6896fea73c283c52ec3df2db2143d92e1dad9531a594c684d1d0adfc23fe05fa,colin,QR2,4,571,2026-07-31,2026-06-30,1978-12-31,2026-06-30,-3.371829178429884,-3.0168147582707263,-3.122560045591773,ok,[],3.341701813042164e-05,,0.0621351005858639,0.24926913283811114,9.442938983017237e-05,0.009717478573692477,0.10595616036551336,1.0
6896fea73c283c52ec3df2db2143d92e1dad9531a594c684d1d0adfc23fe05fa,colin,QR2,4,571,2026-08-31,2026-07-31,1979-01-31,2026-07-31,-3.507788998946598,-3.371829178429884,-3.2924574053793707,ok,[],3.516708966344595e-05,,0.046367695188201566,0.2153315935672273,5.183027042294035e-05,0.007199324303220431,0.08074101561622293,0.0
